===================================================== 
SCHEDULER STARTED AT: 14-05-2026 15:00:02.13 
===================================================== 
Cleaning up existing browser processes... 
Running Playwright batch scheduler... 
◇ injected env (17) from .env // tip: ⌘ suppress logs { quiet: true }

🤖 ================================================================
🤖 STARTING LEADS AUTOMATION BATCH RUN [14/5/2026, 3:00:03 pm]
🤖 Interval configured: every 2 hours
🤖 ================================================================
⏭️  [SKIP] Campaign [FTD-X] was fully completed in previous runs for all browsers.
⏭️  [SKIP] Campaign [FSI-PPC2] was fully completed in previous runs for all browsers.
⏭️  [SKIP] Campaign [TRA-CPL] was fully completed in previous runs for all browsers.
⏭️  [SKIP] Campaign [TRA-D3] was fully completed in previous runs for all browsers.
⏭️  [SKIP] Campaign [PPC-ST] was fully completed in previous runs for all browsers.

================================================================
⚡ Running Campaign Viewports on Browser Engine: CHROMIUM - [PPC-ST2]
================================================================

================================================================
🚀 [14/5/2026, 3:00:03 pm] RUNNING: PPC-ST2 (DESKTOP) on CHROMIUM
🔗 Target URL: https://flmtra.com/?a=659&oc=858&c=2210&s1=
================================================================
[ppc-st2][DESKTOP][CHROMIUM] 🔌 [Browser Interceptor] Intercepting and optimizing engine: CHROMIUM
[ppc-st2][DESKTOP][CHROMIUM] ◇ injected env (0) from .env // tip: ⌘ custom filepath { path: '/custom/path/.env' }
[ppc-st2][DESKTOP][CHROMIUM] ◇ injected env (0) from .env // tip: ◈ encrypted .env [www.dotenvx.com]
[ppc-st2][DESKTOP][CHROMIUM] ◇ injected env (0) from .env // tip: ◈ secrets for agents [www.dotenvx.com]
[ppc-st2][DESKTOP][CHROMIUM] ◇ injected env (0) from .env // tip: ◈ encrypted .env [www.dotenvx.com]
[ppc-st2][DESKTOP][CHROMIUM] 
🤖 ================================================================
[ppc-st2][DESKTOP][CHROMIUM] 🤖 MASTER RUNNER: LAUNCHING PPC-ST2
🤖 Mode:            DESKTOP
🤖 Tracking URL:     https://flmtra.com/?a=659&oc=858&c=2210&s1=
🤖 Target Sheet:    PPC-ST2
[ppc-st2][DESKTOP][CHROMIUM] 🤖 ================================================================
[ppc-st2][DESKTOP][CHROMIUM] 💻 Emulated Device Profile: DESKTOP
[ppc-st2][DESKTOP][CHROMIUM] 🔄 Processing lead for brand: PPC-ST2
[ppc-st2][DESKTOP][CHROMIUM] 📊 Campaign execution run index: 22
[ppc-st2][DESKTOP][CHROMIUM] 🎯 Enforcing dynamic credentials & parameters:
   - First Name:   ckmtestpixel
   - Last Name:    ckmtestpixel
   - Email:        ckmtestpixel@gmail.com
   - Phone Number: 401-247-1022
   - Slider Value: 6,166
   - State Value:  Minnesota
[ppc-st2][DESKTOP][CHROMIUM] 🔗 Navigating to: https://flmtra.com/?a=659&oc=858&c=2210&s1=
[ppc-st2][DESKTOP][CHROMIUM] ✅ Page loaded successfully
[ppc-st2][DESKTOP][CHROMIUM] 📝 Starting multi-step form filling process...
[ppc-st2][DESKTOP][CHROMIUM] 🔘 Step 1: Handling Debt Amount (6,166)
[ppc-st2][DESKTOP][CHROMIUM] 🔘 Attempting to click .next-btn1, .btn-next
[ppc-st2][DESKTOP][CHROMIUM] ✅ Clicked .next-btn1, .btn-next
[ppc-st2][DESKTOP][CHROMIUM] ✅ Reached a recognized terminal step (State or Contact). Stopping dynamic traversal.
[ppc-st2][DESKTOP][CHROMIUM] 🔘 Step: Selecting State
[ppc-st2][DESKTOP][CHROMIUM] ✅ Selected state dynamically: "Michigan"
📝 step3 column set to State: "Michigan"
[ppc-st2][DESKTOP][CHROMIUM] 🔘 Clicking generic NEXT button
[ppc-st2][DESKTOP][CHROMIUM] ✅ Clicked generic NEXT button
[ppc-st2][DESKTOP][CHROMIUM] 🔘 Filling Contact Info (Dynamic Loop)...
[ppc-st2][DESKTOP][CHROMIUM] ✅ Filled First Name: ckmtestpixel
[ppc-st2][DESKTOP][CHROMIUM] ✅ Filled Last Name: ckmtestpixel
[ppc-st2][DESKTOP][CHROMIUM] ✅ Filled Email: ckmtestpixel@gmail.com
[ppc-st2][DESKTOP][CHROMIUM] ✅ Filled Phone: 401-247-1022
[ppc-st2][DESKTOP][CHROMIUM] 🔘 Clicking active contact NEXT/SUBMIT button...
[ppc-st2][DESKTOP][CHROMIUM] [STDERR] ❌ Error during form filling: locator.click: Timeout 25000ms exceeded.
Call log:
[2m  - waiting for locator('#primary_phone:visible, #phone:visible, #phone_home:visible, input[name="phone"]:visible, input[name="phone_home"]:visible, input[name="primary_phone"]:visible, input[type="tel"]:visible').first()[22m
[2m    - locator resolved to <input type="tel" id="primary_phone" placeholder="Phone" name="primary_phone" aria-invalid="false" class="form-control valid" data-gtm-form-interact-field-id="4"/>[22m
[2m  - attempting click action[22m
[2m    2 × waiting for element to be visible, enabled and stable[22m
[2m      - element is visible, enabled and stable[22m
[2m      - scrolling into view if needed[22m
[2m      - done scrolling[22m
[2m      - <div class="loader">Loading…</div> intercepts pointer events[22m
[2m    - retrying click action[22m
[2m    - waiting 20ms[22m
[2m    2 × waiting for element to be visible, enabled and stable[22m
[2m      - element is visible, enabled and stable[22m
[2m      - scrolling into view if needed[22m
[2m      - done scrolling[22m
[2m      - <div class="loader">Loading…</div> intercepts pointer events[22m
[2m    - retrying click action[22m
[2m      - waiting 100ms[22m
[2m    2 × waiting for element to be visible, enabled and stable[22m
[2m      - element is visible, enabled and stable[22m
[2m      - scrolling into view if needed[22m
[2m      - done scrolling[22m
[2m      - <div class="loader">Loading…</div> intercepts pointer events[22m
[2m    - retrying click action[22m
[2m      - waiting 500ms[22m
[2m    - waiting for" https://tra.com/thank-you/nn?debt=10000&leadid=B77F162D&reqid=26779107&affid=659&oid=133" navigation to finish...[22m
[2m    - navigated to "https://tra.com/thank-you/nn?debt=10000&leadid=B77F162D&reqid=26779107&affid=659&oid=133"[22m
[2m    - waiting for element to be visible, enabled and stable[22m
[2m  - element was detached from the DOM, retrying[22m

[ppc-st2][DESKTOP][CHROMIUM] [STDERR] ❌ Failed processing PPC-ST2: locator.click: Timeout 25000ms exceeded.
Call log:
[2m  - waiting for locator('#primary_phone:visible, #phone:visible, #phone_home:visible, input[name="phone"]:visible, input[name="phone_home"]:visible, input[name="primary_phone"]:visible, input[type="tel"]:visible').first()[22m
[2m    - locator resolved to <input type="tel" id="primary_phone" placeholder="Phone" name="primary_phone" aria-invalid="false" class="form-control valid" data-gtm-form-interact-field-id="4"/>[22m
[2m  - attempting click action[22m
[2m    2 × waiting for element to be visible, enabled and stable[22m
[2m      - element is visible, enabled and stable[22m
[2m      - scrolling into view if needed[22m
[2m      - done scrolling[22m
[2m      - <div class="loader">Loading…</div> intercepts pointer events[22m
[2m    - retrying click action[22m
[2m    - waiting 20ms[22m
[2m    2 × waiting for element to be visible, enabled and stable[22m
[2m      - element is visible, enabled and stable[22m
[2m      - scrolling into view if needed[22m
[2m      - done scrolling[22m
[2m      - <div class="loader">Loading…</div> intercepts pointer events[22m
[2m    - retrying click action[22m
[2m      - waiting 100ms[22m
[2m    2 × waiting for element to be visible, enabled and stable[22m
[2m      - element is visible, enabled and stable[22m
[2m      - scrolling into view if needed[22m
[2m      - done scrolling[22m
[2m      - <div class="loader">Loading…</div> intercepts pointer events[22m
[2m    - retrying click action[22m
[2m      - waiting 500ms[22m
[2m    - waiting for" https://tra.com/thank-you/nn?debt=10000&leadid=B77F162D&reqid=26779107&affid=659&oid=133" navigation to finish...[22m
[2m    - navigated to "https://tra.com/thank-you/nn?debt=10000&leadid=B77F162D&reqid=26779107&affid=659&oid=133"[22m
[2m    - waiting for element to be visible, enabled and stable[22m
[2m  - element was detached from the DOM, retrying[22m

[ppc-st2][DESKTOP][CHROMIUM] 
✅ Execution successfully processed! {
  success: false,
  error: 'locator.click: Timeout 25000ms exceeded.\n' +
    'Call log:\n' +
    `\x1B[2m  - waiting for locator('#primary_phone:visible, #phone:visible, #phone_home:visible, input[name="phone"]:visible, input[name="phone_home"]:visible, input[name="primary_phone"]:visible, input[type="tel"]:visible').first()\x1B[22m\n` +
    '\x1B[2m    - locator resolved to <input type="tel" id="primary_phone" placeholder="Phone" name="primary_phone" aria-invalid="false" class="form-control valid" data-gtm-form-interact-field-id="4"/>\x1B[22m\n' +
    '\x1B[2m  - attempting click action\x1B[22m\n' +
    '\x1B[2m    2 × waiting for element to be visible, enabled and stable\x1B[22m\n' +
    '\x1B[2m      - element is visible, enabled and stable\x1B[22m\n' +
    '\x1B[2m      - scrolling into view if needed\x1B[22m\n' +
    '\x1B[2m      - done scrolling\x1B[22m\n' +
    '\x1B[2m      - <div class="loader">Loading…</div> intercepts pointer events\x1B[22m\n' +
    '\x1B[2m    - retrying click action\x1B[22m\n' +
    '\x1B[2m    - waiting 20ms\x1B[22m\n' +
    '\x1B[2m    2 × waiting for element to be visible, enabled and stable\x1B[22m\n' +
    '\x1B[2m      - element is visible, enabled and stable\x1B[22m\n' +
    '\x1B[2m      - scrolling into view if needed\x1B[22m\n' +
    '\x1B[2m      - done scrolling\x1B[22m\n' +
    '\x1B[2m      - <div class="loader">Loading…</div> intercepts pointer events\x1B[22m\n' +
    '\x1B[2m    - retrying click action\x1B[22m\n' +
    '\x1B[2m      - waiting 100ms\x1B[22m\n' +
    '\x1B[2m    2 × waiting for element to be visible, enabled and stable\x1B[22m\n' +
    '\x1B[2m      - element is visible, enabled and stable\x1B[22m\n' +
    '\x1B[2m      - scrolling into view if needed\x1B[22m\n' +
    '\x1B[2m      - done scrolling\x1B[22m\n' +
    '\x1B[2m      - <div class="loader">Loading…</div> intercepts pointer events\x1B[22m\n' +
    '\x1B[2m    - retrying click action\x1B[22m\n' +
    '\x1B[2m      - waiting 500ms\x1B[22m\n' +
    '\x1B[2m    - waiting for" https://tra.com/thank-you/nn?debt=10000&leadid=B77F162D&reqid=26779107&affid=659&oid=133" navigation to finish...\x1B[22m\n' +
    '\x1B[2m    - navigated to "https://tra.com/thank-you/nn?debt=10000&leadid=B77F162D&reqid=26779107&affid=659&oid=133"\x1B[22m\n' +
    '\x1B[2m    - waiting for element to be visible, enabled and stable\x1B[22m\n' +
    '\x1B[2m  - element was detached from the DOM, retrying\x1B[22m\n',
  brand: 'PPC-ST2'
}
[ppc-st2][DESKTOP][CHROMIUM] 📋 Trace report successfully saved: traces/ppc-st2_desktop.zip
✅ [14/5/2026, 3:01:11 pm] COMPLETED: ppc-st2 [DESKTOP][CHROMIUM]

================================================================
🚀 [14/5/2026, 3:01:11 pm] RUNNING: PPC-ST2 (TABLET) on CHROMIUM
🔗 Target URL: https://flmtra.com/?a=659&oc=858&c=2210&s1=
================================================================
[ppc-st2][TABLET][CHROMIUM] 🔌 [Browser Interceptor] Intercepting and optimizing engine: CHROMIUM
[ppc-st2][TABLET][CHROMIUM] ◇ injected env (0) from .env // tip: ⌘ override existing { override: true }
[ppc-st2][TABLET][CHROMIUM] ◇ injected env (0) from .env // tip: ⌘ multiple files { path: ['.env.local', '.env'] }
[ppc-st2][TABLET][CHROMIUM] ◇ injected env (0) from .env // tip: ◈ encrypted .env [www.dotenvx.com]
[ppc-st2][TABLET][CHROMIUM] ◇ injected env (0) from .env // tip: ⌘ enable debugging { debug: true }
[ppc-st2][TABLET][CHROMIUM] 
🤖 ================================================================
🤖 MASTER RUNNER: LAUNCHING PPC-ST2
🤖 Mode:            TABLET
[ppc-st2][TABLET][CHROMIUM] 🤖 Tracking URL:     https://flmtra.com/?a=659&oc=858&c=2210&s1=
🤖 Target Sheet:    PPC-ST2
🤖 ================================================================
[ppc-st2][TABLET][CHROMIUM] 📋 Emulated Device Profile: TABLET (iPad Pro 11)
[ppc-st2][TABLET][CHROMIUM] ⏳ Delaying 200ms to allow responsive layouts to mount...
[ppc-st2][TABLET][CHROMIUM] 🔄 Processing lead for brand: PPC-ST2 Tablet
[ppc-st2][TABLET][CHROMIUM] 📊 Campaign execution run index: 23
[ppc-st2][TABLET][CHROMIUM] 🎯 Enforcing dynamic credentials & parameters:
[ppc-st2][TABLET][CHROMIUM]    - First Name:   ckmtestpixel
   - Last Name:    ckmtestpixel
   - Email:        ckmtestpixel@gmail.com
   - Phone Number: 401-247-1023
   - Slider Value: 7,786
   - State Value:  Mississippi
[ppc-st2][TABLET][CHROMIUM] 🔗 [Mobile] Navigating to: https://flmtra.com/?a=659&oc=858&c=2210&s1=
[ppc-st2][TABLET][CHROMIUM] ✅ [Mobile] Page loaded successfully
[ppc-st2][TABLET][CHROMIUM] 💻 [Tablet] Injecting high-fidelity glossy iPad Pro mockup frame...
[ppc-st2][TABLET][CHROMIUM] 💻 [Tablet] Injecting high-fidelity glossy iPad Pro mockup frame...
[ppc-st2][TABLET][CHROMIUM] 📝 [Mobile] Starting mobile-specific form filling...
[ppc-st2][TABLET][CHROMIUM] 🔘 [Mobile] Step 1: Selecting Debt Amount (7,786)
[ppc-st2][TABLET][CHROMIUM] 🔘 [Mobile] Clicking active visible button: .next-btn1:visible, .btn-next:visible
[ppc-st2][TABLET][CHROMIUM] ✅ [Mobile] Clicked: .next-btn1:visible, .btn-next:visible
[ppc-st2][TABLET][CHROMIUM] 💻 [Tablet] Injecting high-fidelity glossy iPad Pro mockup frame...
[ppc-st2][TABLET][CHROMIUM] ✅ [Mobile] Reached a recognized terminal step (State or Contact). Stopping dynamic traversal.
[ppc-st2][TABLET][CHROMIUM] 🔘 [Mobile] Step 2: Selecting State
[ppc-st2][TABLET][CHROMIUM] ✅ [Mobile] Selected state dynamically: "Minnesota"
[ppc-st2][TABLET][CHROMIUM] 📝 [Mobile] step3 column set to State: "Minnesota"
[ppc-st2][TABLET][CHROMIUM] 🔘 [Mobile] Clicking active visible button: .next-btn:visible, .next-btn2:visible, .btn-next:visible
[ppc-st2][TABLET][CHROMIUM] ✅ [Mobile] Clicked: .next-btn:visible, .next-btn2:visible, .btn-next:visible
[ppc-st2][TABLET][CHROMIUM] 💻 [Tablet] Injecting high-fidelity glossy iPad Pro mockup frame...
[ppc-st2][TABLET][CHROMIUM] 🔘 [Mobile] Step 3: Filling Contact Info (Dynamic Loop)...
[ppc-st2][TABLET][CHROMIUM] 💻 [Tablet] Injecting high-fidelity glossy iPad Pro mockup frame...
[ppc-st2][TABLET][CHROMIUM] ✅ [Mobile] Filled First Name: ckmtestpixel
[ppc-st2][TABLET][CHROMIUM] ✅ [Mobile] Filled Last Name: ckmtestpixel
[ppc-st2][TABLET][CHROMIUM] ✅ [Mobile] Filled Email: ckmtestpixel@gmail.com
[ppc-st2][TABLET][CHROMIUM] ✅ [Mobile] Filled Phone: 401-247-1023
[ppc-st2][TABLET][CHROMIUM] 🔘 [Mobile] Clicking active contact NEXT/SUBMIT button...
[ppc-st2][TABLET][CHROMIUM] 💻 [Tablet] Injecting high-fidelity glossy iPad Pro mockup frame...
[ppc-st2][TABLET][CHROMIUM] ✅ [Mobile] Filled Phone: 401-247-1023
[ppc-st2][TABLET][CHROMIUM] 🔘 [Mobile] Clicking active contact NEXT/SUBMIT button...
[ppc-st2][TABLET][CHROMIUM] 💻 [Tablet] Injecting high-fidelity glossy iPad Pro mockup frame...
[ppc-st2][TABLET][CHROMIUM] 🔘 [Mobile] No active contact NEXT/SUBMIT button visible. Exiting loop.
🔘 [Mobile] Scanning for additional dynamic steps...
[ppc-st2][TABLET][CHROMIUM] 🔘 [Mobile] Submitting form
[ppc-st2][TABLET][CHROMIUM] ⏳ [Mobile] Waiting for submission navigation to complete
[ppc-st2][TABLET][CHROMIUM] ⏳ [Mobile] Waiting for final Thank You page redirection...
[ppc-st2][TABLET][CHROMIUM] ✅ [Mobile] Targeted final redirect URL achieved!
[ppc-st2][TABLET][CHROMIUM] ✅ [Mobile] Final Thank You URL: https://tra.com/thank-you/nn?debt=10000&leadid=7FFC925E&reqid=26779111&affid=659&oid=133
[ppc-st2][TABLET][CHROMIUM] ✅ [Mobile] Extracted Lead ID: 7FFC925E
📱 Device Type detected: T-CHROMIUM
[ppc-st2][TABLET][CHROMIUM] ✅ Lead captured: 7FFC925E
[ppc-st2][TABLET][CHROMIUM] 📡 Fetching First API data for Lead ID: 7FFC925E...
[ppc-st2][TABLET][CHROMIUM] 📡 Raw XML Response: {
  "lead_info_response": {
    "$": {
      "xmlns:xsd": "http://www.w3.org/2001/XMLSchema",
      "xmlns:xsi": "http://www.w3.org/2001/XMLSchema-instance",
      "xmlns": "http://cakemarketing.com/api/1/"
    },
    "success": "true",
    "row_count": "1",
    "lead_id": "7FFC925E",
    "personal_info": {
      "first_name": "CKMTESTPIXEL",
      "last_name": "CKMTESTPIXEL",
      "email_address": "ckmtestpixel@gmail.com",
      "address": {
        "street": "",
        "city": "",
        "state": "MN",
        "zip_code": "55188",
        "country": ""
      },
      "ip_address": "27.54.170.27",
      "phone_work": "",
      "phone_home": "401-247-1023",
      "phone_cell": "",
      "best_call_time": "",
      "opt_in": "false"
    },
    "traffic_info": {
      "lead_date": "2026-05-14T02:31:37.043",
      "payout": {
        "currency_id": "1",
        "amount": "0.0000",
        "formatted_amount": "$0.00"
      },
      "affiliate": {
        "affiliate_id": {
          "_": "659",
          "$": {
            "xmlns": "API:id_name_store"
          }
        },
        "affiliate_name": {
          "_": "QA affiliate",
          "$": {
            "xmlns": "API:id_name_store"
          }
        }
      },
      "campaign": {
        "campaign_id": {
          "_": "4587",
          "$": {
            "xmlns": "API:id_name_store"
          }
        },
        "campaign_name": {
          "_": "TRA.com CPL - PPC ST 2 - CPA - $1.00",
          "$": {
            "xmlns": "API:id_name_store"
          }
        }
      },
      "creative_id": "2210",
      "subid_1": "",
      "subid_2": "",
      "subid_3": "",
      "subid_4": "",
      "subid_5": "",
      "referrer": "",
      "pixel_fired": "true",
      "returned_to_affiliate": "false",
      "test": "true",
      "upsell": "false"
    },
    "all_vertical_data": {
      "data": {
        "$": {
          "xmlns": ""
        },
        "tax_debt": "10000",
        "universal_leadid": "41F4E886-B3E7-4AC2-C2DB-1429062B5BD4",
        "affid": "659",
        "TCPA_checkbox": "1",
        "reqid": "26779111",
        "page": "https://tra.com/ppc/st2",
        "neustar": "pass",
        "neustar_disposition": "N,U,A7,L,0",
        "first_name_lower": "ckmtestpixel",
        "last_name_lower": "ckmtestpixel",
        "opt_special_offers": "on",
        "ckm_campaign_id": "4587"
      }
    },
    "dispositions": "",
    "pings": "",
    "posts": "",
    "sales": ""
  }
}
✅ First API Data retrieved on attempt 1
[ppc-st2][TABLET][CHROMIUM] 📡 Fetching Second API data for Lead ID: 7FFC925E...
[ppc-st2][TABLET][CHROMIUM] 📡 Standard Second API Payload: cake_id=7FFC925E, domain_name=https://www.taxreliefadvocates.com
[ppc-st2][TABLET][CHROMIUM] [STDERR] (node:23620) Warning: Setting the NODE_TLS_REJECT_UNAUTHORIZED environment variable to '0' makes TLS connections and HTTPS requests insecure by disabling certificate verification.
(Use `node --trace-warnings ...` to show where the warning was created)
[ppc-st2][TABLET][CHROMIUM] [STDERR] ❌ Second API Attempt 1 failed: Request failed with status code 404
[ppc-st2][TABLET][CHROMIUM] ⏳ Retrying in 1 second to allow database synchronization...
[ppc-st2][TABLET][CHROMIUM] 📡 Standard Second API Payload: cake_id=7FFC925E, domain_name=https://www.taxreliefadvocates.com
[ppc-st2][TABLET][CHROMIUM] [STDERR] ❌ Second API Attempt 2 failed: Request failed with status code 404
[ppc-st2][TABLET][CHROMIUM] ⏳ Retrying in 1 second to allow database synchronization...
[ppc-st2][TABLET][CHROMIUM] 📡 Standard Second API Payload: cake_id=7FFC925E, domain_name=https://www.taxreliefadvocates.com
[ppc-st2][TABLET][CHROMIUM] [STDERR] ❌ Second API Attempt 3 failed: Request failed with status code 404
[ppc-st2][TABLET][CHROMIUM] ⏳ Retrying in 1 second to allow database synchronization...
[ppc-st2][TABLET][CHROMIUM] 📡 Standard Second API Payload: cake_id=7FFC925E, domain_name=https://www.taxreliefadvocates.com
[ppc-st2][TABLET][CHROMIUM] [STDERR] ❌ Second API Attempt 4 failed: Request failed with status code 404
[ppc-st2][TABLET][CHROMIUM] ⏳ Retrying in 1 second to allow database synchronization...
[ppc-st2][TABLET][CHROMIUM] 📡 Standard Second API Payload: cake_id=7FFC925E, domain_name=https://www.taxreliefadvocates.com
[ppc-st2][TABLET][CHROMIUM] [STDERR] ❌ Second API Attempt 5 failed: Request failed with status code 404
[ppc-st2][TABLET][CHROMIUM] ✅ Row appended successfully to sheet: PPC-ST2
[ppc-st2][TABLET][CHROMIUM] [STDERR] ❌ Google Sheets Error: Invalid requests[2].addBanding: You cannot add alternating background colors to a range that already has alternating background colors.
[ppc-st2][TABLET][CHROMIUM] [STDERR] ❌ Failed processing PPC-ST2 Tablet: Failed to write to Google Sheets
[ppc-st2][TABLET][CHROMIUM] 
✅ Execution successfully processed! {
  success: false,
  error: 'Failed to write to Google Sheets',
  brand: 'PPC-ST2 Tablet'
}
[ppc-st2][TABLET][CHROMIUM] 📋 Trace report successfully saved: traces/ppc-st2_tablet.zip
✅ [14/5/2026, 3:03:11 pm] COMPLETED: ppc-st2 [TABLET][CHROMIUM]

================================================================
🚀 [14/5/2026, 3:03:11 pm] RUNNING: PPC-ST2 (MOBILE) on CHROMIUM
🔗 Target URL: https://flmtra.com/?a=659&oc=858&c=2210&s1=
================================================================
[ppc-st2][MOBILE][CHROMIUM] 🔌 [Browser Interceptor] Intercepting and optimizing engine: CHROMIUM
[ppc-st2][MOBILE][CHROMIUM] ◇ injected env (0) from .env // tip: ⌘ override existing { override: true }
[ppc-st2][MOBILE][CHROMIUM] ◇ injected env (0) from .env // tip: ⌘ multiple files { path: ['.env.local', '.env'] }
[ppc-st2][MOBILE][CHROMIUM] ◇ injected env (0) from .env // tip: ⌘ enable debugging { debug: true }
[ppc-st2][MOBILE][CHROMIUM] ◇ injected env (0) from .env // tip: ⌘ custom filepath { path: '/custom/path/.env' }
[ppc-st2][MOBILE][CHROMIUM] 
🤖 ================================================================
[ppc-st2][MOBILE][CHROMIUM] 🤖 MASTER RUNNER: LAUNCHING PPC-ST2
🤖 Mode:            MOBILE
🤖 Tracking URL:     https://flmtra.com/?a=659&oc=858&c=2210&s1=
🤖 Target Sheet:    PPC-ST2
[ppc-st2][MOBILE][CHROMIUM] 🤖 ================================================================
[ppc-st2][MOBILE][CHROMIUM] 📱 Emulated Device Profile: MOBILE (iPhone 17 Pro)
[ppc-st2][MOBILE][CHROMIUM] ⏳ Delaying 200ms to allow responsive layouts to mount...
[ppc-st2][MOBILE][CHROMIUM] 🔄 Processing lead for brand: PPC-ST2 Mobile
[ppc-st2][MOBILE][CHROMIUM] 📊 Campaign execution run index: 24
[ppc-st2][MOBILE][CHROMIUM] 🎯 Enforcing dynamic credentials & parameters:
   - First Name:   ckmtestpixel
   - Last Name:    ckmtestpixel
   - Email:        ckmtestpixel@gmail.com
   - Phone Number: 401-247-1024
   - Slider Value: 17,829
   - State Value:  Missouri
[ppc-st2][MOBILE][CHROMIUM] 🔗 [Mobile] Navigating to: https://flmtra.com/?a=659&oc=858&c=2210&s1=
[ppc-st2][MOBILE][CHROMIUM] ✅ [Mobile] Page loaded successfully
[ppc-st2][MOBILE][CHROMIUM] 📱 [Mobile] Injecting high-fidelity glossy Natural Titanium iPhone 17 Pro mockup frame...
[ppc-st2][MOBILE][CHROMIUM] 📱 [Mobile] Injecting high-fidelity glossy Natural Titanium iPhone 17 Pro mockup frame...
[ppc-st2][MOBILE][CHROMIUM] 📝 [Mobile] Starting mobile-specific form filling...
[ppc-st2][MOBILE][CHROMIUM] 🔘 [Mobile] Step 1: Selecting Debt Amount (17,829)
[ppc-st2][MOBILE][CHROMIUM] 🔘 [Mobile] Clicking active visible button: .next-btn1:visible, .btn-next:visible
[ppc-st2][MOBILE][CHROMIUM] ✅ [Mobile] Clicked: .next-btn1:visible, .btn-next:visible
[ppc-st2][MOBILE][CHROMIUM] 📱 [Mobile] Injecting high-fidelity glossy Natural Titanium iPhone 17 Pro mockup frame...
[ppc-st2][MOBILE][CHROMIUM] ✅ [Mobile] Reached a recognized terminal step (State or Contact). Stopping dynamic traversal.
[ppc-st2][MOBILE][CHROMIUM] 🔘 [Mobile] Step 2: Selecting State
[ppc-st2][MOBILE][CHROMIUM] ✅ [Mobile] Selected state dynamically: "Mississippi"
[ppc-st2][MOBILE][CHROMIUM] 📝 [Mobile] step3 column set to State: "Mississippi"
[ppc-st2][MOBILE][CHROMIUM] 🔘 [Mobile] Clicking active visible button: .next-btn:visible, .next-btn2:visible, .btn-next:visible
[ppc-st2][MOBILE][CHROMIUM] ✅ [Mobile] Clicked: .next-btn:visible, .next-btn2:visible, .btn-next:visible
[ppc-st2][MOBILE][CHROMIUM] 📱 [Mobile] Injecting high-fidelity glossy Natural Titanium iPhone 17 Pro mockup frame...
[ppc-st2][MOBILE][CHROMIUM] 🔘 [Mobile] Step 3: Filling Contact Info (Dynamic Loop)...
[ppc-st2][MOBILE][CHROMIUM] 📱 [Mobile] Injecting high-fidelity glossy Natural Titanium iPhone 17 Pro mockup frame...
[ppc-st2][MOBILE][CHROMIUM] ✅ [Mobile] Filled First Name: ckmtestpixel
[ppc-st2][MOBILE][CHROMIUM] ✅ [Mobile] Filled Last Name: ckmtestpixel
[ppc-st2][MOBILE][CHROMIUM] ✅ [Mobile] Filled Email: ckmtestpixel@gmail.com
[ppc-st2][MOBILE][CHROMIUM] ✅ [Mobile] Filled Phone: 401-247-1024
[ppc-st2][MOBILE][CHROMIUM] 🔘 [Mobile] Clicking active contact NEXT/SUBMIT button...
[ppc-st2][MOBILE][CHROMIUM] 📱 [Mobile] Injecting high-fidelity glossy Natural Titanium iPhone 17 Pro mockup frame...
[ppc-st2][MOBILE][CHROMIUM] ✅ [Mobile] Filled Phone: 401-247-1024
[ppc-st2][MOBILE][CHROMIUM] 🔘 [Mobile] Clicking active contact NEXT/SUBMIT button...
[ppc-st2][MOBILE][CHROMIUM] 📱 [Mobile] Injecting high-fidelity glossy Natural Titanium iPhone 17 Pro mockup frame...
[ppc-st2][MOBILE][CHROMIUM] 🔘 [Mobile] No active contact NEXT/SUBMIT button visible. Exiting loop.
🔘 [Mobile] Scanning for additional dynamic steps...
[ppc-st2][MOBILE][CHROMIUM] 🔘 [Mobile] Submitting form
[ppc-st2][MOBILE][CHROMIUM] ⏳ [Mobile] Waiting for submission navigation to complete
[ppc-st2][MOBILE][CHROMIUM] ⏳ [Mobile] Waiting for final Thank You page redirection...
✅ [Mobile] Targeted final redirect URL achieved!
✅ [Mobile] Final Thank You URL: https://tra.com/thank-you/nn?debt=10000&leadid=F3C18621&reqid=26779114&affid=659&oid=133
✅ [Mobile] Extracted Lead ID: F3C18621
📱 Device Type detected: M-CHROMIUM
✅ Lead captured: F3C18621
[ppc-st2][MOBILE][CHROMIUM] 📡 Fetching First API data for Lead ID: F3C18621...
[ppc-st2][MOBILE][CHROMIUM] 📡 Raw XML Response: {
  "lead_info_response": {
    "$": {
      "xmlns:xsd": "http://www.w3.org/2001/XMLSchema",
      "xmlns:xsi": "http://www.w3.org/2001/XMLSchema-instance",
      "xmlns": "http://cakemarketing.com/api/1/"
    },
    "success": "true",
    "row_count": "1",
    "lead_id": "F3C18621",
    "personal_info": {
      "first_name": "CKMTESTPIXEL",
      "last_name": "CKMTESTPIXEL",
      "email_address": "ckmtestpixel@gmail.com",
      "address": {
        "street": "",
        "city": "",
        "state": "MS",
        "zip_code": "39232",
        "country": ""
      },
      "ip_address": "27.54.170.27",
      "phone_work": "",
      "phone_home": "401-247-1024",
      "phone_cell": "",
      "best_call_time": "",
      "opt_in": "false"
    },
    "traffic_info": {
      "lead_date": "2026-05-14T02:33:36.56",
      "payout": {
        "currency_id": "1",
        "amount": "0.0000",
        "formatted_amount": "$0.00"
      },
      "affiliate": {
        "affiliate_id": {
          "_": "659",
          "$": {
            "xmlns": "API:id_name_store"
          }
        },
        "affiliate_name": {
          "_": "QA affiliate",
          "$": {
            "xmlns": "API:id_name_store"
          }
        }
      },
      "campaign": {
        "campaign_id": {
          "_": "4587",
          "$": {
            "xmlns": "API:id_name_store"
          }
        },
        "campaign_name": {
          "_": "TRA.com CPL - PPC ST 2 - CPA - $1.00",
          "$": {
            "xmlns": "API:id_name_store"
          }
        }
      },
      "creative_id": "2210",
      "subid_1": "",
      "subid_2": "",
      "subid_3": "",
      "subid_4": "",
      "subid_5": "",
      "referrer": "",
      "pixel_fired": "true",
      "returned_to_affiliate": "false",
      "test": "true",
      "upsell": "false"
    },
    "all_vertical_data": {
      "data": {
        "$": {
          "xmlns": ""
        },
        "tax_debt": "10000",
        "universal_leadid": "4310F55B-AD79-3185-EA72-9339D9C8B369",
        "affid": "659",
        "TCPA_checkbox": "1",
        "reqid": "26779114",
        "page": "https://tra.com/ppc/st2",
        "neustar": "fail",
        "neustar_disposition": "N,U,I2,L,0",
        "first_name_lower": "ckmtestpixel",
        "last_name_lower": "ckmtestpixel",
        "opt_special_offers": "on",
        "ckm_campaign_id": "4587"
      }
    },
    "dispositions": {
      "disposition": {
        "disposition_type": "Sent to Review Queue",
        "reason": "neustar: This value is not valid",
        "filter": "Equals Value"
      }
    },
    "pings": "",
    "posts": "",
    "sales": ""
  }
}
[ppc-st2][MOBILE][CHROMIUM] ✅ First API Data retrieved on attempt 1
[ppc-st2][MOBILE][CHROMIUM] 📡 Fetching Second API data for Lead ID: F3C18621...
[ppc-st2][MOBILE][CHROMIUM] 📡 Standard Second API Payload: cake_id=F3C18621, domain_name=https://www.taxreliefadvocates.com
[ppc-st2][MOBILE][CHROMIUM] [STDERR] (node:4220) Warning: Setting the NODE_TLS_REJECT_UNAUTHORIZED environment variable to '0' makes TLS connections and HTTPS requests insecure by disabling certificate verification.
(Use `node --trace-warnings ...` to show where the warning was created)
[ppc-st2][MOBILE][CHROMIUM] [STDERR] ❌ Second API Attempt 1 failed: Request failed with status code 404
[ppc-st2][MOBILE][CHROMIUM] ⏳ Retrying in 1 second to allow database synchronization...
[ppc-st2][MOBILE][CHROMIUM] 📡 Standard Second API Payload: cake_id=F3C18621, domain_name=https://www.taxreliefadvocates.com
[ppc-st2][MOBILE][CHROMIUM] [STDERR] ❌ Second API Attempt 2 failed: Request failed with status code 404
[ppc-st2][MOBILE][CHROMIUM] ⏳ Retrying in 1 second to allow database synchronization...
[ppc-st2][MOBILE][CHROMIUM] 📡 Standard Second API Payload: cake_id=F3C18621, domain_name=https://www.taxreliefadvocates.com
[ppc-st2][MOBILE][CHROMIUM] [STDERR] ❌ Second API Attempt 3 failed: Request failed with status code 404
[ppc-st2][MOBILE][CHROMIUM] ⏳ Retrying in 1 second to allow database synchronization...
[ppc-st2][MOBILE][CHROMIUM] 📡 Standard Second API Payload: cake_id=F3C18621, domain_name=https://www.taxreliefadvocates.com
[ppc-st2][MOBILE][CHROMIUM] [STDERR] ❌ Second API Attempt 4 failed: Request failed with status code 404
[ppc-st2][MOBILE][CHROMIUM] ⏳ Retrying in 1 second to allow database synchronization...
[ppc-st2][MOBILE][CHROMIUM] 📡 Standard Second API Payload: cake_id=F3C18621, domain_name=https://www.taxreliefadvocates.com
[ppc-st2][MOBILE][CHROMIUM] [STDERR] ❌ Second API Attempt 5 failed: Request failed with status code 404
[ppc-st2][MOBILE][CHROMIUM] ✅ Row appended successfully to sheet: PPC-ST2
[ppc-st2][MOBILE][CHROMIUM] [STDERR] ❌ Google Sheets Error: Invalid requests[2].addBanding: You cannot add alternating background colors to a range that already has alternating background colors.
[ppc-st2][MOBILE][CHROMIUM] [STDERR] ❌ Failed processing PPC-ST2 Mobile: Failed to write to Google Sheets
[ppc-st2][MOBILE][CHROMIUM] 
✅ Execution successfully processed! {
  success: false,
  error: 'Failed to write to Google Sheets',
  brand: 'PPC-ST2 Mobile'
}
[ppc-st2][MOBILE][CHROMIUM] 📋 Trace report successfully saved: traces/ppc-st2_mobile.zip
✅ [14/5/2026, 3:04:32 pm] COMPLETED: ppc-st2 [MOBILE][CHROMIUM]

================================================================
🚀 [14/5/2026, 3:04:32 pm] RUNNING: PPC-ST2 (API) on CHROMIUM
🔗 Target URL: https://flmtra.com/?a=659&oc=858&c=2210&s1=
================================================================
[ppc-st2][API][CHROMIUM] 🔌 [Browser Interceptor] Intercepting and optimizing engine: CHROMIUM
[ppc-st2][API][CHROMIUM] ◇ injected env (0) from .env // tip: ⌘ custom filepath { path: '/custom/path/.env' }
[ppc-st2][API][CHROMIUM] ◇ injected env (0) from .env // tip: ⌘ custom filepath { path: '/custom/path/.env' }
[ppc-st2][API][CHROMIUM] ◇ injected env (0) from .env // tip: ⌁ auth for agents [www.vestauth.com]
[ppc-st2][API][CHROMIUM] ◇ injected env (0) from .env // tip: ◈ secrets for agents [www.dotenvx.com]

🤖 ================================================================
🤖 MASTER RUNNER: LAUNCHING PPC-ST2
🤖 Mode:            API
🤖 Tracking URL:     https://flmtra.com/?a=659&oc=858&c=2210&s1=
🤖 Target Sheet:    PPC-ST2
🤖 ================================================================
🔌 [Browser Interceptor] Intercepting and optimizing engine: CHROMIUM
📡 Initializing direct HTTP automation context (NO BROWSER)...
[ppc-st2][API][CHROMIUM] 📡 Dispatching direct API POST request payload...
[ppc-st2][API][CHROMIUM] 📡 [API Mode] Executing direct headless form processor for PPC-ST2...
[ppc-st2][API][CHROMIUM] 🔌 [Browser Interceptor] Intercepting and optimizing engine: CHROMIUM
[ppc-st2][API][CHROMIUM] 🔄 Processing lead for brand: PPC-ST2
[ppc-st2][API][CHROMIUM] 📊 Campaign execution run index: 7
[ppc-st2][API][CHROMIUM] 🎯 Enforcing dynamic credentials & parameters:
[ppc-st2][API][CHROMIUM]    - First Name:   ckmtestpixel
   - Last Name:    ckmtestpixel
   - Email:        ckmtestpixel@gmail.com
   - Phone Number: 401-247-1007
   - Slider Value: 4,094
   - State Value:  Delaware
[ppc-st2][API][CHROMIUM] 🔗 Navigating to: https://flmtra.com/?a=659&oc=858&c=2210&s1=
[ppc-st2][API][CHROMIUM] ✅ Page loaded successfully
[ppc-st2][API][CHROMIUM] 📝 Starting multi-step form filling process...
[ppc-st2][API][CHROMIUM] 🔘 Step 1: Handling Debt Amount (4,094)
[ppc-st2][API][CHROMIUM] 🔘 Attempting to click .next-btn1, .btn-next
[ppc-st2][API][CHROMIUM] ✅ Clicked .next-btn1, .btn-next
[ppc-st2][API][CHROMIUM] ✅ Reached a recognized terminal step (State or Contact). Stopping dynamic traversal.
[ppc-st2][API][CHROMIUM] 🔘 Step: Selecting State
[ppc-st2][API][CHROMIUM] ✅ Selected state dynamically: "Delaware"
[ppc-st2][API][CHROMIUM] 📝 step3 column set to State: "Delaware"
[ppc-st2][API][CHROMIUM] 🔘 Clicking generic NEXT button
[ppc-st2][API][CHROMIUM] ✅ Clicked generic NEXT button
[ppc-st2][API][CHROMIUM] 🔘 Filling Contact Info (Dynamic Loop)...
[ppc-st2][API][CHROMIUM] ✅ Filled First Name: ckmtestpixel
[ppc-st2][API][CHROMIUM] ✅ Filled Last Name: ckmtestpixel
[ppc-st2][API][CHROMIUM] ✅ Filled Email: ckmtestpixel@gmail.com
[ppc-st2][API][CHROMIUM] ✅ Filled Phone: 401-247-1007
[ppc-st2][API][CHROMIUM] 🔘 Clicking active contact NEXT/SUBMIT button...
[ppc-st2][API][CHROMIUM] [STDERR] ❌ Error during form filling: locator.click: Timeout 30000ms exceeded.
Call log:
[2m  - waiting for locator('#primary_phone:visible, #phone:visible, #phone_home:visible, input[name="phone"]:visible, input[name="phone_home"]:visible, input[name="primary_phone"]:visible, input[type="tel"]:visible').first()[22m
[2m    - locator resolved to <input type="tel" id="primary_phone" placeholder="Phone" name="primary_phone" aria-invalid="false" class="form-control valid" data-gtm-form-interact-field-id="4"/>[22m
[2m  - attempting click action[22m
[2m    2 × waiting for element to be visible, enabled and stable[22m
[2m      - element is visible, enabled and stable[22m
[2m      - scrolling into view if needed[22m
[2m      - done scrolling[22m
[2m      - <div class="loader">Loading…</div> intercepts pointer events[22m
[2m    - retrying click action[22m
[2m    - waiting 20ms[22m
[2m    2 × waiting for element to be visible, enabled and stable[22m
[2m      - element is visible, enabled and stable[22m
[2m      - scrolling into view if needed[22m
[2m      - done scrolling[22m
[2m      - <div class="loader">Loading…</div> intercepts pointer events[22m
[2m    - retrying click action[22m
[2m      - waiting 100ms[22m
[2m    3 × waiting for element to be visible, enabled and stable[22m
[2m      - element is visible, enabled and stable[22m
[2m      - scrolling into view if needed[22m
[2m      - done scrolling[22m
[2m      - <div class="loader">Loading…</div> intercepts pointer events[22m
[2m    - retrying click action[22m
[2m      - waiting 500ms[22m
[2m    - waiting for" https://tra.com/thank-you/nn?debt=10000&leadid=9BA535A0&reqid=26779119&affid=659&oid=133" navigation to finish...[22m
[2m    - navigated to "https://tra.com/thank-you/nn?debt=10000&leadid=9BA535A0&reqid=26779119&affid=659&oid=133"[22m
[2m    - waiting for element to be visible, enabled and stable[22m
[2m  - element was detached from the DOM, retrying[22m

[ppc-st2][API][CHROMIUM] [STDERR] ❌ Failed processing PPC-ST2: locator.click: Timeout 30000ms exceeded.
Call log:
[2m  - waiting for locator('#primary_phone:visible, #phone:visible, #phone_home:visible, input[name="phone"]:visible, input[name="phone_home"]:visible, input[name="primary_phone"]:visible, input[type="tel"]:visible').first()[22m
[2m    - locator resolved to <input type="tel" id="primary_phone" placeholder="Phone" name="primary_phone" aria-invalid="false" class="form-control valid" data-gtm-form-interact-field-id="4"/>[22m
[2m  - attempting click action[22m
[2m    2 × waiting for element to be visible, enabled and stable[22m
[2m      - element is visible, enabled and stable[22m
[2m      - scrolling into view if needed[22m
[2m      - done scrolling[22m
[2m      - <div class="loader">Loading…</div> intercepts pointer events[22m
[2m    - retrying click action[22m
[2m    - waiting 20ms[22m
[2m    2 × waiting for element to be visible, enabled and stable[22m
[2m      - element is visible, enabled and stable[22m
[2m      - scrolling into view if needed[22m
[2m      - done scrolling[22m
[2m      - <div class="loader">Loading…</div> intercepts pointer events[22m
[2m    - retrying click action[22m
[2m      - waiting 100ms[22m
[2m    3 × waiting for element to be visible, enabled and stable[22m
[2m      - element is visible, enabled and stable[22m
[2m      - scrolling into view if needed[22m
[2m      - done scrolling[22m
[2m      - <div class="loader">Loading…</div> intercepts pointer events[22m
[2m    - retrying click action[22m
[2m      - waiting 500ms[22m
[2m    - waiting for" https://tra.com/thank-you/nn?debt=10000&leadid=9BA535A0&reqid=26779119&affid=659&oid=133" navigation to finish...[22m
[2m    - navigated to "https://tra.com/thank-you/nn?debt=10000&leadid=9BA535A0&reqid=26779119&affid=659&oid=133"[22m
[2m    - waiting for element to be visible, enabled and stable[22m
[2m  - element was detached from the DOM, retrying[22m

[ppc-st2][API][CHROMIUM] 
✅ Direct API Automation Completed Successfully!
[ppc-st2][API][CHROMIUM] 📋 Response Object: {
  "success": false,
  "error": "locator.click: Timeout 30000ms exceeded.\nCall log:\n\u001b[2m  - waiting for locator('#primary_phone:visible, #phone:visible, #phone_home:visible, input[name=\"phone\"]:visible, input[name=\"phone_home\"]:visible, input[name=\"primary_phone\"]:visible, input[type=\"tel\"]:visible').first()\u001b[22m\n\u001b[2m    - locator resolved to <input type=\"tel\" id=\"primary_phone\" placeholder=\"Phone\" name=\"primary_phone\" aria-invalid=\"false\" class=\"form-control valid\" data-gtm-form-interact-field-id=\"4\"/>\u001b[22m\n\u001b[2m  - attempting click action\u001b[22m\n\u001b[2m    2 × waiting for element to be visible, enabled and stable\u001b[22m\n\u001b[2m      - element is visible, enabled and stable\u001b[22m\n\u001b[2m      - scrolling into view if needed\u001b[22m\n\u001b[2m      - done scrolling\u001b[22m\n\u001b[2m      - <div class=\"loader\">Loading…</div> intercepts pointer events\u001b[22m\n\u001b[2m    - retrying click action\u001b[22m\n\u001b[2m    - waiting 20ms\u001b[22m\n\u001b[2m    2 × waiting for element to be visible, enabled and stable\u001b[22m\n\u001b[2m      - element is visible, enabled and stable\u001b[22m\n\u001b[2m      - scrolling into view if needed\u001b[22m\n\u001b[2m      - done scrolling\u001b[22m\n\u001b[2m      - <div class=\"loader\">Loading…</div> intercepts pointer events\u001b[22m\n\u001b[2m    - retrying click action\u001b[22m\n\u001b[2m      - waiting 100ms\u001b[22m\n\u001b[2m    3 × waiting for element to be visible, enabled and stable\u001b[22m\n\u001b[2m      - element is visible, enabled and stable\u001b[22m\n\u001b[2m      - scrolling into view if needed\u001b[22m\n\u001b[2m      - done scrolling\u001b[22m\n\u001b[2m      - <div class=\"loader\">Loading…</div> intercepts pointer events\u001b[22m\n\u001b[2m    - retrying click action\u001b[22m\n\u001b[2m      - waiting 500ms\u001b[22m\n\u001b[2m    - waiting for\" https://tra.com/thank-you/nn?debt=10000&leadid=9BA535A0&reqid=26779119&affid=659&oid=133\" navigation to finish...\u001b[22m\n\u001b[2m    - navigated to \"https://tra.com/thank-you/nn?debt=10000&leadid=9BA535A0&reqid=26779119&affid=659&oid=133\"\u001b[22m\n\u001b[2m    - waiting for element to be visible, enabled and stable\u001b[22m\n\u001b[2m  - element was detached from the DOM, retrying\u001b[22m\n",
  "brand": "PPC-ST2"
}
✅ [14/5/2026, 3:05:24 pm] COMPLETED: ppc-st2 [API][CHROMIUM]

================================================================
⚡ Running Campaign Viewports on Browser Engine: CHROMIUM - [PPC-M-CA]
================================================================

================================================================
🚀 [14/5/2026, 3:05:24 pm] RUNNING: PPC-M-CA (DESKTOP) on CHROMIUM
🔗 Target URL: https://flmtra.com/?a=659&oc=822&c=2210&s1=
================================================================
[ppc-m-ca][DESKTOP][CHROMIUM] 🔌 [Browser Interceptor] Intercepting and optimizing engine: CHROMIUM
[ppc-m-ca][DESKTOP][CHROMIUM] ◇ injected env (0) from .env // tip: ◈ encrypted .env [www.dotenvx.com]
[ppc-m-ca][DESKTOP][CHROMIUM] ◇ injected env (0) from .env // tip: ⌘ enable debugging { debug: true }
[ppc-m-ca][DESKTOP][CHROMIUM] ◇ injected env (0) from .env // tip: ⌘ suppress logs { quiet: true }
[ppc-m-ca][DESKTOP][CHROMIUM] ◇ injected env (0) from .env // tip: ⌁ auth for agents [www.vestauth.com]
[ppc-m-ca][DESKTOP][CHROMIUM] 
🤖 ================================================================
[ppc-m-ca][DESKTOP][CHROMIUM] 🤖 MASTER RUNNER: LAUNCHING PPC-M-CA
🤖 Mode:            DESKTOP
🤖 Tracking URL:     https://flmtra.com/?a=659&oc=822&c=2210&s1=
🤖 Target Sheet:    PPC-M/CA
🤖 ================================================================
[ppc-m-ca][DESKTOP][CHROMIUM] 💻 Emulated Device Profile: DESKTOP
[ppc-m-ca][DESKTOP][CHROMIUM] 🔄 Processing lead for brand: PPC-M-CA
📊 Campaign execution run index: 24
[ppc-m-ca][DESKTOP][CHROMIUM] 🎯 Enforcing dynamic credentials & parameters:
   - First Name:   ckmtestpixel
   - Last Name:    ckmtestpixel
   - Email:        ckmtestpixel@gmail.com
   - Phone Number: 401-247-1024
   - Slider Value: 11,209
   - State Value:  Missouri
[ppc-m-ca][DESKTOP][CHROMIUM] 🔗 Navigating to: https://flmtra.com/?a=659&oc=822&c=2210&s1=
[ppc-m-ca][DESKTOP][CHROMIUM] ✅ Page loaded successfully
[ppc-m-ca][DESKTOP][CHROMIUM] 📝 Starting multi-step form filling process...
[ppc-m-ca][DESKTOP][CHROMIUM] 🔘 Step 1: Handling Debt Amount (11,209)
[ppc-m-ca][DESKTOP][CHROMIUM] 🔘 Attempting to click .next-btn1, .btn-next
[ppc-m-ca][DESKTOP][CHROMIUM] ✅ Clicked .next-btn1, .btn-next
[ppc-m-ca][DESKTOP][CHROMIUM] ✅ Reached a recognized terminal step (State or Contact). Stopping dynamic traversal.
[ppc-m-ca][DESKTOP][CHROMIUM] 🔘 Step: Selecting State
[ppc-m-ca][DESKTOP][CHROMIUM] ✅ Selected state dynamically: "Mississippi"
[ppc-m-ca][DESKTOP][CHROMIUM] 📝 step3 column set to State: "Mississippi"
[ppc-m-ca][DESKTOP][CHROMIUM] 🔘 Clicking generic NEXT button
[ppc-m-ca][DESKTOP][CHROMIUM] ✅ Clicked generic NEXT button
[ppc-m-ca][DESKTOP][CHROMIUM] 🔘 Filling Contact Info (Dynamic Loop)...
[ppc-m-ca][DESKTOP][CHROMIUM] ✅ Filled First Name: ckmtestpixel
[ppc-m-ca][DESKTOP][CHROMIUM] ✅ Filled Last Name: ckmtestpixel
[ppc-m-ca][DESKTOP][CHROMIUM] ✅ Filled Email: ckmtestpixel@gmail.com
[ppc-m-ca][DESKTOP][CHROMIUM] ✅ Filled Phone: 401-247-1024
[ppc-m-ca][DESKTOP][CHROMIUM] 🔘 Clicking active contact NEXT/SUBMIT button...
[ppc-m-ca][DESKTOP][CHROMIUM] [STDERR] ❌ Error during form filling: locator.click: Timeout 25000ms exceeded.
Call log:
[2m  - waiting for locator('#primary_phone:visible, #phone:visible, #phone_home:visible, input[name="phone"]:visible, input[name="phone_home"]:visible, input[name="primary_phone"]:visible, input[type="tel"]:visible').first()[22m
[2m    - locator resolved to <input type="tel" tabindex="0" id="primary_phone" placeholder="Phone" name="primary_phone" aria-invalid="false" class="form-control valid" data-gtm-form-interact-field-id="4"/>[22m
[2m  - attempting click action[22m
[2m    2 × waiting for element to be visible, enabled and stable[22m
[2m      - element is visible, enabled and stable[22m
[2m      - scrolling into view if needed[22m
[2m      - done scrolling[22m
[2m      - <div class="loader">Loading…</div> intercepts pointer events[22m
[2m    - retrying click action[22m
[2m    - waiting 20ms[22m
[2m    - waiting for element to be visible, enabled and stable[22m
[2m    - element is visible, enabled and stable[22m
[2m    - scrolling into view if needed[22m
[2m    - done scrolling[22m
[2m    - <div class="loader">Loading…</div> intercepts pointer events[22m
[2m  - retrying click action[22m
[2m    - waiting 100ms[22m
[2m    - waiting for element to be visible, enabled and stable[22m
[2m    - element is visible, enabled and stable[22m
[2m    - scrolling into view if needed[22m
[2m    - done scrolling[22m
[2m    - <div class="header-wrapper">…</div> from <header class="main-header">…</header> subtree intercepts pointer events[22m
[2m  - retrying click action[22m
[2m    - waiting 100ms[22m
[2m    - waiting for element to be visible, enabled and stable[22m
[2m    - element is visible, enabled and stable[22m
[2m    - scrolling into view if needed[22m

❌ Failed processing PPC-M-CA: locator.click: Timeout 25000ms exceeded.
Call log:
[2m  - waiting for locator('#primary_phone:visible, #phone:visible, #phone_home:visible, input[name="phone"]:visible, input[name="phone_home"]:visible, input[name="primary_phone"]:visible, input[type="tel"]:visible').first()[22m
[2m    - locator resolved to <input type="tel" tabindex="0" id="primary_phone" placeholder="Phone" name="primary_phone" aria-invalid="false" class="form-control valid" data-gtm-form-interact-field-id="4"/>[22m
[2m  - attempting click action[22m
[2m    2 × waiting for element to be visible, enabled and stable[22m
[2m      - element is visible, enabled and stable[22m
[2m      - scrolling into view if needed[22m
[2m      - done scrolling[22m
[2m      - <div class="loader">Loading…</div> intercepts pointer events[22m
[2m    - retrying click action[22m
[2m    - waiting 20ms[22m
[2m    - waiting for element to be visible, enabled and stable[22m
[2m    - element is visible, enabled and stable[22m
[2m    - scrolling into view if needed[22m
[2m    - done scrolling[22m
[2m    - <div class="loader">Loading…</div> intercepts pointer events[22m
[2m  - retrying click action[22m
[2m    - waiting 100ms[22m
[2m    - waiting for element to be visible, enabled and stable[22m
[2m    - element is visible, enabled and stable[22m
[2m    - scrolling into view if needed[22m
[2m    - done scrolling[22m
[2m    - <div class="header-wrapper">…</div> from <header class="main-header">…</header> subtree intercepts pointer events[22m
[2m  - retrying click action[22m
[2m    - waiting 100ms[22m
[2m    - waiting for element to be visible, enabled and stable[22m
[2m    - element is visible, enabled and stable[22m
[2m    - scrolling into view if needed[22m

[ppc-m-ca][DESKTOP][CHROMIUM] 
✅ Execution successfully processed! {
  success: false,
  error: 'locator.click: Timeout 25000ms exceeded.\n' +
    'Call log:\n' +
    `\x1B[2m  - waiting for locator('#primary_phone:visible, #phone:visible, #phone_home:visible, input[name="phone"]:visible, input[name="phone_home"]:visible, input[name="primary_phone"]:visible, input[type="tel"]:visible').first()\x1B[22m\n` +
    '\x1B[2m    - locator resolved to <input type="tel" tabindex="0" id="primary_phone" placeholder="Phone" name="primary_phone" aria-invalid="false" class="form-control valid" data-gtm-form-interact-field-id="4"/>\x1B[22m\n' +
    '\x1B[2m  - attempting click action\x1B[22m\n' +
    '\x1B[2m    2 × waiting for element to be visible, enabled and stable\x1B[22m\n' +
    '\x1B[2m      - element is visible, enabled and stable\x1B[22m\n' +
    '\x1B[2m      - scrolling into view if needed\x1B[22m\n' +
    '\x1B[2m      - done scrolling\x1B[22m\n' +
    '\x1B[2m      - <div class="loader">Loading…</div> intercepts pointer events\x1B[22m\n' +
    '\x1B[2m    - retrying click action\x1B[22m\n' +
    '\x1B[2m    - waiting 20ms\x1B[22m\n' +
    '\x1B[2m    - waiting for element to be visible, enabled and stable\x1B[22m\n' +
    '\x1B[2m    - element is visible, enabled and stable\x1B[22m\n' +
    '\x1B[2m    - scrolling into view if needed\x1B[22m\n' +
    '\x1B[2m    - done scrolling\x1B[22m\n' +
    '\x1B[2m    - <div class="loader">Loading…</div> intercepts pointer events\x1B[22m\n' +
    '\x1B[2m  - retrying click action\x1B[22m\n' +
    '\x1B[2m    - waiting 100ms\x1B[22m\n' +
    '\x1B[2m    - waiting for element to be visible, enabled and stable\x1B[22m\n' +
    '\x1B[2m    - element is visible, enabled and stable\x1B[22m\n' +
    '\x1B[2m    - scrolling into view if needed\x1B[22m\n' +
    '\x1B[2m    - done scrolling\x1B[22m\n' +
    '\x1B[2m    - <div class="header-wrapper">…</div> from <header class="main-header">…</header> subtree intercepts pointer events\x1B[22m\n' +
    '\x1B[2m  - retrying click action\x1B[22m\n' +
    '\x1B[2m    - waiting 100ms\x1B[22m\n' +
    '\x1B[2m    - waiting for element to be visible, enabled and stable\x1B[22m\n' +
    '\x1B[2m    - element is visible, enabled and stable\x1B[22m\n' +
    '\x1B[2m    - scrolling into view if needed\x1B[22m\n',
  brand: 'PPC-M-CA'
}
[ppc-m-ca][DESKTOP][CHROMIUM] 📋 Trace report successfully saved: traces/ppc-m-ca_desktop.zip
✅ [14/5/2026, 3:06:24 pm] COMPLETED: ppc-m-ca [DESKTOP][CHROMIUM]

================================================================
🚀 [14/5/2026, 3:06:25 pm] RUNNING: PPC-M-CA (TABLET) on CHROMIUM
🔗 Target URL: https://flmtra.com/?a=659&oc=822&c=2210&s1=
================================================================
[ppc-m-ca][TABLET][CHROMIUM] 🔌 [Browser Interceptor] Intercepting and optimizing engine: CHROMIUM
[ppc-m-ca][TABLET][CHROMIUM] ◇ injected env (0) from .env // tip: ⌘ multiple files { path: ['.env.local', '.env'] }
[ppc-m-ca][TABLET][CHROMIUM] ◇ injected env (0) from .env // tip: ◈ encrypted .env [www.dotenvx.com]
[ppc-m-ca][TABLET][CHROMIUM] ◇ injected env (0) from .env // tip: ◈ secrets for agents [www.dotenvx.com]
[ppc-m-ca][TABLET][CHROMIUM] ◇ injected env (0) from .env // tip: ⌘ multiple files { path: ['.env.local', '.env'] }
[ppc-m-ca][TABLET][CHROMIUM] 
🤖 ================================================================
🤖 MASTER RUNNER: LAUNCHING PPC-M-CA
[ppc-m-ca][TABLET][CHROMIUM] 🤖 Mode:            TABLET
🤖 Tracking URL:     https://flmtra.com/?a=659&oc=822&c=2210&s1=
🤖 Target Sheet:    PPC-M/CA
[ppc-m-ca][TABLET][CHROMIUM] 🤖 ================================================================
[ppc-m-ca][TABLET][CHROMIUM] 🔌 [Browser Interceptor] Intercepting and optimizing engine: CHROMIUM
[ppc-m-ca][TABLET][CHROMIUM] 📋 Emulated Device Profile: TABLET (iPad Pro 11)
[ppc-m-ca][TABLET][CHROMIUM] ⏳ Delaying 200ms to allow responsive layouts to mount...
[ppc-m-ca][TABLET][CHROMIUM] 🔄 Processing lead for brand: PPC-M-CA Tablet
[ppc-m-ca][TABLET][CHROMIUM] 📊 Campaign execution run index: 25
[ppc-m-ca][TABLET][CHROMIUM] 🎯 Enforcing dynamic credentials & parameters:
   - First Name:   ckmtestpixel
   - Last Name:    ckmtestpixel
   - Email:        ckmtestpixel@gmail.com
   - Phone Number: 401-247-1025
[ppc-m-ca][TABLET][CHROMIUM]    - Slider Value: 43,550
   - State Value:  Montana
🔗 [Mobile] Navigating to: https://flmtra.com/?a=659&oc=822&c=2210&s1=
[ppc-m-ca][TABLET][CHROMIUM] ✅ [Mobile] Page loaded successfully
[ppc-m-ca][TABLET][CHROMIUM] 💻 [Tablet] Injecting high-fidelity glossy iPad Pro mockup frame...
[ppc-m-ca][TABLET][CHROMIUM] 💻 [Tablet] Injecting high-fidelity glossy iPad Pro mockup frame...
[ppc-m-ca][TABLET][CHROMIUM] 📝 [Mobile] Starting mobile-specific form filling...
[ppc-m-ca][TABLET][CHROMIUM] 🔘 [Mobile] Step 1: Selecting Debt Amount (43,550)
[ppc-m-ca][TABLET][CHROMIUM] 🔘 [Mobile] Clicking active visible button: .next-btn1:visible, .btn-next:visible
[ppc-m-ca][TABLET][CHROMIUM] ✅ [Mobile] Clicked: .next-btn1:visible, .btn-next:visible
[ppc-m-ca][TABLET][CHROMIUM] 💻 [Tablet] Injecting high-fidelity glossy iPad Pro mockup frame...
[ppc-m-ca][TABLET][CHROMIUM] ✅ [Mobile] Reached a recognized terminal step (State or Contact). Stopping dynamic traversal.
[ppc-m-ca][TABLET][CHROMIUM] 🔘 [Mobile] Step 2: Selecting State
[ppc-m-ca][TABLET][CHROMIUM] ✅ [Mobile] Selected state dynamically: "Missouri"
📝 [Mobile] step3 column set to State: "Missouri"
[ppc-m-ca][TABLET][CHROMIUM] 🔘 [Mobile] Clicking active visible button: .next-btn:visible, .next-btn2:visible, .btn-next:visible
[ppc-m-ca][TABLET][CHROMIUM] ✅ [Mobile] Clicked: .next-btn:visible, .next-btn2:visible, .btn-next:visible
[ppc-m-ca][TABLET][CHROMIUM] 💻 [Tablet] Injecting high-fidelity glossy iPad Pro mockup frame...
[ppc-m-ca][TABLET][CHROMIUM] 🔘 [Mobile] Step 3: Filling Contact Info (Dynamic Loop)...
[ppc-m-ca][TABLET][CHROMIUM] 💻 [Tablet] Injecting high-fidelity glossy iPad Pro mockup frame...
[ppc-m-ca][TABLET][CHROMIUM] ✅ [Mobile] Filled First Name: ckmtestpixel
[ppc-m-ca][TABLET][CHROMIUM] ✅ [Mobile] Filled Last Name: ckmtestpixel
[ppc-m-ca][TABLET][CHROMIUM] ✅ [Mobile] Filled Email: ckmtestpixel@gmail.com
[ppc-m-ca][TABLET][CHROMIUM] ✅ [Mobile] Filled Phone: 401-247-1025
[ppc-m-ca][TABLET][CHROMIUM] 🔘 [Mobile] Clicking active contact NEXT/SUBMIT button...
[ppc-m-ca][TABLET][CHROMIUM] 💻 [Tablet] Injecting high-fidelity glossy iPad Pro mockup frame...
[ppc-m-ca][TABLET][CHROMIUM] 🔘 [Mobile] No active contact NEXT/SUBMIT button visible. Exiting loop.
🔘 [Mobile] Scanning for additional dynamic steps...
[ppc-m-ca][TABLET][CHROMIUM] 🔘 [Mobile] Submitting form
[ppc-m-ca][TABLET][CHROMIUM] ⏳ [Mobile] Waiting for submission navigation to complete
[ppc-m-ca][TABLET][CHROMIUM] ⏳ [Mobile] Waiting for final Thank You page redirection...
[ppc-m-ca][TABLET][CHROMIUM] ✅ [Mobile] Targeted final redirect URL achieved!
[ppc-m-ca][TABLET][CHROMIUM] ✅ [Mobile] Final Thank You URL: https://tra.com/thank-you?debt=10000&leadid=4DC10698&reqid=26779123&affid=659&oid=133&page=tra_ppcm_ca
[ppc-m-ca][TABLET][CHROMIUM] ✅ [Mobile] Extracted Lead ID: 4DC10698
📱 Device Type detected: T-CHROMIUM
✅ Lead captured: 4DC10698
[ppc-m-ca][TABLET][CHROMIUM] 📡 Fetching First API data for Lead ID: 4DC10698...
[ppc-m-ca][TABLET][CHROMIUM] 📡 Raw XML Response: {
  "lead_info_response": {
    "$": {
      "xmlns:xsd": "http://www.w3.org/2001/XMLSchema",
      "xmlns:xsi": "http://www.w3.org/2001/XMLSchema-instance",
      "xmlns": "http://cakemarketing.com/api/1/"
    },
    "success": "true",
    "row_count": "1",
    "lead_id": "4DC10698",
    "personal_info": {
      "first_name": "CKMTESTPIXEL",
      "last_name": "CKMTESTPIXEL",
      "email_address": "ckmtestpixel@gmail.com",
      "address": {
        "street": "",
        "city": "",
        "state": "MO",
        "zip_code": "65752",
        "country": ""
      },
      "ip_address": "27.54.170.27",
      "phone_work": "",
      "phone_home": "401-247-1025",
      "phone_cell": "",
      "best_call_time": "",
      "opt_in": "false"
    },
    "traffic_info": {
      "lead_date": "2026-05-14T02:36:51.477",
      "payout": {
        "currency_id": "1",
        "amount": "0.0000",
        "formatted_amount": "$0.00"
      },
      "affiliate": {
        "affiliate_id": {
          "_": "659",
          "$": {
            "xmlns": "API:id_name_store"
          }
        },
        "affiliate_name": {
          "_": "QA affiliate",
          "$": {
            "xmlns": "API:id_name_store"
          }
        }
      },
      "campaign": {
        "campaign_id": {
          "_": "4362",
          "$": {
            "xmlns": "API:id_name_store"
          }
        },
        "campaign_name": {
          "_": "TRA.com CPL - PPC M/CA - CPA - $1.00",
          "$": {
            "xmlns": "API:id_name_store"
          }
        }
      },
      "creative_id": "2210",
      "subid_1": "",
      "subid_2": "",
      "subid_3": "",
      "subid_4": "",
      "subid_5": "",
      "referrer": "",
      "pixel_fired": "true",
      "returned_to_affiliate": "false",
      "test": "true",
      "upsell": "false"
    },
    "all_vertical_data": {
      "data": {
        "$": {
          "xmlns": ""
        },
        "tax_debt": "10000",
        "universal_leadid": "B2FE6FDD-F591-7509-0A4B-6BF895C279E8",
        "affid": "659",
        "TCPA_checkbox": "1",
        "reqid": "26779123",
        "page": "https://tra.com/ppcm/ca",
        "neustar": "fail",
        "neustar_disposition": "N,U,I1,L,0",
        "first_name_lower": "ckmtestpixel",
        "last_name_lower": "ckmtestpixel",
        "opt_special_offers": "on",
        "ckm_campaign_id": "4362"
      }
    },
    "dispositions": {
      "disposition": [
        {
          "disposition_type": "Not Paid For",
          "reason": "Unmatched Filter",
          "filter": "Nuestar Fail"
        },
        {
          "disposition_type": "Sent to Review Queue",
          "reason": "neustar: This value is not valid",
          "filter": "Equals Value"
        }
      ]
    },
    "pings": "",
    "posts": "",
    "sales": ""
  }
}
[ppc-m-ca][TABLET][CHROMIUM] ✅ First API Data retrieved on attempt 1
[ppc-m-ca][TABLET][CHROMIUM] 📡 Fetching Second API data for Lead ID: 4DC10698...
[ppc-m-ca][TABLET][CHROMIUM] 📡 Standard Second API Payload: cake_id=4DC10698, domain_name=https://www.taxreliefadvocates.com
[ppc-m-ca][TABLET][CHROMIUM] [STDERR] (node:25692) Warning: Setting the NODE_TLS_REJECT_UNAUTHORIZED environment variable to '0' makes TLS connections and HTTPS requests insecure by disabling certificate verification.
(Use `node --trace-warnings ...` to show where the warning was created)
[ppc-m-ca][TABLET][CHROMIUM] [STDERR] ❌ Second API Attempt 1 failed: Request failed with status code 404
[ppc-m-ca][TABLET][CHROMIUM] ⏳ Retrying in 1 second to allow database synchronization...
[ppc-m-ca][TABLET][CHROMIUM] 📡 Standard Second API Payload: cake_id=4DC10698, domain_name=https://www.taxreliefadvocates.com
[ppc-m-ca][TABLET][CHROMIUM] [STDERR] ❌ Second API Attempt 2 failed: Request failed with status code 404
[ppc-m-ca][TABLET][CHROMIUM] ⏳ Retrying in 1 second to allow database synchronization...
[ppc-m-ca][TABLET][CHROMIUM] 📡 Standard Second API Payload: cake_id=4DC10698, domain_name=https://www.taxreliefadvocates.com
[ppc-m-ca][TABLET][CHROMIUM] [STDERR] ❌ Second API Attempt 3 failed: Request failed with status code 404
[ppc-m-ca][TABLET][CHROMIUM] ⏳ Retrying in 1 second to allow database synchronization...
[ppc-m-ca][TABLET][CHROMIUM] 📡 Standard Second API Payload: cake_id=4DC10698, domain_name=https://www.taxreliefadvocates.com
[ppc-m-ca][TABLET][CHROMIUM] [STDERR] ❌ Second API Attempt 4 failed: Request failed with status code 404
[ppc-m-ca][TABLET][CHROMIUM] ⏳ Retrying in 1 second to allow database synchronization...
[ppc-m-ca][TABLET][CHROMIUM] 📡 Standard Second API Payload: cake_id=4DC10698, domain_name=https://www.taxreliefadvocates.com
[ppc-m-ca][TABLET][CHROMIUM] [STDERR] ❌ Second API Attempt 5 failed: Request failed with status code 404
[ppc-m-ca][TABLET][CHROMIUM] ✅ Row appended successfully to sheet: PPC-M/CA
[ppc-m-ca][TABLET][CHROMIUM] ⚠️  Non-fatal formatting error for PPC-M/CA (Banding might already exist): Invalid requests[2].addBanding: You cannot add alternating background colors to a range that already has alternating background colors.
[ppc-m-ca][TABLET][CHROMIUM] ✅ Lead processed successfully for PPC-M-CA Tablet
[ppc-m-ca][TABLET][CHROMIUM] 🎥 Video saved successfully: traces/videos/PPC-M/CA_PPC-M-CA_Tablet.webm
[ppc-m-ca][TABLET][CHROMIUM] 
✅ Execution successfully processed! { success: true, leadId: '4DC10698', brand: 'PPC-M-CA Tablet' }
[ppc-m-ca][TABLET][CHROMIUM] [STDERR] ❌ Automation Run encountered a fatal exception: tracing.stop: Target page, context or browser has been closed
✅ [14/5/2026, 3:07:29 pm] COMPLETED: ppc-m-ca [TABLET][CHROMIUM]

================================================================
🚀 [14/5/2026, 3:07:29 pm] RUNNING: PPC-M-CA (MOBILE) on CHROMIUM
🔗 Target URL: https://flmtra.com/?a=659&oc=822&c=2210&s1=
================================================================
[ppc-m-ca][MOBILE][CHROMIUM] 🔌 [Browser Interceptor] Intercepting and optimizing engine: CHROMIUM
[ppc-m-ca][MOBILE][CHROMIUM] ◇ injected env (0) from .env // tip: ⌘ multiple files { path: ['.env.local', '.env'] }
[ppc-m-ca][MOBILE][CHROMIUM] ◇ injected env (0) from .env // tip: ⌁ auth for agents [www.vestauth.com]
[ppc-m-ca][MOBILE][CHROMIUM] ◇ injected env (0) from .env // tip: ⌘ suppress logs { quiet: true }
[ppc-m-ca][MOBILE][CHROMIUM] ◇ injected env (0) from .env // tip: ⌘ enable debugging { debug: true }
[ppc-m-ca][MOBILE][CHROMIUM] 
🤖 ================================================================
[ppc-m-ca][MOBILE][CHROMIUM] 🤖 MASTER RUNNER: LAUNCHING PPC-M-CA
🤖 Mode:            MOBILE
[ppc-m-ca][MOBILE][CHROMIUM] 🤖 Tracking URL:     https://flmtra.com/?a=659&oc=822&c=2210&s1=
[ppc-m-ca][MOBILE][CHROMIUM] 🤖 Target Sheet:    PPC-M/CA
🤖 ================================================================
[ppc-m-ca][MOBILE][CHROMIUM] 🔌 [Browser Interceptor] Intercepting and optimizing engine: CHROMIUM
[ppc-m-ca][MOBILE][CHROMIUM] 📱 Emulated Device Profile: MOBILE (iPhone 17 Pro)
[ppc-m-ca][MOBILE][CHROMIUM] ⏳ Delaying 200ms to allow responsive layouts to mount...
[ppc-m-ca][MOBILE][CHROMIUM] 🔄 Processing lead for brand: PPC-M-CA Mobile
[ppc-m-ca][MOBILE][CHROMIUM] 📊 Campaign execution run index: 26
[ppc-m-ca][MOBILE][CHROMIUM] 🎯 Enforcing dynamic credentials & parameters:
   - First Name:   ckmtestpixel
[ppc-m-ca][MOBILE][CHROMIUM]    - Last Name:    ckmtestpixel
   - Email:        ckmtestpixel@gmail.com
   - Phone Number: 401-247-1026
   - Slider Value: 76,888
   - State Value:  Nebraska
[ppc-m-ca][MOBILE][CHROMIUM] 🔗 [Mobile] Navigating to: https://flmtra.com/?a=659&oc=822&c=2210&s1=
[ppc-m-ca][MOBILE][CHROMIUM] ✅ [Mobile] Page loaded successfully
[ppc-m-ca][MOBILE][CHROMIUM] 📱 [Mobile] Injecting high-fidelity glossy Natural Titanium iPhone 17 Pro mockup frame...
[ppc-m-ca][MOBILE][CHROMIUM] 📱 [Mobile] Injecting high-fidelity glossy Natural Titanium iPhone 17 Pro mockup frame...
[ppc-m-ca][MOBILE][CHROMIUM] 📝 [Mobile] Starting mobile-specific form filling...
[ppc-m-ca][MOBILE][CHROMIUM] 🔘 [Mobile] Step 1: Selecting Debt Amount (76,888)
[ppc-m-ca][MOBILE][CHROMIUM] 🔘 [Mobile] Clicking active visible button: .next-btn1:visible, .btn-next:visible
[ppc-m-ca][MOBILE][CHROMIUM] ✅ [Mobile] Clicked: .next-btn1:visible, .btn-next:visible
[ppc-m-ca][MOBILE][CHROMIUM] 📱 [Mobile] Injecting high-fidelity glossy Natural Titanium iPhone 17 Pro mockup frame...
[ppc-m-ca][MOBILE][CHROMIUM] ✅ [Mobile] Reached a recognized terminal step (State or Contact). Stopping dynamic traversal.
[ppc-m-ca][MOBILE][CHROMIUM] 🔘 [Mobile] Step 2: Selecting State
[ppc-m-ca][MOBILE][CHROMIUM] ✅ [Mobile] Selected state dynamically: "Montana"
[ppc-m-ca][MOBILE][CHROMIUM] 📝 [Mobile] step3 column set to State: "Montana"
[ppc-m-ca][MOBILE][CHROMIUM] 🔘 [Mobile] Clicking active visible button: .next-btn:visible, .next-btn2:visible, .btn-next:visible
[ppc-m-ca][MOBILE][CHROMIUM] ✅ [Mobile] Clicked: .next-btn:visible, .next-btn2:visible, .btn-next:visible
[ppc-m-ca][MOBILE][CHROMIUM] 📱 [Mobile] Injecting high-fidelity glossy Natural Titanium iPhone 17 Pro mockup frame...
[ppc-m-ca][MOBILE][CHROMIUM] 🔘 [Mobile] Step 3: Filling Contact Info (Dynamic Loop)...
[ppc-m-ca][MOBILE][CHROMIUM] 📱 [Mobile] Injecting high-fidelity glossy Natural Titanium iPhone 17 Pro mockup frame...
[ppc-m-ca][MOBILE][CHROMIUM] ✅ [Mobile] Filled First Name: ckmtestpixel
[ppc-m-ca][MOBILE][CHROMIUM] ✅ [Mobile] Filled Last Name: ckmtestpixel
[ppc-m-ca][MOBILE][CHROMIUM] ✅ [Mobile] Filled Email: ckmtestpixel@gmail.com
[ppc-m-ca][MOBILE][CHROMIUM] ✅ [Mobile] Filled Phone: 401-247-1026
[ppc-m-ca][MOBILE][CHROMIUM] 🔘 [Mobile] Clicking active contact NEXT/SUBMIT button...
[ppc-m-ca][MOBILE][CHROMIUM] 📱 [Mobile] Injecting high-fidelity glossy Natural Titanium iPhone 17 Pro mockup frame...
[ppc-m-ca][MOBILE][CHROMIUM] 🔘 [Mobile] No active contact NEXT/SUBMIT button visible. Exiting loop.
[ppc-m-ca][MOBILE][CHROMIUM] 🔘 [Mobile] Scanning for additional dynamic steps...
[ppc-m-ca][MOBILE][CHROMIUM] 🔘 [Mobile] Submitting form
[ppc-m-ca][MOBILE][CHROMIUM] ⏳ [Mobile] Waiting for submission navigation to complete
[ppc-m-ca][MOBILE][CHROMIUM] ⏳ [Mobile] Waiting for final Thank You page redirection...
[ppc-m-ca][MOBILE][CHROMIUM] ✅ [Mobile] Targeted final redirect URL achieved!
[ppc-m-ca][MOBILE][CHROMIUM] ✅ [Mobile] Final Thank You URL: https://tra.com/thank-you?debt=10000&leadid=8CEF75CB&reqid=26779130&affid=659&oid=133&page=tra_ppcm_ca
[ppc-m-ca][MOBILE][CHROMIUM] ✅ [Mobile] Extracted Lead ID: 8CEF75CB
[ppc-m-ca][MOBILE][CHROMIUM] 📱 Device Type detected: M-CHROMIUM
✅ Lead captured: 8CEF75CB
[ppc-m-ca][MOBILE][CHROMIUM] 📡 Fetching First API data for Lead ID: 8CEF75CB...
[ppc-m-ca][MOBILE][CHROMIUM] 📡 Raw XML Response: {
  "lead_info_response": {
    "$": {
      "xmlns:xsd": "http://www.w3.org/2001/XMLSchema",
      "xmlns:xsi": "http://www.w3.org/2001/XMLSchema-instance",
      "xmlns": "http://cakemarketing.com/api/1/"
    },
    "success": "true",
    "row_count": "1",
    "lead_id": "8CEF75CB",
    "personal_info": {
      "first_name": "CKMTESTPIXEL",
      "last_name": "CKMTESTPIXEL",
      "email_address": "ckmtestpixel@gmail.com",
      "address": {
        "street": "",
        "city": "",
        "state": "MT",
        "zip_code": "59639",
        "country": ""
      },
      "ip_address": "27.54.170.27",
      "phone_work": "",
      "phone_home": "401-247-1026",
      "phone_cell": "",
      "best_call_time": "",
      "opt_in": "false"
    },
    "traffic_info": {
      "lead_date": "2026-05-14T02:38:22.26",
      "payout": {
        "currency_id": "1",
        "amount": "0.0000",
        "formatted_amount": "$0.00"
      },
      "affiliate": {
        "affiliate_id": {
          "_": "659",
          "$": {
            "xmlns": "API:id_name_store"
          }
        },
        "affiliate_name": {
          "_": "QA affiliate",
          "$": {
            "xmlns": "API:id_name_store"
          }
        }
      },
      "campaign": {
        "campaign_id": {
          "_": "4362",
          "$": {
            "xmlns": "API:id_name_store"
          }
        },
        "campaign_name": {
          "_": "TRA.com CPL - PPC M/CA - CPA - $1.00",
          "$": {
            "xmlns": "API:id_name_store"
          }
        }
      },
      "creative_id": "2210",
      "subid_1": "",
      "subid_2": "",
      "subid_3": "",
      "subid_4": "",
      "subid_5": "",
      "referrer": "",
      "pixel_fired": "true",
      "returned_to_affiliate": "false",
      "test": "true",
      "upsell": "false"
    },
    "all_vertical_data": {
      "data": {
        "$": {
          "xmlns": ""
        },
        "tax_debt": "10000",
        "universal_leadid": "4D10D922-F0BC-D799-9059-C265CBBEF6EA",
        "affid": "659",
        "TCPA_checkbox": "1",
        "reqid": "26779130",
        "page": "https://tra.com/ppcm/ca",
        "neustar": "fail",
        "neustar_disposition": "N,U,I3,L,0",
        "first_name_lower": "ckmtestpixel",
        "last_name_lower": "ckmtestpixel",
        "opt_special_offers": "on",
        "ckm_campaign_id": "4362"
      }
    },
    "dispositions": {
      "disposition": [
        {
          "disposition_type": "Not Paid For",
          "reason": "Unmatched Filter",
          "filter": "Nuestar Fail"
        },
        {
          "disposition_type": "Sent to Review Queue",
          "reason": "neustar: This value is not valid",
          "filter": "Equals Value"
        }
      ]
    },
    "pings": "",
    "posts": "",
    "sales": ""
  }
}
[ppc-m-ca][MOBILE][CHROMIUM] ✅ First API Data retrieved on attempt 1
📡 Fetching Second API data for Lead ID: 8CEF75CB...
📡 Standard Second API Payload: cake_id=8CEF75CB, domain_name=https://www.taxreliefadvocates.com
[ppc-m-ca][MOBILE][CHROMIUM] [STDERR] (node:23356) Warning: Setting the NODE_TLS_REJECT_UNAUTHORIZED environment variable to '0' makes TLS connections and HTTPS requests insecure by disabling certificate verification.
(Use `node --trace-warnings ...` to show where the warning was created)
[ppc-m-ca][MOBILE][CHROMIUM] [STDERR] ❌ Second API Attempt 1 failed: Request failed with status code 404
[ppc-m-ca][MOBILE][CHROMIUM] ⏳ Retrying in 1 second to allow database synchronization...
[ppc-m-ca][MOBILE][CHROMIUM] 📡 Standard Second API Payload: cake_id=8CEF75CB, domain_name=https://www.taxreliefadvocates.com
[ppc-m-ca][MOBILE][CHROMIUM] [STDERR] ❌ Second API Attempt 2 failed: Request failed with status code 404
[ppc-m-ca][MOBILE][CHROMIUM] ⏳ Retrying in 1 second to allow database synchronization...
[ppc-m-ca][MOBILE][CHROMIUM] 📡 Standard Second API Payload: cake_id=8CEF75CB, domain_name=https://www.taxreliefadvocates.com
[ppc-m-ca][MOBILE][CHROMIUM] [STDERR] ❌ Second API Attempt 3 failed: Request failed with status code 404
[ppc-m-ca][MOBILE][CHROMIUM] ⏳ Retrying in 1 second to allow database synchronization...
[ppc-m-ca][MOBILE][CHROMIUM] 📡 Standard Second API Payload: cake_id=8CEF75CB, domain_name=https://www.taxreliefadvocates.com
[ppc-m-ca][MOBILE][CHROMIUM] [STDERR] ❌ Second API Attempt 4 failed: Request failed with status code 404
[ppc-m-ca][MOBILE][CHROMIUM] ⏳ Retrying in 1 second to allow database synchronization...
[ppc-m-ca][MOBILE][CHROMIUM] 📡 Standard Second API Payload: cake_id=8CEF75CB, domain_name=https://www.taxreliefadvocates.com
[ppc-m-ca][MOBILE][CHROMIUM] [STDERR] ❌ Second API Attempt 5 failed: Request failed with status code 404
[ppc-m-ca][MOBILE][CHROMIUM] ✅ Row appended successfully to sheet: PPC-M/CA
[ppc-m-ca][MOBILE][CHROMIUM] ⚠️  Non-fatal formatting error for PPC-M/CA (Banding might already exist): Invalid requests[2].addBanding: You cannot add alternating background colors to a range that already has alternating background colors.
✅ Lead processed successfully for PPC-M-CA Mobile
[ppc-m-ca][MOBILE][CHROMIUM] 🎥 Video saved successfully: traces/videos/PPC-M/CA_PPC-M-CA_Mobile.webm
[ppc-m-ca][MOBILE][CHROMIUM] 
✅ Execution successfully processed! { success: true, leadId: '8CEF75CB', brand: 'PPC-M-CA Mobile' }
[ppc-m-ca][MOBILE][CHROMIUM] [STDERR] ❌ Automation Run encountered a fatal exception: tracing.stop: Target page, context or browser has been closed
✅ [14/5/2026, 3:08:58 pm] COMPLETED: ppc-m-ca [MOBILE][CHROMIUM]

================================================================
⚡ Running Campaign Viewports on Browser Engine: CHROMIUM - [PPC-CR]
================================================================

================================================================
🚀 [14/5/2026, 3:08:58 pm] RUNNING: PPC CR (DESKTOP) on CHROMIUM
🔗 Target URL: https://flmtra.com/?a=659&oc=848&c=2210&s1=
================================================================
[ppc-cr][DESKTOP][CHROMIUM] 🔌 [Browser Interceptor] Intercepting and optimizing engine: CHROMIUM
[ppc-cr][DESKTOP][CHROMIUM] ◇ injected env (0) from .env // tip: ⌘ suppress logs { quiet: true }
[ppc-cr][DESKTOP][CHROMIUM] ◇ injected env (0) from .env // tip: ⌘ override existing { override: true }
[ppc-cr][DESKTOP][CHROMIUM] ◇ injected env (0) from .env // tip: ⌘ suppress logs { quiet: true }
[ppc-cr][DESKTOP][CHROMIUM] ◇ injected env (0) from .env // tip: ⌘ enable debugging { debug: true }
[ppc-cr][DESKTOP][CHROMIUM] 
🤖 ================================================================
[ppc-cr][DESKTOP][CHROMIUM] 🤖 MASTER RUNNER: LAUNCHING PPC CR
🤖 Mode:            DESKTOP
🤖 Tracking URL:     https://flmtra.com/?a=659&oc=848&c=2210&s1=
[ppc-cr][DESKTOP][CHROMIUM] 🤖 Target Sheet:    PPC-CR
[ppc-cr][DESKTOP][CHROMIUM] 🤖 ================================================================
[ppc-cr][DESKTOP][CHROMIUM] 🔌 [Browser Interceptor] Intercepting and optimizing engine: CHROMIUM
[ppc-cr][DESKTOP][CHROMIUM] 💻 Emulated Device Profile: DESKTOP
[ppc-cr][DESKTOP][CHROMIUM] 🔄 Processing lead for brand: PPC CR
[ppc-cr][DESKTOP][CHROMIUM] 📊 Campaign execution run index: 19
[ppc-cr][DESKTOP][CHROMIUM] 🎯 Enforcing dynamic credentials & parameters:
   - First Name:   ckmtestpixel
   - Last Name:    ckmtestpixel
   - Email:        ckmtestpixel@gmail.com
[ppc-cr][DESKTOP][CHROMIUM]    - Phone Number: 401-247-1019
   - Slider Value: 65,033
   - State Value:  Maryland
[ppc-cr][DESKTOP][CHROMIUM] 🔗 Navigating to: https://flmtra.com/?a=659&oc=848&c=2210&s1=
[ppc-cr][DESKTOP][CHROMIUM] ✅ Page loaded successfully
[ppc-cr][DESKTOP][CHROMIUM] 📝 Starting multi-step form filling process...
[ppc-cr][DESKTOP][CHROMIUM] 🔘 Step 1: Handling Debt Amount (65,033)
[ppc-cr][DESKTOP][CHROMIUM] 🔘 Attempting to click .next-btn1, .btn-next
[ppc-cr][DESKTOP][CHROMIUM] ✅ Clicked .next-btn1, .btn-next
[ppc-cr][DESKTOP][CHROMIUM] ✅ Reached a recognized terminal step (State or Contact). Stopping dynamic traversal.
[ppc-cr][DESKTOP][CHROMIUM] 🔘 Step: Selecting State
[ppc-cr][DESKTOP][CHROMIUM] ✅ Selected state dynamically: "Maine"
[ppc-cr][DESKTOP][CHROMIUM] 📝 step3 column set to State: "Maine"
[ppc-cr][DESKTOP][CHROMIUM] 🔘 Clicking generic NEXT button
[ppc-cr][DESKTOP][CHROMIUM] ✅ Clicked generic NEXT button
[ppc-cr][DESKTOP][CHROMIUM] 🔘 Filling Contact Info (Dynamic Loop)...
[ppc-cr][DESKTOP][CHROMIUM] ✅ Filled First Name: ckmtestpixel
[ppc-cr][DESKTOP][CHROMIUM] ✅ Filled Last Name: ckmtestpixel
[ppc-cr][DESKTOP][CHROMIUM] ✅ Filled Email: ckmtestpixel@gmail.com
[ppc-cr][DESKTOP][CHROMIUM] ✅ Filled Phone: 401-247-1019
[ppc-cr][DESKTOP][CHROMIUM] 🔘 Clicking active contact NEXT/SUBMIT button...
[ppc-cr][DESKTOP][CHROMIUM] [STDERR] ❌ Error during form filling: locator.click: Timeout 25000ms exceeded.
Call log:
[2m  - waiting for locator('#primary_phone:visible, #phone:visible, #phone_home:visible, input[name="phone"]:visible, input[name="phone_home"]:visible, input[name="primary_phone"]:visible, input[type="tel"]:visible').first()[22m
[2m    - locator resolved to <input type="tel" id="primary_phone" placeholder="Phone" name="primary_phone" aria-invalid="false" class="form-control valid" data-gtm-form-interact-field-id="4"/>[22m
[2m  - attempting click action[22m
[2m    2 × waiting for element to be visible, enabled and stable[22m
[2m      - element is visible, enabled and stable[22m
[2m      - scrolling into view if needed[22m
[2m      - done scrolling[22m
[2m      - <div class="loader">Loading…</div> intercepts pointer events[22m
[2m    - retrying click action[22m
[2m    - waiting 20ms[22m
[2m    2 × waiting for element to be visible, enabled and stable[22m
[2m      - element is visible, enabled and stable[22m
[2m      - scrolling into view if needed[22m
[2m      - done scrolling[22m
[2m      - <div class="loader">Loading…</div> intercepts pointer events[22m
[2m    - retrying click action[22m
[2m      - waiting 100ms[22m
[2m    2 × waiting for element to be visible, enabled and stable[22m
[2m      - element is visible, enabled and stable[22m
[2m      - scrolling into view if needed[22m
[2m      - done scrolling[22m
[2m      - <div class="loader">Loading…</div> intercepts pointer events[22m
[2m    - retrying click action[22m
[2m      - waiting 500ms[22m
[2m    - waiting for" https://tra.com/thank-you?debt=10000&leadid=90D259D6&reqid=26779133&affid=659&oid=133" navigation to finish...[22m
[2m    - navigated to "https://tra.com/thank-you?debt=10000&leadid=90D259D6&reqid=26779133&affid=659&oid=133"[22m
[2m    - waiting for element to be visible, enabled and stable[22m
[2m  - element was detached from the DOM, retrying[22m

[ppc-cr][DESKTOP][CHROMIUM] [STDERR] ❌ Failed processing PPC CR: locator.click: Timeout 25000ms exceeded.
Call log:
[2m  - waiting for locator('#primary_phone:visible, #phone:visible, #phone_home:visible, input[name="phone"]:visible, input[name="phone_home"]:visible, input[name="primary_phone"]:visible, input[type="tel"]:visible').first()[22m
[2m    - locator resolved to <input type="tel" id="primary_phone" placeholder="Phone" name="primary_phone" aria-invalid="false" class="form-control valid" data-gtm-form-interact-field-id="4"/>[22m
[2m  - attempting click action[22m
[2m    2 × waiting for element to be visible, enabled and stable[22m
[2m      - element is visible, enabled and stable[22m
[2m      - scrolling into view if needed[22m
[2m      - done scrolling[22m
[2m      - <div class="loader">Loading…</div> intercepts pointer events[22m
[2m    - retrying click action[22m
[2m    - waiting 20ms[22m
[2m    2 × waiting for element to be visible, enabled and stable[22m
[2m      - element is visible, enabled and stable[22m
[2m      - scrolling into view if needed[22m
[2m      - done scrolling[22m
[2m      - <div class="loader">Loading…</div> intercepts pointer events[22m
[2m    - retrying click action[22m
[2m      - waiting 100ms[22m
[2m    2 × waiting for element to be visible, enabled and stable[22m
[2m      - element is visible, enabled and stable[22m
[2m      - scrolling into view if needed[22m
[2m      - done scrolling[22m
[2m      - <div class="loader">Loading…</div> intercepts pointer events[22m
[2m    - retrying click action[22m
[2m      - waiting 500ms[22m
[2m    - waiting for" https://tra.com/thank-you?debt=10000&leadid=90D259D6&reqid=26779133&affid=659&oid=133" navigation to finish...[22m
[2m    - navigated to "https://tra.com/thank-you?debt=10000&leadid=90D259D6&reqid=26779133&affid=659&oid=133"[22m
[2m    - waiting for element to be visible, enabled and stable[22m
[2m  - element was detached from the DOM, retrying[22m

[ppc-cr][DESKTOP][CHROMIUM] 
✅ Execution successfully processed! {
  success: false,
  error: 'locator.click: Timeout 25000ms exceeded.\n' +
    'Call log:\n' +
    `\x1B[2m  - waiting for locator('#primary_phone:visible, #phone:visible, #phone_home:visible, input[name="phone"]:visible, input[name="phone_home"]:visible, input[name="primary_phone"]:visible, input[type="tel"]:visible').first()\x1B[22m\n` +
    '\x1B[2m    - locator resolved to <input type="tel" id="primary_phone" placeholder="Phone" name="primary_phone" aria-invalid="false" class="form-control valid" data-gtm-form-interact-field-id="4"/>\x1B[22m\n' +
    '\x1B[2m  - attempting click action\x1B[22m\n' +
    '\x1B[2m    2 × waiting for element to be visible, enabled and stable\x1B[22m\n' +
    '\x1B[2m      - element is visible, enabled and stable\x1B[22m\n' +
    '\x1B[2m      - scrolling into view if needed\x1B[22m\n' +
    '\x1B[2m      - done scrolling\x1B[22m\n' +
    '\x1B[2m      - <div class="loader">Loading…</div> intercepts pointer events\x1B[22m\n' +
    '\x1B[2m    - retrying click action\x1B[22m\n' +
    '\x1B[2m    - waiting 20ms\x1B[22m\n' +
    '\x1B[2m    2 × waiting for element to be visible, enabled and stable\x1B[22m\n' +
    '\x1B[2m      - element is visible, enabled and stable\x1B[22m\n' +
    '\x1B[2m      - scrolling into view if needed\x1B[22m\n' +
    '\x1B[2m      - done scrolling\x1B[22m\n' +
    '\x1B[2m      - <div class="loader">Loading…</div> intercepts pointer events\x1B[22m\n' +
    '\x1B[2m    - retrying click action\x1B[22m\n' +
    '\x1B[2m      - waiting 100ms\x1B[22m\n' +
    '\x1B[2m    2 × waiting for element to be visible, enabled and stable\x1B[22m\n' +
    '\x1B[2m      - element is visible, enabled and stable\x1B[22m\n' +
    '\x1B[2m      - scrolling into view if needed\x1B[22m\n' +
    '\x1B[2m      - done scrolling\x1B[22m\n' +
    '\x1B[2m      - <div class="loader">Loading…</div> intercepts pointer events\x1B[22m\n' +
    '\x1B[2m    - retrying click action\x1B[22m\n' +
    '\x1B[2m      - waiting 500ms\x1B[22m\n' +
    '\x1B[2m    - waiting for" https://tra.com/thank-you?debt=10000&leadid=90D259D6&reqid=26779133&affid=659&oid=133" navigation to finish...\x1B[22m\n' +
    '\x1B[2m    - navigated to "https://tra.com/thank-you?debt=10000&leadid=90D259D6&reqid=26779133&affid=659&oid=133"\x1B[22m\n' +
    '\x1B[2m    - waiting for element to be visible, enabled and stable\x1B[22m\n' +
    '\x1B[2m  - element was detached from the DOM, retrying\x1B[22m\n',
  brand: 'PPC CR'
}
[ppc-cr][DESKTOP][CHROMIUM] 📋 Trace report successfully saved: traces/ppc-cr_desktop.zip
✅ [14/5/2026, 3:10:05 pm] COMPLETED: ppc-cr [DESKTOP][CHROMIUM]

================================================================
🚀 [14/5/2026, 3:10:05 pm] RUNNING: PPC CR (TABLET) on CHROMIUM
🔗 Target URL: https://flmtra.com/?a=659&oc=848&c=2210&s1=
================================================================
[ppc-cr][TABLET][CHROMIUM] 🔌 [Browser Interceptor] Intercepting and optimizing engine: CHROMIUM
[ppc-cr][TABLET][CHROMIUM] ◇ injected env (0) from .env // tip: ⌘ custom filepath { path: '/custom/path/.env' }
[ppc-cr][TABLET][CHROMIUM] ◇ injected env (0) from .env // tip: ⌘ multiple files { path: ['.env.local', '.env'] }
[ppc-cr][TABLET][CHROMIUM] ◇ injected env (0) from .env // tip: ⌘ enable debugging { debug: true }
[ppc-cr][TABLET][CHROMIUM] ◇ injected env (0) from .env // tip: ⌘ multiple files { path: ['.env.local', '.env'] }
[ppc-cr][TABLET][CHROMIUM] 
🤖 ================================================================
🤖 MASTER RUNNER: LAUNCHING PPC CR
🤖 Mode:            TABLET
🤖 Tracking URL:     https://flmtra.com/?a=659&oc=848&c=2210&s1=
[ppc-cr][TABLET][CHROMIUM] 🤖 Target Sheet:    PPC-CR
🤖 ================================================================
[ppc-cr][TABLET][CHROMIUM] 🔌 [Browser Interceptor] Intercepting and optimizing engine: CHROMIUM
[ppc-cr][TABLET][CHROMIUM] 📋 Emulated Device Profile: TABLET (iPad Pro 11)
[ppc-cr][TABLET][CHROMIUM] ⏳ Delaying 200ms to allow responsive layouts to mount...
[ppc-cr][TABLET][CHROMIUM] 🔄 Processing lead for brand: PPC CR Tablet
[ppc-cr][TABLET][CHROMIUM] 📊 Campaign execution run index: 20
[ppc-cr][TABLET][CHROMIUM] 🎯 Enforcing dynamic credentials & parameters:
   - First Name:   ckmtestpixel
   - Last Name:    ckmtestpixel
   - Email:        ckmtestpixel@gmail.com
   - Phone Number: 401-247-1020
   - Slider Value: 1,09,840
   - State Value:  Massachusetts
[ppc-cr][TABLET][CHROMIUM] 🔗 [Mobile] Navigating to: https://flmtra.com/?a=659&oc=848&c=2210&s1=
[ppc-cr][TABLET][CHROMIUM] ✅ [Mobile] Page loaded successfully
[ppc-cr][TABLET][CHROMIUM] 💻 [Tablet] Injecting high-fidelity glossy iPad Pro mockup frame...
[ppc-cr][TABLET][CHROMIUM] 💻 [Tablet] Injecting high-fidelity glossy iPad Pro mockup frame...
[ppc-cr][TABLET][CHROMIUM] 📝 [Mobile] Starting mobile-specific form filling...
[ppc-cr][TABLET][CHROMIUM] 🔘 [Mobile] Step 1: Selecting Debt Amount (1,09,840)
[ppc-cr][TABLET][CHROMIUM] 🔘 [Mobile] Clicking active visible button: .next-btn1:visible, .btn-next:visible
[ppc-cr][TABLET][CHROMIUM] ✅ [Mobile] Clicked: .next-btn1:visible, .btn-next:visible
[ppc-cr][TABLET][CHROMIUM] 💻 [Tablet] Injecting high-fidelity glossy iPad Pro mockup frame...
[ppc-cr][TABLET][CHROMIUM] ✅ [Mobile] Reached a recognized terminal step (State or Contact). Stopping dynamic traversal.
[ppc-cr][TABLET][CHROMIUM] 🔘 [Mobile] Step 2: Selecting State
[ppc-cr][TABLET][CHROMIUM] ✅ [Mobile] Selected state dynamically: "Maryland"
📝 [Mobile] step3 column set to State: "Maryland"
[ppc-cr][TABLET][CHROMIUM] 🔘 [Mobile] Clicking active visible button: .next-btn:visible, .next-btn2:visible, .btn-next:visible
[ppc-cr][TABLET][CHROMIUM] ✅ [Mobile] Clicked: .next-btn:visible, .next-btn2:visible, .btn-next:visible
[ppc-cr][TABLET][CHROMIUM] 💻 [Tablet] Injecting high-fidelity glossy iPad Pro mockup frame...
[ppc-cr][TABLET][CHROMIUM] 🔘 [Mobile] Step 3: Filling Contact Info (Dynamic Loop)...
[ppc-cr][TABLET][CHROMIUM] 💻 [Tablet] Injecting high-fidelity glossy iPad Pro mockup frame...
[ppc-cr][TABLET][CHROMIUM] ✅ [Mobile] Filled First Name: ckmtestpixel
[ppc-cr][TABLET][CHROMIUM] ✅ [Mobile] Filled Last Name: ckmtestpixel
[ppc-cr][TABLET][CHROMIUM] ✅ [Mobile] Filled Email: ckmtestpixel@gmail.com
[ppc-cr][TABLET][CHROMIUM] ✅ [Mobile] Filled Phone: 401-247-1020
[ppc-cr][TABLET][CHROMIUM] 🔘 [Mobile] Clicking active contact NEXT/SUBMIT button...
[ppc-cr][TABLET][CHROMIUM] 💻 [Tablet] Injecting high-fidelity glossy iPad Pro mockup frame...
[ppc-cr][TABLET][CHROMIUM] ✅ [Mobile] Filled Phone: 401-247-1020
[ppc-cr][TABLET][CHROMIUM] 🔘 [Mobile] Clicking active contact NEXT/SUBMIT button...
[ppc-cr][TABLET][CHROMIUM] 💻 [Tablet] Injecting high-fidelity glossy iPad Pro mockup frame...
[ppc-cr][TABLET][CHROMIUM] 🔘 [Mobile] No active contact NEXT/SUBMIT button visible. Exiting loop.
[ppc-cr][TABLET][CHROMIUM] 🔘 [Mobile] Scanning for additional dynamic steps...
[ppc-cr][TABLET][CHROMIUM] 🔘 [Mobile] Submitting form
[ppc-cr][TABLET][CHROMIUM] ⏳ [Mobile] Waiting for submission navigation to complete
[ppc-cr][TABLET][CHROMIUM] ⏳ [Mobile] Waiting for final Thank You page redirection...
[ppc-cr][TABLET][CHROMIUM] ✅ [Mobile] Targeted final redirect URL achieved!
[ppc-cr][TABLET][CHROMIUM] ✅ [Mobile] Final Thank You URL: https://tra.com/thank-you?debt=10000&leadid=D490F157&reqid=26779139&affid=659&oid=133
[ppc-cr][TABLET][CHROMIUM] ✅ [Mobile] Extracted Lead ID: D490F157
📱 Device Type detected: T-CHROMIUM
✅ Lead captured: D490F157
[ppc-cr][TABLET][CHROMIUM] 📡 Fetching First API data for Lead ID: D490F157...
[ppc-cr][TABLET][CHROMIUM] 📡 Raw XML Response: {
  "lead_info_response": {
    "$": {
      "xmlns:xsd": "http://www.w3.org/2001/XMLSchema",
      "xmlns:xsi": "http://www.w3.org/2001/XMLSchema-instance",
      "xmlns": "http://cakemarketing.com/api/1/"
    },
    "success": "true",
    "row_count": "1",
    "lead_id": "D490F157",
    "personal_info": {
      "first_name": "CKMTESTPIXEL",
      "last_name": "CKMTESTPIXEL",
      "email_address": "ckmtestpixel@gmail.com",
      "address": {
        "street": "",
        "city": "",
        "state": "MD",
        "zip_code": "21219",
        "country": ""
      },
      "ip_address": "27.54.170.27",
      "phone_work": "",
      "phone_home": "401-247-1020",
      "phone_cell": "",
      "best_call_time": "",
      "opt_in": "false"
    },
    "traffic_info": {
      "lead_date": "2026-05-14T02:40:35.23",
      "payout": {
        "currency_id": "1",
        "amount": "0.0000",
        "formatted_amount": "$0.00"
      },
      "affiliate": {
        "affiliate_id": {
          "_": "659",
          "$": {
            "xmlns": "API:id_name_store"
          }
        },
        "affiliate_name": {
          "_": "QA affiliate",
          "$": {
            "xmlns": "API:id_name_store"
          }
        }
      },
      "campaign": {
        "campaign_id": {
          "_": "4510",
          "$": {
            "xmlns": "API:id_name_store"
          }
        },
        "campaign_name": {
          "_": "TRA.com CPL - PPC CR - CPA - $1.00",
          "$": {
            "xmlns": "API:id_name_store"
          }
        }
      },
      "creative_id": "2210",
      "subid_1": "",
      "subid_2": "",
      "subid_3": "",
      "subid_4": "",
      "subid_5": "",
      "referrer": "",
      "pixel_fired": "true",
      "returned_to_affiliate": "false",
      "test": "true",
      "upsell": "false"
    },
    "all_vertical_data": {
      "data": {
        "$": {
          "xmlns": ""
        },
        "tax_debt": "10000",
        "universal_leadid": "CE36A4DC-6A60-D5C8-D0E3-59508F512776",
        "affid": "659",
        "TCPA_checkbox": "1",
        "reqid": "26779139",
        "page": "https://tra.com/ppc/cr",
        "neustar": "fail",
        "neustar_disposition": "N,U,A1,L,0",
        "first_name_lower": "ckmtestpixel",
        "last_name_lower": "ckmtestpixel",
        "opt_special_offers": "on",
        "ckm_campaign_id": "4510"
      }
    },
    "dispositions": {
      "disposition": [
        {
          "disposition_type": "Not Paid For",
          "reason": "Unmatched Filter",
          "filter": "Nuestar Fail"
        },
        {
          "disposition_type": "Sent to Review Queue",
          "reason": "neustar: This value is not valid",
          "filter": "Equals Value"
        }
      ]
    },
    "pings": "",
    "posts": "",
    "sales": ""
  }
}
[ppc-cr][TABLET][CHROMIUM] ✅ First API Data retrieved on attempt 1
[ppc-cr][TABLET][CHROMIUM] [STDERR] (node:25596) Warning: Setting the NODE_TLS_REJECT_UNAUTHORIZED environment variable to '0' makes TLS connections and HTTPS requests insecure by disabling certificate verification.
(Use `node --trace-warnings ...` to show where the warning was created)
[ppc-cr][TABLET][CHROMIUM] ✅ Row appended successfully to sheet: PPC-CR
[ppc-cr][TABLET][CHROMIUM] ✨ Professional formatting applied to PPC-CR
✅ Lead processed successfully for PPC CR Tablet
[ppc-cr][TABLET][CHROMIUM] 🎥 Video saved successfully: traces/videos/PPC-CR_PPC_CR_Tablet.webm
[ppc-cr][TABLET][CHROMIUM] 
✅ Execution successfully processed! { success: true, leadId: 'D490F157', brand: 'PPC CR Tablet' }
[ppc-cr][TABLET][CHROMIUM] [STDERR] ❌ Automation Run encountered a fatal exception: tracing.stop: Target page, context or browser has been closed
✅ [14/5/2026, 3:12:23 pm] COMPLETED: ppc-cr [TABLET][CHROMIUM]

================================================================
🚀 [14/5/2026, 3:12:23 pm] RUNNING: PPC CR (MOBILE) on CHROMIUM
🔗 Target URL: https://flmtra.com/?a=659&oc=848&c=2210&s1=
================================================================
[ppc-cr][MOBILE][CHROMIUM] 🔌 [Browser Interceptor] Intercepting and optimizing engine: CHROMIUM
[ppc-cr][MOBILE][CHROMIUM] ◇ injected env (0) from .env // tip: ⌘ suppress logs { quiet: true }
[ppc-cr][MOBILE][CHROMIUM] ◇ injected env (0) from .env // tip: ⌘ enable debugging { debug: true }
[ppc-cr][MOBILE][CHROMIUM] ◇ injected env (0) from .env // tip: ⌘ suppress logs { quiet: true }
[ppc-cr][MOBILE][CHROMIUM] ◇ injected env (0) from .env // tip: ⌘ suppress logs { quiet: true }
[ppc-cr][MOBILE][CHROMIUM] 
🤖 ================================================================
🤖 MASTER RUNNER: LAUNCHING PPC CR
🤖 Mode:            MOBILE
🤖 Tracking URL:     https://flmtra.com/?a=659&oc=848&c=2210&s1=
🤖 Target Sheet:    PPC-CR
🤖 ================================================================
[ppc-cr][MOBILE][CHROMIUM] 🔌 [Browser Interceptor] Intercepting and optimizing engine: CHROMIUM
[ppc-cr][MOBILE][CHROMIUM] 📱 Emulated Device Profile: MOBILE (iPhone 17 Pro)
[ppc-cr][MOBILE][CHROMIUM] ⏳ Delaying 200ms to allow responsive layouts to mount...
[ppc-cr][MOBILE][CHROMIUM] 🔄 Processing lead for brand: PPC CR Mobile
[ppc-cr][MOBILE][CHROMIUM] 📊 Campaign execution run index: 21
[ppc-cr][MOBILE][CHROMIUM] 🎯 Enforcing dynamic credentials & parameters:
   - First Name:   ckmtestpixel
   - Last Name:    ckmtestpixel
   - Email:        ckmtestpixel@gmail.com
   - Phone Number: 401-247-1021
   - Slider Value: 1,975
   - State Value:  Michigan
[ppc-cr][MOBILE][CHROMIUM] 🔗 [Mobile] Navigating to: https://flmtra.com/?a=659&oc=848&c=2210&s1=
[ppc-cr][MOBILE][CHROMIUM] ✅ [Mobile] Page loaded successfully
[ppc-cr][MOBILE][CHROMIUM] 📱 [Mobile] Injecting high-fidelity glossy Natural Titanium iPhone 17 Pro mockup frame...
[ppc-cr][MOBILE][CHROMIUM] 📱 [Mobile] Injecting high-fidelity glossy Natural Titanium iPhone 17 Pro mockup frame...
[ppc-cr][MOBILE][CHROMIUM] 📝 [Mobile] Starting mobile-specific form filling...
[ppc-cr][MOBILE][CHROMIUM] 🔘 [Mobile] Step 1: Selecting Debt Amount (1,975)
[ppc-cr][MOBILE][CHROMIUM] 🔘 [Mobile] Clicking active visible button: .next-btn1:visible, .btn-next:visible
[ppc-cr][MOBILE][CHROMIUM] ✅ [Mobile] Clicked: .next-btn1:visible, .btn-next:visible
[ppc-cr][MOBILE][CHROMIUM] 📱 [Mobile] Injecting high-fidelity glossy Natural Titanium iPhone 17 Pro mockup frame...
[ppc-cr][MOBILE][CHROMIUM] ✅ [Mobile] Reached a recognized terminal step (State or Contact). Stopping dynamic traversal.
[ppc-cr][MOBILE][CHROMIUM] 🔘 [Mobile] Step 2: Selecting State
[ppc-cr][MOBILE][CHROMIUM] ✅ [Mobile] Selected state dynamically: "Massachusetts"
[ppc-cr][MOBILE][CHROMIUM] 📝 [Mobile] step3 column set to State: "Massachusetts"
[ppc-cr][MOBILE][CHROMIUM] 🔘 [Mobile] Clicking active visible button: .next-btn:visible, .next-btn2:visible, .btn-next:visible
[ppc-cr][MOBILE][CHROMIUM] ✅ [Mobile] Clicked: .next-btn:visible, .next-btn2:visible, .btn-next:visible
[ppc-cr][MOBILE][CHROMIUM] 📱 [Mobile] Injecting high-fidelity glossy Natural Titanium iPhone 17 Pro mockup frame...
[ppc-cr][MOBILE][CHROMIUM] 🔘 [Mobile] Step 3: Filling Contact Info (Dynamic Loop)...
[ppc-cr][MOBILE][CHROMIUM] 📱 [Mobile] Injecting high-fidelity glossy Natural Titanium iPhone 17 Pro mockup frame...
[ppc-cr][MOBILE][CHROMIUM] ✅ [Mobile] Filled First Name: ckmtestpixel
[ppc-cr][MOBILE][CHROMIUM] ✅ [Mobile] Filled Last Name: ckmtestpixel
[ppc-cr][MOBILE][CHROMIUM] ✅ [Mobile] Filled Email: ckmtestpixel@gmail.com
[ppc-cr][MOBILE][CHROMIUM] ✅ [Mobile] Filled Phone: 401-247-1021
[ppc-cr][MOBILE][CHROMIUM] 🔘 [Mobile] Clicking active contact NEXT/SUBMIT button...
[ppc-cr][MOBILE][CHROMIUM] 📱 [Mobile] Injecting high-fidelity glossy Natural Titanium iPhone 17 Pro mockup frame...
[ppc-cr][MOBILE][CHROMIUM] ✅ [Mobile] Filled Phone: 401-247-1021
[ppc-cr][MOBILE][CHROMIUM] 🔘 [Mobile] No active contact NEXT/SUBMIT button visible. Exiting loop.
🔘 [Mobile] Scanning for additional dynamic steps...
[ppc-cr][MOBILE][CHROMIUM] 🔘 [Mobile] Submitting form
[ppc-cr][MOBILE][CHROMIUM] ⏳ [Mobile] Waiting for submission navigation to complete
[ppc-cr][MOBILE][CHROMIUM] ⏳ [Mobile] Waiting for final Thank You page redirection...
[ppc-cr][MOBILE][CHROMIUM] ✅ [Mobile] Targeted final redirect URL achieved!
[ppc-cr][MOBILE][CHROMIUM] ✅ [Mobile] Final Thank You URL: https://tra.com/thank-you?debt=10000&leadid=654FA6FF&reqid=26779142&affid=659&oid=133
[ppc-cr][MOBILE][CHROMIUM] ✅ [Mobile] Extracted Lead ID: 654FA6FF
📱 Device Type detected: M-CHROMIUM
✅ Lead captured: 654FA6FF
[ppc-cr][MOBILE][CHROMIUM] 📡 Fetching First API data for Lead ID: 654FA6FF...
[ppc-cr][MOBILE][CHROMIUM] 📡 Raw XML Response: {
  "lead_info_response": {
    "$": {
      "xmlns:xsd": "http://www.w3.org/2001/XMLSchema",
      "xmlns:xsi": "http://www.w3.org/2001/XMLSchema-instance",
      "xmlns": "http://cakemarketing.com/api/1/"
    },
    "success": "true",
    "row_count": "1",
    "lead_id": "654FA6FF",
    "personal_info": {
      "first_name": "CKMTESTPIXEL",
      "last_name": "CKMTESTPIXEL",
      "email_address": "ckmtestpixel@gmail.com",
      "address": {
        "street": "",
        "city": "",
        "state": "MA",
        "zip_code": "01255",
        "country": ""
      },
      "ip_address": "27.54.170.27",
      "phone_work": "",
      "phone_home": "401-247-1021",
      "phone_cell": "",
      "best_call_time": "",
      "opt_in": "false"
    },
    "traffic_info": {
      "lead_date": "2026-05-14T02:42:47.063",
      "payout": {
        "currency_id": "1",
        "amount": "0.0000",
        "formatted_amount": "$0.00"
      },
      "affiliate": {
        "affiliate_id": {
          "_": "659",
          "$": {
            "xmlns": "API:id_name_store"
          }
        },
        "affiliate_name": {
          "_": "QA affiliate",
          "$": {
            "xmlns": "API:id_name_store"
          }
        }
      },
      "campaign": {
        "campaign_id": {
          "_": "4510",
          "$": {
            "xmlns": "API:id_name_store"
          }
        },
        "campaign_name": {
          "_": "TRA.com CPL - PPC CR - CPA - $1.00",
          "$": {
            "xmlns": "API:id_name_store"
          }
        }
      },
      "creative_id": "2210",
      "subid_1": "",
      "subid_2": "",
      "subid_3": "",
      "subid_4": "",
      "subid_5": "",
      "referrer": "",
      "pixel_fired": "true",
      "returned_to_affiliate": "false",
      "test": "true",
      "upsell": "false"
    },
    "all_vertical_data": {
      "data": {
        "$": {
          "xmlns": ""
        },
        "tax_debt": "10000",
        "universal_leadid": "632AC28F-1DE7-120C-4BB5-785A4D23A208",
        "affid": "659",
        "TCPA_checkbox": "1",
        "reqid": "26779142",
        "page": "https://tra.com/ppc/cr",
        "neustar": "fail",
        "neustar_disposition": "N,U,I2,L,0",
        "first_name_lower": "ckmtestpixel",
        "last_name_lower": "ckmtestpixel",
        "opt_special_offers": "on",
        "ckm_campaign_id": "4510"
      }
    },
    "dispositions": {
      "disposition": [
        {
          "disposition_type": "Not Paid For",
          "reason": "Unmatched Filter",
          "filter": "Nuestar Fail"
        },
        {
          "disposition_type": "Sent to Review Queue",
          "reason": "neustar: This value is not valid",
          "filter": "Equals Value"
        }
      ]
    },
    "pings": "",
    "posts": "",
    "sales": ""
  }
}
[ppc-cr][MOBILE][CHROMIUM] ✅ First API Data retrieved on attempt 1
[ppc-cr][MOBILE][CHROMIUM] [STDERR] (node:15028) Warning: Setting the NODE_TLS_REJECT_UNAUTHORIZED environment variable to '0' makes TLS connections and HTTPS requests insecure by disabling certificate verification.
(Use `node --trace-warnings ...` to show where the warning was created)
[ppc-cr][MOBILE][CHROMIUM] ✅ Row appended successfully to sheet: PPC-CR
[ppc-cr][MOBILE][CHROMIUM] ⚠️  Non-fatal formatting error for PPC-CR (Banding might already exist): Invalid requests[2].addBanding: You cannot add alternating background colors to a range that already has alternating background colors.
[ppc-cr][MOBILE][CHROMIUM] ✅ Lead processed successfully for PPC CR Mobile
[ppc-cr][MOBILE][CHROMIUM] 🎥 Video saved successfully: traces/videos/PPC-CR_PPC_CR_Mobile.webm
[ppc-cr][MOBILE][CHROMIUM] 
✅ Execution successfully processed! { success: true, leadId: '654FA6FF', brand: 'PPC CR Mobile' }
[ppc-cr][MOBILE][CHROMIUM] [STDERR] ❌ Automation Run encountered a fatal exception: tracing.stop: Target page, context or browser has been closed
✅ [14/5/2026, 3:13:16 pm] COMPLETED: ppc-cr [MOBILE][CHROMIUM]

================================================================
⚡ Running Campaign Viewports on Browser Engine: CHROMIUM - [PPC-FS]
================================================================

================================================================
🚀 [14/5/2026, 3:13:17 pm] RUNNING: PPC FS (DESKTOP) on CHROMIUM
🔗 Target URL: https://flmtra.com/?a=659&oc=841&c=2210&s1=
================================================================
[ppc-fs][DESKTOP][CHROMIUM] 🔌 [Browser Interceptor] Intercepting and optimizing engine: CHROMIUM
[ppc-fs][DESKTOP][CHROMIUM] ◇ injected env (0) from .env // tip: ⌘ enable debugging { debug: true }
[ppc-fs][DESKTOP][CHROMIUM] ◇ injected env (0) from .env // tip: ⌘ enable debugging { debug: true }
[ppc-fs][DESKTOP][CHROMIUM] ◇ injected env (0) from .env // tip: ⌘ override existing { override: true }
[ppc-fs][DESKTOP][CHROMIUM] ◇ injected env (0) from .env // tip: ⌘ custom filepath { path: '/custom/path/.env' }
[ppc-fs][DESKTOP][CHROMIUM] 
🤖 ================================================================
[ppc-fs][DESKTOP][CHROMIUM] 🤖 MASTER RUNNER: LAUNCHING PPC FS
🤖 Mode:            DESKTOP
🤖 Tracking URL:     https://flmtra.com/?a=659&oc=841&c=2210&s1=
🤖 Target Sheet:    PPC FS
[ppc-fs][DESKTOP][CHROMIUM] 🤖 ================================================================
[ppc-fs][DESKTOP][CHROMIUM] 🔌 [Browser Interceptor] Intercepting and optimizing engine: CHROMIUM
[ppc-fs][DESKTOP][CHROMIUM] 💻 Emulated Device Profile: DESKTOP
[ppc-fs][DESKTOP][CHROMIUM] 🔄 Processing lead for brand: PPC FS
[ppc-fs][DESKTOP][CHROMIUM] 📊 Campaign execution run index: 15
[ppc-fs][DESKTOP][CHROMIUM] 🎯 Enforcing dynamic credentials & parameters:
   - First Name:   ckmtestpixel
   - Last Name:    ckmtestpixel
   - Email:        ckmtestpixel@gmail.com
   - Phone Number: 401-247-1015
   - Slider Value: 6,000
   - State Value:  Kansas
[ppc-fs][DESKTOP][CHROMIUM] 🔗 Navigating to: https://flmtra.com/?a=659&oc=841&c=2210&s1=
[ppc-fs][DESKTOP][CHROMIUM] ✅ Page loaded successfully
[ppc-fs][DESKTOP][CHROMIUM] 📝 Starting multi-step form filling process...
[ppc-fs][DESKTOP][CHROMIUM] 🔘 Step 1: Handling Debt Amount (6,000)
[ppc-fs][DESKTOP][CHROMIUM] 🔘 Attempting to click .next-btn1, .btn-next
[ppc-fs][DESKTOP][CHROMIUM] ✅ Clicked .next-btn1, .btn-next
[ppc-fs][DESKTOP][CHROMIUM] ✅ Reached a recognized terminal step (State or Contact). Stopping dynamic traversal.
[ppc-fs][DESKTOP][CHROMIUM] 🔘 Step: Selecting State
[ppc-fs][DESKTOP][CHROMIUM] ✅ Selected state dynamically: "Iowa"
[ppc-fs][DESKTOP][CHROMIUM] 📝 step3 column set to State: "Iowa"
[ppc-fs][DESKTOP][CHROMIUM] 🔘 Clicking generic NEXT button
[ppc-fs][DESKTOP][CHROMIUM] ✅ Clicked generic NEXT button
[ppc-fs][DESKTOP][CHROMIUM] 🔘 Filling Contact Info (Dynamic Loop)...
[ppc-fs][DESKTOP][CHROMIUM] ✅ Filled First Name: ckmtestpixel
[ppc-fs][DESKTOP][CHROMIUM] ✅ Filled Last Name: ckmtestpixel
[ppc-fs][DESKTOP][CHROMIUM] ✅ Filled Email: ckmtestpixel@gmail.com
[ppc-fs][DESKTOP][CHROMIUM] ✅ Filled Phone: 401-247-1015
[ppc-fs][DESKTOP][CHROMIUM] 🔘 Clicking active contact NEXT/SUBMIT button...
[ppc-fs][DESKTOP][CHROMIUM] [STDERR] ❌ Error during form filling: locator.click: Timeout 25000ms exceeded.
Call log:
[2m  - waiting for locator('#primary_phone:visible, #phone:visible, #phone_home:visible, input[name="phone"]:visible, input[name="phone_home"]:visible, input[name="primary_phone"]:visible, input[type="tel"]:visible').first()[22m
[2m    - locator resolved to <input type="tel" id="primary_phone" placeholder="Phone" name="primary_phone" aria-invalid="false" class="form-control valid" data-gtm-form-interact-field-id="4"/>[22m
[2m  - attempting click action[22m
[2m    2 × waiting for element to be visible, enabled and stable[22m
[2m      - element is visible, enabled and stable[22m
[2m      - scrolling into view if needed[22m
[2m      - done scrolling[22m
[2m      - <div class="loader">Loading…</div> intercepts pointer events[22m
[2m    - retrying click action[22m
[2m    - waiting 20ms[22m
[2m    2 × waiting for element to be visible, enabled and stable[22m
[2m      - element is visible, enabled and stable[22m
[2m      - scrolling into view if needed[22m
[2m      - done scrolling[22m
[2m      - <div class="loader">Loading…</div> intercepts pointer events[22m
[2m    - retrying click action[22m
[2m      - waiting 100ms[22m
[2m    2 × waiting for element to be visible, enabled and stable[22m
[2m      - element is visible, enabled and stable[22m
[2m      - scrolling into view if needed[22m
[2m      - done scrolling[22m
[2m      - <div class="loader">Loading…</div> intercepts pointer events[22m
[2m    - retrying click action[22m
[2m      - waiting 500ms[22m
[2m    - waiting for" https://tra.com/thank-you?debt=10000&leadid=730CF875&reqid=26779143&affid=659&oid=133" navigation to finish...[22m
[2m    - navigated to "https://tra.com/thank-you?debt=10000&leadid=730CF875&reqid=26779143&affid=659&oid=133"[22m
[2m    - waiting for element to be visible, enabled and stable[22m
[2m  - element was detached from the DOM, retrying[22m

[ppc-fs][DESKTOP][CHROMIUM] [STDERR] ❌ Failed processing PPC FS: locator.click: Timeout 25000ms exceeded.
Call log:
[2m  - waiting for locator('#primary_phone:visible, #phone:visible, #phone_home:visible, input[name="phone"]:visible, input[name="phone_home"]:visible, input[name="primary_phone"]:visible, input[type="tel"]:visible').first()[22m
[2m    - locator resolved to <input type="tel" id="primary_phone" placeholder="Phone" name="primary_phone" aria-invalid="false" class="form-control valid" data-gtm-form-interact-field-id="4"/>[22m
[2m  - attempting click action[22m
[2m    2 × waiting for element to be visible, enabled and stable[22m
[2m      - element is visible, enabled and stable[22m
[2m      - scrolling into view if needed[22m
[2m      - done scrolling[22m
[2m      - <div class="loader">Loading…</div> intercepts pointer events[22m
[2m    - retrying click action[22m
[2m    - waiting 20ms[22m
[2m    2 × waiting for element to be visible, enabled and stable[22m
[2m      - element is visible, enabled and stable[22m
[2m      - scrolling into view if needed[22m
[2m      - done scrolling[22m
[2m      - <div class="loader">Loading…</div> intercepts pointer events[22m
[2m    - retrying click action[22m
[2m      - waiting 100ms[22m
[2m    2 × waiting for element to be visible, enabled and stable[22m
[2m      - element is visible, enabled and stable[22m
[2m      - scrolling into view if needed[22m
[2m      - done scrolling[22m
[2m      - <div class="loader">Loading…</div> intercepts pointer events[22m
[2m    - retrying click action[22m
[2m      - waiting 500ms[22m
[2m    - waiting for" https://tra.com/thank-you?debt=10000&leadid=730CF875&reqid=26779143&affid=659&oid=133" navigation to finish...[22m
[2m    - navigated to "https://tra.com/thank-you?debt=10000&leadid=730CF875&reqid=26779143&affid=659&oid=133"[22m
[2m    - waiting for element to be visible, enabled and stable[22m
[2m  - element was detached from the DOM, retrying[22m

[ppc-fs][DESKTOP][CHROMIUM] 
✅ Execution successfully processed! {
  success: false,
  error: 'locator.click: Timeout 25000ms exceeded.\n' +
    'Call log:\n' +
    `\x1B[2m  - waiting for locator('#primary_phone:visible, #phone:visible, #phone_home:visible, input[name="phone"]:visible, input[name="phone_home"]:visible, input[name="primary_phone"]:visible, input[type="tel"]:visible').first()\x1B[22m\n` +
    '\x1B[2m    - locator resolved to <input type="tel" id="primary_phone" placeholder="Phone" name="primary_phone" aria-invalid="false" class="form-control valid" data-gtm-form-interact-field-id="4"/>\x1B[22m\n' +
    '\x1B[2m  - attempting click action\x1B[22m\n' +
    '\x1B[2m    2 × waiting for element to be visible, enabled and stable\x1B[22m\n' +
    '\x1B[2m      - element is visible, enabled and stable\x1B[22m\n' +
    '\x1B[2m      - scrolling into view if needed\x1B[22m\n' +
    '\x1B[2m      - done scrolling\x1B[22m\n' +
    '\x1B[2m      - <div class="loader">Loading…</div> intercepts pointer events\x1B[22m\n' +
    '\x1B[2m    - retrying click action\x1B[22m\n' +
    '\x1B[2m    - waiting 20ms\x1B[22m\n' +
    '\x1B[2m    2 × waiting for element to be visible, enabled and stable\x1B[22m\n' +
    '\x1B[2m      - element is visible, enabled and stable\x1B[22m\n' +
    '\x1B[2m      - scrolling into view if needed\x1B[22m\n' +
    '\x1B[2m      - done scrolling\x1B[22m\n' +
    '\x1B[2m      - <div class="loader">Loading…</div> intercepts pointer events\x1B[22m\n' +
    '\x1B[2m    - retrying click action\x1B[22m\n' +
    '\x1B[2m      - waiting 100ms\x1B[22m\n' +
    '\x1B[2m    2 × waiting for element to be visible, enabled and stable\x1B[22m\n' +
    '\x1B[2m      - element is visible, enabled and stable\x1B[22m\n' +
    '\x1B[2m      - scrolling into view if needed\x1B[22m\n' +
    '\x1B[2m      - done scrolling\x1B[22m\n' +
    '\x1B[2m      - <div class="loader">Loading…</div> intercepts pointer events\x1B[22m\n' +
    '\x1B[2m    - retrying click action\x1B[22m\n' +
    '\x1B[2m      - waiting 500ms\x1B[22m\n' +
    '\x1B[2m    - waiting for" https://tra.com/thank-you?debt=10000&leadid=730CF875&reqid=26779143&affid=659&oid=133" navigation to finish...\x1B[22m\n' +
    '\x1B[2m    - navigated to "https://tra.com/thank-you?debt=10000&leadid=730CF875&reqid=26779143&affid=659&oid=133"\x1B[22m\n' +
    '\x1B[2m    - waiting for element to be visible, enabled and stable\x1B[22m\n' +
    '\x1B[2m  - element was detached from the DOM, retrying\x1B[22m\n',
  brand: 'PPC FS'
}
[ppc-fs][DESKTOP][CHROMIUM] 📋 Trace report successfully saved: traces/ppc-fs_desktop.zip
✅ [14/5/2026, 3:14:15 pm] COMPLETED: ppc-fs [DESKTOP][CHROMIUM]

================================================================
🚀 [14/5/2026, 3:14:16 pm] RUNNING: PPC FS (TABLET) on CHROMIUM
🔗 Target URL: https://flmtra.com/?a=659&oc=841&c=2210&s1=
================================================================
[ppc-fs][TABLET][CHROMIUM] 🔌 [Browser Interceptor] Intercepting and optimizing engine: CHROMIUM
[ppc-fs][TABLET][CHROMIUM] ◇ injected env (0) from .env // tip: ⌘ custom filepath { path: '/custom/path/.env' }
[ppc-fs][TABLET][CHROMIUM] ◇ injected env (0) from .env // tip: ◈ encrypted .env [www.dotenvx.com]
[ppc-fs][TABLET][CHROMIUM] ◇ injected env (0) from .env // tip: ⌘ multiple files { path: ['.env.local', '.env'] }
[ppc-fs][TABLET][CHROMIUM] ◇ injected env (0) from .env // tip: ⌘ override existing { override: true }
[ppc-fs][TABLET][CHROMIUM] 
🤖 ================================================================
[ppc-fs][TABLET][CHROMIUM] 🤖 MASTER RUNNER: LAUNCHING PPC FS
🤖 Mode:            TABLET
[ppc-fs][TABLET][CHROMIUM] 🤖 Tracking URL:     https://flmtra.com/?a=659&oc=841&c=2210&s1=
[ppc-fs][TABLET][CHROMIUM] 🤖 Target Sheet:    PPC FS
[ppc-fs][TABLET][CHROMIUM] 🤖 ================================================================
[ppc-fs][TABLET][CHROMIUM] 🔌 [Browser Interceptor] Intercepting and optimizing engine: CHROMIUM
[ppc-fs][TABLET][CHROMIUM] 📋 Emulated Device Profile: TABLET (iPad Pro 11)
[ppc-fs][TABLET][CHROMIUM] ⏳ Delaying 200ms to allow responsive layouts to mount...
[ppc-fs][TABLET][CHROMIUM] 🔄 Processing lead for brand: PPC FS Tablet
[ppc-fs][TABLET][CHROMIUM] 📊 Campaign execution run index: 16
[ppc-fs][TABLET][CHROMIUM] 🎯 Enforcing dynamic credentials & parameters:
   - First Name:   ckmtestpixel
   - Last Name:    ckmtestpixel
[ppc-fs][TABLET][CHROMIUM]    - Email:        ckmtestpixel@gmail.com
   - Phone Number: 401-247-1016
   - Slider Value: 8,594
   - State Value:  Kentucky
[ppc-fs][TABLET][CHROMIUM] 🔗 [Mobile] Navigating to: https://flmtra.com/?a=659&oc=841&c=2210&s1=
[ppc-fs][TABLET][CHROMIUM] ✅ [Mobile] Page loaded successfully
[ppc-fs][TABLET][CHROMIUM] 💻 [Tablet] Injecting high-fidelity glossy iPad Pro mockup frame...
[ppc-fs][TABLET][CHROMIUM] 💻 [Tablet] Injecting high-fidelity glossy iPad Pro mockup frame...
[ppc-fs][TABLET][CHROMIUM] 📝 [Mobile] Starting mobile-specific form filling...
[ppc-fs][TABLET][CHROMIUM] 🔘 [Mobile] Step 1: Selecting Debt Amount (8,594)
[ppc-fs][TABLET][CHROMIUM] 🔘 [Mobile] Clicking active visible button: .next-btn1:visible, .btn-next:visible
[ppc-fs][TABLET][CHROMIUM] ✅ [Mobile] Clicked: .next-btn1:visible, .btn-next:visible
[ppc-fs][TABLET][CHROMIUM] 💻 [Tablet] Injecting high-fidelity glossy iPad Pro mockup frame...
[ppc-fs][TABLET][CHROMIUM] ✅ [Mobile] Reached a recognized terminal step (State or Contact). Stopping dynamic traversal.
[ppc-fs][TABLET][CHROMIUM] 🔘 [Mobile] Step 2: Selecting State
[ppc-fs][TABLET][CHROMIUM] ✅ [Mobile] Selected state dynamically: "Kansas"
[ppc-fs][TABLET][CHROMIUM] 📝 [Mobile] step3 column set to State: "Kansas"
[ppc-fs][TABLET][CHROMIUM] 🔘 [Mobile] Clicking active visible button: .next-btn:visible, .next-btn2:visible, .btn-next:visible
[ppc-fs][TABLET][CHROMIUM] ✅ [Mobile] Clicked: .next-btn:visible, .next-btn2:visible, .btn-next:visible
[ppc-fs][TABLET][CHROMIUM] 💻 [Tablet] Injecting high-fidelity glossy iPad Pro mockup frame...
[ppc-fs][TABLET][CHROMIUM] 🔘 [Mobile] Step 3: Filling Contact Info (Dynamic Loop)...
[ppc-fs][TABLET][CHROMIUM] 💻 [Tablet] Injecting high-fidelity glossy iPad Pro mockup frame...
[ppc-fs][TABLET][CHROMIUM] ✅ [Mobile] Filled First Name: ckmtestpixel
[ppc-fs][TABLET][CHROMIUM] ✅ [Mobile] Filled Last Name: ckmtestpixel
[ppc-fs][TABLET][CHROMIUM] ✅ [Mobile] Filled Email: ckmtestpixel@gmail.com
[ppc-fs][TABLET][CHROMIUM] ✅ [Mobile] Filled Phone: 401-247-1016
[ppc-fs][TABLET][CHROMIUM] 🔘 [Mobile] Clicking active contact NEXT/SUBMIT button...
[ppc-fs][TABLET][CHROMIUM] 💻 [Tablet] Injecting high-fidelity glossy iPad Pro mockup frame...
[ppc-fs][TABLET][CHROMIUM] ✅ [Mobile] Filled Phone: 401-247-1016
[ppc-fs][TABLET][CHROMIUM] 🔘 [Mobile] Clicking active contact NEXT/SUBMIT button...
[ppc-fs][TABLET][CHROMIUM] 💻 [Tablet] Injecting high-fidelity glossy iPad Pro mockup frame...
[ppc-fs][TABLET][CHROMIUM] 🔘 [Mobile] No active contact NEXT/SUBMIT button visible. Exiting loop.
🔘 [Mobile] Scanning for additional dynamic steps...
[ppc-fs][TABLET][CHROMIUM] 🔘 [Mobile] Submitting form
[ppc-fs][TABLET][CHROMIUM] ⏳ [Mobile] Waiting for submission navigation to complete
[ppc-fs][TABLET][CHROMIUM] ⏳ [Mobile] Waiting for final Thank You page redirection...
[ppc-fs][TABLET][CHROMIUM] ✅ [Mobile] Targeted final redirect URL achieved!
[ppc-fs][TABLET][CHROMIUM] ✅ [Mobile] Final Thank You URL: https://tra.com/thank-you?debt=10000&leadid=0D11F0EB&reqid=26779144&affid=659&oid=133
[ppc-fs][TABLET][CHROMIUM] ✅ [Mobile] Extracted Lead ID: 0D11F0EB
📱 Device Type detected: T-CHROMIUM
✅ Lead captured: 0D11F0EB
[ppc-fs][TABLET][CHROMIUM] 📡 Fetching First API data for Lead ID: 0D11F0EB...
[ppc-fs][TABLET][CHROMIUM] 📡 Raw XML Response: {
  "lead_info_response": {
    "$": {
      "xmlns:xsd": "http://www.w3.org/2001/XMLSchema",
      "xmlns:xsi": "http://www.w3.org/2001/XMLSchema-instance",
      "xmlns": "http://cakemarketing.com/api/1/"
    },
    "success": "true",
    "row_count": "1",
    "lead_id": "0D11F0EB",
    "personal_info": {
      "first_name": "CKMTESTPIXEL",
      "last_name": "CKMTESTPIXEL",
      "email_address": "ckmtestpixel@gmail.com",
      "address": {
        "street": "",
        "city": "",
        "state": "KS",
        "zip_code": "67016",
        "country": ""
      },
      "ip_address": "27.54.170.27",
      "phone_work": "",
      "phone_home": "401-247-1016",
      "phone_cell": "",
      "best_call_time": "",
      "opt_in": "false"
    },
    "traffic_info": {
      "lead_date": "2026-05-14T02:44:42.373",
      "payout": {
        "currency_id": "1",
        "amount": "0.0000",
        "formatted_amount": "$0.00"
      },
      "affiliate": {
        "affiliate_id": {
          "_": "659",
          "$": {
            "xmlns": "API:id_name_store"
          }
        },
        "affiliate_name": {
          "_": "QA affiliate",
          "$": {
            "xmlns": "API:id_name_store"
          }
        }
      },
      "campaign": {
        "campaign_id": {
          "_": "4473",
          "$": {
            "xmlns": "API:id_name_store"
          }
        },
        "campaign_name": {
          "_": "TRA.com CPL - PPC FS - CPA - $1.00",
          "$": {
            "xmlns": "API:id_name_store"
          }
        }
      },
      "creative_id": "2210",
      "subid_1": "",
      "subid_2": "",
      "subid_3": "",
      "subid_4": "",
      "subid_5": "",
      "referrer": "",
      "pixel_fired": "true",
      "returned_to_affiliate": "false",
      "test": "true",
      "upsell": "false"
    },
    "all_vertical_data": {
      "data": {
        "$": {
          "xmlns": ""
        },
        "tax_debt": "10000",
        "universal_leadid": "0D65CBFC-B58C-FB57-3194-94FEB7CA9ABE",
        "affid": "659",
        "TCPA_checkbox": "1",
        "reqid": "26779144",
        "page": "https://tra.com/ppc/fs",
        "neustar": "pass",
        "neustar_disposition": "N,U,A3,W,0",
        "first_name_lower": "ckmtestpixel",
        "last_name_lower": "ckmtestpixel",
        "opt_special_offers": "on"
      }
    },
    "dispositions": "",
    "pings": "",
    "posts": "",
    "sales": ""
  }
}
[ppc-fs][TABLET][CHROMIUM] ✅ First API Data retrieved on attempt 1
[ppc-fs][TABLET][CHROMIUM] 📡 Fetching Second API data for Lead ID: 0D11F0EB...
[ppc-fs][TABLET][CHROMIUM] 📡 Standard Second API Payload: cake_id=0D11F0EB, domain_name=https://www.taxreliefadvocates.com
[ppc-fs][TABLET][CHROMIUM] [STDERR] (node:13972) Warning: Setting the NODE_TLS_REJECT_UNAUTHORIZED environment variable to '0' makes TLS connections and HTTPS requests insecure by disabling certificate verification.
(Use `node --trace-warnings ...` to show where the warning was created)
[ppc-fs][TABLET][CHROMIUM] [STDERR] ❌ Second API Attempt 1 failed: Request failed with status code 404
[ppc-fs][TABLET][CHROMIUM] ⏳ Retrying in 1 second to allow database synchronization...
[ppc-fs][TABLET][CHROMIUM] 📡 Standard Second API Payload: cake_id=0D11F0EB, domain_name=https://www.taxreliefadvocates.com
[ppc-fs][TABLET][CHROMIUM] [STDERR] ❌ Second API Attempt 2 failed: Request failed with status code 404
[ppc-fs][TABLET][CHROMIUM] ⏳ Retrying in 1 second to allow database synchronization...
[ppc-fs][TABLET][CHROMIUM] 📡 Standard Second API Payload: cake_id=0D11F0EB, domain_name=https://www.taxreliefadvocates.com
[ppc-fs][TABLET][CHROMIUM] [STDERR] ❌ Second API Attempt 3 failed: Request failed with status code 404
[ppc-fs][TABLET][CHROMIUM] ⏳ Retrying in 1 second to allow database synchronization...
[ppc-fs][TABLET][CHROMIUM] 📡 Standard Second API Payload: cake_id=0D11F0EB, domain_name=https://www.taxreliefadvocates.com
[ppc-fs][TABLET][CHROMIUM] [STDERR] ❌ Second API Attempt 4 failed: Request failed with status code 404
[ppc-fs][TABLET][CHROMIUM] ⏳ Retrying in 1 second to allow database synchronization...
[ppc-fs][TABLET][CHROMIUM] 📡 Standard Second API Payload: cake_id=0D11F0EB, domain_name=https://www.taxreliefadvocates.com
[ppc-fs][TABLET][CHROMIUM] [STDERR] ❌ Second API Attempt 5 failed: Request failed with status code 404
[ppc-fs][TABLET][CHROMIUM] 🆕 Sheet "PPC FS" not found. Creating new sheet with standard headers...
[ppc-fs][TABLET][CHROMIUM] ✅ New sheet "PPC FS" successfully created and initialized.
[ppc-fs][TABLET][CHROMIUM] ✅ Row appended successfully to sheet: PPC FS
[ppc-fs][TABLET][CHROMIUM] ✨ Professional formatting applied to PPC FS
✅ Lead processed successfully for PPC FS Tablet
[ppc-fs][TABLET][CHROMIUM] 🎥 Video saved successfully: traces/videos/PPC FS_PPC_FS_Tablet.webm
[ppc-fs][TABLET][CHROMIUM] 
✅ Execution successfully processed! { success: true, leadId: '0D11F0EB', brand: 'PPC FS Tablet' }
[ppc-fs][TABLET][CHROMIUM] [STDERR] ❌ Automation Run encountered a fatal exception: tracing.stop: Target page, context or browser has been closed
✅ [14/5/2026, 3:15:24 pm] COMPLETED: ppc-fs [TABLET][CHROMIUM]

================================================================
🚀 [14/5/2026, 3:15:24 pm] RUNNING: PPC FS (MOBILE) on CHROMIUM
🔗 Target URL: https://flmtra.com/?a=659&oc=841&c=2210&s1=
================================================================
[ppc-fs][MOBILE][CHROMIUM] 🔌 [Browser Interceptor] Intercepting and optimizing engine: CHROMIUM
[ppc-fs][MOBILE][CHROMIUM] ◇ injected env (0) from .env // tip: ⌘ multiple files { path: ['.env.local', '.env'] }
[ppc-fs][MOBILE][CHROMIUM] ◇ injected env (0) from .env // tip: ⌘ enable debugging { debug: true }
[ppc-fs][MOBILE][CHROMIUM] ◇ injected env (0) from .env // tip: ◈ secrets for agents [www.dotenvx.com]
[ppc-fs][MOBILE][CHROMIUM] ◇ injected env (0) from .env // tip: ⌘ custom filepath { path: '/custom/path/.env' }
[ppc-fs][MOBILE][CHROMIUM] 
🤖 ================================================================
🤖 MASTER RUNNER: LAUNCHING PPC FS
[ppc-fs][MOBILE][CHROMIUM] 🤖 Mode:            MOBILE
🤖 Tracking URL:     https://flmtra.com/?a=659&oc=841&c=2210&s1=
🤖 Target Sheet:    PPC FS
🤖 ================================================================
[ppc-fs][MOBILE][CHROMIUM] 🔌 [Browser Interceptor] Intercepting and optimizing engine: CHROMIUM
[ppc-fs][MOBILE][CHROMIUM] 📱 Emulated Device Profile: MOBILE (iPhone 17 Pro)
[ppc-fs][MOBILE][CHROMIUM] ⏳ Delaying 200ms to allow responsive layouts to mount...
[ppc-fs][MOBILE][CHROMIUM] 🔄 Processing lead for brand: PPC FS Mobile
[ppc-fs][MOBILE][CHROMIUM] 📊 Campaign execution run index: 17
[ppc-fs][MOBILE][CHROMIUM] 🎯 Enforcing dynamic credentials & parameters:
   - First Name:   ckmtestpixel
   - Last Name:    ckmtestpixel
   - Email:        ckmtestpixel@gmail.com
   - Phone Number: 401-247-1017
   - Slider Value: 10,340
   - State Value:  Louisiana
[ppc-fs][MOBILE][CHROMIUM] 🔗 [Mobile] Navigating to: https://flmtra.com/?a=659&oc=841&c=2210&s1=
[ppc-fs][MOBILE][CHROMIUM] ✅ [Mobile] Page loaded successfully
[ppc-fs][MOBILE][CHROMIUM] 📱 [Mobile] Injecting high-fidelity glossy Natural Titanium iPhone 17 Pro mockup frame...
[ppc-fs][MOBILE][CHROMIUM] 📱 [Mobile] Injecting high-fidelity glossy Natural Titanium iPhone 17 Pro mockup frame...
[ppc-fs][MOBILE][CHROMIUM] 📝 [Mobile] Starting mobile-specific form filling...
[ppc-fs][MOBILE][CHROMIUM] 🔘 [Mobile] Step 1: Selecting Debt Amount (10,340)
[ppc-fs][MOBILE][CHROMIUM] ✅ [Mobile] Selected debt amount: span:has-text("$10,000")
[ppc-fs][MOBILE][CHROMIUM] 🔘 [Mobile] Clicking active visible button: .next-btn1:visible, .btn-next:visible
[ppc-fs][MOBILE][CHROMIUM] ✅ [Mobile] Clicked: .next-btn1:visible, .btn-next:visible
[ppc-fs][MOBILE][CHROMIUM] 📱 [Mobile] Injecting high-fidelity glossy Natural Titanium iPhone 17 Pro mockup frame...
[ppc-fs][MOBILE][CHROMIUM] ✅ [Mobile] Reached a recognized terminal step (State or Contact). Stopping dynamic traversal.
[ppc-fs][MOBILE][CHROMIUM] 🔘 [Mobile] Step 2: Selecting State
[ppc-fs][MOBILE][CHROMIUM] ✅ [Mobile] Selected state dynamically: "Kentucky"
[ppc-fs][MOBILE][CHROMIUM] 📝 [Mobile] step3 column set to State: "Kentucky"
[ppc-fs][MOBILE][CHROMIUM] 🔘 [Mobile] Clicking active visible button: .next-btn:visible, .next-btn2:visible, .btn-next:visible
[ppc-fs][MOBILE][CHROMIUM] ✅ [Mobile] Clicked: .next-btn:visible, .next-btn2:visible, .btn-next:visible
[ppc-fs][MOBILE][CHROMIUM] 📱 [Mobile] Injecting high-fidelity glossy Natural Titanium iPhone 17 Pro mockup frame...
[ppc-fs][MOBILE][CHROMIUM] 🔘 [Mobile] Step 3: Filling Contact Info (Dynamic Loop)...
[ppc-fs][MOBILE][CHROMIUM] 📱 [Mobile] Injecting high-fidelity glossy Natural Titanium iPhone 17 Pro mockup frame...
[ppc-fs][MOBILE][CHROMIUM] ✅ [Mobile] Filled First Name: ckmtestpixel
[ppc-fs][MOBILE][CHROMIUM] ✅ [Mobile] Filled Last Name: ckmtestpixel
[ppc-fs][MOBILE][CHROMIUM] ✅ [Mobile] Filled Email: ckmtestpixel@gmail.com
[ppc-fs][MOBILE][CHROMIUM] ✅ [Mobile] Filled Phone: 401-247-1017
[ppc-fs][MOBILE][CHROMIUM] 🔘 [Mobile] Clicking active contact NEXT/SUBMIT button...
[ppc-fs][MOBILE][CHROMIUM] 📱 [Mobile] Injecting high-fidelity glossy Natural Titanium iPhone 17 Pro mockup frame...
[ppc-fs][MOBILE][CHROMIUM] ✅ [Mobile] Filled Phone: 401-247-1017
[ppc-fs][MOBILE][CHROMIUM] 🔘 [Mobile] Clicking active contact NEXT/SUBMIT button...
[ppc-fs][MOBILE][CHROMIUM] 📱 [Mobile] Injecting high-fidelity glossy Natural Titanium iPhone 17 Pro mockup frame...
[ppc-fs][MOBILE][CHROMIUM] 🔘 [Mobile] No active contact NEXT/SUBMIT button visible. Exiting loop.
[ppc-fs][MOBILE][CHROMIUM] 🔘 [Mobile] Scanning for additional dynamic steps...
[ppc-fs][MOBILE][CHROMIUM] 🔘 [Mobile] Submitting form
[ppc-fs][MOBILE][CHROMIUM] ⏳ [Mobile] Waiting for submission navigation to complete
[ppc-fs][MOBILE][CHROMIUM] ⏳ [Mobile] Waiting for final Thank You page redirection...
[ppc-fs][MOBILE][CHROMIUM] ✅ [Mobile] Targeted final redirect URL achieved!
[ppc-fs][MOBILE][CHROMIUM] ✅ [Mobile] Final Thank You URL: https://tra.com/thank-you?debt=10500&leadid=F263A08C&reqid=26779146&affid=659&oid=133
[ppc-fs][MOBILE][CHROMIUM] ✅ [Mobile] Extracted Lead ID: F263A08C
[ppc-fs][MOBILE][CHROMIUM] 📱 Device Type detected: M-CHROMIUM
✅ Lead captured: F263A08C
[ppc-fs][MOBILE][CHROMIUM] 📡 Fetching First API data for Lead ID: F263A08C...
[ppc-fs][MOBILE][CHROMIUM] 📡 Raw XML Response: {
  "lead_info_response": {
    "$": {
      "xmlns:xsd": "http://www.w3.org/2001/XMLSchema",
      "xmlns:xsi": "http://www.w3.org/2001/XMLSchema-instance",
      "xmlns": "http://cakemarketing.com/api/1/"
    },
    "success": "true",
    "row_count": "1",
    "lead_id": "F263A08C",
    "personal_info": {
      "first_name": "CKMTESTPIXEL",
      "last_name": "CKMTESTPIXEL",
      "email_address": "ckmtestpixel@gmail.com",
      "address": {
        "street": "",
        "city": "",
        "state": "KY",
        "zip_code": "40201",
        "country": ""
      },
      "ip_address": "27.54.170.27",
      "phone_work": "",
      "phone_home": "401-247-1017",
      "phone_cell": "",
      "best_call_time": "",
      "opt_in": "false"
    },
    "traffic_info": {
      "lead_date": "2026-05-14T02:45:49.853",
      "payout": {
        "currency_id": "1",
        "amount": "0.0000",
        "formatted_amount": "$0.00"
      },
      "affiliate": {
        "affiliate_id": {
          "_": "659",
          "$": {
            "xmlns": "API:id_name_store"
          }
        },
        "affiliate_name": {
          "_": "QA affiliate",
          "$": {
            "xmlns": "API:id_name_store"
          }
        }
      },
      "campaign": {
        "campaign_id": {
          "_": "4473",
          "$": {
            "xmlns": "API:id_name_store"
          }
        },
        "campaign_name": {
          "_": "TRA.com CPL - PPC FS - CPA - $1.00",
          "$": {
            "xmlns": "API:id_name_store"
          }
        }
      },
      "creative_id": "2210",
      "subid_1": "",
      "subid_2": "",
      "subid_3": "",
      "subid_4": "",
      "subid_5": "",
      "referrer": "",
      "pixel_fired": "true",
      "returned_to_affiliate": "false",
      "test": "true",
      "upsell": "false"
    },
    "all_vertical_data": {
      "data": {
        "$": {
          "xmlns": ""
        },
        "tax_debt": "10500",
        "universal_leadid": "77D9CB91-C839-6ACB-72AF-D15797FDBC87",
        "affid": "659",
        "TCPA_checkbox": "1",
        "reqid": "26779146",
        "page": "https://tra.com/ppc/fs",
        "neustar": "pass",
        "neustar_disposition": "N,U,A1,L,0",
        "first_name_lower": "ckmtestpixel",
        "last_name_lower": "ckmtestpixel",
        "opt_special_offers": "on"
      }
    },
    "dispositions": "",
    "pings": "",
    "posts": "",
    "sales": ""
  }
}
[ppc-fs][MOBILE][CHROMIUM] ✅ First API Data retrieved on attempt 1
[ppc-fs][MOBILE][CHROMIUM] 📡 Fetching Second API data for Lead ID: F263A08C...
[ppc-fs][MOBILE][CHROMIUM] 📡 Standard Second API Payload: cake_id=F263A08C, domain_name=https://www.taxreliefadvocates.com
[ppc-fs][MOBILE][CHROMIUM] [STDERR] (node:18316) Warning: Setting the NODE_TLS_REJECT_UNAUTHORIZED environment variable to '0' makes TLS connections and HTTPS requests insecure by disabling certificate verification.
(Use `node --trace-warnings ...` to show where the warning was created)
[ppc-fs][MOBILE][CHROMIUM] [STDERR] ❌ Second API Attempt 1 failed: Request failed with status code 404
[ppc-fs][MOBILE][CHROMIUM] ⏳ Retrying in 1 second to allow database synchronization...
[ppc-fs][MOBILE][CHROMIUM] 📡 Standard Second API Payload: cake_id=F263A08C, domain_name=https://www.taxreliefadvocates.com
[ppc-fs][MOBILE][CHROMIUM] [STDERR] ❌ Second API Attempt 2 failed: Request failed with status code 404
[ppc-fs][MOBILE][CHROMIUM] ⏳ Retrying in 1 second to allow database synchronization...
[ppc-fs][MOBILE][CHROMIUM] 📡 Standard Second API Payload: cake_id=F263A08C, domain_name=https://www.taxreliefadvocates.com
[ppc-fs][MOBILE][CHROMIUM] [STDERR] ❌ Second API Attempt 3 failed: Request failed with status code 404
[ppc-fs][MOBILE][CHROMIUM] ⏳ Retrying in 1 second to allow database synchronization...
[ppc-fs][MOBILE][CHROMIUM] 📡 Standard Second API Payload: cake_id=F263A08C, domain_name=https://www.taxreliefadvocates.com
[ppc-fs][MOBILE][CHROMIUM] [STDERR] ❌ Second API Attempt 4 failed: Request failed with status code 404
[ppc-fs][MOBILE][CHROMIUM] ⏳ Retrying in 1 second to allow database synchronization...
[ppc-fs][MOBILE][CHROMIUM] 📡 Standard Second API Payload: cake_id=F263A08C, domain_name=https://www.taxreliefadvocates.com
[ppc-fs][MOBILE][CHROMIUM] [STDERR] ❌ Second API Attempt 5 failed: Request failed with status code 404
[ppc-fs][MOBILE][CHROMIUM] ✅ Row appended successfully to sheet: PPC FS
[ppc-fs][MOBILE][CHROMIUM] ⚠️  Non-fatal formatting error for PPC FS (Banding might already exist): Invalid requests[2].addBanding: You cannot add alternating background colors to a range that already has alternating background colors.
✅ Lead processed successfully for PPC FS Mobile
[ppc-fs][MOBILE][CHROMIUM] 🎥 Video saved successfully: traces/videos/PPC FS_PPC_FS_Mobile.webm
[ppc-fs][MOBILE][CHROMIUM] 
✅ Execution successfully processed! { success: true, leadId: 'F263A08C', brand: 'PPC FS Mobile' }
[ppc-fs][MOBILE][CHROMIUM] [STDERR] ❌ Automation Run encountered a fatal exception: tracing.stop: Target page, context or browser has been closed
✅ [14/5/2026, 3:16:26 pm] COMPLETED: ppc-fs [MOBILE][CHROMIUM]

================================================================
⚡ Running Campaign Viewports on Browser Engine: CHROMIUM - [PPC]
================================================================

================================================================
🚀 [14/5/2026, 3:16:27 pm] RUNNING: PPC (DESKTOP) on CHROMIUM
🔗 Target URL: https://flmtra.com/?a=659&oc=782&c=2210&s1=
================================================================
[ppc][DESKTOP][CHROMIUM] 🔌 [Browser Interceptor] Intercepting and optimizing engine: CHROMIUM
[ppc][DESKTOP][CHROMIUM] ◇ injected env (0) from .env // tip: ⌁ auth for agents [www.vestauth.com]
[ppc][DESKTOP][CHROMIUM] ◇ injected env (0) from .env // tip: ⌘ override existing { override: true }
[ppc][DESKTOP][CHROMIUM] ◇ injected env (0) from .env // tip: ◈ secrets for agents [www.dotenvx.com]
[ppc][DESKTOP][CHROMIUM] ◇ injected env (0) from .env // tip: ⌘ suppress logs { quiet: true }
[ppc][DESKTOP][CHROMIUM] 
🤖 ================================================================
[ppc][DESKTOP][CHROMIUM] 🤖 MASTER RUNNER: LAUNCHING PPC
🤖 Mode:            DESKTOP
🤖 Tracking URL:     https://flmtra.com/?a=659&oc=782&c=2210&s1=
[ppc][DESKTOP][CHROMIUM] 🤖 Target Sheet:    PPC
🤖 ================================================================
[ppc][DESKTOP][CHROMIUM] 🔌 [Browser Interceptor] Intercepting and optimizing engine: CHROMIUM
[ppc][DESKTOP][CHROMIUM] 💻 Emulated Device Profile: DESKTOP
[ppc][DESKTOP][CHROMIUM] 🔄 Processing lead for brand: PPC
[ppc][DESKTOP][CHROMIUM] 📊 Campaign execution run index: 15
[ppc][DESKTOP][CHROMIUM] 🎯 Enforcing dynamic credentials & parameters:
   - First Name:   ckmtestpixel
   - Last Name:    ckmtestpixel
   - Email:        ckmtestpixel@gmail.com
   - Phone Number: 401-247-1015
   - Slider Value: 5,248
   - State Value:  Kansas
[ppc][DESKTOP][CHROMIUM] 🔗 Navigating to: https://flmtra.com/?a=659&oc=782&c=2210&s1=
[ppc][DESKTOP][CHROMIUM] ✅ Page loaded successfully
[ppc][DESKTOP][CHROMIUM] 📝 Starting multi-step form filling process...
[ppc][DESKTOP][CHROMIUM] 🔘 Step 1: Handling Debt Amount (5,248)
[ppc][DESKTOP][CHROMIUM] 🔘 Attempting to click .next-btn1, .btn-next
[ppc][DESKTOP][CHROMIUM] ✅ Clicked .next-btn1, .btn-next
[ppc][DESKTOP][CHROMIUM] ✅ Reached a recognized terminal step (State or Contact). Stopping dynamic traversal.
[ppc][DESKTOP][CHROMIUM] 🔘 Step: Selecting State
[ppc][DESKTOP][CHROMIUM] ✅ Selected state dynamically: "Iowa"
[ppc][DESKTOP][CHROMIUM] 📝 step3 column set to State: "Iowa"
[ppc][DESKTOP][CHROMIUM] 🔘 Clicking generic NEXT button
[ppc][DESKTOP][CHROMIUM] ✅ Clicked generic NEXT button
[ppc][DESKTOP][CHROMIUM] 🔘 Filling Contact Info (Dynamic Loop)...
[ppc][DESKTOP][CHROMIUM] ✅ Filled First Name: ckmtestpixel
[ppc][DESKTOP][CHROMIUM] ✅ Filled Last Name: ckmtestpixel
[ppc][DESKTOP][CHROMIUM] ✅ Filled Email: ckmtestpixel@gmail.com
[ppc][DESKTOP][CHROMIUM] ✅ Filled Phone: 401-247-1015
[ppc][DESKTOP][CHROMIUM] 🔘 Clicking active contact NEXT/SUBMIT button...
[ppc][DESKTOP][CHROMIUM] [STDERR] ❌ Error during form filling: locator.click: Timeout 25000ms exceeded.
Call log:
[2m  - waiting for locator('#primary_phone:visible, #phone:visible, #phone_home:visible, input[name="phone"]:visible, input[name="phone_home"]:visible, input[name="primary_phone"]:visible, input[type="tel"]:visible').first()[22m
[2m    - locator resolved to <input type="tel" tabindex="0" id="primary_phone" placeholder="Phone" name="primary_phone" aria-invalid="false" class="form-control valid" data-gtm-form-interact-field-id="4"/>[22m
[2m  - attempting click action[22m
[2m    2 × waiting for element to be visible, enabled and stable[22m
[2m      - element is visible, enabled and stable[22m
[2m      - scrolling into view if needed[22m
[2m      - done scrolling[22m
[2m      - <div class="loader">Loading…</div> intercepts pointer events[22m
[2m    - retrying click action[22m
[2m    - waiting 20ms[22m
[2m    2 × waiting for element to be visible, enabled and stable[22m
[2m      - element is visible, enabled and stable[22m
[2m      - scrolling into view if needed[22m
[2m      - done scrolling[22m
[2m      - <div class="loader">Loading…</div> intercepts pointer events[22m
[2m    - retrying click action[22m
[2m      - waiting 100ms[22m
[2m    2 × waiting for element to be visible, enabled and stable[22m
[2m      - element is visible, enabled and stable[22m
[2m      - scrolling into view if needed[22m
[2m      - done scrolling[22m
[2m      - <div class="loader">Loading…</div> intercepts pointer events[22m
[2m    - retrying click action[22m
[2m      - waiting 500ms[22m
[2m    - waiting for" https://tra.com/thank-you?debt=10000&leadid=C9EDB991&reqid=26779147&affid=659&oid=133" navigation to finish...[22m
[2m    - navigated to "https://tra.com/thank-you?debt=10000&leadid=C9EDB991&reqid=26779147&affid=659&oid=133"[22m
[2m    - waiting for element to be visible, enabled and stable[22m
[2m  - element was detached from the DOM, retrying[22m

[ppc][DESKTOP][CHROMIUM] [STDERR] ❌ Failed processing PPC: locator.click: Timeout 25000ms exceeded.
Call log:
[2m  - waiting for locator('#primary_phone:visible, #phone:visible, #phone_home:visible, input[name="phone"]:visible, input[name="phone_home"]:visible, input[name="primary_phone"]:visible, input[type="tel"]:visible').first()[22m
[2m    - locator resolved to <input type="tel" tabindex="0" id="primary_phone" placeholder="Phone" name="primary_phone" aria-invalid="false" class="form-control valid" data-gtm-form-interact-field-id="4"/>[22m
[2m  - attempting click action[22m
[2m    2 × waiting for element to be visible, enabled and stable[22m
[2m      - element is visible, enabled and stable[22m
[2m      - scrolling into view if needed[22m
[2m      - done scrolling[22m
[2m      - <div class="loader">Loading…</div> intercepts pointer events[22m
[2m    - retrying click action[22m
[2m    - waiting 20ms[22m
[2m    2 × waiting for element to be visible, enabled and stable[22m
[2m      - element is visible, enabled and stable[22m
[2m      - scrolling into view if needed[22m
[2m      - done scrolling[22m
[2m      - <div class="loader">Loading…</div> intercepts pointer events[22m
[2m    - retrying click action[22m
[2m      - waiting 100ms[22m
[2m    2 × waiting for element to be visible, enabled and stable[22m
[2m      - element is visible, enabled and stable[22m
[2m      - scrolling into view if needed[22m
[2m      - done scrolling[22m
[2m      - <div class="loader">Loading…</div> intercepts pointer events[22m
[2m    - retrying click action[22m
[2m      - waiting 500ms[22m
[2m    - waiting for" https://tra.com/thank-you?debt=10000&leadid=C9EDB991&reqid=26779147&affid=659&oid=133" navigation to finish...[22m
[2m    - navigated to "https://tra.com/thank-you?debt=10000&leadid=C9EDB991&reqid=26779147&affid=659&oid=133"[22m
[2m    - waiting for element to be visible, enabled and stable[22m
[2m  - element was detached from the DOM, retrying[22m

[ppc][DESKTOP][CHROMIUM] 
✅ Execution successfully processed! {
  success: false,
  error: 'locator.click: Timeout 25000ms exceeded.\n' +
    'Call log:\n' +
    `\x1B[2m  - waiting for locator('#primary_phone:visible, #phone:visible, #phone_home:visible, input[name="phone"]:visible, input[name="phone_home"]:visible, input[name="primary_phone"]:visible, input[type="tel"]:visible').first()\x1B[22m\n` +
    '\x1B[2m    - locator resolved to <input type="tel" tabindex="0" id="primary_phone" placeholder="Phone" name="primary_phone" aria-invalid="false" class="form-control valid" data-gtm-form-interact-field-id="4"/>\x1B[22m\n' +
    '\x1B[2m  - attempting click action\x1B[22m\n' +
    '\x1B[2m    2 × waiting for element to be visible, enabled and stable\x1B[22m\n' +
    '\x1B[2m      - element is visible, enabled and stable\x1B[22m\n' +
    '\x1B[2m      - scrolling into view if needed\x1B[22m\n' +
    '\x1B[2m      - done scrolling\x1B[22m\n' +
    '\x1B[2m      - <div class="loader">Loading…</div> intercepts pointer events\x1B[22m\n' +
    '\x1B[2m    - retrying click action\x1B[22m\n' +
    '\x1B[2m    - waiting 20ms\x1B[22m\n' +
    '\x1B[2m    2 × waiting for element to be visible, enabled and stable\x1B[22m\n' +
    '\x1B[2m      - element is visible, enabled and stable\x1B[22m\n' +
    '\x1B[2m      - scrolling into view if needed\x1B[22m\n' +
    '\x1B[2m      - done scrolling\x1B[22m\n' +
    '\x1B[2m      - <div class="loader">Loading…</div> intercepts pointer events\x1B[22m\n' +
    '\x1B[2m    - retrying click action\x1B[22m\n' +
    '\x1B[2m      - waiting 100ms\x1B[22m\n' +
    '\x1B[2m    2 × waiting for element to be visible, enabled and stable\x1B[22m\n' +
    '\x1B[2m      - element is visible, enabled and stable\x1B[22m\n' +
    '\x1B[2m      - scrolling into view if needed\x1B[22m\n' +
    '\x1B[2m      - done scrolling\x1B[22m\n' +
    '\x1B[2m      - <div class="loader">Loading…</div> intercepts pointer events\x1B[22m\n' +
    '\x1B[2m    - retrying click action\x1B[22m\n' +
    '\x1B[2m      - waiting 500ms\x1B[22m\n' +
    '\x1B[2m    - waiting for" https://tra.com/thank-you?debt=10000&leadid=C9EDB991&reqid=26779147&affid=659&oid=133" navigation to finish...\x1B[22m\n' +
    '\x1B[2m    - navigated to "https://tra.com/thank-you?debt=10000&leadid=C9EDB991&reqid=26779147&affid=659&oid=133"\x1B[22m\n' +
    '\x1B[2m    - waiting for element to be visible, enabled and stable\x1B[22m\n' +
    '\x1B[2m  - element was detached from the DOM, retrying\x1B[22m\n',
  brand: 'PPC'
}
[ppc][DESKTOP][CHROMIUM] 📋 Trace report successfully saved: traces/ppc_desktop.zip
✅ [14/5/2026, 3:17:26 pm] COMPLETED: ppc [DESKTOP][CHROMIUM]

================================================================
🚀 [14/5/2026, 3:17:26 pm] RUNNING: PPC (TABLET) on CHROMIUM
🔗 Target URL: https://flmtra.com/?a=659&oc=782&c=2210&s1=
================================================================
[ppc][TABLET][CHROMIUM] 🔌 [Browser Interceptor] Intercepting and optimizing engine: CHROMIUM
[ppc][TABLET][CHROMIUM] ◇ injected env (0) from .env // tip: ⌘ custom filepath { path: '/custom/path/.env' }
[ppc][TABLET][CHROMIUM] ◇ injected env (0) from .env // tip: ◈ encrypted .env [www.dotenvx.com]
[ppc][TABLET][CHROMIUM] ◇ injected env (0) from .env // tip: ⌘ enable debugging { debug: true }
[ppc][TABLET][CHROMIUM] ◇ injected env (0) from .env // tip: ⌘ suppress logs { quiet: true }
[ppc][TABLET][CHROMIUM] 
🤖 ================================================================
🤖 MASTER RUNNER: LAUNCHING PPC
[ppc][TABLET][CHROMIUM] 🤖 Mode:            TABLET
🤖 Tracking URL:     https://flmtra.com/?a=659&oc=782&c=2210&s1=
🤖 Target Sheet:    PPC
🤖 ================================================================
[ppc][TABLET][CHROMIUM] 🔌 [Browser Interceptor] Intercepting and optimizing engine: CHROMIUM
[ppc][TABLET][CHROMIUM] 📋 Emulated Device Profile: TABLET (iPad Pro 11)
[ppc][TABLET][CHROMIUM] ⏳ Delaying 200ms to allow responsive layouts to mount...
[ppc][TABLET][CHROMIUM] 🔄 Processing lead for brand: PPC Tablet
[ppc][TABLET][CHROMIUM] 📊 Campaign execution run index: 16
[ppc][TABLET][CHROMIUM] 🎯 Enforcing dynamic credentials & parameters:
   - First Name:   ckmtestpixel
   - Last Name:    ckmtestpixel
   - Email:        ckmtestpixel@gmail.com
[ppc][TABLET][CHROMIUM]    - Phone Number: 401-247-1016
   - Slider Value: 9,683
   - State Value:  Kentucky
[ppc][TABLET][CHROMIUM] 🔗 [Mobile] Navigating to: https://flmtra.com/?a=659&oc=782&c=2210&s1=
[ppc][TABLET][CHROMIUM] ✅ [Mobile] Page loaded successfully
[ppc][TABLET][CHROMIUM] 💻 [Tablet] Injecting high-fidelity glossy iPad Pro mockup frame...
[ppc][TABLET][CHROMIUM] 💻 [Tablet] Injecting high-fidelity glossy iPad Pro mockup frame...
[ppc][TABLET][CHROMIUM] 📝 [Mobile] Starting mobile-specific form filling...
[ppc][TABLET][CHROMIUM] 🔘 [Mobile] Step 1: Selecting Debt Amount (9,683)
[ppc][TABLET][CHROMIUM] ✅ [Mobile] Selected debt amount: span:has-text("$10,000")
[ppc][TABLET][CHROMIUM] 🔘 [Mobile] Clicking active visible button: .next-btn1:visible, .btn-next:visible
[ppc][TABLET][CHROMIUM] ✅ [Mobile] Clicked: .next-btn1:visible, .btn-next:visible
[ppc][TABLET][CHROMIUM] 💻 [Tablet] Injecting high-fidelity glossy iPad Pro mockup frame...
[ppc][TABLET][CHROMIUM] ✅ [Mobile] Reached a recognized terminal step (State or Contact). Stopping dynamic traversal.
[ppc][TABLET][CHROMIUM] 🔘 [Mobile] Step 2: Selecting State
[ppc][TABLET][CHROMIUM] ✅ [Mobile] Selected state dynamically: "Kansas"
📝 [Mobile] step3 column set to State: "Kansas"
[ppc][TABLET][CHROMIUM] 🔘 [Mobile] Clicking active visible button: .next-btn:visible, .next-btn2:visible, .btn-next:visible
[ppc][TABLET][CHROMIUM] ✅ [Mobile] Clicked: .next-btn:visible, .next-btn2:visible, .btn-next:visible
[ppc][TABLET][CHROMIUM] 💻 [Tablet] Injecting high-fidelity glossy iPad Pro mockup frame...
[ppc][TABLET][CHROMIUM] 🔘 [Mobile] Step 3: Filling Contact Info (Dynamic Loop)...
[ppc][TABLET][CHROMIUM] 💻 [Tablet] Injecting high-fidelity glossy iPad Pro mockup frame...
[ppc][TABLET][CHROMIUM] ✅ [Mobile] Filled First Name: ckmtestpixel
[ppc][TABLET][CHROMIUM] ✅ [Mobile] Filled Last Name: ckmtestpixel
[ppc][TABLET][CHROMIUM] ✅ [Mobile] Filled Email: ckmtestpixel@gmail.com
[ppc][TABLET][CHROMIUM] ✅ [Mobile] Filled Phone: 401-247-1016
[ppc][TABLET][CHROMIUM] 🔘 [Mobile] Clicking active contact NEXT/SUBMIT button...
[ppc][TABLET][CHROMIUM] 💻 [Tablet] Injecting high-fidelity glossy iPad Pro mockup frame...
[ppc][TABLET][CHROMIUM] ✅ [Mobile] Filled Phone: 401-247-1016
[ppc][TABLET][CHROMIUM] 🔘 [Mobile] No active contact NEXT/SUBMIT button visible. Exiting loop.
🔘 [Mobile] Scanning for additional dynamic steps...
[ppc][TABLET][CHROMIUM] 🔘 [Mobile] Submitting form
[ppc][TABLET][CHROMIUM] ⏳ [Mobile] Waiting for submission navigation to complete
[ppc][TABLET][CHROMIUM] ⏳ [Mobile] Waiting for final Thank You page redirection...
[ppc][TABLET][CHROMIUM] ✅ [Mobile] Targeted final redirect URL achieved!
[ppc][TABLET][CHROMIUM] ✅ [Mobile] Final Thank You URL: https://tra.com/thank-you?debt=10500&leadid=850274A9&reqid=26779148&affid=659&oid=133
[ppc][TABLET][CHROMIUM] ✅ [Mobile] Extracted Lead ID: 850274A9
[ppc][TABLET][CHROMIUM] 📱 Device Type detected: T-CHROMIUM
✅ Lead captured: 850274A9
[ppc][TABLET][CHROMIUM] 📡 Fetching First API data for Lead ID: 850274A9...
[ppc][TABLET][CHROMIUM] 📡 Raw XML Response: {
  "lead_info_response": {
    "$": {
      "xmlns:xsd": "http://www.w3.org/2001/XMLSchema",
      "xmlns:xsi": "http://www.w3.org/2001/XMLSchema-instance",
      "xmlns": "http://cakemarketing.com/api/1/"
    },
    "success": "true",
    "row_count": "1",
    "lead_id": "850274A9",
    "personal_info": {
      "first_name": "CKMTESTPIXEL",
      "last_name": "CKMTESTPIXEL",
      "email_address": "ckmtestpixel@gmail.com",
      "address": {
        "street": "",
        "city": "",
        "state": "KS",
        "zip_code": "67123",
        "country": ""
      },
      "ip_address": "27.54.170.27",
      "phone_work": "",
      "phone_home": "401-247-1016",
      "phone_cell": "",
      "best_call_time": "",
      "opt_in": "false"
    },
    "traffic_info": {
      "lead_date": "2026-05-14T02:47:50.773",
      "payout": {
        "currency_id": "1",
        "amount": "0.0000",
        "formatted_amount": "$0.00"
      },
      "affiliate": {
        "affiliate_id": {
          "_": "659",
          "$": {
            "xmlns": "API:id_name_store"
          }
        },
        "affiliate_name": {
          "_": "QA affiliate",
          "$": {
            "xmlns": "API:id_name_store"
          }
        }
      },
      "campaign": {
        "campaign_id": {
          "_": "4125",
          "$": {
            "xmlns": "API:id_name_store"
          }
        },
        "campaign_name": {
          "_": "TRA.com CPL - PPC - CPA - $1.00",
          "$": {
            "xmlns": "API:id_name_store"
          }
        }
      },
      "creative_id": "2210",
      "subid_1": "",
      "subid_2": "",
      "subid_3": "",
      "subid_4": "",
      "subid_5": "",
      "referrer": "",
      "pixel_fired": "true",
      "returned_to_affiliate": "false",
      "test": "true",
      "upsell": "false"
    },
    "all_vertical_data": {
      "data": {
        "$": {
          "xmlns": ""
        },
        "tax_debt": "10500",
        "universal_leadid": "1B759184-381A-0FBA-1CE4-3BA6E7D8E4BC",
        "affid": "659",
        "TCPA_checkbox": "1",
        "reqid": "26779148",
        "page": "https://tra.com/ppcv7",
        "neustar": "pass",
        "neustar_disposition": "N,U,A3,W,0",
        "first_name_lower": "ckmtestpixel",
        "last_name_lower": "ckmtestpixel",
        "opt_special_offers": "on",
        "ckm_campaign_id": "4468"
      }
    },
    "dispositions": "",
    "pings": "",
    "posts": "",
    "sales": ""
  }
}
[ppc][TABLET][CHROMIUM] ✅ First API Data retrieved on attempt 1
[ppc][TABLET][CHROMIUM] 📡 Fetching Second API data for Lead ID: 850274A9...
[ppc][TABLET][CHROMIUM] 📡 Standard Second API Payload: cake_id=850274A9, domain_name=https://www.taxreliefadvocates.com
[ppc][TABLET][CHROMIUM] [STDERR] (node:11984) Warning: Setting the NODE_TLS_REJECT_UNAUTHORIZED environment variable to '0' makes TLS connections and HTTPS requests insecure by disabling certificate verification.
(Use `node --trace-warnings ...` to show where the warning was created)
[ppc][TABLET][CHROMIUM] [STDERR] ❌ Second API Attempt 1 failed: Request failed with status code 404
[ppc][TABLET][CHROMIUM] ⏳ Retrying in 1 second to allow database synchronization...
[ppc][TABLET][CHROMIUM] 📡 Standard Second API Payload: cake_id=850274A9, domain_name=https://www.taxreliefadvocates.com
[ppc][TABLET][CHROMIUM] [STDERR] ❌ Second API Attempt 2 failed: Request failed with status code 404
[ppc][TABLET][CHROMIUM] ⏳ Retrying in 1 second to allow database synchronization...
[ppc][TABLET][CHROMIUM] 📡 Standard Second API Payload: cake_id=850274A9, domain_name=https://www.taxreliefadvocates.com
[ppc][TABLET][CHROMIUM] [STDERR] ❌ Second API Attempt 3 failed: Request failed with status code 404
[ppc][TABLET][CHROMIUM] ⏳ Retrying in 1 second to allow database synchronization...
[ppc][TABLET][CHROMIUM] 📡 Standard Second API Payload: cake_id=850274A9, domain_name=https://www.taxreliefadvocates.com
[ppc][TABLET][CHROMIUM] [STDERR] ❌ Second API Attempt 4 failed: Request failed with status code 404
[ppc][TABLET][CHROMIUM] ⏳ Retrying in 1 second to allow database synchronization...
[ppc][TABLET][CHROMIUM] 📡 Standard Second API Payload: cake_id=850274A9, domain_name=https://www.taxreliefadvocates.com
[ppc][TABLET][CHROMIUM] [STDERR] ❌ Second API Attempt 5 failed: Request failed with status code 404
[ppc][TABLET][CHROMIUM] ✅ Row appended successfully to sheet: PPC
[ppc][TABLET][CHROMIUM] ✨ Professional formatting applied to PPC
✅ Lead processed successfully for PPC Tablet
[ppc][TABLET][CHROMIUM] 🎥 Video saved successfully: traces/videos/PPC_PPC_Tablet.webm
[ppc][TABLET][CHROMIUM] 
✅ Execution successfully processed! { success: true, leadId: '850274A9', brand: 'PPC Tablet' }
[ppc][TABLET][CHROMIUM] [STDERR] ❌ Automation Run encountered a fatal exception: tracing.stop: Target page, context or browser has been closed
✅ [14/5/2026, 3:18:28 pm] COMPLETED: ppc [TABLET][CHROMIUM]

================================================================
🚀 [14/5/2026, 3:18:28 pm] RUNNING: PPC (MOBILE) on CHROMIUM
🔗 Target URL: https://flmtra.com/?a=659&oc=782&c=2210&s1=
================================================================
[ppc][MOBILE][CHROMIUM] 🔌 [Browser Interceptor] Intercepting and optimizing engine: CHROMIUM
[ppc][MOBILE][CHROMIUM] ◇ injected env (0) from .env // tip: ⌘ override existing { override: true }
[ppc][MOBILE][CHROMIUM] ◇ injected env (0) from .env // tip: ⌘ multiple files { path: ['.env.local', '.env'] }
[ppc][MOBILE][CHROMIUM] ◇ injected env (0) from .env // tip: ◈ secrets for agents [www.dotenvx.com]
[ppc][MOBILE][CHROMIUM] ◇ injected env (0) from .env // tip: ⌘ custom filepath { path: '/custom/path/.env' }
[ppc][MOBILE][CHROMIUM] 
🤖 ================================================================
[ppc][MOBILE][CHROMIUM] 🤖 MASTER RUNNER: LAUNCHING PPC
🤖 Mode:            MOBILE
🤖 Tracking URL:     https://flmtra.com/?a=659&oc=782&c=2210&s1=
[ppc][MOBILE][CHROMIUM] 🤖 Target Sheet:    PPC
[ppc][MOBILE][CHROMIUM] 🤖 ================================================================
[ppc][MOBILE][CHROMIUM] 🔌 [Browser Interceptor] Intercepting and optimizing engine: CHROMIUM
[ppc][MOBILE][CHROMIUM] 📱 Emulated Device Profile: MOBILE (iPhone 17 Pro)
[ppc][MOBILE][CHROMIUM] ⏳ Delaying 200ms to allow responsive layouts to mount...
[ppc][MOBILE][CHROMIUM] 🔄 Processing lead for brand: PPC Mobile
[ppc][MOBILE][CHROMIUM] 📊 Campaign execution run index: 17
[ppc][MOBILE][CHROMIUM] 🎯 Enforcing dynamic credentials & parameters:
   - First Name:   ckmtestpixel
   - Last Name:    ckmtestpixel
   - Email:        ckmtestpixel@gmail.com
[ppc][MOBILE][CHROMIUM]    - Phone Number: 401-247-1017
   - Slider Value: 19,615
   - State Value:  Louisiana
[ppc][MOBILE][CHROMIUM] 🔗 [Mobile] Navigating to: https://flmtra.com/?a=659&oc=782&c=2210&s1=
[ppc][MOBILE][CHROMIUM] ✅ [Mobile] Page loaded successfully
[ppc][MOBILE][CHROMIUM] 📱 [Mobile] Injecting high-fidelity glossy Natural Titanium iPhone 17 Pro mockup frame...
[ppc][MOBILE][CHROMIUM] 📱 [Mobile] Injecting high-fidelity glossy Natural Titanium iPhone 17 Pro mockup frame...
[ppc][MOBILE][CHROMIUM] 📝 [Mobile] Starting mobile-specific form filling...
[ppc][MOBILE][CHROMIUM] 🔘 [Mobile] Step 1: Selecting Debt Amount (19,615)
[ppc][MOBILE][CHROMIUM] 🔘 [Mobile] Clicking active visible button: .next-btn1:visible, .btn-next:visible
[ppc][MOBILE][CHROMIUM] ✅ [Mobile] Clicked: .next-btn1:visible, .btn-next:visible
[ppc][MOBILE][CHROMIUM] 📱 [Mobile] Injecting high-fidelity glossy Natural Titanium iPhone 17 Pro mockup frame...
[ppc][MOBILE][CHROMIUM] ✅ [Mobile] Reached a recognized terminal step (State or Contact). Stopping dynamic traversal.
[ppc][MOBILE][CHROMIUM] 🔘 [Mobile] Step 2: Selecting State
[ppc][MOBILE][CHROMIUM] ✅ [Mobile] Selected state dynamically: "Kentucky"
[ppc][MOBILE][CHROMIUM] 📝 [Mobile] step3 column set to State: "Kentucky"
[ppc][MOBILE][CHROMIUM] 🔘 [Mobile] Clicking active visible button: .next-btn:visible, .next-btn2:visible, .btn-next:visible
[ppc][MOBILE][CHROMIUM] ✅ [Mobile] Clicked: .next-btn:visible, .next-btn2:visible, .btn-next:visible
[ppc][MOBILE][CHROMIUM] 📱 [Mobile] Injecting high-fidelity glossy Natural Titanium iPhone 17 Pro mockup frame...
[ppc][MOBILE][CHROMIUM] 🔘 [Mobile] Step 3: Filling Contact Info (Dynamic Loop)...
[ppc][MOBILE][CHROMIUM] 📱 [Mobile] Injecting high-fidelity glossy Natural Titanium iPhone 17 Pro mockup frame...
[ppc][MOBILE][CHROMIUM] ✅ [Mobile] Filled First Name: ckmtestpixel
[ppc][MOBILE][CHROMIUM] ✅ [Mobile] Filled Last Name: ckmtestpixel
[ppc][MOBILE][CHROMIUM] ✅ [Mobile] Filled Email: ckmtestpixel@gmail.com
[ppc][MOBILE][CHROMIUM] ✅ [Mobile] Filled Phone: 401-247-1017
[ppc][MOBILE][CHROMIUM] 🔘 [Mobile] Clicking active contact NEXT/SUBMIT button...
[ppc][MOBILE][CHROMIUM] 📱 [Mobile] Injecting high-fidelity glossy Natural Titanium iPhone 17 Pro mockup frame...
[ppc][MOBILE][CHROMIUM] ✅ [Mobile] Filled Phone: 401-247-1017
[ppc][MOBILE][CHROMIUM] 🔘 [Mobile] Clicking active contact NEXT/SUBMIT button...
[ppc][MOBILE][CHROMIUM] 📱 [Mobile] Injecting high-fidelity glossy Natural Titanium iPhone 17 Pro mockup frame...
[ppc][MOBILE][CHROMIUM] 🔘 [Mobile] No active contact NEXT/SUBMIT button visible. Exiting loop.
🔘 [Mobile] Scanning for additional dynamic steps...
[ppc][MOBILE][CHROMIUM] 🔘 [Mobile] Submitting form
[ppc][MOBILE][CHROMIUM] ⏳ [Mobile] Waiting for submission navigation to complete
[ppc][MOBILE][CHROMIUM] ⏳ [Mobile] Waiting for final Thank You page redirection...
[ppc][MOBILE][CHROMIUM] ✅ [Mobile] Targeted final redirect URL achieved!
[ppc][MOBILE][CHROMIUM] ✅ [Mobile] Final Thank You URL: https://tra.com/thank-you?debt=10000&leadid=B79749A5&reqid=26779149&affid=659&oid=133
[ppc][MOBILE][CHROMIUM] ✅ [Mobile] Extracted Lead ID: B79749A5
[ppc][MOBILE][CHROMIUM] 📱 Device Type detected: M-CHROMIUM
✅ Lead captured: B79749A5
[ppc][MOBILE][CHROMIUM] 📡 Fetching First API data for Lead ID: B79749A5...
[ppc][MOBILE][CHROMIUM] 📡 Raw XML Response: {
  "lead_info_response": {
    "$": {
      "xmlns:xsd": "http://www.w3.org/2001/XMLSchema",
      "xmlns:xsi": "http://www.w3.org/2001/XMLSchema-instance",
      "xmlns": "http://cakemarketing.com/api/1/"
    },
    "success": "true",
    "row_count": "1",
    "lead_id": "B79749A5",
    "personal_info": {
      "first_name": "CKMTESTPIXEL",
      "last_name": "CKMTESTPIXEL",
      "email_address": "ckmtestpixel@gmail.com",
      "address": {
        "street": "",
        "city": "",
        "state": "KY",
        "zip_code": "40977",
        "country": ""
      },
      "ip_address": "27.54.170.27",
      "phone_work": "",
      "phone_home": "401-247-1017",
      "phone_cell": "",
      "best_call_time": "",
      "opt_in": "false"
    },
    "traffic_info": {
      "lead_date": "2026-05-14T02:48:50.75",
      "payout": {
        "currency_id": "1",
        "amount": "0.0000",
        "formatted_amount": "$0.00"
      },
      "affiliate": {
        "affiliate_id": {
          "_": "659",
          "$": {
            "xmlns": "API:id_name_store"
          }
        },
        "affiliate_name": {
          "_": "QA affiliate",
          "$": {
            "xmlns": "API:id_name_store"
          }
        }
      },
      "campaign": {
        "campaign_id": {
          "_": "4125",
          "$": {
            "xmlns": "API:id_name_store"
          }
        },
        "campaign_name": {
          "_": "TRA.com CPL - PPC - CPA - $1.00",
          "$": {
            "xmlns": "API:id_name_store"
          }
        }
      },
      "creative_id": "2210",
      "subid_1": "",
      "subid_2": "",
      "subid_3": "",
      "subid_4": "",
      "subid_5": "",
      "referrer": "",
      "pixel_fired": "true",
      "returned_to_affiliate": "false",
      "test": "true",
      "upsell": "false"
    },
    "all_vertical_data": {
      "data": {
        "$": {
          "xmlns": ""
        },
        "tax_debt": "10000",
        "universal_leadid": "4588C82B-7D8F-F777-AD8E-762465B1950D",
        "affid": "659",
        "TCPA_checkbox": "1",
        "reqid": "26779149",
        "page": "https://tra.com/ppcv7",
        "neustar": "pass",
        "neustar_disposition": "N,U,A1,L,0",
        "first_name_lower": "ckmtestpixel",
        "last_name_lower": "ckmtestpixel",
        "opt_special_offers": "on",
        "ckm_campaign_id": "4468"
      }
    },
    "dispositions": "",
    "pings": "",
    "posts": "",
    "sales": ""
  }
}
[ppc][MOBILE][CHROMIUM] ✅ First API Data retrieved on attempt 1
[ppc][MOBILE][CHROMIUM] 📡 Fetching Second API data for Lead ID: B79749A5...
[ppc][MOBILE][CHROMIUM] 📡 Standard Second API Payload: cake_id=B79749A5, domain_name=https://www.taxreliefadvocates.com
[ppc][MOBILE][CHROMIUM] [STDERR] (node:4960) Warning: Setting the NODE_TLS_REJECT_UNAUTHORIZED environment variable to '0' makes TLS connections and HTTPS requests insecure by disabling certificate verification.
(Use `node --trace-warnings ...` to show where the warning was created)
[ppc][MOBILE][CHROMIUM] [STDERR] ❌ Second API Attempt 1 failed: Request failed with status code 404
[ppc][MOBILE][CHROMIUM] ⏳ Retrying in 1 second to allow database synchronization...
[ppc][MOBILE][CHROMIUM] 📡 Standard Second API Payload: cake_id=B79749A5, domain_name=https://www.taxreliefadvocates.com
[ppc][MOBILE][CHROMIUM] [STDERR] ❌ Second API Attempt 2 failed: Request failed with status code 404
[ppc][MOBILE][CHROMIUM] ⏳ Retrying in 1 second to allow database synchronization...
[ppc][MOBILE][CHROMIUM] 📡 Standard Second API Payload: cake_id=B79749A5, domain_name=https://www.taxreliefadvocates.com
[ppc][MOBILE][CHROMIUM] [STDERR] ❌ Second API Attempt 3 failed: Request failed with status code 404
[ppc][MOBILE][CHROMIUM] ⏳ Retrying in 1 second to allow database synchronization...
[ppc][MOBILE][CHROMIUM] 📡 Standard Second API Payload: cake_id=B79749A5, domain_name=https://www.taxreliefadvocates.com
[ppc][MOBILE][CHROMIUM] [STDERR] ❌ Second API Attempt 4 failed: Request failed with status code 404
[ppc][MOBILE][CHROMIUM] ⏳ Retrying in 1 second to allow database synchronization...
[ppc][MOBILE][CHROMIUM] 📡 Standard Second API Payload: cake_id=B79749A5, domain_name=https://www.taxreliefadvocates.com
[ppc][MOBILE][CHROMIUM] [STDERR] ❌ Second API Attempt 5 failed: Request failed with status code 404
[ppc][MOBILE][CHROMIUM] ✅ Row appended successfully to sheet: PPC
[ppc][MOBILE][CHROMIUM] ⚠️  Non-fatal formatting error for PPC (Banding might already exist): Invalid requests[2].addBanding: You cannot add alternating background colors to a range that already has alternating background colors.
✅ Lead processed successfully for PPC Mobile
[ppc][MOBILE][CHROMIUM] 🎥 Video saved successfully: traces/videos/PPC_PPC_Mobile.webm
[ppc][MOBILE][CHROMIUM] 
✅ Execution successfully processed! { success: true, leadId: 'B79749A5', brand: 'PPC Mobile' }
[ppc][MOBILE][CHROMIUM] [STDERR] ❌ Automation Run encountered a fatal exception: tracing.stop: Target page, context or browser has been closed
✅ [14/5/2026, 3:19:27 pm] COMPLETED: ppc [MOBILE][CHROMIUM]

================================================================
⚡ Running Campaign Viewports on Browser Engine: CHROMIUM - [TRA-CPM]
================================================================

================================================================
🚀 [14/5/2026, 3:19:28 pm] RUNNING: TRA-CPM (DESKTOP) on CHROMIUM
🔗 Target URL: https://flmtra.com/?a=659&oc=763&c=2225&s1=
================================================================
[tra-cpm][DESKTOP][CHROMIUM] 🔌 [Browser Interceptor] Intercepting and optimizing engine: CHROMIUM
[tra-cpm][DESKTOP][CHROMIUM] ◇ injected env (0) from .env // tip: ⌁ auth for agents [www.vestauth.com]
[tra-cpm][DESKTOP][CHROMIUM] ◇ injected env (0) from .env // tip: ⌘ override existing { override: true }
[tra-cpm][DESKTOP][CHROMIUM] ◇ injected env (0) from .env // tip: ⌘ enable debugging { debug: true }
[tra-cpm][DESKTOP][CHROMIUM] ◇ injected env (0) from .env // tip: ◈ secrets for agents [www.dotenvx.com]
[tra-cpm][DESKTOP][CHROMIUM] 
🤖 ================================================================
🤖 MASTER RUNNER: LAUNCHING TRA-CPM
[tra-cpm][DESKTOP][CHROMIUM] 🤖 Mode:            DESKTOP
🤖 Tracking URL:     https://flmtra.com/?a=659&oc=763&c=2225&s1=
🤖 Target Sheet:    TRA-CPM
🤖 ================================================================
[tra-cpm][DESKTOP][CHROMIUM] 🔌 [Browser Interceptor] Intercepting and optimizing engine: CHROMIUM
[tra-cpm][DESKTOP][CHROMIUM] 💻 Emulated Device Profile: DESKTOP
[tra-cpm][DESKTOP][CHROMIUM] 🔄 Processing lead for brand: TRA-CPM
[tra-cpm][DESKTOP][CHROMIUM] 📊 Campaign execution run index: 27
[tra-cpm][DESKTOP][CHROMIUM] 🎯 Enforcing dynamic credentials & parameters:
   - First Name:   ckmtestpixel
   - Last Name:    ckmtestpixel
   - Email:        ckmtestpixel@gmail.com
   - Phone Number: 401-247-1027
   - Slider Value: 1,32,472
   - State Value:  Nevada
[tra-cpm][DESKTOP][CHROMIUM] 🔗 Navigating to: https://flmtra.com/?a=659&oc=763&c=2225&s1=
[tra-cpm][DESKTOP][CHROMIUM] ✅ Page loaded successfully
[tra-cpm][DESKTOP][CHROMIUM] 📝 Starting multi-step form filling process...
[tra-cpm][DESKTOP][CHROMIUM] 🔘 Step 1: Handling Debt Amount (1,32,472)
[tra-cpm][DESKTOP][CHROMIUM] 🔘 Attempting to click .next-btn1, .btn-next
[tra-cpm][DESKTOP][CHROMIUM] ✅ Clicked .next-btn1, .btn-next
[tra-cpm][DESKTOP][CHROMIUM] ✅ Reached a recognized terminal step (State or Contact). Stopping dynamic traversal.
[tra-cpm][DESKTOP][CHROMIUM] 🔘 Step: Selecting State
[tra-cpm][DESKTOP][CHROMIUM] ✅ Selected state dynamically: "Nebraska"
[tra-cpm][DESKTOP][CHROMIUM] 📝 step3 column set to State: "Nebraska"
[tra-cpm][DESKTOP][CHROMIUM] 🔘 Clicking generic NEXT button
[tra-cpm][DESKTOP][CHROMIUM] ✅ Clicked generic NEXT button
[tra-cpm][DESKTOP][CHROMIUM] 🔘 Filling Contact Info (Dynamic Loop)...
[tra-cpm][DESKTOP][CHROMIUM] ✅ Filled First Name: ckmtestpixel
[tra-cpm][DESKTOP][CHROMIUM] ✅ Filled Last Name: ckmtestpixel
[tra-cpm][DESKTOP][CHROMIUM] ✅ Filled Email: ckmtestpixel@gmail.com
[tra-cpm][DESKTOP][CHROMIUM] ✅ Filled Phone: 401-247-1027
[tra-cpm][DESKTOP][CHROMIUM] 🔘 Clicking active contact NEXT/SUBMIT button...
[tra-cpm][DESKTOP][CHROMIUM] [STDERR] ❌ Error during form filling: locator.click: Timeout 25000ms exceeded.
Call log:
[2m  - waiting for locator('#primary_phone:visible, #phone:visible, #phone_home:visible, input[name="phone"]:visible, input[name="phone_home"]:visible, input[name="primary_phone"]:visible, input[type="tel"]:visible').first()[22m
[2m    - locator resolved to <input type="tel" id="primary_phone" placeholder="Phone" name="primary_phone" aria-invalid="false" class="form-control valid" data-gtm-form-interact-field-id="4"/>[22m
[2m  - attempting click action[22m
[2m    2 × waiting for element to be visible, enabled and stable[22m
[2m      - element is visible, enabled and stable[22m
[2m      - scrolling into view if needed[22m
[2m      - done scrolling[22m
[2m      - <div class="loader">Loading…</div> intercepts pointer events[22m
[2m    - retrying click action[22m
[2m    - waiting 20ms[22m
[2m    2 × waiting for element to be visible, enabled and stable[22m
[2m      - element is visible, enabled and stable[22m
[2m      - scrolling into view if needed[22m
[2m      - done scrolling[22m
[2m      - <div class="loader">Loading…</div> intercepts pointer events[22m
[2m    - retrying click action[22m
[2m      - waiting 100ms[22m
[2m    3 × waiting for element to be visible, enabled and stable[22m
[2m      - element is visible, enabled and stable[22m
[2m      - scrolling into view if needed[22m
[2m      - done scrolling[22m
[2m      - <div class="loader">Loading…</div> intercepts pointer events[22m
[2m    - retrying click action[22m
[2m      - waiting 500ms[22m
[2m    - waiting for" https://tra.com/thank-you?debt=10000&leadid=8C874005&reqid=26779151&affid=659&oid=136" navigation to finish...[22m
[2m    - navigated to "https://tra.com/thank-you?debt=10000&leadid=8C874005&reqid=26779151&affid=659&oid=136"[22m
[2m    - waiting for element to be visible, enabled and stable[22m
[2m  - element was detached from the DOM, retrying[22m

[tra-cpm][DESKTOP][CHROMIUM] [STDERR] ❌ Failed processing TRA-CPM: locator.click: Timeout 25000ms exceeded.
Call log:
[2m  - waiting for locator('#primary_phone:visible, #phone:visible, #phone_home:visible, input[name="phone"]:visible, input[name="phone_home"]:visible, input[name="primary_phone"]:visible, input[type="tel"]:visible').first()[22m
[2m    - locator resolved to <input type="tel" id="primary_phone" placeholder="Phone" name="primary_phone" aria-invalid="false" class="form-control valid" data-gtm-form-interact-field-id="4"/>[22m
[2m  - attempting click action[22m
[2m    2 × waiting for element to be visible, enabled and stable[22m
[2m      - element is visible, enabled and stable[22m
[2m      - scrolling into view if needed[22m
[2m      - done scrolling[22m
[2m      - <div class="loader">Loading…</div> intercepts pointer events[22m
[2m    - retrying click action[22m
[2m    - waiting 20ms[22m
[2m    2 × waiting for element to be visible, enabled and stable[22m
[2m      - element is visible, enabled and stable[22m
[2m      - scrolling into view if needed[22m
[2m      - done scrolling[22m
[2m      - <div class="loader">Loading…</div> intercepts pointer events[22m
[2m    - retrying click action[22m
[2m      - waiting 100ms[22m
[2m    3 × waiting for element to be visible, enabled and stable[22m
[2m      - element is visible, enabled and stable[22m
[2m      - scrolling into view if needed[22m
[2m      - done scrolling[22m
[2m      - <div class="loader">Loading…</div> intercepts pointer events[22m
[2m    - retrying click action[22m
[2m      - waiting 500ms[22m
[2m    - waiting for" https://tra.com/thank-you?debt=10000&leadid=8C874005&reqid=26779151&affid=659&oid=136" navigation to finish...[22m
[2m    - navigated to "https://tra.com/thank-you?debt=10000&leadid=8C874005&reqid=26779151&affid=659&oid=136"[22m
[2m    - waiting for element to be visible, enabled and stable[22m
[2m  - element was detached from the DOM, retrying[22m

[tra-cpm][DESKTOP][CHROMIUM] 
✅ Execution successfully processed! {
  success: false,
  error: 'locator.click: Timeout 25000ms exceeded.\n' +
    'Call log:\n' +
    `\x1B[2m  - waiting for locator('#primary_phone:visible, #phone:visible, #phone_home:visible, input[name="phone"]:visible, input[name="phone_home"]:visible, input[name="primary_phone"]:visible, input[type="tel"]:visible').first()\x1B[22m\n` +
    '\x1B[2m    - locator resolved to <input type="tel" id="primary_phone" placeholder="Phone" name="primary_phone" aria-invalid="false" class="form-control valid" data-gtm-form-interact-field-id="4"/>\x1B[22m\n' +
    '\x1B[2m  - attempting click action\x1B[22m\n' +
    '\x1B[2m    2 × waiting for element to be visible, enabled and stable\x1B[22m\n' +
    '\x1B[2m      - element is visible, enabled and stable\x1B[22m\n' +
    '\x1B[2m      - scrolling into view if needed\x1B[22m\n' +
    '\x1B[2m      - done scrolling\x1B[22m\n' +
    '\x1B[2m      - <div class="loader">Loading…</div> intercepts pointer events\x1B[22m\n' +
    '\x1B[2m    - retrying click action\x1B[22m\n' +
    '\x1B[2m    - waiting 20ms\x1B[22m\n' +
    '\x1B[2m    2 × waiting for element to be visible, enabled and stable\x1B[22m\n' +
    '\x1B[2m      - element is visible, enabled and stable\x1B[22m\n' +
    '\x1B[2m      - scrolling into view if needed\x1B[22m\n' +
    '\x1B[2m      - done scrolling\x1B[22m\n' +
    '\x1B[2m      - <div class="loader">Loading…</div> intercepts pointer events\x1B[22m\n' +
    '\x1B[2m    - retrying click action\x1B[22m\n' +
    '\x1B[2m      - waiting 100ms\x1B[22m\n' +
    '\x1B[2m    3 × waiting for element to be visible, enabled and stable\x1B[22m\n' +
    '\x1B[2m      - element is visible, enabled and stable\x1B[22m\n' +
    '\x1B[2m      - scrolling into view if needed\x1B[22m\n' +
    '\x1B[2m      - done scrolling\x1B[22m\n' +
    '\x1B[2m      - <div class="loader">Loading…</div> intercepts pointer events\x1B[22m\n' +
    '\x1B[2m    - retrying click action\x1B[22m\n' +
    '\x1B[2m      - waiting 500ms\x1B[22m\n' +
    '\x1B[2m    - waiting for" https://tra.com/thank-you?debt=10000&leadid=8C874005&reqid=26779151&affid=659&oid=136" navigation to finish...\x1B[22m\n' +
    '\x1B[2m    - navigated to "https://tra.com/thank-you?debt=10000&leadid=8C874005&reqid=26779151&affid=659&oid=136"\x1B[22m\n' +
    '\x1B[2m    - waiting for element to be visible, enabled and stable\x1B[22m\n' +
    '\x1B[2m  - element was detached from the DOM, retrying\x1B[22m\n',
  brand: 'TRA-CPM'
}
[tra-cpm][DESKTOP][CHROMIUM] 📋 Trace report successfully saved: traces/tra-cpm_desktop.zip
✅ [14/5/2026, 3:20:25 pm] COMPLETED: tra-cpm [DESKTOP][CHROMIUM]

================================================================
🚀 [14/5/2026, 3:20:25 pm] RUNNING: TRA-CPM (TABLET) on CHROMIUM
🔗 Target URL: https://flmtra.com/?a=659&oc=763&c=2225&s1=
================================================================
[tra-cpm][TABLET][CHROMIUM] 🔌 [Browser Interceptor] Intercepting and optimizing engine: CHROMIUM
[tra-cpm][TABLET][CHROMIUM] ◇ injected env (0) from .env // tip: ⌘ suppress logs { quiet: true }
[tra-cpm][TABLET][CHROMIUM] ◇ injected env (0) from .env // tip: ◈ secrets for agents [www.dotenvx.com]
[tra-cpm][TABLET][CHROMIUM] ◇ injected env (0) from .env // tip: ⌘ custom filepath { path: '/custom/path/.env' }
[tra-cpm][TABLET][CHROMIUM] ◇ injected env (0) from .env // tip: ⌘ multiple files { path: ['.env.local', '.env'] }
[tra-cpm][TABLET][CHROMIUM] 
🤖 ================================================================
[tra-cpm][TABLET][CHROMIUM] 🤖 MASTER RUNNER: LAUNCHING TRA-CPM
🤖 Mode:            TABLET
🤖 Tracking URL:     https://flmtra.com/?a=659&oc=763&c=2225&s1=
🤖 Target Sheet:    TRA-CPM
[tra-cpm][TABLET][CHROMIUM] 🤖 ================================================================
[tra-cpm][TABLET][CHROMIUM] 🔌 [Browser Interceptor] Intercepting and optimizing engine: CHROMIUM
[tra-cpm][TABLET][CHROMIUM] 📋 Emulated Device Profile: TABLET (iPad Pro 11)
[tra-cpm][TABLET][CHROMIUM] ⏳ Delaying 200ms to allow responsive layouts to mount...
[tra-cpm][TABLET][CHROMIUM] 🔄 Processing lead for brand: TRA-CPM Tablet
[tra-cpm][TABLET][CHROMIUM] 📊 Campaign execution run index: 28
[tra-cpm][TABLET][CHROMIUM] 🎯 Enforcing dynamic credentials & parameters:
   - First Name:   ckmtestpixel
   - Last Name:    ckmtestpixel
   - Email:        ckmtestpixel@gmail.com
   - Phone Number: 401-247-1028
   - Slider Value: 4,988
   - State Value:  New Hampshire
[tra-cpm][TABLET][CHROMIUM] 🔗 [Mobile] Navigating to: https://flmtra.com/?a=659&oc=763&c=2225&s1=
[tra-cpm][TABLET][CHROMIUM] ✅ [Mobile] Page loaded successfully
[tra-cpm][TABLET][CHROMIUM] 💻 [Tablet] Injecting high-fidelity glossy iPad Pro mockup frame...
[tra-cpm][TABLET][CHROMIUM] 💻 [Tablet] Injecting high-fidelity glossy iPad Pro mockup frame...
[tra-cpm][TABLET][CHROMIUM] 📝 [Mobile] Starting mobile-specific form filling...
[tra-cpm][TABLET][CHROMIUM] 🔘 [Mobile] Step 1: Selecting Debt Amount (4,988)
[tra-cpm][TABLET][CHROMIUM] 🔘 [Mobile] Clicking active visible button: .next-btn1:visible, .btn-next:visible
[tra-cpm][TABLET][CHROMIUM] ✅ [Mobile] Clicked: .next-btn1:visible, .btn-next:visible
[tra-cpm][TABLET][CHROMIUM] 💻 [Tablet] Injecting high-fidelity glossy iPad Pro mockup frame...
[tra-cpm][TABLET][CHROMIUM] ✅ [Mobile] Reached a recognized terminal step (State or Contact). Stopping dynamic traversal.
[tra-cpm][TABLET][CHROMIUM] 🔘 [Mobile] Step 2: Selecting State
[tra-cpm][TABLET][CHROMIUM] ✅ [Mobile] Selected state dynamically: "Nevada"
[tra-cpm][TABLET][CHROMIUM] 📝 [Mobile] step3 column set to State: "Nevada"
[tra-cpm][TABLET][CHROMIUM] 🔘 [Mobile] Clicking active visible button: .next-btn:visible, .next-btn2:visible, .btn-next:visible
[tra-cpm][TABLET][CHROMIUM] ✅ [Mobile] Clicked: .next-btn:visible, .next-btn2:visible, .btn-next:visible
[tra-cpm][TABLET][CHROMIUM] 💻 [Tablet] Injecting high-fidelity glossy iPad Pro mockup frame...
[tra-cpm][TABLET][CHROMIUM] 🔘 [Mobile] Step 3: Filling Contact Info (Dynamic Loop)...
[tra-cpm][TABLET][CHROMIUM] 💻 [Tablet] Injecting high-fidelity glossy iPad Pro mockup frame...
[tra-cpm][TABLET][CHROMIUM] ✅ [Mobile] Filled First Name: ckmtestpixel
[tra-cpm][TABLET][CHROMIUM] ✅ [Mobile] Filled Last Name: ckmtestpixel
[tra-cpm][TABLET][CHROMIUM] ✅ [Mobile] Filled Email: ckmtestpixel@gmail.com
[tra-cpm][TABLET][CHROMIUM] ✅ [Mobile] Filled Phone: 401-247-1028
[tra-cpm][TABLET][CHROMIUM] 🔘 [Mobile] Clicking active contact NEXT/SUBMIT button...
[tra-cpm][TABLET][CHROMIUM] 💻 [Tablet] Injecting high-fidelity glossy iPad Pro mockup frame...
[tra-cpm][TABLET][CHROMIUM] 🔘 [Mobile] No active contact NEXT/SUBMIT button visible. Exiting loop.
[tra-cpm][TABLET][CHROMIUM] 🔘 [Mobile] Scanning for additional dynamic steps...
[tra-cpm][TABLET][CHROMIUM] 🔘 [Mobile] Submitting form
[tra-cpm][TABLET][CHROMIUM] ⏳ [Mobile] Waiting for submission navigation to complete
[tra-cpm][TABLET][CHROMIUM] ⏳ [Mobile] Waiting for final Thank You page redirection...
[tra-cpm][TABLET][CHROMIUM] ✅ [Mobile] Targeted final redirect URL achieved!
[tra-cpm][TABLET][CHROMIUM] ✅ [Mobile] Final Thank You URL: https://tra.com/thank-you?debt=10000&leadid=74EEC3B1&reqid=26779152&affid=659&oid=136
[tra-cpm][TABLET][CHROMIUM] ✅ [Mobile] Extracted Lead ID: 74EEC3B1
[tra-cpm][TABLET][CHROMIUM] 📱 Device Type detected: T-CHROMIUM
✅ Lead captured: 74EEC3B1
[tra-cpm][TABLET][CHROMIUM] 📡 Fetching First API data for Lead ID: 74EEC3B1...
[tra-cpm][TABLET][CHROMIUM] 📡 Raw XML Response: {
  "lead_info_response": {
    "$": {
      "xmlns:xsd": "http://www.w3.org/2001/XMLSchema",
      "xmlns:xsi": "http://www.w3.org/2001/XMLSchema-instance",
      "xmlns": "http://cakemarketing.com/api/1/"
    },
    "success": "true",
    "row_count": "1",
    "lead_id": "74EEC3B1",
    "personal_info": {
      "first_name": "CKMTESTPIXEL",
      "last_name": "CKMTESTPIXEL",
      "email_address": "ckmtestpixel@gmail.com",
      "address": {
        "street": "",
        "city": "",
        "state": "NV",
        "zip_code": "89509",
        "country": ""
      },
      "ip_address": "27.54.170.27",
      "phone_work": "",
      "phone_home": "401-247-1028",
      "phone_cell": "",
      "best_call_time": "",
      "opt_in": "false"
    },
    "traffic_info": {
      "lead_date": "2026-05-14T02:50:48.323",
      "payout": {
        "currency_id": "1",
        "amount": "0.0000",
        "formatted_amount": "$0.00"
      },
      "affiliate": {
        "affiliate_id": {
          "_": "659",
          "$": {
            "xmlns": "API:id_name_store"
          }
        },
        "affiliate_name": {
          "_": "QA affiliate",
          "$": {
            "xmlns": "API:id_name_store"
          }
        }
      },
      "campaign": {
        "campaign_id": {
          "_": "4079",
          "$": {
            "xmlns": "API:id_name_store"
          }
        },
        "campaign_name": {
          "_": "TRA.com CPM  - CPM - CPA - $1.00",
          "$": {
            "xmlns": "API:id_name_store"
          }
        }
      },
      "creative_id": "2225",
      "subid_1": "",
      "subid_2": "",
      "subid_3": "",
      "subid_4": "",
      "subid_5": "",
      "referrer": "",
      "pixel_fired": "true",
      "returned_to_affiliate": "false",
      "test": "true",
      "upsell": "false"
    },
    "all_vertical_data": {
      "data": {
        "$": {
          "xmlns": ""
        },
        "tax_debt": "10000",
        "universal_leadid": "84EEF3FD-D3C4-94EB-A756-CA897FEF8A41",
        "affid": "659",
        "TCPA_checkbox": "1",
        "reqid": "26779152",
        "page": "https://tra.com/cpm2",
        "neustar": "fail",
        "neustar_disposition": "N,U,I1,L,0",
        "first_name_lower": "ckmtestpixel",
        "last_name_lower": "ckmtestpixel",
        "opt_special_offers": "on",
        "ckm_campaign_id": "4438"
      }
    },
    "dispositions": "",
    "pings": "",
    "posts": "",
    "sales": ""
  }
}
[tra-cpm][TABLET][CHROMIUM] ✅ First API Data retrieved on attempt 1
[tra-cpm][TABLET][CHROMIUM] 📡 Fetching Second API data for Lead ID: 74EEC3B1...
[tra-cpm][TABLET][CHROMIUM] 📡 Standard Second API Payload: cake_id=74EEC3B1, domain_name=https://www.taxreliefadvocates.com
[tra-cpm][TABLET][CHROMIUM] [STDERR] (node:7448) Warning: Setting the NODE_TLS_REJECT_UNAUTHORIZED environment variable to '0' makes TLS connections and HTTPS requests insecure by disabling certificate verification.
(Use `node --trace-warnings ...` to show where the warning was created)
[tra-cpm][TABLET][CHROMIUM] [STDERR] ❌ Second API Attempt 1 failed: Request failed with status code 404
[tra-cpm][TABLET][CHROMIUM] ⏳ Retrying in 1 second to allow database synchronization...
[tra-cpm][TABLET][CHROMIUM] 📡 Standard Second API Payload: cake_id=74EEC3B1, domain_name=https://www.taxreliefadvocates.com
[tra-cpm][TABLET][CHROMIUM] [STDERR] ❌ Second API Attempt 2 failed: Request failed with status code 404
[tra-cpm][TABLET][CHROMIUM] ⏳ Retrying in 1 second to allow database synchronization...
[tra-cpm][TABLET][CHROMIUM] 📡 Standard Second API Payload: cake_id=74EEC3B1, domain_name=https://www.taxreliefadvocates.com
[tra-cpm][TABLET][CHROMIUM] [STDERR] ❌ Second API Attempt 3 failed: Request failed with status code 404
[tra-cpm][TABLET][CHROMIUM] ⏳ Retrying in 1 second to allow database synchronization...
[tra-cpm][TABLET][CHROMIUM] 📡 Standard Second API Payload: cake_id=74EEC3B1, domain_name=https://www.taxreliefadvocates.com
[tra-cpm][TABLET][CHROMIUM] [STDERR] ❌ Second API Attempt 4 failed: Request failed with status code 404
[tra-cpm][TABLET][CHROMIUM] ⏳ Retrying in 1 second to allow database synchronization...
[tra-cpm][TABLET][CHROMIUM] 📡 Standard Second API Payload: cake_id=74EEC3B1, domain_name=https://www.taxreliefadvocates.com
[tra-cpm][TABLET][CHROMIUM] [STDERR] ❌ Second API Attempt 5 failed: Request failed with status code 404
[tra-cpm][TABLET][CHROMIUM] ✅ Row appended successfully to sheet: TRA-CPM
[tra-cpm][TABLET][CHROMIUM] ✨ Professional formatting applied to TRA-CPM
✅ Lead processed successfully for TRA-CPM Tablet
[tra-cpm][TABLET][CHROMIUM] 🎥 Video saved successfully: traces/videos/TRA-CPM_TRA-CPM_Tablet.webm
[tra-cpm][TABLET][CHROMIUM] 
✅ Execution successfully processed! { success: true, leadId: '74EEC3B1', brand: 'TRA-CPM Tablet' }
[tra-cpm][TABLET][CHROMIUM] [STDERR] ❌ Automation Run encountered a fatal exception: tracing.stop: Target page, context or browser has been closed
✅ [14/5/2026, 3:21:25 pm] COMPLETED: tra-cpm [TABLET][CHROMIUM]

================================================================
🚀 [14/5/2026, 3:21:25 pm] RUNNING: TRA-CPM (MOBILE) on CHROMIUM
🔗 Target URL: https://flmtra.com/?a=659&oc=763&c=2225&s1=
================================================================
[tra-cpm][MOBILE][CHROMIUM] 🔌 [Browser Interceptor] Intercepting and optimizing engine: CHROMIUM
[tra-cpm][MOBILE][CHROMIUM] ◇ injected env (0) from .env // tip: ⌘ override existing { override: true }
[tra-cpm][MOBILE][CHROMIUM] ◇ injected env (0) from .env // tip: ⌘ suppress logs { quiet: true }
[tra-cpm][MOBILE][CHROMIUM] ◇ injected env (0) from .env // tip: ⌘ enable debugging { debug: true }
[tra-cpm][MOBILE][CHROMIUM] ◇ injected env (0) from .env // tip: ⌁ auth for agents [www.vestauth.com]
[tra-cpm][MOBILE][CHROMIUM] 
🤖 ================================================================
[tra-cpm][MOBILE][CHROMIUM] 🤖 MASTER RUNNER: LAUNCHING TRA-CPM
🤖 Mode:            MOBILE
🤖 Tracking URL:     https://flmtra.com/?a=659&oc=763&c=2225&s1=
🤖 Target Sheet:    TRA-CPM
[tra-cpm][MOBILE][CHROMIUM] 🤖 ================================================================
[tra-cpm][MOBILE][CHROMIUM] 🔌 [Browser Interceptor] Intercepting and optimizing engine: CHROMIUM
[tra-cpm][MOBILE][CHROMIUM] 📱 Emulated Device Profile: MOBILE (iPhone 17 Pro)
[tra-cpm][MOBILE][CHROMIUM] ⏳ Delaying 200ms to allow responsive layouts to mount...
[tra-cpm][MOBILE][CHROMIUM] 🔄 Processing lead for brand: TRA-CPM Mobile
[tra-cpm][MOBILE][CHROMIUM] 📊 Campaign execution run index: 29
[tra-cpm][MOBILE][CHROMIUM] 🎯 Enforcing dynamic credentials & parameters:
   - First Name:   ckmtestpixel
   - Last Name:    ckmtestpixel
[tra-cpm][MOBILE][CHROMIUM]    - Email:        ckmtestpixel@gmail.com
   - Phone Number: 401-247-1029
   - Slider Value: 5,117
   - State Value:  New Jersey
[tra-cpm][MOBILE][CHROMIUM] 🔗 [Mobile] Navigating to: https://flmtra.com/?a=659&oc=763&c=2225&s1=
[tra-cpm][MOBILE][CHROMIUM] ✅ [Mobile] Page loaded successfully
[tra-cpm][MOBILE][CHROMIUM] 📱 [Mobile] Injecting high-fidelity glossy Natural Titanium iPhone 17 Pro mockup frame...
[tra-cpm][MOBILE][CHROMIUM] 📱 [Mobile] Injecting high-fidelity glossy Natural Titanium iPhone 17 Pro mockup frame...
[tra-cpm][MOBILE][CHROMIUM] 📝 [Mobile] Starting mobile-specific form filling...
[tra-cpm][MOBILE][CHROMIUM] 🔘 [Mobile] Step 1: Selecting Debt Amount (5,117)
[tra-cpm][MOBILE][CHROMIUM] 🔘 [Mobile] Clicking active visible button: .next-btn1:visible, .btn-next:visible
[tra-cpm][MOBILE][CHROMIUM] ✅ [Mobile] Clicked: .next-btn1:visible, .btn-next:visible
[tra-cpm][MOBILE][CHROMIUM] 📱 [Mobile] Injecting high-fidelity glossy Natural Titanium iPhone 17 Pro mockup frame...
[tra-cpm][MOBILE][CHROMIUM] ✅ [Mobile] Reached a recognized terminal step (State or Contact). Stopping dynamic traversal.
[tra-cpm][MOBILE][CHROMIUM] 🔘 [Mobile] Step 2: Selecting State
[tra-cpm][MOBILE][CHROMIUM] ✅ [Mobile] Selected state dynamically: "New Hampshire"
[tra-cpm][MOBILE][CHROMIUM] 📝 [Mobile] step3 column set to State: "New Hampshire"
[tra-cpm][MOBILE][CHROMIUM] 🔘 [Mobile] Clicking active visible button: .next-btn:visible, .next-btn2:visible, .btn-next:visible
[tra-cpm][MOBILE][CHROMIUM] ✅ [Mobile] Clicked: .next-btn:visible, .next-btn2:visible, .btn-next:visible
[tra-cpm][MOBILE][CHROMIUM] 📱 [Mobile] Injecting high-fidelity glossy Natural Titanium iPhone 17 Pro mockup frame...
[tra-cpm][MOBILE][CHROMIUM] 🔘 [Mobile] Step 3: Filling Contact Info (Dynamic Loop)...
[tra-cpm][MOBILE][CHROMIUM] 📱 [Mobile] Injecting high-fidelity glossy Natural Titanium iPhone 17 Pro mockup frame...
[tra-cpm][MOBILE][CHROMIUM] ✅ [Mobile] Filled First Name: ckmtestpixel
[tra-cpm][MOBILE][CHROMIUM] ✅ [Mobile] Filled Last Name: ckmtestpixel
[tra-cpm][MOBILE][CHROMIUM] ✅ [Mobile] Filled Email: ckmtestpixel@gmail.com
[tra-cpm][MOBILE][CHROMIUM] ✅ [Mobile] Filled Phone: 401-247-1029
[tra-cpm][MOBILE][CHROMIUM] 🔘 [Mobile] Clicking active contact NEXT/SUBMIT button...
[tra-cpm][MOBILE][CHROMIUM] 📱 [Mobile] Injecting high-fidelity glossy Natural Titanium iPhone 17 Pro mockup frame...
[tra-cpm][MOBILE][CHROMIUM] ✅ [Mobile] Filled Phone: 401-247-1029
[tra-cpm][MOBILE][CHROMIUM] 🔘 [Mobile] No active contact NEXT/SUBMIT button visible. Exiting loop.
[tra-cpm][MOBILE][CHROMIUM] 🔘 [Mobile] Scanning for additional dynamic steps...
[tra-cpm][MOBILE][CHROMIUM] 🔘 [Mobile] Submitting form
[tra-cpm][MOBILE][CHROMIUM] ⏳ [Mobile] Waiting for submission navigation to complete
[tra-cpm][MOBILE][CHROMIUM] ⏳ [Mobile] Waiting for final Thank You page redirection...
[tra-cpm][MOBILE][CHROMIUM] ✅ [Mobile] Targeted final redirect URL achieved!
[tra-cpm][MOBILE][CHROMIUM] ✅ [Mobile] Final Thank You URL: https://tra.com/thank-you?debt=10000&leadid=B275B411&reqid=26779156&affid=659&oid=136
[tra-cpm][MOBILE][CHROMIUM] ✅ [Mobile] Extracted Lead ID: B275B411
[tra-cpm][MOBILE][CHROMIUM] 📱 Device Type detected: M-CHROMIUM
[tra-cpm][MOBILE][CHROMIUM] ✅ Lead captured: B275B411
[tra-cpm][MOBILE][CHROMIUM] 📡 Fetching First API data for Lead ID: B275B411...
[tra-cpm][MOBILE][CHROMIUM] 📡 Raw XML Response: {
  "lead_info_response": {
    "$": {
      "xmlns:xsd": "http://www.w3.org/2001/XMLSchema",
      "xmlns:xsi": "http://www.w3.org/2001/XMLSchema-instance",
      "xmlns": "http://cakemarketing.com/api/1/"
    },
    "success": "true",
    "row_count": "1",
    "lead_id": "B275B411",
    "personal_info": {
      "first_name": "CKMTESTPIXEL",
      "last_name": "CKMTESTPIXEL",
      "email_address": "ckmtestpixel@gmail.com",
      "address": {
        "street": "",
        "city": "",
        "state": "NH",
        "zip_code": "03835",
        "country": ""
      },
      "ip_address": "27.54.170.27",
      "phone_work": "",
      "phone_home": "401-247-1029",
      "phone_cell": "",
      "best_call_time": "",
      "opt_in": "false"
    },
    "traffic_info": {
      "lead_date": "2026-05-14T02:51:50.247",
      "payout": {
        "currency_id": "1",
        "amount": "0.0000",
        "formatted_amount": "$0.00"
      },
      "affiliate": {
        "affiliate_id": {
          "_": "659",
          "$": {
            "xmlns": "API:id_name_store"
          }
        },
        "affiliate_name": {
          "_": "QA affiliate",
          "$": {
            "xmlns": "API:id_name_store"
          }
        }
      },
      "campaign": {
        "campaign_id": {
          "_": "4079",
          "$": {
            "xmlns": "API:id_name_store"
          }
        },
        "campaign_name": {
          "_": "TRA.com CPM  - CPM - CPA - $1.00",
          "$": {
            "xmlns": "API:id_name_store"
          }
        }
      },
      "creative_id": "2225",
      "subid_1": "",
      "subid_2": "",
      "subid_3": "",
      "subid_4": "",
      "subid_5": "",
      "referrer": "",
      "pixel_fired": "true",
      "returned_to_affiliate": "false",
      "test": "true",
      "upsell": "false"
    },
    "all_vertical_data": {
      "data": {
        "$": {
          "xmlns": ""
        },
        "tax_debt": "10000",
        "universal_leadid": "8F4C1DB2-BB80-79EC-E544-605DD8B5C973",
        "affid": "659",
        "TCPA_checkbox": "1",
        "reqid": "26779156",
        "page": "https://tra.com/cpm2",
        "neustar": "fail",
        "neustar_disposition": "N,U,I2,L,0",
        "first_name_lower": "ckmtestpixel",
        "last_name_lower": "ckmtestpixel",
        "opt_special_offers": "on",
        "ckm_campaign_id": "4438"
      }
    },
    "dispositions": "",
    "pings": "",
    "posts": "",
    "sales": ""
  }
}
[tra-cpm][MOBILE][CHROMIUM] ✅ First API Data retrieved on attempt 1
[tra-cpm][MOBILE][CHROMIUM] 📡 Fetching Second API data for Lead ID: B275B411...
[tra-cpm][MOBILE][CHROMIUM] 📡 Standard Second API Payload: cake_id=B275B411, domain_name=https://www.taxreliefadvocates.com
[tra-cpm][MOBILE][CHROMIUM] [STDERR] (node:26116) Warning: Setting the NODE_TLS_REJECT_UNAUTHORIZED environment variable to '0' makes TLS connections and HTTPS requests insecure by disabling certificate verification.
(Use `node --trace-warnings ...` to show where the warning was created)
[tra-cpm][MOBILE][CHROMIUM] [STDERR] ❌ Second API Attempt 1 failed: Request failed with status code 404
[tra-cpm][MOBILE][CHROMIUM] ⏳ Retrying in 1 second to allow database synchronization...
[tra-cpm][MOBILE][CHROMIUM] 📡 Standard Second API Payload: cake_id=B275B411, domain_name=https://www.taxreliefadvocates.com
[tra-cpm][MOBILE][CHROMIUM] [STDERR] ❌ Second API Attempt 2 failed: Request failed with status code 404
[tra-cpm][MOBILE][CHROMIUM] ⏳ Retrying in 1 second to allow database synchronization...
[tra-cpm][MOBILE][CHROMIUM] 📡 Standard Second API Payload: cake_id=B275B411, domain_name=https://www.taxreliefadvocates.com
[tra-cpm][MOBILE][CHROMIUM] [STDERR] ❌ Second API Attempt 3 failed: Request failed with status code 404
[tra-cpm][MOBILE][CHROMIUM] ⏳ Retrying in 1 second to allow database synchronization...
[tra-cpm][MOBILE][CHROMIUM] 📡 Standard Second API Payload: cake_id=B275B411, domain_name=https://www.taxreliefadvocates.com
[tra-cpm][MOBILE][CHROMIUM] [STDERR] ❌ Second API Attempt 4 failed: Request failed with status code 404
[tra-cpm][MOBILE][CHROMIUM] ⏳ Retrying in 1 second to allow database synchronization...
[tra-cpm][MOBILE][CHROMIUM] 📡 Standard Second API Payload: cake_id=B275B411, domain_name=https://www.taxreliefadvocates.com
[tra-cpm][MOBILE][CHROMIUM] [STDERR] ❌ Second API Attempt 5 failed: Request failed with status code 404
[tra-cpm][MOBILE][CHROMIUM] ✅ Row appended successfully to sheet: TRA-CPM
[tra-cpm][MOBILE][CHROMIUM] ⚠️  Non-fatal formatting error for TRA-CPM (Banding might already exist): Invalid requests[2].addBanding: You cannot add alternating background colors to a range that already has alternating background colors.
✅ Lead processed successfully for TRA-CPM Mobile
[tra-cpm][MOBILE][CHROMIUM] 🎥 Video saved successfully: traces/videos/TRA-CPM_TRA-CPM_Mobile.webm
[tra-cpm][MOBILE][CHROMIUM] 
✅ Execution successfully processed! { success: true, leadId: 'B275B411', brand: 'TRA-CPM Mobile' }
[tra-cpm][MOBILE][CHROMIUM] [STDERR] ❌ Automation Run encountered a fatal exception: tracing.stop: Target page, context or browser has been closed
✅ [14/5/2026, 3:22:26 pm] COMPLETED: tra-cpm [MOBILE][CHROMIUM]

================================================================
⚡ Running Campaign Viewports on Browser Engine: CHROMIUM - [FTH-X]
================================================================

================================================================
🚀 [14/5/2026, 3:22:26 pm] RUNNING: FTH-X (DESKTOP) on CHROMIUM
🔗 Target URL: https://fthmlf-trk.com/?a=659&oc=821&c=81&s1=
================================================================
[fth-x][DESKTOP][CHROMIUM] 🔌 [Browser Interceptor] Intercepting and optimizing engine: CHROMIUM
[fth-x][DESKTOP][CHROMIUM] ◇ injected env (0) from .env // tip: ⌘ override existing { override: true }
[fth-x][DESKTOP][CHROMIUM] ◇ injected env (0) from .env // tip: ⌘ multiple files { path: ['.env.local', '.env'] }
[fth-x][DESKTOP][CHROMIUM] ◇ injected env (0) from .env // tip: ◈ encrypted .env [www.dotenvx.com]
[fth-x][DESKTOP][CHROMIUM] ◇ injected env (0) from .env // tip: ◈ encrypted .env [www.dotenvx.com]
[fth-x][DESKTOP][CHROMIUM] 
🤖 ================================================================
[fth-x][DESKTOP][CHROMIUM] 🤖 MASTER RUNNER: LAUNCHING FTH-X
🤖 Mode:            DESKTOP
🤖 Tracking URL:     https://fthmlf-trk.com/?a=659&oc=821&c=81&s1=
🤖 Target Sheet:    FTH-X
🤖 ================================================================
[fth-x][DESKTOP][CHROMIUM] 🔌 [Browser Interceptor] Intercepting and optimizing engine: CHROMIUM
[fth-x][DESKTOP][CHROMIUM] 💻 Emulated Device Profile: DESKTOP
[fth-x][DESKTOP][CHROMIUM] 🔄 Processing lead for brand: FTH-X
[fth-x][DESKTOP][CHROMIUM] 📊 Campaign execution run index: 30
[fth-x][DESKTOP][CHROMIUM] 🎯 Enforcing dynamic credentials & parameters:
[fth-x][DESKTOP][CHROMIUM]    - First Name:   ckmtestpixel
   - Last Name:    ckmtestpixel
   - Email:        ckmtestpixel@gmail.com
   - Phone Number: 401-247-1030
   - Slider Value: 9,906
   - State Value:  New Mexico
[fth-x][DESKTOP][CHROMIUM] 🔗 Navigating to: https://fthmlf-trk.com/?a=659&oc=821&c=81&s1=
[fth-x][DESKTOP][CHROMIUM] [STDERR] ❌ Failed processing FTH-X: page.goto: net::ERR_CERT_AUTHORITY_INVALID at https://fthmlf-trk.com/?a=659&oc=821&c=81&s1=
Call log:
[2m  - navigating to "https://fthmlf-trk.com/?a=659&oc=821&c=81&s1=", waiting until "networkidle"[22m

[fth-x][DESKTOP][CHROMIUM] 
✅ Execution successfully processed! {
  success: false,
  error: 'page.goto: net::ERR_CERT_AUTHORITY_INVALID at https://fthmlf-trk.com/?a=659&oc=821&c=81&s1=\n' +
    'Call log:\n' +
    '\x1B[2m  - navigating to "https://fthmlf-trk.com/?a=659&oc=821&c=81&s1=", waiting until "networkidle"\x1B[22m\n',
  brand: 'FTH-X'
}
[fth-x][DESKTOP][CHROMIUM] 📋 Trace report successfully saved: traces/fth-x_desktop.zip
✅ [14/5/2026, 3:22:38 pm] COMPLETED: fth-x [DESKTOP][CHROMIUM]

================================================================
🚀 [14/5/2026, 3:22:38 pm] RUNNING: FTH-X (TABLET) on CHROMIUM
🔗 Target URL: https://fthmlf-trk.com/?a=659&oc=821&c=81&s1=
================================================================
[fth-x][TABLET][CHROMIUM] 🔌 [Browser Interceptor] Intercepting and optimizing engine: CHROMIUM
[fth-x][TABLET][CHROMIUM] ◇ injected env (0) from .env // tip: ⌘ custom filepath { path: '/custom/path/.env' }
[fth-x][TABLET][CHROMIUM] ◇ injected env (0) from .env // tip: ⌘ enable debugging { debug: true }
[fth-x][TABLET][CHROMIUM] ◇ injected env (0) from .env // tip: ◈ encrypted .env [www.dotenvx.com]
[fth-x][TABLET][CHROMIUM] ◇ injected env (0) from .env // tip: ⌘ enable debugging { debug: true }
[fth-x][TABLET][CHROMIUM] 
🤖 ================================================================
🤖 MASTER RUNNER: LAUNCHING FTH-X
[fth-x][TABLET][CHROMIUM] 🤖 Mode:            TABLET
🤖 Tracking URL:     https://fthmlf-trk.com/?a=659&oc=821&c=81&s1=
🤖 Target Sheet:    FTH-X
🤖 ================================================================
[fth-x][TABLET][CHROMIUM] 🔌 [Browser Interceptor] Intercepting and optimizing engine: CHROMIUM
[fth-x][TABLET][CHROMIUM] 📋 Emulated Device Profile: TABLET (iPad Pro 11) - [Standard]
[fth-x][TABLET][CHROMIUM] ⏳ Delaying 200ms to allow responsive layouts to mount...
[fth-x][TABLET][CHROMIUM] 🔄 Processing lead for brand: FTH-X Tablet
[fth-x][TABLET][CHROMIUM] 📊 Campaign execution run index: 31
[fth-x][TABLET][CHROMIUM] 🎯 Enforcing dynamic credentials & parameters:
   - First Name:   ckmtestpixel
   - Last Name:    ckmtestpixel
   - Email:        ckmtestpixel@gmail.com
   - Phone Number: 401-247-1031
   - Slider Value: 12,735
   - State Value:  New York
[fth-x][TABLET][CHROMIUM] 🔗 [Mobile] Navigating to: https://fthmlf-trk.com/?a=659&oc=821&c=81&s1=
[fth-x][TABLET][CHROMIUM] [STDERR] ❌ Failed processing FTH-X Tablet: page.goto: net::ERR_CERT_AUTHORITY_INVALID at https://fthmlf-trk.com/?a=659&oc=821&c=81&s1=
Call log:
[2m  - navigating to "https://fthmlf-trk.com/?a=659&oc=821&c=81&s1=", waiting until "networkidle"[22m

[fth-x][TABLET][CHROMIUM] 
✅ Execution successfully processed! {
  success: false,
  error: 'page.goto: net::ERR_CERT_AUTHORITY_INVALID at https://fthmlf-trk.com/?a=659&oc=821&c=81&s1=\n' +
    'Call log:\n' +
    '\x1B[2m  - navigating to "https://fthmlf-trk.com/?a=659&oc=821&c=81&s1=", waiting until "networkidle"\x1B[22m\n',
  brand: 'FTH-X Tablet'
}
[fth-x][TABLET][CHROMIUM] 📋 Trace report successfully saved: traces/fth-x_tablet.zip
✅ [14/5/2026, 3:22:48 pm] COMPLETED: fth-x [TABLET][CHROMIUM]

================================================================
🚀 [14/5/2026, 3:22:48 pm] RUNNING: FTH-X (MOBILE) on CHROMIUM
🔗 Target URL: https://fthmlf-trk.com/?a=659&oc=821&c=81&s1=
================================================================
[fth-x][MOBILE][CHROMIUM] 🔌 [Browser Interceptor] Intercepting and optimizing engine: CHROMIUM
[fth-x][MOBILE][CHROMIUM] ◇ injected env (0) from .env // tip: ⌘ multiple files { path: ['.env.local', '.env'] }
[fth-x][MOBILE][CHROMIUM] ◇ injected env (0) from .env // tip: ⌘ suppress logs { quiet: true }
[fth-x][MOBILE][CHROMIUM] ◇ injected env (0) from .env // tip: ⌘ multiple files { path: ['.env.local', '.env'] }
[fth-x][MOBILE][CHROMIUM] ◇ injected env (0) from .env // tip: ⌘ override existing { override: true }
[fth-x][MOBILE][CHROMIUM] 
🤖 ================================================================
🤖 MASTER RUNNER: LAUNCHING FTH-X
🤖 Mode:            MOBILE
🤖 Tracking URL:     https://fthmlf-trk.com/?a=659&oc=821&c=81&s1=
🤖 Target Sheet:    FTH-X
🤖 ================================================================
[fth-x][MOBILE][CHROMIUM] 🔌 [Browser Interceptor] Intercepting and optimizing engine: CHROMIUM
[fth-x][MOBILE][CHROMIUM] 📋 Emulated Device Profile: MOBILE (iPhone 17 Pro Mode) - [Standard]
[fth-x][MOBILE][CHROMIUM] ⏳ Delaying 200ms to allow responsive layouts to mount...
[fth-x][MOBILE][CHROMIUM] 🔄 Processing lead for brand: FTH-X Mobile
[fth-x][MOBILE][CHROMIUM] 📊 Campaign execution run index: 32
[fth-x][MOBILE][CHROMIUM] 🎯 Enforcing dynamic credentials & parameters:
   - First Name:   ckmtestpixel
   - Last Name:    ckmtestpixel
   - Email:        ckmtestpixel@gmail.com
   - Phone Number: 401-247-1032
[fth-x][MOBILE][CHROMIUM]    - Slider Value: 20,972
   - State Value:  North Carolina
[fth-x][MOBILE][CHROMIUM] 🔗 [Mobile] Navigating to: https://fthmlf-trk.com/?a=659&oc=821&c=81&s1=
[fth-x][MOBILE][CHROMIUM] [STDERR] ❌ Failed processing FTH-X Mobile: page.goto: net::ERR_CERT_AUTHORITY_INVALID at https://fthmlf-trk.com/?a=659&oc=821&c=81&s1=
Call log:
[2m  - navigating to "https://fthmlf-trk.com/?a=659&oc=821&c=81&s1=", waiting until "networkidle"[22m

[fth-x][MOBILE][CHROMIUM] 
✅ Execution successfully processed! {
  success: false,
  error: 'page.goto: net::ERR_CERT_AUTHORITY_INVALID at https://fthmlf-trk.com/?a=659&oc=821&c=81&s1=\n' +
    'Call log:\n' +
    '\x1B[2m  - navigating to "https://fthmlf-trk.com/?a=659&oc=821&c=81&s1=", waiting until "networkidle"\x1B[22m\n',
  brand: 'FTH-X Mobile'
}
[fth-x][MOBILE][CHROMIUM] 📋 Trace report successfully saved: traces/fth-x_mobile.zip
✅ [14/5/2026, 3:22:57 pm] COMPLETED: fth-x [MOBILE][CHROMIUM]

================================================================
⚡ Running Campaign Viewports on Browser Engine: CHROMIUM - [EVEREST-TR-X]
================================================================

================================================================
🚀 [14/5/2026, 3:22:57 pm] RUNNING: Everest Tax Releif(X) (DESKTOP) on CHROMIUM
🔗 Target URL: https://mlf-trk.com/?a=659&oc=812&c=2498&s1=
================================================================
[everest-tr-x][DESKTOP][CHROMIUM] 🔌 [Browser Interceptor] Intercepting and optimizing engine: CHROMIUM
[everest-tr-x][DESKTOP][CHROMIUM] ◇ injected env (0) from .env // tip: ⌘ multiple files { path: ['.env.local', '.env'] }
[everest-tr-x][DESKTOP][CHROMIUM] ◇ injected env (0) from .env // tip: ⌘ enable debugging { debug: true }
[everest-tr-x][DESKTOP][CHROMIUM] ◇ injected env (0) from .env // tip: ◈ secrets for agents [www.dotenvx.com]
[everest-tr-x][DESKTOP][CHROMIUM] ◇ injected env (0) from .env // tip: ◈ encrypted .env [www.dotenvx.com]
[everest-tr-x][DESKTOP][CHROMIUM] 
🤖 ================================================================
[everest-tr-x][DESKTOP][CHROMIUM] 🤖 MASTER RUNNER: LAUNCHING EVEREST TAX RELEIF(X)
🤖 Mode:            DESKTOP
🤖 Tracking URL:     https://mlf-trk.com/?a=659&oc=812&c=2498&s1=
[everest-tr-x][DESKTOP][CHROMIUM] 🤖 Target Sheet:    Everest Tax Releif(X)
[everest-tr-x][DESKTOP][CHROMIUM] 🤖 ================================================================
[everest-tr-x][DESKTOP][CHROMIUM] 🔌 [Browser Interceptor] Intercepting and optimizing engine: CHROMIUM
[everest-tr-x][DESKTOP][CHROMIUM] 💻 Emulated Device Profile: DESKTOP - [Standard]
[everest-tr-x][DESKTOP][CHROMIUM] 🔄 Processing lead for brand: Everest Tax Releif(X)
[everest-tr-x][DESKTOP][CHROMIUM] 📊 Campaign execution run index: 34
[everest-tr-x][DESKTOP][CHROMIUM] 🎯 Enforcing dynamic credentials & parameters:
   - First Name:   ckmtestpixel
   - Last Name:    ckmtestpixel
   - Email:        ckmtestpixel@gmail.com
   - Phone Number: 401-247-1034
[everest-tr-x][DESKTOP][CHROMIUM]    - Slider Value: 1,25,027
   - State Value:  Ohio
[everest-tr-x][DESKTOP][CHROMIUM] 🔗 Navigating to: https://mlf-trk.com/?a=659&oc=812&c=2498&s1=
[everest-tr-x][DESKTOP][CHROMIUM] ✅ Page loaded successfully
[everest-tr-x][DESKTOP][CHROMIUM] 📝 Starting multi-step form filling process...
[everest-tr-x][DESKTOP][CHROMIUM] 🔘 Step 1: Handling Debt Amount (1,25,027)
[everest-tr-x][DESKTOP][CHROMIUM] 🔘 Found jQuery UI Slider #slider. Setting value via jQuery and DOM evaluation...
[everest-tr-x][DESKTOP][CHROMIUM] ✅ Set jQuery UI Slider #slider to 1,25,027
[everest-tr-x][DESKTOP][CHROMIUM] 🔘 Attempting to click .next-btn1, .btn-next
[everest-tr-x][DESKTOP][CHROMIUM] ✅ Clicked .next-btn1, .btn-next
[everest-tr-x][DESKTOP][CHROMIUM] 🔘 Dynamic Choice found: clicking "Federal & State" (Option 3 of 4)
📝 step1 column set to: "Federal & State"
[everest-tr-x][DESKTOP][CHROMIUM] 🔘 Dynamic Choice found: clicking "$4,000 - $6,000" (Option 2 of 3)
📝 step2 column set to: "$4,000 - $6,000"
[everest-tr-x][DESKTOP][CHROMIUM] ✅ Reached a recognized terminal step (State or Contact). Stopping dynamic traversal.
[everest-tr-x][DESKTOP][CHROMIUM] 🔘 Step: Selecting State
[everest-tr-x][DESKTOP][CHROMIUM] ✅ Selected state dynamically: "North Dakota"
📝 step3 column set to State: "North Dakota"
[everest-tr-x][DESKTOP][CHROMIUM] 🔘 Clicking generic NEXT button
[everest-tr-x][DESKTOP][CHROMIUM] ✅ Clicked generic NEXT button
[everest-tr-x][DESKTOP][CHROMIUM] 🔘 Advancing past post-state step...
[everest-tr-x][DESKTOP][CHROMIUM] 🔘 Filling Contact Info (Dynamic Loop)...
[everest-tr-x][DESKTOP][CHROMIUM] ✅ Filled First Name: ckmtestpixel
[everest-tr-x][DESKTOP][CHROMIUM] ✅ Filled Last Name: ckmtestpixel
[everest-tr-x][DESKTOP][CHROMIUM] ✅ Filled Email: ckmtestpixel@gmail.com
[everest-tr-x][DESKTOP][CHROMIUM] ✅ Filled Phone: 401-247-1034
[everest-tr-x][DESKTOP][CHROMIUM] 🔘 Clicking active contact NEXT/SUBMIT button...
[everest-tr-x][DESKTOP][CHROMIUM] 🔘 No active contact NEXT/SUBMIT button visible. Exiting loop.
[everest-tr-x][DESKTOP][CHROMIUM] 🔘 Checking for additional submit/next buttons...
[everest-tr-x][DESKTOP][CHROMIUM] 🔘 Submitting form
[everest-tr-x][DESKTOP][CHROMIUM] [STDERR] ⚠️  Submit navigation timeout or error, waiting 5s for final URL
[everest-tr-x][DESKTOP][CHROMIUM] ⏳ Waiting for final redirect to Thank You page...
[everest-tr-x][DESKTOP][CHROMIUM] ✅ Targeted final redirect URL achieved!
[everest-tr-x][DESKTOP][CHROMIUM] ✅ Final Thank You URL: https://www.everesttaxrelief.net/thankyou_ts.php?debt=125027&leadid=A9660C5E&affid=659&reqid=26779163&sub
[everest-tr-x][DESKTOP][CHROMIUM] ✅ Extracted Lead ID: A9660C5E
[everest-tr-x][DESKTOP][CHROMIUM] 📱 Device Type detected: D-CHROMIUM
✅ Lead captured: A9660C5E
[everest-tr-x][DESKTOP][CHROMIUM] 📡 Fetching First API data for Lead ID: A9660C5E...
[everest-tr-x][DESKTOP][CHROMIUM] 📡 Raw XML Response: {
  "lead_info_response": {
    "$": {
      "xmlns:xsd": "http://www.w3.org/2001/XMLSchema",
      "xmlns:xsi": "http://www.w3.org/2001/XMLSchema-instance",
      "xmlns": "http://cakemarketing.com/api/1/"
    },
    "success": "true",
    "row_count": "1",
    "lead_id": "A9660C5E",
    "personal_info": {
      "first_name": "CKMTESTPIXEL",
      "last_name": "CKMTESTPIXEL",
      "email_address": "ckmtestpixel@gmail.com",
      "address": {
        "street": "",
        "city": "",
        "state": "ND",
        "zip_code": "",
        "country": ""
      },
      "ip_address": "27.54.170.27",
      "phone_work": "",
      "phone_home": "401-247-1034",
      "phone_cell": "",
      "best_call_time": "",
      "opt_in": "false"
    },
    "traffic_info": {
      "lead_date": "2026-05-14T02:53:19.663",
      "payout": {
        "currency_id": "1",
        "amount": "0.0000",
        "formatted_amount": "$0.00"
      },
      "affiliate": {
        "affiliate_id": {
          "_": "659",
          "$": {
            "xmlns": "API:id_name_store"
          }
        },
        "affiliate_name": {
          "_": "QA affiliate",
          "$": {
            "xmlns": "API:id_name_store"
          }
        }
      },
      "campaign": {
        "campaign_id": {
          "_": "4290",
          "$": {
            "xmlns": "API:id_name_store"
          }
        },
        "campaign_name": {
          "_": "Everest Tax Relief (X) - Main - CPA - $1.00",
          "$": {
            "xmlns": "API:id_name_store"
          }
        }
      },
      "creative_id": "2498",
      "subid_1": "",
      "subid_2": "",
      "subid_3": "",
      "subid_4": "",
      "subid_5": "",
      "referrer": "",
      "pixel_fired": "true",
      "returned_to_affiliate": "false",
      "test": "true",
      "upsell": "false"
    },
    "all_vertical_data": {
      "data": {
        "$": {
          "xmlns": ""
        },
        "tax_debt": "125027",
        "universal_leadid": "E2F0B1BB-2812-9719-73EE-C6E0114B9B57",
        "affid": "659",
        "TCPA_checkbox": "checked",
        "reqid": "26779163",
        "cr_price": "0.00",
        "page": "everesttaxrelief.net/v5/",
        "neustar": "pass",
        "neustar_disposition": "N,U,A4,L,0",
        "first_name_lower": "ckmtestpixel",
        "last_name_lower": "ckmtestpixel",
        "income": "5000",
        "first_name_capital": "Ckmtestpixel",
        "last_name_capital": "Ckmtestpixel",
        "debt_type": "Federal & State",
        "nodl_flag": "pass",
        "ckm_campaign_id": "4578"
      }
    },
    "dispositions": "",
    "pings": "",
    "posts": "",
    "sales": ""
  }
}
✅ First API Data retrieved on attempt 1
[everest-tr-x][DESKTOP][CHROMIUM] 📡 Fetching Second API data for Lead ID: A9660C5E...
[everest-tr-x][DESKTOP][CHROMIUM] 📡 Everest Custom Second API Payload: cake_id=A9660C5E, domain_name=https://everesttaxrelief.net
[everest-tr-x][DESKTOP][CHROMIUM] [STDERR] (node:21456) Warning: Setting the NODE_TLS_REJECT_UNAUTHORIZED environment variable to '0' makes TLS connections and HTTPS requests insecure by disabling certificate verification.
(Use `node --trace-warnings ...` to show where the warning was created)
[everest-tr-x][DESKTOP][CHROMIUM] ✅ Second API Data retrieved on attempt 1: dbid (id)=15652
[everest-tr-x][DESKTOP][CHROMIUM] ✅ Row appended successfully to sheet: Everest Tax Releif(X)
[everest-tr-x][DESKTOP][CHROMIUM] ⚠️  Non-fatal formatting error for Everest Tax Releif(X) (Banding might already exist): Invalid requests[2].addBanding: You cannot add alternating background colors to a range that already has alternating background colors.
✅ Lead processed successfully for Everest Tax Releif(X)
[everest-tr-x][DESKTOP][CHROMIUM] 🎥 Video saved successfully: traces/videos/Everest Tax Releif(X)_Everest_Tax_Releif(X).webm
[everest-tr-x][DESKTOP][CHROMIUM] 
✅ Execution successfully processed! { success: true, leadId: 'A9660C5E', brand: 'Everest Tax Releif(X)' }
[everest-tr-x][DESKTOP][CHROMIUM] [STDERR] ❌ Automation Run encountered a fatal exception: tracing.stop: Target page, context or browser has been closed
✅ [14/5/2026, 3:23:32 pm] COMPLETED: everest-tr-x [DESKTOP][CHROMIUM]

================================================================
🚀 [14/5/2026, 3:23:32 pm] RUNNING: Everest Tax Releif(X) (TABLET) on CHROMIUM
🔗 Target URL: https://mlf-trk.com/?a=659&oc=812&c=2498&s1=
================================================================
[everest-tr-x][TABLET][CHROMIUM] 🔌 [Browser Interceptor] Intercepting and optimizing engine: CHROMIUM
[everest-tr-x][TABLET][CHROMIUM] ◇ injected env (0) from .env // tip: ⌘ multiple files { path: ['.env.local', '.env'] }
[everest-tr-x][TABLET][CHROMIUM] ◇ injected env (0) from .env // tip: ⌘ custom filepath { path: '/custom/path/.env' }
[everest-tr-x][TABLET][CHROMIUM] ◇ injected env (0) from .env // tip: ◈ secrets for agents [www.dotenvx.com]
[everest-tr-x][TABLET][CHROMIUM] ◇ injected env (0) from .env // tip: ⌘ override existing { override: true }
[everest-tr-x][TABLET][CHROMIUM] 
🤖 ================================================================
[everest-tr-x][TABLET][CHROMIUM] 🤖 MASTER RUNNER: LAUNCHING EVEREST TAX RELEIF(X)
[everest-tr-x][TABLET][CHROMIUM] 🤖 Mode:            TABLET
[everest-tr-x][TABLET][CHROMIUM] 🤖 Tracking URL:     https://mlf-trk.com/?a=659&oc=812&c=2498&s1=
[everest-tr-x][TABLET][CHROMIUM] 🤖 Target Sheet:    Everest Tax Releif(X)
[everest-tr-x][TABLET][CHROMIUM] 🤖 ================================================================
[everest-tr-x][TABLET][CHROMIUM] 🔌 [Browser Interceptor] Intercepting and optimizing engine: CHROMIUM
[everest-tr-x][TABLET][CHROMIUM] 📋 Emulated Device Profile: TABLET (iPad Pro 11) - [Standard]
[everest-tr-x][TABLET][CHROMIUM] ⏳ Delaying 200ms to allow responsive layouts to mount...
[everest-tr-x][TABLET][CHROMIUM] 🔄 Processing lead for brand: Everest Tax Releif(X) Tablet
[everest-tr-x][TABLET][CHROMIUM] 📊 Campaign execution run index: 35
[everest-tr-x][TABLET][CHROMIUM] 🎯 Enforcing dynamic credentials & parameters:
   - First Name:   ckmtestpixel
   - Last Name:    ckmtestpixel
[everest-tr-x][TABLET][CHROMIUM]    - Email:        ckmtestpixel@gmail.com
   - Phone Number: 401-247-1035
   - Slider Value: 4,177
   - State Value:  Oklahoma
[everest-tr-x][TABLET][CHROMIUM] 🔗 [Mobile] Navigating to: https://mlf-trk.com/?a=659&oc=812&c=2498&s1=
[everest-tr-x][TABLET][CHROMIUM] ✅ [Mobile] Page loaded successfully
[everest-tr-x][TABLET][CHROMIUM] 💻 [Tablet] Injecting high-fidelity glossy iPad Pro mockup frame...
[everest-tr-x][TABLET][CHROMIUM] 💻 [Tablet] Injecting high-fidelity glossy iPad Pro mockup frame...
[everest-tr-x][TABLET][CHROMIUM] 📝 [Mobile] Starting mobile-specific form filling...
[everest-tr-x][TABLET][CHROMIUM] 🔘 [Mobile] Step 1: Selecting Debt Amount (4,177)
[everest-tr-x][TABLET][CHROMIUM] 🔘 [Mobile] Found jQuery UI Slider #slider. Setting value via jQuery and DOM evaluation...
[everest-tr-x][TABLET][CHROMIUM] ✅ [Mobile] Set jQuery UI Slider #slider to 4,177
[everest-tr-x][TABLET][CHROMIUM] 🔘 [Mobile] Clicking active visible button: .next-btn1:visible, .btn-next:visible
[everest-tr-x][TABLET][CHROMIUM] ✅ [Mobile] Clicked: .next-btn1:visible, .btn-next:visible
[everest-tr-x][TABLET][CHROMIUM] 💻 [Tablet] Injecting high-fidelity glossy iPad Pro mockup frame...
[everest-tr-x][TABLET][CHROMIUM] 🔘 [Mobile] Dynamic Choice found: clicking "Other" (Option 4 of 4)
📝 [Mobile] step1 column set to: "Other"
[everest-tr-x][TABLET][CHROMIUM] 💻 [Tablet] Injecting high-fidelity glossy iPad Pro mockup frame...
[everest-tr-x][TABLET][CHROMIUM] 🔘 [Mobile] Dynamic Choice found: clicking "Less than $4,000" (Option 3 of 3)
📝 [Mobile] step2 column set to: "Less than $4,000"
[everest-tr-x][TABLET][CHROMIUM] 💻 [Tablet] Injecting high-fidelity glossy iPad Pro mockup frame...
[everest-tr-x][TABLET][CHROMIUM] 🔘 [Mobile] Dynamic Choice found: clicking "$4,000 - $6,000" (Option 2 of 2)
📝 [Mobile] step3 column set to: "$4,000 - $6,000"
[everest-tr-x][TABLET][CHROMIUM] 💻 [Tablet] Injecting high-fidelity glossy iPad Pro mockup frame...
[everest-tr-x][TABLET][CHROMIUM] ✅ [Mobile] Reached a recognized terminal step (State or Contact). Stopping dynamic traversal.
[everest-tr-x][TABLET][CHROMIUM] 🔘 [Mobile] Step 2: Selecting State
[everest-tr-x][TABLET][CHROMIUM] ✅ [Mobile] Selected state dynamically: "Ohio"
[everest-tr-x][TABLET][CHROMIUM] 🔘 [Mobile] Clicking active visible button: .next-btn:visible, .next-btn2:visible, .btn-next:visible
[everest-tr-x][TABLET][CHROMIUM] ✅ [Mobile] Clicked: .next-btn:visible, .next-btn2:visible, .btn-next:visible
[everest-tr-x][TABLET][CHROMIUM] 💻 [Tablet] Injecting high-fidelity glossy iPad Pro mockup frame...
[everest-tr-x][TABLET][CHROMIUM] 🔘 [Mobile] Step 3: Filling Contact Info (Dynamic Loop)...
[everest-tr-x][TABLET][CHROMIUM] 💻 [Tablet] Injecting high-fidelity glossy iPad Pro mockup frame...
[everest-tr-x][TABLET][CHROMIUM] ✅ [Mobile] Filled First Name: ckmtestpixel
[everest-tr-x][TABLET][CHROMIUM] ✅ [Mobile] Filled Last Name: ckmtestpixel
[everest-tr-x][TABLET][CHROMIUM] ✅ [Mobile] Filled Email: ckmtestpixel@gmail.com
[everest-tr-x][TABLET][CHROMIUM] ✅ [Mobile] Filled Phone: 401-247-1035
[everest-tr-x][TABLET][CHROMIUM] 🔘 [Mobile] Clicking active contact NEXT/SUBMIT button...
[everest-tr-x][TABLET][CHROMIUM] 💻 [Tablet] Injecting high-fidelity glossy iPad Pro mockup frame...
[everest-tr-x][TABLET][CHROMIUM] [STDERR] ⚠️ [Tablet] Failed to apply glossy iPad Pro mockup frame overlay: page.evaluate: TypeError: Cannot read properties of null (reading 'appendChild')
    at eval (eval at evaluate (:302:30), <anonymous>:104:23)
    at UtilityScript.evaluate (<anonymous>:304:16)
    at UtilityScript.<anonymous> (<anonymous>:1:44)
[everest-tr-x][TABLET][CHROMIUM] 🔘 [Mobile] No active contact NEXT/SUBMIT button visible. Exiting loop.
[everest-tr-x][TABLET][CHROMIUM] 🔘 [Mobile] Scanning for additional dynamic steps...
[everest-tr-x][TABLET][CHROMIUM] 🔘 [Mobile] Submitting form
[everest-tr-x][TABLET][CHROMIUM] ⏳ [Mobile] Waiting for submission navigation to complete
[everest-tr-x][TABLET][CHROMIUM] ⏳ [Mobile] Waiting for final Thank You page redirection...
[everest-tr-x][TABLET][CHROMIUM] ✅ [Mobile] Targeted final redirect URL achieved!
[everest-tr-x][TABLET][CHROMIUM] ✅ [Mobile] Final Thank You URL: https://www.everesttaxrelief.net/thankyou_ts.php?debt=4177&leadid=8455ABAC&affid=659&reqid=26779165&sub
[everest-tr-x][TABLET][CHROMIUM] ✅ [Mobile] Extracted Lead ID: 8455ABAC
[everest-tr-x][TABLET][CHROMIUM] 📱 Device Type detected: T-CHROMIUM
✅ Lead captured: 8455ABAC
[everest-tr-x][TABLET][CHROMIUM] 📡 Fetching First API data for Lead ID: 8455ABAC...
[everest-tr-x][TABLET][CHROMIUM] 📡 Raw XML Response: {
  "lead_info_response": {
    "$": {
      "xmlns:xsd": "http://www.w3.org/2001/XMLSchema",
      "xmlns:xsi": "http://www.w3.org/2001/XMLSchema-instance",
      "xmlns": "http://cakemarketing.com/api/1/"
    },
    "success": "true",
    "row_count": "1",
    "lead_id": "8455ABAC",
    "personal_info": {
      "first_name": "CKMTESTPIXEL",
      "last_name": "CKMTESTPIXEL",
      "email_address": "ckmtestpixel@gmail.com",
      "address": {
        "street": "",
        "city": "",
        "state": "OH",
        "zip_code": "",
        "country": ""
      },
      "ip_address": "27.54.170.27",
      "phone_work": "",
      "phone_home": "401-247-1035",
      "phone_cell": "",
      "best_call_time": "",
      "opt_in": "false"
    },
    "traffic_info": {
      "lead_date": "2026-05-14T02:53:50.577",
      "payout": {
        "currency_id": "1",
        "amount": "0.0000",
        "formatted_amount": "$0.00"
      },
      "affiliate": {
        "affiliate_id": {
          "_": "659",
          "$": {
            "xmlns": "API:id_name_store"
          }
        },
        "affiliate_name": {
          "_": "QA affiliate",
          "$": {
            "xmlns": "API:id_name_store"
          }
        }
      },
      "campaign": {
        "campaign_id": {
          "_": "4290",
          "$": {
            "xmlns": "API:id_name_store"
          }
        },
        "campaign_name": {
          "_": "Everest Tax Relief (X) - Main - CPA - $1.00",
          "$": {
            "xmlns": "API:id_name_store"
          }
        }
      },
      "creative_id": "2498",
      "subid_1": "",
      "subid_2": "",
      "subid_3": "",
      "subid_4": "",
      "subid_5": "",
      "referrer": "",
      "pixel_fired": "true",
      "returned_to_affiliate": "false",
      "test": "true",
      "upsell": "false"
    },
    "all_vertical_data": {
      "data": {
        "$": {
          "xmlns": ""
        },
        "tax_debt": "4177",
        "universal_leadid": "76C85A73-C177-DBA4-AC26-CF1FF4104FBC",
        "affid": "659",
        "TCPA_checkbox": "checked",
        "reqid": "26779165",
        "cr_price": "3",
        "page": "everesttaxrelief.net/v5/",
        "neustar": "under",
        "first_name_lower": "ckmtestpixel",
        "last_name_lower": "ckmtestpixel",
        "income": "5000",
        "first_name_capital": "Ckmtestpixel",
        "last_name_capital": "Ckmtestpixel",
        "debt_type": "Other",
        "nodl_flag": "pass",
        "ckm_campaign_id": "4578"
      }
    },
    "dispositions": {
      "disposition": [
        {
          "disposition_type": "Not Paid For",
          "reason": "Unmatched Filter",
          "filter": "Min Tax Debt"
        },
        {
          "disposition_type": "Not Paid For",
          "reason": "Unmatched Filter",
          "filter": "Nuestar Fail"
        },
        {
          "disposition_type": "Not Paid For",
          "reason": "Unmatched Filter",
          "filter": "Debt Type Does Not Contain"
        },
        {
          "disposition_type": "Sent to Review Queue",
          "reason": "debt_type: This value is not valid",
          "filter": "Equals Value"
        }
      ]
    },
    "pings": "",
    "posts": "",
    "sales": ""
  }
}
✅ First API Data retrieved on attempt 1
[everest-tr-x][TABLET][CHROMIUM] 📡 Fetching Second API data for Lead ID: 8455ABAC...
[everest-tr-x][TABLET][CHROMIUM] 📡 Everest Custom Second API Payload: cake_id=8455ABAC, domain_name=https://everesttaxrelief.net
[everest-tr-x][TABLET][CHROMIUM] [STDERR] (node:15456) Warning: Setting the NODE_TLS_REJECT_UNAUTHORIZED environment variable to '0' makes TLS connections and HTTPS requests insecure by disabling certificate verification.
(Use `node --trace-warnings ...` to show where the warning was created)
[everest-tr-x][TABLET][CHROMIUM] ✅ Second API Data retrieved on attempt 1: dbid (id)=15654
[everest-tr-x][TABLET][CHROMIUM] ✅ Row appended successfully to sheet: Everest Tax Releif(X)
[everest-tr-x][TABLET][CHROMIUM] ⚠️  Non-fatal formatting error for Everest Tax Releif(X) (Banding might already exist): Invalid requests[2].addBanding: You cannot add alternating background colors to a range that already has alternating background colors.
[everest-tr-x][TABLET][CHROMIUM] ✅ Lead processed successfully for Everest Tax Releif(X) Tablet
[everest-tr-x][TABLET][CHROMIUM] 🎥 Video saved successfully: traces/videos/Everest Tax Releif(X)_Everest_Tax_Releif(X)_Tablet.webm
[everest-tr-x][TABLET][CHROMIUM] 
✅ Execution successfully processed! {
  success: true,
  leadId: '8455ABAC',
  brand: 'Everest Tax Releif(X) Tablet'
}
[everest-tr-x][TABLET][CHROMIUM] [STDERR] ❌ Automation Run encountered a fatal exception: tracing.stop: Target page, context or browser has been closed
✅ [14/5/2026, 3:24:18 pm] COMPLETED: everest-tr-x [TABLET][CHROMIUM]

================================================================
🚀 [14/5/2026, 3:24:18 pm] RUNNING: Everest Tax Releif(X) (MOBILE) on CHROMIUM
🔗 Target URL: https://mlf-trk.com/?a=659&oc=812&c=2498&s1=
================================================================
[everest-tr-x][MOBILE][CHROMIUM] 🔌 [Browser Interceptor] Intercepting and optimizing engine: CHROMIUM
[everest-tr-x][MOBILE][CHROMIUM] ◇ injected env (0) from .env // tip: ⌘ multiple files { path: ['.env.local', '.env'] }
[everest-tr-x][MOBILE][CHROMIUM] ◇ injected env (0) from .env // tip: ◈ secrets for agents [www.dotenvx.com]
[everest-tr-x][MOBILE][CHROMIUM] ◇ injected env (0) from .env // tip: ⌘ override existing { override: true }
[everest-tr-x][MOBILE][CHROMIUM] ◇ injected env (0) from .env // tip: ⌘ enable debugging { debug: true }
[everest-tr-x][MOBILE][CHROMIUM] 
🤖 ================================================================
🤖 MASTER RUNNER: LAUNCHING EVEREST TAX RELEIF(X)
🤖 Mode:            MOBILE
[everest-tr-x][MOBILE][CHROMIUM] 🤖 Tracking URL:     https://mlf-trk.com/?a=659&oc=812&c=2498&s1=
🤖 Target Sheet:    Everest Tax Releif(X)
🤖 ================================================================
[everest-tr-x][MOBILE][CHROMIUM] 🔌 [Browser Interceptor] Intercepting and optimizing engine: CHROMIUM
[everest-tr-x][MOBILE][CHROMIUM] 📋 Emulated Device Profile: MOBILE (iPhone 17 Pro Mode) - [Standard]
[everest-tr-x][MOBILE][CHROMIUM] ⏳ Delaying 200ms to allow responsive layouts to mount...
[everest-tr-x][MOBILE][CHROMIUM] 🔄 Processing lead for brand: Everest Tax Releif(X) Mobile
[everest-tr-x][MOBILE][CHROMIUM] 📊 Campaign execution run index: 36
[everest-tr-x][MOBILE][CHROMIUM] 🎯 Enforcing dynamic credentials & parameters:
   - First Name:   ckmtestpixel
   - Last Name:    ckmtestpixel
[everest-tr-x][MOBILE][CHROMIUM]    - Email:        ckmtestpixel@gmail.com
   - Phone Number: 401-247-1036
   - Slider Value: 5,923
   - State Value:  Oregon
[everest-tr-x][MOBILE][CHROMIUM] 🔗 [Mobile] Navigating to: https://mlf-trk.com/?a=659&oc=812&c=2498&s1=
[everest-tr-x][MOBILE][CHROMIUM] ✅ [Mobile] Page loaded successfully
[everest-tr-x][MOBILE][CHROMIUM] 📱 [Mobile] Injecting high-fidelity glossy Natural Titanium iPhone 17 Pro mockup frame...
[everest-tr-x][MOBILE][CHROMIUM] 📱 [Mobile] Injecting high-fidelity glossy Natural Titanium iPhone 17 Pro mockup frame...
[everest-tr-x][MOBILE][CHROMIUM] 📝 [Mobile] Starting mobile-specific form filling...
[everest-tr-x][MOBILE][CHROMIUM] 🔘 [Mobile] Step 1: Selecting Debt Amount (5,923)
[everest-tr-x][MOBILE][CHROMIUM] 🔘 [Mobile] Found jQuery UI Slider #slider. Setting value via jQuery and DOM evaluation...
[everest-tr-x][MOBILE][CHROMIUM] ✅ [Mobile] Set jQuery UI Slider #slider to 5,923
[everest-tr-x][MOBILE][CHROMIUM] 🔘 [Mobile] Clicking active visible button: .next-btn1:visible, .btn-next:visible
[everest-tr-x][MOBILE][CHROMIUM] ✅ [Mobile] Clicked: .next-btn1:visible, .btn-next:visible
[everest-tr-x][MOBILE][CHROMIUM] 📱 [Mobile] Injecting high-fidelity glossy Natural Titanium iPhone 17 Pro mockup frame...
[everest-tr-x][MOBILE][CHROMIUM] 🔘 [Mobile] Dynamic Choice found: clicking "Federal" (Option 1 of 4)
📝 [Mobile] step1 column set to: "Federal"
[everest-tr-x][MOBILE][CHROMIUM] 📱 [Mobile] Injecting high-fidelity glossy Natural Titanium iPhone 17 Pro mockup frame...
[everest-tr-x][MOBILE][CHROMIUM] 🔘 [Mobile] Dynamic Choice found: clicking "More than $6,000" (Option 1 of 3)
📝 [Mobile] step2 column set to: "More than $6,000"
[everest-tr-x][MOBILE][CHROMIUM] 📱 [Mobile] Injecting high-fidelity glossy Natural Titanium iPhone 17 Pro mockup frame...
[everest-tr-x][MOBILE][CHROMIUM] ✅ [Mobile] Reached a recognized terminal step (State or Contact). Stopping dynamic traversal.
[everest-tr-x][MOBILE][CHROMIUM] 🔘 [Mobile] Step 2: Selecting State
[everest-tr-x][MOBILE][CHROMIUM] ✅ [Mobile] Selected state dynamically: "Oklahoma"
[everest-tr-x][MOBILE][CHROMIUM] 📝 [Mobile] step3 column set to State: "Oklahoma"
[everest-tr-x][MOBILE][CHROMIUM] 🔘 [Mobile] Clicking active visible button: .next-btn:visible, .next-btn2:visible, .btn-next:visible
[everest-tr-x][MOBILE][CHROMIUM] ✅ [Mobile] Clicked: .next-btn:visible, .next-btn2:visible, .btn-next:visible
[everest-tr-x][MOBILE][CHROMIUM] 📱 [Mobile] Injecting high-fidelity glossy Natural Titanium iPhone 17 Pro mockup frame...
[everest-tr-x][MOBILE][CHROMIUM] 🔘 [Mobile] Step 3: Filling Contact Info (Dynamic Loop)...
[everest-tr-x][MOBILE][CHROMIUM] 📱 [Mobile] Injecting high-fidelity glossy Natural Titanium iPhone 17 Pro mockup frame...
[everest-tr-x][MOBILE][CHROMIUM] ✅ [Mobile] Filled First Name: ckmtestpixel
[everest-tr-x][MOBILE][CHROMIUM] ✅ [Mobile] Filled Last Name: ckmtestpixel
[everest-tr-x][MOBILE][CHROMIUM] ✅ [Mobile] Filled Email: ckmtestpixel@gmail.com
[everest-tr-x][MOBILE][CHROMIUM] ✅ [Mobile] Filled Phone: 401-247-1036
[everest-tr-x][MOBILE][CHROMIUM] 🔘 [Mobile] Clicking active contact NEXT/SUBMIT button...
[everest-tr-x][MOBILE][CHROMIUM] 📱 [Mobile] Injecting high-fidelity glossy Natural Titanium iPhone 17 Pro mockup frame...
[everest-tr-x][MOBILE][CHROMIUM] [STDERR] ⚠️ [Mobile] Failed to apply glossy iPhone 17 Pro mockup frame overlay: page.evaluate: TypeError: Cannot read properties of null (reading 'appendChild')
    at eval (eval at evaluate (:302:30), <anonymous>:133:23)
    at UtilityScript.evaluate (<anonymous>:304:16)
    at UtilityScript.<anonymous> (<anonymous>:1:44)
[everest-tr-x][MOBILE][CHROMIUM] 🔘 [Mobile] No active contact NEXT/SUBMIT button visible. Exiting loop.
🔘 [Mobile] Scanning for additional dynamic steps...
[everest-tr-x][MOBILE][CHROMIUM] 🔘 [Mobile] Submitting form
[everest-tr-x][MOBILE][CHROMIUM] ⏳ [Mobile] Waiting for submission navigation to complete
[everest-tr-x][MOBILE][CHROMIUM] ⏳ [Mobile] Waiting for final Thank You page redirection...
[everest-tr-x][MOBILE][CHROMIUM] ✅ [Mobile] Targeted final redirect URL achieved!
[everest-tr-x][MOBILE][CHROMIUM] ✅ [Mobile] Final Thank You URL: https://www.everesttaxrelief.net/thankyou_ts.php?debt=5923&leadid=62C3CE22&affid=659&reqid=26779167&sub
[everest-tr-x][MOBILE][CHROMIUM] ✅ [Mobile] Extracted Lead ID: 62C3CE22
[everest-tr-x][MOBILE][CHROMIUM] 📱 Device Type detected: M-CHROMIUM
✅ Lead captured: 62C3CE22
[everest-tr-x][MOBILE][CHROMIUM] 📡 Fetching First API data for Lead ID: 62C3CE22...
[everest-tr-x][MOBILE][CHROMIUM] 📡 Raw XML Response: {
  "lead_info_response": {
    "$": {
      "xmlns:xsd": "http://www.w3.org/2001/XMLSchema",
      "xmlns:xsi": "http://www.w3.org/2001/XMLSchema-instance",
      "xmlns": "http://cakemarketing.com/api/1/"
    },
    "success": "true",
    "row_count": "1",
    "lead_id": "62C3CE22",
    "personal_info": {
      "first_name": "CKMTESTPIXEL",
      "last_name": "CKMTESTPIXEL",
      "email_address": "ckmtestpixel@gmail.com",
      "address": {
        "street": "",
        "city": "",
        "state": "OK",
        "zip_code": "",
        "country": ""
      },
      "ip_address": "27.54.170.27",
      "phone_work": "",
      "phone_home": "401-247-1036",
      "phone_cell": "",
      "best_call_time": "",
      "opt_in": "false"
    },
    "traffic_info": {
      "lead_date": "2026-05-14T02:54:34.81",
      "payout": {
        "currency_id": "1",
        "amount": "0.0000",
        "formatted_amount": "$0.00"
      },
      "affiliate": {
        "affiliate_id": {
          "_": "659",
          "$": {
            "xmlns": "API:id_name_store"
          }
        },
        "affiliate_name": {
          "_": "QA affiliate",
          "$": {
            "xmlns": "API:id_name_store"
          }
        }
      },
      "campaign": {
        "campaign_id": {
          "_": "4290",
          "$": {
            "xmlns": "API:id_name_store"
          }
        },
        "campaign_name": {
          "_": "Everest Tax Relief (X) - Main - CPA - $1.00",
          "$": {
            "xmlns": "API:id_name_store"
          }
        }
      },
      "creative_id": "2498",
      "subid_1": "",
      "subid_2": "",
      "subid_3": "",
      "subid_4": "",
      "subid_5": "",
      "referrer": "",
      "pixel_fired": "true",
      "returned_to_affiliate": "false",
      "test": "true",
      "upsell": "false"
    },
    "all_vertical_data": {
      "data": {
        "$": {
          "xmlns": ""
        },
        "tax_debt": "5923",
        "universal_leadid": "51AFB045-B2F3-297D-D310-B739A349CD09",
        "affid": "659",
        "TCPA_checkbox": "checked",
        "reqid": "26779167",
        "cr_price": "3",
        "page": "everesttaxrelief.net/v5/",
        "neustar": "under",
        "first_name_lower": "ckmtestpixel",
        "last_name_lower": "ckmtestpixel",
        "income": "6500",
        "first_name_capital": "Ckmtestpixel",
        "last_name_capital": "Ckmtestpixel",
        "debt_type": "Federal",
        "nodl_flag": "pass",
        "ckm_campaign_id": "4578"
      }
    },
    "dispositions": {
      "disposition": [
        {
          "disposition_type": "Not Paid For",
          "reason": "Unmatched Filter",
          "filter": "Min Tax Debt"
        },
        {
          "disposition_type": "Not Paid For",
          "reason": "Unmatched Filter",
          "filter": "Nuestar Fail"
        }
      ]
    },
    "pings": "",
    "posts": "",
    "sales": ""
  }
}
✅ First API Data retrieved on attempt 1
[everest-tr-x][MOBILE][CHROMIUM] 📡 Fetching Second API data for Lead ID: 62C3CE22...
[everest-tr-x][MOBILE][CHROMIUM] 📡 Everest Custom Second API Payload: cake_id=62C3CE22, domain_name=https://everesttaxrelief.net
[everest-tr-x][MOBILE][CHROMIUM] [STDERR] (node:13972) Warning: Setting the NODE_TLS_REJECT_UNAUTHORIZED environment variable to '0' makes TLS connections and HTTPS requests insecure by disabling certificate verification.
(Use `node --trace-warnings ...` to show where the warning was created)
[everest-tr-x][MOBILE][CHROMIUM] ✅ Second API Data retrieved on attempt 1: dbid (id)=15655
[everest-tr-x][MOBILE][CHROMIUM] ✅ Row appended successfully to sheet: Everest Tax Releif(X)
[everest-tr-x][MOBILE][CHROMIUM] ⚠️  Non-fatal formatting error for Everest Tax Releif(X) (Banding might already exist): Invalid requests[2].addBanding: You cannot add alternating background colors to a range that already has alternating background colors.
✅ Lead processed successfully for Everest Tax Releif(X) Mobile
[everest-tr-x][MOBILE][CHROMIUM] 🎥 Video saved successfully: traces/videos/Everest Tax Releif(X)_Everest_Tax_Releif(X)_Mobile.webm
[everest-tr-x][MOBILE][CHROMIUM] 
✅ Execution successfully processed! {
  success: true,
  leadId: '62C3CE22',
  brand: 'Everest Tax Releif(X) Mobile'
}
[everest-tr-x][MOBILE][CHROMIUM] [STDERR] ❌ Automation Run encountered a fatal exception: tracing.stop: Target page, context or browser has been closed
✅ [14/5/2026, 3:25:02 pm] COMPLETED: everest-tr-x [MOBILE][CHROMIUM]

================================================================
⚡ Running Campaign Viewports on Browser Engine: CHROMIUM - [VTS-ORIGINAL]
================================================================

================================================================
🚀 [14/5/2026, 3:25:02 pm] RUNNING: VTS Original (DESKTOP) on CHROMIUM
🔗 Target URL: https://mlfvts-trk.com/?a=659&oc=323&c=569&s1=
================================================================
[vts-original][DESKTOP][CHROMIUM] 🔌 [Browser Interceptor] Intercepting and optimizing engine: CHROMIUM
[vts-original][DESKTOP][CHROMIUM] ◇ injected env (0) from .env // tip: ⌘ suppress logs { quiet: true }
[vts-original][DESKTOP][CHROMIUM] ◇ injected env (0) from .env // tip: ⌘ override existing { override: true }
[vts-original][DESKTOP][CHROMIUM] ◇ injected env (0) from .env // tip: ◈ encrypted .env [www.dotenvx.com]
[vts-original][DESKTOP][CHROMIUM] ◇ injected env (0) from .env // tip: ◈ secrets for agents [www.dotenvx.com]
[vts-original][DESKTOP][CHROMIUM] 
🤖 ================================================================
🤖 MASTER RUNNER: LAUNCHING VTS ORIGINAL
🤖 Mode:            DESKTOP
[vts-original][DESKTOP][CHROMIUM] 🤖 Tracking URL:     https://mlfvts-trk.com/?a=659&oc=323&c=569&s1=
[vts-original][DESKTOP][CHROMIUM] 🤖 Target Sheet:    VTS-Original
[vts-original][DESKTOP][CHROMIUM] 🤖 ================================================================
[vts-original][DESKTOP][CHROMIUM] 🔌 [Browser Interceptor] Intercepting and optimizing engine: CHROMIUM
[vts-original][DESKTOP][CHROMIUM] 💻 Emulated Device Profile: DESKTOP - [Standard]
[vts-original][DESKTOP][CHROMIUM] 🔄 Processing lead for brand: VTS Original
[vts-original][DESKTOP][CHROMIUM] 📊 Campaign execution run index: 25
[vts-original][DESKTOP][CHROMIUM] 🎯 Enforcing dynamic credentials & parameters:
   - First Name:   ckmtestpixel
[vts-original][DESKTOP][CHROMIUM]    - Last Name:    ckmtestpixel
   - Email:        ckmtestpixel@gmail.com
   - Phone Number: 401-247-1025
   - Slider Value: 44,538
   - State Value:  Montana
[vts-original][DESKTOP][CHROMIUM] 🔗 Navigating to: https://mlfvts-trk.com/?a=659&oc=323&c=569&s1=
[vts-original][DESKTOP][CHROMIUM] ✅ Page loaded successfully
[vts-original][DESKTOP][CHROMIUM] 📝 Starting multi-step form filling process...
[vts-original][DESKTOP][CHROMIUM] 🔘 Step 1: Handling Debt Amount (44,538)
[vts-original][DESKTOP][CHROMIUM] 🔘 Found jQuery UI Slider #slider. Setting value via jQuery and DOM evaluation...
[vts-original][DESKTOP][CHROMIUM] ✅ Set jQuery UI Slider #slider to 44,538
[vts-original][DESKTOP][CHROMIUM] 🔘 Attempting to click .next-btn1, .btn-next
[vts-original][DESKTOP][CHROMIUM] ✅ Clicked .next-btn1, .btn-next
[vts-original][DESKTOP][CHROMIUM] 🔘 Dynamic Choice found: clicking "State Tax Debt" (Option 2 of 6)
📝 step1 column set to: "State Tax Debt"
[vts-original][DESKTOP][CHROMIUM] ✅ Reached a recognized terminal step (State or Contact). Stopping dynamic traversal.
[vts-original][DESKTOP][CHROMIUM] 🔘 Step: Selecting State
[vts-original][DESKTOP][CHROMIUM] ✅ Selected state dynamically: "Missouri"
📝 step3 column set to State: "Missouri"
[vts-original][DESKTOP][CHROMIUM] 🔘 Clicking generic NEXT button
[vts-original][DESKTOP][CHROMIUM] ✅ Clicked generic NEXT button
[vts-original][DESKTOP][CHROMIUM] 🔘 Advancing past post-state step...
[vts-original][DESKTOP][CHROMIUM] 🔘 Filling Contact Info (Dynamic Loop)...
[vts-original][DESKTOP][CHROMIUM] ✅ Filled First Name: ckmtestpixel
[vts-original][DESKTOP][CHROMIUM] ✅ Filled Last Name: ckmtestpixel
[vts-original][DESKTOP][CHROMIUM] 🔘 Clicking active contact NEXT/SUBMIT button...
[vts-original][DESKTOP][CHROMIUM] ✅ Filled Email: ckmtestpixel@gmail.com
[vts-original][DESKTOP][CHROMIUM] 🔘 Clicking active contact NEXT/SUBMIT button...
[vts-original][DESKTOP][CHROMIUM] ✅ Filled Phone: 401-247-1025
[vts-original][DESKTOP][CHROMIUM] 🔘 Clicking active contact NEXT/SUBMIT button...
[vts-original][DESKTOP][CHROMIUM] 🔘 No active contact NEXT/SUBMIT button visible. Exiting loop.
[vts-original][DESKTOP][CHROMIUM] 🔘 Checking for additional submit/next buttons...
[vts-original][DESKTOP][CHROMIUM] 🔘 Submitting form
[vts-original][DESKTOP][CHROMIUM] [STDERR] ⚠️  Submit navigation timeout or error, waiting 5s for final URL
[vts-original][DESKTOP][CHROMIUM] ⏳ Waiting for final redirect to Thank You page...
[vts-original][DESKTOP][CHROMIUM] ✅ Targeted final redirect URL achieved!
[vts-original][DESKTOP][CHROMIUM] ✅ Final Thank You URL: https://www.veteranstaxservices.com/thankyou_ts_checklist.php?debt=44538&leadid=39F512D0&affid=659&reqid=26779169&subid=#s1#
[vts-original][DESKTOP][CHROMIUM] ✅ Extracted Lead ID: 39F512D0
[vts-original][DESKTOP][CHROMIUM] 📱 Device Type detected: D-CHROMIUM
✅ Lead captured: 39F512D0
[vts-original][DESKTOP][CHROMIUM] 📡 Fetching First API data for Lead ID: 39F512D0...
[vts-original][DESKTOP][CHROMIUM] 📡 Raw XML Response: {
  "lead_info_response": {
    "$": {
      "xmlns:xsd": "http://www.w3.org/2001/XMLSchema",
      "xmlns:xsi": "http://www.w3.org/2001/XMLSchema-instance",
      "xmlns": "http://cakemarketing.com/api/1/"
    },
    "success": "true",
    "row_count": "1",
    "lead_id": "39F512D0",
    "personal_info": {
      "first_name": "CKMTESTPIXEL",
      "last_name": "CKMTESTPIXEL",
      "email_address": "ckmtestpixel@gmail.com",
      "address": {
        "street": "",
        "city": "",
        "state": "MO",
        "zip_code": "",
        "country": ""
      },
      "ip_address": "27.54.170.27",
      "phone_work": "",
      "phone_home": "401-247-1025",
      "phone_cell": "",
      "best_call_time": "",
      "opt_in": "false"
    },
    "traffic_info": {
      "lead_date": "2026-05-14T02:55:22.93",
      "payout": {
        "currency_id": "1",
        "amount": "0.0000",
        "formatted_amount": "$0.00"
      },
      "affiliate": {
        "affiliate_id": {
          "_": "659",
          "$": {
            "xmlns": "API:id_name_store"
          }
        },
        "affiliate_name": {
          "_": "QA affiliate",
          "$": {
            "xmlns": "API:id_name_store"
          }
        }
      },
      "campaign": {
        "campaign_id": {
          "_": "4062",
          "$": {
            "xmlns": "API:id_name_store"
          }
        },
        "campaign_name": {
          "_": "Veterans Tax Services - VTS - Original  - CPA - $1.00",
          "$": {
            "xmlns": "API:id_name_store"
          }
        }
      },
      "creative_id": "569",
      "subid_1": "",
      "subid_2": "",
      "subid_3": "",
      "subid_4": "",
      "subid_5": "",
      "referrer": "",
      "pixel_fired": "true",
      "returned_to_affiliate": "false",
      "test": "true",
      "upsell": "false"
    },
    "all_vertical_data": {
      "data": {
        "$": {
          "xmlns": ""
        },
        "tax_debt": "44538",
        "universal_leadid": "DD4F1574-9FA7-C84B-F2EF-500023EEB9B8",
        "affid": "659",
        "TCPA_checkbox": "checked",
        "reqid": "26779169",
        "cr_price": "0.00",
        "page": "www.veteranstaxservices.com/v5/",
        "neustar": "fail",
        "neustar_disposition": "N,U,I1,L,0",
        "nd_odlv": "26",
        "first_name_lower": "ckmtestpixel",
        "last_name_lower": "ckmtestpixel",
        "first_name_capital": "Ckmtestpixel",
        "last_name_capital": "Ckmtestpixel",
        "opt_special_offers": "checked",
        "debt_type": "State Tax Debt",
        "nodl_flag": "pass",
        "ckm_campaign_id": "3902"
      }
    },
    "dispositions": "",
    "pings": "",
    "posts": "",
    "sales": ""
  }
}
✅ First API Data retrieved on attempt 1
[vts-original][DESKTOP][CHROMIUM] 📡 Fetching Second API data for Lead ID: 39F512D0...
[vts-original][DESKTOP][CHROMIUM] 📡 VTS Original (via Everest) Custom Second API Payload: cake_id=39F512D0, domain_name=https://everesttaxrelief.net
[vts-original][DESKTOP][CHROMIUM] [STDERR] (node:9388) Warning: Setting the NODE_TLS_REJECT_UNAUTHORIZED environment variable to '0' makes TLS connections and HTTPS requests insecure by disabling certificate verification.
(Use `node --trace-warnings ...` to show where the warning was created)
[vts-original][DESKTOP][CHROMIUM] ✅ Second API Data retrieved on attempt 1: dbid=
[vts-original][DESKTOP][CHROMIUM] ✅ Row appended successfully to sheet: VTS-Original
[vts-original][DESKTOP][CHROMIUM] ✨ Professional formatting applied to VTS-Original
✅ Lead processed successfully for VTS Original
[vts-original][DESKTOP][CHROMIUM] 🎥 Video saved successfully: traces/videos/VTS-Original_VTS_Original.webm
[vts-original][DESKTOP][CHROMIUM] 
✅ Execution successfully processed! { success: true, leadId: '39F512D0', brand: 'VTS Original' }
[vts-original][DESKTOP][CHROMIUM] [STDERR] ❌ Automation Run encountered a fatal exception: tracing.stop: Target page, context or browser has been closed
✅ [14/5/2026, 3:25:35 pm] COMPLETED: vts-original [DESKTOP][CHROMIUM]

================================================================
🚀 [14/5/2026, 3:25:35 pm] RUNNING: VTS Original (TABLET) on CHROMIUM
🔗 Target URL: https://mlfvts-trk.com/?a=659&oc=323&c=569&s1=
================================================================
[vts-original][TABLET][CHROMIUM] 🔌 [Browser Interceptor] Intercepting and optimizing engine: CHROMIUM
[vts-original][TABLET][CHROMIUM] ◇ injected env (0) from .env // tip: ⌘ multiple files { path: ['.env.local', '.env'] }
[vts-original][TABLET][CHROMIUM] ◇ injected env (0) from .env // tip: ⌘ enable debugging { debug: true }
[vts-original][TABLET][CHROMIUM] ◇ injected env (0) from .env // tip: ⌘ custom filepath { path: '/custom/path/.env' }
[vts-original][TABLET][CHROMIUM] ◇ injected env (0) from .env // tip: ⌘ override existing { override: true }
[vts-original][TABLET][CHROMIUM] 
🤖 ================================================================
🤖 MASTER RUNNER: LAUNCHING VTS ORIGINAL
🤖 Mode:            TABLET
🤖 Tracking URL:     https://mlfvts-trk.com/?a=659&oc=323&c=569&s1=
[vts-original][TABLET][CHROMIUM] 🤖 Target Sheet:    VTS-Original
🤖 ================================================================
[vts-original][TABLET][CHROMIUM] 🔌 [Browser Interceptor] Intercepting and optimizing engine: CHROMIUM
[vts-original][TABLET][CHROMIUM] 📋 Emulated Device Profile: TABLET (iPad Pro 11) - [Standard]
[vts-original][TABLET][CHROMIUM] ⏳ Delaying 200ms to allow responsive layouts to mount...
[vts-original][TABLET][CHROMIUM] 🔄 Processing lead for brand: VTS Original Tablet
[vts-original][TABLET][CHROMIUM] 📊 Campaign execution run index: 26
[vts-original][TABLET][CHROMIUM] 🎯 Enforcing dynamic credentials & parameters:
   - First Name:   ckmtestpixel
[vts-original][TABLET][CHROMIUM]    - Last Name:    ckmtestpixel
   - Email:        ckmtestpixel@gmail.com
   - Phone Number: 401-247-1026
[vts-original][TABLET][CHROMIUM]    - Slider Value: 61,362
   - State Value:  Nebraska
[vts-original][TABLET][CHROMIUM] 🔗 [Mobile] Navigating to: https://mlfvts-trk.com/?a=659&oc=323&c=569&s1=
[vts-original][TABLET][CHROMIUM] ✅ [Mobile] Page loaded successfully
[vts-original][TABLET][CHROMIUM] 💻 [Tablet] Injecting high-fidelity glossy iPad Pro mockup frame...
[vts-original][TABLET][CHROMIUM] 💻 [Tablet] Injecting high-fidelity glossy iPad Pro mockup frame...
[vts-original][TABLET][CHROMIUM] 📝 [Mobile] Starting mobile-specific form filling...
[vts-original][TABLET][CHROMIUM] 🔘 [Mobile] Step 1: Selecting Debt Amount (61,362)
[vts-original][TABLET][CHROMIUM] 🔘 [Mobile] Found jQuery UI Slider #slider. Setting value via jQuery and DOM evaluation...
[vts-original][TABLET][CHROMIUM] ✅ [Mobile] Set jQuery UI Slider #slider to 61,362
[vts-original][TABLET][CHROMIUM] 🔘 [Mobile] Clicking active visible button: .next-btn1:visible, .btn-next:visible
[vts-original][TABLET][CHROMIUM] ✅ [Mobile] Clicked: .next-btn1:visible, .btn-next:visible
[vts-original][TABLET][CHROMIUM] 💻 [Tablet] Injecting high-fidelity glossy iPad Pro mockup frame...
[vts-original][TABLET][CHROMIUM] 🔘 [Mobile] Dynamic Choice found: clicking "IRS & State Tax Debt" (Option 3 of 6)
📝 [Mobile] step1 column set to: "IRS & State Tax Debt"
[vts-original][TABLET][CHROMIUM] 💻 [Tablet] Injecting high-fidelity glossy iPad Pro mockup frame...
[vts-original][TABLET][CHROMIUM] ✅ [Mobile] Reached a recognized terminal step (State or Contact). Stopping dynamic traversal.
[vts-original][TABLET][CHROMIUM] 🔘 [Mobile] Step 2: Selecting State
[vts-original][TABLET][CHROMIUM] ✅ [Mobile] Selected state dynamically: "Montana"
📝 [Mobile] step3 column set to State: "Montana"
[vts-original][TABLET][CHROMIUM] 🔘 [Mobile] Clicking active visible button: .next-btn:visible, .next-btn2:visible, .btn-next:visible
[vts-original][TABLET][CHROMIUM] ✅ [Mobile] Clicked: .next-btn:visible, .next-btn2:visible, .btn-next:visible
[vts-original][TABLET][CHROMIUM] 💻 [Tablet] Injecting high-fidelity glossy iPad Pro mockup frame...
[vts-original][TABLET][CHROMIUM] 🔘 [Mobile] Step 3: Filling Contact Info (Dynamic Loop)...
[vts-original][TABLET][CHROMIUM] 💻 [Tablet] Injecting high-fidelity glossy iPad Pro mockup frame...
[vts-original][TABLET][CHROMIUM] ✅ [Mobile] Filled First Name: ckmtestpixel
[vts-original][TABLET][CHROMIUM] ✅ [Mobile] Filled Last Name: ckmtestpixel
[vts-original][TABLET][CHROMIUM] 🔘 [Mobile] Clicking active contact NEXT/SUBMIT button...
[vts-original][TABLET][CHROMIUM] 💻 [Tablet] Injecting high-fidelity glossy iPad Pro mockup frame...
[vts-original][TABLET][CHROMIUM] ✅ [Mobile] Filled Email: ckmtestpixel@gmail.com
[vts-original][TABLET][CHROMIUM] 🔘 [Mobile] Clicking active contact NEXT/SUBMIT button...
[vts-original][TABLET][CHROMIUM] 💻 [Tablet] Injecting high-fidelity glossy iPad Pro mockup frame...
[vts-original][TABLET][CHROMIUM] ✅ [Mobile] Filled Phone: 401-247-1026
[vts-original][TABLET][CHROMIUM] 🔘 [Mobile] Clicking active contact NEXT/SUBMIT button...
[vts-original][TABLET][CHROMIUM] 💻 [Tablet] Injecting high-fidelity glossy iPad Pro mockup frame...
[vts-original][TABLET][CHROMIUM] [STDERR] ⚠️ [Tablet] Failed to apply glossy iPad Pro mockup frame overlay: page.evaluate: TypeError: Cannot read properties of null (reading 'appendChild')
    at eval (eval at evaluate (:302:30), <anonymous>:104:23)
    at UtilityScript.evaluate (<anonymous>:304:16)
    at UtilityScript.<anonymous> (<anonymous>:1:44)
[vts-original][TABLET][CHROMIUM] 🔘 [Mobile] No active contact NEXT/SUBMIT button visible. Exiting loop.
🔘 [Mobile] Scanning for additional dynamic steps...
[vts-original][TABLET][CHROMIUM] 🔘 [Mobile] Submitting form
[vts-original][TABLET][CHROMIUM] ⏳ [Mobile] Waiting for submission navigation to complete
[vts-original][TABLET][CHROMIUM] ⏳ [Mobile] Waiting for final Thank You page redirection...
[vts-original][TABLET][CHROMIUM] ✅ [Mobile] Targeted final redirect URL achieved!
✅ [Mobile] Final Thank You URL: https://www.veteranstaxservices.com/thankyou_ts_checklist.php?debt=61362&leadid=6DF48C50&affid=659&reqid=26779171&subid=#s1#
[vts-original][TABLET][CHROMIUM] ✅ [Mobile] Extracted Lead ID: 6DF48C50
📱 Device Type detected: T-CHROMIUM
✅ Lead captured: 6DF48C50
[vts-original][TABLET][CHROMIUM] 📡 Fetching First API data for Lead ID: 6DF48C50...
[vts-original][TABLET][CHROMIUM] 📡 Raw XML Response: {
  "lead_info_response": {
    "$": {
      "xmlns:xsd": "http://www.w3.org/2001/XMLSchema",
      "xmlns:xsi": "http://www.w3.org/2001/XMLSchema-instance",
      "xmlns": "http://cakemarketing.com/api/1/"
    },
    "success": "true",
    "row_count": "1",
    "lead_id": "6DF48C50",
    "personal_info": {
      "first_name": "CKMTESTPIXEL",
      "last_name": "CKMTESTPIXEL",
      "email_address": "ckmtestpixel@gmail.com",
      "address": {
        "street": "",
        "city": "",
        "state": "MT",
        "zip_code": "",
        "country": ""
      },
      "ip_address": "27.54.170.27",
      "phone_work": "",
      "phone_home": "401-247-1026",
      "phone_cell": "",
      "best_call_time": "",
      "opt_in": "false"
    },
    "traffic_info": {
      "lead_date": "2026-05-14T02:55:54.183",
      "payout": {
        "currency_id": "1",
        "amount": "0.0000",
        "formatted_amount": "$0.00"
      },
      "affiliate": {
        "affiliate_id": {
          "_": "659",
          "$": {
            "xmlns": "API:id_name_store"
          }
        },
        "affiliate_name": {
          "_": "QA affiliate",
          "$": {
            "xmlns": "API:id_name_store"
          }
        }
      },
      "campaign": {
        "campaign_id": {
          "_": "4062",
          "$": {
            "xmlns": "API:id_name_store"
          }
        },
        "campaign_name": {
          "_": "Veterans Tax Services - VTS - Original  - CPA - $1.00",
          "$": {
            "xmlns": "API:id_name_store"
          }
        }
      },
      "creative_id": "569",
      "subid_1": "",
      "subid_2": "",
      "subid_3": "",
      "subid_4": "",
      "subid_5": "",
      "referrer": "",
      "pixel_fired": "true",
      "returned_to_affiliate": "false",
      "test": "true",
      "upsell": "false"
    },
    "all_vertical_data": {
      "data": {
        "$": {
          "xmlns": ""
        },
        "tax_debt": "61362",
        "universal_leadid": "AB5EE4A0-2141-A5A0-40AC-D2A6492B5D97",
        "affid": "659",
        "TCPA_checkbox": "checked",
        "reqid": "26779171",
        "cr_price": "0.00",
        "page": "www.veteranstaxservices.com/v5/",
        "neustar": "fail",
        "neustar_disposition": "N,U,I3,L,0",
        "nd_odlv": "26",
        "first_name_lower": "ckmtestpixel",
        "last_name_lower": "ckmtestpixel",
        "first_name_capital": "Ckmtestpixel",
        "last_name_capital": "Ckmtestpixel",
        "opt_special_offers": "checked",
        "debt_type": "IRS & State Tax Debt",
        "nodl_flag": "pass",
        "ckm_campaign_id": "3902"
      }
    },
    "dispositions": "",
    "pings": "",
    "posts": "",
    "sales": ""
  }
}
✅ First API Data retrieved on attempt 1
[vts-original][TABLET][CHROMIUM] 📡 Fetching Second API data for Lead ID: 6DF48C50...
[vts-original][TABLET][CHROMIUM] 📡 VTS Original (via Everest) Custom Second API Payload: cake_id=6DF48C50, domain_name=https://everesttaxrelief.net
[vts-original][TABLET][CHROMIUM] [STDERR] (node:25436) Warning: Setting the NODE_TLS_REJECT_UNAUTHORIZED environment variable to '0' makes TLS connections and HTTPS requests insecure by disabling certificate verification.
(Use `node --trace-warnings ...` to show where the warning was created)
[vts-original][TABLET][CHROMIUM] ✅ Second API Data retrieved on attempt 1: dbid=
[vts-original][TABLET][CHROMIUM] ✅ Row appended successfully to sheet: VTS-Original
[vts-original][TABLET][CHROMIUM] ⚠️  Non-fatal formatting error for VTS-Original (Banding might already exist): Invalid requests[2].addBanding: You cannot add alternating background colors to a range that already has alternating background colors.
✅ Lead processed successfully for VTS Original Tablet
[vts-original][TABLET][CHROMIUM] 🎥 Video saved successfully: traces/videos/VTS-Original_VTS_Original_Tablet.webm
[vts-original][TABLET][CHROMIUM] 
✅ Execution successfully processed! { success: true, leadId: '6DF48C50', brand: 'VTS Original Tablet' }
[vts-original][TABLET][CHROMIUM] [STDERR] ❌ Automation Run encountered a fatal exception: tracing.stop: Target page, context or browser has been closed
✅ [14/5/2026, 3:26:21 pm] COMPLETED: vts-original [TABLET][CHROMIUM]

================================================================
🚀 [14/5/2026, 3:26:21 pm] RUNNING: VTS Original (MOBILE) on CHROMIUM
🔗 Target URL: https://mlfvts-trk.com/?a=659&oc=323&c=569&s1=
================================================================
[vts-original][MOBILE][CHROMIUM] 🔌 [Browser Interceptor] Intercepting and optimizing engine: CHROMIUM
[vts-original][MOBILE][CHROMIUM] ◇ injected env (0) from .env // tip: ◈ secrets for agents [www.dotenvx.com]
[vts-original][MOBILE][CHROMIUM] ◇ injected env (0) from .env // tip: ◈ encrypted .env [www.dotenvx.com]
[vts-original][MOBILE][CHROMIUM] ◇ injected env (0) from .env // tip: ⌘ multiple files { path: ['.env.local', '.env'] }
[vts-original][MOBILE][CHROMIUM] ◇ injected env (0) from .env // tip: ⌁ auth for agents [www.vestauth.com]
[vts-original][MOBILE][CHROMIUM] 
🤖 ================================================================
🤖 MASTER RUNNER: LAUNCHING VTS ORIGINAL
🤖 Mode:            MOBILE
[vts-original][MOBILE][CHROMIUM] 🤖 Tracking URL:     https://mlfvts-trk.com/?a=659&oc=323&c=569&s1=
🤖 Target Sheet:    VTS-Original
[vts-original][MOBILE][CHROMIUM] 🤖 ================================================================
[vts-original][MOBILE][CHROMIUM] 🔌 [Browser Interceptor] Intercepting and optimizing engine: CHROMIUM
[vts-original][MOBILE][CHROMIUM] 📋 Emulated Device Profile: MOBILE (iPhone 17 Pro Mode) - [Standard]
[vts-original][MOBILE][CHROMIUM] ⏳ Delaying 200ms to allow responsive layouts to mount...
[vts-original][MOBILE][CHROMIUM] 🔄 Processing lead for brand: VTS Original Mobile
[vts-original][MOBILE][CHROMIUM] 📊 Campaign execution run index: 27
[vts-original][MOBILE][CHROMIUM] 🎯 Enforcing dynamic credentials & parameters:
   - First Name:   ckmtestpixel
   - Last Name:    ckmtestpixel
[vts-original][MOBILE][CHROMIUM]    - Email:        ckmtestpixel@gmail.com
   - Phone Number: 401-247-1027
   - Slider Value: 1,35,398
   - State Value:  Nevada
[vts-original][MOBILE][CHROMIUM] 🔗 [Mobile] Navigating to: https://mlfvts-trk.com/?a=659&oc=323&c=569&s1=
[vts-original][MOBILE][CHROMIUM] ✅ [Mobile] Page loaded successfully
[vts-original][MOBILE][CHROMIUM] 📱 [Mobile] Injecting high-fidelity glossy Natural Titanium iPhone 17 Pro mockup frame...
[vts-original][MOBILE][CHROMIUM] 📱 [Mobile] Injecting high-fidelity glossy Natural Titanium iPhone 17 Pro mockup frame...
[vts-original][MOBILE][CHROMIUM] 📝 [Mobile] Starting mobile-specific form filling...
[vts-original][MOBILE][CHROMIUM] 🔘 [Mobile] Step 1: Selecting Debt Amount (1,35,398)
[vts-original][MOBILE][CHROMIUM] 🔘 [Mobile] Found jQuery UI Slider #slider. Setting value via jQuery and DOM evaluation...
[vts-original][MOBILE][CHROMIUM] ✅ [Mobile] Set jQuery UI Slider #slider to 1,35,398
[vts-original][MOBILE][CHROMIUM] 🔘 [Mobile] Clicking active visible button: .next-btn1:visible, .btn-next:visible
[vts-original][MOBILE][CHROMIUM] ✅ [Mobile] Clicked: .next-btn1:visible, .btn-next:visible
[vts-original][MOBILE][CHROMIUM] 📱 [Mobile] Injecting high-fidelity glossy Natural Titanium iPhone 17 Pro mockup frame...
[vts-original][MOBILE][CHROMIUM] 🔘 [Mobile] Dynamic Choice found: clicking "Other" (Option 4 of 6)
📝 [Mobile] step1 column set to: "Other"
[vts-original][MOBILE][CHROMIUM] 📱 [Mobile] Injecting high-fidelity glossy Natural Titanium iPhone 17 Pro mockup frame...
[vts-original][MOBILE][CHROMIUM] ✅ [Mobile] Reached a recognized terminal step (State or Contact). Stopping dynamic traversal.
[vts-original][MOBILE][CHROMIUM] 🔘 [Mobile] Step 2: Selecting State
[vts-original][MOBILE][CHROMIUM] ✅ [Mobile] Selected state dynamically: "Nebraska"
📝 [Mobile] step3 column set to State: "Nebraska"
[vts-original][MOBILE][CHROMIUM] 🔘 [Mobile] Clicking active visible button: .next-btn:visible, .next-btn2:visible, .btn-next:visible
[vts-original][MOBILE][CHROMIUM] ✅ [Mobile] Clicked: .next-btn:visible, .next-btn2:visible, .btn-next:visible
[vts-original][MOBILE][CHROMIUM] 📱 [Mobile] Injecting high-fidelity glossy Natural Titanium iPhone 17 Pro mockup frame...
[vts-original][MOBILE][CHROMIUM] 🔘 [Mobile] Step 3: Filling Contact Info (Dynamic Loop)...
[vts-original][MOBILE][CHROMIUM] 📱 [Mobile] Injecting high-fidelity glossy Natural Titanium iPhone 17 Pro mockup frame...
[vts-original][MOBILE][CHROMIUM] ✅ [Mobile] Filled First Name: ckmtestpixel
[vts-original][MOBILE][CHROMIUM] ✅ [Mobile] Filled Last Name: ckmtestpixel
[vts-original][MOBILE][CHROMIUM] 🔘 [Mobile] Clicking active contact NEXT/SUBMIT button...
[vts-original][MOBILE][CHROMIUM] 📱 [Mobile] Injecting high-fidelity glossy Natural Titanium iPhone 17 Pro mockup frame...
[vts-original][MOBILE][CHROMIUM] ✅ [Mobile] Filled Email: ckmtestpixel@gmail.com
[vts-original][MOBILE][CHROMIUM] 🔘 [Mobile] Clicking active contact NEXT/SUBMIT button...
[vts-original][MOBILE][CHROMIUM] 📱 [Mobile] Injecting high-fidelity glossy Natural Titanium iPhone 17 Pro mockup frame...
[vts-original][MOBILE][CHROMIUM] ✅ [Mobile] Filled Phone: 401-247-1027
[vts-original][MOBILE][CHROMIUM] 🔘 [Mobile] Clicking active contact NEXT/SUBMIT button...
[vts-original][MOBILE][CHROMIUM] 📱 [Mobile] Injecting high-fidelity glossy Natural Titanium iPhone 17 Pro mockup frame...
[vts-original][MOBILE][CHROMIUM] [STDERR] ⚠️ [Mobile] Failed to apply glossy iPhone 17 Pro mockup frame overlay: page.evaluate: TypeError: Cannot read properties of null (reading 'appendChild')
    at eval (eval at evaluate (:302:30), <anonymous>:133:23)
    at UtilityScript.evaluate (<anonymous>:304:16)
    at UtilityScript.<anonymous> (<anonymous>:1:44)
[vts-original][MOBILE][CHROMIUM] 🔘 [Mobile] No active contact NEXT/SUBMIT button visible. Exiting loop.
[vts-original][MOBILE][CHROMIUM] 🔘 [Mobile] Scanning for additional dynamic steps...
[vts-original][MOBILE][CHROMIUM] 🔘 [Mobile] Submitting form
[vts-original][MOBILE][CHROMIUM] ⏳ [Mobile] Waiting for submission navigation to complete
[vts-original][MOBILE][CHROMIUM] ⏳ [Mobile] Waiting for final Thank You page redirection...
[vts-original][MOBILE][CHROMIUM] ✅ [Mobile] Targeted final redirect URL achieved!
[vts-original][MOBILE][CHROMIUM] ✅ [Mobile] Final Thank You URL: https://www.veteranstaxservices.com/thankyou_ts_checklist.php?debt=135398&leadid=07E3DDD4&affid=659&reqid=26779174&subid=#s1#
[vts-original][MOBILE][CHROMIUM] ✅ [Mobile] Extracted Lead ID: 07E3DDD4
[vts-original][MOBILE][CHROMIUM] 📱 Device Type detected: M-CHROMIUM
✅ Lead captured: 07E3DDD4
[vts-original][MOBILE][CHROMIUM] 📡 Fetching First API data for Lead ID: 07E3DDD4...
[vts-original][MOBILE][CHROMIUM] 📡 Raw XML Response: {
  "lead_info_response": {
    "$": {
      "xmlns:xsd": "http://www.w3.org/2001/XMLSchema",
      "xmlns:xsi": "http://www.w3.org/2001/XMLSchema-instance",
      "xmlns": "http://cakemarketing.com/api/1/"
    },
    "success": "true",
    "row_count": "1",
    "lead_id": "07E3DDD4",
    "personal_info": {
      "first_name": "CKMTESTPIXEL",
      "last_name": "CKMTESTPIXEL",
      "email_address": "ckmtestpixel@gmail.com",
      "address": {
        "street": "",
        "city": "",
        "state": "NE",
        "zip_code": "",
        "country": ""
      },
      "ip_address": "27.54.170.27",
      "phone_work": "",
      "phone_home": "401-247-1027",
      "phone_cell": "",
      "best_call_time": "",
      "opt_in": "false"
    },
    "traffic_info": {
      "lead_date": "2026-05-14T02:56:40.397",
      "payout": {
        "currency_id": "1",
        "amount": "0.0000",
        "formatted_amount": "$0.00"
      },
      "affiliate": {
        "affiliate_id": {
          "_": "659",
          "$": {
            "xmlns": "API:id_name_store"
          }
        },
        "affiliate_name": {
          "_": "QA affiliate",
          "$": {
            "xmlns": "API:id_name_store"
          }
        }
      },
      "campaign": {
        "campaign_id": {
          "_": "4062",
          "$": {
            "xmlns": "API:id_name_store"
          }
        },
        "campaign_name": {
          "_": "Veterans Tax Services - VTS - Original  - CPA - $1.00",
          "$": {
            "xmlns": "API:id_name_store"
          }
        }
      },
      "creative_id": "569",
      "subid_1": "",
      "subid_2": "",
      "subid_3": "",
      "subid_4": "",
      "subid_5": "",
      "referrer": "",
      "pixel_fired": "true",
      "returned_to_affiliate": "false",
      "test": "true",
      "upsell": "false"
    },
    "all_vertical_data": {
      "data": {
        "$": {
          "xmlns": ""
        },
        "tax_debt": "135398",
        "universal_leadid": "835131BD-11C9-5113-430C-DB7716D13BA8",
        "affid": "659",
        "TCPA_checkbox": "checked",
        "reqid": "26779174",
        "cr_price": "0.00",
        "page": "www.veteranstaxservices.com/v5/",
        "neustar": "pass",
        "neustar_disposition": "N,U,I2,L,0",
        "nd_odlv": "28",
        "first_name_lower": "ckmtestpixel",
        "last_name_lower": "ckmtestpixel",
        "first_name_capital": "Ckmtestpixel",
        "last_name_capital": "Ckmtestpixel",
        "opt_special_offers": "checked",
        "debt_type": "Other",
        "nodl_flag": "pass",
        "ckm_campaign_id": "3902"
      }
    },
    "dispositions": {
      "disposition": [
        {
          "disposition_type": "Not Paid For",
          "reason": "Unmatched Filter",
          "filter": "Debt Type Does Not Contain"
        },
        {
          "disposition_type": "Sent to Review Queue",
          "reason": "debt_type: This value is not valid",
          "filter": "Equals Value"
        }
      ]
    },
    "pings": "",
    "posts": "",
    "sales": ""
  }
}
✅ First API Data retrieved on attempt 1
[vts-original][MOBILE][CHROMIUM] 📡 Fetching Second API data for Lead ID: 07E3DDD4...
[vts-original][MOBILE][CHROMIUM] 📡 VTS Original (via Everest) Custom Second API Payload: cake_id=07E3DDD4, domain_name=https://everesttaxrelief.net
[vts-original][MOBILE][CHROMIUM] [STDERR] (node:15076) Warning: Setting the NODE_TLS_REJECT_UNAUTHORIZED environment variable to '0' makes TLS connections and HTTPS requests insecure by disabling certificate verification.
(Use `node --trace-warnings ...` to show where the warning was created)
[vts-original][MOBILE][CHROMIUM] ✅ Second API Data retrieved on attempt 1: dbid=
[vts-original][MOBILE][CHROMIUM] ✅ Row appended successfully to sheet: VTS-Original
[vts-original][MOBILE][CHROMIUM] ⚠️  Non-fatal formatting error for VTS-Original (Banding might already exist): Invalid requests[2].addBanding: You cannot add alternating background colors to a range that already has alternating background colors.
✅ Lead processed successfully for VTS Original Mobile
[vts-original][MOBILE][CHROMIUM] 🎥 Video saved successfully: traces/videos/VTS-Original_VTS_Original_Mobile.webm
[vts-original][MOBILE][CHROMIUM] 
✅ Execution successfully processed! { success: true, leadId: '07E3DDD4', brand: 'VTS Original Mobile' }
[vts-original][MOBILE][CHROMIUM] [STDERR] ❌ Automation Run encountered a fatal exception: tracing.stop: Target page, context or browser has been closed
✅ [14/5/2026, 3:27:09 pm] COMPLETED: vts-original [MOBILE][CHROMIUM]

================================================================
⚡ Running Campaign Viewports on Browser Engine: CHROMIUM - [1800-FRESH-TAX-X-MAIN]
================================================================

================================================================
🚀 [14/5/2026, 3:27:09 pm] RUNNING: 1800 Fresh Tax (X) Main (DESKTOP) on CHROMIUM
🔗 Target URL: https://flmtrk.com/?a=659&oc=696&c=1867&s1=
================================================================
[1800-fresh-tax-x-main][DESKTOP][CHROMIUM] 🔌 [Browser Interceptor] Intercepting and optimizing engine: CHROMIUM
[1800-fresh-tax-x-main][DESKTOP][CHROMIUM] ◇ injected env (0) from .env // tip: ◈ secrets for agents [www.dotenvx.com]
[1800-fresh-tax-x-main][DESKTOP][CHROMIUM] ◇ injected env (0) from .env // tip: ◈ secrets for agents [www.dotenvx.com]
[1800-fresh-tax-x-main][DESKTOP][CHROMIUM] ◇ injected env (0) from .env // tip: ⌁ auth for agents [www.vestauth.com]
[1800-fresh-tax-x-main][DESKTOP][CHROMIUM] ◇ injected env (0) from .env // tip: ◈ secrets for agents [www.dotenvx.com]
[1800-fresh-tax-x-main][DESKTOP][CHROMIUM] 
🤖 ================================================================
🤖 MASTER RUNNER: LAUNCHING 1800 FRESH TAX (X) MAIN
[1800-fresh-tax-x-main][DESKTOP][CHROMIUM] 🤖 Mode:            DESKTOP
🤖 Tracking URL:     https://flmtrk.com/?a=659&oc=696&c=1867&s1=
🤖 Target Sheet:    1800 Fresh Tax (X) Main
🤖 ================================================================
[1800-fresh-tax-x-main][DESKTOP][CHROMIUM] 🔌 [Browser Interceptor] Intercepting and optimizing engine: CHROMIUM
[1800-fresh-tax-x-main][DESKTOP][CHROMIUM] 💻 Emulated Device Profile: DESKTOP - [Standard]
[1800-fresh-tax-x-main][DESKTOP][CHROMIUM] 🔄 Processing lead for brand: 1800 Fresh Tax (X) Main
[1800-fresh-tax-x-main][DESKTOP][CHROMIUM] 📊 Campaign execution run index: 34
[1800-fresh-tax-x-main][DESKTOP][CHROMIUM] 🎯 Enforcing dynamic credentials & parameters:
[1800-fresh-tax-x-main][DESKTOP][CHROMIUM]    - First Name:   ckmtestpixel
   - Last Name:    ckmtestpixel
[1800-fresh-tax-x-main][DESKTOP][CHROMIUM]    - Email:        ckmtestpixel@gmail.com
   - Phone Number: 401-247-1034
   - Slider Value: 1,29,337
   - State Value:  Ohio
[1800-fresh-tax-x-main][DESKTOP][CHROMIUM] 🔗 Navigating to: https://flmtrk.com/?a=659&oc=696&c=1867&s1=
[1800-fresh-tax-x-main][DESKTOP][CHROMIUM] ✅ Page loaded successfully
[1800-fresh-tax-x-main][DESKTOP][CHROMIUM] 📝 Starting multi-step form filling process...
[1800-fresh-tax-x-main][DESKTOP][CHROMIUM] 🔘 Step 1: Handling Debt Amount (1,29,337)
[1800-fresh-tax-x-main][DESKTOP][CHROMIUM] 🔘 Found jQuery UI Slider #slider. Setting value via jQuery and DOM evaluation...
[1800-fresh-tax-x-main][DESKTOP][CHROMIUM] ✅ Set jQuery UI Slider #slider to 1,29,337
[1800-fresh-tax-x-main][DESKTOP][CHROMIUM] 🔘 Attempting to click .next-btn1, .btn-next
[1800-fresh-tax-x-main][DESKTOP][CHROMIUM] ✅ Clicked .next-btn1, .btn-next
[1800-fresh-tax-x-main][DESKTOP][CHROMIUM] 🔘 Dynamic Choice found: clicking "GET HELP TODAY!" (Option 5 of 6)
📝 step1 column set to: "GET HELP TODAY!"
[1800-fresh-tax-x-main][DESKTOP][CHROMIUM] 🔘 Dynamic Choice found: clicking "Learn More About Your Tax Debt Relief Options" (Option 5 of 5)
📝 step2 column set to: "Learn More About Your Tax Debt Relief Options"
[1800-fresh-tax-x-main][DESKTOP][CHROMIUM] 🔘 Dynamic Choice found: clicking "Gujarat Tax Debt" (Option 3 of 4)
📝 step3 column set to: "Gujarat Tax Debt"
[1800-fresh-tax-x-main][DESKTOP][CHROMIUM] 🔘 Dynamic Choice found: clicking "$3,000 - $5,000" (Option 2 of 3)
[1800-fresh-tax-x-main][DESKTOP][CHROMIUM] ✅ Reached a recognized terminal step (State or Contact). Stopping dynamic traversal.
[1800-fresh-tax-x-main][DESKTOP][CHROMIUM] 🔘 Step: Selecting State
[1800-fresh-tax-x-main][DESKTOP][CHROMIUM] ✅ Selected state dynamically: "North Dakota"
[1800-fresh-tax-x-main][DESKTOP][CHROMIUM] 🔘 Clicking generic NEXT button
[1800-fresh-tax-x-main][DESKTOP][CHROMIUM] ✅ Clicked generic NEXT button
[1800-fresh-tax-x-main][DESKTOP][CHROMIUM] 🔘 Advancing past post-state step...
[1800-fresh-tax-x-main][DESKTOP][CHROMIUM] 🔘 Filling Contact Info (Dynamic Loop)...
[1800-fresh-tax-x-main][DESKTOP][CHROMIUM] ✅ Filled First Name: ckmtestpixel
[1800-fresh-tax-x-main][DESKTOP][CHROMIUM] ✅ Filled Last Name: ckmtestpixel
[1800-fresh-tax-x-main][DESKTOP][CHROMIUM] 🔘 Clicking active contact NEXT/SUBMIT button...
[1800-fresh-tax-x-main][DESKTOP][CHROMIUM] ✅ Filled Email: ckmtestpixel@gmail.com
[1800-fresh-tax-x-main][DESKTOP][CHROMIUM] 🔘 Clicking active contact NEXT/SUBMIT button...
[1800-fresh-tax-x-main][DESKTOP][CHROMIUM] ✅ Filled Phone: 401-247-1034
[1800-fresh-tax-x-main][DESKTOP][CHROMIUM] 🔘 Clicking active contact NEXT/SUBMIT button...
[1800-fresh-tax-x-main][DESKTOP][CHROMIUM] 🔘 No active contact NEXT/SUBMIT button visible. Exiting loop.
[1800-fresh-tax-x-main][DESKTOP][CHROMIUM] 🔘 Checking for additional submit/next buttons...
[1800-fresh-tax-x-main][DESKTOP][CHROMIUM] 🔘 Submitting form
[1800-fresh-tax-x-main][DESKTOP][CHROMIUM] [STDERR] ⚠️  Submit navigation timeout or error, waiting 5s for final URL
[1800-fresh-tax-x-main][DESKTOP][CHROMIUM] ⏳ Waiting for final redirect to Thank You page...
[1800-fresh-tax-x-main][DESKTOP][CHROMIUM] ✅ Targeted final redirect URL achieved!
[1800-fresh-tax-x-main][DESKTOP][CHROMIUM] ✅ Final Thank You URL: https://www.1800freshtax.com/thankyou_ow.php?debt=129337&leadid=C0227EBD&reqid=26779176&affid=659&subid=#s1#
[1800-fresh-tax-x-main][DESKTOP][CHROMIUM] ✅ Extracted Lead ID: C0227EBD
[1800-fresh-tax-x-main][DESKTOP][CHROMIUM] 📱 Device Type detected: D-CHROMIUM
✅ Lead captured: C0227EBD
[1800-fresh-tax-x-main][DESKTOP][CHROMIUM] 📡 Fetching First API data for Lead ID: C0227EBD...
[1800-fresh-tax-x-main][DESKTOP][CHROMIUM] 📡 Raw XML Response: {
  "lead_info_response": {
    "$": {
      "xmlns:xsd": "http://www.w3.org/2001/XMLSchema",
      "xmlns:xsi": "http://www.w3.org/2001/XMLSchema-instance",
      "xmlns": "http://cakemarketing.com/api/1/"
    },
    "success": "true",
    "row_count": "1",
    "lead_id": "C0227EBD",
    "personal_info": {
      "first_name": "CKMTESTPIXEL",
      "last_name": "CKMTESTPIXEL",
      "email_address": "ckmtestpixel@gmail.com",
      "address": {
        "street": "",
        "city": "",
        "state": "ND",
        "zip_code": "",
        "country": ""
      },
      "ip_address": "27.54.170.27",
      "phone_work": "",
      "phone_home": "401-247-1034",
      "phone_cell": "",
      "best_call_time": "",
      "opt_in": "false"
    },
    "traffic_info": {
      "lead_date": "2026-05-14T02:57:30.507",
      "payout": {
        "currency_id": "1",
        "amount": "0.0000",
        "formatted_amount": "$0.00"
      },
      "affiliate": {
        "affiliate_id": {
          "_": "659",
          "$": {
            "xmlns": "API:id_name_store"
          }
        },
        "affiliate_name": {
          "_": "QA affiliate",
          "$": {
            "xmlns": "API:id_name_store"
          }
        }
      },
      "campaign": {
        "campaign_id": {
          "_": "4071",
          "$": {
            "xmlns": "API:id_name_store"
          }
        },
        "campaign_name": {
          "_": "1800 Fresh Tax (X) - Main - CPA - $1.00",
          "$": {
            "xmlns": "API:id_name_store"
          }
        }
      },
      "creative_id": "1867",
      "subid_1": "",
      "subid_2": "",
      "subid_3": "",
      "subid_4": "",
      "subid_5": "",
      "referrer": "",
      "pixel_fired": "true",
      "returned_to_affiliate": "false",
      "test": "true",
      "upsell": "false"
    },
    "all_vertical_data": {
      "data": {
        "$": {
          "xmlns": ""
        },
        "tax_debt": "129337",
        "universal_leadid": "09C0E3A9-6303-A1D8-7381-039EDD3628A1",
        "affid": "659",
        "TCPA_checkbox": "checked",
        "reqid": "26779176",
        "cr_price": "0.00",
        "page": "www.1800freshtax.com/lf4/",
        "neustar": "pass",
        "neustar_disposition": "N,U,A4,L,0",
        "nd_odlv": "24",
        "first_name_lower": "ckmtestpixel",
        "last_name_lower": "ckmtestpixel",
        "income": "4500",
        "first_name_capital": "Ckmtestpixel",
        "last_name_capital": "Ckmtestpixel",
        "debt_type": "State Tax Debt",
        "nodl_flag": "pass",
        "ckm_campaign_id": "4337"
      }
    },
    "dispositions": "",
    "pings": "",
    "posts": "",
    "sales": ""
  }
}
✅ First API Data retrieved on attempt 1
[1800-fresh-tax-x-main][DESKTOP][CHROMIUM] 📡 Fetching Second API data for Lead ID: C0227EBD...
[1800-fresh-tax-x-main][DESKTOP][CHROMIUM] 📡 Standard Second API Payload: cake_id=C0227EBD, domain_name=https://www.1800freshtax.com
[1800-fresh-tax-x-main][DESKTOP][CHROMIUM] [STDERR] (node:17324) Warning: Setting the NODE_TLS_REJECT_UNAUTHORIZED environment variable to '0' makes TLS connections and HTTPS requests insecure by disabling certificate verification.
(Use `node --trace-warnings ...` to show where the warning was created)
[1800-fresh-tax-x-main][DESKTOP][CHROMIUM] [STDERR] ❌ Second API Attempt 1 failed: Request failed with status code 404
[1800-fresh-tax-x-main][DESKTOP][CHROMIUM] ⏳ Retrying in 1 second to allow database synchronization...
[1800-fresh-tax-x-main][DESKTOP][CHROMIUM] 📡 Standard Second API Payload: cake_id=C0227EBD, domain_name=https://www.1800freshtax.com
[1800-fresh-tax-x-main][DESKTOP][CHROMIUM] [STDERR] ❌ Second API Attempt 2 failed: Request failed with status code 404
[1800-fresh-tax-x-main][DESKTOP][CHROMIUM] ⏳ Retrying in 1 second to allow database synchronization...
[1800-fresh-tax-x-main][DESKTOP][CHROMIUM] 📡 Standard Second API Payload: cake_id=C0227EBD, domain_name=https://www.1800freshtax.com
[1800-fresh-tax-x-main][DESKTOP][CHROMIUM] [STDERR] ❌ Second API Attempt 3 failed: Request failed with status code 404
[1800-fresh-tax-x-main][DESKTOP][CHROMIUM] ⏳ Retrying in 1 second to allow database synchronization...
[1800-fresh-tax-x-main][DESKTOP][CHROMIUM] 📡 Standard Second API Payload: cake_id=C0227EBD, domain_name=https://www.1800freshtax.com
[1800-fresh-tax-x-main][DESKTOP][CHROMIUM] [STDERR] ❌ Second API Attempt 4 failed: Request failed with status code 404
[1800-fresh-tax-x-main][DESKTOP][CHROMIUM] ⏳ Retrying in 1 second to allow database synchronization...
[1800-fresh-tax-x-main][DESKTOP][CHROMIUM] 📡 Standard Second API Payload: cake_id=C0227EBD, domain_name=https://www.1800freshtax.com
[1800-fresh-tax-x-main][DESKTOP][CHROMIUM] [STDERR] ❌ Second API Attempt 5 failed: Request failed with status code 404
[1800-fresh-tax-x-main][DESKTOP][CHROMIUM] ✅ Row appended successfully to sheet: 1800 Fresh Tax (X) Main
[1800-fresh-tax-x-main][DESKTOP][CHROMIUM] ✨ Professional formatting applied to 1800 Fresh Tax (X) Main
✅ Lead processed successfully for 1800 Fresh Tax (X) Main
[1800-fresh-tax-x-main][DESKTOP][CHROMIUM] 🎥 Video saved successfully: traces/videos/1800 Fresh Tax (X) Main_1800_Fresh_Tax_(X)_Main.webm
[1800-fresh-tax-x-main][DESKTOP][CHROMIUM] 
✅ Execution successfully processed! { success: true, leadId: 'C0227EBD', brand: '1800 Fresh Tax (X) Main' }
[1800-fresh-tax-x-main][DESKTOP][CHROMIUM] [STDERR] ❌ Automation Run encountered a fatal exception: tracing.stop: Target page, context or browser has been closed
✅ [14/5/2026, 3:27:47 pm] COMPLETED: 1800-fresh-tax-x-main [DESKTOP][CHROMIUM]

================================================================
🚀 [14/5/2026, 3:27:47 pm] RUNNING: 1800 Fresh Tax (X) Main (TABLET) on CHROMIUM
🔗 Target URL: https://flmtrk.com/?a=659&oc=696&c=1867&s1=
================================================================
[1800-fresh-tax-x-main][TABLET][CHROMIUM] 🔌 [Browser Interceptor] Intercepting and optimizing engine: CHROMIUM
[1800-fresh-tax-x-main][TABLET][CHROMIUM] ◇ injected env (0) from .env // tip: ⌘ suppress logs { quiet: true }
[1800-fresh-tax-x-main][TABLET][CHROMIUM] ◇ injected env (0) from .env // tip: ◈ encrypted .env [www.dotenvx.com]
[1800-fresh-tax-x-main][TABLET][CHROMIUM] ◇ injected env (0) from .env // tip: ⌘ suppress logs { quiet: true }
[1800-fresh-tax-x-main][TABLET][CHROMIUM] ◇ injected env (0) from .env // tip: ⌘ custom filepath { path: '/custom/path/.env' }
[1800-fresh-tax-x-main][TABLET][CHROMIUM] 
🤖 ================================================================
[1800-fresh-tax-x-main][TABLET][CHROMIUM] 🤖 MASTER RUNNER: LAUNCHING 1800 FRESH TAX (X) MAIN
🤖 Mode:            TABLET
🤖 Tracking URL:     https://flmtrk.com/?a=659&oc=696&c=1867&s1=
[1800-fresh-tax-x-main][TABLET][CHROMIUM] 🤖 Target Sheet:    1800 Fresh Tax (X) Main
[1800-fresh-tax-x-main][TABLET][CHROMIUM] 🤖 ================================================================
[1800-fresh-tax-x-main][TABLET][CHROMIUM] 🔌 [Browser Interceptor] Intercepting and optimizing engine: CHROMIUM
[1800-fresh-tax-x-main][TABLET][CHROMIUM] 📋 Emulated Device Profile: TABLET (iPad Pro 11) - [Standard]
[1800-fresh-tax-x-main][TABLET][CHROMIUM] ⏳ Delaying 200ms to allow responsive layouts to mount...
[1800-fresh-tax-x-main][TABLET][CHROMIUM] 🔄 Processing lead for brand: 1800 Fresh Tax (X) Main Tablet
[1800-fresh-tax-x-main][TABLET][CHROMIUM] 📊 Campaign execution run index: 35
[1800-fresh-tax-x-main][TABLET][CHROMIUM] 🎯 Enforcing dynamic credentials & parameters:
   - First Name:   ckmtestpixel
   - Last Name:    ckmtestpixel
[1800-fresh-tax-x-main][TABLET][CHROMIUM]    - Email:        ckmtestpixel@gmail.com
   - Phone Number: 401-247-1035
   - Slider Value: 4,794
   - State Value:  Oklahoma
[1800-fresh-tax-x-main][TABLET][CHROMIUM] 🔗 [Mobile] Navigating to: https://flmtrk.com/?a=659&oc=696&c=1867&s1=
[1800-fresh-tax-x-main][TABLET][CHROMIUM] ✅ [Mobile] Page loaded successfully
[1800-fresh-tax-x-main][TABLET][CHROMIUM] 💻 [Tablet] Injecting high-fidelity glossy iPad Pro mockup frame...
[1800-fresh-tax-x-main][TABLET][CHROMIUM] 💻 [Tablet] Injecting high-fidelity glossy iPad Pro mockup frame...
[1800-fresh-tax-x-main][TABLET][CHROMIUM] 📝 [Mobile] Starting mobile-specific form filling...
[1800-fresh-tax-x-main][TABLET][CHROMIUM] 🔘 [Mobile] Step 1: Selecting Debt Amount (4,794)
[1800-fresh-tax-x-main][TABLET][CHROMIUM] 🔘 [Mobile] Found jQuery UI Slider #slider. Setting value via jQuery and DOM evaluation...
[1800-fresh-tax-x-main][TABLET][CHROMIUM] ✅ [Mobile] Set jQuery UI Slider #slider to 4,794
[1800-fresh-tax-x-main][TABLET][CHROMIUM] 🔘 [Mobile] Clicking active visible button: .next-btn1:visible, .btn-next:visible
[1800-fresh-tax-x-main][TABLET][CHROMIUM] ✅ [Mobile] Clicked: .next-btn1:visible, .btn-next:visible
[1800-fresh-tax-x-main][TABLET][CHROMIUM] 💻 [Tablet] Injecting high-fidelity glossy iPad Pro mockup frame...
[1800-fresh-tax-x-main][TABLET][CHROMIUM] 🔘 [Mobile] Dynamic Choice found: clicking "Learn More About Your Tax Debt Relief Options" (Option 6 of 6)
📝 [Mobile] step1 column set to: "Learn More About Your Tax Debt Relief Options"
[1800-fresh-tax-x-main][TABLET][CHROMIUM] 💻 [Tablet] Injecting high-fidelity glossy iPad Pro mockup frame...
[1800-fresh-tax-x-main][TABLET][CHROMIUM] 🔘 [Mobile] Dynamic Choice found: clicking "Both IRS & Gujarat Tax Debt" (Option 1 of 5)
[1800-fresh-tax-x-main][TABLET][CHROMIUM] 📝 [Mobile] step2 column set to: "Both IRS & Gujarat Tax Debt"
[1800-fresh-tax-x-main][TABLET][CHROMIUM] 💻 [Tablet] Injecting high-fidelity glossy iPad Pro mockup frame...
[1800-fresh-tax-x-main][TABLET][CHROMIUM] 🔘 [Mobile] Dynamic Choice found: clicking "GET HELP TODAY!" (Option 4 of 4)
[1800-fresh-tax-x-main][TABLET][CHROMIUM] 📝 [Mobile] step3 column set to: "GET HELP TODAY!"
[1800-fresh-tax-x-main][TABLET][CHROMIUM] 💻 [Tablet] Injecting high-fidelity glossy iPad Pro mockup frame...
[1800-fresh-tax-x-main][TABLET][CHROMIUM] 🔘 [Mobile] Dynamic Choice found: clicking "More than $5,000" (Option 3 of 3)
[1800-fresh-tax-x-main][TABLET][CHROMIUM] 💻 [Tablet] Injecting high-fidelity glossy iPad Pro mockup frame...
[1800-fresh-tax-x-main][TABLET][CHROMIUM] ✅ [Mobile] Reached a recognized terminal step (State or Contact). Stopping dynamic traversal.
[1800-fresh-tax-x-main][TABLET][CHROMIUM] 🔘 [Mobile] Step 2: Selecting State
[1800-fresh-tax-x-main][TABLET][CHROMIUM] ✅ [Mobile] Selected state dynamically: "Ohio"
[1800-fresh-tax-x-main][TABLET][CHROMIUM] 🔘 [Mobile] Clicking active visible button: .next-btn:visible, .next-btn2:visible, .btn-next:visible
[1800-fresh-tax-x-main][TABLET][CHROMIUM] ✅ [Mobile] Clicked: .next-btn:visible, .next-btn2:visible, .btn-next:visible
[1800-fresh-tax-x-main][TABLET][CHROMIUM] 💻 [Tablet] Injecting high-fidelity glossy iPad Pro mockup frame...
[1800-fresh-tax-x-main][TABLET][CHROMIUM] 🔘 [Mobile] Step 3: Filling Contact Info (Dynamic Loop)...
[1800-fresh-tax-x-main][TABLET][CHROMIUM] 💻 [Tablet] Injecting high-fidelity glossy iPad Pro mockup frame...
[1800-fresh-tax-x-main][TABLET][CHROMIUM] ✅ [Mobile] Filled First Name: ckmtestpixel
[1800-fresh-tax-x-main][TABLET][CHROMIUM] ✅ [Mobile] Filled Last Name: ckmtestpixel
[1800-fresh-tax-x-main][TABLET][CHROMIUM] 🔘 [Mobile] Clicking active contact NEXT/SUBMIT button...
[1800-fresh-tax-x-main][TABLET][CHROMIUM] 💻 [Tablet] Injecting high-fidelity glossy iPad Pro mockup frame...
[1800-fresh-tax-x-main][TABLET][CHROMIUM] ✅ [Mobile] Filled Email: ckmtestpixel@gmail.com
[1800-fresh-tax-x-main][TABLET][CHROMIUM] 🔘 [Mobile] Clicking active contact NEXT/SUBMIT button...
[1800-fresh-tax-x-main][TABLET][CHROMIUM] 💻 [Tablet] Injecting high-fidelity glossy iPad Pro mockup frame...
[1800-fresh-tax-x-main][TABLET][CHROMIUM] ✅ [Mobile] Filled Phone: 401-247-1035
[1800-fresh-tax-x-main][TABLET][CHROMIUM] 🔘 [Mobile] Clicking active contact NEXT/SUBMIT button...
[1800-fresh-tax-x-main][TABLET][CHROMIUM] 💻 [Tablet] Injecting high-fidelity glossy iPad Pro mockup frame...
[1800-fresh-tax-x-main][TABLET][CHROMIUM] [STDERR] ⚠️ [Tablet] Failed to apply glossy iPad Pro mockup frame overlay: page.evaluate: TypeError: Cannot read properties of null (reading 'appendChild')
    at eval (eval at evaluate (:302:30), <anonymous>:104:23)
    at UtilityScript.evaluate (<anonymous>:304:16)
    at UtilityScript.<anonymous> (<anonymous>:1:44)
[1800-fresh-tax-x-main][TABLET][CHROMIUM] 🔘 [Mobile] No active contact NEXT/SUBMIT button visible. Exiting loop.
🔘 [Mobile] Scanning for additional dynamic steps...
[1800-fresh-tax-x-main][TABLET][CHROMIUM] 🔘 [Mobile] Submitting form
[1800-fresh-tax-x-main][TABLET][CHROMIUM] ⏳ [Mobile] Waiting for submission navigation to complete
[1800-fresh-tax-x-main][TABLET][CHROMIUM] ⏳ [Mobile] Waiting for final Thank You page redirection...
[1800-fresh-tax-x-main][TABLET][CHROMIUM] ✅ [Mobile] Targeted final redirect URL achieved!
[1800-fresh-tax-x-main][TABLET][CHROMIUM] ✅ [Mobile] Final Thank You URL: https://www.1800freshtax.com/thankyou_ow.php?debt=4794&leadid=8A7C9510&reqid=26779180&affid=659&subid=#s1#
[1800-fresh-tax-x-main][TABLET][CHROMIUM] ✅ [Mobile] Extracted Lead ID: 8A7C9510
[1800-fresh-tax-x-main][TABLET][CHROMIUM] 📱 Device Type detected: T-CHROMIUM
✅ Lead captured: 8A7C9510
[1800-fresh-tax-x-main][TABLET][CHROMIUM] 📡 Fetching First API data for Lead ID: 8A7C9510...
[1800-fresh-tax-x-main][TABLET][CHROMIUM] 📡 Raw XML Response: {
  "lead_info_response": {
    "$": {
      "xmlns:xsd": "http://www.w3.org/2001/XMLSchema",
      "xmlns:xsi": "http://www.w3.org/2001/XMLSchema-instance",
      "xmlns": "http://cakemarketing.com/api/1/"
    },
    "success": "true",
    "row_count": "1",
    "lead_id": "8A7C9510",
    "personal_info": {
      "first_name": "CKMTESTPIXEL",
      "last_name": "CKMTESTPIXEL",
      "email_address": "ckmtestpixel@gmail.com",
      "address": {
        "street": "",
        "city": "",
        "state": "OH",
        "zip_code": "",
        "country": ""
      },
      "ip_address": "27.54.170.27",
      "phone_work": "",
      "phone_home": "401-247-1035",
      "phone_cell": "",
      "best_call_time": "",
      "opt_in": "false"
    },
    "traffic_info": {
      "lead_date": "2026-05-14T02:58:09.067",
      "payout": {
        "currency_id": "1",
        "amount": "0.0000",
        "formatted_amount": "$0.00"
      },
      "affiliate": {
        "affiliate_id": {
          "_": "659",
          "$": {
            "xmlns": "API:id_name_store"
          }
        },
        "affiliate_name": {
          "_": "QA affiliate",
          "$": {
            "xmlns": "API:id_name_store"
          }
        }
      },
      "campaign": {
        "campaign_id": {
          "_": "4071",
          "$": {
            "xmlns": "API:id_name_store"
          }
        },
        "campaign_name": {
          "_": "1800 Fresh Tax (X) - Main - CPA - $1.00",
          "$": {
            "xmlns": "API:id_name_store"
          }
        }
      },
      "creative_id": "1867",
      "subid_1": "",
      "subid_2": "",
      "subid_3": "",
      "subid_4": "",
      "subid_5": "",
      "referrer": "",
      "pixel_fired": "true",
      "returned_to_affiliate": "false",
      "test": "true",
      "upsell": "false"
    },
    "all_vertical_data": {
      "data": {
        "$": {
          "xmlns": ""
        },
        "tax_debt": "4794",
        "universal_leadid": "0676B9CD-43FF-48AC-06B1-8E6344AB0767",
        "affid": "659",
        "TCPA_checkbox": "checked",
        "reqid": "26779180",
        "cr_price": "3",
        "page": "www.1800freshtax.com/lf4/",
        "neustar": "under",
        "first_name_lower": "ckmtestpixel",
        "last_name_lower": "ckmtestpixel",
        "income": "6000",
        "first_name_capital": "Ckmtestpixel",
        "last_name_capital": "Ckmtestpixel",
        "debt_type": "Both",
        "nodl_flag": "pass",
        "ckm_campaign_id": "4337"
      }
    },
    "dispositions": {
      "disposition": [
        {
          "disposition_type": "Not Paid For",
          "reason": "Unmatched Filter",
          "filter": "Min Tax Debt"
        },
        {
          "disposition_type": "Not Paid For",
          "reason": "Unmatched Filter",
          "filter": "Nuestar Fail"
        }
      ]
    },
    "pings": "",
    "posts": "",
    "sales": ""
  }
}
✅ First API Data retrieved on attempt 1
[1800-fresh-tax-x-main][TABLET][CHROMIUM] 📡 Fetching Second API data for Lead ID: 8A7C9510...
[1800-fresh-tax-x-main][TABLET][CHROMIUM] 📡 Standard Second API Payload: cake_id=8A7C9510, domain_name=https://www.1800freshtax.com
[1800-fresh-tax-x-main][TABLET][CHROMIUM] [STDERR] (node:15436) Warning: Setting the NODE_TLS_REJECT_UNAUTHORIZED environment variable to '0' makes TLS connections and HTTPS requests insecure by disabling certificate verification.
(Use `node --trace-warnings ...` to show where the warning was created)
[1800-fresh-tax-x-main][TABLET][CHROMIUM] [STDERR] ❌ Second API Attempt 1 failed: Request failed with status code 404
[1800-fresh-tax-x-main][TABLET][CHROMIUM] ⏳ Retrying in 1 second to allow database synchronization...
[1800-fresh-tax-x-main][TABLET][CHROMIUM] 📡 Standard Second API Payload: cake_id=8A7C9510, domain_name=https://www.1800freshtax.com
[1800-fresh-tax-x-main][TABLET][CHROMIUM] [STDERR] ❌ Second API Attempt 2 failed: Request failed with status code 404
[1800-fresh-tax-x-main][TABLET][CHROMIUM] ⏳ Retrying in 1 second to allow database synchronization...
[1800-fresh-tax-x-main][TABLET][CHROMIUM] 📡 Standard Second API Payload: cake_id=8A7C9510, domain_name=https://www.1800freshtax.com
[1800-fresh-tax-x-main][TABLET][CHROMIUM] [STDERR] ❌ Second API Attempt 3 failed: Request failed with status code 404
[1800-fresh-tax-x-main][TABLET][CHROMIUM] ⏳ Retrying in 1 second to allow database synchronization...
[1800-fresh-tax-x-main][TABLET][CHROMIUM] 📡 Standard Second API Payload: cake_id=8A7C9510, domain_name=https://www.1800freshtax.com
[1800-fresh-tax-x-main][TABLET][CHROMIUM] [STDERR] ❌ Second API Attempt 4 failed: Request failed with status code 404
[1800-fresh-tax-x-main][TABLET][CHROMIUM] ⏳ Retrying in 1 second to allow database synchronization...
[1800-fresh-tax-x-main][TABLET][CHROMIUM] 📡 Standard Second API Payload: cake_id=8A7C9510, domain_name=https://www.1800freshtax.com
[1800-fresh-tax-x-main][TABLET][CHROMIUM] [STDERR] ❌ Second API Attempt 5 failed: Request failed with status code 404
[1800-fresh-tax-x-main][TABLET][CHROMIUM] ✅ Row appended successfully to sheet: 1800 Fresh Tax (X) Main
[1800-fresh-tax-x-main][TABLET][CHROMIUM] ⚠️  Non-fatal formatting error for 1800 Fresh Tax (X) Main (Banding might already exist): Invalid requests[2].addBanding: You cannot add alternating background colors to a range that already has alternating background colors.
✅ Lead processed successfully for 1800 Fresh Tax (X) Main Tablet
[1800-fresh-tax-x-main][TABLET][CHROMIUM] 🎥 Video saved successfully: traces/videos/1800 Fresh Tax (X) Main_1800_Fresh_Tax_(X)_Main_Tablet.webm
[1800-fresh-tax-x-main][TABLET][CHROMIUM] 
✅ Execution successfully processed! {
  success: true,
  leadId: '8A7C9510',
  brand: '1800 Fresh Tax (X) Main Tablet'
}
[1800-fresh-tax-x-main][TABLET][CHROMIUM] [STDERR] ❌ Automation Run encountered a fatal exception: tracing.stop: Target page, context or browser has been closed
✅ [14/5/2026, 3:28:41 pm] COMPLETED: 1800-fresh-tax-x-main [TABLET][CHROMIUM]

================================================================
🚀 [14/5/2026, 3:28:41 pm] RUNNING: 1800 Fresh Tax (X) Main (MOBILE) on CHROMIUM
🔗 Target URL: https://flmtrk.com/?a=659&oc=696&c=1867&s1=
================================================================
[1800-fresh-tax-x-main][MOBILE][CHROMIUM] 🔌 [Browser Interceptor] Intercepting and optimizing engine: CHROMIUM
[1800-fresh-tax-x-main][MOBILE][CHROMIUM] ◇ injected env (0) from .env // tip: ⌘ multiple files { path: ['.env.local', '.env'] }
[1800-fresh-tax-x-main][MOBILE][CHROMIUM] ◇ injected env (0) from .env // tip: ⌘ suppress logs { quiet: true }
[1800-fresh-tax-x-main][MOBILE][CHROMIUM] ◇ injected env (0) from .env // tip: ⌘ multiple files { path: ['.env.local', '.env'] }
[1800-fresh-tax-x-main][MOBILE][CHROMIUM] ◇ injected env (0) from .env // tip: ⌘ override existing { override: true }
[1800-fresh-tax-x-main][MOBILE][CHROMIUM] 
🤖 ================================================================
[1800-fresh-tax-x-main][MOBILE][CHROMIUM] 🤖 MASTER RUNNER: LAUNCHING 1800 FRESH TAX (X) MAIN
🤖 Mode:            MOBILE
🤖 Tracking URL:     https://flmtrk.com/?a=659&oc=696&c=1867&s1=
🤖 Target Sheet:    1800 Fresh Tax (X) Main
🤖 ================================================================
[1800-fresh-tax-x-main][MOBILE][CHROMIUM] 🔌 [Browser Interceptor] Intercepting and optimizing engine: CHROMIUM
[1800-fresh-tax-x-main][MOBILE][CHROMIUM] 📋 Emulated Device Profile: MOBILE (iPhone 17 Pro Mode) - [Standard]
[1800-fresh-tax-x-main][MOBILE][CHROMIUM] ⏳ Delaying 200ms to allow responsive layouts to mount...
[1800-fresh-tax-x-main][MOBILE][CHROMIUM] 🔄 Processing lead for brand: 1800 Fresh Tax (X) Main Mobile
[1800-fresh-tax-x-main][MOBILE][CHROMIUM] 📊 Campaign execution run index: 36
[1800-fresh-tax-x-main][MOBILE][CHROMIUM] 🎯 Enforcing dynamic credentials & parameters:
[1800-fresh-tax-x-main][MOBILE][CHROMIUM]    - First Name:   ckmtestpixel
   - Last Name:    ckmtestpixel
   - Email:        ckmtestpixel@gmail.com
   - Phone Number: 401-247-1036
   - Slider Value: 5,902
   - State Value:  Oregon
[1800-fresh-tax-x-main][MOBILE][CHROMIUM] 🔗 [Mobile] Navigating to: https://flmtrk.com/?a=659&oc=696&c=1867&s1=
[1800-fresh-tax-x-main][MOBILE][CHROMIUM] ✅ [Mobile] Page loaded successfully
[1800-fresh-tax-x-main][MOBILE][CHROMIUM] 📱 [Mobile] Injecting high-fidelity glossy Natural Titanium iPhone 17 Pro mockup frame...
[1800-fresh-tax-x-main][MOBILE][CHROMIUM] 📱 [Mobile] Injecting high-fidelity glossy Natural Titanium iPhone 17 Pro mockup frame...
[1800-fresh-tax-x-main][MOBILE][CHROMIUM] 📝 [Mobile] Starting mobile-specific form filling...
[1800-fresh-tax-x-main][MOBILE][CHROMIUM] 🔘 [Mobile] Step 1: Selecting Debt Amount (5,902)
[1800-fresh-tax-x-main][MOBILE][CHROMIUM] 🔘 [Mobile] Found jQuery UI Slider #slider. Setting value via jQuery and DOM evaluation...
[1800-fresh-tax-x-main][MOBILE][CHROMIUM] ✅ [Mobile] Set jQuery UI Slider #slider to 5,902
[1800-fresh-tax-x-main][MOBILE][CHROMIUM] 🔘 [Mobile] Clicking active visible button: .next-btn1:visible, .btn-next:visible
[1800-fresh-tax-x-main][MOBILE][CHROMIUM] ✅ [Mobile] Clicked: .next-btn1:visible, .btn-next:visible
[1800-fresh-tax-x-main][MOBILE][CHROMIUM] 📱 [Mobile] Injecting high-fidelity glossy Natural Titanium iPhone 17 Pro mockup frame...
[1800-fresh-tax-x-main][MOBILE][CHROMIUM] 🔘 [Mobile] Dynamic Choice found: clicking "Both IRS & Gujarat Tax Debt" (Option 1 of 6)
[1800-fresh-tax-x-main][MOBILE][CHROMIUM] 📝 [Mobile] step1 column set to: "Both IRS & Gujarat Tax Debt"
[1800-fresh-tax-x-main][MOBILE][CHROMIUM] 📱 [Mobile] Injecting high-fidelity glossy Natural Titanium iPhone 17 Pro mockup frame...
[1800-fresh-tax-x-main][MOBILE][CHROMIUM] 🔘 [Mobile] Dynamic Choice found: clicking "$3,000 - $5,000" (Option 2 of 5)
📝 [Mobile] step2 column set to: "$3,000 - $5,000"
[1800-fresh-tax-x-main][MOBILE][CHROMIUM] 📱 [Mobile] Injecting high-fidelity glossy Natural Titanium iPhone 17 Pro mockup frame...
[1800-fresh-tax-x-main][MOBILE][CHROMIUM] ✅ [Mobile] Reached a recognized terminal step (State or Contact). Stopping dynamic traversal.
[1800-fresh-tax-x-main][MOBILE][CHROMIUM] 🔘 [Mobile] Step 2: Selecting State
[1800-fresh-tax-x-main][MOBILE][CHROMIUM] ✅ [Mobile] Selected state dynamically: "Oklahoma"
[1800-fresh-tax-x-main][MOBILE][CHROMIUM] 📝 [Mobile] step3 column set to State: "Oklahoma"
[1800-fresh-tax-x-main][MOBILE][CHROMIUM] 🔘 [Mobile] Clicking active visible button: .next-btn:visible, .next-btn2:visible, .btn-next:visible
[1800-fresh-tax-x-main][MOBILE][CHROMIUM] ✅ [Mobile] Clicked: .next-btn:visible, .next-btn2:visible, .btn-next:visible
[1800-fresh-tax-x-main][MOBILE][CHROMIUM] 📱 [Mobile] Injecting high-fidelity glossy Natural Titanium iPhone 17 Pro mockup frame...
[1800-fresh-tax-x-main][MOBILE][CHROMIUM] 🔘 [Mobile] Step 3: Filling Contact Info (Dynamic Loop)...
[1800-fresh-tax-x-main][MOBILE][CHROMIUM] 📱 [Mobile] Injecting high-fidelity glossy Natural Titanium iPhone 17 Pro mockup frame...
[1800-fresh-tax-x-main][MOBILE][CHROMIUM] ✅ [Mobile] Filled First Name: ckmtestpixel
[1800-fresh-tax-x-main][MOBILE][CHROMIUM] ✅ [Mobile] Filled Last Name: ckmtestpixel
[1800-fresh-tax-x-main][MOBILE][CHROMIUM] 🔘 [Mobile] Clicking active contact NEXT/SUBMIT button...
[1800-fresh-tax-x-main][MOBILE][CHROMIUM] 📱 [Mobile] Injecting high-fidelity glossy Natural Titanium iPhone 17 Pro mockup frame...
[1800-fresh-tax-x-main][MOBILE][CHROMIUM] ✅ [Mobile] Filled Email: ckmtestpixel@gmail.com
[1800-fresh-tax-x-main][MOBILE][CHROMIUM] 🔘 [Mobile] Clicking active contact NEXT/SUBMIT button...
[1800-fresh-tax-x-main][MOBILE][CHROMIUM] 📱 [Mobile] Injecting high-fidelity glossy Natural Titanium iPhone 17 Pro mockup frame...
[1800-fresh-tax-x-main][MOBILE][CHROMIUM] ✅ [Mobile] Filled Phone: 401-247-1036
[1800-fresh-tax-x-main][MOBILE][CHROMIUM] 🔘 [Mobile] Clicking active contact NEXT/SUBMIT button...
[1800-fresh-tax-x-main][MOBILE][CHROMIUM] 📱 [Mobile] Injecting high-fidelity glossy Natural Titanium iPhone 17 Pro mockup frame...
[1800-fresh-tax-x-main][MOBILE][CHROMIUM] [STDERR] ⚠️ [Mobile] Failed to apply glossy iPhone 17 Pro mockup frame overlay: page.evaluate: TypeError: Cannot read properties of null (reading 'appendChild')
    at eval (eval at evaluate (:302:30), <anonymous>:133:23)
    at UtilityScript.evaluate (<anonymous>:304:16)
    at UtilityScript.<anonymous> (<anonymous>:1:44)
[1800-fresh-tax-x-main][MOBILE][CHROMIUM] 🔘 [Mobile] No active contact NEXT/SUBMIT button visible. Exiting loop.
🔘 [Mobile] Scanning for additional dynamic steps...
[1800-fresh-tax-x-main][MOBILE][CHROMIUM] 🔘 [Mobile] Submitting form
[1800-fresh-tax-x-main][MOBILE][CHROMIUM] ⏳ [Mobile] Waiting for submission navigation to complete
[1800-fresh-tax-x-main][MOBILE][CHROMIUM] ⏳ [Mobile] Waiting for final Thank You page redirection...
[1800-fresh-tax-x-main][MOBILE][CHROMIUM] ✅ [Mobile] Targeted final redirect URL achieved!
[1800-fresh-tax-x-main][MOBILE][CHROMIUM] ✅ [Mobile] Final Thank You URL: https://www.1800freshtax.com/thankyou_ow.php?debt=5902&leadid=3070C9A0&reqid=26779186&affid=659&subid=#s1#
[1800-fresh-tax-x-main][MOBILE][CHROMIUM] ✅ [Mobile] Extracted Lead ID: 3070C9A0
[1800-fresh-tax-x-main][MOBILE][CHROMIUM] 📱 Device Type detected: M-CHROMIUM
✅ Lead captured: 3070C9A0
[1800-fresh-tax-x-main][MOBILE][CHROMIUM] 📡 Fetching First API data for Lead ID: 3070C9A0...
[1800-fresh-tax-x-main][MOBILE][CHROMIUM] 📡 Raw XML Response: {
  "lead_info_response": {
    "$": {
      "xmlns:xsd": "http://www.w3.org/2001/XMLSchema",
      "xmlns:xsi": "http://www.w3.org/2001/XMLSchema-instance",
      "xmlns": "http://cakemarketing.com/api/1/"
    },
    "success": "true",
    "row_count": "1",
    "lead_id": "3070C9A0",
    "personal_info": {
      "first_name": "CKMTESTPIXEL",
      "last_name": "CKMTESTPIXEL",
      "email_address": "ckmtestpixel@gmail.com",
      "address": {
        "street": "",
        "city": "",
        "state": "OK",
        "zip_code": "",
        "country": ""
      },
      "ip_address": "27.54.170.27",
      "phone_work": "",
      "phone_home": "401-247-1036",
      "phone_cell": "",
      "best_call_time": "",
      "opt_in": "false"
    },
    "traffic_info": {
      "lead_date": "2026-05-14T02:59:00.853",
      "payout": {
        "currency_id": "1",
        "amount": "0.0000",
        "formatted_amount": "$0.00"
      },
      "affiliate": {
        "affiliate_id": {
          "_": "659",
          "$": {
            "xmlns": "API:id_name_store"
          }
        },
        "affiliate_name": {
          "_": "QA affiliate",
          "$": {
            "xmlns": "API:id_name_store"
          }
        }
      },
      "campaign": {
        "campaign_id": {
          "_": "4071",
          "$": {
            "xmlns": "API:id_name_store"
          }
        },
        "campaign_name": {
          "_": "1800 Fresh Tax (X) - Main - CPA - $1.00",
          "$": {
            "xmlns": "API:id_name_store"
          }
        }
      },
      "creative_id": "1867",
      "subid_1": "",
      "subid_2": "",
      "subid_3": "",
      "subid_4": "",
      "subid_5": "",
      "referrer": "",
      "pixel_fired": "true",
      "returned_to_affiliate": "false",
      "test": "true",
      "upsell": "false"
    },
    "all_vertical_data": {
      "data": {
        "$": {
          "xmlns": ""
        },
        "tax_debt": "5902",
        "universal_leadid": "44BAD810-FAB2-863D-0250-E675E4525028",
        "affid": "659",
        "TCPA_checkbox": "checked",
        "reqid": "26779186",
        "cr_price": "3",
        "page": "www.1800freshtax.com/lf4/",
        "neustar": "under",
        "first_name_lower": "ckmtestpixel",
        "last_name_lower": "ckmtestpixel",
        "income": "4500",
        "first_name_capital": "Ckmtestpixel",
        "last_name_capital": "Ckmtestpixel",
        "debt_type": "Both",
        "nodl_flag": "pass",
        "ckm_campaign_id": "4337"
      }
    },
    "dispositions": {
      "disposition": [
        {
          "disposition_type": "Not Paid For",
          "reason": "Unmatched Filter",
          "filter": "Min Tax Debt"
        },
        {
          "disposition_type": "Not Paid For",
          "reason": "Unmatched Filter",
          "filter": "Nuestar Fail"
        }
      ]
    },
    "pings": "",
    "posts": "",
    "sales": ""
  }
}
[1800-fresh-tax-x-main][MOBILE][CHROMIUM] ✅ First API Data retrieved on attempt 1
[1800-fresh-tax-x-main][MOBILE][CHROMIUM] 📡 Fetching Second API data for Lead ID: 3070C9A0...
[1800-fresh-tax-x-main][MOBILE][CHROMIUM] 📡 Standard Second API Payload: cake_id=3070C9A0, domain_name=https://www.1800freshtax.com
[1800-fresh-tax-x-main][MOBILE][CHROMIUM] [STDERR] (node:16912) Warning: Setting the NODE_TLS_REJECT_UNAUTHORIZED environment variable to '0' makes TLS connections and HTTPS requests insecure by disabling certificate verification.
(Use `node --trace-warnings ...` to show where the warning was created)
[1800-fresh-tax-x-main][MOBILE][CHROMIUM] [STDERR] ❌ Second API Attempt 1 failed: Request failed with status code 404
[1800-fresh-tax-x-main][MOBILE][CHROMIUM] ⏳ Retrying in 1 second to allow database synchronization...
[1800-fresh-tax-x-main][MOBILE][CHROMIUM] 📡 Standard Second API Payload: cake_id=3070C9A0, domain_name=https://www.1800freshtax.com
[1800-fresh-tax-x-main][MOBILE][CHROMIUM] [STDERR] ❌ Second API Attempt 2 failed: Request failed with status code 404
[1800-fresh-tax-x-main][MOBILE][CHROMIUM] ⏳ Retrying in 1 second to allow database synchronization...
[1800-fresh-tax-x-main][MOBILE][CHROMIUM] 📡 Standard Second API Payload: cake_id=3070C9A0, domain_name=https://www.1800freshtax.com
[1800-fresh-tax-x-main][MOBILE][CHROMIUM] [STDERR] ❌ Second API Attempt 3 failed: Request failed with status code 404
[1800-fresh-tax-x-main][MOBILE][CHROMIUM] ⏳ Retrying in 1 second to allow database synchronization...
[1800-fresh-tax-x-main][MOBILE][CHROMIUM] 📡 Standard Second API Payload: cake_id=3070C9A0, domain_name=https://www.1800freshtax.com
[1800-fresh-tax-x-main][MOBILE][CHROMIUM] [STDERR] ❌ Second API Attempt 4 failed: Request failed with status code 404
[1800-fresh-tax-x-main][MOBILE][CHROMIUM] ⏳ Retrying in 1 second to allow database synchronization...
[1800-fresh-tax-x-main][MOBILE][CHROMIUM] 📡 Standard Second API Payload: cake_id=3070C9A0, domain_name=https://www.1800freshtax.com
[1800-fresh-tax-x-main][MOBILE][CHROMIUM] [STDERR] ❌ Second API Attempt 5 failed: Request failed with status code 404
[1800-fresh-tax-x-main][MOBILE][CHROMIUM] ✅ Row appended successfully to sheet: 1800 Fresh Tax (X) Main
[1800-fresh-tax-x-main][MOBILE][CHROMIUM] ⚠️  Non-fatal formatting error for 1800 Fresh Tax (X) Main (Banding might already exist): Invalid requests[2].addBanding: You cannot add alternating background colors to a range that already has alternating background colors.
✅ Lead processed successfully for 1800 Fresh Tax (X) Main Mobile
[1800-fresh-tax-x-main][MOBILE][CHROMIUM] 🎥 Video saved successfully: traces/videos/1800 Fresh Tax (X) Main_1800_Fresh_Tax_(X)_Main_Mobile.webm
[1800-fresh-tax-x-main][MOBILE][CHROMIUM] 
✅ Execution successfully processed! {
  success: true,
  leadId: '3070C9A0',
  brand: '1800 Fresh Tax (X) Main Mobile'
}
[1800-fresh-tax-x-main][MOBILE][CHROMIUM] [STDERR] ❌ Automation Run encountered a fatal exception: tracing.stop: Target page, context or browser has been closed
✅ [14/5/2026, 3:29:33 pm] COMPLETED: 1800-fresh-tax-x-main [MOBILE][CHROMIUM]

================================================================
⚡ Running Campaign Viewports on Browser Engine: CHROMIUM - [FSI-MAIN]
================================================================

================================================================
🚀 [14/5/2026, 3:29:34 pm] RUNNING: FSI - MAIN (DESKTOP) on CHROMIUM
🔗 Target URL: https://fsimlf-trk.com/?a=659&oc=159&c=111&s1=
================================================================
[fsi-main][DESKTOP][CHROMIUM] 🔌 [Browser Interceptor] Intercepting and optimizing engine: CHROMIUM
[fsi-main][DESKTOP][CHROMIUM] ◇ injected env (0) from .env // tip: ⌘ multiple files { path: ['.env.local', '.env'] }
[fsi-main][DESKTOP][CHROMIUM] ◇ injected env (0) from .env // tip: ⌁ auth for agents [www.vestauth.com]
[fsi-main][DESKTOP][CHROMIUM] ◇ injected env (0) from .env // tip: ⌘ suppress logs { quiet: true }
[fsi-main][DESKTOP][CHROMIUM] ◇ injected env (0) from .env // tip: ⌘ multiple files { path: ['.env.local', '.env'] }
[fsi-main][DESKTOP][CHROMIUM] 
🤖 ================================================================
[fsi-main][DESKTOP][CHROMIUM] 🤖 MASTER RUNNER: LAUNCHING FSI - MAIN
🤖 Mode:            DESKTOP
🤖 Tracking URL:     https://fsimlf-trk.com/?a=659&oc=159&c=111&s1=
[fsi-main][DESKTOP][CHROMIUM] 🤖 Target Sheet:    FSI - MAIN
[fsi-main][DESKTOP][CHROMIUM] 🤖 ================================================================
[fsi-main][DESKTOP][CHROMIUM] 🔌 [Browser Interceptor] Intercepting and optimizing engine: CHROMIUM
[fsi-main][DESKTOP][CHROMIUM] 💻 Emulated Device Profile: DESKTOP - [Standard]
[fsi-main][DESKTOP][CHROMIUM] 🔄 Processing lead for brand: FSI - MAIN
[fsi-main][DESKTOP][CHROMIUM] 📊 Campaign execution run index: 5
[fsi-main][DESKTOP][CHROMIUM] 🎯 Enforcing dynamic credentials & parameters:
   - First Name:   ckmtestpixel
   - Last Name:    ckmtestpixel
[fsi-main][DESKTOP][CHROMIUM]    - Email:        ckmtestpixel@gmail.com
   - Phone Number: 401-247-1005
   - Slider Value: 82,515
   - State Value:  Colorado
[fsi-main][DESKTOP][CHROMIUM] 🔗 Navigating to: https://fsimlf-trk.com/?a=659&oc=159&c=111&s1=
[fsi-main][DESKTOP][CHROMIUM] ✅ Page loaded successfully
[fsi-main][DESKTOP][CHROMIUM] 📝 Starting multi-step form filling process...
[fsi-main][DESKTOP][CHROMIUM] 🔘 Step 1: Handling Debt Amount (82,515)
[fsi-main][DESKTOP][CHROMIUM] 🔘 Found jQuery UI Slider #slider. Setting value via jQuery and DOM evaluation...
[fsi-main][DESKTOP][CHROMIUM] ✅ Set jQuery UI Slider #slider to 82,515
[fsi-main][DESKTOP][CHROMIUM] 🔘 Clicking generic NEXT button
[fsi-main][DESKTOP][CHROMIUM] ✅ Clicked generic NEXT button
[fsi-main][DESKTOP][CHROMIUM] 🔘 Dynamic Choice found: clicking "State Back Tax" (Option 2 of 4)
[fsi-main][DESKTOP][CHROMIUM] 📝 step1 column set to: "State Back Tax"
[fsi-main][DESKTOP][CHROMIUM] 🔘 Dynamic Choice found: clicking "Learn More About Your Options" (Option 6 of 6)
📝 step2 column set to: "Learn More About Your Options"
[fsi-main][DESKTOP][CHROMIUM] 🔘 Dynamic Choice found: clicking "Employed (Full/Part Time)" (Option 1 of 5)
📝 step3 column set to: "Employed (Full/Part Time)"
[fsi-main][DESKTOP][CHROMIUM] ✅ Reached a recognized terminal step (State or Contact). Stopping dynamic traversal.
[fsi-main][DESKTOP][CHROMIUM] 🔘 Step: Selecting State
[fsi-main][DESKTOP][CHROMIUM] ✅ Selected state dynamically: "Colorado"
[fsi-main][DESKTOP][CHROMIUM] 🔘 Attempting to click .next-btn, .next-btn2, .btn-next
[fsi-main][DESKTOP][CHROMIUM] ✅ Clicked .next-btn, .next-btn2, .btn-next
[fsi-main][DESKTOP][CHROMIUM] 🔘 Filling Contact Info (Dynamic Loop)...
[fsi-main][DESKTOP][CHROMIUM] ✅ Filled First Name: ckmtestpixel
[fsi-main][DESKTOP][CHROMIUM] ✅ Filled Last Name: ckmtestpixel
[fsi-main][DESKTOP][CHROMIUM] 🔘 Clicking active contact NEXT/SUBMIT button...
[fsi-main][DESKTOP][CHROMIUM] ✅ Filled Email: ckmtestpixel@gmail.com
[fsi-main][DESKTOP][CHROMIUM] 🔘 Clicking active contact NEXT/SUBMIT button...
[fsi-main][DESKTOP][CHROMIUM] ✅ Filled Phone: 401-247-1005
[fsi-main][DESKTOP][CHROMIUM] 🔘 Clicking active contact NEXT/SUBMIT button...
[fsi-main][DESKTOP][CHROMIUM] 🔘 No active contact NEXT/SUBMIT button visible. Exiting loop.
[fsi-main][DESKTOP][CHROMIUM] 🔘 Checking for additional submit/next buttons...
[fsi-main][DESKTOP][CHROMIUM] 🔘 Submitting form
[fsi-main][DESKTOP][CHROMIUM] [STDERR] ⚠️  Submit navigation timeout or error, waiting 5s for final URL
[fsi-main][DESKTOP][CHROMIUM] ⏳ Waiting for final redirect to Thank You page...
[fsi-main][DESKTOP][CHROMIUM] ✅ Targeted final redirect URL achieved!
[fsi-main][DESKTOP][CHROMIUM] ✅ Final Thank You URL: https://www.fresh-start-initiative.com/ty_next/?debt=82515&leadid=FCABF714&reqid=26779189&affid=659&subid=#s1#
[fsi-main][DESKTOP][CHROMIUM] ✅ Extracted Lead ID: FCABF714
[fsi-main][DESKTOP][CHROMIUM] 📱 Device Type detected: D-CHROMIUM
✅ Lead captured: FCABF714
[fsi-main][DESKTOP][CHROMIUM] 📡 Fetching First API data for Lead ID: FCABF714...
[fsi-main][DESKTOP][CHROMIUM] 📡 Raw XML Response: {
  "lead_info_response": {
    "$": {
      "xmlns:xsd": "http://www.w3.org/2001/XMLSchema",
      "xmlns:xsi": "http://www.w3.org/2001/XMLSchema-instance",
      "xmlns": "http://cakemarketing.com/api/1/"
    },
    "success": "true",
    "row_count": "1",
    "lead_id": "FCABF714",
    "personal_info": {
      "first_name": "CKMTESTPIXEL",
      "last_name": "CKMTESTPIXEL",
      "email_address": "ckmtestpixel@gmail.com",
      "address": {
        "street": "",
        "city": "",
        "state": "CO",
        "zip_code": "",
        "country": ""
      },
      "ip_address": "27.54.170.27",
      "phone_work": "",
      "phone_home": "401-247-1005",
      "phone_cell": "",
      "best_call_time": "",
      "opt_in": "true"
    },
    "traffic_info": {
      "lead_date": "2026-05-14T02:59:51.23",
      "payout": {
        "currency_id": "1",
        "amount": "0.0000",
        "formatted_amount": "$0.00"
      },
      "affiliate": {
        "affiliate_id": {
          "_": "659",
          "$": {
            "xmlns": "API:id_name_store"
          }
        },
        "affiliate_name": {
          "_": "QA affiliate",
          "$": {
            "xmlns": "API:id_name_store"
          }
        }
      },
      "campaign": {
        "campaign_id": {
          "_": "4057",
          "$": {
            "xmlns": "API:id_name_store"
          }
        },
        "campaign_name": {
          "_": "Fresh Start Initiative - Main - CPA - $1.00",
          "$": {
            "xmlns": "API:id_name_store"
          }
        }
      },
      "creative_id": "111",
      "subid_1": "",
      "subid_2": "",
      "subid_3": "",
      "subid_4": "",
      "subid_5": "",
      "referrer": "",
      "pixel_fired": "true",
      "returned_to_affiliate": "false",
      "test": "true",
      "upsell": "false"
    },
    "all_vertical_data": {
      "data": {
        "$": {
          "xmlns": ""
        },
        "tax_debt": "82515",
        "universal_leadid": "FC88C497-A6ED-9E91-811D-79B0A63AAE57",
        "affid": "659",
        "TCPA_checkbox": "checked",
        "reqid": "26779189",
        "cr_price": "0.00",
        "page": "www.fresh-start-initiative.comwww.fresh-start-initiative.com/fsi22.php",
        "neustar": "pass",
        "neustar_disposition": "N,U,I4,L,0",
        "nd_odlv": "24",
        "first_name_lower": "ckmtestpixel",
        "last_name_lower": "ckmtestpixel",
        "first_name_capital": "Ckmtestpixel",
        "last_name_capital": "Ckmtestpixel",
        "ABt": "orig",
        "debt_type": "State Tax Debt",
        "nodl_flag": "pass",
        "employment": "employed",
        "ckm_campaign_id": "4193"
      }
    },
    "dispositions": "",
    "pings": "",
    "posts": "",
    "sales": ""
  }
}
[fsi-main][DESKTOP][CHROMIUM] ✅ First API Data retrieved on attempt 1
📡 Fetching Second API data for Lead ID: FCABF714...
[fsi-main][DESKTOP][CHROMIUM] 📡 Standard Second API Payload: cake_id=FCABF714, domain_name=https://www.freshstartinitiative.com
[fsi-main][DESKTOP][CHROMIUM] [STDERR] (node:26188) Warning: Setting the NODE_TLS_REJECT_UNAUTHORIZED environment variable to '0' makes TLS connections and HTTPS requests insecure by disabling certificate verification.
(Use `node --trace-warnings ...` to show where the warning was created)
[fsi-main][DESKTOP][CHROMIUM] [STDERR] ❌ Second API Attempt 1 failed: Request failed with status code 404
[fsi-main][DESKTOP][CHROMIUM] ⏳ Retrying in 1 second to allow database synchronization...
[fsi-main][DESKTOP][CHROMIUM] 📡 Standard Second API Payload: cake_id=FCABF714, domain_name=https://www.freshstartinitiative.com
[fsi-main][DESKTOP][CHROMIUM] [STDERR] ❌ Second API Attempt 2 failed: Request failed with status code 404
[fsi-main][DESKTOP][CHROMIUM] ⏳ Retrying in 1 second to allow database synchronization...
[fsi-main][DESKTOP][CHROMIUM] 📡 Standard Second API Payload: cake_id=FCABF714, domain_name=https://www.freshstartinitiative.com
[fsi-main][DESKTOP][CHROMIUM] [STDERR] ❌ Second API Attempt 3 failed: Request failed with status code 404
[fsi-main][DESKTOP][CHROMIUM] ⏳ Retrying in 1 second to allow database synchronization...
[fsi-main][DESKTOP][CHROMIUM] 📡 Standard Second API Payload: cake_id=FCABF714, domain_name=https://www.freshstartinitiative.com
[fsi-main][DESKTOP][CHROMIUM] [STDERR] ❌ Second API Attempt 4 failed: Request failed with status code 404
[fsi-main][DESKTOP][CHROMIUM] ⏳ Retrying in 1 second to allow database synchronization...
[fsi-main][DESKTOP][CHROMIUM] 📡 Standard Second API Payload: cake_id=FCABF714, domain_name=https://www.freshstartinitiative.com
[fsi-main][DESKTOP][CHROMIUM] [STDERR] ❌ Second API Attempt 5 failed: Request failed with status code 404
[fsi-main][DESKTOP][CHROMIUM] ✅ Row appended successfully to sheet: FSI - MAIN
[fsi-main][DESKTOP][CHROMIUM] ⚠️  Non-fatal formatting error for FSI - MAIN (Banding might already exist): Invalid requests[2].addBanding: You cannot add alternating background colors to a range that already has alternating background colors.
✅ Lead processed successfully for FSI - MAIN
[fsi-main][DESKTOP][CHROMIUM] 🎥 Video saved successfully: traces/videos/FSI - MAIN_FSI_-_MAIN.webm
[fsi-main][DESKTOP][CHROMIUM] 
✅ Execution successfully processed! { success: true, leadId: 'FCABF714', brand: 'FSI - MAIN' }
[fsi-main][DESKTOP][CHROMIUM] [STDERR] ❌ Automation Run encountered a fatal exception: tracing.stop: Target page, context or browser has been closed
✅ [14/5/2026, 3:30:08 pm] COMPLETED: fsi-main [DESKTOP][CHROMIUM]

================================================================
🚀 [14/5/2026, 3:30:08 pm] RUNNING: FSI - MAIN (TABLET) on CHROMIUM
🔗 Target URL: https://fsimlf-trk.com/?a=659&oc=159&c=111&s1=
================================================================
[fsi-main][TABLET][CHROMIUM] 🔌 [Browser Interceptor] Intercepting and optimizing engine: CHROMIUM
[fsi-main][TABLET][CHROMIUM] ◇ injected env (0) from .env // tip: ⌘ override existing { override: true }
[fsi-main][TABLET][CHROMIUM] ◇ injected env (0) from .env // tip: ⌘ suppress logs { quiet: true }
[fsi-main][TABLET][CHROMIUM] ◇ injected env (0) from .env // tip: ⌘ custom filepath { path: '/custom/path/.env' }
[fsi-main][TABLET][CHROMIUM] ◇ injected env (0) from .env // tip: ⌘ suppress logs { quiet: true }
[fsi-main][TABLET][CHROMIUM] 
🤖 ================================================================
[fsi-main][TABLET][CHROMIUM] 🤖 MASTER RUNNER: LAUNCHING FSI - MAIN
🤖 Mode:            TABLET
[fsi-main][TABLET][CHROMIUM] 🤖 Tracking URL:     https://fsimlf-trk.com/?a=659&oc=159&c=111&s1=
[fsi-main][TABLET][CHROMIUM] 🤖 Target Sheet:    FSI - MAIN
[fsi-main][TABLET][CHROMIUM] 🤖 ================================================================
[fsi-main][TABLET][CHROMIUM] 🔌 [Browser Interceptor] Intercepting and optimizing engine: CHROMIUM
[fsi-main][TABLET][CHROMIUM] 📋 Emulated Device Profile: TABLET (iPad Pro 11) - [Standard]
[fsi-main][TABLET][CHROMIUM] ⏳ Delaying 200ms to allow responsive layouts to mount...
[fsi-main][TABLET][CHROMIUM] 🔄 Processing lead for brand: FSI - MAIN Tablet
[fsi-main][TABLET][CHROMIUM] 📊 Campaign execution run index: 6
[fsi-main][TABLET][CHROMIUM] 🎯 Enforcing dynamic credentials & parameters:
   - First Name:   ckmtestpixel
   - Last Name:    ckmtestpixel
   - Email:        ckmtestpixel@gmail.com
   - Phone Number: 401-247-1006
   - Slider Value: 1,03,984
   - State Value:  Connecticut
🔗 [Mobile] Navigating to: https://fsimlf-trk.com/?a=659&oc=159&c=111&s1=
[fsi-main][TABLET][CHROMIUM] ✅ [Mobile] Page loaded successfully
[fsi-main][TABLET][CHROMIUM] 💻 [Tablet] Injecting high-fidelity glossy iPad Pro mockup frame...
[fsi-main][TABLET][CHROMIUM] 💻 [Tablet] Injecting high-fidelity glossy iPad Pro mockup frame...
[fsi-main][TABLET][CHROMIUM] 📝 [Mobile] Starting mobile-specific form filling...
[fsi-main][TABLET][CHROMIUM] 🔘 [Mobile] Step 1: Selecting Debt Amount (1,03,984)
[fsi-main][TABLET][CHROMIUM] 🔘 [Mobile] Found jQuery UI Slider #slider. Setting value via jQuery and DOM evaluation...
[fsi-main][TABLET][CHROMIUM] ✅ [Mobile] Set jQuery UI Slider #slider to 1,03,984
[fsi-main][TABLET][CHROMIUM] 🔘 [Mobile] Clicking fallback button: button:has-text("NEXT"):visible
[fsi-main][TABLET][CHROMIUM] ✅ [Mobile] Clicked fallback: button:has-text("NEXT"):visible
[fsi-main][TABLET][CHROMIUM] 💻 [Tablet] Injecting high-fidelity glossy iPad Pro mockup frame...
[fsi-main][TABLET][CHROMIUM] 🔘 [Mobile] Dynamic Choice found: clicking "IRS & State Back Taxes" (Option 3 of 4)
📝 [Mobile] step1 column set to: "IRS & State Back Taxes"
[fsi-main][TABLET][CHROMIUM] 💻 [Tablet] Injecting high-fidelity glossy iPad Pro mockup frame...
[fsi-main][TABLET][CHROMIUM] 🔘 [Mobile] Dynamic Choice found: clicking "Employed (Full/Part Time)" (Option 1 of 6)
📝 [Mobile] step2 column set to: "Employed (Full/Part Time)"
[fsi-main][TABLET][CHROMIUM] 💻 [Tablet] Injecting high-fidelity glossy iPad Pro mockup frame...
[fsi-main][TABLET][CHROMIUM] ✅ [Mobile] Reached a recognized terminal step (State or Contact). Stopping dynamic traversal.
[fsi-main][TABLET][CHROMIUM] 🔘 [Mobile] Step 2: Selecting State
[fsi-main][TABLET][CHROMIUM] ✅ [Mobile] Selected state dynamically: "Connecticut"
📝 [Mobile] step3 column set to State: "Connecticut"
[fsi-main][TABLET][CHROMIUM] 🔘 [Mobile] Clicking active visible button: .next-btn:visible, .next-btn2:visible, .btn-next:visible
[fsi-main][TABLET][CHROMIUM] ✅ [Mobile] Clicked: .next-btn:visible, .next-btn2:visible, .btn-next:visible
[fsi-main][TABLET][CHROMIUM] 💻 [Tablet] Injecting high-fidelity glossy iPad Pro mockup frame...
[fsi-main][TABLET][CHROMIUM] 🔘 [Mobile] Step 3: Filling Contact Info (Dynamic Loop)...
[fsi-main][TABLET][CHROMIUM] 💻 [Tablet] Injecting high-fidelity glossy iPad Pro mockup frame...
[fsi-main][TABLET][CHROMIUM] ✅ [Mobile] Filled First Name: ckmtestpixel
[fsi-main][TABLET][CHROMIUM] ✅ [Mobile] Filled Last Name: ckmtestpixel
[fsi-main][TABLET][CHROMIUM] 🔘 [Mobile] Clicking active contact NEXT/SUBMIT button...
[fsi-main][TABLET][CHROMIUM] 💻 [Tablet] Injecting high-fidelity glossy iPad Pro mockup frame...
[fsi-main][TABLET][CHROMIUM] ✅ [Mobile] Filled Email: ckmtestpixel@gmail.com
[fsi-main][TABLET][CHROMIUM] 🔘 [Mobile] Clicking active contact NEXT/SUBMIT button...
[fsi-main][TABLET][CHROMIUM] 💻 [Tablet] Injecting high-fidelity glossy iPad Pro mockup frame...
[fsi-main][TABLET][CHROMIUM] ✅ [Mobile] Filled Phone: 401-247-1006
[fsi-main][TABLET][CHROMIUM] 🔘 [Mobile] Clicking active contact NEXT/SUBMIT button...
[fsi-main][TABLET][CHROMIUM] 💻 [Tablet] Injecting high-fidelity glossy iPad Pro mockup frame...
[fsi-main][TABLET][CHROMIUM] [STDERR] ⚠️ [Tablet] Failed to apply glossy iPad Pro mockup frame overlay: page.evaluate: TypeError: Cannot read properties of null (reading 'appendChild')
    at eval (eval at evaluate (:302:30), <anonymous>:104:23)
    at UtilityScript.evaluate (<anonymous>:304:16)
    at UtilityScript.<anonymous> (<anonymous>:1:44)
[fsi-main][TABLET][CHROMIUM] 🔘 [Mobile] No active contact NEXT/SUBMIT button visible. Exiting loop.
🔘 [Mobile] Scanning for additional dynamic steps...
[fsi-main][TABLET][CHROMIUM] 🔘 [Mobile] Submitting form
[fsi-main][TABLET][CHROMIUM] ⏳ [Mobile] Waiting for submission navigation to complete
[fsi-main][TABLET][CHROMIUM] ⏳ [Mobile] Waiting for final Thank You page redirection...
[fsi-main][TABLET][CHROMIUM] ✅ [Mobile] Targeted final redirect URL achieved!
[fsi-main][TABLET][CHROMIUM] ✅ [Mobile] Final Thank You URL: https://www.fresh-start-initiative.com/ty_next/?debt=103984&leadid=9A913ECF&reqid=26779191&affid=659&subid=#s1#
[fsi-main][TABLET][CHROMIUM] ✅ [Mobile] Extracted Lead ID: 9A913ECF
📱 Device Type detected: T-CHROMIUM
[fsi-main][TABLET][CHROMIUM] ✅ Lead captured: 9A913ECF
[fsi-main][TABLET][CHROMIUM] 📡 Fetching First API data for Lead ID: 9A913ECF...
[fsi-main][TABLET][CHROMIUM] 📡 Raw XML Response: {
  "lead_info_response": {
    "$": {
      "xmlns:xsd": "http://www.w3.org/2001/XMLSchema",
      "xmlns:xsi": "http://www.w3.org/2001/XMLSchema-instance",
      "xmlns": "http://cakemarketing.com/api/1/"
    },
    "success": "true",
    "row_count": "1",
    "lead_id": "9A913ECF",
    "personal_info": {
      "first_name": "CKMTESTPIXEL",
      "last_name": "CKMTESTPIXEL",
      "email_address": "ckmtestpixel@gmail.com",
      "address": {
        "street": "",
        "city": "",
        "state": "CT",
        "zip_code": "",
        "country": ""
      },
      "ip_address": "27.54.170.27",
      "phone_work": "",
      "phone_home": "401-247-1006",
      "phone_cell": "",
      "best_call_time": "",
      "opt_in": "true"
    },
    "traffic_info": {
      "lead_date": "2026-05-14T03:00:48.27",
      "payout": {
        "currency_id": "1",
        "amount": "0.0000",
        "formatted_amount": "$0.00"
      },
      "affiliate": {
        "affiliate_id": {
          "_": "659",
          "$": {
            "xmlns": "API:id_name_store"
          }
        },
        "affiliate_name": {
          "_": "QA affiliate",
          "$": {
            "xmlns": "API:id_name_store"
          }
        }
      },
      "campaign": {
        "campaign_id": {
          "_": "4057",
          "$": {
            "xmlns": "API:id_name_store"
          }
        },
        "campaign_name": {
          "_": "Fresh Start Initiative - Main - CPA - $1.00",
          "$": {
            "xmlns": "API:id_name_store"
          }
        }
      },
      "creative_id": "111",
      "subid_1": "",
      "subid_2": "",
      "subid_3": "",
      "subid_4": "",
      "subid_5": "",
      "referrer": "",
      "pixel_fired": "true",
      "returned_to_affiliate": "false",
      "test": "true",
      "upsell": "false"
    },
    "all_vertical_data": {
      "data": {
        "$": {
          "xmlns": ""
        },
        "tax_debt": "103984",
        "universal_leadid": "F9CCE93B-C2B7-CDAB-5F12-8835ADF54E9E",
        "affid": "659",
        "TCPA_checkbox": "checked",
        "reqid": "26779191",
        "cr_price": "0.00",
        "page": "www.fresh-start-initiative.comwww.fresh-start-initiative.com/fsi22.php",
        "neustar": "pass",
        "neustar_disposition": "N,C,A3,L,0",
        "nd_odlv": "24",
        "first_name_lower": "ckmtestpixel",
        "last_name_lower": "ckmtestpixel",
        "first_name_capital": "Ckmtestpixel",
        "last_name_capital": "Ckmtestpixel",
        "ABt": "orig",
        "debt_type": "Both",
        "nodl_flag": "pass",
        "employment": "employed",
        "ckm_campaign_id": "4193"
      }
    },
    "dispositions": "",
    "pings": "",
    "posts": "",
    "sales": ""
  }
}
✅ First API Data retrieved on attempt 1
[fsi-main][TABLET][CHROMIUM] 📡 Fetching Second API data for Lead ID: 9A913ECF...
[fsi-main][TABLET][CHROMIUM] 📡 Standard Second API Payload: cake_id=9A913ECF, domain_name=https://www.freshstartinitiative.com
[fsi-main][TABLET][CHROMIUM] [STDERR] (node:12268) Warning: Setting the NODE_TLS_REJECT_UNAUTHORIZED environment variable to '0' makes TLS connections and HTTPS requests insecure by disabling certificate verification.
(Use `node --trace-warnings ...` to show where the warning was created)
[fsi-main][TABLET][CHROMIUM] [STDERR] ❌ Second API Attempt 1 failed: Request failed with status code 404
[fsi-main][TABLET][CHROMIUM] ⏳ Retrying in 1 second to allow database synchronization...
[fsi-main][TABLET][CHROMIUM] 📡 Standard Second API Payload: cake_id=9A913ECF, domain_name=https://www.freshstartinitiative.com
[fsi-main][TABLET][CHROMIUM] [STDERR] ❌ Second API Attempt 2 failed: Request failed with status code 404
[fsi-main][TABLET][CHROMIUM] ⏳ Retrying in 1 second to allow database synchronization...
[fsi-main][TABLET][CHROMIUM] 📡 Standard Second API Payload: cake_id=9A913ECF, domain_name=https://www.freshstartinitiative.com
[fsi-main][TABLET][CHROMIUM] [STDERR] ❌ Second API Attempt 3 failed: Request failed with status code 404
[fsi-main][TABLET][CHROMIUM] ⏳ Retrying in 1 second to allow database synchronization...
[fsi-main][TABLET][CHROMIUM] 📡 Standard Second API Payload: cake_id=9A913ECF, domain_name=https://www.freshstartinitiative.com
[fsi-main][TABLET][CHROMIUM] [STDERR] ❌ Second API Attempt 4 failed: Request failed with status code 404
[fsi-main][TABLET][CHROMIUM] ⏳ Retrying in 1 second to allow database synchronization...
[fsi-main][TABLET][CHROMIUM] 📡 Standard Second API Payload: cake_id=9A913ECF, domain_name=https://www.freshstartinitiative.com
[fsi-main][TABLET][CHROMIUM] [STDERR] ❌ Second API Attempt 5 failed: Request failed with status code 404
[fsi-main][TABLET][CHROMIUM] ✅ Row appended successfully to sheet: FSI - MAIN
[fsi-main][TABLET][CHROMIUM] ⚠️  Non-fatal formatting error for FSI - MAIN (Banding might already exist): Invalid requests[2].addBanding: You cannot add alternating background colors to a range that already has alternating background colors.
✅ Lead processed successfully for FSI - MAIN Tablet
[fsi-main][TABLET][CHROMIUM] 🎥 Video saved successfully: traces/videos/FSI - MAIN_FSI_-_MAIN_Tablet.webm
[fsi-main][TABLET][CHROMIUM] 
✅ Execution successfully processed! { success: true, leadId: '9A913ECF', brand: 'FSI - MAIN Tablet' }
[fsi-main][TABLET][CHROMIUM] [STDERR] ❌ Automation Run encountered a fatal exception: tracing.stop: Target page, context or browser has been closed
✅ [14/5/2026, 3:31:23 pm] COMPLETED: fsi-main [TABLET][CHROMIUM]

================================================================
🚀 [14/5/2026, 3:31:23 pm] RUNNING: FSI - MAIN (MOBILE) on CHROMIUM
🔗 Target URL: https://fsimlf-trk.com/?a=659&oc=159&c=111&s1=
================================================================
[fsi-main][MOBILE][CHROMIUM] 🔌 [Browser Interceptor] Intercepting and optimizing engine: CHROMIUM
[fsi-main][MOBILE][CHROMIUM] ◇ injected env (0) from .env // tip: ◈ encrypted .env [www.dotenvx.com]
[fsi-main][MOBILE][CHROMIUM] ◇ injected env (0) from .env // tip: ⌘ custom filepath { path: '/custom/path/.env' }
[fsi-main][MOBILE][CHROMIUM] ◇ injected env (0) from .env // tip: ⌘ suppress logs { quiet: true }
[fsi-main][MOBILE][CHROMIUM] ◇ injected env (0) from .env // tip: ⌘ enable debugging { debug: true }
[fsi-main][MOBILE][CHROMIUM] 
🤖 ================================================================
[fsi-main][MOBILE][CHROMIUM] 🤖 MASTER RUNNER: LAUNCHING FSI - MAIN
🤖 Mode:            MOBILE
🤖 Tracking URL:     https://fsimlf-trk.com/?a=659&oc=159&c=111&s1=
🤖 Target Sheet:    FSI - MAIN
🤖 ================================================================
[fsi-main][MOBILE][CHROMIUM] 🔌 [Browser Interceptor] Intercepting and optimizing engine: CHROMIUM
[fsi-main][MOBILE][CHROMIUM] 📋 Emulated Device Profile: MOBILE (iPhone 17 Pro Mode) - [Standard]
[fsi-main][MOBILE][CHROMIUM] ⏳ Delaying 200ms to allow responsive layouts to mount...
[fsi-main][MOBILE][CHROMIUM] 🔄 Processing lead for brand: FSI - MAIN Mobile
[fsi-main][MOBILE][CHROMIUM] 📊 Campaign execution run index: 7
[fsi-main][MOBILE][CHROMIUM] 🎯 Enforcing dynamic credentials & parameters:
   - First Name:   ckmtestpixel
[fsi-main][MOBILE][CHROMIUM]    - Last Name:    ckmtestpixel
   - Email:        ckmtestpixel@gmail.com
   - Phone Number: 401-247-1007
   - Slider Value: 2,439
   - State Value:  Delaware
[fsi-main][MOBILE][CHROMIUM] 🔗 [Mobile] Navigating to: https://fsimlf-trk.com/?a=659&oc=159&c=111&s1=
[fsi-main][MOBILE][CHROMIUM] ✅ [Mobile] Page loaded successfully
[fsi-main][MOBILE][CHROMIUM] 📱 [Mobile] Injecting high-fidelity glossy Natural Titanium iPhone 17 Pro mockup frame...
[fsi-main][MOBILE][CHROMIUM] 📱 [Mobile] Injecting high-fidelity glossy Natural Titanium iPhone 17 Pro mockup frame...
[fsi-main][MOBILE][CHROMIUM] 📝 [Mobile] Starting mobile-specific form filling...
[fsi-main][MOBILE][CHROMIUM] 🔘 [Mobile] Step 1: Selecting Debt Amount (2,439)
[fsi-main][MOBILE][CHROMIUM] 🔘 [Mobile] Found jQuery UI Slider #slider. Setting value via jQuery and DOM evaluation...
[fsi-main][MOBILE][CHROMIUM] ✅ [Mobile] Set jQuery UI Slider #slider to 2,439
[fsi-main][MOBILE][CHROMIUM] 🔘 [Mobile] Clicking fallback button: button:has-text("NEXT"):visible
[fsi-main][MOBILE][CHROMIUM] ✅ [Mobile] Clicked fallback: button:has-text("NEXT"):visible
[fsi-main][MOBILE][CHROMIUM] 📱 [Mobile] Injecting high-fidelity glossy Natural Titanium iPhone 17 Pro mockup frame...
[fsi-main][MOBILE][CHROMIUM] 🔘 [Mobile] Dynamic Choice found: clicking "Other" (Option 4 of 4)
📝 [Mobile] step1 column set to: "Other"
[fsi-main][MOBILE][CHROMIUM] 📱 [Mobile] Injecting high-fidelity glossy Natural Titanium iPhone 17 Pro mockup frame...
[fsi-main][MOBILE][CHROMIUM] 🔘 [Mobile] Dynamic Choice found: clicking "Self-Employed" (Option 2 of 6)
📝 [Mobile] step2 column set to: "Self-Employed"
[fsi-main][MOBILE][CHROMIUM] 📱 [Mobile] Injecting high-fidelity glossy Natural Titanium iPhone 17 Pro mockup frame...
[fsi-main][MOBILE][CHROMIUM] ✅ [Mobile] Reached a recognized terminal step (State or Contact). Stopping dynamic traversal.
[fsi-main][MOBILE][CHROMIUM] 🔘 [Mobile] Step 2: Selecting State
[fsi-main][MOBILE][CHROMIUM] ✅ [Mobile] Selected state dynamically: "Delaware"
[fsi-main][MOBILE][CHROMIUM] 📝 [Mobile] step3 column set to State: "Delaware"
[fsi-main][MOBILE][CHROMIUM] 🔘 [Mobile] Clicking active visible button: .next-btn:visible, .next-btn2:visible, .btn-next:visible
[fsi-main][MOBILE][CHROMIUM] ✅ [Mobile] Clicked: .next-btn:visible, .next-btn2:visible, .btn-next:visible
[fsi-main][MOBILE][CHROMIUM] 📱 [Mobile] Injecting high-fidelity glossy Natural Titanium iPhone 17 Pro mockup frame...
[fsi-main][MOBILE][CHROMIUM] 🔘 [Mobile] Step 3: Filling Contact Info (Dynamic Loop)...
[fsi-main][MOBILE][CHROMIUM] 📱 [Mobile] Injecting high-fidelity glossy Natural Titanium iPhone 17 Pro mockup frame...
[fsi-main][MOBILE][CHROMIUM] ✅ [Mobile] Filled First Name: ckmtestpixel
[fsi-main][MOBILE][CHROMIUM] ✅ [Mobile] Filled Last Name: ckmtestpixel
[fsi-main][MOBILE][CHROMIUM] 🔘 [Mobile] Clicking active contact NEXT/SUBMIT button...
[fsi-main][MOBILE][CHROMIUM] 📱 [Mobile] Injecting high-fidelity glossy Natural Titanium iPhone 17 Pro mockup frame...
[fsi-main][MOBILE][CHROMIUM] ✅ [Mobile] Filled Email: ckmtestpixel@gmail.com
[fsi-main][MOBILE][CHROMIUM] 🔘 [Mobile] Clicking active contact NEXT/SUBMIT button...
[fsi-main][MOBILE][CHROMIUM] 📱 [Mobile] Injecting high-fidelity glossy Natural Titanium iPhone 17 Pro mockup frame...
[fsi-main][MOBILE][CHROMIUM] ✅ [Mobile] Filled Phone: 401-247-1007
[fsi-main][MOBILE][CHROMIUM] 🔘 [Mobile] Clicking active contact NEXT/SUBMIT button...
[fsi-main][MOBILE][CHROMIUM] 📱 [Mobile] Injecting high-fidelity glossy Natural Titanium iPhone 17 Pro mockup frame...
[fsi-main][MOBILE][CHROMIUM] [STDERR] ⚠️ [Mobile] Failed to apply glossy iPhone 17 Pro mockup frame overlay: page.evaluate: TypeError: Cannot read properties of null (reading 'appendChild')
    at eval (eval at evaluate (:302:30), <anonymous>:133:23)
    at UtilityScript.evaluate (<anonymous>:304:16)
    at UtilityScript.<anonymous> (<anonymous>:1:44)
[fsi-main][MOBILE][CHROMIUM] 🔘 [Mobile] No active contact NEXT/SUBMIT button visible. Exiting loop.
🔘 [Mobile] Scanning for additional dynamic steps...
[fsi-main][MOBILE][CHROMIUM] 🔘 [Mobile] Submitting form
[fsi-main][MOBILE][CHROMIUM] ⏳ [Mobile] Waiting for submission navigation to complete
[fsi-main][MOBILE][CHROMIUM] ⏳ [Mobile] Waiting for final Thank You page redirection...
[fsi-main][MOBILE][CHROMIUM] ✅ [Mobile] Targeted final redirect URL achieved!
[fsi-main][MOBILE][CHROMIUM] ✅ [Mobile] Final Thank You URL: https://www.fresh-start-initiative.com/ty_next/?debt=2439&leadid=1A709B85&reqid=26779196&affid=659&subid=#s1#
[fsi-main][MOBILE][CHROMIUM] ✅ [Mobile] Extracted Lead ID: 1A709B85
[fsi-main][MOBILE][CHROMIUM] 📱 Device Type detected: M-CHROMIUM
✅ Lead captured: 1A709B85
[fsi-main][MOBILE][CHROMIUM] 📡 Fetching First API data for Lead ID: 1A709B85...
[fsi-main][MOBILE][CHROMIUM] 📡 Raw XML Response: {
  "lead_info_response": {
    "$": {
      "xmlns:xsd": "http://www.w3.org/2001/XMLSchema",
      "xmlns:xsi": "http://www.w3.org/2001/XMLSchema-instance",
      "xmlns": "http://cakemarketing.com/api/1/"
    },
    "success": "true",
    "row_count": "1",
    "lead_id": "1A709B85",
    "personal_info": {
      "first_name": "CKMTESTPIXEL",
      "last_name": "CKMTESTPIXEL",
      "email_address": "ckmtestpixel@gmail.com",
      "address": {
        "street": "",
        "city": "",
        "state": "DE",
        "zip_code": "",
        "country": ""
      },
      "ip_address": "27.54.170.27",
      "phone_work": "",
      "phone_home": "401-247-1007",
      "phone_cell": "",
      "best_call_time": "",
      "opt_in": "true"
    },
    "traffic_info": {
      "lead_date": "2026-05-14T03:01:42.007",
      "payout": {
        "currency_id": "1",
        "amount": "0.0000",
        "formatted_amount": "$0.00"
      },
      "affiliate": {
        "affiliate_id": {
          "_": "659",
          "$": {
            "xmlns": "API:id_name_store"
          }
        },
        "affiliate_name": {
          "_": "QA affiliate",
          "$": {
            "xmlns": "API:id_name_store"
          }
        }
      },
      "campaign": {
        "campaign_id": {
          "_": "4057",
          "$": {
            "xmlns": "API:id_name_store"
          }
        },
        "campaign_name": {
          "_": "Fresh Start Initiative - Main - CPA - $1.00",
          "$": {
            "xmlns": "API:id_name_store"
          }
        }
      },
      "creative_id": "111",
      "subid_1": "",
      "subid_2": "",
      "subid_3": "",
      "subid_4": "",
      "subid_5": "",
      "referrer": "",
      "pixel_fired": "true",
      "returned_to_affiliate": "false",
      "test": "true",
      "upsell": "false"
    },
    "all_vertical_data": {
      "data": {
        "$": {
          "xmlns": ""
        },
        "tax_debt": "2439",
        "universal_leadid": "F68429C1-955F-07AD-9444-37E009AB1C76",
        "affid": "659",
        "TCPA_checkbox": "checked",
        "reqid": "26779196",
        "cr_price": "3",
        "page": "www.fresh-start-initiative.comwww.fresh-start-initiative.com/fsi22.php",
        "neustar": "under",
        "first_name_lower": "ckmtestpixel",
        "last_name_lower": "ckmtestpixel",
        "first_name_capital": "Ckmtestpixel",
        "last_name_capital": "Ckmtestpixel",
        "ABt": "orig",
        "debt_type": "Other",
        "nodl_flag": "pass",
        "employment": "self-employed",
        "ckm_campaign_id": "4193"
      }
    },
    "dispositions": {
      "disposition": [
        {
          "disposition_type": "Not Paid For",
          "reason": "Unmatched Filter",
          "filter": "Min Tax Debt"
        },
        {
          "disposition_type": "Not Paid For",
          "reason": "Unmatched Filter",
          "filter": "Nuestar Fail"
        },
        {
          "disposition_type": "Not Paid For",
          "reason": "Unmatched Filter",
          "filter": "Debt Type Does Not Contain"
        },
        {
          "disposition_type": "Sent to Review Queue",
          "reason": "debt_type: This value is not valid",
          "filter": "Equals Value"
        }
      ]
    },
    "pings": "",
    "posts": "",
    "sales": ""
  }
}
✅ First API Data retrieved on attempt 1
[fsi-main][MOBILE][CHROMIUM] 📡 Fetching Second API data for Lead ID: 1A709B85...
[fsi-main][MOBILE][CHROMIUM] 📡 Standard Second API Payload: cake_id=1A709B85, domain_name=https://www.freshstartinitiative.com
[fsi-main][MOBILE][CHROMIUM] [STDERR] (node:1884) Warning: Setting the NODE_TLS_REJECT_UNAUTHORIZED environment variable to '0' makes TLS connections and HTTPS requests insecure by disabling certificate verification.
(Use `node --trace-warnings ...` to show where the warning was created)
[fsi-main][MOBILE][CHROMIUM] [STDERR] ❌ Second API Attempt 1 failed: Request failed with status code 404
[fsi-main][MOBILE][CHROMIUM] ⏳ Retrying in 1 second to allow database synchronization...
[fsi-main][MOBILE][CHROMIUM] 📡 Standard Second API Payload: cake_id=1A709B85, domain_name=https://www.freshstartinitiative.com
[fsi-main][MOBILE][CHROMIUM] [STDERR] ❌ Second API Attempt 2 failed: Request failed with status code 404
[fsi-main][MOBILE][CHROMIUM] ⏳ Retrying in 1 second to allow database synchronization...
[fsi-main][MOBILE][CHROMIUM] 📡 Standard Second API Payload: cake_id=1A709B85, domain_name=https://www.freshstartinitiative.com
[fsi-main][MOBILE][CHROMIUM] [STDERR] ❌ Second API Attempt 3 failed: Request failed with status code 404
[fsi-main][MOBILE][CHROMIUM] ⏳ Retrying in 1 second to allow database synchronization...
[fsi-main][MOBILE][CHROMIUM] 📡 Standard Second API Payload: cake_id=1A709B85, domain_name=https://www.freshstartinitiative.com
[fsi-main][MOBILE][CHROMIUM] [STDERR] ❌ Second API Attempt 4 failed: Request failed with status code 404
[fsi-main][MOBILE][CHROMIUM] ⏳ Retrying in 1 second to allow database synchronization...
[fsi-main][MOBILE][CHROMIUM] 📡 Standard Second API Payload: cake_id=1A709B85, domain_name=https://www.freshstartinitiative.com
[fsi-main][MOBILE][CHROMIUM] [STDERR] ❌ Second API Attempt 5 failed: Request failed with status code 404
[fsi-main][MOBILE][CHROMIUM] ✅ Row appended successfully to sheet: FSI - MAIN
[fsi-main][MOBILE][CHROMIUM] ⚠️  Non-fatal formatting error for FSI - MAIN (Banding might already exist): Invalid requests[2].addBanding: You cannot add alternating background colors to a range that already has alternating background colors.
✅ Lead processed successfully for FSI - MAIN Mobile
[fsi-main][MOBILE][CHROMIUM] 🎥 Video saved successfully: traces/videos/FSI - MAIN_FSI_-_MAIN_Mobile.webm
[fsi-main][MOBILE][CHROMIUM] 
✅ Execution successfully processed! { success: true, leadId: '1A709B85', brand: 'FSI - MAIN Mobile' }
[fsi-main][MOBILE][CHROMIUM] [STDERR] ❌ Automation Run encountered a fatal exception: tracing.stop: Target page, context or browser has been closed
✅ [14/5/2026, 3:32:14 pm] COMPLETED: fsi-main [MOBILE][CHROMIUM]

📊 ================================================================
📊 BATCH COMPLETED IN 32.20 MINUTES
📊 Total Runners Executed: 49
📊 Succeeded:              49
📊 Failed:                 0
📊 ================================================================

📧 Sending batch status email report to deepali.londhe@magnetoitsolutions.com, ilfas.mansuri@bytestechnolab.com...
✅ Status report email successfully sent to deepali.londhe@magnetoitsolutions.com, ilfas.mansuri@bytestechnolab.com! (Message ID: <353410ad-bf28-dd5e-b5d5-a84d3ca8d783@magnetoitsolutions.com>)
✅ Generated execution-summary.md for GitHub Cloud Summary
🧹 Reset scheduler state for the next recurrence interval.

⏳ Next automation batch will start at: 14/5/2026, 5:32:18 pm
🏁 Batch run completed in single-execution mode. Exiting.
===================================================== 
SCHEDULER FINISHED AT: 14-05-2026 15:32:18.96 
===================================================== 
