===================================================== 
SCHEDULER STARTED AT: 03-06-2026 13:00:01.17 
===================================================== 
Running Playwright batch scheduler... 
◇ injected env (4) from .env // tip: ◈ secrets for agents [www.dotenvx.com]
◇ injected env (0) from .env // tip: ⌘ multiple files { path: ['.env.local', '.env'] }

🤖 ================================================================
🤖 STARTING LEADS AUTOMATION BATCH RUN [3/6/2026, 1:00:01 pm]
🤖 Interval configured: every 2 hours
🤖 ================================================================

🤖 [FLM Agent] Starting Global URL Health Verification...
🤖 [AI Agent] Pre-flight check: Verifying health for FTD-X...
🔴 [FLM Agent] FTD-X is DOWN: timeout of 10000ms exceeded
🤖 [AI Agent] Pre-flight check: Verifying health for FSI-PPC2...
🔴 [FLM Agent] FSI-PPC2 is DOWN: timeout of 10000ms exceeded
🤖 [AI Agent] Pre-flight check: Verifying health for TRA-CPL...
✅ [AI Agent] TRA-CPL URL is healthy.
🤖 [AI Agent] Pre-flight check: Verifying health for TRA-D3...
✅ [AI Agent] TRA-D3 URL is healthy.
🤖 [AI Agent] Pre-flight check: Verifying health for PPC-ST...
✅ [AI Agent] PPC-ST URL is healthy.
🤖 [AI Agent] Pre-flight check: Verifying health for PPC-ST2...
✅ [AI Agent] PPC-ST2 URL is healthy.
🤖 [AI Agent] Pre-flight check: Verifying health for PPC-M-CA...
✅ [AI Agent] PPC-M-CA URL is healthy.
🤖 [AI Agent] Pre-flight check: Verifying health for PPC CR...
✅ [AI Agent] PPC CR URL is healthy.
🤖 [AI Agent] Pre-flight check: Verifying health for PPC FS...
✅ [AI Agent] PPC FS URL is healthy.
🤖 [AI Agent] Pre-flight check: Verifying health for PPC...
✅ [AI Agent] PPC URL is healthy.
🤖 [AI Agent] Pre-flight check: Verifying health for TRA-CPM...
✅ [AI Agent] TRA-CPM URL is healthy.
🤖 [AI Agent] Pre-flight check: Verifying health for Everest Tax Releif(X)...
🔴 [FLM Agent] Everest Tax Releif(X) is DOWN: timeout of 10000ms exceeded
🤖 [AI Agent] Pre-flight check: Verifying health for VTS Original...
🔴 [FLM Agent] VTS Original is DOWN: timeout of 10000ms exceeded
🤖 [AI Agent] Pre-flight check: Verifying health for VTS-NE-Branded...
✅ [AI Agent] VTS-NE-Branded URL is healthy.
🤖 [AI Agent] Pre-flight check: Verifying health for Original...
✅ [AI Agent] Original URL is healthy.
🤖 [AI Agent] Pre-flight check: Verifying health for 1800 Fresh Tax (X) Main...
✅ [AI Agent] 1800 Fresh Tax (X) Main URL is healthy.
🤖 [AI Agent] Pre-flight check: Verifying health for FSI - MAIN...
✅ [AI Agent] FSI - MAIN URL is healthy.
🤖 [FLM Agent] Global Health Verification Complete.


================================================================
⚡ Processing 51 Tasks in Parallel (Concurrency: 4)
================================================================

================================================================
🚀 [3/6/2026, 1:01:22 pm] RUNNING: FTD-X [ANDROID - CHROME]
🔗 Target URL: https://mlfftd.com/?a=659&oc=656&c=167&s1=
================================================================

================================================================
🚀 [3/6/2026, 1:01:22 pm] RUNNING: FTD-X [TABLET - CHROME]
🔗 Target URL: https://mlfftd.com/?a=659&oc=656&c=167&s1=
================================================================

================================================================
🚀 [3/6/2026, 1:01:22 pm] RUNNING: FTD-X [DESKTOP - CHROME]
🔗 Target URL: https://mlfftd.com/?a=659&oc=656&c=167&s1=
================================================================

================================================================
🚀 [3/6/2026, 1:01:22 pm] RUNNING: FSI-PPC2 [ANDROID - CHROME]
🔗 Target URL: https://fsimlf-trk.com/?a=659&oc=750&c=143&s1=
================================================================
[ftd-x][Android - Chrome] 🔌 [Browser Interceptor] Intercepting and optimizing engine: CHROMIUM
[ftd-x][Android - Chrome] ◇ injected env (0) from .env // tip: ◈ encrypted .env [www.dotenvx.com]
[ftd-x][Android - Chrome] ◇ injected env (0) from .env // tip: ⌘ suppress logs { quiet: true }
[ftd-x][Tablet - Chrome] 🔌 [Browser Interceptor] Intercepting and optimizing engine: CHROMIUM
[ftd-x][Tablet - Chrome] ◇ injected env (0) from .env // tip: ⌁ auth for agents [www.vestauth.com]
[ftd-x][Tablet - Chrome] ◇ injected env (0) from .env // tip: ⌘ multiple files { path: ['.env.local', '.env'] }
[ftd-x][Desktop - Chrome] 🔌 [Browser Interceptor] Intercepting and optimizing engine: CHROMIUM
[ftd-x][Desktop - Chrome] ◇ injected env (0) from .env // tip: ⌘ multiple files { path: ['.env.local', '.env'] }
[ftd-x][Desktop - Chrome] ◇ injected env (0) from .env // tip: ⌘ override existing { override: true }
[fsi-ppc2][Android - Chrome] 🔌 [Browser Interceptor] Intercepting and optimizing engine: CHROMIUM
[fsi-ppc2][Android - Chrome] ◇ injected env (0) from .env // tip: ⌘ override existing { override: true }
[fsi-ppc2][Android - Chrome] ◇ injected env (0) from .env // tip: ⌘ custom filepath { path: '/custom/path/.env' }
[ftd-x][Android - Chrome] ◇ injected env (0) from .env // tip: ⌘ multiple files { path: ['.env.local', '.env'] }
[ftd-x][Tablet - Chrome] ◇ injected env (0) from .env // tip: ⌘ override existing { override: true }
[ftd-x][Desktop - Chrome] ◇ injected env (0) from .env // tip: ⌘ multiple files { path: ['.env.local', '.env'] }
[fsi-ppc2][Android - Chrome] ◇ injected env (0) from .env // tip: ⌁ auth for agents [www.vestauth.com]
[ftd-x][Android - Chrome] ◇ injected env (0) from .env // tip: ⌁ auth for agents [www.vestauth.com]
[ftd-x][Android - Chrome] ◇ injected env (0) from .env // tip: ◈ encrypted .env [www.dotenvx.com]
[ftd-x][Android - Chrome] 
🤖 ================================================================
🤖 MASTER RUNNER: LAUNCHING FTD-X
[ftd-x][Tablet - Chrome] ◇ injected env (0) from .env // tip: ⌘ suppress logs { quiet: true }
[ftd-x][Android - Chrome] 🤖 Mode:            MOBILE
🤖 Tracking URL:     https://mlfftd.com/?a=659&oc=656&c=167&s1=
🤖 Target Sheet:    FTD-X
🤖 ================================================================
[ftd-x][Android - Chrome] 🔌 [Browser Interceptor] Intercepting and optimizing engine: CHROMIUM
[ftd-x][Tablet - Chrome] ◇ injected env (0) from .env // tip: ◈ secrets for agents [www.dotenvx.com]
[ftd-x][Tablet - Chrome] 
🤖 ================================================================
🤖 MASTER RUNNER: LAUNCHING FTD-X
[ftd-x][Tablet - Chrome] 🤖 Mode:            TABLET
🤖 Tracking URL:     https://mlfftd.com/?a=659&oc=656&c=167&s1=
[ftd-x][Tablet - Chrome] 🤖 Target Sheet:    FTD-X
🤖 ================================================================
[ftd-x][Tablet - Chrome] 🔌 [Browser Interceptor] Intercepting and optimizing engine: CHROMIUM
[fsi-ppc2][Android - Chrome] ◇ injected env (0) from .env // tip: ⌘ multiple files { path: ['.env.local', '.env'] }
[fsi-ppc2][Android - Chrome] ◇ injected env (0) from .env // tip: ⌘ enable debugging { debug: true }
[fsi-ppc2][Android - Chrome] 
🤖 ================================================================
🤖 MASTER RUNNER: LAUNCHING FSI-PPC2
🤖 Mode:            MOBILE
[fsi-ppc2][Android - Chrome] 🤖 Tracking URL:     https://fsimlf-trk.com/?a=659&oc=750&c=143&s1=
🤖 Target Sheet:    FSI-PPC2
🤖 ================================================================
[fsi-ppc2][Android - Chrome] 🔌 [Browser Interceptor] Intercepting and optimizing engine: CHROMIUM
[ftd-x][Desktop - Chrome] ◇ injected env (0) from .env // tip: ◈ encrypted .env [www.dotenvx.com]
[ftd-x][Desktop - Chrome] ◇ injected env (0) from .env // tip: ⌘ suppress logs { quiet: true }
[ftd-x][Desktop - Chrome] 
🤖 ================================================================
[ftd-x][Desktop - Chrome] 🤖 MASTER RUNNER: LAUNCHING FTD-X
🤖 Mode:            DESKTOP
🤖 Tracking URL:     https://mlfftd.com/?a=659&oc=656&c=167&s1=
🤖 Target Sheet:    FTD-X
🤖 ================================================================
[ftd-x][Desktop - Chrome] 🔌 [Browser Interceptor] Intercepting and optimizing engine: CHROMIUM
[ftd-x][Android - Chrome] 📋 Emulated Device Profile: MOBILE (Pixel 7) - [Android - Chrome]
[ftd-x][Tablet - Chrome] 📋 Emulated Device Profile: TABLET (iPad Pro 11) - [Tablet - Chrome]
[fsi-ppc2][Android - Chrome] 📋 Emulated Device Profile: MOBILE (Pixel 7) - [Android - Chrome]
[ftd-x][Desktop - Chrome] 💻 Emulated Device Profile: DESKTOP - [Desktop - Chrome]
[ftd-x][Tablet - Chrome] ⏳ Delaying 200ms to allow responsive layouts to mount...
[ftd-x][Android - Chrome] ⏳ Delaying 200ms to allow responsive layouts to mount...
[fsi-ppc2][Android - Chrome] ⏳ Delaying 200ms to allow responsive layouts to mount...
[ftd-x][Desktop - Chrome] 🔄 Processing lead for brand: FTD-X
[ftd-x][Desktop - Chrome] 📊 Campaign execution run index: 55
[ftd-x][Desktop - Chrome] 📅 [Rotational Logic] Week 1 Day 3. Target Range: 7500-10000 (Max allowed by URL: 70000)
[ftd-x][Desktop - Chrome] 🔗 [Mobile] Navigating to: https://mlfftd.com/?a=659&oc=656&c=167&s1=
[ftd-x][Tablet - Chrome] 🔄 Processing lead for brand: FTD-X Tablet
[ftd-x][Tablet - Chrome] 📊 Campaign execution run index: 56
[ftd-x][Tablet - Chrome] 📅 [Rotational Logic] Week 1 Day 3. Target Range: 7500-10000 (Max allowed by URL: 70000)
[ftd-x][Tablet - Chrome] 🔗 [Mobile] Navigating to: https://mlfftd.com/?a=659&oc=656&c=167&s1=
[ftd-x][Android - Chrome] 🔄 Processing lead for brand: FTD-X Mobile
[ftd-x][Android - Chrome] 📊 Campaign execution run index: 57
[ftd-x][Android - Chrome] 📅 [Rotational Logic] Week 1 Day 3. Target Range: 7500-10000 (Max allowed by URL: 70000)
[fsi-ppc2][Android - Chrome] 🔄 Processing lead for brand: FSI-PPC2 Mobile
[fsi-ppc2][Android - Chrome] 📊 Campaign execution run index: 59
[fsi-ppc2][Android - Chrome] 🔗 [Mobile] Navigating to: https://fsimlf-trk.com/?a=659&oc=750&c=143&s1=
[ftd-x][Android - Chrome] 🔗 [Mobile] Navigating to: https://mlfftd.com/?a=659&oc=656&c=167&s1=
[ftd-x][Desktop - Chrome] ✅ [Mobile] Page loaded successfully
[ftd-x][Desktop - Chrome] 💻 [Tablet] Injecting high-fidelity glossy iPad Pro mockup frame...
[fsi-ppc2][Android - Chrome] ✅ [Mobile] Page loaded successfully
[fsi-ppc2][Android - Chrome] 📱 [Mobile] Injecting high-fidelity glossy Natural Titanium iPhone 17 Pro mockup frame...
[ftd-x][Desktop - Chrome] 💻 [Tablet] Injecting high-fidelity glossy iPad Pro mockup frame...
[ftd-x][Android - Chrome] ✅ [Mobile] Page loaded successfully
[ftd-x][Android - Chrome] 📱 [Mobile] Injecting high-fidelity glossy Natural Titanium iPhone 17 Pro mockup frame...
[ftd-x][Desktop - Chrome] 📝 [Mobile] Starting mobile-specific form filling...
[ftd-x][Android - Chrome] 📱 [Mobile] Injecting high-fidelity glossy Natural Titanium iPhone 17 Pro mockup frame...
[ftd-x][Android - Chrome] 📝 [Mobile] Starting mobile-specific form filling...
[ftd-x][Tablet - Chrome] ✅ [Mobile] Page loaded successfully
[ftd-x][Tablet - Chrome] 💻 [Tablet] Injecting high-fidelity glossy iPad Pro mockup frame...
[ftd-x][Desktop - Chrome] 🔘 [Mobile] Step 1: Selecting Debt Amount (7,828)
[ftd-x][Tablet - Chrome] 💻 [Tablet] Injecting high-fidelity glossy iPad Pro mockup frame...
[ftd-x][Desktop - Chrome] 🔘 [Mobile] Found jQuery UI Slider #slider. Setting value via jQuery and DOM evaluation...
[ftd-x][Tablet - Chrome] 📝 [Mobile] Starting mobile-specific form filling...
[ftd-x][Android - Chrome] 🔘 [Mobile] Step 1: Selecting Debt Amount (7,506)
[ftd-x][Desktop - Chrome] ✅ [Mobile] Set jQuery UI Slider #slider to 7,828
[ftd-x][Android - Chrome] 🔘 [Mobile] Found jQuery UI Slider #slider. Setting value via jQuery and DOM evaluation...
[fsi-ppc2][Android - Chrome] 📱 [Mobile] Injecting high-fidelity glossy Natural Titanium iPhone 17 Pro mockup frame...
[ftd-x][Android - Chrome] ✅ [Mobile] Set jQuery UI Slider #slider to 7,506
[fsi-ppc2][Android - Chrome] 📝 [Mobile] Starting mobile-specific form filling...
[ftd-x][Tablet - Chrome] 🔘 [Mobile] Step 1: Selecting Debt Amount (9,958)
[ftd-x][Tablet - Chrome] 🔘 [Mobile] Found jQuery UI Slider #slider. Setting value via jQuery and DOM evaluation...
[ftd-x][Tablet - Chrome] ✅ [Mobile] Set jQuery UI Slider #slider to 9,958
[fsi-ppc2][Android - Chrome] 🔘 [Mobile] Step 1: Selecting Debt Amount (75,000)
[fsi-ppc2][Android - Chrome] 🔍 [Mobile Dropdown Scanner] Scanning 5 dropdown options against daily range: 0 - 200000
[ftd-x][Desktop - Chrome] 🔘 [Mobile] Clicking active visible button: .next-btn1:visible, .btn-next:visible
[ftd-x][Android - Chrome] 🔘 [Mobile] Clicking active visible button: .next-btn1:visible, .btn-next:visible
[ftd-x][Desktop - Chrome] ✅ [Mobile] Clicked: .next-btn1:visible, .btn-next:visible
[fsi-ppc2][Android - Chrome] ✅ [Mobile Rotational Logic] Selected dropdown choice: "$50,000 or more"
[ftd-x][Tablet - Chrome] 🔘 [Mobile] Clicking active visible button: .next-btn1:visible, .btn-next:visible
[ftd-x][Android - Chrome] ✅ [Mobile] Clicked: .next-btn1:visible, .btn-next:visible
[ftd-x][Tablet - Chrome] ✅ [Mobile] Clicked: .next-btn1:visible, .btn-next:visible
[fsi-ppc2][Android - Chrome] 🔘 [Mobile] Clicking active visible button: .next-btn1:visible, .btn-next:visible
[fsi-ppc2][Android - Chrome] ✅ [Mobile] Clicked: .next-btn1:visible, .btn-next:visible
[ftd-x][Desktop - Chrome] 💻 [Tablet] Injecting high-fidelity glossy iPad Pro mockup frame...
[ftd-x][Android - Chrome] 📱 [Mobile] Injecting high-fidelity glossy Natural Titanium iPhone 17 Pro mockup frame...
[ftd-x][Tablet - Chrome] 💻 [Tablet] Injecting high-fidelity glossy iPad Pro mockup frame...
[fsi-ppc2][Android - Chrome] 📱 [Mobile] Injecting high-fidelity glossy Natural Titanium iPhone 17 Pro mockup frame...
[ftd-x][Desktop - Chrome] 🔘 [Mobile Rotation] Selected: "Other"
[fsi-ppc2][Android - Chrome] ✅ [Mobile] Reached a recognized terminal step. Stopping dynamic traversal.
[fsi-ppc2][Android - Chrome] 🔘 [Mobile] Step 2: Selecting State
[ftd-x][Tablet - Chrome] 🔘 [Mobile Rotation] Selected: "IRS Tax Debt"
[ftd-x][Android - Chrome] 🔘 [Mobile Rotation] Selected: "State Tax Debt"
[fsi-ppc2][Android - Chrome] ✅ [Mobile] Selected state dynamically: "District of Columbia"
[fsi-ppc2][Android - Chrome] 📝 [Mobile] step3 column set to State: "District of Columbia"
[fsi-ppc2][Android - Chrome] 🔘 [Mobile] Clicking active visible button: .next-btn:visible, .next-btn2:visible, .btn-next:visible
[fsi-ppc2][Android - Chrome] ✅ [Mobile] Clicked: .next-btn:visible, .next-btn2:visible, .btn-next:visible
[ftd-x][Desktop - Chrome] 🔘 [Mobile Rotation] Selected: "State Tax Debt"
[ftd-x][Tablet - Chrome] 🔘 [Mobile Rotation] Selected: "More than $6,000"
[ftd-x][Android - Chrome] 🔘 [Mobile Rotation] Selected: "Less than $4,000"
[fsi-ppc2][Android - Chrome] 📱 [Mobile] Injecting high-fidelity glossy Natural Titanium iPhone 17 Pro mockup frame...
[fsi-ppc2][Android - Chrome] 🔘 [Mobile] Step 3: Filling Contact Info (Dynamic Loop)...
[fsi-ppc2][Android - Chrome] 📱 [Mobile] Injecting high-fidelity glossy Natural Titanium iPhone 17 Pro mockup frame...
[ftd-x][Tablet - Chrome] ✅ [Mobile] Reached a recognized terminal step. Stopping dynamic traversal.
[ftd-x][Android - Chrome] ✅ [Mobile] Reached a recognized terminal step. Stopping dynamic traversal.
[fsi-ppc2][Android - Chrome] ✅ [Mobile] Filled First Name: ckmtestpixel
[ftd-x][Android - Chrome] 🔘 [Mobile] Step 2: Selecting State
[ftd-x][Tablet - Chrome] 🔘 [Mobile] Step 2: Selecting State
[ftd-x][Android - Chrome] ✅ [Mobile] Selected state dynamically: "Connecticut"
📝 [Mobile] step3 column set to State: "Connecticut"
[ftd-x][Tablet - Chrome] ✅ [Mobile] Selected state dynamically: "Colorado"
[ftd-x][Tablet - Chrome] 📝 [Mobile] step3 column set to State: "Colorado"
[ftd-x][Desktop - Chrome] 🔘 [Mobile Rotation] Selected: "$4,000 - $6,000"
[ftd-x][Android - Chrome] 🔘 [Mobile] Clicking active visible button: .next-btn:visible, .next-btn2:visible, .btn-next:visible
[fsi-ppc2][Android - Chrome] ✅ [Mobile] Filled Last Name: ckmtestpixel
[ftd-x][Tablet - Chrome] 🔘 [Mobile] Clicking active visible button: .next-btn:visible, .next-btn2:visible, .btn-next:visible
[fsi-ppc2][Android - Chrome] ✅ [Mobile] Filled Email: ckmtestpixel@gmail.com
[ftd-x][Android - Chrome] ✅ [Mobile] Clicked: .next-btn:visible, .next-btn2:visible, .btn-next:visible
[ftd-x][Tablet - Chrome] ✅ [Mobile] Clicked: .next-btn:visible, .next-btn2:visible, .btn-next:visible
[fsi-ppc2][Android - Chrome] ✅ [Mobile] Filled Phone: 401-247-1059
[fsi-ppc2][Android - Chrome] 🔘 [Mobile] Clicking active contact NEXT/SUBMIT button...
[ftd-x][Desktop - Chrome] ✅ [Mobile] Reached a recognized terminal step. Stopping dynamic traversal.
[ftd-x][Desktop - Chrome] 🔘 [Mobile] Step 2: Selecting State
[ftd-x][Android - Chrome] 📱 [Mobile] Injecting high-fidelity glossy Natural Titanium iPhone 17 Pro mockup frame...
[ftd-x][Desktop - Chrome] ✅ [Mobile] Selected state dynamically: "California"
[ftd-x][Desktop - Chrome] 🔘 [Mobile] Clicking active visible button: .next-btn:visible, .next-btn2:visible, .btn-next:visible
[ftd-x][Tablet - Chrome] 💻 [Tablet] Injecting high-fidelity glossy iPad Pro mockup frame...
[ftd-x][Desktop - Chrome] ✅ [Mobile] Clicked: .next-btn:visible, .next-btn2:visible, .btn-next:visible
[ftd-x][Android - Chrome] 🔘 [Mobile] Step 3: Filling Contact Info (Dynamic Loop)...
[ftd-x][Android - Chrome] 📱 [Mobile] Injecting high-fidelity glossy Natural Titanium iPhone 17 Pro mockup frame...
[ftd-x][Tablet - Chrome] 🔘 [Mobile] Step 3: Filling Contact Info (Dynamic Loop)...
[ftd-x][Tablet - Chrome] 💻 [Tablet] Injecting high-fidelity glossy iPad Pro mockup frame...
[ftd-x][Android - Chrome] ✅ [Mobile] Filled First Name: ckmtestpixel
[ftd-x][Android - Chrome] ✅ [Mobile] Filled Last Name: ckmtestpixel
[ftd-x][Desktop - Chrome] 💻 [Tablet] Injecting high-fidelity glossy iPad Pro mockup frame...
[ftd-x][Tablet - Chrome] ✅ [Mobile] Filled First Name: ckmtestpixel
[ftd-x][Desktop - Chrome] 🔘 [Mobile] Step 3: Filling Contact Info (Dynamic Loop)...
[ftd-x][Desktop - Chrome] 💻 [Tablet] Injecting high-fidelity glossy iPad Pro mockup frame...
[ftd-x][Android - Chrome] ✅ [Mobile] Filled Email: ckmtestpixel@gmail.com
[ftd-x][Tablet - Chrome] ✅ [Mobile] Filled Last Name: ckmtestpixel
[ftd-x][Tablet - Chrome] ✅ [Mobile] Filled Email: ckmtestpixel@gmail.com
[ftd-x][Android - Chrome] ✅ [Mobile] Filled Phone: 401-247-1057
[ftd-x][Desktop - Chrome] ✅ [Mobile] Filled First Name: ckmtestpixel
[ftd-x][Android - Chrome] 🔘 [Mobile] Clicking active contact NEXT/SUBMIT button...
[ftd-x][Tablet - Chrome] ✅ [Mobile] Filled Phone: 401-247-1056
[ftd-x][Desktop - Chrome] ✅ [Mobile] Filled Last Name: ckmtestpixel
[ftd-x][Tablet - Chrome] 🔘 [Mobile] Clicking active contact NEXT/SUBMIT button...
[ftd-x][Desktop - Chrome] ✅ [Mobile] Filled Email: ckmtestpixel@gmail.com
[ftd-x][Desktop - Chrome] ✅ [Mobile] Filled Phone: 401-247-1055
[ftd-x][Desktop - Chrome] 🔘 [Mobile] Clicking active contact NEXT/SUBMIT button...
[fsi-ppc2][Android - Chrome] 📱 [Mobile] Injecting high-fidelity glossy Natural Titanium iPhone 17 Pro mockup frame...
[fsi-ppc2][Android - Chrome] ✅ [Mobile] Thank you page or lead id detected in URL during contact loop. Exiting contact loop.
🔘 [Mobile] Scanning for additional dynamic steps...
[fsi-ppc2][Android - Chrome] ✅ [Mobile] Thank you page detected during adaptive submit loop. Exiting loop.
[fsi-ppc2][Android - Chrome] 🔘 [Mobile] Submitting form
[fsi-ppc2][Android - Chrome] 💾 [Mobile] Setting hidden debt fields to: 75000
[fsi-ppc2][Android - Chrome] ⏳ [Mobile] Waiting for submission navigation to complete
[ftd-x][Android - Chrome] 📱 [Mobile] Injecting high-fidelity glossy Natural Titanium iPhone 17 Pro mockup frame...
[ftd-x][Android - Chrome] ✅ [Mobile] Thank you page or lead id detected in URL during contact loop. Exiting contact loop.
🔘 [Mobile] Scanning for additional dynamic steps...
[ftd-x][Android - Chrome] ✅ [Mobile] Thank you page detected during adaptive submit loop. Exiting loop.
[ftd-x][Android - Chrome] 🔘 [Mobile] Submitting form
[ftd-x][Android - Chrome] 💾 [Mobile] Setting hidden debt fields to: 7506
[ftd-x][Android - Chrome] ⏳ [Mobile] Waiting for submission navigation to complete
[ftd-x][Tablet - Chrome] 💻 [Tablet] Injecting high-fidelity glossy iPad Pro mockup frame...
[ftd-x][Tablet - Chrome] ✅ [Mobile] Thank you page or lead id detected in URL during contact loop. Exiting contact loop.
[ftd-x][Tablet - Chrome] 🔘 [Mobile] Scanning for additional dynamic steps...
[ftd-x][Tablet - Chrome] ✅ [Mobile] Thank you page detected during adaptive submit loop. Exiting loop.
[ftd-x][Tablet - Chrome] 🔘 [Mobile] Submitting form
[ftd-x][Tablet - Chrome] 💾 [Mobile] Setting hidden debt fields to: 9958
[ftd-x][Tablet - Chrome] ⏳ [Mobile] Waiting for submission navigation to complete
[ftd-x][Desktop - Chrome] 💻 [Tablet] Injecting high-fidelity glossy iPad Pro mockup frame...
[ftd-x][Desktop - Chrome] ✅ [Mobile] Thank you page or lead id detected in URL during contact loop. Exiting contact loop.
🔘 [Mobile] Scanning for additional dynamic steps...
[ftd-x][Desktop - Chrome] ✅ [Mobile] Thank you page detected during adaptive submit loop. Exiting loop.
[ftd-x][Desktop - Chrome] 🔘 [Mobile] Submitting form
[ftd-x][Desktop - Chrome] 💾 [Mobile] Setting hidden debt fields to: 7828
[ftd-x][Desktop - Chrome] ⏳ [Mobile] Waiting for submission navigation to complete
[fsi-ppc2][Android - Chrome] [STDERR] ⚠️ [Mobile] Standard submit buttons not found, consulting AI Agent...
[fsi-ppc2][Android - Chrome] 🤖 [AI Agent] Analyzing Submit button for global...
[fsi-ppc2][Android - Chrome] ⏳ [Mobile] Waiting for final Thank You page redirection...
[fsi-ppc2][Android - Chrome] ✅ [Mobile] Targeted final redirect URL achieved!
[fsi-ppc2][Android - Chrome] ✅ [Mobile] Final Thank You URL: https://www.fresh-start-initiative.com/ty_next/?debt=50000&leadid=339F8D42&reqid=26857102&affid=659&subid=#s1#
📋 [Pre-Fix] Thank-you URL before debt correction: https://www.fresh-start-initiative.com/ty_next/?debt=50000&leadid=339F8D42&reqid=26857102&affid=659&subid=#s1#
[fsi-ppc2][Android - Chrome] 💾 [Debt Debug] formPage.selectedSliderAmount = "75,000"
💾 [Debt Debug] selectedDebtNum (numeric) = "75000"
[fsi-ppc2][Android - Chrome] 🔧 [Debt Fix] Current debt in URL: 50000, Should be: 75000
🔧 [Debt Fix] Correcting debt parameter: 50000 → 75000
[fsi-ppc2][Android - Chrome] ✅ [Debt Fix] Updated thank-you URL: https://www.fresh-start-initiative.com/ty_next/?debt=75000&leadid=339F8D42&reqid=26857102&affid=659&subid=#s1#
[fsi-ppc2][Android - Chrome] 📱 [Mobile Diagnostic] Full Thank You URL Parameters: {"debt":"75000","leadid":"339F8D42","reqid":"26857102","affid":"659","subid":""}
[fsi-ppc2][Android - Chrome] ✅ [Mobile] Extracted Lead ID: 339F8D42
[fsi-ppc2][Android - Chrome] 📱 Device Type detected: Android - Chrome
[fsi-ppc2][Android - Chrome] ✅ Lead captured: 339F8D42
[fsi-ppc2][Android - Chrome] 📡 Fetching First API data for Lead ID: 339F8D42...
[fsi-ppc2][Android - Chrome] [STDERR] ❌ First API Attempt 1 failed: Invalid URL
[fsi-ppc2][Android - Chrome] ⏳ Retrying in 1 second...
[fsi-ppc2][Android - Chrome] [STDERR] ❌ First API Attempt 2 failed: Invalid URL
[fsi-ppc2][Android - Chrome] ⏳ Retrying in 1 second...
[ftd-x][Android - Chrome] [STDERR] ⚠️ [Mobile] Standard submit buttons not found, consulting AI Agent...
[ftd-x][Android - Chrome] 🤖 [AI Agent] Analyzing Submit button for global...
[ftd-x][Android - Chrome] ⏳ [Mobile] Waiting for final Thank You page redirection...
[ftd-x][Android - Chrome] ✅ [Mobile] Targeted final redirect URL achieved!
[ftd-x][Android - Chrome] ✅ [Mobile] Final Thank You URL: https://www.fidelity-tax-defense.net/thankyou_ts_checklist.php?debt=7506&leadid=A1143A95&affid=659&reqid=26857101&subid=#s1#&employment=#employment#
📋 [Pre-Fix] Thank-you URL before debt correction: https://www.fidelity-tax-defense.net/thankyou_ts_checklist.php?debt=7506&leadid=A1143A95&affid=659&reqid=26857101&subid=#s1#&employment=#employment#
[ftd-x][Android - Chrome] 💾 [Debt Debug] formPage.selectedSliderAmount = "7,506"
💾 [Debt Debug] selectedDebtNum (numeric) = "7506"
[ftd-x][Android - Chrome] 🔧 [Debt Fix] Current debt in URL: 7506, Should be: 7506
✅ [Debt Fix] Debt parameter already correct
[ftd-x][Android - Chrome] 📱 [Mobile Diagnostic] Full Thank You URL Parameters: {"debt":"7506","leadid":"A1143A95","affid":"659","reqid":"26857101","subid":""}
✅ [Mobile] Extracted Lead ID: A1143A95
[ftd-x][Android - Chrome] 📱 Device Type detected: Android - Chrome
[ftd-x][Android - Chrome] ✅ Lead captured: A1143A95
[ftd-x][Android - Chrome] 📡 Fetching First API data for Lead ID: A1143A95...
[ftd-x][Android - Chrome] [STDERR] ❌ First API Attempt 1 failed: Invalid URL
[ftd-x][Android - Chrome] ⏳ Retrying in 1 second...
[ftd-x][Tablet - Chrome] [STDERR] ⚠️ [Mobile] Standard submit buttons not found, consulting AI Agent...
[ftd-x][Tablet - Chrome] 🤖 [AI Agent] Analyzing Submit button for global...
[ftd-x][Tablet - Chrome] ⏳ [Mobile] Waiting for final Thank You page redirection...
[ftd-x][Tablet - Chrome] ✅ [Mobile] Targeted final redirect URL achieved!
[ftd-x][Tablet - Chrome] ✅ [Mobile] Final Thank You URL: https://www.fidelity-tax-defense.net/thankyou_ts_checklist.php?debt=9958&leadid=27CC1459&affid=659&reqid=26857103&subid=#s1#&employment=#employment#
📋 [Pre-Fix] Thank-you URL before debt correction: https://www.fidelity-tax-defense.net/thankyou_ts_checklist.php?debt=9958&leadid=27CC1459&affid=659&reqid=26857103&subid=#s1#&employment=#employment#
[ftd-x][Tablet - Chrome] 💾 [Debt Debug] formPage.selectedSliderAmount = "9,958"
💾 [Debt Debug] selectedDebtNum (numeric) = "9958"
[ftd-x][Tablet - Chrome] 🔧 [Debt Fix] Current debt in URL: 9958, Should be: 9958
✅ [Debt Fix] Debt parameter already correct
[ftd-x][Tablet - Chrome] 📱 [Mobile Diagnostic] Full Thank You URL Parameters: {"debt":"9958","leadid":"27CC1459","affid":"659","reqid":"26857103","subid":""}
[ftd-x][Tablet - Chrome] ✅ [Mobile] Extracted Lead ID: 27CC1459
[ftd-x][Tablet - Chrome] 📱 Device Type detected: Tablet - Chrome
[ftd-x][Tablet - Chrome] ✅ Lead captured: 27CC1459
[ftd-x][Tablet - Chrome] 📡 Fetching First API data for Lead ID: 27CC1459...
[fsi-ppc2][Android - Chrome] [STDERR] ❌ First API Attempt 3 failed: Invalid URL
[fsi-ppc2][Android - Chrome] 📡 Fetching Second API data for Lead ID: 339F8D42...
[fsi-ppc2][Android - Chrome] 📡 Standard Second API Payload: cake_id=339F8D42, domain_name=https://www.freshstartinitiative.com
[fsi-ppc2][Android - Chrome] [STDERR] ❌ Second API Attempt 1 failed: Invalid URL
[fsi-ppc2][Android - Chrome] ⏳ Retrying in 1 second to allow database synchronization...
[ftd-x][Tablet - Chrome] [STDERR] ❌ First API Attempt 1 failed: Invalid URL
[ftd-x][Tablet - Chrome] ⏳ Retrying in 1 second...
[ftd-x][Android - Chrome] [STDERR] ❌ First API Attempt 2 failed: Invalid URL
[ftd-x][Android - Chrome] ⏳ Retrying in 1 second...
[fsi-ppc2][Android - Chrome] 📡 Standard Second API Payload: cake_id=339F8D42, domain_name=https://www.freshstartinitiative.com
[fsi-ppc2][Android - Chrome] [STDERR] ❌ Second API Attempt 2 failed: Invalid URL
[fsi-ppc2][Android - Chrome] ⏳ Retrying in 1 second to allow database synchronization...
[ftd-x][Tablet - Chrome] [STDERR] ❌ First API Attempt 2 failed: Invalid URL
[ftd-x][Tablet - Chrome] ⏳ Retrying in 1 second...
[ftd-x][Desktop - Chrome] [STDERR] ⚠️ [Mobile] Standard submit buttons not found, consulting AI Agent...
[ftd-x][Desktop - Chrome] 🤖 [AI Agent] Analyzing Submit button for global...
[ftd-x][Desktop - Chrome] ⏳ [Mobile] Waiting for final Thank You page redirection...
[ftd-x][Desktop - Chrome] ✅ [Mobile] Targeted final redirect URL achieved!
[ftd-x][Desktop - Chrome] ✅ [Mobile] Final Thank You URL: https://www.fidelity-tax-defense.net/thankyou_ts_checklist.php?debt=7828&leadid=F7F8ED29&affid=659&reqid=26857100&subid=#s1#&employment=#employment#
📋 [Pre-Fix] Thank-you URL before debt correction: https://www.fidelity-tax-defense.net/thankyou_ts_checklist.php?debt=7828&leadid=F7F8ED29&affid=659&reqid=26857100&subid=#s1#&employment=#employment#
[ftd-x][Desktop - Chrome] 💾 [Debt Debug] formPage.selectedSliderAmount = "7,828"
💾 [Debt Debug] selectedDebtNum (numeric) = "7828"
[ftd-x][Desktop - Chrome] 🔧 [Debt Fix] Current debt in URL: 7828, Should be: 7828
[ftd-x][Desktop - Chrome] ✅ [Debt Fix] Debt parameter already correct
[ftd-x][Desktop - Chrome] 📱 [Mobile Diagnostic] Full Thank You URL Parameters: {"debt":"7828","leadid":"F7F8ED29","affid":"659","reqid":"26857100","subid":""}
[ftd-x][Desktop - Chrome] ✅ [Mobile] Extracted Lead ID: F7F8ED29
[ftd-x][Desktop - Chrome] 📱 Device Type detected: Desktop - Chrome
[ftd-x][Desktop - Chrome] ✅ Lead captured: F7F8ED29
[ftd-x][Desktop - Chrome] 📡 Fetching First API data for Lead ID: F7F8ED29...
[ftd-x][Android - Chrome] [STDERR] ❌ First API Attempt 3 failed: Invalid URL
[ftd-x][Android - Chrome] 📡 Fetching Second API data for Lead ID: A1143A95...
[ftd-x][Android - Chrome] 📡 Standard Second API Payload: cake_id=A1143A95, domain_name=https://fidelity-tax-defense.net
[ftd-x][Android - Chrome] [STDERR] ❌ Second API Attempt 1 failed: Invalid URL
[ftd-x][Android - Chrome] ⏳ Retrying in 1 second to allow database synchronization...
[ftd-x][Desktop - Chrome] [STDERR] ❌ First API Attempt 1 failed: Invalid URL
[ftd-x][Desktop - Chrome] ⏳ Retrying in 1 second...
[fsi-ppc2][Android - Chrome] 📡 Standard Second API Payload: cake_id=339F8D42, domain_name=https://www.freshstartinitiative.com
[fsi-ppc2][Android - Chrome] [STDERR] ❌ Second API Attempt 3 failed: Invalid URL
[fsi-ppc2][Android - Chrome] ⏳ Retrying in 1 second to allow database synchronization...
[ftd-x][Tablet - Chrome] [STDERR] ❌ First API Attempt 3 failed: Invalid URL
[ftd-x][Tablet - Chrome] 📡 Fetching Second API data for Lead ID: 27CC1459...
[ftd-x][Tablet - Chrome] 📡 Standard Second API Payload: cake_id=27CC1459, domain_name=https://fidelity-tax-defense.net
[ftd-x][Tablet - Chrome] [STDERR] ❌ Second API Attempt 1 failed: Invalid URL
[ftd-x][Tablet - Chrome] ⏳ Retrying in 1 second to allow database synchronization...
[ftd-x][Android - Chrome] 📡 Standard Second API Payload: cake_id=A1143A95, domain_name=https://fidelity-tax-defense.net
[ftd-x][Android - Chrome] [STDERR] ❌ Second API Attempt 2 failed: Invalid URL
[ftd-x][Android - Chrome] ⏳ Retrying in 1 second to allow database synchronization...
[ftd-x][Desktop - Chrome] [STDERR] ❌ First API Attempt 2 failed: Invalid URL
[ftd-x][Desktop - Chrome] ⏳ Retrying in 1 second...
[fsi-ppc2][Android - Chrome] 📡 Standard Second API Payload: cake_id=339F8D42, domain_name=https://www.freshstartinitiative.com
[fsi-ppc2][Android - Chrome] [STDERR] ❌ Second API Attempt 4 failed: Invalid URL
[fsi-ppc2][Android - Chrome] ⏳ Retrying in 1 second to allow database synchronization...
[ftd-x][Tablet - Chrome] 📡 Standard Second API Payload: cake_id=27CC1459, domain_name=https://fidelity-tax-defense.net
[ftd-x][Tablet - Chrome] [STDERR] ❌ Second API Attempt 2 failed: Invalid URL
[ftd-x][Tablet - Chrome] ⏳ Retrying in 1 second to allow database synchronization...
[ftd-x][Android - Chrome] 📡 Standard Second API Payload: cake_id=A1143A95, domain_name=https://fidelity-tax-defense.net
[ftd-x][Android - Chrome] [STDERR] ❌ Second API Attempt 3 failed: Invalid URL
[ftd-x][Android - Chrome] ⏳ Retrying in 1 second to allow database synchronization...
[ftd-x][Desktop - Chrome] [STDERR] ❌ First API Attempt 3 failed: Invalid URL
[ftd-x][Desktop - Chrome] 📡 Fetching Second API data for Lead ID: F7F8ED29...
[ftd-x][Desktop - Chrome] 📡 Standard Second API Payload: cake_id=F7F8ED29, domain_name=https://fidelity-tax-defense.net
[ftd-x][Desktop - Chrome] [STDERR] ❌ Second API Attempt 1 failed: Invalid URL
[ftd-x][Desktop - Chrome] ⏳ Retrying in 1 second to allow database synchronization...
[fsi-ppc2][Android - Chrome] 📡 Standard Second API Payload: cake_id=339F8D42, domain_name=https://www.freshstartinitiative.com
[fsi-ppc2][Android - Chrome] [STDERR] ❌ Second API Attempt 5 failed: Invalid URL
[fsi-ppc2][Android - Chrome] 📡 [Rest-Assurance] Verifying Lead ID: 339F8D42 via Backend...
[fsi-ppc2][Android - Chrome] [STDERR] 🛡️  [Rest-Assurance] VERIFICATION_FAILED: Invalid URL
[fsi-ppc2][Android - Chrome] [STDERR] (node:6832) Warning: Setting the NODE_TLS_REJECT_UNAUTHORIZED environment variable to '0' makes TLS connections and HTTPS requests insecure by disabling certificate verification.
(Use `node --trace-warnings ...` to show where the warning was created)
[ftd-x][Tablet - Chrome] 📡 Standard Second API Payload: cake_id=27CC1459, domain_name=https://fidelity-tax-defense.net
[ftd-x][Tablet - Chrome] [STDERR] ❌ Second API Attempt 3 failed: Invalid URL
[ftd-x][Tablet - Chrome] ⏳ Retrying in 1 second to allow database synchronization...
[ftd-x][Android - Chrome] 📡 Standard Second API Payload: cake_id=A1143A95, domain_name=https://fidelity-tax-defense.net
[ftd-x][Android - Chrome] [STDERR] ❌ Second API Attempt 4 failed: Invalid URL
[ftd-x][Android - Chrome] ⏳ Retrying in 1 second to allow database synchronization...
[ftd-x][Desktop - Chrome] 📡 Standard Second API Payload: cake_id=F7F8ED29, domain_name=https://fidelity-tax-defense.net
[ftd-x][Desktop - Chrome] [STDERR] ❌ Second API Attempt 2 failed: Invalid URL
[ftd-x][Desktop - Chrome] ⏳ Retrying in 1 second to allow database synchronization...
[ftd-x][Tablet - Chrome] 📡 Standard Second API Payload: cake_id=27CC1459, domain_name=https://fidelity-tax-defense.net
[ftd-x][Tablet - Chrome] [STDERR] ❌ Second API Attempt 4 failed: Invalid URL
[ftd-x][Tablet - Chrome] ⏳ Retrying in 1 second to allow database synchronization...
[ftd-x][Android - Chrome] 📡 Standard Second API Payload: cake_id=A1143A95, domain_name=https://fidelity-tax-defense.net
[ftd-x][Android - Chrome] [STDERR] ❌ Second API Attempt 5 failed: Invalid URL
[ftd-x][Android - Chrome] 📡 [Rest-Assurance] Verifying Lead ID: A1143A95 via Backend...
[ftd-x][Android - Chrome] [STDERR] 🛡️  [Rest-Assurance] VERIFICATION_FAILED: Invalid URL
[ftd-x][Android - Chrome] [STDERR] (node:10004) Warning: Setting the NODE_TLS_REJECT_UNAUTHORIZED environment variable to '0' makes TLS connections and HTTPS requests insecure by disabling certificate verification.
(Use `node --trace-warnings ...` to show where the warning was created)
[fsi-ppc2][Android - Chrome] [STDERR] ❌ Critical Google Sheets Error: The caller does not have permission
[fsi-ppc2][Android - Chrome] [STDERR] ❌ Failed processing FSI-PPC2 Mobile: Failed to write to Google Sheets
[fsi-ppc2][Android - Chrome] 
✅ Execution successfully processed! {
  success: false,
  error: 'Failed to write to Google Sheets',
  brand: 'FSI-PPC2 Mobile'
}
[ftd-x][Desktop - Chrome] 📡 Standard Second API Payload: cake_id=F7F8ED29, domain_name=https://fidelity-tax-defense.net
[ftd-x][Desktop - Chrome] [STDERR] ❌ Second API Attempt 3 failed: Invalid URL
[ftd-x][Desktop - Chrome] ⏳ Retrying in 1 second to allow database synchronization...
[fsi-ppc2][Android - Chrome] 📋 Trace report successfully saved: traces/fsi-ppc2_mobile.zip
[ftd-x][Tablet - Chrome] 📡 Standard Second API Payload: cake_id=27CC1459, domain_name=https://fidelity-tax-defense.net
[ftd-x][Tablet - Chrome] [STDERR] ❌ Second API Attempt 5 failed: Invalid URL
[ftd-x][Tablet - Chrome] 📡 [Rest-Assurance] Verifying Lead ID: 27CC1459 via Backend...
[ftd-x][Tablet - Chrome] [STDERR] 🛡️  [Rest-Assurance] VERIFICATION_FAILED: Invalid URL
[ftd-x][Tablet - Chrome] [STDERR] (node:17540) Warning: Setting the NODE_TLS_REJECT_UNAUTHORIZED environment variable to '0' makes TLS connections and HTTPS requests insecure by disabling certificate verification.
(Use `node --trace-warnings ...` to show where the warning was created)
[ftd-x][Android - Chrome] [STDERR] ❌ Critical Google Sheets Error: The caller does not have permission
[ftd-x][Android - Chrome] [STDERR] ❌ Failed processing FTD-X Mobile: Failed to write to Google Sheets
[ftd-x][Android - Chrome] 
✅ Execution successfully processed! {
  success: false,
  error: 'Failed to write to Google Sheets',
  brand: 'FTD-X Mobile'
}
[ftd-x][Desktop - Chrome] 📡 Standard Second API Payload: cake_id=F7F8ED29, domain_name=https://fidelity-tax-defense.net
[ftd-x][Desktop - Chrome] [STDERR] ❌ Second API Attempt 4 failed: Invalid URL
[ftd-x][Desktop - Chrome] ⏳ Retrying in 1 second to allow database synchronization...
[ftd-x][Android - Chrome] 📋 Trace report successfully saved: traces/ftd-x_mobile.zip
[ftd-x][Tablet - Chrome] [STDERR] ❌ Critical Google Sheets Error: The caller does not have permission
❌ Failed processing FTD-X Tablet: Failed to write to Google Sheets
[ftd-x][Tablet - Chrome] 
✅ Execution successfully processed! {
  success: false,
  error: 'Failed to write to Google Sheets',
  brand: 'FTD-X Tablet'
}
[ftd-x][Desktop - Chrome] 📡 Standard Second API Payload: cake_id=F7F8ED29, domain_name=https://fidelity-tax-defense.net
[ftd-x][Desktop - Chrome] [STDERR] ❌ Second API Attempt 5 failed: Invalid URL
[ftd-x][Desktop - Chrome] 📡 [Rest-Assurance] Verifying Lead ID: F7F8ED29 via Backend...
[ftd-x][Desktop - Chrome] [STDERR] 🛡️  [Rest-Assurance] VERIFICATION_FAILED: Invalid URL
[ftd-x][Desktop - Chrome] [STDERR] (node:28088) Warning: Setting the NODE_TLS_REJECT_UNAUTHORIZED environment variable to '0' makes TLS connections and HTTPS requests insecure by disabling certificate verification.
(Use `node --trace-warnings ...` to show where the warning was created)
[ftd-x][Tablet - Chrome] 📋 Trace report successfully saved: traces/ftd-x_tablet.zip
[ftd-x][Desktop - Chrome] [STDERR] ❌ Critical Google Sheets Error: The caller does not have permission
[ftd-x][Desktop - Chrome] [STDERR] ❌ Failed processing FTD-X: Failed to write to Google Sheets
[ftd-x][Desktop - Chrome] 
✅ Execution successfully processed! {
  success: false,
  error: 'Failed to write to Google Sheets',
  brand: 'FTD-X'
}
[ftd-x][Desktop - Chrome] 📋 Trace report successfully saved: traces/ftd-x_desktop.zip
✅ [3/6/2026, 1:02:25 pm] COMPLETED: fsi-ppc2 [Android - Chrome][CHROMIUM]

================================================================
🚀 [3/6/2026, 1:02:25 pm] RUNNING: FSI-PPC2 [TABLET - CHROME]
🔗 Target URL: https://fsimlf-trk.com/?a=659&oc=750&c=143&s1=
================================================================
[fsi-ppc2][Tablet - Chrome] 🔌 [Browser Interceptor] Intercepting and optimizing engine: CHROMIUM
[fsi-ppc2][Tablet - Chrome] ◇ injected env (0) from .env // tip: ⌘ multiple files { path: ['.env.local', '.env'] }
[fsi-ppc2][Tablet - Chrome] ◇ injected env (0) from .env // tip: ⌘ override existing { override: true }
[fsi-ppc2][Tablet - Chrome] ◇ injected env (0) from .env // tip: ⌘ custom filepath { path: '/custom/path/.env' }
✅ [3/6/2026, 1:02:27 pm] COMPLETED: ftd-x [Android - Chrome][CHROMIUM]

================================================================
🚀 [3/6/2026, 1:02:27 pm] RUNNING: FSI-PPC2 [DESKTOP - CHROME]
🔗 Target URL: https://fsimlf-trk.com/?a=659&oc=750&c=143&s1=
================================================================
[fsi-ppc2][Tablet - Chrome] ◇ injected env (0) from .env // tip: ⌘ suppress logs { quiet: true }
[fsi-ppc2][Tablet - Chrome] ◇ injected env (0) from .env // tip: ⌘ override existing { override: true }
[fsi-ppc2][Tablet - Chrome] 
🤖 ================================================================
[fsi-ppc2][Tablet - Chrome] 🤖 MASTER RUNNER: LAUNCHING FSI-PPC2
🤖 Mode:            TABLET
🤖 Tracking URL:     https://fsimlf-trk.com/?a=659&oc=750&c=143&s1=
[fsi-ppc2][Tablet - Chrome] 🤖 Target Sheet:    FSI-PPC2
[fsi-ppc2][Tablet - Chrome] 🤖 ================================================================
[fsi-ppc2][Tablet - Chrome] 🔌 [Browser Interceptor] Intercepting and optimizing engine: CHROMIUM
[fsi-ppc2][Tablet - Chrome] 📋 Emulated Device Profile: TABLET (iPad Pro 11) - [Tablet - Chrome]
[fsi-ppc2][Tablet - Chrome] ⏳ Delaying 200ms to allow responsive layouts to mount...
[fsi-ppc2][Desktop - Chrome] 🔌 [Browser Interceptor] Intercepting and optimizing engine: CHROMIUM
[fsi-ppc2][Desktop - Chrome] ◇ injected env (0) from .env // tip: ⌘ enable debugging { debug: true }
[fsi-ppc2][Desktop - Chrome] ◇ injected env (0) from .env // tip: ⌘ custom filepath { path: '/custom/path/.env' }
[fsi-ppc2][Tablet - Chrome] 🔄 Processing lead for brand: FSI-PPC2 Tablet
[fsi-ppc2][Tablet - Chrome] 📊 Campaign execution run index: 60
[fsi-ppc2][Desktop - Chrome] ◇ injected env (0) from .env // tip: ⌘ enable debugging { debug: true }
[fsi-ppc2][Tablet - Chrome] 🔗 [Mobile] Navigating to: https://fsimlf-trk.com/?a=659&oc=750&c=143&s1=
✅ [3/6/2026, 1:02:29 pm] COMPLETED: ftd-x [Tablet - Chrome][CHROMIUM]

================================================================
🚀 [3/6/2026, 1:02:29 pm] RUNNING: TRA-CPL [ANDROID - CHROME]
🔗 Target URL: https://flmtra.com/?a=659&oc=756&c=2210&s1=
================================================================
[fsi-ppc2][Desktop - Chrome] ◇ injected env (0) from .env // tip: ⌘ multiple files { path: ['.env.local', '.env'] }
[fsi-ppc2][Desktop - Chrome] ◇ injected env (0) from .env // tip: ⌁ auth for agents [www.vestauth.com]
[fsi-ppc2][Desktop - Chrome] 
🤖 ================================================================
[fsi-ppc2][Desktop - Chrome] 🤖 MASTER RUNNER: LAUNCHING FSI-PPC2
🤖 Mode:            DESKTOP
🤖 Tracking URL:     https://fsimlf-trk.com/?a=659&oc=750&c=143&s1=
🤖 Target Sheet:    FSI-PPC2
[fsi-ppc2][Desktop - Chrome] 🤖 ================================================================
[fsi-ppc2][Desktop - Chrome] 🔌 [Browser Interceptor] Intercepting and optimizing engine: CHROMIUM
[fsi-ppc2][Desktop - Chrome] 💻 Emulated Device Profile: DESKTOP - [Desktop - Chrome]
[fsi-ppc2][Desktop - Chrome] 🔄 Processing lead for brand: FSI-PPC2
[fsi-ppc2][Desktop - Chrome] 📊 Campaign execution run index: 61
[fsi-ppc2][Desktop - Chrome] 🔗 [Mobile] Navigating to: https://fsimlf-trk.com/?a=659&oc=750&c=143&s1=
[tra-cpl][Android - Chrome] 🔌 [Browser Interceptor] Intercepting and optimizing engine: CHROMIUM
[tra-cpl][Android - Chrome] ◇ injected env (0) from .env // tip: ⌘ multiple files { path: ['.env.local', '.env'] }
[tra-cpl][Android - Chrome] ◇ injected env (0) from .env // tip: ⌘ multiple files { path: ['.env.local', '.env'] }
[tra-cpl][Android - Chrome] ◇ injected env (0) from .env // tip: ⌘ multiple files { path: ['.env.local', '.env'] }
✅ [3/6/2026, 1:02:30 pm] COMPLETED: ftd-x [Desktop - Chrome][CHROMIUM]

================================================================
🚀 [3/6/2026, 1:02:30 pm] RUNNING: TRA-CPL [TABLET - CHROME]
🔗 Target URL: https://flmtra.com/?a=659&oc=756&c=2210&s1=
================================================================
[tra-cpl][Tablet - Chrome] 🔌 [Browser Interceptor] Intercepting and optimizing engine: CHROMIUM
[tra-cpl][Tablet - Chrome] ◇ injected env (0) from .env // tip: ⌁ auth for agents [www.vestauth.com]
[tra-cpl][Tablet - Chrome] ◇ injected env (0) from .env // tip: ⌘ multiple files { path: ['.env.local', '.env'] }
[tra-cpl][Tablet - Chrome] ◇ injected env (0) from .env // tip: ⌘ override existing { override: true }
[tra-cpl][Android - Chrome] ◇ injected env (0) from .env // tip: ◈ secrets for agents [www.dotenvx.com]
[tra-cpl][Android - Chrome] ◇ injected env (0) from .env // tip: ⌘ enable debugging { debug: true }
[tra-cpl][Android - Chrome] 
🤖 ================================================================
[tra-cpl][Android - Chrome] 🤖 MASTER RUNNER: LAUNCHING TRA-CPL
🤖 Mode:            MOBILE
[tra-cpl][Android - Chrome] 🤖 Tracking URL:     https://flmtra.com/?a=659&oc=756&c=2210&s1=
[tra-cpl][Android - Chrome] 🤖 Target Sheet:    TRA-CPL
🤖 ================================================================
[tra-cpl][Android - Chrome] 🔌 [Browser Interceptor] Intercepting and optimizing engine: CHROMIUM
[tra-cpl][Android - Chrome] 📋 Emulated Device Profile: MOBILE (Pixel 7) - [Android - Chrome]
[tra-cpl][Android - Chrome] ⏳ Delaying 200ms to allow responsive layouts to mount...
[tra-cpl][Android - Chrome] 🔄 Processing lead for brand: TRA-CPL Mobile
[tra-cpl][Android - Chrome] 📊 Campaign execution run index: 55
[tra-cpl][Android - Chrome] 📅 [Rotational Logic] Week 1 Day 3. Target Range: 7500-10000 (Max allowed by URL: 30000)
[tra-cpl][Android - Chrome] 🔗 [Mobile] Navigating to: https://flmtra.com/?a=659&oc=756&c=2210&s1=
[tra-cpl][Tablet - Chrome] ◇ injected env (0) from .env // tip: ◈ secrets for agents [www.dotenvx.com]
[tra-cpl][Tablet - Chrome] ◇ injected env (0) from .env // tip: ⌘ suppress logs { quiet: true }
[tra-cpl][Tablet - Chrome] 
🤖 ================================================================
[tra-cpl][Tablet - Chrome] 🤖 MASTER RUNNER: LAUNCHING TRA-CPL
🤖 Mode:            TABLET
🤖 Tracking URL:     https://flmtra.com/?a=659&oc=756&c=2210&s1=
[tra-cpl][Tablet - Chrome] 🤖 Target Sheet:    TRA-CPL
🤖 ================================================================
[tra-cpl][Tablet - Chrome] 🔌 [Browser Interceptor] Intercepting and optimizing engine: CHROMIUM
[tra-cpl][Tablet - Chrome] 📋 Emulated Device Profile: TABLET (iPad Pro 11) - [Tablet - Chrome]
[tra-cpl][Tablet - Chrome] ⏳ Delaying 200ms to allow responsive layouts to mount...
[fsi-ppc2][Tablet - Chrome] ✅ [Mobile] Page loaded successfully
[fsi-ppc2][Tablet - Chrome] 💻 [Tablet] Injecting high-fidelity glossy iPad Pro mockup frame...
[fsi-ppc2][Tablet - Chrome] 💻 [Tablet] Injecting high-fidelity glossy iPad Pro mockup frame...
[fsi-ppc2][Tablet - Chrome] 📝 [Mobile] Starting mobile-specific form filling...
[fsi-ppc2][Tablet - Chrome] 🔘 [Mobile] Step 1: Selecting Debt Amount (5,000)
[fsi-ppc2][Tablet - Chrome] 🔍 [Mobile Dropdown Scanner] Scanning 5 dropdown options against daily range: 0 - 200000
[tra-cpl][Tablet - Chrome] 🔄 Processing lead for brand: TRA-CPL Tablet
[tra-cpl][Tablet - Chrome] 📊 Campaign execution run index: 56
[tra-cpl][Tablet - Chrome] 📅 [Rotational Logic] Week 1 Day 3. Target Range: 7500-10000 (Max allowed by URL: 30000)
[tra-cpl][Tablet - Chrome] 🔗 [Mobile] Navigating to: https://flmtra.com/?a=659&oc=756&c=2210&s1=
[fsi-ppc2][Tablet - Chrome] ✅ [Mobile Rotational Logic] Selected dropdown choice: "$0 - $9,999"
[fsi-ppc2][Tablet - Chrome] [STDERR] ⚠️ [Mobile] No active visible next button found for selector .next-btn1, .btn-next
[fsi-ppc2][Tablet - Chrome] 💻 [Tablet] Injecting high-fidelity glossy iPad Pro mockup frame...
[fsi-ppc2][Tablet - Chrome] ✅ [Mobile] Reached a recognized terminal step. Stopping dynamic traversal.
[fsi-ppc2][Tablet - Chrome] 🔘 [Mobile] Step 2: Selecting State
[fsi-ppc2][Tablet - Chrome] ✅ [Mobile] Selected state dynamically: "Florida"
[fsi-ppc2][Tablet - Chrome] 📝 [Mobile] step3 column set to State: "Florida"
[fsi-ppc2][Tablet - Chrome] 🔘 [Mobile] Clicking active visible button: .next-btn:visible, .next-btn2:visible, .btn-next:visible
[fsi-ppc2][Tablet - Chrome] ✅ [Mobile] Clicked: .next-btn:visible, .next-btn2:visible, .btn-next:visible
[fsi-ppc2][Desktop - Chrome] ✅ [Mobile] Page loaded successfully
[fsi-ppc2][Desktop - Chrome] 💻 [Tablet] Injecting high-fidelity glossy iPad Pro mockup frame...
[fsi-ppc2][Desktop - Chrome] 💻 [Tablet] Injecting high-fidelity glossy iPad Pro mockup frame...
[fsi-ppc2][Desktop - Chrome] 📝 [Mobile] Starting mobile-specific form filling...
[fsi-ppc2][Desktop - Chrome] 🔘 [Mobile] Step 1: Selecting Debt Amount (15,000)
[fsi-ppc2][Desktop - Chrome] 🔍 [Mobile Dropdown Scanner] Scanning 5 dropdown options against daily range: 0 - 200000
[fsi-ppc2][Desktop - Chrome] ✅ [Mobile Rotational Logic] Selected dropdown choice: "$10,000 - $19,999"
[fsi-ppc2][Desktop - Chrome] [STDERR] ⚠️ [Mobile] No active visible next button found for selector .next-btn1, .btn-next
[fsi-ppc2][Desktop - Chrome] 💻 [Tablet] Injecting high-fidelity glossy iPad Pro mockup frame...
[fsi-ppc2][Desktop - Chrome] ✅ [Mobile] Reached a recognized terminal step. Stopping dynamic traversal.
[fsi-ppc2][Desktop - Chrome] 🔘 [Mobile] Step 2: Selecting State
[fsi-ppc2][Desktop - Chrome] ✅ [Mobile] Selected state dynamically: "Georgia"
📝 [Mobile] step3 column set to State: "Georgia"
[fsi-ppc2][Desktop - Chrome] 🔘 [Mobile] Clicking active visible button: .next-btn:visible, .next-btn2:visible, .btn-next:visible
[fsi-ppc2][Desktop - Chrome] ✅ [Mobile] Clicked: .next-btn:visible, .next-btn2:visible, .btn-next:visible
[fsi-ppc2][Tablet - Chrome] 💻 [Tablet] Injecting high-fidelity glossy iPad Pro mockup frame...
[fsi-ppc2][Tablet - Chrome] 🔘 [Mobile] Step 3: Filling Contact Info (Dynamic Loop)...
[fsi-ppc2][Tablet - Chrome] 💻 [Tablet] Injecting high-fidelity glossy iPad Pro mockup frame...
[fsi-ppc2][Tablet - Chrome] ✅ [Mobile] Filled First Name: ckmtestpixel
[fsi-ppc2][Tablet - Chrome] ✅ [Mobile] Filled Last Name: ckmtestpixel
[fsi-ppc2][Tablet - Chrome] ✅ [Mobile] Filled Email: ckmtestpixel@gmail.com
[fsi-ppc2][Tablet - Chrome] ✅ [Mobile] Filled Phone: 401-247-1060
[fsi-ppc2][Tablet - Chrome] 🔘 [Mobile] Clicking active contact NEXT/SUBMIT button...
[fsi-ppc2][Desktop - Chrome] 💻 [Tablet] Injecting high-fidelity glossy iPad Pro mockup frame...
[fsi-ppc2][Desktop - Chrome] 🔘 [Mobile] Step 3: Filling Contact Info (Dynamic Loop)...
[fsi-ppc2][Desktop - Chrome] 💻 [Tablet] Injecting high-fidelity glossy iPad Pro mockup frame...
[fsi-ppc2][Desktop - Chrome] ✅ [Mobile] Filled First Name: ckmtestpixel
[fsi-ppc2][Desktop - Chrome] ✅ [Mobile] Filled Last Name: ckmtestpixel
[fsi-ppc2][Desktop - Chrome] ✅ [Mobile] Filled Email: ckmtestpixel@gmail.com
[fsi-ppc2][Desktop - Chrome] ✅ [Mobile] Filled Phone: 401-247-1061
[fsi-ppc2][Desktop - Chrome] 🔘 [Mobile] Clicking active contact NEXT/SUBMIT button...
[fsi-ppc2][Tablet - Chrome] 💻 [Tablet] Injecting high-fidelity glossy iPad Pro mockup frame...
[fsi-ppc2][Tablet - Chrome] [STDERR] ⚠️ [Tablet] Failed to apply glossy iPad Pro mockup frame overlay: page.evaluate: TypeError: Cannot read properties of null (reading 'appendChild')
    at eval (eval at evaluate (:302:30), <anonymous>:104:23)
    at UtilityScript.evaluate (<anonymous>:304:16)
    at UtilityScript.<anonymous> (<anonymous>:1:44)
[fsi-ppc2][Tablet - Chrome] ✅ [Mobile] Thank you page or lead id detected in URL during contact loop. Exiting contact loop.
🔘 [Mobile] Scanning for additional dynamic steps...
[fsi-ppc2][Tablet - Chrome] ✅ [Mobile] Thank you page detected during adaptive submit loop. Exiting loop.
[fsi-ppc2][Tablet - Chrome] 🔘 [Mobile] Submitting form
[fsi-ppc2][Tablet - Chrome] 💾 [Mobile] Setting hidden debt fields to: 09999
[fsi-ppc2][Tablet - Chrome] ⏳ [Mobile] Waiting for submission navigation to complete
[tra-cpl][Android - Chrome] ✅ [Mobile] Page loaded successfully
[tra-cpl][Android - Chrome] 📱 [Mobile] Injecting high-fidelity glossy Natural Titanium iPhone 17 Pro mockup frame...
[fsi-ppc2][Desktop - Chrome] 💻 [Tablet] Injecting high-fidelity glossy iPad Pro mockup frame...
[fsi-ppc2][Desktop - Chrome] [STDERR] ⚠️ [Tablet] Failed to apply glossy iPad Pro mockup frame overlay: page.evaluate: TypeError: Cannot read properties of null (reading 'appendChild')
    at eval (eval at evaluate (:302:30), <anonymous>:104:23)
    at UtilityScript.evaluate (<anonymous>:304:16)
    at UtilityScript.<anonymous> (<anonymous>:1:44)
[fsi-ppc2][Desktop - Chrome] ✅ [Mobile] Thank you page or lead id detected in URL during contact loop. Exiting contact loop.
[fsi-ppc2][Desktop - Chrome] 🔘 [Mobile] Scanning for additional dynamic steps...
[fsi-ppc2][Desktop - Chrome] ✅ [Mobile] Thank you page detected during adaptive submit loop. Exiting loop.
[fsi-ppc2][Desktop - Chrome] 🔘 [Mobile] Submitting form
[fsi-ppc2][Desktop - Chrome] 💾 [Mobile] Setting hidden debt fields to: 1000019999
[tra-cpl][Android - Chrome] 📱 [Mobile] Injecting high-fidelity glossy Natural Titanium iPhone 17 Pro mockup frame...
[tra-cpl][Android - Chrome] 📝 [Mobile] Starting mobile-specific form filling...
[tra-cpl][Android - Chrome] 🔘 [Mobile] Step 1: Selecting Debt Amount (7,518)
[tra-cpl][Android - Chrome] 🔘 [Mobile] Found jQuery UI Slider #slider. Setting value via jQuery and DOM evaluation...
[tra-cpl][Android - Chrome] ✅ [Mobile] Set jQuery UI Slider #slider to 7,518
[fsi-ppc2][Desktop - Chrome] ⏳ [Mobile] Waiting for submission navigation to complete
[tra-cpl][Tablet - Chrome] ✅ [Mobile] Page loaded successfully
[tra-cpl][Tablet - Chrome] 💻 [Tablet] Injecting high-fidelity glossy iPad Pro mockup frame...
[tra-cpl][Tablet - Chrome] 💻 [Tablet] Injecting high-fidelity glossy iPad Pro mockup frame...
[tra-cpl][Tablet - Chrome] 📝 [Mobile] Starting mobile-specific form filling...
[tra-cpl][Tablet - Chrome] 🔘 [Mobile] Step 1: Selecting Debt Amount (7,943)
[tra-cpl][Android - Chrome] 🔘 [Mobile] Clicking active visible button: .next-btn1:visible, .btn-next:visible
[tra-cpl][Tablet - Chrome] 🔘 [Mobile] Found jQuery UI Slider #slider. Setting value via jQuery and DOM evaluation...
[tra-cpl][Android - Chrome] ✅ [Mobile] Clicked: .next-btn1:visible, .btn-next:visible
[tra-cpl][Tablet - Chrome] ✅ [Mobile] Set jQuery UI Slider #slider to 7,943
[tra-cpl][Tablet - Chrome] 🔘 [Mobile] Clicking active visible button: .next-btn1:visible, .btn-next:visible
[tra-cpl][Tablet - Chrome] ✅ [Mobile] Clicked: .next-btn1:visible, .btn-next:visible
[tra-cpl][Android - Chrome] 📱 [Mobile] Injecting high-fidelity glossy Natural Titanium iPhone 17 Pro mockup frame...
[tra-cpl][Android - Chrome] ✅ [Mobile] Reached a recognized terminal step. Stopping dynamic traversal.
[tra-cpl][Android - Chrome] 🔘 [Mobile] Step 2: Selecting State
[tra-cpl][Android - Chrome] ✅ [Mobile] Selected state dynamically: "California"
📝 [Mobile] step3 column set to State: "California"
[tra-cpl][Android - Chrome] 🔘 [Mobile] Clicking active visible button: .next-btn:visible, .next-btn2:visible, .btn-next:visible
[tra-cpl][Android - Chrome] ✅ [Mobile] Clicked: .next-btn:visible, .next-btn2:visible, .btn-next:visible
[tra-cpl][Tablet - Chrome] 💻 [Tablet] Injecting high-fidelity glossy iPad Pro mockup frame...
[tra-cpl][Tablet - Chrome] ✅ [Mobile] Reached a recognized terminal step. Stopping dynamic traversal.
[tra-cpl][Tablet - Chrome] 🔘 [Mobile] Step 2: Selecting State
[tra-cpl][Tablet - Chrome] ✅ [Mobile] Selected state dynamically: "Colorado"
📝 [Mobile] step3 column set to State: "Colorado"
[tra-cpl][Tablet - Chrome] 🔘 [Mobile] Clicking active visible button: .next-btn:visible, .next-btn2:visible, .btn-next:visible
[tra-cpl][Tablet - Chrome] ✅ [Mobile] Clicked: .next-btn:visible, .next-btn2:visible, .btn-next:visible
[tra-cpl][Android - Chrome] 📱 [Mobile] Injecting high-fidelity glossy Natural Titanium iPhone 17 Pro mockup frame...
[tra-cpl][Android - Chrome] 🔘 [Mobile] Step 3: Filling Contact Info (Dynamic Loop)...
[tra-cpl][Android - Chrome] 📱 [Mobile] Injecting high-fidelity glossy Natural Titanium iPhone 17 Pro mockup frame...
[tra-cpl][Android - Chrome] ✅ [Mobile] Filled First Name: ckmtestpixel
[tra-cpl][Android - Chrome] ✅ [Mobile] Filled Last Name: ckmtestpixel
[tra-cpl][Android - Chrome] 🔘 [Mobile] Clicking active contact NEXT/SUBMIT button...
[tra-cpl][Tablet - Chrome] 💻 [Tablet] Injecting high-fidelity glossy iPad Pro mockup frame...
[tra-cpl][Tablet - Chrome] 🔘 [Mobile] Step 3: Filling Contact Info (Dynamic Loop)...
[tra-cpl][Tablet - Chrome] 💻 [Tablet] Injecting high-fidelity glossy iPad Pro mockup frame...
[tra-cpl][Tablet - Chrome] ✅ [Mobile] Filled First Name: ckmtestpixel
[tra-cpl][Tablet - Chrome] ✅ [Mobile] Filled Last Name: ckmtestpixel
[tra-cpl][Tablet - Chrome] 🔘 [Mobile] Clicking active contact NEXT/SUBMIT button...
[tra-cpl][Android - Chrome] 📱 [Mobile] Injecting high-fidelity glossy Natural Titanium iPhone 17 Pro mockup frame...
[tra-cpl][Android - Chrome] ✅ [Mobile] Filled Email: ckmtestpixel@gmail.com
[tra-cpl][Android - Chrome] 🔘 [Mobile] Clicking active contact NEXT/SUBMIT button...
[tra-cpl][Tablet - Chrome] 💻 [Tablet] Injecting high-fidelity glossy iPad Pro mockup frame...
[tra-cpl][Tablet - Chrome] ✅ [Mobile] Filled Email: ckmtestpixel@gmail.com
[tra-cpl][Tablet - Chrome] 🔘 [Mobile] Clicking active contact NEXT/SUBMIT button...
[tra-cpl][Android - Chrome] 📱 [Mobile] Injecting high-fidelity glossy Natural Titanium iPhone 17 Pro mockup frame...
[tra-cpl][Android - Chrome] ✅ [Mobile] Filled Phone: 401-247-1055
[tra-cpl][Android - Chrome] 🔘 [Mobile] Clicking active contact NEXT/SUBMIT button...
[tra-cpl][Tablet - Chrome] 💻 [Tablet] Injecting high-fidelity glossy iPad Pro mockup frame...
[tra-cpl][Tablet - Chrome] ✅ [Mobile] Filled Phone: 401-247-1056
[tra-cpl][Tablet - Chrome] 🔘 [Mobile] Clicking active contact NEXT/SUBMIT button...
[tra-cpl][Android - Chrome] 📱 [Mobile] Injecting high-fidelity glossy Natural Titanium iPhone 17 Pro mockup frame...
[tra-cpl][Android - Chrome] ✅ [Mobile] Thank you page or lead id detected in URL during contact loop. Exiting contact loop.
[tra-cpl][Android - Chrome] 🔘 [Mobile] Scanning for additional dynamic steps...
[tra-cpl][Android - Chrome] ✅ [Mobile] Thank you page detected during adaptive submit loop. Exiting loop.
[tra-cpl][Android - Chrome] 🔘 [Mobile] Submitting form
[tra-cpl][Android - Chrome] 💾 [Mobile] Setting hidden debt fields to: 7518
[tra-cpl][Android - Chrome] ⏳ [Mobile] Waiting for submission navigation to complete
[tra-cpl][Tablet - Chrome] 💻 [Tablet] Injecting high-fidelity glossy iPad Pro mockup frame...
[tra-cpl][Tablet - Chrome] ✅ [Mobile] Filled Phone: 401-247-1056
[tra-cpl][Tablet - Chrome] 🔘 [Mobile] Clicking active contact NEXT/SUBMIT button...
[fsi-ppc2][Tablet - Chrome] [STDERR] ⚠️ [Mobile] Standard submit buttons not found, consulting AI Agent...
[fsi-ppc2][Tablet - Chrome] 🤖 [AI Agent] Analyzing Submit button for global...
[fsi-ppc2][Tablet - Chrome] ⏳ [Mobile] Waiting for final Thank You page redirection...
[fsi-ppc2][Tablet - Chrome] ✅ [Mobile] Targeted final redirect URL achieved!
[fsi-ppc2][Tablet - Chrome] ✅ [Mobile] Final Thank You URL: https://www.fresh-start-initiative.com/ty_next/?debt=5000&leadid=AA2B0AB3&reqid=26857105&affid=659&subid=#s1#
📋 [Pre-Fix] Thank-you URL before debt correction: https://www.fresh-start-initiative.com/ty_next/?debt=5000&leadid=AA2B0AB3&reqid=26857105&affid=659&subid=#s1#
💾 [Debt Debug] formPage.selectedSliderAmount = "$0 - $9,999"
💾 [Debt Debug] selectedDebtNum (numeric) = "9999"
[fsi-ppc2][Tablet - Chrome] 🔧 [Debt Fix] Current debt in URL: 5000, Should be: 9999
[fsi-ppc2][Tablet - Chrome] 🔧 [Debt Fix] Correcting debt parameter: 5000 → 9999
[fsi-ppc2][Tablet - Chrome] ✅ [Debt Fix] Updated thank-you URL: https://www.fresh-start-initiative.com/ty_next/?debt=9999&leadid=AA2B0AB3&reqid=26857105&affid=659&subid=#s1#
[fsi-ppc2][Tablet - Chrome] 📱 [Mobile Diagnostic] Full Thank You URL Parameters: {"debt":"9999","leadid":"AA2B0AB3","reqid":"26857105","affid":"659","subid":""}
[fsi-ppc2][Tablet - Chrome] ✅ [Mobile] Extracted Lead ID: AA2B0AB3
📱 Device Type detected: Tablet - Chrome
[fsi-ppc2][Tablet - Chrome] ✅ Lead captured: AA2B0AB3
[fsi-ppc2][Tablet - Chrome] 📡 Fetching First API data for Lead ID: AA2B0AB3...
[fsi-ppc2][Tablet - Chrome] [STDERR] ❌ First API Attempt 1 failed: Invalid URL
[fsi-ppc2][Tablet - Chrome] ⏳ Retrying in 1 second...
[tra-cpl][Tablet - Chrome] 💻 [Tablet] Injecting high-fidelity glossy iPad Pro mockup frame...
[tra-cpl][Tablet - Chrome] ✅ [Mobile] Thank you page or lead id detected in URL during contact loop. Exiting contact loop.
🔘 [Mobile] Scanning for additional dynamic steps...
[tra-cpl][Tablet - Chrome] ✅ [Mobile] Thank you page detected during adaptive submit loop. Exiting loop.
[tra-cpl][Tablet - Chrome] 🔘 [Mobile] Submitting form
[tra-cpl][Tablet - Chrome] 💾 [Mobile] Setting hidden debt fields to: 7943
[tra-cpl][Tablet - Chrome] ⏳ [Mobile] Waiting for submission navigation to complete
[fsi-ppc2][Tablet - Chrome] [STDERR] ❌ First API Attempt 2 failed: Invalid URL
[fsi-ppc2][Tablet - Chrome] ⏳ Retrying in 1 second...
[fsi-ppc2][Tablet - Chrome] [STDERR] ❌ First API Attempt 3 failed: Invalid URL
[fsi-ppc2][Tablet - Chrome] 📡 Fetching Second API data for Lead ID: AA2B0AB3...
[fsi-ppc2][Tablet - Chrome] 📡 Standard Second API Payload: cake_id=AA2B0AB3, domain_name=https://www.freshstartinitiative.com
[fsi-ppc2][Tablet - Chrome] [STDERR] ❌ Second API Attempt 1 failed: Invalid URL
[fsi-ppc2][Tablet - Chrome] ⏳ Retrying in 1 second to allow database synchronization...
[fsi-ppc2][Desktop - Chrome] [STDERR] ⚠️ [Mobile] Standard submit buttons not found, consulting AI Agent...
[fsi-ppc2][Desktop - Chrome] 🤖 [AI Agent] Analyzing Submit button for global...
[fsi-ppc2][Desktop - Chrome] ⏳ [Mobile] Waiting for final Thank You page redirection...
[fsi-ppc2][Desktop - Chrome] ✅ [Mobile] Targeted final redirect URL achieved!
✅ [Mobile] Final Thank You URL: https://www.fresh-start-initiative.com/ty_next/?debt=10000&leadid=08140BB8&reqid=26857106&affid=659&subid=#s1#
📋 [Pre-Fix] Thank-you URL before debt correction: https://www.fresh-start-initiative.com/ty_next/?debt=10000&leadid=08140BB8&reqid=26857106&affid=659&subid=#s1#
[fsi-ppc2][Desktop - Chrome] 💾 [Debt Debug] formPage.selectedSliderAmount = "$10,000 - $19,999"
💾 [Debt Debug] selectedDebtNum (numeric) = "1000019999"
[fsi-ppc2][Desktop - Chrome] 🔧 [Debt Fix] Current debt in URL: 10000, Should be: 1000019999
🔧 [Debt Fix] Correcting debt parameter: 10000 → 1000019999
[fsi-ppc2][Desktop - Chrome] ✅ [Debt Fix] Updated thank-you URL: https://www.fresh-start-initiative.com/ty_next/?debt=1000019999&leadid=08140BB8&reqid=26857106&affid=659&subid=#s1#
[fsi-ppc2][Desktop - Chrome] 📱 [Mobile Diagnostic] Full Thank You URL Parameters: {"debt":"1000019999","leadid":"08140BB8","reqid":"26857106","affid":"659","subid":""}
[fsi-ppc2][Desktop - Chrome] ✅ [Mobile] Extracted Lead ID: 08140BB8
[fsi-ppc2][Desktop - Chrome] 📱 Device Type detected: Desktop - Chrome
[fsi-ppc2][Desktop - Chrome] ✅ Lead captured: 08140BB8
[fsi-ppc2][Desktop - Chrome] 📡 Fetching First API data for Lead ID: 08140BB8...
[fsi-ppc2][Tablet - Chrome] 📡 Standard Second API Payload: cake_id=AA2B0AB3, domain_name=https://www.freshstartinitiative.com
[fsi-ppc2][Tablet - Chrome] [STDERR] ❌ Second API Attempt 2 failed: Invalid URL
[fsi-ppc2][Tablet - Chrome] ⏳ Retrying in 1 second to allow database synchronization...
[fsi-ppc2][Desktop - Chrome] [STDERR] ❌ First API Attempt 1 failed: Invalid URL
[fsi-ppc2][Desktop - Chrome] ⏳ Retrying in 1 second...
[fsi-ppc2][Tablet - Chrome] 📡 Standard Second API Payload: cake_id=AA2B0AB3, domain_name=https://www.freshstartinitiative.com
[fsi-ppc2][Tablet - Chrome] [STDERR] ❌ Second API Attempt 3 failed: Invalid URL
[fsi-ppc2][Tablet - Chrome] ⏳ Retrying in 1 second to allow database synchronization...
[fsi-ppc2][Desktop - Chrome] [STDERR] ❌ First API Attempt 2 failed: Invalid URL
[fsi-ppc2][Desktop - Chrome] ⏳ Retrying in 1 second...
[fsi-ppc2][Tablet - Chrome] 📡 Standard Second API Payload: cake_id=AA2B0AB3, domain_name=https://www.freshstartinitiative.com
[fsi-ppc2][Tablet - Chrome] [STDERR] ❌ Second API Attempt 4 failed: Invalid URL
[fsi-ppc2][Tablet - Chrome] ⏳ Retrying in 1 second to allow database synchronization...
[fsi-ppc2][Desktop - Chrome] [STDERR] ❌ First API Attempt 3 failed: Invalid URL
[fsi-ppc2][Desktop - Chrome] 📡 Fetching Second API data for Lead ID: 08140BB8...
[fsi-ppc2][Desktop - Chrome] 📡 Standard Second API Payload: cake_id=08140BB8, domain_name=https://www.freshstartinitiative.com
[fsi-ppc2][Desktop - Chrome] [STDERR] ❌ Second API Attempt 1 failed: Invalid URL
[fsi-ppc2][Desktop - Chrome] ⏳ Retrying in 1 second to allow database synchronization...
[fsi-ppc2][Tablet - Chrome] 📡 Standard Second API Payload: cake_id=AA2B0AB3, domain_name=https://www.freshstartinitiative.com
[fsi-ppc2][Tablet - Chrome] [STDERR] ❌ Second API Attempt 5 failed: Invalid URL
[fsi-ppc2][Tablet - Chrome] 📡 [Rest-Assurance] Verifying Lead ID: AA2B0AB3 via Backend...
[fsi-ppc2][Tablet - Chrome] [STDERR] 🛡️  [Rest-Assurance] VERIFICATION_FAILED: Invalid URL
[fsi-ppc2][Tablet - Chrome] [STDERR] (node:19000) Warning: Setting the NODE_TLS_REJECT_UNAUTHORIZED environment variable to '0' makes TLS connections and HTTPS requests insecure by disabling certificate verification.
(Use `node --trace-warnings ...` to show where the warning was created)
[fsi-ppc2][Desktop - Chrome] 📡 Standard Second API Payload: cake_id=08140BB8, domain_name=https://www.freshstartinitiative.com
[fsi-ppc2][Desktop - Chrome] [STDERR] ❌ Second API Attempt 2 failed: Invalid URL
[fsi-ppc2][Desktop - Chrome] ⏳ Retrying in 1 second to allow database synchronization...
[fsi-ppc2][Desktop - Chrome] 📡 Standard Second API Payload: cake_id=08140BB8, domain_name=https://www.freshstartinitiative.com
[fsi-ppc2][Desktop - Chrome] [STDERR] ❌ Second API Attempt 3 failed: Invalid URL
[fsi-ppc2][Desktop - Chrome] ⏳ Retrying in 1 second to allow database synchronization...
[fsi-ppc2][Tablet - Chrome] [STDERR] ❌ Critical Google Sheets Error: The caller does not have permission
[fsi-ppc2][Tablet - Chrome] [STDERR] ❌ Failed processing FSI-PPC2 Tablet: Failed to write to Google Sheets
[fsi-ppc2][Tablet - Chrome] 
✅ Execution successfully processed! {
  success: false,
  error: 'Failed to write to Google Sheets',
  brand: 'FSI-PPC2 Tablet'
}
[fsi-ppc2][Tablet - Chrome] 📋 Trace report successfully saved: traces/fsi-ppc2_tablet.zip
[fsi-ppc2][Desktop - Chrome] 📡 Standard Second API Payload: cake_id=08140BB8, domain_name=https://www.freshstartinitiative.com
[fsi-ppc2][Desktop - Chrome] [STDERR] ❌ Second API Attempt 4 failed: Invalid URL
[fsi-ppc2][Desktop - Chrome] ⏳ Retrying in 1 second to allow database synchronization...
[fsi-ppc2][Desktop - Chrome] 📡 Standard Second API Payload: cake_id=08140BB8, domain_name=https://www.freshstartinitiative.com
[fsi-ppc2][Desktop - Chrome] [STDERR] ❌ Second API Attempt 5 failed: Invalid URL
[fsi-ppc2][Desktop - Chrome] 📡 [Rest-Assurance] Verifying Lead ID: 08140BB8 via Backend...
[fsi-ppc2][Desktop - Chrome] [STDERR] 🛡️  [Rest-Assurance] VERIFICATION_FAILED: Invalid URL
[fsi-ppc2][Desktop - Chrome] [STDERR] (node:20776) Warning: Setting the NODE_TLS_REJECT_UNAUTHORIZED environment variable to '0' makes TLS connections and HTTPS requests insecure by disabling certificate verification.
(Use `node --trace-warnings ...` to show where the warning was created)
[fsi-ppc2][Desktop - Chrome] [STDERR] ❌ Critical Google Sheets Error: The caller does not have permission
[fsi-ppc2][Desktop - Chrome] [STDERR] ❌ Failed processing FSI-PPC2: Failed to write to Google Sheets
[fsi-ppc2][Desktop - Chrome] 
✅ Execution successfully processed! {
  success: false,
  error: 'Failed to write to Google Sheets',
  brand: 'FSI-PPC2'
}
[fsi-ppc2][Desktop - Chrome] 📋 Trace report successfully saved: traces/fsi-ppc2_desktop.zip
✅ [3/6/2026, 1:03:11 pm] COMPLETED: fsi-ppc2 [Tablet - Chrome][CHROMIUM]

================================================================
🚀 [3/6/2026, 1:03:11 pm] RUNNING: TRA-CPL [DESKTOP - CHROME]
🔗 Target URL: https://flmtra.com/?a=659&oc=756&c=2210&s1=
================================================================
[tra-cpl][Desktop - Chrome] 🔌 [Browser Interceptor] Intercepting and optimizing engine: CHROMIUM
[tra-cpl][Desktop - Chrome] ◇ injected env (0) from .env // tip: ⌘ custom filepath { path: '/custom/path/.env' }
[tra-cpl][Desktop - Chrome] ◇ injected env (0) from .env // tip: ◈ secrets for agents [www.dotenvx.com]
[tra-cpl][Desktop - Chrome] ◇ injected env (0) from .env // tip: ⌘ multiple files { path: ['.env.local', '.env'] }
[tra-cpl][Desktop - Chrome] ◇ injected env (0) from .env // tip: ⌘ custom filepath { path: '/custom/path/.env' }
[tra-cpl][Desktop - Chrome] ◇ injected env (0) from .env // tip: ◈ encrypted .env [www.dotenvx.com]
[tra-cpl][Desktop - Chrome] 
🤖 ================================================================
[tra-cpl][Desktop - Chrome] 🤖 MASTER RUNNER: LAUNCHING TRA-CPL
🤖 Mode:            DESKTOP
[tra-cpl][Desktop - Chrome] 🤖 Tracking URL:     https://flmtra.com/?a=659&oc=756&c=2210&s1=
[tra-cpl][Desktop - Chrome] 🤖 Target Sheet:    TRA-CPL
🤖 ================================================================
[tra-cpl][Desktop - Chrome] 🔌 [Browser Interceptor] Intercepting and optimizing engine: CHROMIUM
[tra-cpl][Desktop - Chrome] 💻 Emulated Device Profile: DESKTOP - [Desktop - Chrome]
[tra-cpl][Desktop - Chrome] 🔄 Processing lead for brand: TRA-CPL
[tra-cpl][Desktop - Chrome] 📊 Campaign execution run index: 57
[tra-cpl][Desktop - Chrome] 📅 [Rotational Logic] Week 1 Day 3. Target Range: 7500-10000 (Max allowed by URL: 30000)
[tra-cpl][Desktop - Chrome] 🔗 [Mobile] Navigating to: https://flmtra.com/?a=659&oc=756&c=2210&s1=
✅ [3/6/2026, 1:03:14 pm] COMPLETED: fsi-ppc2 [Desktop - Chrome][CHROMIUM]

================================================================
🚀 [3/6/2026, 1:03:14 pm] RUNNING: TRA-D3 [ANDROID - CHROME]
🔗 Target URL: https://flmtra.com/?a=659&oc=792&c=2386&s1=
================================================================
[tra-d3][Android - Chrome] 🔌 [Browser Interceptor] Intercepting and optimizing engine: CHROMIUM
[tra-d3][Android - Chrome] ◇ injected env (0) from .env // tip: ◈ secrets for agents [www.dotenvx.com]
[tra-d3][Android - Chrome] ◇ injected env (0) from .env // tip: ⌘ suppress logs { quiet: true }
[tra-d3][Android - Chrome] ◇ injected env (0) from .env // tip: ⌘ suppress logs { quiet: true }
[tra-cpl][Android - Chrome] [STDERR] ⚠️ [Mobile] Standard submit buttons not found, consulting AI Agent...
[tra-cpl][Android - Chrome] 🤖 [AI Agent] Analyzing Submit button for global...
[tra-cpl][Android - Chrome] ⏳ [Mobile] Waiting for final Thank You page redirection...
[tra-cpl][Android - Chrome] ✅ [Mobile] Targeted final redirect URL achieved!
[tra-cpl][Android - Chrome] ✅ [Mobile] Final Thank You URL: https://tra.com/thank-you?debt=7518&leadid=A0B4BBA0&reqid=26857107&affid=659&oid=133
📋 [Pre-Fix] Thank-you URL before debt correction: https://tra.com/thank-you?debt=7518&leadid=A0B4BBA0&reqid=26857107&affid=659&oid=133
[tra-cpl][Android - Chrome] 💾 [Debt Debug] formPage.selectedSliderAmount = "7,518"
💾 [Debt Debug] selectedDebtNum (numeric) = "7518"
🔧 [Debt Fix] Current debt in URL: 7518, Should be: 7518
✅ [Debt Fix] Debt parameter already correct
📱 [Mobile Diagnostic] Full Thank You URL Parameters: {"debt":"7518","leadid":"A0B4BBA0","reqid":"26857107","affid":"659","oid":"133"}
[tra-cpl][Android - Chrome] ✅ [Mobile] Extracted Lead ID: A0B4BBA0
📱 Device Type detected: Android - Chrome
[tra-cpl][Android - Chrome] ✅ Lead captured: A0B4BBA0
[tra-cpl][Android - Chrome] 📡 Fetching First API data for Lead ID: A0B4BBA0...
[tra-d3][Android - Chrome] ◇ injected env (0) from .env // tip: ⌘ enable debugging { debug: true }
[tra-d3][Android - Chrome] ◇ injected env (0) from .env // tip: ⌘ suppress logs { quiet: true }
[tra-d3][Android - Chrome] 
🤖 ================================================================
[tra-d3][Android - Chrome] 🤖 MASTER RUNNER: LAUNCHING TRA-D3
🤖 Mode:            MOBILE
[tra-d3][Android - Chrome] 🤖 Tracking URL:     https://flmtra.com/?a=659&oc=792&c=2386&s1=
[tra-d3][Android - Chrome] 🤖 Target Sheet:    TRA-DT3
[tra-d3][Android - Chrome] 🤖 ================================================================
[tra-d3][Android - Chrome] 🔌 [Browser Interceptor] Intercepting and optimizing engine: CHROMIUM
[tra-d3][Android - Chrome] 📋 Emulated Device Profile: MOBILE (Pixel 7) - [Android - Chrome]
[tra-d3][Android - Chrome] ⏳ Delaying 200ms to allow responsive layouts to mount...
[tra-cpl][Android - Chrome] [STDERR] ❌ First API Attempt 1 failed: Invalid URL
[tra-cpl][Android - Chrome] ⏳ Retrying in 1 second...
[tra-d3][Android - Chrome] 🔄 Processing lead for brand: TRA-D3 Mobile
[tra-d3][Android - Chrome] 📊 Campaign execution run index: 49
[tra-d3][Android - Chrome] 📅 [Rotational Logic] Week 1 Day 3. Target Range: 7500-10000 (Max allowed by URL: 10000)
[tra-d3][Android - Chrome] 🔗 [Mobile] Navigating to: https://flmtra.com/?a=659&oc=792&c=2386&s1=
[tra-cpl][Android - Chrome] [STDERR] ❌ First API Attempt 2 failed: Invalid URL
[tra-cpl][Android - Chrome] ⏳ Retrying in 1 second...
[tra-cpl][Android - Chrome] [STDERR] ❌ First API Attempt 3 failed: Invalid URL
[tra-cpl][Android - Chrome] 📡 Fetching Second API data for Lead ID: A0B4BBA0...
[tra-cpl][Android - Chrome] 📡 Standard Second API Payload: cake_id=A0B4BBA0, domain_name=https://www.taxreliefadvocates.com
[tra-cpl][Android - Chrome] [STDERR] ❌ Second API Attempt 1 failed: Invalid URL
[tra-cpl][Android - Chrome] ⏳ Retrying in 1 second to allow database synchronization...
[tra-cpl][Android - Chrome] 📡 Standard Second API Payload: cake_id=A0B4BBA0, domain_name=https://www.taxreliefadvocates.com
[tra-cpl][Android - Chrome] [STDERR] ❌ Second API Attempt 2 failed: Invalid URL
[tra-cpl][Android - Chrome] ⏳ Retrying in 1 second to allow database synchronization...
[tra-cpl][Tablet - Chrome] [STDERR] ⚠️ [Mobile] Standard submit buttons not found, consulting AI Agent...
[tra-cpl][Tablet - Chrome] 🤖 [AI Agent] Analyzing Submit button for global...
[tra-cpl][Tablet - Chrome] ⏳ [Mobile] Waiting for final Thank You page redirection...
[tra-cpl][Tablet - Chrome] ✅ [Mobile] Targeted final redirect URL achieved!
[tra-cpl][Tablet - Chrome] ✅ [Mobile] Final Thank You URL: https://tra.com/thank-you?debt=7943&leadid=93B9C66D&reqid=26857108&affid=659&oid=133
[tra-cpl][Tablet - Chrome] 📋 [Pre-Fix] Thank-you URL before debt correction: https://tra.com/thank-you?debt=7943&leadid=93B9C66D&reqid=26857108&affid=659&oid=133
[tra-cpl][Tablet - Chrome] 💾 [Debt Debug] formPage.selectedSliderAmount = "7,943"
[tra-cpl][Tablet - Chrome] 💾 [Debt Debug] selectedDebtNum (numeric) = "7943"
[tra-cpl][Tablet - Chrome] 🔧 [Debt Fix] Current debt in URL: 7943, Should be: 7943
[tra-cpl][Tablet - Chrome] ✅ [Debt Fix] Debt parameter already correct
[tra-cpl][Tablet - Chrome] 📱 [Mobile Diagnostic] Full Thank You URL Parameters: {"debt":"7943","leadid":"93B9C66D","reqid":"26857108","affid":"659","oid":"133"}
[tra-cpl][Tablet - Chrome] ✅ [Mobile] Extracted Lead ID: 93B9C66D
[tra-cpl][Tablet - Chrome] 📱 Device Type detected: Tablet - Chrome
[tra-cpl][Tablet - Chrome] ✅ Lead captured: 93B9C66D
[tra-cpl][Tablet - Chrome] 📡 Fetching First API data for Lead ID: 93B9C66D...
[tra-cpl][Desktop - Chrome] ✅ [Mobile] Page loaded successfully
[tra-cpl][Desktop - Chrome] 💻 [Tablet] Injecting high-fidelity glossy iPad Pro mockup frame...
[tra-cpl][Desktop - Chrome] 💻 [Tablet] Injecting high-fidelity glossy iPad Pro mockup frame...
[tra-cpl][Desktop - Chrome] 📝 [Mobile] Starting mobile-specific form filling...
[tra-cpl][Desktop - Chrome] 🔘 [Mobile] Step 1: Selecting Debt Amount (7,720)
[tra-cpl][Android - Chrome] 📡 Standard Second API Payload: cake_id=A0B4BBA0, domain_name=https://www.taxreliefadvocates.com
[tra-cpl][Android - Chrome] [STDERR] ❌ Second API Attempt 3 failed: Invalid URL
[tra-cpl][Android - Chrome] ⏳ Retrying in 1 second to allow database synchronization...
[tra-cpl][Desktop - Chrome] 🔘 [Mobile] Found jQuery UI Slider #slider. Setting value via jQuery and DOM evaluation...
[tra-cpl][Tablet - Chrome] [STDERR] ❌ First API Attempt 1 failed: Invalid URL
[tra-cpl][Tablet - Chrome] ⏳ Retrying in 1 second...
[tra-cpl][Desktop - Chrome] ✅ [Mobile] Set jQuery UI Slider #slider to 7,720
[tra-cpl][Desktop - Chrome] 🔘 [Mobile] Clicking active visible button: .next-btn1:visible, .btn-next:visible
[tra-cpl][Desktop - Chrome] ✅ [Mobile] Clicked: .next-btn1:visible, .btn-next:visible
[tra-cpl][Android - Chrome] 📡 Standard Second API Payload: cake_id=A0B4BBA0, domain_name=https://www.taxreliefadvocates.com
[tra-cpl][Android - Chrome] [STDERR] ❌ Second API Attempt 4 failed: Invalid URL
[tra-cpl][Android - Chrome] ⏳ Retrying in 1 second to allow database synchronization...
[tra-cpl][Tablet - Chrome] [STDERR] ❌ First API Attempt 2 failed: Invalid URL
[tra-cpl][Tablet - Chrome] ⏳ Retrying in 1 second...
[tra-cpl][Android - Chrome] 📡 Standard Second API Payload: cake_id=A0B4BBA0, domain_name=https://www.taxreliefadvocates.com
[tra-cpl][Android - Chrome] [STDERR] ❌ Second API Attempt 5 failed: Invalid URL
[tra-cpl][Android - Chrome] 📡 [Rest-Assurance] Verifying Lead ID: A0B4BBA0 via Backend...
[tra-cpl][Android - Chrome] [STDERR] 🛡️  [Rest-Assurance] VERIFICATION_FAILED: Invalid URL
[tra-cpl][Tablet - Chrome] [STDERR] ❌ First API Attempt 3 failed: Invalid URL
[tra-cpl][Tablet - Chrome] 📡 Fetching Second API data for Lead ID: 93B9C66D...
[tra-cpl][Tablet - Chrome] 📡 Standard Second API Payload: cake_id=93B9C66D, domain_name=https://www.taxreliefadvocates.com
[tra-cpl][Tablet - Chrome] [STDERR] ❌ Second API Attempt 1 failed: Invalid URL
[tra-cpl][Tablet - Chrome] ⏳ Retrying in 1 second to allow database synchronization...
[tra-cpl][Android - Chrome] [STDERR] (node:33468) Warning: Setting the NODE_TLS_REJECT_UNAUTHORIZED environment variable to '0' makes TLS connections and HTTPS requests insecure by disabling certificate verification.
(Use `node --trace-warnings ...` to show where the warning was created)
[tra-cpl][Desktop - Chrome] 💻 [Tablet] Injecting high-fidelity glossy iPad Pro mockup frame...
[tra-cpl][Desktop - Chrome] ✅ [Mobile] Reached a recognized terminal step. Stopping dynamic traversal.
[tra-cpl][Desktop - Chrome] 🔘 [Mobile] Step 2: Selecting State
[tra-cpl][Desktop - Chrome] ✅ [Mobile] Selected state dynamically: "Connecticut"
📝 [Mobile] step3 column set to State: "Connecticut"
[tra-d3][Android - Chrome] ✅ [Mobile] Page loaded successfully
[tra-d3][Android - Chrome] 📱 [Mobile] Injecting high-fidelity glossy Natural Titanium iPhone 17 Pro mockup frame...
[tra-d3][Android - Chrome] 📱 [Mobile] Injecting high-fidelity glossy Natural Titanium iPhone 17 Pro mockup frame...
[tra-cpl][Desktop - Chrome] 🔘 [Mobile] Clicking active visible button: .next-btn:visible, .next-btn2:visible, .btn-next:visible
[tra-d3][Android - Chrome] 📝 [Mobile] Starting mobile-specific form filling...
[tra-d3][Android - Chrome] 🔘 [Mobile] Step 1: Selecting Debt Amount (8,070)
[tra-d3][Android - Chrome] 🔘 [Mobile] Found jQuery UI Slider #slider. Setting value via jQuery and DOM evaluation...
[tra-cpl][Desktop - Chrome] ✅ [Mobile] Clicked: .next-btn:visible, .next-btn2:visible, .btn-next:visible
[tra-d3][Android - Chrome] ✅ [Mobile] Set jQuery UI Slider #slider to 8,070
[tra-cpl][Tablet - Chrome] 📡 Standard Second API Payload: cake_id=93B9C66D, domain_name=https://www.taxreliefadvocates.com
[tra-cpl][Tablet - Chrome] [STDERR] ❌ Second API Attempt 2 failed: Invalid URL
[tra-cpl][Tablet - Chrome] ⏳ Retrying in 1 second to allow database synchronization...
[tra-d3][Android - Chrome] 🔘 [Mobile] Clicking active visible button: .next-btn1:visible, .btn-next:visible
[tra-cpl][Android - Chrome] [STDERR] ❌ Critical Google Sheets Error: The caller does not have permission
[tra-cpl][Android - Chrome] [STDERR] ❌ Failed processing TRA-CPL Mobile: Failed to write to Google Sheets
[tra-cpl][Android - Chrome] 
✅ Execution successfully processed! {
  success: false,
  error: 'Failed to write to Google Sheets',
  brand: 'TRA-CPL Mobile'
}
[tra-d3][Android - Chrome] ✅ [Mobile] Clicked: .next-btn1:visible, .btn-next:visible
[tra-cpl][Tablet - Chrome] 📡 Standard Second API Payload: cake_id=93B9C66D, domain_name=https://www.taxreliefadvocates.com
[tra-cpl][Tablet - Chrome] [STDERR] ❌ Second API Attempt 3 failed: Invalid URL
[tra-cpl][Tablet - Chrome] ⏳ Retrying in 1 second to allow database synchronization...
[tra-cpl][Android - Chrome] 📋 Trace report successfully saved: traces/tra-cpl_mobile.zip
[tra-cpl][Desktop - Chrome] 💻 [Tablet] Injecting high-fidelity glossy iPad Pro mockup frame...
[tra-cpl][Desktop - Chrome] 🔘 [Mobile] Step 3: Filling Contact Info (Dynamic Loop)...
[tra-cpl][Desktop - Chrome] 💻 [Tablet] Injecting high-fidelity glossy iPad Pro mockup frame...
[tra-cpl][Desktop - Chrome] ✅ [Mobile] Filled First Name: ckmtestpixel
[tra-d3][Android - Chrome] 📱 [Mobile] Injecting high-fidelity glossy Natural Titanium iPhone 17 Pro mockup frame...
[tra-cpl][Tablet - Chrome] 📡 Standard Second API Payload: cake_id=93B9C66D, domain_name=https://www.taxreliefadvocates.com
[tra-cpl][Tablet - Chrome] [STDERR] ❌ Second API Attempt 4 failed: Invalid URL
[tra-cpl][Tablet - Chrome] ⏳ Retrying in 1 second to allow database synchronization...
[tra-cpl][Desktop - Chrome] ✅ [Mobile] Filled Last Name: ckmtestpixel
[tra-cpl][Desktop - Chrome] 🔘 [Mobile] Clicking active contact NEXT/SUBMIT button...
[tra-cpl][Tablet - Chrome] 📡 Standard Second API Payload: cake_id=93B9C66D, domain_name=https://www.taxreliefadvocates.com
[tra-cpl][Tablet - Chrome] [STDERR] ❌ Second API Attempt 5 failed: Invalid URL
[tra-cpl][Tablet - Chrome] 📡 [Rest-Assurance] Verifying Lead ID: 93B9C66D via Backend...
[tra-cpl][Tablet - Chrome] [STDERR] 🛡️  [Rest-Assurance] VERIFICATION_FAILED: Invalid URL
[tra-cpl][Tablet - Chrome] [STDERR] (node:15092) Warning: Setting the NODE_TLS_REJECT_UNAUTHORIZED environment variable to '0' makes TLS connections and HTTPS requests insecure by disabling certificate verification.
(Use `node --trace-warnings ...` to show where the warning was created)
[tra-d3][Android - Chrome] 🔘 [Mobile Rotation] Selected: "Read more"
[tra-cpl][Desktop - Chrome] 💻 [Tablet] Injecting high-fidelity glossy iPad Pro mockup frame...
[tra-cpl][Tablet - Chrome] [STDERR] ❌ Critical Google Sheets Error: The caller does not have permission
[tra-cpl][Tablet - Chrome] [STDERR] ❌ Failed processing TRA-CPL Tablet: Failed to write to Google Sheets
[tra-cpl][Tablet - Chrome] 
✅ Execution successfully processed! {
  success: false,
  error: 'Failed to write to Google Sheets',
  brand: 'TRA-CPL Tablet'
}
[tra-cpl][Desktop - Chrome] ✅ [Mobile] Filled Email: ckmtestpixel@gmail.com
[tra-cpl][Desktop - Chrome] 🔘 [Mobile] Clicking active contact NEXT/SUBMIT button...
[tra-d3][Android - Chrome] 🔘 [Mobile Rotation] Selected: "Hide"
[tra-cpl][Tablet - Chrome] 📋 Trace report successfully saved: traces/tra-cpl_tablet.zip
✅ [3/6/2026, 1:03:30 pm] COMPLETED: tra-cpl [Android - Chrome][CHROMIUM]

================================================================
🚀 [3/6/2026, 1:03:30 pm] RUNNING: TRA-D3 [TABLET - CHROME]
🔗 Target URL: https://flmtra.com/?a=659&oc=792&c=2386&s1=
================================================================
[tra-cpl][Desktop - Chrome] 💻 [Tablet] Injecting high-fidelity glossy iPad Pro mockup frame...
[tra-d3][Tablet - Chrome] 🔌 [Browser Interceptor] Intercepting and optimizing engine: CHROMIUM
[tra-d3][Tablet - Chrome] ◇ injected env (0) from .env // tip: ◈ secrets for agents [www.dotenvx.com]
[tra-d3][Tablet - Chrome] ◇ injected env (0) from .env // tip: ◈ encrypted .env [www.dotenvx.com]
[tra-d3][Tablet - Chrome] ◇ injected env (0) from .env // tip: ⌘ enable debugging { debug: true }
[tra-cpl][Desktop - Chrome] ✅ [Mobile] Filled Phone: 401-247-1057
[tra-cpl][Desktop - Chrome] 🔘 [Mobile] Clicking active contact NEXT/SUBMIT button...
[tra-d3][Android - Chrome] 🔘 [Mobile Rotation] Selected: "Next"
[tra-cpl][Desktop - Chrome] 💻 [Tablet] Injecting high-fidelity glossy iPad Pro mockup frame...
[tra-d3][Tablet - Chrome] ◇ injected env (0) from .env // tip: ⌘ multiple files { path: ['.env.local', '.env'] }
[tra-d3][Tablet - Chrome] ◇ injected env (0) from .env // tip: ◈ secrets for agents [www.dotenvx.com]
[tra-d3][Tablet - Chrome] 
🤖 ================================================================
[tra-d3][Tablet - Chrome] 🤖 MASTER RUNNER: LAUNCHING TRA-D3
[tra-d3][Tablet - Chrome] 🤖 Mode:            TABLET
[tra-d3][Tablet - Chrome] 🤖 Tracking URL:     https://flmtra.com/?a=659&oc=792&c=2386&s1=
[tra-d3][Tablet - Chrome] 🤖 Target Sheet:    TRA-DT3
[tra-d3][Tablet - Chrome] 🤖 ================================================================
[tra-d3][Tablet - Chrome] 🔌 [Browser Interceptor] Intercepting and optimizing engine: CHROMIUM
[tra-d3][Tablet - Chrome] 📋 Emulated Device Profile: TABLET (iPad Pro 11) - [Tablet - Chrome]
[tra-d3][Tablet - Chrome] ⏳ Delaying 200ms to allow responsive layouts to mount...
[tra-d3][Android - Chrome] 🔘 [Mobile Rotation] Selected: "Previous"
[tra-cpl][Desktop - Chrome] ✅ [Mobile] Filled Phone: 401-247-1057
[tra-d3][Tablet - Chrome] 🔄 Processing lead for brand: TRA-D3 Tablet
[tra-d3][Tablet - Chrome] 📊 Campaign execution run index: 50
[tra-d3][Tablet - Chrome] 📅 [Rotational Logic] Week 1 Day 3. Target Range: 7500-10000 (Max allowed by URL: 10000)
[tra-d3][Tablet - Chrome] 🔗 [Mobile] Navigating to: https://flmtra.com/?a=659&oc=792&c=2386&s1=
[tra-cpl][Desktop - Chrome] 🔘 [Mobile] Clicking active contact NEXT/SUBMIT button...
[tra-cpl][Desktop - Chrome] 💻 [Tablet] Injecting high-fidelity glossy iPad Pro mockup frame...
[tra-cpl][Desktop - Chrome] ✅ [Mobile] Thank you page or lead id detected in URL during contact loop. Exiting contact loop.
[tra-cpl][Desktop - Chrome] 🔘 [Mobile] Scanning for additional dynamic steps...
[tra-cpl][Desktop - Chrome] ✅ [Mobile] Thank you page detected during adaptive submit loop. Exiting loop.
[tra-cpl][Desktop - Chrome] 🔘 [Mobile] Submitting form
💾 [Mobile] Setting hidden debt fields to: 7720
[tra-cpl][Desktop - Chrome] ⏳ [Mobile] Waiting for submission navigation to complete
[tra-d3][Android - Chrome] 🔘 [Mobile Rotation] Selected: "Close"
✅ [3/6/2026, 1:03:37 pm] COMPLETED: tra-cpl [Tablet - Chrome][CHROMIUM]

================================================================
🚀 [3/6/2026, 1:03:37 pm] RUNNING: TRA-D3 [DESKTOP - CHROME]
🔗 Target URL: https://flmtra.com/?a=659&oc=792&c=2386&s1=
================================================================
[tra-d3][Desktop - Chrome] 🔌 [Browser Interceptor] Intercepting and optimizing engine: CHROMIUM
[tra-d3][Desktop - Chrome] ◇ injected env (0) from .env // tip: ⌘ override existing { override: true }
[tra-d3][Desktop - Chrome] ◇ injected env (0) from .env // tip: ⌘ enable debugging { debug: true }
[tra-d3][Desktop - Chrome] ◇ injected env (0) from .env // tip: ⌘ suppress logs { quiet: true }
[tra-d3][Desktop - Chrome] ◇ injected env (0) from .env // tip: ⌘ override existing { override: true }
[tra-d3][Desktop - Chrome] ◇ injected env (0) from .env // tip: ◈ encrypted .env [www.dotenvx.com]
[tra-d3][Desktop - Chrome] 
🤖 ================================================================
[tra-d3][Desktop - Chrome] 🤖 MASTER RUNNER: LAUNCHING TRA-D3
🤖 Mode:            DESKTOP
🤖 Tracking URL:     https://flmtra.com/?a=659&oc=792&c=2386&s1=
[tra-d3][Desktop - Chrome] 🤖 Target Sheet:    TRA-DT3
[tra-d3][Desktop - Chrome] 🤖 ================================================================
[tra-d3][Desktop - Chrome] 🔌 [Browser Interceptor] Intercepting and optimizing engine: CHROMIUM
[tra-d3][Desktop - Chrome] 💻 Emulated Device Profile: DESKTOP - [Desktop - Chrome]
[tra-d3][Android - Chrome] 🔘 [Mobile Rotation] Selected: "State Tax Debt"
[tra-d3][Desktop - Chrome] 🔄 Processing lead for brand: TRA-D3
[tra-d3][Desktop - Chrome] 📊 Campaign execution run index: 51
[tra-d3][Desktop - Chrome] 📅 [Rotational Logic] Week 1 Day 3. Target Range: 7500-10000 (Max allowed by URL: 10000)
[tra-d3][Desktop - Chrome] 🔗 [Mobile] Navigating to: https://flmtra.com/?a=659&oc=792&c=2386&s1=
[tra-d3][Tablet - Chrome] ✅ [Mobile] Page loaded successfully
[tra-d3][Tablet - Chrome] 💻 [Tablet] Injecting high-fidelity glossy iPad Pro mockup frame...
[tra-d3][Tablet - Chrome] 💻 [Tablet] Injecting high-fidelity glossy iPad Pro mockup frame...
[tra-d3][Tablet - Chrome] 📝 [Mobile] Starting mobile-specific form filling...
[tra-d3][Tablet - Chrome] 🔘 [Mobile] Step 1: Selecting Debt Amount (8,885)
[tra-d3][Tablet - Chrome] 🔘 [Mobile] Found jQuery UI Slider #slider. Setting value via jQuery and DOM evaluation...
[tra-d3][Tablet - Chrome] ✅ [Mobile] Set jQuery UI Slider #slider to 8,885
[tra-d3][Android - Chrome] 🔘 [Mobile Rotation] Selected: "$4,000 - $6,000"
[tra-d3][Tablet - Chrome] 🔘 [Mobile] Clicking active visible button: .next-btn1:visible, .btn-next:visible
[tra-d3][Tablet - Chrome] ✅ [Mobile] Clicked: .next-btn1:visible, .btn-next:visible
[tra-d3][Android - Chrome] ✅ [Mobile] Reached a recognized terminal step. Stopping dynamic traversal.
[tra-d3][Android - Chrome] 🔘 [Mobile] Step 3: Filling Contact Info (Dynamic Loop)...
[tra-d3][Android - Chrome] 📱 [Mobile] Injecting high-fidelity glossy Natural Titanium iPhone 17 Pro mockup frame...
[tra-d3][Android - Chrome] ✅ [Mobile] Thank you page or lead id detected in URL during contact loop. Exiting contact loop.
[tra-d3][Android - Chrome] 🔘 [Mobile] Scanning for additional dynamic steps...
[tra-d3][Android - Chrome] ✅ [Mobile] Thank you page detected during adaptive submit loop. Exiting loop.
[tra-d3][Android - Chrome] 🔘 [Mobile] Submitting form
[tra-d3][Android - Chrome] 💾 [Mobile] Setting hidden debt fields to: 8070
[tra-d3][Android - Chrome] ✅ [Mobile] Submit button resolved, clicking...
[tra-d3][Tablet - Chrome] 💻 [Tablet] Injecting high-fidelity glossy iPad Pro mockup frame...
[tra-d3][Android - Chrome] ⏳ [Mobile] Waiting for submission navigation to complete
[tra-d3][Tablet - Chrome] 🔘 [Mobile Rotation] Selected: "Read more"
[tra-d3][Desktop - Chrome] ✅ [Mobile] Page loaded successfully
[tra-d3][Desktop - Chrome] 💻 [Tablet] Injecting high-fidelity glossy iPad Pro mockup frame...
[tra-d3][Desktop - Chrome] 💻 [Tablet] Injecting high-fidelity glossy iPad Pro mockup frame...
[tra-d3][Desktop - Chrome] 📝 [Mobile] Starting mobile-specific form filling...
[tra-d3][Desktop - Chrome] 🔘 [Mobile] Step 1: Selecting Debt Amount (9,132)
[tra-d3][Desktop - Chrome] 🔘 [Mobile] Found jQuery UI Slider #slider. Setting value via jQuery and DOM evaluation...
[tra-d3][Desktop - Chrome] ✅ [Mobile] Set jQuery UI Slider #slider to 9,132
[tra-d3][Desktop - Chrome] 🔘 [Mobile] Clicking active visible button: .next-btn1:visible, .btn-next:visible
[tra-d3][Desktop - Chrome] ✅ [Mobile] Clicked: .next-btn1:visible, .btn-next:visible
[tra-d3][Desktop - Chrome] 💻 [Tablet] Injecting high-fidelity glossy iPad Pro mockup frame...
[tra-d3][Tablet - Chrome] 🔘 [Mobile Rotation] Selected: "Previous"
[tra-d3][Desktop - Chrome] 🔘 [Mobile Rotation] Selected: "Read more"
[tra-d3][Tablet - Chrome] 🔘 [Mobile Rotation] Selected: "Next"
[tra-cpl][Desktop - Chrome] [STDERR] ⚠️ [Mobile] Standard submit buttons not found, consulting AI Agent...
[tra-cpl][Desktop - Chrome] 🤖 [AI Agent] Analyzing Submit button for global...
[tra-cpl][Desktop - Chrome] ⏳ [Mobile] Waiting for final Thank You page redirection...
[tra-d3][Desktop - Chrome] 🔘 [Mobile Rotation] Selected: "Next"
[tra-cpl][Desktop - Chrome] ✅ [Mobile] Targeted final redirect URL achieved!
[tra-cpl][Desktop - Chrome] ✅ [Mobile] Final Thank You URL: https://tra.com/thank-you?debt=7720&leadid=73B88A5A&reqid=26857111&affid=659&oid=133
[tra-cpl][Desktop - Chrome] 📋 [Pre-Fix] Thank-you URL before debt correction: https://tra.com/thank-you?debt=7720&leadid=73B88A5A&reqid=26857111&affid=659&oid=133
[tra-cpl][Desktop - Chrome] 💾 [Debt Debug] formPage.selectedSliderAmount = "7,720"
💾 [Debt Debug] selectedDebtNum (numeric) = "7720"
[tra-cpl][Desktop - Chrome] 🔧 [Debt Fix] Current debt in URL: 7720, Should be: 7720
[tra-cpl][Desktop - Chrome] ✅ [Debt Fix] Debt parameter already correct
[tra-cpl][Desktop - Chrome] 📱 [Mobile Diagnostic] Full Thank You URL Parameters: {"debt":"7720","leadid":"73B88A5A","reqid":"26857111","affid":"659","oid":"133"}
[tra-cpl][Desktop - Chrome] ✅ [Mobile] Extracted Lead ID: 73B88A5A
[tra-cpl][Desktop - Chrome] 📱 Device Type detected: Desktop - Chrome
✅ Lead captured: 73B88A5A
[tra-cpl][Desktop - Chrome] 📡 Fetching First API data for Lead ID: 73B88A5A...
[tra-cpl][Desktop - Chrome] [STDERR] ❌ First API Attempt 1 failed: Invalid URL
[tra-cpl][Desktop - Chrome] ⏳ Retrying in 1 second...
[tra-d3][Tablet - Chrome] 🔘 [Mobile Rotation] Selected: "Federal Tax Debt"
[tra-cpl][Desktop - Chrome] [STDERR] ❌ First API Attempt 2 failed: Invalid URL
[tra-cpl][Desktop - Chrome] ⏳ Retrying in 1 second...
[tra-cpl][Desktop - Chrome] [STDERR] ❌ First API Attempt 3 failed: Invalid URL
[tra-cpl][Desktop - Chrome] 📡 Fetching Second API data for Lead ID: 73B88A5A...
[tra-cpl][Desktop - Chrome] 📡 Standard Second API Payload: cake_id=73B88A5A, domain_name=https://www.taxreliefadvocates.com
[tra-cpl][Desktop - Chrome] [STDERR] ❌ Second API Attempt 1 failed: Invalid URL
[tra-cpl][Desktop - Chrome] ⏳ Retrying in 1 second to allow database synchronization...
[tra-d3][Desktop - Chrome] 🔘 [Mobile Rotation] Selected: "Previous"
[tra-cpl][Desktop - Chrome] 📡 Standard Second API Payload: cake_id=73B88A5A, domain_name=https://www.taxreliefadvocates.com
[tra-cpl][Desktop - Chrome] [STDERR] ❌ Second API Attempt 2 failed: Invalid URL
[tra-cpl][Desktop - Chrome] ⏳ Retrying in 1 second to allow database synchronization...
[tra-cpl][Desktop - Chrome] 📡 Standard Second API Payload: cake_id=73B88A5A, domain_name=https://www.taxreliefadvocates.com
[tra-cpl][Desktop - Chrome] [STDERR] ❌ Second API Attempt 3 failed: Invalid URL
[tra-cpl][Desktop - Chrome] ⏳ Retrying in 1 second to allow database synchronization...
[tra-d3][Tablet - Chrome] 🔘 [Mobile Rotation] Selected: "More than $6,000"
[tra-cpl][Desktop - Chrome] 📡 Standard Second API Payload: cake_id=73B88A5A, domain_name=https://www.taxreliefadvocates.com
[tra-cpl][Desktop - Chrome] [STDERR] ❌ Second API Attempt 4 failed: Invalid URL
[tra-cpl][Desktop - Chrome] ⏳ Retrying in 1 second to allow database synchronization...
[tra-d3][Tablet - Chrome] ✅ [Mobile] Reached a recognized terminal step. Stopping dynamic traversal.
[tra-d3][Tablet - Chrome] 🔘 [Mobile] Step 3: Filling Contact Info (Dynamic Loop)...
[tra-d3][Tablet - Chrome] 💻 [Tablet] Injecting high-fidelity glossy iPad Pro mockup frame...
[tra-d3][Tablet - Chrome] ✅ [Mobile] Thank you page or lead id detected in URL during contact loop. Exiting contact loop.
🔘 [Mobile] Scanning for additional dynamic steps...
[tra-d3][Tablet - Chrome] ✅ [Mobile] Thank you page detected during adaptive submit loop. Exiting loop.
[tra-d3][Tablet - Chrome] 🔘 [Mobile] Submitting form
💾 [Mobile] Setting hidden debt fields to: 8885
[tra-d3][Desktop - Chrome] 🔘 [Mobile Rotation] Selected: "State Tax Debt"
[tra-d3][Tablet - Chrome] ✅ [Mobile] Submit button resolved, clicking...
[tra-cpl][Desktop - Chrome] 📡 Standard Second API Payload: cake_id=73B88A5A, domain_name=https://www.taxreliefadvocates.com
[tra-cpl][Desktop - Chrome] [STDERR] ❌ Second API Attempt 5 failed: Invalid URL
[tra-cpl][Desktop - Chrome] 📡 [Rest-Assurance] Verifying Lead ID: 73B88A5A via Backend...
[tra-cpl][Desktop - Chrome] [STDERR] 🛡️  [Rest-Assurance] VERIFICATION_FAILED: Invalid URL
[tra-cpl][Desktop - Chrome] [STDERR] (node:23020) Warning: Setting the NODE_TLS_REJECT_UNAUTHORIZED environment variable to '0' makes TLS connections and HTTPS requests insecure by disabling certificate verification.
(Use `node --trace-warnings ...` to show where the warning was created)
[tra-d3][Tablet - Chrome] ⏳ [Mobile] Waiting for submission navigation to complete
[tra-cpl][Desktop - Chrome] [STDERR] ❌ Critical Google Sheets Error: The caller does not have permission
[tra-cpl][Desktop - Chrome] [STDERR] ❌ Failed processing TRA-CPL: Failed to write to Google Sheets
[tra-cpl][Desktop - Chrome] 
✅ Execution successfully processed! {
  success: false,
  error: 'Failed to write to Google Sheets',
  brand: 'TRA-CPL'
}
[tra-d3][Android - Chrome] [STDERR] ⚠️ [Mobile] Standard submit buttons not found, consulting AI Agent...
[tra-d3][Android - Chrome] 🤖 [AI Agent] Analyzing Submit button for global...
[tra-d3][Android - Chrome] ✨ [AI Agent] New fix suggested: #fakeNextBtn
[tra-d3][Android - Chrome] [STDERR] 🤖 [AI Agent] POTENTIAL SUBMIT FIX DISCOVERED: #fakeNextBtn
🔔 [Manual Approval Required] Update MobileFormPage.js submit block with: #fakeNextBtn
[tra-d3][Android - Chrome] ⏳ [Mobile] Waiting for final Thank You page redirection...
[tra-cpl][Desktop - Chrome] 📋 Trace report successfully saved: traces/tra-cpl_desktop.zip
[tra-d3][Desktop - Chrome] 🔘 [Mobile Rotation] Selected: "Close"
[tra-d3][Desktop - Chrome] 🔘 [Mobile Rotation] Selected: "Less than $4,000"
[tra-d3][Desktop - Chrome] ✅ [Mobile] Reached a recognized terminal step. Stopping dynamic traversal.
[tra-d3][Desktop - Chrome] 🔘 [Mobile] Step 3: Filling Contact Info (Dynamic Loop)...
[tra-d3][Desktop - Chrome] 💻 [Tablet] Injecting high-fidelity glossy iPad Pro mockup frame...
[tra-d3][Desktop - Chrome] ✅ [Mobile] Thank you page or lead id detected in URL during contact loop. Exiting contact loop.
🔘 [Mobile] Scanning for additional dynamic steps...
[tra-d3][Desktop - Chrome] ✅ [Mobile] Thank you page detected during adaptive submit loop. Exiting loop.
[tra-d3][Desktop - Chrome] 🔘 [Mobile] Submitting form
💾 [Mobile] Setting hidden debt fields to: 9132
[tra-d3][Desktop - Chrome] ✅ [Mobile] Submit button resolved, clicking...
[tra-d3][Desktop - Chrome] ⏳ [Mobile] Waiting for submission navigation to complete
✅ [3/6/2026, 1:04:13 pm] COMPLETED: tra-cpl [Desktop - Chrome][CHROMIUM]

================================================================
🚀 [3/6/2026, 1:04:13 pm] RUNNING: PPC-ST [ANDROID - CHROME]
🔗 Target URL: https://flmtra.com/?a=659&oc=837&c=2210&s1=
================================================================
[ppc-st][Android - Chrome] 🔌 [Browser Interceptor] Intercepting and optimizing engine: CHROMIUM
[ppc-st][Android - Chrome] ◇ injected env (0) from .env // tip: ⌘ custom filepath { path: '/custom/path/.env' }
[ppc-st][Android - Chrome] ◇ injected env (0) from .env // tip: ⌘ custom filepath { path: '/custom/path/.env' }
[ppc-st][Android - Chrome] ◇ injected env (0) from .env // tip: ⌘ custom filepath { path: '/custom/path/.env' }
[tra-d3][Android - Chrome] ✅ [Mobile] Final Thank You URL: https://tra.com/dt3?debt=&reqid=26857112&affid=659#tax_debt#&leadid=#leadid#&reqid=26857112&affid=659&subid=
📋 [Pre-Fix] Thank-you URL before debt correction: https://tra.com/dt3?debt=&reqid=26857112&affid=659#tax_debt#&leadid=#leadid#&reqid=26857112&affid=659&subid=
[tra-d3][Android - Chrome] 💾 [Debt Debug] formPage.selectedSliderAmount = "8,070"
💾 [Debt Debug] selectedDebtNum (numeric) = "8070"
[tra-d3][Android - Chrome] 🔧 [Debt Fix] Current debt in URL: , Should be: 8070
🔧 [Debt Fix] Correcting debt parameter:  → 8070
[tra-d3][Android - Chrome] ✅ [Debt Fix] Updated thank-you URL: https://tra.com/dt3?debt=8070&reqid=26857112&affid=659#tax_debt#&leadid=#leadid#&reqid=26857112&affid=659&subid=
[tra-d3][Android - Chrome] 📱 [Mobile Diagnostic] Full Thank You URL Parameters: {"debt":"8070","reqid":"26857112","affid":"659"}
[tra-d3][Android - Chrome] 🔍 [Mobile DOM Deep-Scan] URL ID missing or non-standard (e.g. numeric reqid). Searching for Hex-8 or GUID IDs...
[tra-d3][Android - Chrome] ✅ [Mobile] Extracted Lead ID: 5A8448AB
[tra-d3][Android - Chrome] 📱 Device Type detected: Android - Chrome
[tra-d3][Android - Chrome] ✅ Lead captured: 5A8448AB
🔧 [URL Fix] Appending leadid=5A8448AB to Thank You URL
[tra-d3][Android - Chrome] 📡 Fetching First API data for Lead ID: 5A8448AB...
[ppc-st][Android - Chrome] ◇ injected env (0) from .env // tip: ⌁ auth for agents [www.vestauth.com]
[ppc-st][Android - Chrome] ◇ injected env (0) from .env // tip: ⌘ custom filepath { path: '/custom/path/.env' }
[ppc-st][Android - Chrome] 
🤖 ================================================================
[ppc-st][Android - Chrome] 🤖 MASTER RUNNER: LAUNCHING PPC-ST
[ppc-st][Android - Chrome] 🤖 Mode:            MOBILE
[ppc-st][Android - Chrome] 🤖 Tracking URL:     https://flmtra.com/?a=659&oc=837&c=2210&s1=
[ppc-st][Android - Chrome] 🤖 Target Sheet:    PPC-ST
🤖 ================================================================
[ppc-st][Android - Chrome] 🔌 [Browser Interceptor] Intercepting and optimizing engine: CHROMIUM
[ppc-st][Android - Chrome] 📋 Emulated Device Profile: MOBILE (Pixel 7) - [Android - Chrome]
[tra-d3][Android - Chrome] [STDERR] ❌ First API Attempt 1 failed: Invalid URL
[tra-d3][Android - Chrome] ⏳ Retrying in 1 second...
[ppc-st][Android - Chrome] ⏳ Delaying 200ms to allow responsive layouts to mount...
[ppc-st][Android - Chrome] 🔄 Processing lead for brand: PPC-ST Mobile
[ppc-st][Android - Chrome] 📊 Campaign execution run index: 48
[ppc-st][Android - Chrome] 📅 [Rotational Logic] Week 1 Day 3. Target Range: 7500-10000 (Max allowed by URL: 18000)
[ppc-st][Android - Chrome] 🔗 [Mobile] Navigating to: https://flmtra.com/?a=659&oc=837&c=2210&s1=
[tra-d3][Android - Chrome] [STDERR] ❌ First API Attempt 2 failed: Invalid URL
[tra-d3][Android - Chrome] ⏳ Retrying in 1 second...
[tra-d3][Android - Chrome] [STDERR] ❌ First API Attempt 3 failed: Invalid URL
[tra-d3][Android - Chrome] 📡 Fetching Second API data for Lead ID: 5A8448AB...
[tra-d3][Android - Chrome] 📡 Standard Second API Payload: cake_id=5A8448AB, domain_name=https://www.taxreliefadvocates.com
[tra-d3][Android - Chrome] [STDERR] ❌ Second API Attempt 1 failed: Invalid URL
[tra-d3][Android - Chrome] ⏳ Retrying in 1 second to allow database synchronization...
[tra-d3][Android - Chrome] 📡 Standard Second API Payload: cake_id=5A8448AB, domain_name=https://www.taxreliefadvocates.com
[tra-d3][Android - Chrome] [STDERR] ❌ Second API Attempt 2 failed: Invalid URL
[tra-d3][Android - Chrome] ⏳ Retrying in 1 second to allow database synchronization...
[tra-d3][Android - Chrome] 📡 Standard Second API Payload: cake_id=5A8448AB, domain_name=https://www.taxreliefadvocates.com
[tra-d3][Android - Chrome] [STDERR] ❌ Second API Attempt 3 failed: Invalid URL
[tra-d3][Android - Chrome] ⏳ Retrying in 1 second to allow database synchronization...
[tra-d3][Tablet - Chrome] [STDERR] ⚠️ [Mobile] Standard submit buttons not found, consulting AI Agent...
[tra-d3][Tablet - Chrome] 🤖 [AI Agent] Analyzing Submit button for global...
[tra-d3][Tablet - Chrome] ✨ [AI Agent] New fix suggested: #fakeNextBtn
[tra-d3][Tablet - Chrome] [STDERR] 🤖 [AI Agent] POTENTIAL SUBMIT FIX DISCOVERED: #fakeNextBtn
🔔 [Manual Approval Required] Update MobileFormPage.js submit block with: #fakeNextBtn
[tra-d3][Tablet - Chrome] ⏳ [Mobile] Waiting for final Thank You page redirection...
[tra-d3][Android - Chrome] 📡 Standard Second API Payload: cake_id=5A8448AB, domain_name=https://www.taxreliefadvocates.com
[tra-d3][Android - Chrome] [STDERR] ❌ Second API Attempt 4 failed: Invalid URL
[tra-d3][Android - Chrome] ⏳ Retrying in 1 second to allow database synchronization...
[tra-d3][Android - Chrome] 📡 Standard Second API Payload: cake_id=5A8448AB, domain_name=https://www.taxreliefadvocates.com
[tra-d3][Android - Chrome] [STDERR] ❌ Second API Attempt 5 failed: Invalid URL
[tra-d3][Android - Chrome] 📡 [Rest-Assurance] Verifying Lead ID: 5A8448AB via Backend...
[tra-d3][Android - Chrome] [STDERR] 🛡️  [Rest-Assurance] VERIFICATION_FAILED: Invalid URL
[tra-d3][Android - Chrome] [STDERR] (node:27028) Warning: Setting the NODE_TLS_REJECT_UNAUTHORIZED environment variable to '0' makes TLS connections and HTTPS requests insecure by disabling certificate verification.
(Use `node --trace-warnings ...` to show where the warning was created)
[ppc-st][Android - Chrome] ✅ [Mobile] Page loaded successfully
[ppc-st][Android - Chrome] 📱 [Mobile] Injecting high-fidelity glossy Natural Titanium iPhone 17 Pro mockup frame...
[ppc-st][Android - Chrome] 📱 [Mobile] Injecting high-fidelity glossy Natural Titanium iPhone 17 Pro mockup frame...
[ppc-st][Android - Chrome] 📝 [Mobile] Starting mobile-specific form filling...
[ppc-st][Android - Chrome] 🔘 [Mobile] Step 1: Selecting Debt Amount (8,648)
[ppc-st][Android - Chrome] 🔘 [Mobile] Found jQuery UI Slider #slider. Setting value via jQuery and DOM evaluation...
[ppc-st][Android - Chrome] ✅ [Mobile] Set jQuery UI Slider #slider to 8,648
[tra-d3][Android - Chrome] [STDERR] ❌ Critical Google Sheets Error: The caller does not have permission
[tra-d3][Android - Chrome] [STDERR] ❌ Failed processing TRA-D3 Mobile: Failed to write to Google Sheets
[tra-d3][Android - Chrome] 
✅ Execution successfully processed! {
  success: false,
  error: 'Failed to write to Google Sheets',
  brand: 'TRA-D3 Mobile'
}
[ppc-st][Android - Chrome] 🔘 [Mobile] Clicking active visible button: .next-btn1:visible, .btn-next:visible
[ppc-st][Android - Chrome] ✅ [Mobile] Clicked: .next-btn1:visible, .btn-next:visible
[tra-d3][Android - Chrome] 📋 Trace report successfully saved: traces/tra-d3_mobile.zip
[ppc-st][Android - Chrome] 📱 [Mobile] Injecting high-fidelity glossy Natural Titanium iPhone 17 Pro mockup frame...
[ppc-st][Android - Chrome] ✅ [Mobile] Reached a recognized terminal step. Stopping dynamic traversal.
[ppc-st][Android - Chrome] 🔘 [Mobile] Step 2: Selecting State
[ppc-st][Android - Chrome] ✅ [Mobile] Selected state dynamically: "West Virginia"
[ppc-st][Android - Chrome] 📝 [Mobile] step3 column set to State: "West Virginia"
[ppc-st][Android - Chrome] 🔘 [Mobile] Clicking active visible button: .next-btn:visible, .next-btn2:visible, .btn-next:visible
[ppc-st][Android - Chrome] ✅ [Mobile] Clicked: .next-btn:visible, .next-btn2:visible, .btn-next:visible
[tra-d3][Desktop - Chrome] [STDERR] ⚠️ [Mobile] Standard submit buttons not found, consulting AI Agent...
[tra-d3][Desktop - Chrome] 🤖 [AI Agent] Analyzing Submit button for global...
[tra-d3][Desktop - Chrome] ✨ [AI Agent] New fix suggested: #fakeNextBtn
[tra-d3][Desktop - Chrome] [STDERR] 🤖 [AI Agent] POTENTIAL SUBMIT FIX DISCOVERED: #fakeNextBtn
🔔 [Manual Approval Required] Update MobileFormPage.js submit block with: #fakeNextBtn
[tra-d3][Desktop - Chrome] ⏳ [Mobile] Waiting for final Thank You page redirection...
[ppc-st][Android - Chrome] 📱 [Mobile] Injecting high-fidelity glossy Natural Titanium iPhone 17 Pro mockup frame...
[ppc-st][Android - Chrome] 🔘 [Mobile] Step 3: Filling Contact Info (Dynamic Loop)...
[ppc-st][Android - Chrome] 📱 [Mobile] Injecting high-fidelity glossy Natural Titanium iPhone 17 Pro mockup frame...
[ppc-st][Android - Chrome] ✅ [Mobile] Filled First Name: ckmtestpixel
[ppc-st][Android - Chrome] ✅ [Mobile] Filled Last Name: ckmtestpixel
[ppc-st][Android - Chrome] ✅ [Mobile] Filled Email: ckmtestpixel@gmail.com
[ppc-st][Android - Chrome] ✅ [Mobile] Filled Phone: 401-247-1048
[ppc-st][Android - Chrome] 🔘 [Mobile] Clicking active contact NEXT/SUBMIT button...
[ppc-st][Android - Chrome] 📱 [Mobile] Injecting high-fidelity glossy Natural Titanium iPhone 17 Pro mockup frame...
[tra-d3][Tablet - Chrome] ✅ [Mobile] Final Thank You URL: https://tra.com/dt3?debt=&reqid=26857113&affid=659#tax_debt#&leadid=#leadid#&reqid=26857113&affid=659&subid=
📋 [Pre-Fix] Thank-you URL before debt correction: https://tra.com/dt3?debt=&reqid=26857113&affid=659#tax_debt#&leadid=#leadid#&reqid=26857113&affid=659&subid=
[tra-d3][Tablet - Chrome] 💾 [Debt Debug] formPage.selectedSliderAmount = "8,885"
[tra-d3][Tablet - Chrome] 💾 [Debt Debug] selectedDebtNum (numeric) = "8885"
🔧 [Debt Fix] Current debt in URL: , Should be: 8885
[tra-d3][Tablet - Chrome] 🔧 [Debt Fix] Correcting debt parameter:  → 8885
[tra-d3][Tablet - Chrome] ✅ [Debt Fix] Updated thank-you URL: https://tra.com/dt3?debt=8885&reqid=26857113&affid=659#tax_debt#&leadid=#leadid#&reqid=26857113&affid=659&subid=
[tra-d3][Tablet - Chrome] 📱 [Mobile Diagnostic] Full Thank You URL Parameters: {"debt":"8885","reqid":"26857113","affid":"659"}
[tra-d3][Tablet - Chrome] 🔍 [Mobile DOM Deep-Scan] URL ID missing or non-standard (e.g. numeric reqid). Searching for Hex-8 or GUID IDs...
[tra-d3][Tablet - Chrome] ✅ [Mobile] Extracted Lead ID: 0A3AFB4B
[tra-d3][Tablet - Chrome] 📱 Device Type detected: Tablet - Chrome
[tra-d3][Tablet - Chrome] ✅ Lead captured: 0A3AFB4B
[tra-d3][Tablet - Chrome] 🔧 [URL Fix] Appending leadid=0A3AFB4B to Thank You URL
[tra-d3][Tablet - Chrome] 📡 Fetching First API data for Lead ID: 0A3AFB4B...
[ppc-st][Android - Chrome] ✅ [Mobile] Filled Phone: 401-247-1048
[tra-d3][Tablet - Chrome] [STDERR] ❌ First API Attempt 1 failed: Invalid URL
[tra-d3][Tablet - Chrome] ⏳ Retrying in 1 second...
[ppc-st][Android - Chrome] 🔘 [Mobile] No active contact NEXT/SUBMIT button visible. Exiting loop.
🔘 [Mobile] Scanning for additional dynamic steps...
[ppc-st][Android - Chrome] ✅ [Mobile] Thank you page detected during adaptive submit loop. Exiting loop.
[ppc-st][Android - Chrome] 🔘 [Mobile] Submitting form
[ppc-st][Android - Chrome] 💾 [Mobile] Setting hidden debt fields to: 8648
[ppc-st][Android - Chrome] ⏳ [Mobile] Waiting for submission navigation to complete
[tra-d3][Tablet - Chrome] [STDERR] ❌ First API Attempt 2 failed: Invalid URL
[tra-d3][Tablet - Chrome] ⏳ Retrying in 1 second...
✅ [3/6/2026, 1:04:38 pm] COMPLETED: tra-d3 [Android - Chrome][CHROMIUM]

================================================================
🚀 [3/6/2026, 1:04:38 pm] RUNNING: PPC-ST [TABLET - CHROME]
🔗 Target URL: https://flmtra.com/?a=659&oc=837&c=2210&s1=
================================================================
[ppc-st][Tablet - Chrome] 🔌 [Browser Interceptor] Intercepting and optimizing engine: CHROMIUM
[ppc-st][Tablet - Chrome] ◇ injected env (0) from .env // tip: ◈ secrets for agents [www.dotenvx.com]
[ppc-st][Tablet - Chrome] ◇ injected env (0) from .env // tip: ◈ secrets for agents [www.dotenvx.com]
[tra-d3][Tablet - Chrome] [STDERR] ❌ First API Attempt 3 failed: Invalid URL
[tra-d3][Tablet - Chrome] 📡 Fetching Second API data for Lead ID: 0A3AFB4B...
[tra-d3][Tablet - Chrome] 📡 Standard Second API Payload: cake_id=0A3AFB4B, domain_name=https://www.taxreliefadvocates.com
[tra-d3][Tablet - Chrome] [STDERR] ❌ Second API Attempt 1 failed: Invalid URL
[tra-d3][Tablet - Chrome] ⏳ Retrying in 1 second to allow database synchronization...
[ppc-st][Tablet - Chrome] ◇ injected env (0) from .env // tip: ⌘ suppress logs { quiet: true }
[tra-d3][Tablet - Chrome] 📡 Standard Second API Payload: cake_id=0A3AFB4B, domain_name=https://www.taxreliefadvocates.com
[tra-d3][Tablet - Chrome] [STDERR] ❌ Second API Attempt 2 failed: Invalid URL
[tra-d3][Tablet - Chrome] ⏳ Retrying in 1 second to allow database synchronization...
[ppc-st][Tablet - Chrome] ◇ injected env (0) from .env // tip: ⌘ multiple files { path: ['.env.local', '.env'] }
[ppc-st][Tablet - Chrome] ◇ injected env (0) from .env // tip: ◈ encrypted .env [www.dotenvx.com]
[ppc-st][Tablet - Chrome] 
🤖 ================================================================
🤖 MASTER RUNNER: LAUNCHING PPC-ST
[ppc-st][Tablet - Chrome] 🤖 Mode:            TABLET
[ppc-st][Tablet - Chrome] 🤖 Tracking URL:     https://flmtra.com/?a=659&oc=837&c=2210&s1=
[ppc-st][Tablet - Chrome] 🤖 Target Sheet:    PPC-ST
[ppc-st][Tablet - Chrome] 🤖 ================================================================
[ppc-st][Tablet - Chrome] 🔌 [Browser Interceptor] Intercepting and optimizing engine: CHROMIUM
[ppc-st][Tablet - Chrome] 📋 Emulated Device Profile: TABLET (iPad Pro 11) - [Tablet - Chrome]
[ppc-st][Tablet - Chrome] ⏳ Delaying 200ms to allow responsive layouts to mount...
[ppc-st][Tablet - Chrome] 🔄 Processing lead for brand: PPC-ST Tablet
[ppc-st][Tablet - Chrome] 📊 Campaign execution run index: 49
[ppc-st][Tablet - Chrome] 📅 [Rotational Logic] Week 1 Day 3. Target Range: 7500-10000 (Max allowed by URL: 18000)
[ppc-st][Tablet - Chrome] 🔗 [Mobile] Navigating to: https://flmtra.com/?a=659&oc=837&c=2210&s1=
[tra-d3][Tablet - Chrome] 📡 Standard Second API Payload: cake_id=0A3AFB4B, domain_name=https://www.taxreliefadvocates.com
[tra-d3][Tablet - Chrome] [STDERR] ❌ Second API Attempt 3 failed: Invalid URL
[tra-d3][Tablet - Chrome] ⏳ Retrying in 1 second to allow database synchronization...
[tra-d3][Tablet - Chrome] 📡 Standard Second API Payload: cake_id=0A3AFB4B, domain_name=https://www.taxreliefadvocates.com
[tra-d3][Tablet - Chrome] [STDERR] ❌ Second API Attempt 4 failed: Invalid URL
[tra-d3][Tablet - Chrome] ⏳ Retrying in 1 second to allow database synchronization...
[tra-d3][Tablet - Chrome] 📡 Standard Second API Payload: cake_id=0A3AFB4B, domain_name=https://www.taxreliefadvocates.com
[tra-d3][Tablet - Chrome] [STDERR] ❌ Second API Attempt 5 failed: Invalid URL
[tra-d3][Tablet - Chrome] 📡 [Rest-Assurance] Verifying Lead ID: 0A3AFB4B via Backend...
[tra-d3][Tablet - Chrome] [STDERR] 🛡️  [Rest-Assurance] VERIFICATION_FAILED: Invalid URL
[tra-d3][Tablet - Chrome] [STDERR] (node:11140) Warning: Setting the NODE_TLS_REJECT_UNAUTHORIZED environment variable to '0' makes TLS connections and HTTPS requests insecure by disabling certificate verification.
(Use `node --trace-warnings ...` to show where the warning was created)
[tra-d3][Desktop - Chrome] ✅ [Mobile] Final Thank You URL: https://tra.com/dt3?debt=&reqid=26857114&affid=659#tax_debt#&leadid=#leadid#&reqid=26857114&affid=659&subid=
📋 [Pre-Fix] Thank-you URL before debt correction: https://tra.com/dt3?debt=&reqid=26857114&affid=659#tax_debt#&leadid=#leadid#&reqid=26857114&affid=659&subid=
[tra-d3][Desktop - Chrome] 💾 [Debt Debug] formPage.selectedSliderAmount = "9,132"
💾 [Debt Debug] selectedDebtNum (numeric) = "9132"
[tra-d3][Desktop - Chrome] 🔧 [Debt Fix] Current debt in URL: , Should be: 9132
[tra-d3][Desktop - Chrome] 🔧 [Debt Fix] Correcting debt parameter:  → 9132
[tra-d3][Desktop - Chrome] ✅ [Debt Fix] Updated thank-you URL: https://tra.com/dt3?debt=9132&reqid=26857114&affid=659#tax_debt#&leadid=#leadid#&reqid=26857114&affid=659&subid=
[tra-d3][Desktop - Chrome] 📱 [Mobile Diagnostic] Full Thank You URL Parameters: {"debt":"9132","reqid":"26857114","affid":"659"}
[tra-d3][Desktop - Chrome] 🔍 [Mobile DOM Deep-Scan] URL ID missing or non-standard (e.g. numeric reqid). Searching for Hex-8 or GUID IDs...
[tra-d3][Desktop - Chrome] ✅ [Mobile] Extracted Lead ID: 7B616751
[tra-d3][Desktop - Chrome] 📱 Device Type detected: Desktop - Chrome
[tra-d3][Desktop - Chrome] ✅ Lead captured: 7B616751
[tra-d3][Desktop - Chrome] 🔧 [URL Fix] Appending leadid=7B616751 to Thank You URL
[tra-d3][Desktop - Chrome] 📡 Fetching First API data for Lead ID: 7B616751...
[tra-d3][Desktop - Chrome] [STDERR] ❌ First API Attempt 1 failed: Invalid URL
[tra-d3][Desktop - Chrome] ⏳ Retrying in 1 second...
[tra-d3][Tablet - Chrome] [STDERR] ❌ Critical Google Sheets Error: The caller does not have permission
[tra-d3][Tablet - Chrome] [STDERR] ❌ Failed processing TRA-D3 Tablet: Failed to write to Google Sheets
[tra-d3][Tablet - Chrome] 
✅ Execution successfully processed! {
  success: false,
  error: 'Failed to write to Google Sheets',
  brand: 'TRA-D3 Tablet'
}
[tra-d3][Desktop - Chrome] [STDERR] ❌ First API Attempt 2 failed: Invalid URL
[tra-d3][Desktop - Chrome] ⏳ Retrying in 1 second...
[tra-d3][Tablet - Chrome] 📋 Trace report successfully saved: traces/tra-d3_tablet.zip
[tra-d3][Desktop - Chrome] [STDERR] ❌ First API Attempt 3 failed: Invalid URL
[tra-d3][Desktop - Chrome] 📡 Fetching Second API data for Lead ID: 7B616751...
📡 Standard Second API Payload: cake_id=7B616751, domain_name=https://www.taxreliefadvocates.com
[tra-d3][Desktop - Chrome] [STDERR] ❌ Second API Attempt 1 failed: Invalid URL
[tra-d3][Desktop - Chrome] ⏳ Retrying in 1 second to allow database synchronization...
[ppc-st][Tablet - Chrome] ✅ [Mobile] Page loaded successfully
[ppc-st][Tablet - Chrome] 💻 [Tablet] Injecting high-fidelity glossy iPad Pro mockup frame...
[ppc-st][Tablet - Chrome] 💻 [Tablet] Injecting high-fidelity glossy iPad Pro mockup frame...
[ppc-st][Tablet - Chrome] 📝 [Mobile] Starting mobile-specific form filling...
[ppc-st][Tablet - Chrome] 🔘 [Mobile] Step 1: Selecting Debt Amount (8,097)
[ppc-st][Tablet - Chrome] 🔘 [Mobile] Found jQuery UI Slider #slider. Setting value via jQuery and DOM evaluation...
[ppc-st][Tablet - Chrome] ✅ [Mobile] Set jQuery UI Slider #slider to 8,097
[tra-d3][Desktop - Chrome] 📡 Standard Second API Payload: cake_id=7B616751, domain_name=https://www.taxreliefadvocates.com
[tra-d3][Desktop - Chrome] [STDERR] ❌ Second API Attempt 2 failed: Invalid URL
[tra-d3][Desktop - Chrome] ⏳ Retrying in 1 second to allow database synchronization...
[ppc-st][Tablet - Chrome] 🔘 [Mobile] Clicking active visible button: .next-btn1:visible, .btn-next:visible
[tra-d3][Desktop - Chrome] 📡 Standard Second API Payload: cake_id=7B616751, domain_name=https://www.taxreliefadvocates.com
[tra-d3][Desktop - Chrome] [STDERR] ❌ Second API Attempt 3 failed: Invalid URL
[tra-d3][Desktop - Chrome] ⏳ Retrying in 1 second to allow database synchronization...
[ppc-st][Tablet - Chrome] ✅ [Mobile] Clicked: .next-btn1:visible, .btn-next:visible
[tra-d3][Desktop - Chrome] 📡 Standard Second API Payload: cake_id=7B616751, domain_name=https://www.taxreliefadvocates.com
[tra-d3][Desktop - Chrome] [STDERR] ❌ Second API Attempt 4 failed: Invalid URL
[tra-d3][Desktop - Chrome] ⏳ Retrying in 1 second to allow database synchronization...
✅ [3/6/2026, 1:04:50 pm] COMPLETED: tra-d3 [Tablet - Chrome][CHROMIUM]

================================================================
🚀 [3/6/2026, 1:04:50 pm] RUNNING: PPC-ST [DESKTOP - CHROME]
🔗 Target URL: https://flmtra.com/?a=659&oc=837&c=2210&s1=
================================================================
[ppc-st][Tablet - Chrome] 💻 [Tablet] Injecting high-fidelity glossy iPad Pro mockup frame...
[tra-d3][Desktop - Chrome] 📡 Standard Second API Payload: cake_id=7B616751, domain_name=https://www.taxreliefadvocates.com
[tra-d3][Desktop - Chrome] [STDERR] ❌ Second API Attempt 5 failed: Invalid URL
[tra-d3][Desktop - Chrome] 📡 [Rest-Assurance] Verifying Lead ID: 7B616751 via Backend...
[tra-d3][Desktop - Chrome] [STDERR] 🛡️  [Rest-Assurance] VERIFICATION_FAILED: Invalid URL
[tra-d3][Desktop - Chrome] [STDERR] (node:30644) Warning: Setting the NODE_TLS_REJECT_UNAUTHORIZED environment variable to '0' makes TLS connections and HTTPS requests insecure by disabling certificate verification.
(Use `node --trace-warnings ...` to show where the warning was created)
[ppc-st][Tablet - Chrome] ✅ [Mobile] Reached a recognized terminal step. Stopping dynamic traversal.
[ppc-st][Desktop - Chrome] 🔌 [Browser Interceptor] Intercepting and optimizing engine: CHROMIUM
[ppc-st][Desktop - Chrome] ◇ injected env (0) from .env // tip: ⌘ enable debugging { debug: true }
[ppc-st][Desktop - Chrome] ◇ injected env (0) from .env // tip: ◈ encrypted .env [www.dotenvx.com]
[ppc-st][Tablet - Chrome] 🔘 [Mobile] Step 2: Selecting State
[ppc-st][Tablet - Chrome] ✅ [Mobile] Selected state dynamically: "Wisconsin"
[ppc-st][Tablet - Chrome] 📝 [Mobile] step3 column set to State: "Wisconsin"
[ppc-st][Desktop - Chrome] ◇ injected env (0) from .env // tip: ⌘ override existing { override: true }
[ppc-st][Tablet - Chrome] 🔘 [Mobile] Clicking active visible button: .next-btn:visible, .next-btn2:visible, .btn-next:visible
[ppc-st][Tablet - Chrome] ✅ [Mobile] Clicked: .next-btn:visible, .next-btn2:visible, .btn-next:visible
[tra-d3][Desktop - Chrome] [STDERR] ❌ Critical Google Sheets Error: The caller does not have permission
[tra-d3][Desktop - Chrome] [STDERR] ❌ Failed processing TRA-D3: Failed to write to Google Sheets
[tra-d3][Desktop - Chrome] 
✅ Execution successfully processed! {
  success: false,
  error: 'Failed to write to Google Sheets',
  brand: 'TRA-D3'
}
[ppc-st][Desktop - Chrome] ◇ injected env (0) from .env // tip: ⌘ custom filepath { path: '/custom/path/.env' }
[ppc-st][Desktop - Chrome] ◇ injected env (0) from .env // tip: ◈ encrypted .env [www.dotenvx.com]
[ppc-st][Desktop - Chrome] 
🤖 ================================================================
[ppc-st][Desktop - Chrome] 🤖 MASTER RUNNER: LAUNCHING PPC-ST
[ppc-st][Desktop - Chrome] 🤖 Mode:            DESKTOP
[ppc-st][Desktop - Chrome] 🤖 Tracking URL:     https://flmtra.com/?a=659&oc=837&c=2210&s1=
[ppc-st][Desktop - Chrome] 🤖 Target Sheet:    PPC-ST
[ppc-st][Desktop - Chrome] 🤖 ================================================================
[ppc-st][Desktop - Chrome] 🔌 [Browser Interceptor] Intercepting and optimizing engine: CHROMIUM
[ppc-st][Desktop - Chrome] 💻 Emulated Device Profile: DESKTOP - [Desktop - Chrome]
[ppc-st][Desktop - Chrome] 🔄 Processing lead for brand: PPC-ST
[ppc-st][Desktop - Chrome] 📊 Campaign execution run index: 50
[ppc-st][Desktop - Chrome] 📅 [Rotational Logic] Week 1 Day 3. Target Range: 7500-10000 (Max allowed by URL: 18000)
[ppc-st][Desktop - Chrome] 🔗 [Mobile] Navigating to: https://flmtra.com/?a=659&oc=837&c=2210&s1=
[ppc-st][Tablet - Chrome] 💻 [Tablet] Injecting high-fidelity glossy iPad Pro mockup frame...
[ppc-st][Tablet - Chrome] 🔘 [Mobile] Step 3: Filling Contact Info (Dynamic Loop)...
[ppc-st][Tablet - Chrome] 💻 [Tablet] Injecting high-fidelity glossy iPad Pro mockup frame...
[tra-d3][Desktop - Chrome] 📋 Trace report successfully saved: traces/tra-d3_desktop.zip
[ppc-st][Tablet - Chrome] ✅ [Mobile] Filled First Name: ckmtestpixel
[ppc-st][Tablet - Chrome] ✅ [Mobile] Filled Last Name: ckmtestpixel
[ppc-st][Tablet - Chrome] ✅ [Mobile] Filled Email: ckmtestpixel@gmail.com
[ppc-st][Tablet - Chrome] ✅ [Mobile] Filled Phone: 401-247-1049
[ppc-st][Tablet - Chrome] 🔘 [Mobile] Clicking active contact NEXT/SUBMIT button...
[ppc-st][Tablet - Chrome] 💻 [Tablet] Injecting high-fidelity glossy iPad Pro mockup frame...
[ppc-st][Tablet - Chrome] 🔘 [Mobile] No active contact NEXT/SUBMIT button visible. Exiting loop.
🔘 [Mobile] Scanning for additional dynamic steps...
[ppc-st][Tablet - Chrome] ✅ [Mobile] Thank you page detected during adaptive submit loop. Exiting loop.
[ppc-st][Tablet - Chrome] 🔘 [Mobile] Submitting form
[ppc-st][Tablet - Chrome] 💾 [Mobile] Setting hidden debt fields to: 8097
[ppc-st][Android - Chrome] [STDERR] ⚠️ [Mobile] Standard submit buttons not found, consulting AI Agent...
[ppc-st][Android - Chrome] 🤖 [AI Agent] Analyzing Submit button for global...
[ppc-st][Tablet - Chrome] ⏳ [Mobile] Waiting for submission navigation to complete
[ppc-st][Android - Chrome] ⏳ [Mobile] Waiting for final Thank You page redirection...
[ppc-st][Android - Chrome] ✅ [Mobile] Targeted final redirect URL achieved!
[ppc-st][Android - Chrome] ✅ [Mobile] Final Thank You URL: https://tra.com/thank-you/nn?debt=8648&leadid=5130258B&reqid=26857115&affid=659&oid=133
[ppc-st][Android - Chrome] 📋 [Pre-Fix] Thank-you URL before debt correction: https://tra.com/thank-you/nn?debt=8648&leadid=5130258B&reqid=26857115&affid=659&oid=133
[ppc-st][Android - Chrome] 💾 [Debt Debug] formPage.selectedSliderAmount = "8,648"
💾 [Debt Debug] selectedDebtNum (numeric) = "8648"
[ppc-st][Android - Chrome] 🔧 [Debt Fix] Current debt in URL: 8648, Should be: 8648
[ppc-st][Android - Chrome] ✅ [Debt Fix] Debt parameter already correct
[ppc-st][Android - Chrome] 📱 [Mobile Diagnostic] Full Thank You URL Parameters: {"debt":"8648","leadid":"5130258B","reqid":"26857115","affid":"659","oid":"133"}
[ppc-st][Android - Chrome] ✅ [Mobile] Extracted Lead ID: 5130258B
[ppc-st][Android - Chrome] 📱 Device Type detected: Android - Chrome
[ppc-st][Android - Chrome] ✅ Lead captured: 5130258B
[ppc-st][Android - Chrome] 📡 Fetching First API data for Lead ID: 5130258B...
[ppc-st][Android - Chrome] [STDERR] ❌ First API Attempt 1 failed: Invalid URL
[ppc-st][Android - Chrome] ⏳ Retrying in 1 second...
[ppc-st][Android - Chrome] [STDERR] ❌ First API Attempt 2 failed: Invalid URL
[ppc-st][Android - Chrome] ⏳ Retrying in 1 second...
[ppc-st][Desktop - Chrome] ✅ [Mobile] Page loaded successfully
[ppc-st][Desktop - Chrome] 💻 [Tablet] Injecting high-fidelity glossy iPad Pro mockup frame...
[ppc-st][Desktop - Chrome] 💻 [Tablet] Injecting high-fidelity glossy iPad Pro mockup frame...
[ppc-st][Desktop - Chrome] 📝 [Mobile] Starting mobile-specific form filling...
[ppc-st][Desktop - Chrome] 🔘 [Mobile] Step 1: Selecting Debt Amount (8,428)
[ppc-st][Desktop - Chrome] 🔘 [Mobile] Found jQuery UI Slider #slider. Setting value via jQuery and DOM evaluation...
[ppc-st][Desktop - Chrome] ✅ [Mobile] Set jQuery UI Slider #slider to 8,428
[ppc-st][Android - Chrome] [STDERR] ❌ First API Attempt 3 failed: Invalid URL
[ppc-st][Android - Chrome] 📡 Fetching Second API data for Lead ID: 5130258B...
[ppc-st][Android - Chrome] 📡 Standard Second API Payload: cake_id=5130258B, domain_name=https://www.taxreliefadvocates.com
[ppc-st][Android - Chrome] [STDERR] ❌ Second API Attempt 1 failed: Invalid URL
[ppc-st][Android - Chrome] ⏳ Retrying in 1 second to allow database synchronization...
[ppc-st][Android - Chrome] 📡 Standard Second API Payload: cake_id=5130258B, domain_name=https://www.taxreliefadvocates.com
[ppc-st][Android - Chrome] [STDERR] ❌ Second API Attempt 2 failed: Invalid URL
[ppc-st][Android - Chrome] ⏳ Retrying in 1 second to allow database synchronization...
[ppc-st][Desktop - Chrome] 🔘 [Mobile] Clicking active visible button: .next-btn1:visible, .btn-next:visible
[ppc-st][Desktop - Chrome] ✅ [Mobile] Clicked: .next-btn1:visible, .btn-next:visible
[ppc-st][Android - Chrome] 📡 Standard Second API Payload: cake_id=5130258B, domain_name=https://www.taxreliefadvocates.com
[ppc-st][Android - Chrome] [STDERR] ❌ Second API Attempt 3 failed: Invalid URL
[ppc-st][Android - Chrome] ⏳ Retrying in 1 second to allow database synchronization...
✅ [3/6/2026, 1:05:02 pm] COMPLETED: tra-d3 [Desktop - Chrome][CHROMIUM]

================================================================
🚀 [3/6/2026, 1:05:02 pm] RUNNING: PPC-ST2 [ANDROID - CHROME]
🔗 Target URL: https://flmtra.com/?a=659&oc=858&c=2210&s1=
================================================================
[ppc-st2][Android - Chrome] 🔌 [Browser Interceptor] Intercepting and optimizing engine: CHROMIUM
[ppc-st2][Android - Chrome] ◇ injected env (0) from .env // tip: ⌘ custom filepath { path: '/custom/path/.env' }
[ppc-st2][Android - Chrome] ◇ injected env (0) from .env // tip: ◈ encrypted .env [www.dotenvx.com]
[ppc-st2][Android - Chrome] ◇ injected env (0) from .env // tip: ⌘ override existing { override: true }
[ppc-st][Desktop - Chrome] 💻 [Tablet] Injecting high-fidelity glossy iPad Pro mockup frame...
[ppc-st][Android - Chrome] 📡 Standard Second API Payload: cake_id=5130258B, domain_name=https://www.taxreliefadvocates.com
[ppc-st][Android - Chrome] [STDERR] ❌ Second API Attempt 4 failed: Invalid URL
[ppc-st][Android - Chrome] ⏳ Retrying in 1 second to allow database synchronization...
[ppc-st][Desktop - Chrome] ✅ [Mobile] Reached a recognized terminal step. Stopping dynamic traversal.
[ppc-st][Desktop - Chrome] 🔘 [Mobile] Step 2: Selecting State
[ppc-st][Desktop - Chrome] ✅ [Mobile] Selected state dynamically: "Wyoming"
📝 [Mobile] step3 column set to State: "Wyoming"
[ppc-st][Desktop - Chrome] 🔘 [Mobile] Clicking active visible button: .next-btn:visible, .next-btn2:visible, .btn-next:visible
[ppc-st][Desktop - Chrome] ✅ [Mobile] Clicked: .next-btn:visible, .next-btn2:visible, .btn-next:visible
[ppc-st][Android - Chrome] 📡 Standard Second API Payload: cake_id=5130258B, domain_name=https://www.taxreliefadvocates.com
[ppc-st][Android - Chrome] [STDERR] ❌ Second API Attempt 5 failed: Invalid URL
[ppc-st][Android - Chrome] 📡 [Rest-Assurance] Verifying Lead ID: 5130258B via Backend...
[ppc-st][Android - Chrome] [STDERR] 🛡️  [Rest-Assurance] VERIFICATION_FAILED: Invalid URL
[ppc-st][Android - Chrome] [STDERR] (node:32068) Warning: Setting the NODE_TLS_REJECT_UNAUTHORIZED environment variable to '0' makes TLS connections and HTTPS requests insecure by disabling certificate verification.
(Use `node --trace-warnings ...` to show where the warning was created)
[ppc-st2][Android - Chrome] ◇ injected env (0) from .env // tip: ⌘ override existing { override: true }
[ppc-st2][Android - Chrome] ◇ injected env (0) from .env // tip: ⌁ auth for agents [www.vestauth.com]
[ppc-st2][Android - Chrome] 
🤖 ================================================================
🤖 MASTER RUNNER: LAUNCHING PPC-ST2
[ppc-st2][Android - Chrome] 🤖 Mode:            MOBILE
[ppc-st2][Android - Chrome] 🤖 Tracking URL:     https://flmtra.com/?a=659&oc=858&c=2210&s1=
[ppc-st2][Android - Chrome] 🤖 Target Sheet:    PPC-ST2
🤖 ================================================================
[ppc-st2][Android - Chrome] 🔌 [Browser Interceptor] Intercepting and optimizing engine: CHROMIUM
[ppc-st2][Android - Chrome] 📋 Emulated Device Profile: MOBILE (Pixel 7) - [Android - Chrome]
[ppc-st2][Android - Chrome] ⏳ Delaying 200ms to allow responsive layouts to mount...
[ppc-st2][Android - Chrome] 🔄 Processing lead for brand: PPC-ST2 Mobile
[ppc-st2][Android - Chrome] 📊 Campaign execution run index: 48
[ppc-st2][Android - Chrome] 📅 [Rotational Logic] Week 1 Day 3. Target Range: 7500-10000 (Max allowed by URL: 20000)
[ppc-st2][Android - Chrome] 🔗 [Mobile] Navigating to: https://flmtra.com/?a=659&oc=858&c=2210&s1=
[ppc-st][Desktop - Chrome] 💻 [Tablet] Injecting high-fidelity glossy iPad Pro mockup frame...
[ppc-st][Desktop - Chrome] 🔘 [Mobile] Step 3: Filling Contact Info (Dynamic Loop)...
[ppc-st][Desktop - Chrome] 💻 [Tablet] Injecting high-fidelity glossy iPad Pro mockup frame...
[ppc-st][Android - Chrome] [STDERR] ❌ Critical Google Sheets Error: The caller does not have permission
[ppc-st][Android - Chrome] [STDERR] ❌ Failed processing PPC-ST Mobile: Failed to write to Google Sheets
[ppc-st][Android - Chrome] 
✅ Execution successfully processed! {
  success: false,
  error: 'Failed to write to Google Sheets',
  brand: 'PPC-ST Mobile'
}
[ppc-st][Desktop - Chrome] ✅ [Mobile] Filled First Name: ckmtestpixel
[ppc-st][Desktop - Chrome] ✅ [Mobile] Filled Last Name: ckmtestpixel
[ppc-st][Desktop - Chrome] ✅ [Mobile] Filled Email: ckmtestpixel@gmail.com
[ppc-st][Android - Chrome] 📋 Trace report successfully saved: traces/ppc-st_mobile.zip
[ppc-st][Desktop - Chrome] ✅ [Mobile] Filled Phone: 401-247-1050
[ppc-st][Desktop - Chrome] 🔘 [Mobile] Clicking active contact NEXT/SUBMIT button...
[ppc-st][Desktop - Chrome] 💻 [Tablet] Injecting high-fidelity glossy iPad Pro mockup frame...
[ppc-st][Desktop - Chrome] ✅ [Mobile] Filled Phone: 401-247-1050
[ppc-st][Desktop - Chrome] 🔘 [Mobile] Clicking active contact NEXT/SUBMIT button...
[ppc-st][Desktop - Chrome] 💻 [Tablet] Injecting high-fidelity glossy iPad Pro mockup frame...
[ppc-st][Desktop - Chrome] ✅ [Mobile] Thank you page or lead id detected in URL during contact loop. Exiting contact loop.
[ppc-st][Desktop - Chrome] 🔘 [Mobile] Scanning for additional dynamic steps...
[ppc-st][Desktop - Chrome] ✅ [Mobile] Thank you page detected during adaptive submit loop. Exiting loop.
[ppc-st][Desktop - Chrome] 🔘 [Mobile] Submitting form
💾 [Mobile] Setting hidden debt fields to: 8428
[ppc-st][Desktop - Chrome] ⏳ [Mobile] Waiting for submission navigation to complete
✅ [3/6/2026, 1:05:12 pm] COMPLETED: ppc-st [Android - Chrome][CHROMIUM]

================================================================
🚀 [3/6/2026, 1:05:12 pm] RUNNING: PPC-ST2 [TABLET - CHROME]
🔗 Target URL: https://flmtra.com/?a=659&oc=858&c=2210&s1=
================================================================
[ppc-st2][Android - Chrome] ✅ [Mobile] Page loaded successfully
[ppc-st2][Android - Chrome] 📱 [Mobile] Injecting high-fidelity glossy Natural Titanium iPhone 17 Pro mockup frame...
[ppc-st2][Android - Chrome] 📱 [Mobile] Injecting high-fidelity glossy Natural Titanium iPhone 17 Pro mockup frame...
[ppc-st2][Android - Chrome] 📝 [Mobile] Starting mobile-specific form filling...
[ppc-st2][Android - Chrome] 🔘 [Mobile] Step 1: Selecting Debt Amount (9,652)
[ppc-st2][Android - Chrome] 🔘 [Mobile] Found jQuery UI Slider #slider. Setting value via jQuery and DOM evaluation...
[ppc-st2][Android - Chrome] ✅ [Mobile] Set jQuery UI Slider #slider to 9,652
[ppc-st2][Tablet - Chrome] 🔌 [Browser Interceptor] Intercepting and optimizing engine: CHROMIUM
[ppc-st2][Tablet - Chrome] ◇ injected env (0) from .env // tip: ⌁ auth for agents [www.vestauth.com]
[ppc-st2][Tablet - Chrome] ◇ injected env (0) from .env // tip: ◈ encrypted .env [www.dotenvx.com]
[ppc-st2][Tablet - Chrome] ◇ injected env (0) from .env // tip: ◈ secrets for agents [www.dotenvx.com]
[ppc-st2][Android - Chrome] 🔘 [Mobile] Clicking active visible button: .next-btn1:visible, .btn-next:visible
[ppc-st2][Android - Chrome] ✅ [Mobile] Clicked: .next-btn1:visible, .btn-next:visible
[ppc-st2][Tablet - Chrome] ◇ injected env (0) from .env // tip: ⌘ suppress logs { quiet: true }
[ppc-st2][Tablet - Chrome] ◇ injected env (0) from .env // tip: ◈ secrets for agents [www.dotenvx.com]
[ppc-st2][Tablet - Chrome] 
🤖 ================================================================
[ppc-st2][Tablet - Chrome] 🤖 MASTER RUNNER: LAUNCHING PPC-ST2
🤖 Mode:            TABLET
🤖 Tracking URL:     https://flmtra.com/?a=659&oc=858&c=2210&s1=
🤖 Target Sheet:    PPC-ST2
[ppc-st2][Tablet - Chrome] 🤖 ================================================================
[ppc-st2][Tablet - Chrome] 🔌 [Browser Interceptor] Intercepting and optimizing engine: CHROMIUM
[ppc-st2][Tablet - Chrome] 📋 Emulated Device Profile: TABLET (iPad Pro 11) - [Tablet - Chrome]
[ppc-st2][Tablet - Chrome] ⏳ Delaying 200ms to allow responsive layouts to mount...
[ppc-st2][Tablet - Chrome] 🔄 Processing lead for brand: PPC-ST2 Tablet
[ppc-st2][Tablet - Chrome] 📊 Campaign execution run index: 49
[ppc-st2][Tablet - Chrome] 📅 [Rotational Logic] Week 1 Day 3. Target Range: 7500-10000 (Max allowed by URL: 20000)
[ppc-st2][Tablet - Chrome] 🔗 [Mobile] Navigating to: https://flmtra.com/?a=659&oc=858&c=2210&s1=
[ppc-st2][Android - Chrome] 📱 [Mobile] Injecting high-fidelity glossy Natural Titanium iPhone 17 Pro mockup frame...
[ppc-st2][Android - Chrome] ✅ [Mobile] Reached a recognized terminal step. Stopping dynamic traversal.
[ppc-st2][Android - Chrome] 🔘 [Mobile] Step 2: Selecting State
[ppc-st2][Android - Chrome] ✅ [Mobile] Selected state dynamically: "West Virginia"
📝 [Mobile] step3 column set to State: "West Virginia"
[ppc-st2][Android - Chrome] 🔘 [Mobile] Clicking active visible button: .next-btn:visible, .next-btn2:visible, .btn-next:visible
[ppc-st2][Android - Chrome] ✅ [Mobile] Clicked: .next-btn:visible, .next-btn2:visible, .btn-next:visible
[ppc-st][Tablet - Chrome] [STDERR] ⚠️ [Mobile] Standard submit buttons not found, consulting AI Agent...
[ppc-st][Tablet - Chrome] 🤖 [AI Agent] Analyzing Submit button for global...
[ppc-st][Tablet - Chrome] ⏳ [Mobile] Waiting for final Thank You page redirection...
[ppc-st][Tablet - Chrome] ✅ [Mobile] Targeted final redirect URL achieved!
[ppc-st][Tablet - Chrome] ✅ [Mobile] Final Thank You URL: https://tra.com/thank-you/nn?debt=8097&leadid=CB3D70E6&reqid=26857117&affid=659&oid=133
📋 [Pre-Fix] Thank-you URL before debt correction: https://tra.com/thank-you/nn?debt=8097&leadid=CB3D70E6&reqid=26857117&affid=659&oid=133
[ppc-st][Tablet - Chrome] 💾 [Debt Debug] formPage.selectedSliderAmount = "8,097"
💾 [Debt Debug] selectedDebtNum (numeric) = "8097"
[ppc-st][Tablet - Chrome] 🔧 [Debt Fix] Current debt in URL: 8097, Should be: 8097
✅ [Debt Fix] Debt parameter already correct
[ppc-st][Tablet - Chrome] 📱 [Mobile Diagnostic] Full Thank You URL Parameters: {"debt":"8097","leadid":"CB3D70E6","reqid":"26857117","affid":"659","oid":"133"}
[ppc-st][Tablet - Chrome] ✅ [Mobile] Extracted Lead ID: CB3D70E6
📱 Device Type detected: Tablet - Chrome
✅ Lead captured: CB3D70E6
[ppc-st][Tablet - Chrome] 📡 Fetching First API data for Lead ID: CB3D70E6...
[ppc-st2][Android - Chrome] 📱 [Mobile] Injecting high-fidelity glossy Natural Titanium iPhone 17 Pro mockup frame...
[ppc-st2][Android - Chrome] 🔘 [Mobile] Step 3: Filling Contact Info (Dynamic Loop)...
[ppc-st][Tablet - Chrome] [STDERR] ❌ First API Attempt 1 failed: Invalid URL
[ppc-st][Tablet - Chrome] ⏳ Retrying in 1 second...
[ppc-st2][Android - Chrome] 📱 [Mobile] Injecting high-fidelity glossy Natural Titanium iPhone 17 Pro mockup frame...
[ppc-st2][Android - Chrome] ✅ [Mobile] Filled First Name: ckmtestpixel
[ppc-st2][Android - Chrome] ✅ [Mobile] Filled Last Name: ckmtestpixel
[ppc-st2][Android - Chrome] ✅ [Mobile] Filled Email: ckmtestpixel@gmail.com
[ppc-st2][Android - Chrome] ✅ [Mobile] Filled Phone: 401-247-1048
[ppc-st2][Android - Chrome] 🔘 [Mobile] Clicking active contact NEXT/SUBMIT button...
[ppc-st][Tablet - Chrome] [STDERR] ❌ First API Attempt 2 failed: Invalid URL
[ppc-st][Tablet - Chrome] ⏳ Retrying in 1 second...
[ppc-st][Tablet - Chrome] [STDERR] ❌ First API Attempt 3 failed: Invalid URL
[ppc-st][Tablet - Chrome] 📡 Fetching Second API data for Lead ID: CB3D70E6...
[ppc-st][Tablet - Chrome] 📡 Standard Second API Payload: cake_id=CB3D70E6, domain_name=https://www.taxreliefadvocates.com
[ppc-st][Tablet - Chrome] [STDERR] ❌ Second API Attempt 1 failed: Invalid URL
[ppc-st][Tablet - Chrome] ⏳ Retrying in 1 second to allow database synchronization...
[ppc-st2][Android - Chrome] 📱 [Mobile] Injecting high-fidelity glossy Natural Titanium iPhone 17 Pro mockup frame...
[ppc-st][Tablet - Chrome] 📡 Standard Second API Payload: cake_id=CB3D70E6, domain_name=https://www.taxreliefadvocates.com
[ppc-st][Tablet - Chrome] [STDERR] ❌ Second API Attempt 2 failed: Invalid URL
[ppc-st][Tablet - Chrome] ⏳ Retrying in 1 second to allow database synchronization...
[ppc-st2][Android - Chrome] ✅ [Mobile] Filled Phone: 401-247-1048
[ppc-st2][Android - Chrome] 🔘 [Mobile] Clicking active contact NEXT/SUBMIT button...
[ppc-st2][Tablet - Chrome] ✅ [Mobile] Page loaded successfully
[ppc-st2][Tablet - Chrome] 💻 [Tablet] Injecting high-fidelity glossy iPad Pro mockup frame...
[ppc-st2][Tablet - Chrome] 💻 [Tablet] Injecting high-fidelity glossy iPad Pro mockup frame...
[ppc-st2][Tablet - Chrome] 📝 [Mobile] Starting mobile-specific form filling...
[ppc-st][Tablet - Chrome] 📡 Standard Second API Payload: cake_id=CB3D70E6, domain_name=https://www.taxreliefadvocates.com
[ppc-st][Tablet - Chrome] [STDERR] ❌ Second API Attempt 3 failed: Invalid URL
[ppc-st][Tablet - Chrome] ⏳ Retrying in 1 second to allow database synchronization...
[ppc-st2][Tablet - Chrome] 🔘 [Mobile] Step 1: Selecting Debt Amount (8,943)
[ppc-st2][Tablet - Chrome] 🔘 [Mobile] Found jQuery UI Slider #slider. Setting value via jQuery and DOM evaluation...
[ppc-st2][Tablet - Chrome] ✅ [Mobile] Set jQuery UI Slider #slider to 8,943
[ppc-st][Tablet - Chrome] 📡 Standard Second API Payload: cake_id=CB3D70E6, domain_name=https://www.taxreliefadvocates.com
[ppc-st][Tablet - Chrome] [STDERR] ❌ Second API Attempt 4 failed: Invalid URL
[ppc-st][Tablet - Chrome] ⏳ Retrying in 1 second to allow database synchronization...
[ppc-st2][Android - Chrome] 📱 [Mobile] Injecting high-fidelity glossy Natural Titanium iPhone 17 Pro mockup frame...
[ppc-st2][Android - Chrome] ✅ [Mobile] Thank you page or lead id detected in URL during contact loop. Exiting contact loop.
[ppc-st2][Android - Chrome] 🔘 [Mobile] Scanning for additional dynamic steps...
[ppc-st2][Android - Chrome] ✅ [Mobile] Thank you page detected during adaptive submit loop. Exiting loop.
[ppc-st2][Android - Chrome] 🔘 [Mobile] Submitting form
💾 [Mobile] Setting hidden debt fields to: 9652
[ppc-st2][Android - Chrome] ⏳ [Mobile] Waiting for submission navigation to complete
[ppc-st][Tablet - Chrome] 📡 Standard Second API Payload: cake_id=CB3D70E6, domain_name=https://www.taxreliefadvocates.com
[ppc-st][Tablet - Chrome] [STDERR] ❌ Second API Attempt 5 failed: Invalid URL
[ppc-st][Tablet - Chrome] 📡 [Rest-Assurance] Verifying Lead ID: CB3D70E6 via Backend...
[ppc-st][Tablet - Chrome] [STDERR] 🛡️  [Rest-Assurance] VERIFICATION_FAILED: Invalid URL
[ppc-st][Tablet - Chrome] [STDERR] (node:25492) Warning: Setting the NODE_TLS_REJECT_UNAUTHORIZED environment variable to '0' makes TLS connections and HTTPS requests insecure by disabling certificate verification.
(Use `node --trace-warnings ...` to show where the warning was created)
[ppc-st2][Tablet - Chrome] 🔘 [Mobile] Clicking active visible button: .next-btn1:visible, .btn-next:visible
[ppc-st2][Tablet - Chrome] ✅ [Mobile] Clicked: .next-btn1:visible, .btn-next:visible
[ppc-st][Tablet - Chrome] [STDERR] ❌ Critical Google Sheets Error: The caller does not have permission
❌ Failed processing PPC-ST Tablet: Failed to write to Google Sheets
[ppc-st][Tablet - Chrome] 
✅ Execution successfully processed! {
  success: false,
  error: 'Failed to write to Google Sheets',
  brand: 'PPC-ST Tablet'
}
[ppc-st][Tablet - Chrome] 📋 Trace report successfully saved: traces/ppc-st_tablet.zip
[ppc-st2][Tablet - Chrome] 💻 [Tablet] Injecting high-fidelity glossy iPad Pro mockup frame...
[ppc-st2][Tablet - Chrome] ✅ [Mobile] Reached a recognized terminal step. Stopping dynamic traversal.
[ppc-st2][Tablet - Chrome] 🔘 [Mobile] Step 2: Selecting State
[ppc-st2][Tablet - Chrome] ✅ [Mobile] Selected state dynamically: "Wisconsin"
📝 [Mobile] step3 column set to State: "Wisconsin"
[ppc-st2][Tablet - Chrome] 🔘 [Mobile] Clicking active visible button: .next-btn:visible, .next-btn2:visible, .btn-next:visible
[ppc-st2][Tablet - Chrome] ✅ [Mobile] Clicked: .next-btn:visible, .next-btn2:visible, .btn-next:visible
[ppc-st2][Tablet - Chrome] 💻 [Tablet] Injecting high-fidelity glossy iPad Pro mockup frame...
[ppc-st2][Tablet - Chrome] 🔘 [Mobile] Step 3: Filling Contact Info (Dynamic Loop)...
[ppc-st2][Tablet - Chrome] 💻 [Tablet] Injecting high-fidelity glossy iPad Pro mockup frame...
[ppc-st2][Tablet - Chrome] ✅ [Mobile] Filled First Name: ckmtestpixel
[ppc-st2][Tablet - Chrome] ✅ [Mobile] Filled Last Name: ckmtestpixel
[ppc-st2][Tablet - Chrome] ✅ [Mobile] Filled Email: ckmtestpixel@gmail.com
[ppc-st2][Tablet - Chrome] ✅ [Mobile] Filled Phone: 401-247-1049
[ppc-st2][Tablet - Chrome] 🔘 [Mobile] Clicking active contact NEXT/SUBMIT button...
[ppc-st2][Tablet - Chrome] 💻 [Tablet] Injecting high-fidelity glossy iPad Pro mockup frame...
[ppc-st][Desktop - Chrome] [STDERR] ⚠️ [Mobile] Standard submit buttons not found, consulting AI Agent...
[ppc-st][Desktop - Chrome] 🤖 [AI Agent] Analyzing Submit button for global...
[ppc-st][Desktop - Chrome] ⏳ [Mobile] Waiting for final Thank You page redirection...
[ppc-st][Desktop - Chrome] ✅ [Mobile] Targeted final redirect URL achieved!
[ppc-st][Desktop - Chrome] ✅ [Mobile] Final Thank You URL: https://tra.com/thank-you/nn?debt=8428&leadid=5B1F2540&reqid=26857118&affid=659&oid=133
📋 [Pre-Fix] Thank-you URL before debt correction: https://tra.com/thank-you/nn?debt=8428&leadid=5B1F2540&reqid=26857118&affid=659&oid=133
[ppc-st][Desktop - Chrome] 💾 [Debt Debug] formPage.selectedSliderAmount = "8,428"
💾 [Debt Debug] selectedDebtNum (numeric) = "8428"
[ppc-st][Desktop - Chrome] 🔧 [Debt Fix] Current debt in URL: 8428, Should be: 8428
✅ [Debt Fix] Debt parameter already correct
[ppc-st][Desktop - Chrome] 📱 [Mobile Diagnostic] Full Thank You URL Parameters: {"debt":"8428","leadid":"5B1F2540","reqid":"26857118","affid":"659","oid":"133"}
[ppc-st][Desktop - Chrome] ✅ [Mobile] Extracted Lead ID: 5B1F2540
[ppc-st][Desktop - Chrome] 📱 Device Type detected: Desktop - Chrome
[ppc-st][Desktop - Chrome] ✅ Lead captured: 5B1F2540
[ppc-st][Desktop - Chrome] 📡 Fetching First API data for Lead ID: 5B1F2540...
[ppc-st][Desktop - Chrome] [STDERR] ❌ First API Attempt 1 failed: Invalid URL
[ppc-st][Desktop - Chrome] ⏳ Retrying in 1 second...
[ppc-st2][Tablet - Chrome] ✅ [Mobile] Filled Phone: 401-247-1049
✅ [3/6/2026, 1:05:33 pm] COMPLETED: ppc-st [Tablet - Chrome][CHROMIUM]

================================================================
🚀 [3/6/2026, 1:05:33 pm] RUNNING: PPC-ST2 [DESKTOP - CHROME]
🔗 Target URL: https://flmtra.com/?a=659&oc=858&c=2210&s1=
================================================================
[ppc-st2][Tablet - Chrome] 🔘 [Mobile] Clicking active contact NEXT/SUBMIT button...
[ppc-st2][Desktop - Chrome] 🔌 [Browser Interceptor] Intercepting and optimizing engine: CHROMIUM
[ppc-st2][Desktop - Chrome] ◇ injected env (0) from .env // tip: ◈ secrets for agents [www.dotenvx.com]
[ppc-st2][Desktop - Chrome] ◇ injected env (0) from .env // tip: ⌁ auth for agents [www.vestauth.com]
[ppc-st2][Desktop - Chrome] ◇ injected env (0) from .env // tip: ⌘ override existing { override: true }
[ppc-st][Desktop - Chrome] [STDERR] ❌ First API Attempt 2 failed: Invalid URL
[ppc-st][Desktop - Chrome] ⏳ Retrying in 1 second...
[ppc-st2][Desktop - Chrome] ◇ injected env (0) from .env // tip: ◈ encrypted .env [www.dotenvx.com]
[ppc-st2][Desktop - Chrome] ◇ injected env (0) from .env // tip: ◈ encrypted .env [www.dotenvx.com]
[ppc-st2][Desktop - Chrome] 
🤖 ================================================================
🤖 MASTER RUNNER: LAUNCHING PPC-ST2
🤖 Mode:            DESKTOP
[ppc-st2][Desktop - Chrome] 🤖 Tracking URL:     https://flmtra.com/?a=659&oc=858&c=2210&s1=
🤖 Target Sheet:    PPC-ST2
🤖 ================================================================
[ppc-st2][Desktop - Chrome] 🔌 [Browser Interceptor] Intercepting and optimizing engine: CHROMIUM
[ppc-st][Desktop - Chrome] [STDERR] ❌ First API Attempt 3 failed: Invalid URL
[ppc-st][Desktop - Chrome] 📡 Fetching Second API data for Lead ID: 5B1F2540...
[ppc-st][Desktop - Chrome] 📡 Standard Second API Payload: cake_id=5B1F2540, domain_name=https://www.taxreliefadvocates.com
[ppc-st][Desktop - Chrome] [STDERR] ❌ Second API Attempt 1 failed: Invalid URL
[ppc-st][Desktop - Chrome] ⏳ Retrying in 1 second to allow database synchronization...
[ppc-st2][Desktop - Chrome] 💻 Emulated Device Profile: DESKTOP - [Desktop - Chrome]
[ppc-st2][Desktop - Chrome] 🔄 Processing lead for brand: PPC-ST2
[ppc-st2][Desktop - Chrome] 📊 Campaign execution run index: 50
[ppc-st2][Desktop - Chrome] 📅 [Rotational Logic] Week 1 Day 3. Target Range: 7500-10000 (Max allowed by URL: 20000)
[ppc-st2][Desktop - Chrome] 🔗 [Mobile] Navigating to: https://flmtra.com/?a=659&oc=858&c=2210&s1=
[ppc-st2][Tablet - Chrome] 💻 [Tablet] Injecting high-fidelity glossy iPad Pro mockup frame...
[ppc-st2][Tablet - Chrome] ✅ [Mobile] Thank you page or lead id detected in URL during contact loop. Exiting contact loop.
🔘 [Mobile] Scanning for additional dynamic steps...
[ppc-st2][Tablet - Chrome] ✅ [Mobile] Thank you page detected during adaptive submit loop. Exiting loop.
[ppc-st2][Tablet - Chrome] 🔘 [Mobile] Submitting form
[ppc-st2][Tablet - Chrome] 💾 [Mobile] Setting hidden debt fields to: 8943
[ppc-st2][Tablet - Chrome] ⏳ [Mobile] Waiting for submission navigation to complete
[ppc-st][Desktop - Chrome] 📡 Standard Second API Payload: cake_id=5B1F2540, domain_name=https://www.taxreliefadvocates.com
[ppc-st][Desktop - Chrome] [STDERR] ❌ Second API Attempt 2 failed: Invalid URL
[ppc-st][Desktop - Chrome] ⏳ Retrying in 1 second to allow database synchronization...
[ppc-st][Desktop - Chrome] 📡 Standard Second API Payload: cake_id=5B1F2540, domain_name=https://www.taxreliefadvocates.com
[ppc-st][Desktop - Chrome] [STDERR] ❌ Second API Attempt 3 failed: Invalid URL
[ppc-st][Desktop - Chrome] ⏳ Retrying in 1 second to allow database synchronization...
[ppc-st][Desktop - Chrome] 📡 Standard Second API Payload: cake_id=5B1F2540, domain_name=https://www.taxreliefadvocates.com
[ppc-st][Desktop - Chrome] [STDERR] ❌ Second API Attempt 4 failed: Invalid URL
[ppc-st][Desktop - Chrome] ⏳ Retrying in 1 second to allow database synchronization...
[ppc-st][Desktop - Chrome] 📡 Standard Second API Payload: cake_id=5B1F2540, domain_name=https://www.taxreliefadvocates.com
[ppc-st][Desktop - Chrome] [STDERR] ❌ Second API Attempt 5 failed: Invalid URL
[ppc-st][Desktop - Chrome] 📡 [Rest-Assurance] Verifying Lead ID: 5B1F2540 via Backend...
[ppc-st][Desktop - Chrome] [STDERR] 🛡️  [Rest-Assurance] VERIFICATION_FAILED: Invalid URL
[ppc-st][Desktop - Chrome] [STDERR] (node:35312) Warning: Setting the NODE_TLS_REJECT_UNAUTHORIZED environment variable to '0' makes TLS connections and HTTPS requests insecure by disabling certificate verification.
(Use `node --trace-warnings ...` to show where the warning was created)
[ppc-st][Desktop - Chrome] [STDERR] ❌ Critical Google Sheets Error: The caller does not have permission
[ppc-st][Desktop - Chrome] [STDERR] ❌ Failed processing PPC-ST: Failed to write to Google Sheets
[ppc-st][Desktop - Chrome] 
✅ Execution successfully processed! {
  success: false,
  error: 'Failed to write to Google Sheets',
  brand: 'PPC-ST'
}
[ppc-st][Desktop - Chrome] 📋 Trace report successfully saved: traces/ppc-st_desktop.zip
[ppc-st2][Desktop - Chrome] ✅ [Mobile] Page loaded successfully
[ppc-st2][Desktop - Chrome] 💻 [Tablet] Injecting high-fidelity glossy iPad Pro mockup frame...
[ppc-st2][Desktop - Chrome] 💻 [Tablet] Injecting high-fidelity glossy iPad Pro mockup frame...
[ppc-st2][Desktop - Chrome] 📝 [Mobile] Starting mobile-specific form filling...
[ppc-st2][Desktop - Chrome] 🔘 [Mobile] Step 1: Selecting Debt Amount (9,546)
[ppc-st2][Desktop - Chrome] 🔘 [Mobile] Found jQuery UI Slider #slider. Setting value via jQuery and DOM evaluation...
[ppc-st2][Desktop - Chrome] ✅ [Mobile] Set jQuery UI Slider #slider to 9,546
[ppc-st2][Desktop - Chrome] 🔘 [Mobile] Clicking active visible button: .next-btn1:visible, .btn-next:visible
[ppc-st2][Desktop - Chrome] ✅ [Mobile] Clicked: .next-btn1:visible, .btn-next:visible
[ppc-st2][Desktop - Chrome] 💻 [Tablet] Injecting high-fidelity glossy iPad Pro mockup frame...
[ppc-st2][Desktop - Chrome] ✅ [Mobile] Reached a recognized terminal step. Stopping dynamic traversal.
[ppc-st2][Desktop - Chrome] 🔘 [Mobile] Step 2: Selecting State
[ppc-st2][Desktop - Chrome] ✅ [Mobile] Selected state dynamically: "Wyoming"
📝 [Mobile] step3 column set to State: "Wyoming"
[ppc-st2][Desktop - Chrome] 🔘 [Mobile] Clicking active visible button: .next-btn:visible, .next-btn2:visible, .btn-next:visible
[ppc-st2][Desktop - Chrome] ✅ [Mobile] Clicked: .next-btn:visible, .next-btn2:visible, .btn-next:visible
[ppc-st2][Android - Chrome] [STDERR] ⚠️ [Mobile] Standard submit buttons not found, consulting AI Agent...
[ppc-st2][Android - Chrome] 🤖 [AI Agent] Analyzing Submit button for global...
[ppc-st2][Android - Chrome] ⏳ [Mobile] Waiting for final Thank You page redirection...
[ppc-st2][Android - Chrome] ✅ [Mobile] Targeted final redirect URL achieved!
[ppc-st2][Android - Chrome] ✅ [Mobile] Final Thank You URL: https://tra.com/thank-you/nn?debt=9652&leadid=6F4105D2&reqid=26857119&affid=659&oid=133
📋 [Pre-Fix] Thank-you URL before debt correction: https://tra.com/thank-you/nn?debt=9652&leadid=6F4105D2&reqid=26857119&affid=659&oid=133
[ppc-st2][Android - Chrome] 💾 [Debt Debug] formPage.selectedSliderAmount = "9,652"
[ppc-st2][Android - Chrome] 💾 [Debt Debug] selectedDebtNum (numeric) = "9652"
[ppc-st2][Android - Chrome] 🔧 [Debt Fix] Current debt in URL: 9652, Should be: 9652
✅ [Debt Fix] Debt parameter already correct
[ppc-st2][Android - Chrome] 📱 [Mobile Diagnostic] Full Thank You URL Parameters: {"debt":"9652","leadid":"6F4105D2","reqid":"26857119","affid":"659","oid":"133"}
[ppc-st2][Android - Chrome] ✅ [Mobile] Extracted Lead ID: 6F4105D2
[ppc-st2][Android - Chrome] 📱 Device Type detected: Android - Chrome
[ppc-st2][Android - Chrome] ✅ Lead captured: 6F4105D2
[ppc-st2][Android - Chrome] 📡 Fetching First API data for Lead ID: 6F4105D2...
[ppc-st2][Android - Chrome] [STDERR] ❌ First API Attempt 1 failed: Invalid URL
[ppc-st2][Android - Chrome] ⏳ Retrying in 1 second...
[ppc-st2][Desktop - Chrome] 💻 [Tablet] Injecting high-fidelity glossy iPad Pro mockup frame...
[ppc-st2][Desktop - Chrome] 🔘 [Mobile] Step 3: Filling Contact Info (Dynamic Loop)...
[ppc-st2][Desktop - Chrome] 💻 [Tablet] Injecting high-fidelity glossy iPad Pro mockup frame...
[ppc-st2][Android - Chrome] [STDERR] ❌ First API Attempt 2 failed: Invalid URL
[ppc-st2][Android - Chrome] ⏳ Retrying in 1 second...
✅ [3/6/2026, 1:05:45 pm] COMPLETED: ppc-st [Desktop - Chrome][CHROMIUM]

================================================================
🚀 [3/6/2026, 1:05:45 pm] RUNNING: PPC-M-CA [ANDROID - CHROME]
🔗 Target URL: https://flmtra.com/?a=659&oc=822&c=2210&s1=
================================================================
[ppc-st2][Desktop - Chrome] ✅ [Mobile] Filled First Name: ckmtestpixel
[ppc-st2][Desktop - Chrome] ✅ [Mobile] Filled Last Name: ckmtestpixel
[ppc-st2][Desktop - Chrome] ✅ [Mobile] Filled Email: ckmtestpixel@gmail.com
[ppc-m-ca][Android - Chrome] 🔌 [Browser Interceptor] Intercepting and optimizing engine: CHROMIUM
[ppc-m-ca][Android - Chrome] ◇ injected env (0) from .env // tip: ⌘ enable debugging { debug: true }
[ppc-m-ca][Android - Chrome] ◇ injected env (0) from .env // tip: ◈ encrypted .env [www.dotenvx.com]
[ppc-m-ca][Android - Chrome] ◇ injected env (0) from .env // tip: ⌘ enable debugging { debug: true }
[ppc-st2][Desktop - Chrome] ✅ [Mobile] Filled Phone: 401-247-1050
[ppc-st2][Android - Chrome] [STDERR] ❌ First API Attempt 3 failed: Invalid URL
[ppc-st2][Android - Chrome] 📡 Fetching Second API data for Lead ID: 6F4105D2...
[ppc-st2][Android - Chrome] 📡 Standard Second API Payload: cake_id=6F4105D2, domain_name=https://www.taxreliefadvocates.com
[ppc-st2][Android - Chrome] [STDERR] ❌ Second API Attempt 1 failed: Invalid URL
[ppc-st2][Android - Chrome] ⏳ Retrying in 1 second to allow database synchronization...
[ppc-st2][Desktop - Chrome] 🔘 [Mobile] Clicking active contact NEXT/SUBMIT button...
[ppc-st2][Android - Chrome] 📡 Standard Second API Payload: cake_id=6F4105D2, domain_name=https://www.taxreliefadvocates.com
[ppc-st2][Android - Chrome] [STDERR] ❌ Second API Attempt 2 failed: Invalid URL
[ppc-st2][Android - Chrome] ⏳ Retrying in 1 second to allow database synchronization...
[ppc-m-ca][Android - Chrome] ◇ injected env (0) from .env // tip: ◈ encrypted .env [www.dotenvx.com]
[ppc-m-ca][Android - Chrome] ◇ injected env (0) from .env // tip: ◈ secrets for agents [www.dotenvx.com]
[ppc-m-ca][Android - Chrome] 
🤖 ================================================================
[ppc-m-ca][Android - Chrome] 🤖 MASTER RUNNER: LAUNCHING PPC-M-CA
🤖 Mode:            MOBILE
[ppc-m-ca][Android - Chrome] 🤖 Tracking URL:     https://flmtra.com/?a=659&oc=822&c=2210&s1=
[ppc-m-ca][Android - Chrome] 🤖 Target Sheet:    PPC-M/CA
🤖 ================================================================
[ppc-m-ca][Android - Chrome] 🔌 [Browser Interceptor] Intercepting and optimizing engine: CHROMIUM
[ppc-m-ca][Android - Chrome] 📋 Emulated Device Profile: MOBILE (Pixel 7) - [Android - Chrome]
[ppc-m-ca][Android - Chrome] ⏳ Delaying 200ms to allow responsive layouts to mount...
[ppc-m-ca][Android - Chrome] 🔄 Processing lead for brand: PPC-M-CA Mobile
[ppc-m-ca][Android - Chrome] 📊 Campaign execution run index: 48
[ppc-m-ca][Android - Chrome] 📅 [Rotational Logic] Week 1 Day 3. Target Range: 7500-10000 (Max allowed by URL: 50000)
[ppc-m-ca][Android - Chrome] 🔗 [Mobile] Navigating to: https://flmtra.com/?a=659&oc=822&c=2210&s1=
[ppc-st2][Android - Chrome] 📡 Standard Second API Payload: cake_id=6F4105D2, domain_name=https://www.taxreliefadvocates.com
[ppc-st2][Android - Chrome] [STDERR] ❌ Second API Attempt 3 failed: Invalid URL
[ppc-st2][Android - Chrome] ⏳ Retrying in 1 second to allow database synchronization...
[ppc-st2][Desktop - Chrome] 💻 [Tablet] Injecting high-fidelity glossy iPad Pro mockup frame...
[ppc-st2][Android - Chrome] 📡 Standard Second API Payload: cake_id=6F4105D2, domain_name=https://www.taxreliefadvocates.com
[ppc-st2][Android - Chrome] [STDERR] ❌ Second API Attempt 4 failed: Invalid URL
[ppc-st2][Android - Chrome] ⏳ Retrying in 1 second to allow database synchronization...
[ppc-st2][Desktop - Chrome] ✅ [Mobile] Filled Phone: 401-247-1050
[ppc-st2][Desktop - Chrome] 🔘 [Mobile] No active contact NEXT/SUBMIT button visible. Exiting loop.
🔘 [Mobile] Scanning for additional dynamic steps...
[ppc-st2][Desktop - Chrome] ✅ [Mobile] Thank you page detected during adaptive submit loop. Exiting loop.
[ppc-st2][Desktop - Chrome] 🔘 [Mobile] Submitting form
[ppc-st2][Desktop - Chrome] 💾 [Mobile] Setting hidden debt fields to: 9546
[ppc-st2][Desktop - Chrome] ⏳ [Mobile] Waiting for submission navigation to complete
[ppc-st2][Android - Chrome] 📡 Standard Second API Payload: cake_id=6F4105D2, domain_name=https://www.taxreliefadvocates.com
[ppc-st2][Android - Chrome] [STDERR] ❌ Second API Attempt 5 failed: Invalid URL
[ppc-st2][Android - Chrome] 📡 [Rest-Assurance] Verifying Lead ID: 6F4105D2 via Backend...
[ppc-st2][Android - Chrome] [STDERR] 🛡️  [Rest-Assurance] VERIFICATION_FAILED: Invalid URL
[ppc-st2][Android - Chrome] [STDERR] (node:8444) Warning: Setting the NODE_TLS_REJECT_UNAUTHORIZED environment variable to '0' makes TLS connections and HTTPS requests insecure by disabling certificate verification.
(Use `node --trace-warnings ...` to show where the warning was created)
[ppc-st2][Android - Chrome] [STDERR] ❌ Critical Google Sheets Error: The caller does not have permission
[ppc-st2][Android - Chrome] [STDERR] ❌ Failed processing PPC-ST2 Mobile: Failed to write to Google Sheets
[ppc-st2][Android - Chrome] 
✅ Execution successfully processed! {
  success: false,
  error: 'Failed to write to Google Sheets',
  brand: 'PPC-ST2 Mobile'
}
[ppc-st2][Android - Chrome] 📋 Trace report successfully saved: traces/ppc-st2_mobile.zip
[ppc-m-ca][Android - Chrome] ✅ [Mobile] Page loaded successfully
[ppc-m-ca][Android - Chrome] 📱 [Mobile] Injecting high-fidelity glossy Natural Titanium iPhone 17 Pro mockup frame...
[ppc-m-ca][Android - Chrome] 📱 [Mobile] Injecting high-fidelity glossy Natural Titanium iPhone 17 Pro mockup frame...
[ppc-m-ca][Android - Chrome] 📝 [Mobile] Starting mobile-specific form filling...
[ppc-m-ca][Android - Chrome] 🔘 [Mobile] Step 1: Selecting Debt Amount (7,844)
[ppc-m-ca][Android - Chrome] 🔘 [Mobile] Found jQuery UI Slider #slider. Setting value via jQuery and DOM evaluation...
[ppc-m-ca][Android - Chrome] ✅ [Mobile] Set jQuery UI Slider #slider to 7,844
[ppc-m-ca][Android - Chrome] 🔘 [Mobile] Clicking active visible button: .next-btn1:visible, .btn-next:visible
[ppc-m-ca][Android - Chrome] ✅ [Mobile] Clicked: .next-btn1:visible, .btn-next:visible
[ppc-st2][Tablet - Chrome] [STDERR] ⚠️ [Mobile] Standard submit buttons not found, consulting AI Agent...
[ppc-st2][Tablet - Chrome] 🤖 [AI Agent] Analyzing Submit button for global...
[ppc-st2][Tablet - Chrome] ⏳ [Mobile] Waiting for final Thank You page redirection...
[ppc-st2][Tablet - Chrome] ✅ [Mobile] Targeted final redirect URL achieved!
[ppc-st2][Tablet - Chrome] ✅ [Mobile] Final Thank You URL: https://tra.com/thank-you/nn?debt=8943&leadid=17919B10&reqid=26857121&affid=659&oid=133
📋 [Pre-Fix] Thank-you URL before debt correction: https://tra.com/thank-you/nn?debt=8943&leadid=17919B10&reqid=26857121&affid=659&oid=133
💾 [Debt Debug] formPage.selectedSliderAmount = "8,943"
💾 [Debt Debug] selectedDebtNum (numeric) = "8943"
[ppc-st2][Tablet - Chrome] 🔧 [Debt Fix] Current debt in URL: 8943, Should be: 8943
✅ [Debt Fix] Debt parameter already correct
[ppc-st2][Tablet - Chrome] 📱 [Mobile Diagnostic] Full Thank You URL Parameters: {"debt":"8943","leadid":"17919B10","reqid":"26857121","affid":"659","oid":"133"}
[ppc-st2][Tablet - Chrome] ✅ [Mobile] Extracted Lead ID: 17919B10
[ppc-st2][Tablet - Chrome] 📱 Device Type detected: Tablet - Chrome
[ppc-st2][Tablet - Chrome] ✅ Lead captured: 17919B10
[ppc-st2][Tablet - Chrome] 📡 Fetching First API data for Lead ID: 17919B10...
[ppc-st2][Tablet - Chrome] [STDERR] ❌ First API Attempt 1 failed: Invalid URL
[ppc-st2][Tablet - Chrome] ⏳ Retrying in 1 second...
[ppc-m-ca][Android - Chrome] 📱 [Mobile] Injecting high-fidelity glossy Natural Titanium iPhone 17 Pro mockup frame...
[ppc-m-ca][Android - Chrome] ✅ [Mobile] Reached a recognized terminal step. Stopping dynamic traversal.
[ppc-st2][Tablet - Chrome] [STDERR] ❌ First API Attempt 2 failed: Invalid URL
[ppc-st2][Tablet - Chrome] ⏳ Retrying in 1 second...
[ppc-m-ca][Android - Chrome] 🔘 [Mobile] Step 2: Selecting State
[ppc-m-ca][Android - Chrome] ✅ [Mobile] Selected state dynamically: "West Virginia"
📝 [Mobile] step3 column set to State: "West Virginia"
[ppc-m-ca][Android - Chrome] 🔘 [Mobile] Clicking active visible button: .next-btn:visible, .next-btn2:visible, .btn-next:visible
[ppc-m-ca][Android - Chrome] ✅ [Mobile] Clicked: .next-btn:visible, .next-btn2:visible, .btn-next:visible
[ppc-st2][Tablet - Chrome] [STDERR] ❌ First API Attempt 3 failed: Invalid URL
[ppc-st2][Tablet - Chrome] 📡 Fetching Second API data for Lead ID: 17919B10...
[ppc-st2][Tablet - Chrome] 📡 Standard Second API Payload: cake_id=17919B10, domain_name=https://www.taxreliefadvocates.com
[ppc-st2][Tablet - Chrome] [STDERR] ❌ Second API Attempt 1 failed: Invalid URL
[ppc-st2][Tablet - Chrome] ⏳ Retrying in 1 second to allow database synchronization...
✅ [3/6/2026, 1:05:58 pm] COMPLETED: ppc-st2 [Android - Chrome][CHROMIUM]

================================================================
🚀 [3/6/2026, 1:05:58 pm] RUNNING: PPC-M-CA [TABLET - CHROME]
🔗 Target URL: https://flmtra.com/?a=659&oc=822&c=2210&s1=
================================================================
[ppc-m-ca][Tablet - Chrome] 🔌 [Browser Interceptor] Intercepting and optimizing engine: CHROMIUM
[ppc-m-ca][Tablet - Chrome] ◇ injected env (0) from .env // tip: ◈ encrypted .env [www.dotenvx.com]
[ppc-m-ca][Tablet - Chrome] ◇ injected env (0) from .env // tip: ◈ secrets for agents [www.dotenvx.com]
[ppc-m-ca][Android - Chrome] 📱 [Mobile] Injecting high-fidelity glossy Natural Titanium iPhone 17 Pro mockup frame...
[ppc-m-ca][Tablet - Chrome] ◇ injected env (0) from .env // tip: ◈ secrets for agents [www.dotenvx.com]
[ppc-st2][Tablet - Chrome] 📡 Standard Second API Payload: cake_id=17919B10, domain_name=https://www.taxreliefadvocates.com
[ppc-st2][Tablet - Chrome] [STDERR] ❌ Second API Attempt 2 failed: Invalid URL
[ppc-st2][Tablet - Chrome] ⏳ Retrying in 1 second to allow database synchronization...
[ppc-m-ca][Android - Chrome] 🔘 [Mobile] Step 3: Filling Contact Info (Dynamic Loop)...
[ppc-m-ca][Android - Chrome] 📱 [Mobile] Injecting high-fidelity glossy Natural Titanium iPhone 17 Pro mockup frame...
[ppc-m-ca][Android - Chrome] ✅ [Mobile] Filled First Name: ckmtestpixel
[ppc-m-ca][Android - Chrome] ✅ [Mobile] Filled Last Name: ckmtestpixel
[ppc-m-ca][Android - Chrome] ✅ [Mobile] Filled Email: ckmtestpixel@gmail.com
[ppc-m-ca][Android - Chrome] ✅ [Mobile] Filled Phone: 401-247-1048
[ppc-m-ca][Android - Chrome] 🔘 [Mobile] Clicking active contact NEXT/SUBMIT button...
[ppc-st2][Tablet - Chrome] 📡 Standard Second API Payload: cake_id=17919B10, domain_name=https://www.taxreliefadvocates.com
[ppc-st2][Tablet - Chrome] [STDERR] ❌ Second API Attempt 3 failed: Invalid URL
[ppc-st2][Tablet - Chrome] ⏳ Retrying in 1 second to allow database synchronization...
[ppc-m-ca][Tablet - Chrome] ◇ injected env (0) from .env // tip: ⌘ suppress logs { quiet: true }
[ppc-m-ca][Tablet - Chrome] ◇ injected env (0) from .env // tip: ⌘ multiple files { path: ['.env.local', '.env'] }
[ppc-m-ca][Tablet - Chrome] 
🤖 ================================================================
🤖 MASTER RUNNER: LAUNCHING PPC-M-CA
[ppc-m-ca][Tablet - Chrome] 🤖 Mode:            TABLET
🤖 Tracking URL:     https://flmtra.com/?a=659&oc=822&c=2210&s1=
[ppc-m-ca][Tablet - Chrome] 🤖 Target Sheet:    PPC-M/CA
🤖 ================================================================
[ppc-m-ca][Tablet - Chrome] 🔌 [Browser Interceptor] Intercepting and optimizing engine: CHROMIUM
[ppc-m-ca][Tablet - Chrome] 📋 Emulated Device Profile: TABLET (iPad Pro 11) - [Tablet - Chrome]
[ppc-m-ca][Tablet - Chrome] ⏳ Delaying 200ms to allow responsive layouts to mount...
[ppc-m-ca][Tablet - Chrome] 🔄 Processing lead for brand: PPC-M-CA Tablet
[ppc-m-ca][Tablet - Chrome] 📊 Campaign execution run index: 49
[ppc-m-ca][Tablet - Chrome] 📅 [Rotational Logic] Week 1 Day 3. Target Range: 7500-10000 (Max allowed by URL: 50000)
[ppc-m-ca][Tablet - Chrome] 🔗 [Mobile] Navigating to: https://flmtra.com/?a=659&oc=822&c=2210&s1=
[ppc-st2][Tablet - Chrome] 📡 Standard Second API Payload: cake_id=17919B10, domain_name=https://www.taxreliefadvocates.com
[ppc-st2][Tablet - Chrome] [STDERR] ❌ Second API Attempt 4 failed: Invalid URL
[ppc-st2][Tablet - Chrome] ⏳ Retrying in 1 second to allow database synchronization...
[ppc-m-ca][Android - Chrome] 📱 [Mobile] Injecting high-fidelity glossy Natural Titanium iPhone 17 Pro mockup frame...
[ppc-st2][Tablet - Chrome] 📡 Standard Second API Payload: cake_id=17919B10, domain_name=https://www.taxreliefadvocates.com
[ppc-st2][Tablet - Chrome] [STDERR] ❌ Second API Attempt 5 failed: Invalid URL
[ppc-st2][Tablet - Chrome] 📡 [Rest-Assurance] Verifying Lead ID: 17919B10 via Backend...
[ppc-st2][Tablet - Chrome] [STDERR] 🛡️  [Rest-Assurance] VERIFICATION_FAILED: Invalid URL
[ppc-st2][Tablet - Chrome] [STDERR] (node:7856) Warning: Setting the NODE_TLS_REJECT_UNAUTHORIZED environment variable to '0' makes TLS connections and HTTPS requests insecure by disabling certificate verification.
(Use `node --trace-warnings ...` to show where the warning was created)
[ppc-m-ca][Android - Chrome] ✅ [Mobile] Filled Phone: 401-247-1048
[ppc-m-ca][Android - Chrome] 🔘 [Mobile] Clicking active contact NEXT/SUBMIT button...
[ppc-st2][Tablet - Chrome] [STDERR] ❌ Critical Google Sheets Error: The caller does not have permission
[ppc-st2][Tablet - Chrome] [STDERR] ❌ Failed processing PPC-ST2 Tablet: Failed to write to Google Sheets
[ppc-st2][Tablet - Chrome] 
✅ Execution successfully processed! {
  success: false,
  error: 'Failed to write to Google Sheets',
  brand: 'PPC-ST2 Tablet'
}
[ppc-st2][Tablet - Chrome] 📋 Trace report successfully saved: traces/ppc-st2_tablet.zip
[ppc-m-ca][Android - Chrome] 📱 [Mobile] Injecting high-fidelity glossy Natural Titanium iPhone 17 Pro mockup frame...
[ppc-m-ca][Android - Chrome] ✅ [Mobile] Thank you page or lead id detected in URL during contact loop. Exiting contact loop.
[ppc-m-ca][Android - Chrome] 🔘 [Mobile] Scanning for additional dynamic steps...
[ppc-m-ca][Android - Chrome] ✅ [Mobile] Thank you page detected during adaptive submit loop. Exiting loop.
[ppc-m-ca][Android - Chrome] 🔘 [Mobile] Submitting form
[ppc-m-ca][Android - Chrome] 💾 [Mobile] Setting hidden debt fields to: 7844
[ppc-m-ca][Android - Chrome] ⏳ [Mobile] Waiting for submission navigation to complete
[ppc-m-ca][Tablet - Chrome] ✅ [Mobile] Page loaded successfully
[ppc-m-ca][Tablet - Chrome] 💻 [Tablet] Injecting high-fidelity glossy iPad Pro mockup frame...
[ppc-m-ca][Tablet - Chrome] 💻 [Tablet] Injecting high-fidelity glossy iPad Pro mockup frame...
[ppc-m-ca][Tablet - Chrome] 📝 [Mobile] Starting mobile-specific form filling...
[ppc-m-ca][Tablet - Chrome] 🔘 [Mobile] Step 1: Selecting Debt Amount (9,469)
[ppc-m-ca][Tablet - Chrome] 🔘 [Mobile] Found jQuery UI Slider #slider. Setting value via jQuery and DOM evaluation...
[ppc-m-ca][Tablet - Chrome] ✅ [Mobile] Set jQuery UI Slider #slider to 9,469
[ppc-m-ca][Tablet - Chrome] 🔘 [Mobile] Clicking active visible button: .next-btn1:visible, .btn-next:visible
[ppc-m-ca][Tablet - Chrome] ✅ [Mobile] Clicked: .next-btn1:visible, .btn-next:visible
✅ [3/6/2026, 1:06:10 pm] COMPLETED: ppc-st2 [Tablet - Chrome][CHROMIUM]

================================================================
🚀 [3/6/2026, 1:06:10 pm] RUNNING: PPC-M-CA [DESKTOP - CHROME]
🔗 Target URL: https://flmtra.com/?a=659&oc=822&c=2210&s1=
================================================================
[ppc-st2][Desktop - Chrome] [STDERR] ⚠️ [Mobile] Standard submit buttons not found, consulting AI Agent...
[ppc-st2][Desktop - Chrome] 🤖 [AI Agent] Analyzing Submit button for global...
[ppc-st2][Desktop - Chrome] ⏳ [Mobile] Waiting for final Thank You page redirection...
[ppc-st2][Desktop - Chrome] ✅ [Mobile] Targeted final redirect URL achieved!
[ppc-st2][Desktop - Chrome] ✅ [Mobile] Final Thank You URL: https://tra.com/thank-you/nn?debt=9546&leadid=D2564E7A&reqid=26857123&affid=659&oid=133
📋 [Pre-Fix] Thank-you URL before debt correction: https://tra.com/thank-you/nn?debt=9546&leadid=D2564E7A&reqid=26857123&affid=659&oid=133
[ppc-st2][Desktop - Chrome] 💾 [Debt Debug] formPage.selectedSliderAmount = "9,546"
💾 [Debt Debug] selectedDebtNum (numeric) = "9546"
[ppc-st2][Desktop - Chrome] 🔧 [Debt Fix] Current debt in URL: 9546, Should be: 9546
[ppc-st2][Desktop - Chrome] ✅ [Debt Fix] Debt parameter already correct
[ppc-st2][Desktop - Chrome] 📱 [Mobile Diagnostic] Full Thank You URL Parameters: {"debt":"9546","leadid":"D2564E7A","reqid":"26857123","affid":"659","oid":"133"}
[ppc-st2][Desktop - Chrome] ✅ [Mobile] Extracted Lead ID: D2564E7A
[ppc-st2][Desktop - Chrome] 📱 Device Type detected: Desktop - Chrome
[ppc-st2][Desktop - Chrome] ✅ Lead captured: D2564E7A
[ppc-st2][Desktop - Chrome] 📡 Fetching First API data for Lead ID: D2564E7A...
[ppc-m-ca][Desktop - Chrome] 🔌 [Browser Interceptor] Intercepting and optimizing engine: CHROMIUM
[ppc-m-ca][Desktop - Chrome] ◇ injected env (0) from .env // tip: ⌘ enable debugging { debug: true }
[ppc-m-ca][Desktop - Chrome] ◇ injected env (0) from .env // tip: ⌘ multiple files { path: ['.env.local', '.env'] }
[ppc-m-ca][Desktop - Chrome] ◇ injected env (0) from .env // tip: ⌘ custom filepath { path: '/custom/path/.env' }
[ppc-st2][Desktop - Chrome] [STDERR] ❌ First API Attempt 1 failed: Invalid URL
[ppc-st2][Desktop - Chrome] ⏳ Retrying in 1 second...
[ppc-m-ca][Tablet - Chrome] 💻 [Tablet] Injecting high-fidelity glossy iPad Pro mockup frame...
[ppc-m-ca][Tablet - Chrome] ✅ [Mobile] Reached a recognized terminal step. Stopping dynamic traversal.
[ppc-m-ca][Tablet - Chrome] 🔘 [Mobile] Step 2: Selecting State
[ppc-m-ca][Tablet - Chrome] ✅ [Mobile] Selected state dynamically: "Wisconsin"
📝 [Mobile] step3 column set to State: "Wisconsin"
[ppc-m-ca][Tablet - Chrome] 🔘 [Mobile] Clicking active visible button: .next-btn:visible, .next-btn2:visible, .btn-next:visible
[ppc-m-ca][Tablet - Chrome] ✅ [Mobile] Clicked: .next-btn:visible, .next-btn2:visible, .btn-next:visible
[ppc-st2][Desktop - Chrome] [STDERR] ❌ First API Attempt 2 failed: Invalid URL
[ppc-st2][Desktop - Chrome] ⏳ Retrying in 1 second...
[ppc-m-ca][Desktop - Chrome] ◇ injected env (0) from .env // tip: ◈ secrets for agents [www.dotenvx.com]
[ppc-m-ca][Desktop - Chrome] ◇ injected env (0) from .env // tip: ⌘ enable debugging { debug: true }
[ppc-m-ca][Desktop - Chrome] 
🤖 ================================================================
[ppc-m-ca][Desktop - Chrome] 🤖 MASTER RUNNER: LAUNCHING PPC-M-CA
🤖 Mode:            DESKTOP
[ppc-m-ca][Desktop - Chrome] 🤖 Tracking URL:     https://flmtra.com/?a=659&oc=822&c=2210&s1=
[ppc-m-ca][Desktop - Chrome] 🤖 Target Sheet:    PPC-M/CA
[ppc-m-ca][Desktop - Chrome] 🤖 ================================================================
[ppc-m-ca][Desktop - Chrome] 🔌 [Browser Interceptor] Intercepting and optimizing engine: CHROMIUM
[ppc-m-ca][Desktop - Chrome] 💻 Emulated Device Profile: DESKTOP - [Desktop - Chrome]
[ppc-m-ca][Desktop - Chrome] 🔄 Processing lead for brand: PPC-M-CA
[ppc-m-ca][Desktop - Chrome] 📊 Campaign execution run index: 50
[ppc-m-ca][Desktop - Chrome] 📅 [Rotational Logic] Week 1 Day 3. Target Range: 7500-10000 (Max allowed by URL: 50000)
[ppc-m-ca][Desktop - Chrome] 🔗 [Mobile] Navigating to: https://flmtra.com/?a=659&oc=822&c=2210&s1=
[ppc-st2][Desktop - Chrome] [STDERR] ❌ First API Attempt 3 failed: Invalid URL
[ppc-st2][Desktop - Chrome] 📡 Fetching Second API data for Lead ID: D2564E7A...
[ppc-st2][Desktop - Chrome] 📡 Standard Second API Payload: cake_id=D2564E7A, domain_name=https://www.taxreliefadvocates.com
[ppc-st2][Desktop - Chrome] [STDERR] ❌ Second API Attempt 1 failed: Invalid URL
[ppc-st2][Desktop - Chrome] ⏳ Retrying in 1 second to allow database synchronization...
[ppc-m-ca][Tablet - Chrome] 💻 [Tablet] Injecting high-fidelity glossy iPad Pro mockup frame...
[ppc-m-ca][Tablet - Chrome] 🔘 [Mobile] Step 3: Filling Contact Info (Dynamic Loop)...
[ppc-m-ca][Tablet - Chrome] 💻 [Tablet] Injecting high-fidelity glossy iPad Pro mockup frame...
[ppc-m-ca][Tablet - Chrome] ✅ [Mobile] Filled First Name: ckmtestpixel
[ppc-m-ca][Tablet - Chrome] ✅ [Mobile] Filled Last Name: ckmtestpixel
[ppc-m-ca][Tablet - Chrome] ✅ [Mobile] Filled Email: ckmtestpixel@gmail.com
[ppc-m-ca][Tablet - Chrome] ✅ [Mobile] Filled Phone: 401-247-1049
[ppc-m-ca][Tablet - Chrome] 🔘 [Mobile] Clicking active contact NEXT/SUBMIT button...
[ppc-st2][Desktop - Chrome] 📡 Standard Second API Payload: cake_id=D2564E7A, domain_name=https://www.taxreliefadvocates.com
[ppc-st2][Desktop - Chrome] [STDERR] ❌ Second API Attempt 2 failed: Invalid URL
[ppc-st2][Desktop - Chrome] ⏳ Retrying in 1 second to allow database synchronization...
[ppc-st2][Desktop - Chrome] 📡 Standard Second API Payload: cake_id=D2564E7A, domain_name=https://www.taxreliefadvocates.com
[ppc-st2][Desktop - Chrome] [STDERR] ❌ Second API Attempt 3 failed: Invalid URL
[ppc-st2][Desktop - Chrome] ⏳ Retrying in 1 second to allow database synchronization...
[ppc-st2][Desktop - Chrome] 📡 Standard Second API Payload: cake_id=D2564E7A, domain_name=https://www.taxreliefadvocates.com
[ppc-st2][Desktop - Chrome] [STDERR] ❌ Second API Attempt 4 failed: Invalid URL
[ppc-st2][Desktop - Chrome] ⏳ Retrying in 1 second to allow database synchronization...
[ppc-m-ca][Tablet - Chrome] 💻 [Tablet] Injecting high-fidelity glossy iPad Pro mockup frame...
[ppc-m-ca][Tablet - Chrome] ✅ [Mobile] Filled Phone: 401-247-1049
[ppc-m-ca][Tablet - Chrome] 🔘 [Mobile] Clicking active contact NEXT/SUBMIT button...
[ppc-st2][Desktop - Chrome] 📡 Standard Second API Payload: cake_id=D2564E7A, domain_name=https://www.taxreliefadvocates.com
[ppc-st2][Desktop - Chrome] [STDERR] ❌ Second API Attempt 5 failed: Invalid URL
[ppc-st2][Desktop - Chrome] 📡 [Rest-Assurance] Verifying Lead ID: D2564E7A via Backend...
[ppc-st2][Desktop - Chrome] [STDERR] 🛡️  [Rest-Assurance] VERIFICATION_FAILED: Invalid URL
[ppc-st2][Desktop - Chrome] [STDERR] (node:3900) Warning: Setting the NODE_TLS_REJECT_UNAUTHORIZED environment variable to '0' makes TLS connections and HTTPS requests insecure by disabling certificate verification.
(Use `node --trace-warnings ...` to show where the warning was created)
[ppc-st2][Desktop - Chrome] [STDERR] ❌ Critical Google Sheets Error: The caller does not have permission
[ppc-st2][Desktop - Chrome] [STDERR] ❌ Failed processing PPC-ST2: Failed to write to Google Sheets
[ppc-st2][Desktop - Chrome] 
✅ Execution successfully processed! {
  success: false,
  error: 'Failed to write to Google Sheets',
  brand: 'PPC-ST2'
}
[ppc-st2][Desktop - Chrome] 📋 Trace report successfully saved: traces/ppc-st2_desktop.zip
[ppc-m-ca][Desktop - Chrome] ✅ [Mobile] Page loaded successfully
[ppc-m-ca][Desktop - Chrome] 💻 [Tablet] Injecting high-fidelity glossy iPad Pro mockup frame...
[ppc-m-ca][Desktop - Chrome] 💻 [Tablet] Injecting high-fidelity glossy iPad Pro mockup frame...
[ppc-m-ca][Desktop - Chrome] 📝 [Mobile] Starting mobile-specific form filling...
[ppc-m-ca][Desktop - Chrome] 🔘 [Mobile] Step 1: Selecting Debt Amount (8,565)
[ppc-m-ca][Desktop - Chrome] 🔘 [Mobile] Found jQuery UI Slider #slider. Setting value via jQuery and DOM evaluation...
[ppc-m-ca][Tablet - Chrome] 💻 [Tablet] Injecting high-fidelity glossy iPad Pro mockup frame...
[ppc-m-ca][Desktop - Chrome] ✅ [Mobile] Set jQuery UI Slider #slider to 8,565
[ppc-m-ca][Tablet - Chrome] ✅ [Mobile] Thank you page or lead id detected in URL during contact loop. Exiting contact loop.
🔘 [Mobile] Scanning for additional dynamic steps...
[ppc-m-ca][Tablet - Chrome] ✅ [Mobile] Thank you page detected during adaptive submit loop. Exiting loop.
[ppc-m-ca][Tablet - Chrome] 🔘 [Mobile] Submitting form
💾 [Mobile] Setting hidden debt fields to: 9469
[ppc-m-ca][Tablet - Chrome] ⏳ [Mobile] Waiting for submission navigation to complete
[ppc-m-ca][Desktop - Chrome] 🔘 [Mobile] Clicking active visible button: .next-btn1:visible, .btn-next:visible
[ppc-m-ca][Desktop - Chrome] ✅ [Mobile] Clicked: .next-btn1:visible, .btn-next:visible
[ppc-m-ca][Desktop - Chrome] 💻 [Tablet] Injecting high-fidelity glossy iPad Pro mockup frame...
[ppc-m-ca][Desktop - Chrome] ✅ [Mobile] Reached a recognized terminal step. Stopping dynamic traversal.
[ppc-m-ca][Desktop - Chrome] 🔘 [Mobile] Step 2: Selecting State
[ppc-m-ca][Desktop - Chrome] ✅ [Mobile] Selected state dynamically: "Wyoming"
📝 [Mobile] step3 column set to State: "Wyoming"
[ppc-m-ca][Desktop - Chrome] 🔘 [Mobile] Clicking active visible button: .next-btn:visible, .next-btn2:visible, .btn-next:visible
[ppc-m-ca][Desktop - Chrome] ✅ [Mobile] Clicked: .next-btn:visible, .next-btn2:visible, .btn-next:visible
[ppc-m-ca][Desktop - Chrome] 💻 [Tablet] Injecting high-fidelity glossy iPad Pro mockup frame...
[ppc-m-ca][Desktop - Chrome] 🔘 [Mobile] Step 3: Filling Contact Info (Dynamic Loop)...
[ppc-m-ca][Desktop - Chrome] 💻 [Tablet] Injecting high-fidelity glossy iPad Pro mockup frame...
[ppc-m-ca][Desktop - Chrome] ✅ [Mobile] Filled First Name: ckmtestpixel
[ppc-m-ca][Desktop - Chrome] ✅ [Mobile] Filled Last Name: ckmtestpixel
[ppc-m-ca][Desktop - Chrome] ✅ [Mobile] Filled Email: ckmtestpixel@gmail.com
[ppc-m-ca][Desktop - Chrome] ✅ [Mobile] Filled Phone: 401-247-1050
[ppc-m-ca][Desktop - Chrome] 🔘 [Mobile] Clicking active contact NEXT/SUBMIT button...
✅ [3/6/2026, 1:06:24 pm] COMPLETED: ppc-st2 [Desktop - Chrome][CHROMIUM]

================================================================
🚀 [3/6/2026, 1:06:24 pm] RUNNING: PPC CR [ANDROID - CHROME]
🔗 Target URL: https://flmtra.com/?a=659&oc=848&c=2210&s1=
================================================================
[ppc-m-ca][Android - Chrome] [STDERR] ⚠️ [Mobile] Standard submit buttons not found, consulting AI Agent...
[ppc-m-ca][Android - Chrome] 🤖 [AI Agent] Analyzing Submit button for global...
[ppc-m-ca][Android - Chrome] ⏳ [Mobile] Waiting for final Thank You page redirection...
[ppc-m-ca][Android - Chrome] ✅ [Mobile] Targeted final redirect URL achieved!
[ppc-m-ca][Android - Chrome] ✅ [Mobile] Final Thank You URL: https://tra.com/thank-you?debt=7844&leadid=6E7CB3DA&reqid=26857124&affid=659&oid=133&page=tra_ppcm_ca
📋 [Pre-Fix] Thank-you URL before debt correction: https://tra.com/thank-you?debt=7844&leadid=6E7CB3DA&reqid=26857124&affid=659&oid=133&page=tra_ppcm_ca
[ppc-m-ca][Android - Chrome] 💾 [Debt Debug] formPage.selectedSliderAmount = "7,844"
💾 [Debt Debug] selectedDebtNum (numeric) = "7844"
[ppc-m-ca][Android - Chrome] 🔧 [Debt Fix] Current debt in URL: 7844, Should be: 7844
[ppc-m-ca][Android - Chrome] ✅ [Debt Fix] Debt parameter already correct
[ppc-m-ca][Android - Chrome] 📱 [Mobile Diagnostic] Full Thank You URL Parameters: {"debt":"7844","leadid":"6E7CB3DA","reqid":"26857124","affid":"659","oid":"133","page":"tra_ppcm_ca"}
[ppc-m-ca][Android - Chrome] ✅ [Mobile] Extracted Lead ID: 6E7CB3DA
[ppc-m-ca][Android - Chrome] 📱 Device Type detected: Android - Chrome
[ppc-m-ca][Android - Chrome] ✅ Lead captured: 6E7CB3DA
[ppc-m-ca][Android - Chrome] 📡 Fetching First API data for Lead ID: 6E7CB3DA...
[ppc-cr][Android - Chrome] 🔌 [Browser Interceptor] Intercepting and optimizing engine: CHROMIUM
[ppc-cr][Android - Chrome] ◇ injected env (0) from .env // tip: ⌘ multiple files { path: ['.env.local', '.env'] }
[ppc-cr][Android - Chrome] ◇ injected env (0) from .env // tip: ⌘ custom filepath { path: '/custom/path/.env' }
[ppc-cr][Android - Chrome] ◇ injected env (0) from .env // tip: ⌘ custom filepath { path: '/custom/path/.env' }
[ppc-m-ca][Android - Chrome] [STDERR] ❌ First API Attempt 1 failed: Invalid URL
[ppc-m-ca][Android - Chrome] ⏳ Retrying in 1 second...
[ppc-cr][Android - Chrome] ◇ injected env (0) from .env // tip: ◈ secrets for agents [www.dotenvx.com]
[ppc-cr][Android - Chrome] ◇ injected env (0) from .env // tip: ⌘ multiple files { path: ['.env.local', '.env'] }
[ppc-cr][Android - Chrome] 
🤖 ================================================================
🤖 MASTER RUNNER: LAUNCHING PPC CR
[ppc-cr][Android - Chrome] 🤖 Mode:            MOBILE
🤖 Tracking URL:     https://flmtra.com/?a=659&oc=848&c=2210&s1=
[ppc-cr][Android - Chrome] 🤖 Target Sheet:    PPC-CR
🤖 ================================================================
[ppc-cr][Android - Chrome] 🔌 [Browser Interceptor] Intercepting and optimizing engine: CHROMIUM
[ppc-m-ca][Desktop - Chrome] 💻 [Tablet] Injecting high-fidelity glossy iPad Pro mockup frame...
[ppc-m-ca][Android - Chrome] [STDERR] ❌ First API Attempt 2 failed: Invalid URL
[ppc-m-ca][Android - Chrome] ⏳ Retrying in 1 second...
[ppc-cr][Android - Chrome] 📋 Emulated Device Profile: MOBILE (Pixel 7) - [Android - Chrome]
[ppc-cr][Android - Chrome] ⏳ Delaying 200ms to allow responsive layouts to mount...
[ppc-cr][Android - Chrome] 🔄 Processing lead for brand: PPC CR Mobile
[ppc-cr][Android - Chrome] 📊 Campaign execution run index: 52
[ppc-cr][Android - Chrome] 📅 [Rotational Logic] Week 1 Day 3. Target Range: 1000-1000 (Max allowed by URL: 1000)
[ppc-cr][Android - Chrome] 🔗 [Mobile] Navigating to: https://flmtra.com/?a=659&oc=848&c=2210&s1=
[ppc-m-ca][Desktop - Chrome] ✅ [Mobile] Filled Phone: 401-247-1050
[ppc-m-ca][Desktop - Chrome] 🔘 [Mobile] Clicking active contact NEXT/SUBMIT button...
[ppc-m-ca][Android - Chrome] [STDERR] ❌ First API Attempt 3 failed: Invalid URL
[ppc-m-ca][Android - Chrome] 📡 Fetching Second API data for Lead ID: 6E7CB3DA...
[ppc-m-ca][Android - Chrome] 📡 Standard Second API Payload: cake_id=6E7CB3DA, domain_name=https://www.taxreliefadvocates.com
[ppc-m-ca][Android - Chrome] [STDERR] ❌ Second API Attempt 1 failed: Invalid URL
[ppc-m-ca][Android - Chrome] ⏳ Retrying in 1 second to allow database synchronization...
[ppc-m-ca][Android - Chrome] 📡 Standard Second API Payload: cake_id=6E7CB3DA, domain_name=https://www.taxreliefadvocates.com
[ppc-m-ca][Android - Chrome] [STDERR] ❌ Second API Attempt 2 failed: Invalid URL
[ppc-m-ca][Android - Chrome] ⏳ Retrying in 1 second to allow database synchronization...
[ppc-m-ca][Desktop - Chrome] 💻 [Tablet] Injecting high-fidelity glossy iPad Pro mockup frame...
[ppc-m-ca][Desktop - Chrome] ✅ [Mobile] Thank you page or lead id detected in URL during contact loop. Exiting contact loop.
🔘 [Mobile] Scanning for additional dynamic steps...
[ppc-m-ca][Desktop - Chrome] ✅ [Mobile] Thank you page detected during adaptive submit loop. Exiting loop.
[ppc-m-ca][Desktop - Chrome] 🔘 [Mobile] Submitting form
[ppc-m-ca][Desktop - Chrome] 💾 [Mobile] Setting hidden debt fields to: 8565
[ppc-m-ca][Desktop - Chrome] ⏳ [Mobile] Waiting for submission navigation to complete
[ppc-m-ca][Android - Chrome] 📡 Standard Second API Payload: cake_id=6E7CB3DA, domain_name=https://www.taxreliefadvocates.com
[ppc-m-ca][Android - Chrome] [STDERR] ❌ Second API Attempt 3 failed: Invalid URL
[ppc-m-ca][Android - Chrome] ⏳ Retrying in 1 second to allow database synchronization...
[ppc-m-ca][Android - Chrome] 📡 Standard Second API Payload: cake_id=6E7CB3DA, domain_name=https://www.taxreliefadvocates.com
[ppc-m-ca][Android - Chrome] [STDERR] ❌ Second API Attempt 4 failed: Invalid URL
[ppc-m-ca][Android - Chrome] ⏳ Retrying in 1 second to allow database synchronization...
[ppc-m-ca][Android - Chrome] 📡 Standard Second API Payload: cake_id=6E7CB3DA, domain_name=https://www.taxreliefadvocates.com
[ppc-m-ca][Android - Chrome] [STDERR] ❌ Second API Attempt 5 failed: Invalid URL
[ppc-m-ca][Android - Chrome] 📡 [Rest-Assurance] Verifying Lead ID: 6E7CB3DA via Backend...
[ppc-m-ca][Android - Chrome] [STDERR] 🛡️  [Rest-Assurance] VERIFICATION_FAILED: Invalid URL
[ppc-m-ca][Android - Chrome] [STDERR] (node:7992) Warning: Setting the NODE_TLS_REJECT_UNAUTHORIZED environment variable to '0' makes TLS connections and HTTPS requests insecure by disabling certificate verification.
(Use `node --trace-warnings ...` to show where the warning was created)
[ppc-cr][Android - Chrome] ✅ [Mobile] Page loaded successfully
[ppc-cr][Android - Chrome] 📱 [Mobile] Injecting high-fidelity glossy Natural Titanium iPhone 17 Pro mockup frame...
[ppc-cr][Android - Chrome] 📱 [Mobile] Injecting high-fidelity glossy Natural Titanium iPhone 17 Pro mockup frame...
[ppc-cr][Android - Chrome] 📝 [Mobile] Starting mobile-specific form filling...
[ppc-cr][Android - Chrome] 🔘 [Mobile] Step 1: Selecting Debt Amount (1,000)
[ppc-cr][Android - Chrome] 🔘 [Mobile] Found jQuery UI Slider #slider. Setting value via jQuery and DOM evaluation...
[ppc-cr][Android - Chrome] ✅ [Mobile] Set jQuery UI Slider #slider to 1,000
[ppc-m-ca][Android - Chrome] [STDERR] ❌ Critical Google Sheets Error: The caller does not have permission
❌ Failed processing PPC-M-CA Mobile: Failed to write to Google Sheets
[ppc-m-ca][Android - Chrome] 
✅ Execution successfully processed! {
  success: false,
  error: 'Failed to write to Google Sheets',
  brand: 'PPC-M-CA Mobile'
}
[ppc-cr][Android - Chrome] 🔘 [Mobile] Clicking active visible button: .next-btn1:visible, .btn-next:visible
[ppc-m-ca][Android - Chrome] 📋 Trace report successfully saved: traces/ppc-m-ca_mobile.zip
[ppc-cr][Android - Chrome] ✅ [Mobile] Clicked: .next-btn1:visible, .btn-next:visible
[ppc-cr][Android - Chrome] 📱 [Mobile] Injecting high-fidelity glossy Natural Titanium iPhone 17 Pro mockup frame...
[ppc-cr][Android - Chrome] ✅ [Mobile] Reached a recognized terminal step. Stopping dynamic traversal.
[ppc-cr][Android - Chrome] 🔘 [Mobile] Step 2: Selecting State
[ppc-cr][Android - Chrome] ✅ [Mobile] Selected state dynamically: "Alaska"
📝 [Mobile] step3 column set to State: "Alaska"
[ppc-cr][Android - Chrome] 🔘 [Mobile] Clicking active visible button: .next-btn:visible, .next-btn2:visible, .btn-next:visible
[ppc-cr][Android - Chrome] ✅ [Mobile] Clicked: .next-btn:visible, .next-btn2:visible, .btn-next:visible
[ppc-cr][Android - Chrome] 📱 [Mobile] Injecting high-fidelity glossy Natural Titanium iPhone 17 Pro mockup frame...
[ppc-cr][Android - Chrome] 🔘 [Mobile] Step 3: Filling Contact Info (Dynamic Loop)...
[ppc-cr][Android - Chrome] 📱 [Mobile] Injecting high-fidelity glossy Natural Titanium iPhone 17 Pro mockup frame...
[ppc-cr][Android - Chrome] ✅ [Mobile] Filled First Name: ckmtestpixel
[ppc-cr][Android - Chrome] ✅ [Mobile] Filled Last Name: ckmtestpixel
[ppc-cr][Android - Chrome] ✅ [Mobile] Filled Email: ckmtestpixel@gmail.com
✅ [3/6/2026, 1:06:38 pm] COMPLETED: ppc-m-ca [Android - Chrome][CHROMIUM]

================================================================
🚀 [3/6/2026, 1:06:38 pm] RUNNING: PPC CR [TABLET - CHROME]
🔗 Target URL: https://flmtra.com/?a=659&oc=848&c=2210&s1=
================================================================
[ppc-cr][Android - Chrome] ✅ [Mobile] Filled Phone: 401-247-1052
[ppc-cr][Android - Chrome] 🔘 [Mobile] Clicking active contact NEXT/SUBMIT button...
[ppc-cr][Tablet - Chrome] 🔌 [Browser Interceptor] Intercepting and optimizing engine: CHROMIUM
[ppc-cr][Tablet - Chrome] ◇ injected env (0) from .env // tip: ⌘ enable debugging { debug: true }
[ppc-cr][Tablet - Chrome] ◇ injected env (0) from .env // tip: ⌁ auth for agents [www.vestauth.com]
[ppc-cr][Tablet - Chrome] ◇ injected env (0) from .env // tip: ⌘ multiple files { path: ['.env.local', '.env'] }
[ppc-m-ca][Tablet - Chrome] [STDERR] ⚠️ [Mobile] Standard submit buttons not found, consulting AI Agent...
[ppc-m-ca][Tablet - Chrome] 🤖 [AI Agent] Analyzing Submit button for global...
[ppc-m-ca][Tablet - Chrome] ⏳ [Mobile] Waiting for final Thank You page redirection...
[ppc-m-ca][Tablet - Chrome] ✅ [Mobile] Targeted final redirect URL achieved!
[ppc-m-ca][Tablet - Chrome] ✅ [Mobile] Final Thank You URL: https://tra.com/thank-you?debt=9469&leadid=7109275D&reqid=26857126&affid=659&oid=133&page=tra_ppcm_ca
[ppc-m-ca][Tablet - Chrome] 📋 [Pre-Fix] Thank-you URL before debt correction: https://tra.com/thank-you?debt=9469&leadid=7109275D&reqid=26857126&affid=659&oid=133&page=tra_ppcm_ca
💾 [Debt Debug] formPage.selectedSliderAmount = "9,469"
💾 [Debt Debug] selectedDebtNum (numeric) = "9469"
[ppc-m-ca][Tablet - Chrome] 🔧 [Debt Fix] Current debt in URL: 9469, Should be: 9469
✅ [Debt Fix] Debt parameter already correct
[ppc-m-ca][Tablet - Chrome] 📱 [Mobile Diagnostic] Full Thank You URL Parameters: {"debt":"9469","leadid":"7109275D","reqid":"26857126","affid":"659","oid":"133","page":"tra_ppcm_ca"}
[ppc-m-ca][Tablet - Chrome] ✅ [Mobile] Extracted Lead ID: 7109275D
[ppc-m-ca][Tablet - Chrome] 📱 Device Type detected: Tablet - Chrome
✅ Lead captured: 7109275D
[ppc-m-ca][Tablet - Chrome] 📡 Fetching First API data for Lead ID: 7109275D...
[ppc-m-ca][Tablet - Chrome] [STDERR] ❌ First API Attempt 1 failed: Invalid URL
[ppc-m-ca][Tablet - Chrome] ⏳ Retrying in 1 second...
[ppc-cr][Tablet - Chrome] ◇ injected env (0) from .env // tip: ⌘ suppress logs { quiet: true }
[ppc-cr][Tablet - Chrome] ◇ injected env (0) from .env // tip: ◈ encrypted .env [www.dotenvx.com]
[ppc-cr][Tablet - Chrome] 
🤖 ================================================================
[ppc-cr][Tablet - Chrome] 🤖 MASTER RUNNER: LAUNCHING PPC CR
🤖 Mode:            TABLET
[ppc-cr][Tablet - Chrome] 🤖 Tracking URL:     https://flmtra.com/?a=659&oc=848&c=2210&s1=
[ppc-cr][Tablet - Chrome] 🤖 Target Sheet:    PPC-CR
🤖 ================================================================
[ppc-cr][Tablet - Chrome] 🔌 [Browser Interceptor] Intercepting and optimizing engine: CHROMIUM
[ppc-cr][Tablet - Chrome] 📋 Emulated Device Profile: TABLET (iPad Pro 11) - [Tablet - Chrome]
[ppc-cr][Tablet - Chrome] ⏳ Delaying 200ms to allow responsive layouts to mount...
[ppc-cr][Android - Chrome] 📱 [Mobile] Injecting high-fidelity glossy Natural Titanium iPhone 17 Pro mockup frame...
[ppc-cr][Tablet - Chrome] 🔄 Processing lead for brand: PPC CR Tablet
[ppc-cr][Tablet - Chrome] 📊 Campaign execution run index: 53
[ppc-cr][Tablet - Chrome] 📅 [Rotational Logic] Week 1 Day 3. Target Range: 1000-1000 (Max allowed by URL: 1000)
[ppc-cr][Tablet - Chrome] 🔗 [Mobile] Navigating to: https://flmtra.com/?a=659&oc=848&c=2210&s1=
[ppc-m-ca][Tablet - Chrome] [STDERR] ❌ First API Attempt 2 failed: Invalid URL
[ppc-m-ca][Tablet - Chrome] ⏳ Retrying in 1 second...
[ppc-m-ca][Tablet - Chrome] [STDERR] ❌ First API Attempt 3 failed: Invalid URL
[ppc-m-ca][Tablet - Chrome] 📡 Fetching Second API data for Lead ID: 7109275D...
[ppc-m-ca][Tablet - Chrome] 📡 Standard Second API Payload: cake_id=7109275D, domain_name=https://www.taxreliefadvocates.com
[ppc-m-ca][Tablet - Chrome] [STDERR] ❌ Second API Attempt 1 failed: Invalid URL
[ppc-m-ca][Tablet - Chrome] ⏳ Retrying in 1 second to allow database synchronization...
[ppc-cr][Android - Chrome] ✅ [Mobile] Filled Phone: 401-247-1052
[ppc-cr][Android - Chrome] 🔘 [Mobile] No active contact NEXT/SUBMIT button visible. Exiting loop.
🔘 [Mobile] Scanning for additional dynamic steps...
[ppc-cr][Android - Chrome] ✅ [Mobile] Thank you page detected during adaptive submit loop. Exiting loop.
[ppc-cr][Android - Chrome] 🔘 [Mobile] Submitting form
💾 [Mobile] Setting hidden debt fields to: 1000
[ppc-cr][Android - Chrome] ⏳ [Mobile] Waiting for submission navigation to complete
[ppc-m-ca][Tablet - Chrome] 📡 Standard Second API Payload: cake_id=7109275D, domain_name=https://www.taxreliefadvocates.com
[ppc-m-ca][Tablet - Chrome] [STDERR] ❌ Second API Attempt 2 failed: Invalid URL
[ppc-m-ca][Tablet - Chrome] ⏳ Retrying in 1 second to allow database synchronization...
[ppc-m-ca][Tablet - Chrome] 📡 Standard Second API Payload: cake_id=7109275D, domain_name=https://www.taxreliefadvocates.com
[ppc-m-ca][Tablet - Chrome] [STDERR] ❌ Second API Attempt 3 failed: Invalid URL
[ppc-m-ca][Tablet - Chrome] ⏳ Retrying in 1 second to allow database synchronization...
[ppc-m-ca][Tablet - Chrome] 📡 Standard Second API Payload: cake_id=7109275D, domain_name=https://www.taxreliefadvocates.com
[ppc-m-ca][Tablet - Chrome] [STDERR] ❌ Second API Attempt 4 failed: Invalid URL
[ppc-m-ca][Tablet - Chrome] ⏳ Retrying in 1 second to allow database synchronization...
[ppc-m-ca][Tablet - Chrome] 📡 Standard Second API Payload: cake_id=7109275D, domain_name=https://www.taxreliefadvocates.com
[ppc-m-ca][Tablet - Chrome] [STDERR] ❌ Second API Attempt 5 failed: Invalid URL
[ppc-m-ca][Tablet - Chrome] 📡 [Rest-Assurance] Verifying Lead ID: 7109275D via Backend...
[ppc-m-ca][Tablet - Chrome] [STDERR] 🛡️  [Rest-Assurance] VERIFICATION_FAILED: Invalid URL
[ppc-m-ca][Tablet - Chrome] [STDERR] (node:26216) Warning: Setting the NODE_TLS_REJECT_UNAUTHORIZED environment variable to '0' makes TLS connections and HTTPS requests insecure by disabling certificate verification.
(Use `node --trace-warnings ...` to show where the warning was created)
[ppc-cr][Tablet - Chrome] ✅ [Mobile] Page loaded successfully
[ppc-cr][Tablet - Chrome] 💻 [Tablet] Injecting high-fidelity glossy iPad Pro mockup frame...
[ppc-cr][Tablet - Chrome] 💻 [Tablet] Injecting high-fidelity glossy iPad Pro mockup frame...
[ppc-cr][Tablet - Chrome] 📝 [Mobile] Starting mobile-specific form filling...
[ppc-cr][Tablet - Chrome] 🔘 [Mobile] Step 1: Selecting Debt Amount (1,000)
[ppc-cr][Tablet - Chrome] 🔘 [Mobile] Found jQuery UI Slider #slider. Setting value via jQuery and DOM evaluation...
[ppc-cr][Tablet - Chrome] ✅ [Mobile] Set jQuery UI Slider #slider to 1,000
[ppc-cr][Tablet - Chrome] 🔘 [Mobile] Clicking active visible button: .next-btn1:visible, .btn-next:visible
[ppc-m-ca][Tablet - Chrome] [STDERR] ❌ Critical Google Sheets Error: The caller does not have permission
❌ Failed processing PPC-M-CA Tablet: Failed to write to Google Sheets
[ppc-m-ca][Tablet - Chrome] 
✅ Execution successfully processed! {
  success: false,
  error: 'Failed to write to Google Sheets',
  brand: 'PPC-M-CA Tablet'
}
[ppc-m-ca][Tablet - Chrome] 📋 Trace report successfully saved: traces/ppc-m-ca_tablet.zip
[ppc-cr][Tablet - Chrome] ✅ [Mobile] Clicked: .next-btn1:visible, .btn-next:visible
[ppc-m-ca][Desktop - Chrome] [STDERR] ⚠️ [Mobile] Standard submit buttons not found, consulting AI Agent...
[ppc-m-ca][Desktop - Chrome] 🤖 [AI Agent] Analyzing Submit button for global...
[ppc-m-ca][Desktop - Chrome] ⏳ [Mobile] Waiting for final Thank You page redirection...
[ppc-m-ca][Desktop - Chrome] ✅ [Mobile] Targeted final redirect URL achieved!
[ppc-m-ca][Desktop - Chrome] ✅ [Mobile] Final Thank You URL: https://tra.com/thank-you?debt=8565&leadid=2F33FEB6&reqid=26857127&affid=659&oid=133&page=tra_ppcm_ca
📋 [Pre-Fix] Thank-you URL before debt correction: https://tra.com/thank-you?debt=8565&leadid=2F33FEB6&reqid=26857127&affid=659&oid=133&page=tra_ppcm_ca
💾 [Debt Debug] formPage.selectedSliderAmount = "8,565"
💾 [Debt Debug] selectedDebtNum (numeric) = "8565"
[ppc-m-ca][Desktop - Chrome] 🔧 [Debt Fix] Current debt in URL: 8565, Should be: 8565
[ppc-m-ca][Desktop - Chrome] ✅ [Debt Fix] Debt parameter already correct
[ppc-m-ca][Desktop - Chrome] 📱 [Mobile Diagnostic] Full Thank You URL Parameters: {"debt":"8565","leadid":"2F33FEB6","reqid":"26857127","affid":"659","oid":"133","page":"tra_ppcm_ca"}
[ppc-m-ca][Desktop - Chrome] ✅ [Mobile] Extracted Lead ID: 2F33FEB6
📱 Device Type detected: Desktop - Chrome
[ppc-m-ca][Desktop - Chrome] ✅ Lead captured: 2F33FEB6
[ppc-m-ca][Desktop - Chrome] 📡 Fetching First API data for Lead ID: 2F33FEB6...
[ppc-m-ca][Desktop - Chrome] [STDERR] ❌ First API Attempt 1 failed: Invalid URL
[ppc-m-ca][Desktop - Chrome] ⏳ Retrying in 1 second...
[ppc-cr][Tablet - Chrome] 💻 [Tablet] Injecting high-fidelity glossy iPad Pro mockup frame...
[ppc-cr][Tablet - Chrome] ✅ [Mobile] Reached a recognized terminal step. Stopping dynamic traversal.
[ppc-cr][Tablet - Chrome] 🔘 [Mobile] Step 2: Selecting State
[ppc-cr][Tablet - Chrome] ✅ [Mobile] Selected state dynamically: "Arizona"
📝 [Mobile] step3 column set to State: "Arizona"
[ppc-cr][Tablet - Chrome] 🔘 [Mobile] Clicking active visible button: .next-btn:visible, .next-btn2:visible, .btn-next:visible
[ppc-cr][Tablet - Chrome] ✅ [Mobile] Clicked: .next-btn:visible, .next-btn2:visible, .btn-next:visible
[ppc-m-ca][Desktop - Chrome] [STDERR] ❌ First API Attempt 2 failed: Invalid URL
[ppc-m-ca][Desktop - Chrome] ⏳ Retrying in 1 second...
[ppc-m-ca][Desktop - Chrome] [STDERR] ❌ First API Attempt 3 failed: Invalid URL
[ppc-m-ca][Desktop - Chrome] 📡 Fetching Second API data for Lead ID: 2F33FEB6...
[ppc-m-ca][Desktop - Chrome] 📡 Standard Second API Payload: cake_id=2F33FEB6, domain_name=https://www.taxreliefadvocates.com
[ppc-m-ca][Desktop - Chrome] [STDERR] ❌ Second API Attempt 1 failed: Invalid URL
[ppc-m-ca][Desktop - Chrome] ⏳ Retrying in 1 second to allow database synchronization...
[ppc-cr][Tablet - Chrome] 💻 [Tablet] Injecting high-fidelity glossy iPad Pro mockup frame...
[ppc-cr][Tablet - Chrome] 🔘 [Mobile] Step 3: Filling Contact Info (Dynamic Loop)...
[ppc-cr][Tablet - Chrome] 💻 [Tablet] Injecting high-fidelity glossy iPad Pro mockup frame...
[ppc-cr][Tablet - Chrome] ✅ [Mobile] Filled First Name: ckmtestpixel
[ppc-m-ca][Desktop - Chrome] 📡 Standard Second API Payload: cake_id=2F33FEB6, domain_name=https://www.taxreliefadvocates.com
[ppc-m-ca][Desktop - Chrome] [STDERR] ❌ Second API Attempt 2 failed: Invalid URL
[ppc-m-ca][Desktop - Chrome] ⏳ Retrying in 1 second to allow database synchronization...
[ppc-cr][Tablet - Chrome] ✅ [Mobile] Filled Last Name: ckmtestpixel
[ppc-cr][Tablet - Chrome] ✅ [Mobile] Filled Email: ckmtestpixel@gmail.com
[ppc-cr][Tablet - Chrome] ✅ [Mobile] Filled Phone: 401-247-1053
[ppc-cr][Tablet - Chrome] 🔘 [Mobile] Clicking active contact NEXT/SUBMIT button...
[ppc-m-ca][Desktop - Chrome] 📡 Standard Second API Payload: cake_id=2F33FEB6, domain_name=https://www.taxreliefadvocates.com
[ppc-m-ca][Desktop - Chrome] [STDERR] ❌ Second API Attempt 3 failed: Invalid URL
[ppc-m-ca][Desktop - Chrome] ⏳ Retrying in 1 second to allow database synchronization...
✅ [3/6/2026, 1:06:54 pm] COMPLETED: ppc-m-ca [Tablet - Chrome][CHROMIUM]

================================================================
🚀 [3/6/2026, 1:06:54 pm] RUNNING: PPC CR [DESKTOP - CHROME]
🔗 Target URL: https://flmtra.com/?a=659&oc=848&c=2210&s1=
================================================================
[ppc-cr][Desktop - Chrome] 🔌 [Browser Interceptor] Intercepting and optimizing engine: CHROMIUM
[ppc-cr][Desktop - Chrome] ◇ injected env (0) from .env // tip: ⌘ custom filepath { path: '/custom/path/.env' }
[ppc-cr][Desktop - Chrome] ◇ injected env (0) from .env // tip: ⌘ suppress logs { quiet: true }
[ppc-cr][Desktop - Chrome] ◇ injected env (0) from .env // tip: ⌘ multiple files { path: ['.env.local', '.env'] }
[ppc-m-ca][Desktop - Chrome] 📡 Standard Second API Payload: cake_id=2F33FEB6, domain_name=https://www.taxreliefadvocates.com
[ppc-m-ca][Desktop - Chrome] [STDERR] ❌ Second API Attempt 4 failed: Invalid URL
[ppc-m-ca][Desktop - Chrome] ⏳ Retrying in 1 second to allow database synchronization...
[ppc-cr][Tablet - Chrome] 💻 [Tablet] Injecting high-fidelity glossy iPad Pro mockup frame...
[ppc-m-ca][Desktop - Chrome] 📡 Standard Second API Payload: cake_id=2F33FEB6, domain_name=https://www.taxreliefadvocates.com
[ppc-m-ca][Desktop - Chrome] [STDERR] ❌ Second API Attempt 5 failed: Invalid URL
[ppc-m-ca][Desktop - Chrome] 📡 [Rest-Assurance] Verifying Lead ID: 2F33FEB6 via Backend...
[ppc-m-ca][Desktop - Chrome] [STDERR] 🛡️  [Rest-Assurance] VERIFICATION_FAILED: Invalid URL
[ppc-m-ca][Desktop - Chrome] [STDERR] (node:10912) Warning: Setting the NODE_TLS_REJECT_UNAUTHORIZED environment variable to '0' makes TLS connections and HTTPS requests insecure by disabling certificate verification.
(Use `node --trace-warnings ...` to show where the warning was created)
[ppc-cr][Desktop - Chrome] ◇ injected env (0) from .env // tip: ⌘ suppress logs { quiet: true }
[ppc-cr][Desktop - Chrome] ◇ injected env (0) from .env // tip: ◈ secrets for agents [www.dotenvx.com]
[ppc-cr][Desktop - Chrome] 
🤖 ================================================================
[ppc-cr][Desktop - Chrome] 🤖 MASTER RUNNER: LAUNCHING PPC CR
🤖 Mode:            DESKTOP
[ppc-cr][Desktop - Chrome] 🤖 Tracking URL:     https://flmtra.com/?a=659&oc=848&c=2210&s1=
[ppc-cr][Desktop - Chrome] 🤖 Target Sheet:    PPC-CR
🤖 ================================================================
[ppc-cr][Desktop - Chrome] 🔌 [Browser Interceptor] Intercepting and optimizing engine: CHROMIUM
[ppc-cr][Tablet - Chrome] ✅ [Mobile] Filled Phone: 401-247-1053
[ppc-cr][Desktop - Chrome] 💻 Emulated Device Profile: DESKTOP - [Desktop - Chrome]
[ppc-cr][Tablet - Chrome] 🔘 [Mobile] Clicking active contact NEXT/SUBMIT button...
[ppc-cr][Desktop - Chrome] 🔄 Processing lead for brand: PPC CR
[ppc-cr][Desktop - Chrome] 📊 Campaign execution run index: 54
[ppc-cr][Desktop - Chrome] 📅 [Rotational Logic] Week 1 Day 3. Target Range: 1000-1000 (Max allowed by URL: 1000)
[ppc-cr][Desktop - Chrome] 🔗 [Mobile] Navigating to: https://flmtra.com/?a=659&oc=848&c=2210&s1=
[ppc-m-ca][Desktop - Chrome] [STDERR] ❌ Critical Google Sheets Error: The caller does not have permission
❌ Failed processing PPC-M-CA: Failed to write to Google Sheets
[ppc-m-ca][Desktop - Chrome] 
✅ Execution successfully processed! {
  success: false,
  error: 'Failed to write to Google Sheets',
  brand: 'PPC-M-CA'
}
[ppc-m-ca][Desktop - Chrome] 📋 Trace report successfully saved: traces/ppc-m-ca_desktop.zip
[ppc-cr][Tablet - Chrome] 💻 [Tablet] Injecting high-fidelity glossy iPad Pro mockup frame...
[ppc-cr][Tablet - Chrome] ✅ [Mobile] Thank you page or lead id detected in URL during contact loop. Exiting contact loop.
🔘 [Mobile] Scanning for additional dynamic steps...
[ppc-cr][Tablet - Chrome] ✅ [Mobile] Thank you page detected during adaptive submit loop. Exiting loop.
[ppc-cr][Tablet - Chrome] 🔘 [Mobile] Submitting form
💾 [Mobile] Setting hidden debt fields to: 1000
[ppc-cr][Tablet - Chrome] ⏳ [Mobile] Waiting for submission navigation to complete
✅ [3/6/2026, 1:07:02 pm] COMPLETED: ppc-m-ca [Desktop - Chrome][CHROMIUM]

================================================================
🚀 [3/6/2026, 1:07:02 pm] RUNNING: PPC FS [ANDROID - CHROME]
🔗 Target URL: https://flmtra.com/?a=659&oc=841&c=2210&s1=
================================================================
[ppc-cr][Android - Chrome] [STDERR] ⚠️ [Mobile] Standard submit buttons not found, consulting AI Agent...
[ppc-cr][Android - Chrome] 🤖 [AI Agent] Analyzing Submit button for global...
[ppc-cr][Android - Chrome] ⏳ [Mobile] Waiting for final Thank You page redirection...
[ppc-cr][Android - Chrome] ✅ [Mobile] Targeted final redirect URL achieved!
[ppc-cr][Android - Chrome] ✅ [Mobile] Final Thank You URL: https://tra.com/thank-you?debt=5000&leadid=EF93BF58&reqid=26857128&affid=659&oid=133
📋 [Pre-Fix] Thank-you URL before debt correction: https://tra.com/thank-you?debt=5000&leadid=EF93BF58&reqid=26857128&affid=659&oid=133
💾 [Debt Debug] formPage.selectedSliderAmount = "1,000"
[ppc-cr][Android - Chrome] 💾 [Debt Debug] selectedDebtNum (numeric) = "1000"
[ppc-cr][Android - Chrome] 🔧 [Debt Fix] Current debt in URL: 5000, Should be: 1000
[ppc-cr][Android - Chrome] 🔧 [Debt Fix] Correcting debt parameter: 5000 → 1000
[ppc-cr][Android - Chrome] ✅ [Debt Fix] Updated thank-you URL: https://tra.com/thank-you?debt=1000&leadid=EF93BF58&reqid=26857128&affid=659&oid=133
[ppc-cr][Android - Chrome] 📱 [Mobile Diagnostic] Full Thank You URL Parameters: {"debt":"1000","leadid":"EF93BF58","reqid":"26857128","affid":"659","oid":"133"}
[ppc-cr][Android - Chrome] ✅ [Mobile] Extracted Lead ID: EF93BF58
[ppc-cr][Android - Chrome] 📱 Device Type detected: Android - Chrome
[ppc-cr][Android - Chrome] ✅ Lead captured: EF93BF58
[ppc-cr][Android - Chrome] 📡 Fetching First API data for Lead ID: EF93BF58...
[ppc-cr][Desktop - Chrome] ✅ [Mobile] Page loaded successfully
[ppc-cr][Desktop - Chrome] 💻 [Tablet] Injecting high-fidelity glossy iPad Pro mockup frame...
[ppc-cr][Desktop - Chrome] 💻 [Tablet] Injecting high-fidelity glossy iPad Pro mockup frame...
[ppc-cr][Desktop - Chrome] 📝 [Mobile] Starting mobile-specific form filling...
[ppc-cr][Desktop - Chrome] 🔘 [Mobile] Step 1: Selecting Debt Amount (1,000)
[ppc-cr][Desktop - Chrome] 🔘 [Mobile] Found jQuery UI Slider #slider. Setting value via jQuery and DOM evaluation...
[ppc-cr][Desktop - Chrome] ✅ [Mobile] Set jQuery UI Slider #slider to 1,000
[ppc-fs][Android - Chrome] 🔌 [Browser Interceptor] Intercepting and optimizing engine: CHROMIUM
[ppc-fs][Android - Chrome] ◇ injected env (0) from .env // tip: ⌘ override existing { override: true }
[ppc-fs][Android - Chrome] ◇ injected env (0) from .env // tip: ⌘ multiple files { path: ['.env.local', '.env'] }
[ppc-fs][Android - Chrome] ◇ injected env (0) from .env // tip: ⌘ suppress logs { quiet: true }
[ppc-cr][Android - Chrome] [STDERR] ❌ First API Attempt 1 failed: Invalid URL
[ppc-cr][Android - Chrome] ⏳ Retrying in 1 second...
[ppc-cr][Desktop - Chrome] 🔘 [Mobile] Clicking active visible button: .next-btn1:visible, .btn-next:visible
[ppc-cr][Desktop - Chrome] ✅ [Mobile] Clicked: .next-btn1:visible, .btn-next:visible
[ppc-cr][Android - Chrome] [STDERR] ❌ First API Attempt 2 failed: Invalid URL
[ppc-cr][Android - Chrome] ⏳ Retrying in 1 second...
[ppc-fs][Android - Chrome] ◇ injected env (0) from .env // tip: ⌘ enable debugging { debug: true }
[ppc-fs][Android - Chrome] ◇ injected env (0) from .env // tip: ⌁ auth for agents [www.vestauth.com]
[ppc-fs][Android - Chrome] 
🤖 ================================================================
[ppc-fs][Android - Chrome] 🤖 MASTER RUNNER: LAUNCHING PPC FS
🤖 Mode:            MOBILE
[ppc-fs][Android - Chrome] 🤖 Tracking URL:     https://flmtra.com/?a=659&oc=841&c=2210&s1=
[ppc-fs][Android - Chrome] 🤖 Target Sheet:    PPC-FS
🤖 ================================================================
[ppc-fs][Android - Chrome] 🔌 [Browser Interceptor] Intercepting and optimizing engine: CHROMIUM
[ppc-fs][Android - Chrome] 📋 Emulated Device Profile: MOBILE (Pixel 7) - [Android - Chrome]
[ppc-fs][Android - Chrome] ⏳ Delaying 200ms to allow responsive layouts to mount...
[ppc-fs][Android - Chrome] 🔄 Processing lead for brand: PPC FS Mobile
[ppc-fs][Android - Chrome] 📊 Campaign execution run index: 51
[ppc-fs][Android - Chrome] 📅 [Rotational Logic] Week 1 Day 3. Target Range: 7500-10000 (Max allowed by URL: 50000)
[ppc-fs][Android - Chrome] 🔗 [Mobile] Navigating to: https://flmtra.com/?a=659&oc=841&c=2210&s1=
[ppc-cr][Android - Chrome] [STDERR] ❌ First API Attempt 3 failed: Invalid URL
[ppc-cr][Android - Chrome] 📡 [Rest-Assurance] Verifying Lead ID: EF93BF58 via Backend...
[ppc-cr][Android - Chrome] [STDERR] 🛡️  [Rest-Assurance] VERIFICATION_FAILED: Invalid URL
[ppc-cr][Android - Chrome] [STDERR] (node:15316) Warning: Setting the NODE_TLS_REJECT_UNAUTHORIZED environment variable to '0' makes TLS connections and HTTPS requests insecure by disabling certificate verification.
(Use `node --trace-warnings ...` to show where the warning was created)
[ppc-cr][Desktop - Chrome] 💻 [Tablet] Injecting high-fidelity glossy iPad Pro mockup frame...
[ppc-cr][Desktop - Chrome] ✅ [Mobile] Reached a recognized terminal step. Stopping dynamic traversal.
[ppc-cr][Desktop - Chrome] 🔘 [Mobile] Step 2: Selecting State
[ppc-cr][Desktop - Chrome] ✅ [Mobile] Selected state dynamically: "Arkansas"
[ppc-cr][Desktop - Chrome] 📝 [Mobile] step3 column set to State: "Arkansas"
[ppc-cr][Desktop - Chrome] 🔘 [Mobile] Clicking active visible button: .next-btn:visible, .next-btn2:visible, .btn-next:visible
[ppc-cr][Desktop - Chrome] ✅ [Mobile] Clicked: .next-btn:visible, .next-btn2:visible, .btn-next:visible
[ppc-cr][Android - Chrome] [STDERR] ❌ Critical Google Sheets Error: The caller does not have permission
❌ Failed processing PPC CR Mobile: Failed to write to Google Sheets
[ppc-cr][Android - Chrome] 
✅ Execution successfully processed! {
  success: false,
  error: 'Failed to write to Google Sheets',
  brand: 'PPC CR Mobile'
}
[ppc-cr][Android - Chrome] 📋 Trace report successfully saved: traces/ppc-cr_mobile.zip
[ppc-cr][Desktop - Chrome] 💻 [Tablet] Injecting high-fidelity glossy iPad Pro mockup frame...
[ppc-cr][Desktop - Chrome] 🔘 [Mobile] Step 3: Filling Contact Info (Dynamic Loop)...
[ppc-cr][Desktop - Chrome] 💻 [Tablet] Injecting high-fidelity glossy iPad Pro mockup frame...
[ppc-cr][Desktop - Chrome] ✅ [Mobile] Filled First Name: ckmtestpixel
[ppc-cr][Desktop - Chrome] ✅ [Mobile] Filled Last Name: ckmtestpixel
[ppc-cr][Desktop - Chrome] ✅ [Mobile] Filled Email: ckmtestpixel@gmail.com
[ppc-cr][Desktop - Chrome] ✅ [Mobile] Filled Phone: 401-247-1054
[ppc-cr][Desktop - Chrome] 🔘 [Mobile] Clicking active contact NEXT/SUBMIT button...
[ppc-cr][Desktop - Chrome] 💻 [Tablet] Injecting high-fidelity glossy iPad Pro mockup frame...
[ppc-fs][Android - Chrome] ✅ [Mobile] Page loaded successfully
[ppc-fs][Android - Chrome] 📱 [Mobile] Injecting high-fidelity glossy Natural Titanium iPhone 17 Pro mockup frame...
[ppc-fs][Android - Chrome] 📱 [Mobile] Injecting high-fidelity glossy Natural Titanium iPhone 17 Pro mockup frame...
[ppc-fs][Android - Chrome] 📝 [Mobile] Starting mobile-specific form filling...
[ppc-fs][Android - Chrome] 🔘 [Mobile] Step 1: Selecting Debt Amount (9,856)
[ppc-fs][Android - Chrome] 🔘 [Mobile] Found jQuery UI Slider #slider. Setting value via jQuery and DOM evaluation...
[ppc-fs][Android - Chrome] ✅ [Mobile] Set jQuery UI Slider #slider to 9,856
[ppc-fs][Android - Chrome] 🔘 [Mobile] Clicking active visible button: .next-btn1:visible, .btn-next:visible
[ppc-cr][Desktop - Chrome] ✅ [Mobile] Filled Phone: 401-247-1054
[ppc-cr][Desktop - Chrome] 🔘 [Mobile] No active contact NEXT/SUBMIT button visible. Exiting loop.
[ppc-cr][Desktop - Chrome] 🔘 [Mobile] Scanning for additional dynamic steps...
[ppc-cr][Desktop - Chrome] ✅ [Mobile] Thank you page detected during adaptive submit loop. Exiting loop.
[ppc-cr][Desktop - Chrome] 🔘 [Mobile] Submitting form
[ppc-cr][Desktop - Chrome] 💾 [Mobile] Setting hidden debt fields to: 1000
[ppc-cr][Desktop - Chrome] ⏳ [Mobile] Waiting for submission navigation to complete
[ppc-fs][Android - Chrome] ✅ [Mobile] Clicked: .next-btn1:visible, .btn-next:visible
✅ [3/6/2026, 1:07:13 pm] COMPLETED: ppc-cr [Android - Chrome][CHROMIUM]

================================================================
🚀 [3/6/2026, 1:07:13 pm] RUNNING: PPC FS [TABLET - CHROME]
🔗 Target URL: https://flmtra.com/?a=659&oc=841&c=2210&s1=
================================================================
[ppc-fs][Tablet - Chrome] 🔌 [Browser Interceptor] Intercepting and optimizing engine: CHROMIUM
[ppc-fs][Tablet - Chrome] ◇ injected env (0) from .env // tip: ⌘ custom filepath { path: '/custom/path/.env' }
[ppc-fs][Tablet - Chrome] ◇ injected env (0) from .env // tip: ⌘ custom filepath { path: '/custom/path/.env' }
[ppc-fs][Tablet - Chrome] ◇ injected env (0) from .env // tip: ⌘ multiple files { path: ['.env.local', '.env'] }
[ppc-fs][Android - Chrome] 📱 [Mobile] Injecting high-fidelity glossy Natural Titanium iPhone 17 Pro mockup frame...
[ppc-fs][Android - Chrome] ✅ [Mobile] Reached a recognized terminal step. Stopping dynamic traversal.
[ppc-fs][Android - Chrome] 🔘 [Mobile] Step 2: Selecting State
[ppc-fs][Android - Chrome] ✅ [Mobile] Selected state dynamically: "Alabama"
[ppc-fs][Android - Chrome] 📝 [Mobile] step3 column set to State: "Alabama"
[ppc-fs][Android - Chrome] 🔘 [Mobile] Clicking active visible button: .next-btn:visible, .next-btn2:visible, .btn-next:visible
[ppc-fs][Tablet - Chrome] ◇ injected env (0) from .env // tip: ⌘ suppress logs { quiet: true }
[ppc-fs][Tablet - Chrome] ◇ injected env (0) from .env // tip: ⌘ override existing { override: true }
[ppc-fs][Tablet - Chrome] 
🤖 ================================================================
[ppc-fs][Tablet - Chrome] 🤖 MASTER RUNNER: LAUNCHING PPC FS
🤖 Mode:            TABLET
🤖 Tracking URL:     https://flmtra.com/?a=659&oc=841&c=2210&s1=
[ppc-fs][Tablet - Chrome] 🤖 Target Sheet:    PPC-FS
[ppc-fs][Tablet - Chrome] 🤖 ================================================================
[ppc-fs][Tablet - Chrome] 🔌 [Browser Interceptor] Intercepting and optimizing engine: CHROMIUM
[ppc-fs][Tablet - Chrome] 📋 Emulated Device Profile: TABLET (iPad Pro 11) - [Tablet - Chrome]
[ppc-fs][Android - Chrome] ✅ [Mobile] Clicked: .next-btn:visible, .next-btn2:visible, .btn-next:visible
[ppc-fs][Tablet - Chrome] ⏳ Delaying 200ms to allow responsive layouts to mount...
[ppc-fs][Tablet - Chrome] 🔄 Processing lead for brand: PPC FS Tablet
[ppc-fs][Tablet - Chrome] 📊 Campaign execution run index: 52
[ppc-fs][Tablet - Chrome] 📅 [Rotational Logic] Week 1 Day 3. Target Range: 7500-10000 (Max allowed by URL: 50000)
[ppc-fs][Tablet - Chrome] 🔗 [Mobile] Navigating to: https://flmtra.com/?a=659&oc=841&c=2210&s1=
[ppc-fs][Android - Chrome] 📱 [Mobile] Injecting high-fidelity glossy Natural Titanium iPhone 17 Pro mockup frame...
[ppc-fs][Android - Chrome] 🔘 [Mobile] Step 3: Filling Contact Info (Dynamic Loop)...
[ppc-fs][Android - Chrome] 📱 [Mobile] Injecting high-fidelity glossy Natural Titanium iPhone 17 Pro mockup frame...
[ppc-fs][Android - Chrome] ✅ [Mobile] Filled First Name: ckmtestpixel
[ppc-fs][Android - Chrome] ✅ [Mobile] Filled Last Name: ckmtestpixel
[ppc-fs][Android - Chrome] ✅ [Mobile] Filled Email: ckmtestpixel@gmail.com
[ppc-fs][Android - Chrome] ✅ [Mobile] Filled Phone: 401-247-1051
[ppc-fs][Android - Chrome] 🔘 [Mobile] Clicking active contact NEXT/SUBMIT button...
[ppc-cr][Tablet - Chrome] [STDERR] ⚠️ [Mobile] Standard submit buttons not found, consulting AI Agent...
[ppc-cr][Tablet - Chrome] 🤖 [AI Agent] Analyzing Submit button for global...
[ppc-cr][Tablet - Chrome] ⏳ [Mobile] Waiting for final Thank You page redirection...
[ppc-cr][Tablet - Chrome] ✅ [Mobile] Targeted final redirect URL achieved!
[ppc-cr][Tablet - Chrome] ✅ [Mobile] Final Thank You URL: https://tra.com/thank-you?debt=5000&leadid=BEA9DD33&reqid=26857130&affid=659&oid=133
📋 [Pre-Fix] Thank-you URL before debt correction: https://tra.com/thank-you?debt=5000&leadid=BEA9DD33&reqid=26857130&affid=659&oid=133
💾 [Debt Debug] formPage.selectedSliderAmount = "1,000"
💾 [Debt Debug] selectedDebtNum (numeric) = "1000"
[ppc-cr][Tablet - Chrome] 🔧 [Debt Fix] Current debt in URL: 5000, Should be: 1000
🔧 [Debt Fix] Correcting debt parameter: 5000 → 1000
[ppc-cr][Tablet - Chrome] ✅ [Debt Fix] Updated thank-you URL: https://tra.com/thank-you?debt=1000&leadid=BEA9DD33&reqid=26857130&affid=659&oid=133
[ppc-cr][Tablet - Chrome] 📱 [Mobile Diagnostic] Full Thank You URL Parameters: {"debt":"1000","leadid":"BEA9DD33","reqid":"26857130","affid":"659","oid":"133"}
[ppc-cr][Tablet - Chrome] ✅ [Mobile] Extracted Lead ID: BEA9DD33
📱 Device Type detected: Tablet - Chrome
[ppc-cr][Tablet - Chrome] ✅ Lead captured: BEA9DD33
[ppc-cr][Tablet - Chrome] 📡 Fetching First API data for Lead ID: BEA9DD33...
[ppc-cr][Tablet - Chrome] [STDERR] ❌ First API Attempt 1 failed: Invalid URL
[ppc-cr][Tablet - Chrome] ⏳ Retrying in 1 second...
[ppc-fs][Android - Chrome] 📱 [Mobile] Injecting high-fidelity glossy Natural Titanium iPhone 17 Pro mockup frame...
[ppc-cr][Tablet - Chrome] [STDERR] ❌ First API Attempt 2 failed: Invalid URL
[ppc-cr][Tablet - Chrome] ⏳ Retrying in 1 second...
[ppc-fs][Android - Chrome] [STDERR] ⚠️ [Mobile] Failed to apply glossy iPhone 17 Pro mockup frame overlay: page.evaluate: Execution context was destroyed, most likely because of a navigation
[ppc-fs][Android - Chrome] 🔘 [Mobile] No active contact NEXT/SUBMIT button visible. Exiting loop.
🔘 [Mobile] Scanning for additional dynamic steps...
[ppc-fs][Android - Chrome] ✅ [Mobile] Thank you page detected during adaptive submit loop. Exiting loop.
[ppc-fs][Android - Chrome] 🔘 [Mobile] Submitting form
[ppc-fs][Android - Chrome] 💾 [Mobile] Setting hidden debt fields to: 9856
[ppc-fs][Android - Chrome] ⏳ [Mobile] Waiting for submission navigation to complete
[ppc-cr][Tablet - Chrome] [STDERR] ❌ First API Attempt 3 failed: Invalid URL
[ppc-cr][Tablet - Chrome] 📡 [Rest-Assurance] Verifying Lead ID: BEA9DD33 via Backend...
[ppc-cr][Tablet - Chrome] [STDERR] 🛡️  [Rest-Assurance] VERIFICATION_FAILED: Invalid URL
[ppc-cr][Tablet - Chrome] [STDERR] (node:2756) Warning: Setting the NODE_TLS_REJECT_UNAUTHORIZED environment variable to '0' makes TLS connections and HTTPS requests insecure by disabling certificate verification.
(Use `node --trace-warnings ...` to show where the warning was created)
[ppc-cr][Tablet - Chrome] [STDERR] ❌ Critical Google Sheets Error: The caller does not have permission
❌ Failed processing PPC CR Tablet: Failed to write to Google Sheets
[ppc-cr][Tablet - Chrome] 
✅ Execution successfully processed! {
  success: false,
  error: 'Failed to write to Google Sheets',
  brand: 'PPC CR Tablet'
}
[ppc-fs][Tablet - Chrome] ✅ [Mobile] Page loaded successfully
[ppc-fs][Tablet - Chrome] 💻 [Tablet] Injecting high-fidelity glossy iPad Pro mockup frame...
[ppc-fs][Tablet - Chrome] 💻 [Tablet] Injecting high-fidelity glossy iPad Pro mockup frame...
[ppc-fs][Tablet - Chrome] 📝 [Mobile] Starting mobile-specific form filling...
[ppc-fs][Tablet - Chrome] 🔘 [Mobile] Step 1: Selecting Debt Amount (8,331)
[ppc-fs][Tablet - Chrome] 🔘 [Mobile] Found jQuery UI Slider #slider. Setting value via jQuery and DOM evaluation...
[ppc-fs][Tablet - Chrome] ✅ [Mobile] Set jQuery UI Slider #slider to 8,331
[ppc-fs][Tablet - Chrome] 🔘 [Mobile] Clicking active visible button: .next-btn1:visible, .btn-next:visible
[ppc-cr][Tablet - Chrome] 📋 Trace report successfully saved: traces/ppc-cr_tablet.zip
[ppc-fs][Tablet - Chrome] ✅ [Mobile] Clicked: .next-btn1:visible, .btn-next:visible
[ppc-fs][Tablet - Chrome] 💻 [Tablet] Injecting high-fidelity glossy iPad Pro mockup frame...
[ppc-fs][Tablet - Chrome] ✅ [Mobile] Reached a recognized terminal step. Stopping dynamic traversal.
[ppc-fs][Tablet - Chrome] 🔘 [Mobile] Step 2: Selecting State
[ppc-fs][Tablet - Chrome] ✅ [Mobile] Selected state dynamically: "Alaska"
📝 [Mobile] step3 column set to State: "Alaska"
[ppc-fs][Tablet - Chrome] 🔘 [Mobile] Clicking active visible button: .next-btn:visible, .next-btn2:visible, .btn-next:visible
[ppc-fs][Tablet - Chrome] ✅ [Mobile] Clicked: .next-btn:visible, .next-btn2:visible, .btn-next:visible
[ppc-fs][Tablet - Chrome] 💻 [Tablet] Injecting high-fidelity glossy iPad Pro mockup frame...
[ppc-fs][Tablet - Chrome] 🔘 [Mobile] Step 3: Filling Contact Info (Dynamic Loop)...
[ppc-fs][Tablet - Chrome] 💻 [Tablet] Injecting high-fidelity glossy iPad Pro mockup frame...
[ppc-fs][Tablet - Chrome] ✅ [Mobile] Filled First Name: ckmtestpixel
[ppc-fs][Tablet - Chrome] ✅ [Mobile] Filled Last Name: ckmtestpixel
[ppc-fs][Tablet - Chrome] ✅ [Mobile] Filled Email: ckmtestpixel@gmail.com
✅ [3/6/2026, 1:07:29 pm] COMPLETED: ppc-cr [Tablet - Chrome][CHROMIUM]

================================================================
🚀 [3/6/2026, 1:07:29 pm] RUNNING: PPC FS [DESKTOP - CHROME]
🔗 Target URL: https://flmtra.com/?a=659&oc=841&c=2210&s1=
================================================================
[ppc-fs][Tablet - Chrome] ✅ [Mobile] Filled Phone: 401-247-1052
[ppc-fs][Tablet - Chrome] 🔘 [Mobile] Clicking active contact NEXT/SUBMIT button...
[ppc-fs][Desktop - Chrome] 🔌 [Browser Interceptor] Intercepting and optimizing engine: CHROMIUM
[ppc-fs][Desktop - Chrome] ◇ injected env (0) from .env // tip: ⌘ multiple files { path: ['.env.local', '.env'] }
[ppc-fs][Desktop - Chrome] ◇ injected env (0) from .env // tip: ⌘ override existing { override: true }
[ppc-fs][Desktop - Chrome] ◇ injected env (0) from .env // tip: ⌘ enable debugging { debug: true }
[ppc-fs][Desktop - Chrome] ◇ injected env (0) from .env // tip: ⌘ suppress logs { quiet: true }
[ppc-fs][Desktop - Chrome] ◇ injected env (0) from .env // tip: ⌘ enable debugging { debug: true }
[ppc-fs][Desktop - Chrome] 
🤖 ================================================================
[ppc-fs][Desktop - Chrome] 🤖 MASTER RUNNER: LAUNCHING PPC FS
🤖 Mode:            DESKTOP
🤖 Tracking URL:     https://flmtra.com/?a=659&oc=841&c=2210&s1=
[ppc-fs][Desktop - Chrome] 🤖 Target Sheet:    PPC-FS
🤖 ================================================================
[ppc-fs][Desktop - Chrome] 🔌 [Browser Interceptor] Intercepting and optimizing engine: CHROMIUM
[ppc-fs][Desktop - Chrome] 💻 Emulated Device Profile: DESKTOP - [Desktop - Chrome]
[ppc-fs][Desktop - Chrome] 🔄 Processing lead for brand: PPC FS
[ppc-fs][Desktop - Chrome] 📊 Campaign execution run index: 53
📅 [Rotational Logic] Week 1 Day 3. Target Range: 7500-10000 (Max allowed by URL: 50000)
[ppc-fs][Desktop - Chrome] 🔗 [Mobile] Navigating to: https://flmtra.com/?a=659&oc=841&c=2210&s1=
[ppc-fs][Tablet - Chrome] 💻 [Tablet] Injecting high-fidelity glossy iPad Pro mockup frame...
[ppc-fs][Tablet - Chrome] ✅ [Mobile] Thank you page or lead id detected in URL during contact loop. Exiting contact loop.
🔘 [Mobile] Scanning for additional dynamic steps...
[ppc-fs][Tablet - Chrome] ✅ [Mobile] Thank you page detected during adaptive submit loop. Exiting loop.
[ppc-fs][Tablet - Chrome] 🔘 [Mobile] Submitting form
💾 [Mobile] Setting hidden debt fields to: 8331
[ppc-fs][Tablet - Chrome] ⏳ [Mobile] Waiting for submission navigation to complete
[ppc-cr][Desktop - Chrome] [STDERR] ⚠️ [Mobile] Standard submit buttons not found, consulting AI Agent...
[ppc-cr][Desktop - Chrome] 🤖 [AI Agent] Analyzing Submit button for global...
[ppc-cr][Desktop - Chrome] ⏳ [Mobile] Waiting for final Thank You page redirection...
[ppc-cr][Desktop - Chrome] ✅ [Mobile] Targeted final redirect URL achieved!
[ppc-cr][Desktop - Chrome] ✅ [Mobile] Final Thank You URL: https://tra.com/thank-you?debt=5000&leadid=0AA59E46&reqid=26857131&affid=659&oid=133
📋 [Pre-Fix] Thank-you URL before debt correction: https://tra.com/thank-you?debt=5000&leadid=0AA59E46&reqid=26857131&affid=659&oid=133
[ppc-cr][Desktop - Chrome] 💾 [Debt Debug] formPage.selectedSliderAmount = "1,000"
💾 [Debt Debug] selectedDebtNum (numeric) = "1000"
[ppc-cr][Desktop - Chrome] 🔧 [Debt Fix] Current debt in URL: 5000, Should be: 1000
🔧 [Debt Fix] Correcting debt parameter: 5000 → 1000
[ppc-cr][Desktop - Chrome] ✅ [Debt Fix] Updated thank-you URL: https://tra.com/thank-you?debt=1000&leadid=0AA59E46&reqid=26857131&affid=659&oid=133
[ppc-cr][Desktop - Chrome] 📱 [Mobile Diagnostic] Full Thank You URL Parameters: {"debt":"1000","leadid":"0AA59E46","reqid":"26857131","affid":"659","oid":"133"}
[ppc-cr][Desktop - Chrome] ✅ [Mobile] Extracted Lead ID: 0AA59E46
📱 Device Type detected: Desktop - Chrome
[ppc-cr][Desktop - Chrome] ✅ Lead captured: 0AA59E46
[ppc-cr][Desktop - Chrome] 📡 Fetching First API data for Lead ID: 0AA59E46...
[ppc-cr][Desktop - Chrome] [STDERR] ❌ First API Attempt 1 failed: Invalid URL
[ppc-cr][Desktop - Chrome] ⏳ Retrying in 1 second...
[ppc-cr][Desktop - Chrome] [STDERR] ❌ First API Attempt 2 failed: Invalid URL
[ppc-cr][Desktop - Chrome] ⏳ Retrying in 1 second...
[ppc-cr][Desktop - Chrome] [STDERR] ❌ First API Attempt 3 failed: Invalid URL
[ppc-cr][Desktop - Chrome] 📡 [Rest-Assurance] Verifying Lead ID: 0AA59E46 via Backend...
[ppc-cr][Desktop - Chrome] [STDERR] 🛡️  [Rest-Assurance] VERIFICATION_FAILED: Invalid URL
[ppc-cr][Desktop - Chrome] [STDERR] (node:2152) Warning: Setting the NODE_TLS_REJECT_UNAUTHORIZED environment variable to '0' makes TLS connections and HTTPS requests insecure by disabling certificate verification.
(Use `node --trace-warnings ...` to show where the warning was created)
[ppc-cr][Desktop - Chrome] [STDERR] ❌ Critical Google Sheets Error: The caller does not have permission
[ppc-cr][Desktop - Chrome] [STDERR] ❌ Failed processing PPC CR: Failed to write to Google Sheets
[ppc-cr][Desktop - Chrome] 
✅ Execution successfully processed! {
  success: false,
  error: 'Failed to write to Google Sheets',
  brand: 'PPC CR'
}
[ppc-cr][Desktop - Chrome] 📋 Trace report successfully saved: traces/ppc-cr_desktop.zip
[ppc-fs][Desktop - Chrome] ✅ [Mobile] Page loaded successfully
[ppc-fs][Desktop - Chrome] 💻 [Tablet] Injecting high-fidelity glossy iPad Pro mockup frame...
[ppc-fs][Desktop - Chrome] 💻 [Tablet] Injecting high-fidelity glossy iPad Pro mockup frame...
[ppc-fs][Desktop - Chrome] 📝 [Mobile] Starting mobile-specific form filling...
[ppc-fs][Desktop - Chrome] 🔘 [Mobile] Step 1: Selecting Debt Amount (9,816)
[ppc-fs][Desktop - Chrome] 🔘 [Mobile] Found jQuery UI Slider #slider. Setting value via jQuery and DOM evaluation...
[ppc-fs][Desktop - Chrome] ✅ [Mobile] Set jQuery UI Slider #slider to 9,816
[ppc-fs][Desktop - Chrome] 🔘 [Mobile] Clicking active visible button: .next-btn1:visible, .btn-next:visible
[ppc-fs][Desktop - Chrome] ✅ [Mobile] Clicked: .next-btn1:visible, .btn-next:visible
[ppc-fs][Desktop - Chrome] 💻 [Tablet] Injecting high-fidelity glossy iPad Pro mockup frame...
[ppc-fs][Desktop - Chrome] ✅ [Mobile] Reached a recognized terminal step. Stopping dynamic traversal.
[ppc-fs][Android - Chrome] [STDERR] ⚠️ [Mobile] Standard submit buttons not found, consulting AI Agent...
[ppc-fs][Android - Chrome] 🤖 [AI Agent] Analyzing Submit button for global...
[ppc-fs][Android - Chrome] ⏳ [Mobile] Waiting for final Thank You page redirection...
[ppc-fs][Android - Chrome] ✅ [Mobile] Targeted final redirect URL achieved!
[ppc-fs][Android - Chrome] ✅ [Mobile] Final Thank You URL: https://tra.com/thank-you?debt=9856&leadid=477DAF46&reqid=26857133&affid=659&oid=133
[ppc-fs][Android - Chrome] 📋 [Pre-Fix] Thank-you URL before debt correction: https://tra.com/thank-you?debt=9856&leadid=477DAF46&reqid=26857133&affid=659&oid=133
[ppc-fs][Android - Chrome] 💾 [Debt Debug] formPage.selectedSliderAmount = "9,856"
[ppc-fs][Android - Chrome] 💾 [Debt Debug] selectedDebtNum (numeric) = "9856"
[ppc-fs][Android - Chrome] 🔧 [Debt Fix] Current debt in URL: 9856, Should be: 9856
[ppc-fs][Android - Chrome] ✅ [Debt Fix] Debt parameter already correct
[ppc-fs][Android - Chrome] 📱 [Mobile Diagnostic] Full Thank You URL Parameters: {"debt":"9856","leadid":"477DAF46","reqid":"26857133","affid":"659","oid":"133"}
[ppc-fs][Android - Chrome] ✅ [Mobile] Extracted Lead ID: 477DAF46
[ppc-fs][Android - Chrome] 📱 Device Type detected: Android - Chrome
✅ Lead captured: 477DAF46
[ppc-fs][Android - Chrome] 📡 Fetching First API data for Lead ID: 477DAF46...
[ppc-fs][Desktop - Chrome] 🔘 [Mobile] Step 2: Selecting State
[ppc-fs][Desktop - Chrome] ✅ [Mobile] Selected state dynamically: "Arizona"
📝 [Mobile] step3 column set to State: "Arizona"
[ppc-fs][Desktop - Chrome] 🔘 [Mobile] Clicking active visible button: .next-btn:visible, .next-btn2:visible, .btn-next:visible
[ppc-fs][Desktop - Chrome] ✅ [Mobile] Clicked: .next-btn:visible, .next-btn2:visible, .btn-next:visible
[ppc-fs][Android - Chrome] [STDERR] ❌ First API Attempt 1 failed: Invalid URL
[ppc-fs][Android - Chrome] ⏳ Retrying in 1 second...
[ppc-fs][Android - Chrome] [STDERR] ❌ First API Attempt 2 failed: Invalid URL
[ppc-fs][Android - Chrome] ⏳ Retrying in 1 second...
[ppc-fs][Desktop - Chrome] 💻 [Tablet] Injecting high-fidelity glossy iPad Pro mockup frame...
✅ [3/6/2026, 1:07:42 pm] COMPLETED: ppc-cr [Desktop - Chrome][CHROMIUM]

================================================================
🚀 [3/6/2026, 1:07:42 pm] RUNNING: PPC [ANDROID - CHROME]
🔗 Target URL: https://flmtra.com/?a=659&oc=782&c=2210&s1=
================================================================
[ppc-fs][Desktop - Chrome] 🔘 [Mobile] Step 3: Filling Contact Info (Dynamic Loop)...
[ppc-fs][Desktop - Chrome] 💻 [Tablet] Injecting high-fidelity glossy iPad Pro mockup frame...
[ppc-fs][Desktop - Chrome] ✅ [Mobile] Filled First Name: ckmtestpixel
[ppc][Android - Chrome] 🔌 [Browser Interceptor] Intercepting and optimizing engine: CHROMIUM
[ppc][Android - Chrome] ◇ injected env (0) from .env // tip: ⌘ enable debugging { debug: true }
[ppc][Android - Chrome] ◇ injected env (0) from .env // tip: ⌘ enable debugging { debug: true }
[ppc][Android - Chrome] ◇ injected env (0) from .env // tip: ◈ encrypted .env [www.dotenvx.com]
[ppc-fs][Desktop - Chrome] ✅ [Mobile] Filled Last Name: ckmtestpixel
[ppc-fs][Android - Chrome] [STDERR] ❌ First API Attempt 3 failed: Invalid URL
[ppc-fs][Android - Chrome] 📡 Fetching Second API data for Lead ID: 477DAF46...
[ppc-fs][Android - Chrome] 📡 Standard Second API Payload: cake_id=477DAF46, domain_name=https://www.taxreliefadvocates.com
[ppc-fs][Android - Chrome] [STDERR] ❌ Second API Attempt 1 failed: Invalid URL
[ppc-fs][Android - Chrome] ⏳ Retrying in 1 second to allow database synchronization...
[ppc-fs][Desktop - Chrome] ✅ [Mobile] Filled Email: ckmtestpixel@gmail.com
[ppc-fs][Desktop - Chrome] ✅ [Mobile] Filled Phone: 401-247-1053
[ppc-fs][Desktop - Chrome] 🔘 [Mobile] Clicking active contact NEXT/SUBMIT button...
[ppc-fs][Android - Chrome] 📡 Standard Second API Payload: cake_id=477DAF46, domain_name=https://www.taxreliefadvocates.com
[ppc-fs][Android - Chrome] [STDERR] ❌ Second API Attempt 2 failed: Invalid URL
[ppc-fs][Android - Chrome] ⏳ Retrying in 1 second to allow database synchronization...
[ppc][Android - Chrome] ◇ injected env (0) from .env // tip: ◈ secrets for agents [www.dotenvx.com]
[ppc][Android - Chrome] ◇ injected env (0) from .env // tip: ⌘ custom filepath { path: '/custom/path/.env' }
[ppc][Android - Chrome] 
🤖 ================================================================
[ppc][Android - Chrome] 🤖 MASTER RUNNER: LAUNCHING PPC
🤖 Mode:            MOBILE
[ppc][Android - Chrome] 🤖 Tracking URL:     https://flmtra.com/?a=659&oc=782&c=2210&s1=
[ppc][Android - Chrome] 🤖 Target Sheet:    PPC
[ppc][Android - Chrome] 🤖 ================================================================
[ppc][Android - Chrome] 🔌 [Browser Interceptor] Intercepting and optimizing engine: CHROMIUM
[ppc][Android - Chrome] 📋 Emulated Device Profile: MOBILE (Pixel 7) - [Android - Chrome]
[ppc][Android - Chrome] ⏳ Delaying 200ms to allow responsive layouts to mount...
[ppc][Android - Chrome] 🔄 Processing lead for brand: PPC Mobile
[ppc][Android - Chrome] 📊 Campaign execution run index: 50
[ppc][Android - Chrome] 📅 [Rotational Logic] Week 1 Day 3. Target Range: 7500-10000 (Max allowed by URL: 30000)
[ppc][Android - Chrome] 🔗 [Mobile] Navigating to: https://flmtra.com/?a=659&oc=782&c=2210&s1=
[ppc-fs][Android - Chrome] 📡 Standard Second API Payload: cake_id=477DAF46, domain_name=https://www.taxreliefadvocates.com
[ppc-fs][Android - Chrome] [STDERR] ❌ Second API Attempt 3 failed: Invalid URL
[ppc-fs][Android - Chrome] ⏳ Retrying in 1 second to allow database synchronization...
[ppc-fs][Android - Chrome] 📡 Standard Second API Payload: cake_id=477DAF46, domain_name=https://www.taxreliefadvocates.com
[ppc-fs][Android - Chrome] [STDERR] ❌ Second API Attempt 4 failed: Invalid URL
[ppc-fs][Android - Chrome] ⏳ Retrying in 1 second to allow database synchronization...
[ppc-fs][Desktop - Chrome] 💻 [Tablet] Injecting high-fidelity glossy iPad Pro mockup frame...
[ppc-fs][Desktop - Chrome] ✅ [Mobile] Thank you page or lead id detected in URL during contact loop. Exiting contact loop.
[ppc-fs][Desktop - Chrome] 🔘 [Mobile] Scanning for additional dynamic steps...
[ppc-fs][Desktop - Chrome] ✅ [Mobile] Thank you page detected during adaptive submit loop. Exiting loop.
[ppc-fs][Desktop - Chrome] 🔘 [Mobile] Submitting form
💾 [Mobile] Setting hidden debt fields to: 9816
[ppc-fs][Desktop - Chrome] ⏳ [Mobile] Waiting for submission navigation to complete
[ppc-fs][Android - Chrome] 📡 Standard Second API Payload: cake_id=477DAF46, domain_name=https://www.taxreliefadvocates.com
[ppc-fs][Android - Chrome] [STDERR] ❌ Second API Attempt 5 failed: Invalid URL
[ppc-fs][Android - Chrome] 📡 [Rest-Assurance] Verifying Lead ID: 477DAF46 via Backend...
[ppc-fs][Android - Chrome] [STDERR] 🛡️  [Rest-Assurance] VERIFICATION_FAILED: Invalid URL
[ppc-fs][Android - Chrome] [STDERR] (node:22976) Warning: Setting the NODE_TLS_REJECT_UNAUTHORIZED environment variable to '0' makes TLS connections and HTTPS requests insecure by disabling certificate verification.
(Use `node --trace-warnings ...` to show where the warning was created)
[ppc-fs][Android - Chrome] [STDERR] ❌ Critical Google Sheets Error: The caller does not have permission
❌ Failed processing PPC FS Mobile: Failed to write to Google Sheets
[ppc-fs][Android - Chrome] 
✅ Execution successfully processed! {
  success: false,
  error: 'Failed to write to Google Sheets',
  brand: 'PPC FS Mobile'
}
[ppc-fs][Android - Chrome] 📋 Trace report successfully saved: traces/ppc-fs_mobile.zip
[ppc][Android - Chrome] ✅ [Mobile] Page loaded successfully
[ppc][Android - Chrome] 📱 [Mobile] Injecting high-fidelity glossy Natural Titanium iPhone 17 Pro mockup frame...
[ppc][Android - Chrome] 📱 [Mobile] Injecting high-fidelity glossy Natural Titanium iPhone 17 Pro mockup frame...
[ppc][Android - Chrome] 📝 [Mobile] Starting mobile-specific form filling...
[ppc][Android - Chrome] 🔘 [Mobile] Step 1: Selecting Debt Amount (7,821)
[ppc][Android - Chrome] 🔘 [Mobile] Found jQuery UI Slider #slider. Setting value via jQuery and DOM evaluation...
[ppc][Android - Chrome] ✅ [Mobile] Set jQuery UI Slider #slider to 7,821
[ppc-fs][Tablet - Chrome] [STDERR] ⚠️ [Mobile] Standard submit buttons not found, consulting AI Agent...
[ppc-fs][Tablet - Chrome] 🤖 [AI Agent] Analyzing Submit button for global...
[ppc-fs][Tablet - Chrome] ⏳ [Mobile] Waiting for final Thank You page redirection...
[ppc-fs][Tablet - Chrome] ✅ [Mobile] Targeted final redirect URL achieved!
[ppc-fs][Tablet - Chrome] ✅ [Mobile] Final Thank You URL: https://tra.com/thank-you?debt=8331&leadid=BF6C2E7B&reqid=26857134&affid=659&oid=133
[ppc-fs][Tablet - Chrome] 📋 [Pre-Fix] Thank-you URL before debt correction: https://tra.com/thank-you?debt=8331&leadid=BF6C2E7B&reqid=26857134&affid=659&oid=133
[ppc-fs][Tablet - Chrome] 💾 [Debt Debug] formPage.selectedSliderAmount = "8,331"
[ppc-fs][Tablet - Chrome] 💾 [Debt Debug] selectedDebtNum (numeric) = "8331"
[ppc-fs][Tablet - Chrome] 🔧 [Debt Fix] Current debt in URL: 8331, Should be: 8331
✅ [Debt Fix] Debt parameter already correct
[ppc-fs][Tablet - Chrome] 📱 [Mobile Diagnostic] Full Thank You URL Parameters: {"debt":"8331","leadid":"BF6C2E7B","reqid":"26857134","affid":"659","oid":"133"}
[ppc-fs][Tablet - Chrome] ✅ [Mobile] Extracted Lead ID: BF6C2E7B
[ppc-fs][Tablet - Chrome] 📱 Device Type detected: Tablet - Chrome
[ppc-fs][Tablet - Chrome] ✅ Lead captured: BF6C2E7B
[ppc-fs][Tablet - Chrome] 📡 Fetching First API data for Lead ID: BF6C2E7B...
[ppc][Android - Chrome] 🔘 [Mobile] Clicking active visible button: .next-btn1:visible, .btn-next:visible
[ppc][Android - Chrome] ✅ [Mobile] Clicked: .next-btn1:visible, .btn-next:visible
[ppc-fs][Tablet - Chrome] [STDERR] ❌ First API Attempt 1 failed: Invalid URL
[ppc-fs][Tablet - Chrome] ⏳ Retrying in 1 second...
[ppc-fs][Tablet - Chrome] [STDERR] ❌ First API Attempt 2 failed: Invalid URL
[ppc-fs][Tablet - Chrome] ⏳ Retrying in 1 second...
[ppc][Android - Chrome] 📱 [Mobile] Injecting high-fidelity glossy Natural Titanium iPhone 17 Pro mockup frame...
✅ [3/6/2026, 1:07:55 pm] COMPLETED: ppc-fs [Android - Chrome][CHROMIUM]

================================================================
🚀 [3/6/2026, 1:07:55 pm] RUNNING: PPC [TABLET - CHROME]
🔗 Target URL: https://flmtra.com/?a=659&oc=782&c=2210&s1=
================================================================
[ppc][Android - Chrome] ✅ [Mobile] Reached a recognized terminal step. Stopping dynamic traversal.
[ppc][Android - Chrome] 🔘 [Mobile] Step 2: Selecting State
[ppc][Android - Chrome] ✅ [Mobile] Selected state dynamically: "Wyoming"
📝 [Mobile] step3 column set to State: "Wyoming"
[ppc][Android - Chrome] 🔘 [Mobile] Clicking active visible button: .next-btn:visible, .next-btn2:visible, .btn-next:visible
[ppc][Android - Chrome] ✅ [Mobile] Clicked: .next-btn:visible, .next-btn2:visible, .btn-next:visible
[ppc-fs][Tablet - Chrome] [STDERR] ❌ First API Attempt 3 failed: Invalid URL
[ppc-fs][Tablet - Chrome] 📡 Fetching Second API data for Lead ID: BF6C2E7B...
[ppc-fs][Tablet - Chrome] 📡 Standard Second API Payload: cake_id=BF6C2E7B, domain_name=https://www.taxreliefadvocates.com
[ppc-fs][Tablet - Chrome] [STDERR] ❌ Second API Attempt 1 failed: Invalid URL
[ppc-fs][Tablet - Chrome] ⏳ Retrying in 1 second to allow database synchronization...
[ppc][Tablet - Chrome] 🔌 [Browser Interceptor] Intercepting and optimizing engine: CHROMIUM
[ppc][Tablet - Chrome] ◇ injected env (0) from .env // tip: ⌘ custom filepath { path: '/custom/path/.env' }
[ppc][Tablet - Chrome] ◇ injected env (0) from .env // tip: ⌘ multiple files { path: ['.env.local', '.env'] }
[ppc][Tablet - Chrome] ◇ injected env (0) from .env // tip: ⌘ override existing { override: true }
[ppc-fs][Tablet - Chrome] 📡 Standard Second API Payload: cake_id=BF6C2E7B, domain_name=https://www.taxreliefadvocates.com
[ppc-fs][Tablet - Chrome] [STDERR] ❌ Second API Attempt 2 failed: Invalid URL
[ppc-fs][Tablet - Chrome] ⏳ Retrying in 1 second to allow database synchronization...
[ppc][Android - Chrome] 📱 [Mobile] Injecting high-fidelity glossy Natural Titanium iPhone 17 Pro mockup frame...
[ppc][Android - Chrome] 🔘 [Mobile] Step 3: Filling Contact Info (Dynamic Loop)...
[ppc][Android - Chrome] 📱 [Mobile] Injecting high-fidelity glossy Natural Titanium iPhone 17 Pro mockup frame...
[ppc][Tablet - Chrome] ◇ injected env (0) from .env // tip: ⌘ enable debugging { debug: true }
[ppc][Tablet - Chrome] ◇ injected env (0) from .env // tip: ⌘ override existing { override: true }
[ppc][Tablet - Chrome] 
🤖 ================================================================
🤖 MASTER RUNNER: LAUNCHING PPC
[ppc][Tablet - Chrome] 🤖 Mode:            TABLET
🤖 Tracking URL:     https://flmtra.com/?a=659&oc=782&c=2210&s1=
🤖 Target Sheet:    PPC
[ppc][Tablet - Chrome] 🤖 ================================================================
[ppc][Tablet - Chrome] 🔌 [Browser Interceptor] Intercepting and optimizing engine: CHROMIUM
[ppc][Tablet - Chrome] 📋 Emulated Device Profile: TABLET (iPad Pro 11) - [Tablet - Chrome]
[ppc][Android - Chrome] ✅ [Mobile] Filled First Name: ckmtestpixel
[ppc-fs][Tablet - Chrome] 📡 Standard Second API Payload: cake_id=BF6C2E7B, domain_name=https://www.taxreliefadvocates.com
[ppc-fs][Tablet - Chrome] [STDERR] ❌ Second API Attempt 3 failed: Invalid URL
[ppc-fs][Tablet - Chrome] ⏳ Retrying in 1 second to allow database synchronization...
[ppc][Tablet - Chrome] ⏳ Delaying 200ms to allow responsive layouts to mount...
[ppc][Android - Chrome] ✅ [Mobile] Filled Last Name: ckmtestpixel
[ppc][Android - Chrome] ✅ [Mobile] Filled Email: ckmtestpixel@gmail.com
[ppc][Tablet - Chrome] 🔄 Processing lead for brand: PPC Tablet
[ppc][Tablet - Chrome] 📊 Campaign execution run index: 51
[ppc][Tablet - Chrome] 📅 [Rotational Logic] Week 1 Day 3. Target Range: 7500-10000 (Max allowed by URL: 30000)
[ppc][Tablet - Chrome] 🔗 [Mobile] Navigating to: https://flmtra.com/?a=659&oc=782&c=2210&s1=
[ppc][Android - Chrome] ✅ [Mobile] Filled Phone: 401-247-1050
[ppc][Android - Chrome] 🔘 [Mobile] Clicking active contact NEXT/SUBMIT button...
[ppc-fs][Tablet - Chrome] 📡 Standard Second API Payload: cake_id=BF6C2E7B, domain_name=https://www.taxreliefadvocates.com
[ppc-fs][Tablet - Chrome] [STDERR] ❌ Second API Attempt 4 failed: Invalid URL
[ppc-fs][Tablet - Chrome] ⏳ Retrying in 1 second to allow database synchronization...
[ppc-fs][Tablet - Chrome] 📡 Standard Second API Payload: cake_id=BF6C2E7B, domain_name=https://www.taxreliefadvocates.com
[ppc-fs][Tablet - Chrome] [STDERR] ❌ Second API Attempt 5 failed: Invalid URL
[ppc-fs][Tablet - Chrome] 📡 [Rest-Assurance] Verifying Lead ID: BF6C2E7B via Backend...
[ppc-fs][Tablet - Chrome] [STDERR] 🛡️  [Rest-Assurance] VERIFICATION_FAILED: Invalid URL
[ppc-fs][Tablet - Chrome] [STDERR] (node:20008) Warning: Setting the NODE_TLS_REJECT_UNAUTHORIZED environment variable to '0' makes TLS connections and HTTPS requests insecure by disabling certificate verification.
(Use `node --trace-warnings ...` to show where the warning was created)
[ppc][Android - Chrome] 📱 [Mobile] Injecting high-fidelity glossy Natural Titanium iPhone 17 Pro mockup frame...
[ppc-fs][Tablet - Chrome] [STDERR] ❌ Critical Google Sheets Error: The caller does not have permission
[ppc-fs][Tablet - Chrome] [STDERR] ❌ Failed processing PPC FS Tablet: Failed to write to Google Sheets
[ppc-fs][Tablet - Chrome] 
✅ Execution successfully processed! {
  success: false,
  error: 'Failed to write to Google Sheets',
  brand: 'PPC FS Tablet'
}
[ppc][Android - Chrome] ✅ [Mobile] Filled Phone: 401-247-1050
[ppc][Android - Chrome] 🔘 [Mobile] No active contact NEXT/SUBMIT button visible. Exiting loop.
[ppc][Android - Chrome] 🔘 [Mobile] Scanning for additional dynamic steps...
[ppc][Android - Chrome] ✅ [Mobile] Thank you page detected during adaptive submit loop. Exiting loop.
[ppc][Android - Chrome] 🔘 [Mobile] Submitting form
💾 [Mobile] Setting hidden debt fields to: 7821
[ppc][Android - Chrome] ⏳ [Mobile] Waiting for submission navigation to complete
[ppc-fs][Tablet - Chrome] 📋 Trace report successfully saved: traces/ppc-fs_tablet.zip
[ppc][Tablet - Chrome] ✅ [Mobile] Page loaded successfully
[ppc][Tablet - Chrome] 💻 [Tablet] Injecting high-fidelity glossy iPad Pro mockup frame...
[ppc][Tablet - Chrome] 💻 [Tablet] Injecting high-fidelity glossy iPad Pro mockup frame...
[ppc][Tablet - Chrome] 📝 [Mobile] Starting mobile-specific form filling...
[ppc][Tablet - Chrome] 🔘 [Mobile] Step 1: Selecting Debt Amount (8,922)
[ppc][Tablet - Chrome] 🔘 [Mobile] Found jQuery UI Slider #slider. Setting value via jQuery and DOM evaluation...
[ppc][Tablet - Chrome] ✅ [Mobile] Set jQuery UI Slider #slider to 8,922
[ppc-fs][Desktop - Chrome] [STDERR] ⚠️ [Mobile] Standard submit buttons not found, consulting AI Agent...
[ppc-fs][Desktop - Chrome] 🤖 [AI Agent] Analyzing Submit button for global...
[ppc-fs][Desktop - Chrome] ⏳ [Mobile] Waiting for final Thank You page redirection...
[ppc-fs][Desktop - Chrome] ✅ [Mobile] Targeted final redirect URL achieved!
[ppc-fs][Desktop - Chrome] ✅ [Mobile] Final Thank You URL: https://tra.com/thank-you?debt=9816&leadid=65F787FD&reqid=26857135&affid=659&oid=133
[ppc-fs][Desktop - Chrome] 📋 [Pre-Fix] Thank-you URL before debt correction: https://tra.com/thank-you?debt=9816&leadid=65F787FD&reqid=26857135&affid=659&oid=133
💾 [Debt Debug] formPage.selectedSliderAmount = "9,816"
[ppc-fs][Desktop - Chrome] 💾 [Debt Debug] selectedDebtNum (numeric) = "9816"
[ppc-fs][Desktop - Chrome] 🔧 [Debt Fix] Current debt in URL: 9816, Should be: 9816
✅ [Debt Fix] Debt parameter already correct
[ppc-fs][Desktop - Chrome] 📱 [Mobile Diagnostic] Full Thank You URL Parameters: {"debt":"9816","leadid":"65F787FD","reqid":"26857135","affid":"659","oid":"133"}
[ppc-fs][Desktop - Chrome] ✅ [Mobile] Extracted Lead ID: 65F787FD
[ppc-fs][Desktop - Chrome] 📱 Device Type detected: Desktop - Chrome
[ppc-fs][Desktop - Chrome] ✅ Lead captured: 65F787FD
[ppc-fs][Desktop - Chrome] 📡 Fetching First API data for Lead ID: 65F787FD...
[ppc-fs][Desktop - Chrome] [STDERR] ❌ First API Attempt 1 failed: Invalid URL
[ppc-fs][Desktop - Chrome] ⏳ Retrying in 1 second...
[ppc][Tablet - Chrome] 🔘 [Mobile] Clicking active visible button: .next-btn1:visible, .btn-next:visible
[ppc][Tablet - Chrome] ✅ [Mobile] Clicked: .next-btn1:visible, .btn-next:visible
[ppc-fs][Desktop - Chrome] [STDERR] ❌ First API Attempt 2 failed: Invalid URL
[ppc-fs][Desktop - Chrome] ⏳ Retrying in 1 second...
[ppc-fs][Desktop - Chrome] [STDERR] ❌ First API Attempt 3 failed: Invalid URL
[ppc-fs][Desktop - Chrome] 📡 Fetching Second API data for Lead ID: 65F787FD...
[ppc-fs][Desktop - Chrome] 📡 Standard Second API Payload: cake_id=65F787FD, domain_name=https://www.taxreliefadvocates.com
[ppc-fs][Desktop - Chrome] [STDERR] ❌ Second API Attempt 1 failed: Invalid URL
[ppc-fs][Desktop - Chrome] ⏳ Retrying in 1 second to allow database synchronization...
[ppc][Tablet - Chrome] 💻 [Tablet] Injecting high-fidelity glossy iPad Pro mockup frame...
✅ [3/6/2026, 1:08:09 pm] COMPLETED: ppc-fs [Tablet - Chrome][CHROMIUM]

================================================================
🚀 [3/6/2026, 1:08:09 pm] RUNNING: PPC [DESKTOP - CHROME]
🔗 Target URL: https://flmtra.com/?a=659&oc=782&c=2210&s1=
================================================================
[ppc][Tablet - Chrome] ✅ [Mobile] Reached a recognized terminal step. Stopping dynamic traversal.
[ppc][Tablet - Chrome] 🔘 [Mobile] Step 2: Selecting State
[ppc][Tablet - Chrome] ✅ [Mobile] Selected state dynamically: "Alabama"
[ppc][Tablet - Chrome] 📝 [Mobile] step3 column set to State: "Alabama"
[ppc][Tablet - Chrome] 🔘 [Mobile] Clicking active visible button: .next-btn:visible, .next-btn2:visible, .btn-next:visible
[ppc][Tablet - Chrome] ✅ [Mobile] Clicked: .next-btn:visible, .next-btn2:visible, .btn-next:visible
[ppc-fs][Desktop - Chrome] 📡 Standard Second API Payload: cake_id=65F787FD, domain_name=https://www.taxreliefadvocates.com
[ppc-fs][Desktop - Chrome] [STDERR] ❌ Second API Attempt 2 failed: Invalid URL
[ppc-fs][Desktop - Chrome] ⏳ Retrying in 1 second to allow database synchronization...
[ppc][Desktop - Chrome] 🔌 [Browser Interceptor] Intercepting and optimizing engine: CHROMIUM
[ppc][Desktop - Chrome] ◇ injected env (0) from .env // tip: ⌘ suppress logs { quiet: true }
[ppc][Desktop - Chrome] ◇ injected env (0) from .env // tip: ⌘ multiple files { path: ['.env.local', '.env'] }
[ppc][Desktop - Chrome] ◇ injected env (0) from .env // tip: ⌘ custom filepath { path: '/custom/path/.env' }
[ppc-fs][Desktop - Chrome] 📡 Standard Second API Payload: cake_id=65F787FD, domain_name=https://www.taxreliefadvocates.com
[ppc-fs][Desktop - Chrome] [STDERR] ❌ Second API Attempt 3 failed: Invalid URL
[ppc-fs][Desktop - Chrome] ⏳ Retrying in 1 second to allow database synchronization...
[ppc][Tablet - Chrome] 💻 [Tablet] Injecting high-fidelity glossy iPad Pro mockup frame...
[ppc][Tablet - Chrome] 🔘 [Mobile] Step 3: Filling Contact Info (Dynamic Loop)...
[ppc][Tablet - Chrome] 💻 [Tablet] Injecting high-fidelity glossy iPad Pro mockup frame...
[ppc][Tablet - Chrome] ✅ [Mobile] Filled First Name: ckmtestpixel
[ppc-fs][Desktop - Chrome] 📡 Standard Second API Payload: cake_id=65F787FD, domain_name=https://www.taxreliefadvocates.com
[ppc-fs][Desktop - Chrome] [STDERR] ❌ Second API Attempt 4 failed: Invalid URL
[ppc-fs][Desktop - Chrome] ⏳ Retrying in 1 second to allow database synchronization...
[ppc][Desktop - Chrome] ◇ injected env (0) from .env // tip: ⌁ auth for agents [www.vestauth.com]
[ppc][Desktop - Chrome] ◇ injected env (0) from .env // tip: ◈ secrets for agents [www.dotenvx.com]
[ppc][Desktop - Chrome] 
🤖 ================================================================
[ppc][Desktop - Chrome] 🤖 MASTER RUNNER: LAUNCHING PPC
🤖 Mode:            DESKTOP
[ppc][Desktop - Chrome] 🤖 Tracking URL:     https://flmtra.com/?a=659&oc=782&c=2210&s1=
[ppc][Desktop - Chrome] 🤖 Target Sheet:    PPC
[ppc][Desktop - Chrome] 🤖 ================================================================
[ppc][Desktop - Chrome] 🔌 [Browser Interceptor] Intercepting and optimizing engine: CHROMIUM
[ppc][Tablet - Chrome] ✅ [Mobile] Filled Last Name: ckmtestpixel
[ppc][Desktop - Chrome] 💻 Emulated Device Profile: DESKTOP - [Desktop - Chrome]
[ppc][Tablet - Chrome] ✅ [Mobile] Filled Email: ckmtestpixel@gmail.com
[ppc-fs][Desktop - Chrome] 📡 Standard Second API Payload: cake_id=65F787FD, domain_name=https://www.taxreliefadvocates.com
[ppc-fs][Desktop - Chrome] [STDERR] ❌ Second API Attempt 5 failed: Invalid URL
[ppc-fs][Desktop - Chrome] 📡 [Rest-Assurance] Verifying Lead ID: 65F787FD via Backend...
[ppc-fs][Desktop - Chrome] [STDERR] 🛡️  [Rest-Assurance] VERIFICATION_FAILED: Invalid URL
[ppc][Desktop - Chrome] 🔄 Processing lead for brand: PPC
[ppc][Desktop - Chrome] 📊 Campaign execution run index: 52
[ppc][Desktop - Chrome] 📅 [Rotational Logic] Week 1 Day 3. Target Range: 7500-10000 (Max allowed by URL: 30000)
[ppc][Desktop - Chrome] 🔗 [Mobile] Navigating to: https://flmtra.com/?a=659&oc=782&c=2210&s1=
[ppc-fs][Desktop - Chrome] [STDERR] (node:14244) Warning: Setting the NODE_TLS_REJECT_UNAUTHORIZED environment variable to '0' makes TLS connections and HTTPS requests insecure by disabling certificate verification.
(Use `node --trace-warnings ...` to show where the warning was created)
[ppc][Tablet - Chrome] ✅ [Mobile] Filled Phone: 401-247-1051
[ppc][Tablet - Chrome] 🔘 [Mobile] Clicking active contact NEXT/SUBMIT button...
[ppc-fs][Desktop - Chrome] [STDERR] ❌ Critical Google Sheets Error: The caller does not have permission
[ppc-fs][Desktop - Chrome] [STDERR] ❌ Failed processing PPC FS: Failed to write to Google Sheets
[ppc-fs][Desktop - Chrome] 
✅ Execution successfully processed! {
  success: false,
  error: 'Failed to write to Google Sheets',
  brand: 'PPC FS'
}
[ppc][Tablet - Chrome] 💻 [Tablet] Injecting high-fidelity glossy iPad Pro mockup frame...
[ppc-fs][Desktop - Chrome] 📋 Trace report successfully saved: traces/ppc-fs_desktop.zip
[ppc][Tablet - Chrome] ✅ [Mobile] Filled Email: ckmtestpixel@gmail.com
[ppc][Tablet - Chrome] 🔘 [Mobile] No active contact NEXT/SUBMIT button visible. Exiting loop.
[ppc][Tablet - Chrome] 🔘 [Mobile] Scanning for additional dynamic steps...
[ppc][Tablet - Chrome] ✅ [Mobile] Thank you page detected during adaptive submit loop. Exiting loop.
[ppc][Tablet - Chrome] 🔘 [Mobile] Submitting form
💾 [Mobile] Setting hidden debt fields to: 8922
[ppc][Tablet - Chrome] ⏳ [Mobile] Waiting for submission navigation to complete
[ppc][Desktop - Chrome] ✅ [Mobile] Page loaded successfully
[ppc][Desktop - Chrome] 💻 [Tablet] Injecting high-fidelity glossy iPad Pro mockup frame...
[ppc][Desktop - Chrome] 💻 [Tablet] Injecting high-fidelity glossy iPad Pro mockup frame...
[ppc][Desktop - Chrome] 📝 [Mobile] Starting mobile-specific form filling...
[ppc][Desktop - Chrome] 🔘 [Mobile] Step 1: Selecting Debt Amount (9,267)
[ppc][Desktop - Chrome] 🔘 [Mobile] Found jQuery UI Slider #slider. Setting value via jQuery and DOM evaluation...
[ppc][Desktop - Chrome] ✅ [Mobile] Set jQuery UI Slider #slider to 9,267
[ppc][Android - Chrome] [STDERR] ⚠️ [Mobile] Standard submit buttons not found, consulting AI Agent...
[ppc][Android - Chrome] 🤖 [AI Agent] Analyzing Submit button for global...
[ppc][Android - Chrome] ⏳ [Mobile] Waiting for final Thank You page redirection...
[ppc][Android - Chrome] ✅ [Mobile] Targeted final redirect URL achieved!
[ppc][Android - Chrome] ✅ [Mobile] Final Thank You URL: https://tra.com/thank-you?debt=7821&leadid=331C98FE&reqid=26857137&affid=659&oid=133
📋 [Pre-Fix] Thank-you URL before debt correction: https://tra.com/thank-you?debt=7821&leadid=331C98FE&reqid=26857137&affid=659&oid=133
[ppc][Android - Chrome] 💾 [Debt Debug] formPage.selectedSliderAmount = "7,821"
💾 [Debt Debug] selectedDebtNum (numeric) = "7821"
[ppc][Android - Chrome] 🔧 [Debt Fix] Current debt in URL: 7821, Should be: 7821
✅ [Debt Fix] Debt parameter already correct
[ppc][Android - Chrome] 📱 [Mobile Diagnostic] Full Thank You URL Parameters: {"debt":"7821","leadid":"331C98FE","reqid":"26857137","affid":"659","oid":"133"}
[ppc][Android - Chrome] ✅ [Mobile] Extracted Lead ID: 331C98FE
[ppc][Android - Chrome] 📱 Device Type detected: Android - Chrome
[ppc][Android - Chrome] ✅ Lead captured: 331C98FE
[ppc][Android - Chrome] 📡 Fetching First API data for Lead ID: 331C98FE...
[ppc][Android - Chrome] [STDERR] ❌ First API Attempt 1 failed: Invalid URL
[ppc][Android - Chrome] ⏳ Retrying in 1 second...
[ppc][Desktop - Chrome] 🔘 [Mobile] Clicking active visible button: .next-btn1:visible, .btn-next:visible
[ppc][Desktop - Chrome] ✅ [Mobile] Clicked: .next-btn1:visible, .btn-next:visible
✅ [3/6/2026, 1:08:23 pm] COMPLETED: ppc-fs [Desktop - Chrome][CHROMIUM]

================================================================
🚀 [3/6/2026, 1:08:23 pm] RUNNING: TRA-CPM [ANDROID - CHROME]
🔗 Target URL: https://flmtra.com/?a=659&oc=763&c=2225&s1=
================================================================
[ppc][Android - Chrome] [STDERR] ❌ First API Attempt 2 failed: Invalid URL
[ppc][Android - Chrome] ⏳ Retrying in 1 second...
[tra-cpm][Android - Chrome] 🔌 [Browser Interceptor] Intercepting and optimizing engine: CHROMIUM
[tra-cpm][Android - Chrome] ◇ injected env (0) from .env // tip: ⌘ suppress logs { quiet: true }
[tra-cpm][Android - Chrome] ◇ injected env (0) from .env // tip: ⌘ suppress logs { quiet: true }
[tra-cpm][Android - Chrome] ◇ injected env (0) from .env // tip: ⌘ override existing { override: true }
[ppc][Android - Chrome] [STDERR] ❌ First API Attempt 3 failed: Invalid URL
[ppc][Android - Chrome] 📡 Fetching Second API data for Lead ID: 331C98FE...
[ppc][Android - Chrome] 📡 Standard Second API Payload: cake_id=331C98FE, domain_name=https://www.taxreliefadvocates.com
[ppc][Android - Chrome] [STDERR] ❌ Second API Attempt 1 failed: Invalid URL
[ppc][Android - Chrome] ⏳ Retrying in 1 second to allow database synchronization...
[ppc][Desktop - Chrome] 💻 [Tablet] Injecting high-fidelity glossy iPad Pro mockup frame...
[ppc][Desktop - Chrome] ✅ [Mobile] Reached a recognized terminal step. Stopping dynamic traversal.
[ppc][Desktop - Chrome] 🔘 [Mobile] Step 2: Selecting State
[ppc][Desktop - Chrome] ✅ [Mobile] Selected state dynamically: "Alaska"
[ppc][Desktop - Chrome] 📝 [Mobile] step3 column set to State: "Alaska"
[ppc][Android - Chrome] 📡 Standard Second API Payload: cake_id=331C98FE, domain_name=https://www.taxreliefadvocates.com
[ppc][Android - Chrome] [STDERR] ❌ Second API Attempt 2 failed: Invalid URL
[ppc][Android - Chrome] ⏳ Retrying in 1 second to allow database synchronization...
[ppc][Desktop - Chrome] 🔘 [Mobile] Clicking active visible button: .next-btn:visible, .next-btn2:visible, .btn-next:visible
[ppc][Desktop - Chrome] ✅ [Mobile] Clicked: .next-btn:visible, .next-btn2:visible, .btn-next:visible
[tra-cpm][Android - Chrome] ◇ injected env (0) from .env // tip: ⌘ custom filepath { path: '/custom/path/.env' }
[tra-cpm][Android - Chrome] ◇ injected env (0) from .env // tip: ⌘ multiple files { path: ['.env.local', '.env'] }
[tra-cpm][Android - Chrome] 
🤖 ================================================================
[tra-cpm][Android - Chrome] 🤖 MASTER RUNNER: LAUNCHING TRA-CPM
🤖 Mode:            MOBILE
[tra-cpm][Android - Chrome] 🤖 Tracking URL:     https://flmtra.com/?a=659&oc=763&c=2225&s1=
[tra-cpm][Android - Chrome] 🤖 Target Sheet:    TRA-CPM
[tra-cpm][Android - Chrome] 🤖 ================================================================
[tra-cpm][Android - Chrome] 🔌 [Browser Interceptor] Intercepting and optimizing engine: CHROMIUM
[tra-cpm][Android - Chrome] 📋 Emulated Device Profile: MOBILE (Pixel 7) - [Android - Chrome]
[ppc][Android - Chrome] 📡 Standard Second API Payload: cake_id=331C98FE, domain_name=https://www.taxreliefadvocates.com
[ppc][Android - Chrome] [STDERR] ❌ Second API Attempt 3 failed: Invalid URL
[ppc][Android - Chrome] ⏳ Retrying in 1 second to allow database synchronization...
[tra-cpm][Android - Chrome] ⏳ Delaying 200ms to allow responsive layouts to mount...
[tra-cpm][Android - Chrome] 🔄 Processing lead for brand: TRA-CPM Mobile
[tra-cpm][Android - Chrome] 📊 Campaign execution run index: 53
[tra-cpm][Android - Chrome] 📅 [Rotational Logic] Week 1 Day 3. Target Range: 7500-9000 (Max allowed by URL: 9000)
[tra-cpm][Android - Chrome] 🔗 [Mobile] Navigating to: https://flmtra.com/?a=659&oc=763&c=2225&s1=
[ppc][Desktop - Chrome] 💻 [Tablet] Injecting high-fidelity glossy iPad Pro mockup frame...
[ppc][Desktop - Chrome] 🔘 [Mobile] Step 3: Filling Contact Info (Dynamic Loop)...
[ppc][Desktop - Chrome] 💻 [Tablet] Injecting high-fidelity glossy iPad Pro mockup frame...
[ppc][Android - Chrome] 📡 Standard Second API Payload: cake_id=331C98FE, domain_name=https://www.taxreliefadvocates.com
[ppc][Android - Chrome] [STDERR] ❌ Second API Attempt 4 failed: Invalid URL
[ppc][Android - Chrome] ⏳ Retrying in 1 second to allow database synchronization...
[ppc][Desktop - Chrome] ✅ [Mobile] Filled First Name: ckmtestpixel
[ppc][Desktop - Chrome] ✅ [Mobile] Filled Last Name: ckmtestpixel
[ppc][Desktop - Chrome] ✅ [Mobile] Filled Email: ckmtestpixel@gmail.com
[ppc][Desktop - Chrome] ✅ [Mobile] Filled Phone: 401-247-1052
[ppc][Desktop - Chrome] 🔘 [Mobile] Clicking active contact NEXT/SUBMIT button...
[ppc][Android - Chrome] 📡 Standard Second API Payload: cake_id=331C98FE, domain_name=https://www.taxreliefadvocates.com
[ppc][Android - Chrome] [STDERR] ❌ Second API Attempt 5 failed: Invalid URL
[ppc][Android - Chrome] 📡 [Rest-Assurance] Verifying Lead ID: 331C98FE via Backend...
[ppc][Android - Chrome] [STDERR] 🛡️  [Rest-Assurance] VERIFICATION_FAILED: Invalid URL
[ppc][Android - Chrome] [STDERR] (node:13288) Warning: Setting the NODE_TLS_REJECT_UNAUTHORIZED environment variable to '0' makes TLS connections and HTTPS requests insecure by disabling certificate verification.
(Use `node --trace-warnings ...` to show where the warning was created)
[ppc][Android - Chrome] [STDERR] ❌ Critical Google Sheets Error: The caller does not have permission
[ppc][Android - Chrome] [STDERR] ❌ Failed processing PPC Mobile: Failed to write to Google Sheets
[ppc][Android - Chrome] 
✅ Execution successfully processed! {
  success: false,
  error: 'Failed to write to Google Sheets',
  brand: 'PPC Mobile'
}
[ppc][Desktop - Chrome] 💻 [Tablet] Injecting high-fidelity glossy iPad Pro mockup frame...
[ppc][Desktop - Chrome] 🔘 [Mobile] No active contact NEXT/SUBMIT button visible. Exiting loop.
🔘 [Mobile] Scanning for additional dynamic steps...
[ppc][Desktop - Chrome] ✅ [Mobile] Thank you page detected during adaptive submit loop. Exiting loop.
[ppc][Desktop - Chrome] 🔘 [Mobile] Submitting form
💾 [Mobile] Setting hidden debt fields to: 9267
[ppc][Desktop - Chrome] ⏳ [Mobile] Waiting for submission navigation to complete
[ppc][Android - Chrome] 📋 Trace report successfully saved: traces/ppc_mobile.zip
[tra-cpm][Android - Chrome] ✅ [Mobile] Page loaded successfully
[tra-cpm][Android - Chrome] 📱 [Mobile] Injecting high-fidelity glossy Natural Titanium iPhone 17 Pro mockup frame...
[tra-cpm][Android - Chrome] 📱 [Mobile] Injecting high-fidelity glossy Natural Titanium iPhone 17 Pro mockup frame...
[tra-cpm][Android - Chrome] 📝 [Mobile] Starting mobile-specific form filling...
[tra-cpm][Android - Chrome] 🔘 [Mobile] Step 1: Selecting Debt Amount (8,959)
[tra-cpm][Android - Chrome] 🔘 [Mobile] Found jQuery UI Slider #slider. Setting value via jQuery and DOM evaluation...
[tra-cpm][Android - Chrome] ✅ [Mobile] Set jQuery UI Slider #slider to 8,959
[tra-cpm][Android - Chrome] 🔘 [Mobile] Clicking active visible button: .next-btn1:visible, .btn-next:visible
[tra-cpm][Android - Chrome] ✅ [Mobile] Clicked: .next-btn1:visible, .btn-next:visible
[tra-cpm][Android - Chrome] 📱 [Mobile] Injecting high-fidelity glossy Natural Titanium iPhone 17 Pro mockup frame...
[tra-cpm][Android - Chrome] ✅ [Mobile] Reached a recognized terminal step. Stopping dynamic traversal.
[tra-cpm][Android - Chrome] 🔘 [Mobile] Step 2: Selecting State
[tra-cpm][Android - Chrome] ✅ [Mobile] Selected state dynamically: "Arizona"
📝 [Mobile] step3 column set to State: "Arizona"
[tra-cpm][Android - Chrome] 🔘 [Mobile] Clicking active visible button: .next-btn:visible, .next-btn2:visible, .btn-next:visible
[tra-cpm][Android - Chrome] ✅ [Mobile] Clicked: .next-btn:visible, .next-btn2:visible, .btn-next:visible
✅ [3/6/2026, 1:08:38 pm] COMPLETED: ppc [Android - Chrome][CHROMIUM]

================================================================
🚀 [3/6/2026, 1:08:38 pm] RUNNING: TRA-CPM [TABLET - CHROME]
🔗 Target URL: https://flmtra.com/?a=659&oc=763&c=2225&s1=
================================================================
[ppc][Tablet - Chrome] [STDERR] ⚠️ [Mobile] Standard submit buttons not found, consulting AI Agent...
[ppc][Tablet - Chrome] 🤖 [AI Agent] Analyzing Submit button for global...
[ppc][Tablet - Chrome] ⏳ [Mobile] Waiting for final Thank You page redirection...
[ppc][Tablet - Chrome] ✅ [Mobile] Targeted final redirect URL achieved!
[ppc][Tablet - Chrome] ✅ [Mobile] Final Thank You URL: https://tra.com/thank-you?debt=8922&leadid=9B517823&reqid=26857138&affid=659&oid=133
📋 [Pre-Fix] Thank-you URL before debt correction: https://tra.com/thank-you?debt=8922&leadid=9B517823&reqid=26857138&affid=659&oid=133
[ppc][Tablet - Chrome] 💾 [Debt Debug] formPage.selectedSliderAmount = "8,922"
💾 [Debt Debug] selectedDebtNum (numeric) = "8922"
[ppc][Tablet - Chrome] 🔧 [Debt Fix] Current debt in URL: 8922, Should be: 8922
✅ [Debt Fix] Debt parameter already correct
[ppc][Tablet - Chrome] 📱 [Mobile Diagnostic] Full Thank You URL Parameters: {"debt":"8922","leadid":"9B517823","reqid":"26857138","affid":"659","oid":"133"}
[ppc][Tablet - Chrome] ✅ [Mobile] Extracted Lead ID: 9B517823
📱 Device Type detected: Tablet - Chrome
[ppc][Tablet - Chrome] ✅ Lead captured: 9B517823
[ppc][Tablet - Chrome] 📡 Fetching First API data for Lead ID: 9B517823...
[tra-cpm][Android - Chrome] 📱 [Mobile] Injecting high-fidelity glossy Natural Titanium iPhone 17 Pro mockup frame...
[tra-cpm][Android - Chrome] 🔘 [Mobile] Step 3: Filling Contact Info (Dynamic Loop)...
[tra-cpm][Android - Chrome] 📱 [Mobile] Injecting high-fidelity glossy Natural Titanium iPhone 17 Pro mockup frame...
[tra-cpm][Tablet - Chrome] 🔌 [Browser Interceptor] Intercepting and optimizing engine: CHROMIUM
[tra-cpm][Tablet - Chrome] ◇ injected env (0) from .env // tip: ⌁ auth for agents [www.vestauth.com]
[tra-cpm][Tablet - Chrome] ◇ injected env (0) from .env // tip: ⌘ enable debugging { debug: true }
[tra-cpm][Tablet - Chrome] ◇ injected env (0) from .env // tip: ⌘ custom filepath { path: '/custom/path/.env' }
[ppc][Tablet - Chrome] [STDERR] ❌ First API Attempt 1 failed: Invalid URL
[ppc][Tablet - Chrome] ⏳ Retrying in 1 second...
[tra-cpm][Android - Chrome] ✅ [Mobile] Filled First Name: ckmtestpixel
[tra-cpm][Android - Chrome] ✅ [Mobile] Filled Last Name: ckmtestpixel
[tra-cpm][Android - Chrome] ✅ [Mobile] Filled Email: ckmtestpixel@gmail.com
[tra-cpm][Android - Chrome] ✅ [Mobile] Filled Phone: 401-247-1053
[tra-cpm][Android - Chrome] 🔘 [Mobile] Clicking active contact NEXT/SUBMIT button...
[ppc][Tablet - Chrome] [STDERR] ❌ First API Attempt 2 failed: Invalid URL
[ppc][Tablet - Chrome] ⏳ Retrying in 1 second...
[tra-cpm][Tablet - Chrome] ◇ injected env (0) from .env // tip: ◈ encrypted .env [www.dotenvx.com]
[tra-cpm][Tablet - Chrome] ◇ injected env (0) from .env // tip: ⌘ custom filepath { path: '/custom/path/.env' }
[tra-cpm][Tablet - Chrome] 
🤖 ================================================================
[tra-cpm][Tablet - Chrome] 🤖 MASTER RUNNER: LAUNCHING TRA-CPM
🤖 Mode:            TABLET
[tra-cpm][Tablet - Chrome] 🤖 Tracking URL:     https://flmtra.com/?a=659&oc=763&c=2225&s1=
[tra-cpm][Tablet - Chrome] 🤖 Target Sheet:    TRA-CPM
🤖 ================================================================
🔌 [Browser Interceptor] Intercepting and optimizing engine: CHROMIUM
[tra-cpm][Tablet - Chrome] 📋 Emulated Device Profile: TABLET (iPad Pro 11) - [Tablet - Chrome]
[tra-cpm][Tablet - Chrome] ⏳ Delaying 200ms to allow responsive layouts to mount...
[ppc][Tablet - Chrome] [STDERR] ❌ First API Attempt 3 failed: Invalid URL
[ppc][Tablet - Chrome] 📡 Fetching Second API data for Lead ID: 9B517823...
[ppc][Tablet - Chrome] 📡 Standard Second API Payload: cake_id=9B517823, domain_name=https://www.taxreliefadvocates.com
[ppc][Tablet - Chrome] [STDERR] ❌ Second API Attempt 1 failed: Invalid URL
[ppc][Tablet - Chrome] ⏳ Retrying in 1 second to allow database synchronization...
[tra-cpm][Tablet - Chrome] 🔄 Processing lead for brand: TRA-CPM Tablet
[tra-cpm][Tablet - Chrome] 📊 Campaign execution run index: 54
[tra-cpm][Tablet - Chrome] 📅 [Rotational Logic] Week 1 Day 3. Target Range: 7500-9000 (Max allowed by URL: 9000)
[tra-cpm][Tablet - Chrome] 🔗 [Mobile] Navigating to: https://flmtra.com/?a=659&oc=763&c=2225&s1=
[ppc][Tablet - Chrome] 📡 Standard Second API Payload: cake_id=9B517823, domain_name=https://www.taxreliefadvocates.com
[ppc][Tablet - Chrome] [STDERR] ❌ Second API Attempt 2 failed: Invalid URL
[ppc][Tablet - Chrome] ⏳ Retrying in 1 second to allow database synchronization...
[tra-cpm][Android - Chrome] 📱 [Mobile] Injecting high-fidelity glossy Natural Titanium iPhone 17 Pro mockup frame...
[tra-cpm][Android - Chrome] ✅ [Mobile] Thank you page or lead id detected in URL during contact loop. Exiting contact loop.
🔘 [Mobile] Scanning for additional dynamic steps...
[tra-cpm][Android - Chrome] ✅ [Mobile] Thank you page detected during adaptive submit loop. Exiting loop.
[tra-cpm][Android - Chrome] 🔘 [Mobile] Submitting form
💾 [Mobile] Setting hidden debt fields to: 8959
[tra-cpm][Android - Chrome] ⏳ [Mobile] Waiting for submission navigation to complete
[ppc][Tablet - Chrome] 📡 Standard Second API Payload: cake_id=9B517823, domain_name=https://www.taxreliefadvocates.com
[ppc][Tablet - Chrome] [STDERR] ❌ Second API Attempt 3 failed: Invalid URL
[ppc][Tablet - Chrome] ⏳ Retrying in 1 second to allow database synchronization...
[ppc][Tablet - Chrome] 📡 Standard Second API Payload: cake_id=9B517823, domain_name=https://www.taxreliefadvocates.com
[ppc][Tablet - Chrome] [STDERR] ❌ Second API Attempt 4 failed: Invalid URL
[ppc][Tablet - Chrome] ⏳ Retrying in 1 second to allow database synchronization...
[ppc][Tablet - Chrome] 📡 Standard Second API Payload: cake_id=9B517823, domain_name=https://www.taxreliefadvocates.com
[ppc][Tablet - Chrome] [STDERR] ❌ Second API Attempt 5 failed: Invalid URL
[ppc][Tablet - Chrome] 📡 [Rest-Assurance] Verifying Lead ID: 9B517823 via Backend...
[ppc][Tablet - Chrome] [STDERR] 🛡️  [Rest-Assurance] VERIFICATION_FAILED: Invalid URL
[ppc][Tablet - Chrome] [STDERR] (node:19088) Warning: Setting the NODE_TLS_REJECT_UNAUTHORIZED environment variable to '0' makes TLS connections and HTTPS requests insecure by disabling certificate verification.
(Use `node --trace-warnings ...` to show where the warning was created)
[ppc][Tablet - Chrome] [STDERR] ❌ Critical Google Sheets Error: The caller does not have permission
[ppc][Tablet - Chrome] [STDERR] ❌ Failed processing PPC Tablet: Failed to write to Google Sheets
[ppc][Tablet - Chrome] 
✅ Execution successfully processed! {
  success: false,
  error: 'Failed to write to Google Sheets',
  brand: 'PPC Tablet'
}
[tra-cpm][Tablet - Chrome] ✅ [Mobile] Page loaded successfully
[tra-cpm][Tablet - Chrome] 💻 [Tablet] Injecting high-fidelity glossy iPad Pro mockup frame...
[tra-cpm][Tablet - Chrome] 💻 [Tablet] Injecting high-fidelity glossy iPad Pro mockup frame...
[tra-cpm][Tablet - Chrome] 📝 [Mobile] Starting mobile-specific form filling...
[tra-cpm][Tablet - Chrome] 🔘 [Mobile] Step 1: Selecting Debt Amount (8,279)
[tra-cpm][Tablet - Chrome] 🔘 [Mobile] Found jQuery UI Slider #slider. Setting value via jQuery and DOM evaluation...
[tra-cpm][Tablet - Chrome] ✅ [Mobile] Set jQuery UI Slider #slider to 8,279
[ppc][Tablet - Chrome] 📋 Trace report successfully saved: traces/ppc_tablet.zip
[tra-cpm][Tablet - Chrome] 🔘 [Mobile] Clicking active visible button: .next-btn1:visible, .btn-next:visible
[tra-cpm][Tablet - Chrome] ✅ [Mobile] Clicked: .next-btn1:visible, .btn-next:visible
[ppc][Desktop - Chrome] [STDERR] ⚠️ [Mobile] Standard submit buttons not found, consulting AI Agent...
[ppc][Desktop - Chrome] 🤖 [AI Agent] Analyzing Submit button for global...
[ppc][Desktop - Chrome] ⏳ [Mobile] Waiting for final Thank You page redirection...
[ppc][Desktop - Chrome] ✅ [Mobile] Targeted final redirect URL achieved!
[ppc][Desktop - Chrome] ✅ [Mobile] Final Thank You URL: https://tra.com/thank-you?debt=9267&leadid=B003D278&reqid=26857139&affid=659&oid=133
[ppc][Desktop - Chrome] 📋 [Pre-Fix] Thank-you URL before debt correction: https://tra.com/thank-you?debt=9267&leadid=B003D278&reqid=26857139&affid=659&oid=133
[ppc][Desktop - Chrome] 💾 [Debt Debug] formPage.selectedSliderAmount = "9,267"
💾 [Debt Debug] selectedDebtNum (numeric) = "9267"
[ppc][Desktop - Chrome] 🔧 [Debt Fix] Current debt in URL: 9267, Should be: 9267
✅ [Debt Fix] Debt parameter already correct
[ppc][Desktop - Chrome] 📱 [Mobile Diagnostic] Full Thank You URL Parameters: {"debt":"9267","leadid":"B003D278","reqid":"26857139","affid":"659","oid":"133"}
[ppc][Desktop - Chrome] ✅ [Mobile] Extracted Lead ID: B003D278
[ppc][Desktop - Chrome] 📱 Device Type detected: Desktop - Chrome
[ppc][Desktop - Chrome] ✅ Lead captured: B003D278
[ppc][Desktop - Chrome] 📡 Fetching First API data for Lead ID: B003D278...
[ppc][Desktop - Chrome] [STDERR] ❌ First API Attempt 1 failed: Invalid URL
[ppc][Desktop - Chrome] ⏳ Retrying in 1 second...
[tra-cpm][Tablet - Chrome] 💻 [Tablet] Injecting high-fidelity glossy iPad Pro mockup frame...
[tra-cpm][Tablet - Chrome] ✅ [Mobile] Reached a recognized terminal step. Stopping dynamic traversal.
[ppc][Desktop - Chrome] [STDERR] ❌ First API Attempt 2 failed: Invalid URL
[ppc][Desktop - Chrome] ⏳ Retrying in 1 second...
[tra-cpm][Tablet - Chrome] 🔘 [Mobile] Step 2: Selecting State
[tra-cpm][Tablet - Chrome] ✅ [Mobile] Selected state dynamically: "Arkansas"
📝 [Mobile] step3 column set to State: "Arkansas"
[tra-cpm][Tablet - Chrome] 🔘 [Mobile] Clicking active visible button: .next-btn:visible, .next-btn2:visible, .btn-next:visible
[tra-cpm][Tablet - Chrome] ✅ [Mobile] Clicked: .next-btn:visible, .next-btn2:visible, .btn-next:visible
[ppc][Desktop - Chrome] [STDERR] ❌ First API Attempt 3 failed: Invalid URL
[ppc][Desktop - Chrome] 📡 Fetching Second API data for Lead ID: B003D278...
[ppc][Desktop - Chrome] 📡 Standard Second API Payload: cake_id=B003D278, domain_name=https://www.taxreliefadvocates.com
[ppc][Desktop - Chrome] [STDERR] ❌ Second API Attempt 1 failed: Invalid URL
[ppc][Desktop - Chrome] ⏳ Retrying in 1 second to allow database synchronization...
[tra-cpm][Tablet - Chrome] 💻 [Tablet] Injecting high-fidelity glossy iPad Pro mockup frame...
[ppc][Desktop - Chrome] 📡 Standard Second API Payload: cake_id=B003D278, domain_name=https://www.taxreliefadvocates.com
[ppc][Desktop - Chrome] [STDERR] ❌ Second API Attempt 2 failed: Invalid URL
[ppc][Desktop - Chrome] ⏳ Retrying in 1 second to allow database synchronization...
[tra-cpm][Tablet - Chrome] 🔘 [Mobile] Step 3: Filling Contact Info (Dynamic Loop)...
[tra-cpm][Tablet - Chrome] 💻 [Tablet] Injecting high-fidelity glossy iPad Pro mockup frame...
✅ [3/6/2026, 1:08:55 pm] COMPLETED: ppc [Tablet - Chrome][CHROMIUM]

================================================================
🚀 [3/6/2026, 1:08:55 pm] RUNNING: TRA-CPM [DESKTOP - CHROME]
🔗 Target URL: https://flmtra.com/?a=659&oc=763&c=2225&s1=
================================================================
[tra-cpm][Tablet - Chrome] ✅ [Mobile] Filled First Name: ckmtestpixel
[tra-cpm][Tablet - Chrome] ✅ [Mobile] Filled Last Name: ckmtestpixel
[ppc][Desktop - Chrome] 📡 Standard Second API Payload: cake_id=B003D278, domain_name=https://www.taxreliefadvocates.com
[ppc][Desktop - Chrome] [STDERR] ❌ Second API Attempt 3 failed: Invalid URL
[ppc][Desktop - Chrome] ⏳ Retrying in 1 second to allow database synchronization...
[tra-cpm][Tablet - Chrome] ✅ [Mobile] Filled Email: ckmtestpixel@gmail.com
[tra-cpm][Desktop - Chrome] 🔌 [Browser Interceptor] Intercepting and optimizing engine: CHROMIUM
[tra-cpm][Desktop - Chrome] ◇ injected env (0) from .env // tip: ⌘ suppress logs { quiet: true }
[tra-cpm][Desktop - Chrome] ◇ injected env (0) from .env // tip: ◈ secrets for agents [www.dotenvx.com]
[tra-cpm][Tablet - Chrome] ✅ [Mobile] Filled Phone: 401-247-1054
[tra-cpm][Desktop - Chrome] ◇ injected env (0) from .env // tip: ⌘ suppress logs { quiet: true }
[tra-cpm][Tablet - Chrome] 🔘 [Mobile] Clicking active contact NEXT/SUBMIT button...
[ppc][Desktop - Chrome] 📡 Standard Second API Payload: cake_id=B003D278, domain_name=https://www.taxreliefadvocates.com
[ppc][Desktop - Chrome] [STDERR] ❌ Second API Attempt 4 failed: Invalid URL
[ppc][Desktop - Chrome] ⏳ Retrying in 1 second to allow database synchronization...
[ppc][Desktop - Chrome] 📡 Standard Second API Payload: cake_id=B003D278, domain_name=https://www.taxreliefadvocates.com
[ppc][Desktop - Chrome] [STDERR] ❌ Second API Attempt 5 failed: Invalid URL
[ppc][Desktop - Chrome] 📡 [Rest-Assurance] Verifying Lead ID: B003D278 via Backend...
[ppc][Desktop - Chrome] [STDERR] 🛡️  [Rest-Assurance] VERIFICATION_FAILED: Invalid URL
[ppc][Desktop - Chrome] [STDERR] (node:18660) Warning: Setting the NODE_TLS_REJECT_UNAUTHORIZED environment variable to '0' makes TLS connections and HTTPS requests insecure by disabling certificate verification.
(Use `node --trace-warnings ...` to show where the warning was created)
[tra-cpm][Desktop - Chrome] ◇ injected env (0) from .env // tip: ◈ encrypted .env [www.dotenvx.com]
[tra-cpm][Desktop - Chrome] ◇ injected env (0) from .env // tip: ⌘ suppress logs { quiet: true }
[tra-cpm][Desktop - Chrome] 
🤖 ================================================================
[tra-cpm][Desktop - Chrome] 🤖 MASTER RUNNER: LAUNCHING TRA-CPM
🤖 Mode:            DESKTOP
🤖 Tracking URL:     https://flmtra.com/?a=659&oc=763&c=2225&s1=
[tra-cpm][Desktop - Chrome] 🤖 Target Sheet:    TRA-CPM
[tra-cpm][Desktop - Chrome] 🤖 ================================================================
[tra-cpm][Desktop - Chrome] 🔌 [Browser Interceptor] Intercepting and optimizing engine: CHROMIUM
[tra-cpm][Desktop - Chrome] 💻 Emulated Device Profile: DESKTOP - [Desktop - Chrome]
[tra-cpm][Desktop - Chrome] 🔄 Processing lead for brand: TRA-CPM
[tra-cpm][Desktop - Chrome] 📊 Campaign execution run index: 55
[tra-cpm][Desktop - Chrome] 📅 [Rotational Logic] Week 1 Day 3. Target Range: 7500-9000 (Max allowed by URL: 9000)
[tra-cpm][Desktop - Chrome] 🔗 [Mobile] Navigating to: https://flmtra.com/?a=659&oc=763&c=2225&s1=
[tra-cpm][Tablet - Chrome] 💻 [Tablet] Injecting high-fidelity glossy iPad Pro mockup frame...
[tra-cpm][Tablet - Chrome] ✅ [Mobile] Thank you page or lead id detected in URL during contact loop. Exiting contact loop.
🔘 [Mobile] Scanning for additional dynamic steps...
[tra-cpm][Tablet - Chrome] ✅ [Mobile] Thank you page detected during adaptive submit loop. Exiting loop.
[tra-cpm][Tablet - Chrome] 🔘 [Mobile] Submitting form
💾 [Mobile] Setting hidden debt fields to: 8279
[tra-cpm][Tablet - Chrome] ⏳ [Mobile] Waiting for submission navigation to complete
[ppc][Desktop - Chrome] [STDERR] ❌ Critical Google Sheets Error: The caller does not have permission
[ppc][Desktop - Chrome] [STDERR] ❌ Failed processing PPC: Failed to write to Google Sheets
[ppc][Desktop - Chrome] 
✅ Execution successfully processed! {
  success: false,
  error: 'Failed to write to Google Sheets',
  brand: 'PPC'
}
[ppc][Desktop - Chrome] 📋 Trace report successfully saved: traces/ppc_desktop.zip
[tra-cpm][Android - Chrome] [STDERR] ⚠️ [Mobile] Standard submit buttons not found, consulting AI Agent...
[tra-cpm][Android - Chrome] 🤖 [AI Agent] Analyzing Submit button for global...
[tra-cpm][Android - Chrome] ⏳ [Mobile] Waiting for final Thank You page redirection...
[tra-cpm][Android - Chrome] ✅ [Mobile] Targeted final redirect URL achieved!
[tra-cpm][Android - Chrome] ✅ [Mobile] Final Thank You URL: https://tra.com/thank-you?debt=8959&leadid=C92E8F6C&reqid=26857140&affid=659&oid=136
📋 [Pre-Fix] Thank-you URL before debt correction: https://tra.com/thank-you?debt=8959&leadid=C92E8F6C&reqid=26857140&affid=659&oid=136
[tra-cpm][Android - Chrome] 💾 [Debt Debug] formPage.selectedSliderAmount = "8,959"
💾 [Debt Debug] selectedDebtNum (numeric) = "8959"
[tra-cpm][Android - Chrome] 🔧 [Debt Fix] Current debt in URL: 8959, Should be: 8959
✅ [Debt Fix] Debt parameter already correct
[tra-cpm][Android - Chrome] 📱 [Mobile Diagnostic] Full Thank You URL Parameters: {"debt":"8959","leadid":"C92E8F6C","reqid":"26857140","affid":"659","oid":"136"}
[tra-cpm][Android - Chrome] ✅ [Mobile] Extracted Lead ID: C92E8F6C
[tra-cpm][Android - Chrome] 📱 Device Type detected: Android - Chrome
[tra-cpm][Android - Chrome] ✅ Lead captured: C92E8F6C
[tra-cpm][Android - Chrome] 📡 Fetching First API data for Lead ID: C92E8F6C...
[tra-cpm][Android - Chrome] [STDERR] ❌ First API Attempt 1 failed: Invalid URL
[tra-cpm][Android - Chrome] ⏳ Retrying in 1 second...
[tra-cpm][Android - Chrome] [STDERR] ❌ First API Attempt 2 failed: Invalid URL
[tra-cpm][Android - Chrome] ⏳ Retrying in 1 second...
[tra-cpm][Desktop - Chrome] ✅ [Mobile] Page loaded successfully
[tra-cpm][Desktop - Chrome] 💻 [Tablet] Injecting high-fidelity glossy iPad Pro mockup frame...
[tra-cpm][Desktop - Chrome] 💻 [Tablet] Injecting high-fidelity glossy iPad Pro mockup frame...
✅ [3/6/2026, 1:09:05 pm] COMPLETED: ppc [Desktop - Chrome][CHROMIUM]

================================================================
🚀 [3/6/2026, 1:09:05 pm] RUNNING: Everest Tax Releif(X) [ANDROID - CHROME]
🔗 Target URL: https://mlf-trk.com/?a=659&oc=812&c=2498&s1=
================================================================
[tra-cpm][Desktop - Chrome] 📝 [Mobile] Starting mobile-specific form filling...
[tra-cpm][Desktop - Chrome] 🔘 [Mobile] Step 1: Selecting Debt Amount (8,765)
[tra-cpm][Desktop - Chrome] 🔘 [Mobile] Found jQuery UI Slider #slider. Setting value via jQuery and DOM evaluation...
[tra-cpm][Desktop - Chrome] ✅ [Mobile] Set jQuery UI Slider #slider to 8,765
[tra-cpm][Android - Chrome] [STDERR] ❌ First API Attempt 3 failed: Invalid URL
[tra-cpm][Android - Chrome] 📡 Fetching Second API data for Lead ID: C92E8F6C...
[tra-cpm][Android - Chrome] 📡 Standard Second API Payload: cake_id=C92E8F6C, domain_name=https://www.taxreliefadvocates.com
[tra-cpm][Android - Chrome] [STDERR] ❌ Second API Attempt 1 failed: Invalid URL
[tra-cpm][Android - Chrome] ⏳ Retrying in 1 second to allow database synchronization...
[everest-tr-x][Android - Chrome] 🔌 [Browser Interceptor] Intercepting and optimizing engine: CHROMIUM
[everest-tr-x][Android - Chrome] ◇ injected env (0) from .env // tip: ◈ encrypted .env [www.dotenvx.com]
[everest-tr-x][Android - Chrome] ◇ injected env (0) from .env // tip: ◈ secrets for agents [www.dotenvx.com]
[everest-tr-x][Android - Chrome] ◇ injected env (0) from .env // tip: ⌁ auth for agents [www.vestauth.com]
[tra-cpm][Desktop - Chrome] 🔘 [Mobile] Clicking active visible button: .next-btn1:visible, .btn-next:visible
[tra-cpm][Android - Chrome] 📡 Standard Second API Payload: cake_id=C92E8F6C, domain_name=https://www.taxreliefadvocates.com
[tra-cpm][Android - Chrome] [STDERR] ❌ Second API Attempt 2 failed: Invalid URL
[tra-cpm][Android - Chrome] ⏳ Retrying in 1 second to allow database synchronization...
[tra-cpm][Desktop - Chrome] ✅ [Mobile] Clicked: .next-btn1:visible, .btn-next:visible
[everest-tr-x][Android - Chrome] ◇ injected env (0) from .env // tip: ◈ encrypted .env [www.dotenvx.com]
[everest-tr-x][Android - Chrome] ◇ injected env (0) from .env // tip: ⌁ auth for agents [www.vestauth.com]
[everest-tr-x][Android - Chrome] 
🤖 ================================================================
[everest-tr-x][Android - Chrome] 🤖 MASTER RUNNER: LAUNCHING EVEREST TAX RELEIF(X)
🤖 Mode:            MOBILE
🤖 Tracking URL:     https://mlf-trk.com/?a=659&oc=812&c=2498&s1=
[everest-tr-x][Android - Chrome] 🤖 Target Sheet:    Everest Tax Releif(X)
🤖 ================================================================
[everest-tr-x][Android - Chrome] 🔌 [Browser Interceptor] Intercepting and optimizing engine: CHROMIUM
[everest-tr-x][Android - Chrome] 📋 Emulated Device Profile: MOBILE (Pixel 7) - [Android - Chrome]
[tra-cpm][Android - Chrome] 📡 Standard Second API Payload: cake_id=C92E8F6C, domain_name=https://www.taxreliefadvocates.com
[tra-cpm][Android - Chrome] [STDERR] ❌ Second API Attempt 3 failed: Invalid URL
[tra-cpm][Android - Chrome] ⏳ Retrying in 1 second to allow database synchronization...
[everest-tr-x][Android - Chrome] ⏳ Delaying 200ms to allow responsive layouts to mount...
[everest-tr-x][Android - Chrome] 🔄 Processing lead for brand: Everest Tax Releif(X) Mobile
[everest-tr-x][Android - Chrome] 📊 Campaign execution run index: 50
[everest-tr-x][Android - Chrome] 📅 [Rotational Logic] Week 1 Day 3. Target Range: 7500-10000 (Max allowed by URL: 70000)
[everest-tr-x][Android - Chrome] 🔗 [Mobile] Navigating to: https://mlf-trk.com/?a=659&oc=812&c=2498&s1=
[tra-cpm][Desktop - Chrome] 💻 [Tablet] Injecting high-fidelity glossy iPad Pro mockup frame...
[tra-cpm][Desktop - Chrome] ✅ [Mobile] Reached a recognized terminal step. Stopping dynamic traversal.
[tra-cpm][Android - Chrome] 📡 Standard Second API Payload: cake_id=C92E8F6C, domain_name=https://www.taxreliefadvocates.com
[tra-cpm][Android - Chrome] [STDERR] ❌ Second API Attempt 4 failed: Invalid URL
[tra-cpm][Android - Chrome] ⏳ Retrying in 1 second to allow database synchronization...
[tra-cpm][Desktop - Chrome] 🔘 [Mobile] Step 2: Selecting State
[tra-cpm][Desktop - Chrome] ✅ [Mobile] Selected state dynamically: "California"
[tra-cpm][Desktop - Chrome] 📝 [Mobile] step3 column set to State: "California"
[tra-cpm][Desktop - Chrome] 🔘 [Mobile] Clicking active visible button: .next-btn:visible, .next-btn2:visible, .btn-next:visible
[tra-cpm][Desktop - Chrome] ✅ [Mobile] Clicked: .next-btn:visible, .next-btn2:visible, .btn-next:visible
[tra-cpm][Android - Chrome] 📡 Standard Second API Payload: cake_id=C92E8F6C, domain_name=https://www.taxreliefadvocates.com
[tra-cpm][Android - Chrome] [STDERR] ❌ Second API Attempt 5 failed: Invalid URL
[tra-cpm][Android - Chrome] 📡 [Rest-Assurance] Verifying Lead ID: C92E8F6C via Backend...
[tra-cpm][Android - Chrome] [STDERR] 🛡️  [Rest-Assurance] VERIFICATION_FAILED: Invalid URL
[tra-cpm][Android - Chrome] [STDERR] (node:16236) Warning: Setting the NODE_TLS_REJECT_UNAUTHORIZED environment variable to '0' makes TLS connections and HTTPS requests insecure by disabling certificate verification.
(Use `node --trace-warnings ...` to show where the warning was created)
[tra-cpm][Desktop - Chrome] 💻 [Tablet] Injecting high-fidelity glossy iPad Pro mockup frame...
[tra-cpm][Desktop - Chrome] 🔘 [Mobile] Step 3: Filling Contact Info (Dynamic Loop)...
[tra-cpm][Desktop - Chrome] 💻 [Tablet] Injecting high-fidelity glossy iPad Pro mockup frame...
[tra-cpm][Desktop - Chrome] ✅ [Mobile] Filled First Name: ckmtestpixel
[tra-cpm][Android - Chrome] [STDERR] ❌ Critical Google Sheets Error: The caller does not have permission
❌ Failed processing TRA-CPM Mobile: Failed to write to Google Sheets
[tra-cpm][Android - Chrome] 
✅ Execution successfully processed! {
  success: false,
  error: 'Failed to write to Google Sheets',
  brand: 'TRA-CPM Mobile'
}
[tra-cpm][Desktop - Chrome] ✅ [Mobile] Filled Last Name: ckmtestpixel
[tra-cpm][Desktop - Chrome] ✅ [Mobile] Filled Email: ckmtestpixel@gmail.com
[tra-cpm][Android - Chrome] 📋 Trace report successfully saved: traces/tra-cpm_mobile.zip
[tra-cpm][Desktop - Chrome] ✅ [Mobile] Filled Phone: 401-247-1055
[tra-cpm][Desktop - Chrome] 🔘 [Mobile] Clicking active contact NEXT/SUBMIT button...
[tra-cpm][Desktop - Chrome] 💻 [Tablet] Injecting high-fidelity glossy iPad Pro mockup frame...
[tra-cpm][Desktop - Chrome] ✅ [Mobile] Filled Phone: 401-247-1055
[tra-cpm][Desktop - Chrome] 🔘 [Mobile] Clicking active contact NEXT/SUBMIT button...
✅ [3/6/2026, 1:09:17 pm] COMPLETED: tra-cpm [Android - Chrome][CHROMIUM]

================================================================
🚀 [3/6/2026, 1:09:17 pm] RUNNING: Everest Tax Releif(X) [TABLET - CHROME]
🔗 Target URL: https://mlf-trk.com/?a=659&oc=812&c=2498&s1=
================================================================
[tra-cpm][Desktop - Chrome] 💻 [Tablet] Injecting high-fidelity glossy iPad Pro mockup frame...
[tra-cpm][Desktop - Chrome] ✅ [Mobile] Thank you page or lead id detected in URL during contact loop. Exiting contact loop.
🔘 [Mobile] Scanning for additional dynamic steps...
[tra-cpm][Desktop - Chrome] ✅ [Mobile] Thank you page detected during adaptive submit loop. Exiting loop.
[tra-cpm][Desktop - Chrome] 🔘 [Mobile] Submitting form
💾 [Mobile] Setting hidden debt fields to: 8765
[tra-cpm][Desktop - Chrome] ⏳ [Mobile] Waiting for submission navigation to complete
[everest-tr-x][Tablet - Chrome] 🔌 [Browser Interceptor] Intercepting and optimizing engine: CHROMIUM
[everest-tr-x][Tablet - Chrome] ◇ injected env (0) from .env // tip: ⌘ override existing { override: true }
[everest-tr-x][Tablet - Chrome] ◇ injected env (0) from .env // tip: ⌘ override existing { override: true }
[everest-tr-x][Tablet - Chrome] ◇ injected env (0) from .env // tip: ◈ encrypted .env [www.dotenvx.com]
[everest-tr-x][Tablet - Chrome] ◇ injected env (0) from .env // tip: ⌘ override existing { override: true }
[everest-tr-x][Tablet - Chrome] ◇ injected env (0) from .env // tip: ⌘ override existing { override: true }
[everest-tr-x][Tablet - Chrome] 
🤖 ================================================================
🤖 MASTER RUNNER: LAUNCHING EVEREST TAX RELEIF(X)
🤖 Mode:            TABLET
[everest-tr-x][Tablet - Chrome] 🤖 Tracking URL:     https://mlf-trk.com/?a=659&oc=812&c=2498&s1=
🤖 Target Sheet:    Everest Tax Releif(X)
🤖 ================================================================
[everest-tr-x][Tablet - Chrome] 🔌 [Browser Interceptor] Intercepting and optimizing engine: CHROMIUM
[everest-tr-x][Tablet - Chrome] 📋 Emulated Device Profile: TABLET (iPad Pro 11) - [Tablet - Chrome]
[tra-cpm][Tablet - Chrome] [STDERR] ⚠️ [Mobile] Standard submit buttons not found, consulting AI Agent...
[tra-cpm][Tablet - Chrome] 🤖 [AI Agent] Analyzing Submit button for global...
[tra-cpm][Tablet - Chrome] ⏳ [Mobile] Waiting for final Thank You page redirection...
[tra-cpm][Tablet - Chrome] ✅ [Mobile] Targeted final redirect URL achieved!
[tra-cpm][Tablet - Chrome] ✅ [Mobile] Final Thank You URL: https://tra.com/thank-you?debt=8279&leadid=163E2C5B&reqid=26857142&affid=659&oid=136
[tra-cpm][Tablet - Chrome] 📋 [Pre-Fix] Thank-you URL before debt correction: https://tra.com/thank-you?debt=8279&leadid=163E2C5B&reqid=26857142&affid=659&oid=136
[tra-cpm][Tablet - Chrome] 💾 [Debt Debug] formPage.selectedSliderAmount = "8,279"
💾 [Debt Debug] selectedDebtNum (numeric) = "8279"
[tra-cpm][Tablet - Chrome] 🔧 [Debt Fix] Current debt in URL: 8279, Should be: 8279
[tra-cpm][Tablet - Chrome] ✅ [Debt Fix] Debt parameter already correct
[tra-cpm][Tablet - Chrome] 📱 [Mobile Diagnostic] Full Thank You URL Parameters: {"debt":"8279","leadid":"163E2C5B","reqid":"26857142","affid":"659","oid":"136"}
[tra-cpm][Tablet - Chrome] ✅ [Mobile] Extracted Lead ID: 163E2C5B
📱 Device Type detected: Tablet - Chrome
[tra-cpm][Tablet - Chrome] ✅ Lead captured: 163E2C5B
[tra-cpm][Tablet - Chrome] 📡 Fetching First API data for Lead ID: 163E2C5B...
[everest-tr-x][Tablet - Chrome] ⏳ Delaying 200ms to allow responsive layouts to mount...
[everest-tr-x][Tablet - Chrome] 🔄 Processing lead for brand: Everest Tax Releif(X) Tablet
[everest-tr-x][Tablet - Chrome] 📊 Campaign execution run index: 51
[everest-tr-x][Tablet - Chrome] 📅 [Rotational Logic] Week 1 Day 3. Target Range: 7500-10000 (Max allowed by URL: 70000)
[everest-tr-x][Tablet - Chrome] 🔗 [Mobile] Navigating to: https://mlf-trk.com/?a=659&oc=812&c=2498&s1=
[tra-cpm][Tablet - Chrome] [STDERR] ❌ First API Attempt 1 failed: Invalid URL
[tra-cpm][Tablet - Chrome] ⏳ Retrying in 1 second...
[tra-cpm][Tablet - Chrome] [STDERR] ❌ First API Attempt 2 failed: Invalid URL
[tra-cpm][Tablet - Chrome] ⏳ Retrying in 1 second...
[tra-cpm][Tablet - Chrome] [STDERR] ❌ First API Attempt 3 failed: Invalid URL
[tra-cpm][Tablet - Chrome] 📡 Fetching Second API data for Lead ID: 163E2C5B...
[tra-cpm][Tablet - Chrome] 📡 Standard Second API Payload: cake_id=163E2C5B, domain_name=https://www.taxreliefadvocates.com
[tra-cpm][Tablet - Chrome] [STDERR] ❌ Second API Attempt 1 failed: Invalid URL
[tra-cpm][Tablet - Chrome] ⏳ Retrying in 1 second to allow database synchronization...
[tra-cpm][Tablet - Chrome] 📡 Standard Second API Payload: cake_id=163E2C5B, domain_name=https://www.taxreliefadvocates.com
[tra-cpm][Tablet - Chrome] [STDERR] ❌ Second API Attempt 2 failed: Invalid URL
[tra-cpm][Tablet - Chrome] ⏳ Retrying in 1 second to allow database synchronization...
[tra-cpm][Tablet - Chrome] 📡 Standard Second API Payload: cake_id=163E2C5B, domain_name=https://www.taxreliefadvocates.com
[tra-cpm][Tablet - Chrome] [STDERR] ❌ Second API Attempt 3 failed: Invalid URL
[tra-cpm][Tablet - Chrome] ⏳ Retrying in 1 second to allow database synchronization...
[tra-cpm][Tablet - Chrome] 📡 Standard Second API Payload: cake_id=163E2C5B, domain_name=https://www.taxreliefadvocates.com
[tra-cpm][Tablet - Chrome] [STDERR] ❌ Second API Attempt 4 failed: Invalid URL
[tra-cpm][Tablet - Chrome] ⏳ Retrying in 1 second to allow database synchronization...
[tra-cpm][Tablet - Chrome] 📡 Standard Second API Payload: cake_id=163E2C5B, domain_name=https://www.taxreliefadvocates.com
[tra-cpm][Tablet - Chrome] [STDERR] ❌ Second API Attempt 5 failed: Invalid URL
[tra-cpm][Tablet - Chrome] 📡 [Rest-Assurance] Verifying Lead ID: 163E2C5B via Backend...
[tra-cpm][Tablet - Chrome] [STDERR] 🛡️  [Rest-Assurance] VERIFICATION_FAILED: Invalid URL
[tra-cpm][Tablet - Chrome] [STDERR] (node:21348) Warning: Setting the NODE_TLS_REJECT_UNAUTHORIZED environment variable to '0' makes TLS connections and HTTPS requests insecure by disabling certificate verification.
(Use `node --trace-warnings ...` to show where the warning was created)
[everest-tr-x][Android - Chrome] ✅ [Mobile] Page loaded successfully
[everest-tr-x][Android - Chrome] 📱 [Mobile] Injecting high-fidelity glossy Natural Titanium iPhone 17 Pro mockup frame...
[everest-tr-x][Android - Chrome] 📱 [Mobile] Injecting high-fidelity glossy Natural Titanium iPhone 17 Pro mockup frame...
[everest-tr-x][Android - Chrome] 📝 [Mobile] Starting mobile-specific form filling...
[everest-tr-x][Android - Chrome] 🔘 [Mobile] Step 1: Selecting Debt Amount (8,673)
[everest-tr-x][Android - Chrome] 🔘 [Mobile] Found jQuery UI Slider #slider. Setting value via jQuery and DOM evaluation...
[everest-tr-x][Android - Chrome] ✅ [Mobile] Set jQuery UI Slider #slider to 8,673
[everest-tr-x][Tablet - Chrome] ✅ [Mobile] Page loaded successfully
[everest-tr-x][Tablet - Chrome] 💻 [Tablet] Injecting high-fidelity glossy iPad Pro mockup frame...
[everest-tr-x][Tablet - Chrome] 💻 [Tablet] Injecting high-fidelity glossy iPad Pro mockup frame...
[everest-tr-x][Tablet - Chrome] 📝 [Mobile] Starting mobile-specific form filling...
[everest-tr-x][Tablet - Chrome] 🔘 [Mobile] Step 1: Selecting Debt Amount (9,267)
[everest-tr-x][Tablet - Chrome] 🔘 [Mobile] Found jQuery UI Slider #slider. Setting value via jQuery and DOM evaluation...
[everest-tr-x][Tablet - Chrome] ✅ [Mobile] Set jQuery UI Slider #slider to 9,267
[tra-cpm][Tablet - Chrome] [STDERR] ❌ Critical Google Sheets Error: The caller does not have permission
❌ Failed processing TRA-CPM Tablet: Failed to write to Google Sheets
[tra-cpm][Tablet - Chrome] 
✅ Execution successfully processed! {
  success: false,
  error: 'Failed to write to Google Sheets',
  brand: 'TRA-CPM Tablet'
}
[everest-tr-x][Android - Chrome] 🔘 [Mobile] Clicking active visible button: .next-btn1:visible, .btn-next:visible
[everest-tr-x][Android - Chrome] ✅ [Mobile] Clicked: .next-btn1:visible, .btn-next:visible
[everest-tr-x][Tablet - Chrome] 🔘 [Mobile] Clicking active visible button: .next-btn1:visible, .btn-next:visible
[everest-tr-x][Tablet - Chrome] ✅ [Mobile] Clicked: .next-btn1:visible, .btn-next:visible
[tra-cpm][Tablet - Chrome] 📋 Trace report successfully saved: traces/tra-cpm_tablet.zip
[everest-tr-x][Android - Chrome] 📱 [Mobile] Injecting high-fidelity glossy Natural Titanium iPhone 17 Pro mockup frame...
[everest-tr-x][Tablet - Chrome] 💻 [Tablet] Injecting high-fidelity glossy iPad Pro mockup frame...
[everest-tr-x][Android - Chrome] 🔘 [Mobile Rotation] Selected: "Federal & State"
[everest-tr-x][Tablet - Chrome] 🔘 [Mobile Rotation] Selected: "Other"
[everest-tr-x][Android - Chrome] 🔘 [Mobile Rotation] Selected: "Less than $4,000"
[everest-tr-x][Tablet - Chrome] 🔘 [Mobile Rotation] Selected: "More than $6,000"
[everest-tr-x][Android - Chrome] ✅ [Mobile] Reached a recognized terminal step. Stopping dynamic traversal.
[everest-tr-x][Android - Chrome] 🔘 [Mobile] Step 2: Selecting State
[everest-tr-x][Android - Chrome] ✅ [Mobile] Selected state dynamically: "Wyoming"
📝 [Mobile] step3 column set to State: "Wyoming"
[everest-tr-x][Android - Chrome] 🔘 [Mobile] Clicking active visible button: .next-btn:visible, .next-btn2:visible, .btn-next:visible
[everest-tr-x][Android - Chrome] ✅ [Mobile] Clicked: .next-btn:visible, .next-btn2:visible, .btn-next:visible
[everest-tr-x][Tablet - Chrome] ✅ [Mobile] Reached a recognized terminal step. Stopping dynamic traversal.
[everest-tr-x][Tablet - Chrome] 🔘 [Mobile] Step 2: Selecting State
[everest-tr-x][Tablet - Chrome] ✅ [Mobile] Selected state dynamically: "Alabama"
[everest-tr-x][Tablet - Chrome] 📝 [Mobile] step3 column set to State: "Alabama"
[everest-tr-x][Tablet - Chrome] 🔘 [Mobile] Clicking active visible button: .next-btn:visible, .next-btn2:visible, .btn-next:visible
[everest-tr-x][Tablet - Chrome] ✅ [Mobile] Clicked: .next-btn:visible, .next-btn2:visible, .btn-next:visible
[everest-tr-x][Android - Chrome] 📱 [Mobile] Injecting high-fidelity glossy Natural Titanium iPhone 17 Pro mockup frame...
[everest-tr-x][Android - Chrome] 🔘 [Mobile] Step 3: Filling Contact Info (Dynamic Loop)...
[everest-tr-x][Android - Chrome] 📱 [Mobile] Injecting high-fidelity glossy Natural Titanium iPhone 17 Pro mockup frame...
[everest-tr-x][Android - Chrome] ✅ [Mobile] Filled First Name: ckmtestpixel
[everest-tr-x][Android - Chrome] ✅ [Mobile] Filled Last Name: ckmtestpixel
[everest-tr-x][Android - Chrome] ✅ [Mobile] Filled Email: ckmtestpixel@gmail.com
[everest-tr-x][Android - Chrome] ✅ [Mobile] Filled Phone: 401-247-1050
[everest-tr-x][Tablet - Chrome] 💻 [Tablet] Injecting high-fidelity glossy iPad Pro mockup frame...
[everest-tr-x][Android - Chrome] 🔘 [Mobile] Clicking active contact NEXT/SUBMIT button...
[everest-tr-x][Tablet - Chrome] 🔘 [Mobile] Step 3: Filling Contact Info (Dynamic Loop)...
[everest-tr-x][Tablet - Chrome] 💻 [Tablet] Injecting high-fidelity glossy iPad Pro mockup frame...
[everest-tr-x][Tablet - Chrome] ✅ [Mobile] Filled First Name: ckmtestpixel
[everest-tr-x][Tablet - Chrome] ✅ [Mobile] Filled Last Name: ckmtestpixel
[everest-tr-x][Tablet - Chrome] ✅ [Mobile] Filled Email: ckmtestpixel@gmail.com
[everest-tr-x][Tablet - Chrome] ✅ [Mobile] Filled Phone: 401-247-1051
[everest-tr-x][Tablet - Chrome] 🔘 [Mobile] Clicking active contact NEXT/SUBMIT button...
✅ [3/6/2026, 1:09:33 pm] COMPLETED: tra-cpm [Tablet - Chrome][CHROMIUM]

================================================================
🚀 [3/6/2026, 1:09:33 pm] RUNNING: Everest Tax Releif(X) [DESKTOP - CHROME]
🔗 Target URL: https://mlf-trk.com/?a=659&oc=812&c=2498&s1=
================================================================
[everest-tr-x][Desktop - Chrome] 🔌 [Browser Interceptor] Intercepting and optimizing engine: CHROMIUM
[everest-tr-x][Desktop - Chrome] ◇ injected env (0) from .env // tip: ◈ secrets for agents [www.dotenvx.com]
[everest-tr-x][Desktop - Chrome] ◇ injected env (0) from .env // tip: ⌘ override existing { override: true }
[everest-tr-x][Desktop - Chrome] ◇ injected env (0) from .env // tip: ⌘ enable debugging { debug: true }
[everest-tr-x][Android - Chrome] 📱 [Mobile] Injecting high-fidelity glossy Natural Titanium iPhone 17 Pro mockup frame...
[everest-tr-x][Android - Chrome] [STDERR] ⚠️ [Mobile] Failed to apply glossy iPhone 17 Pro mockup frame overlay: page.evaluate: TypeError: Cannot read properties of null (reading 'appendChild')
    at eval (eval at evaluate (:302:30), <anonymous>:133:23)
    at UtilityScript.evaluate (<anonymous>:304:16)
    at UtilityScript.<anonymous> (<anonymous>:1:44)
[everest-tr-x][Android - Chrome] ✅ [Mobile] Thank you page or lead id detected in URL during contact loop. Exiting contact loop.
🔘 [Mobile] Scanning for additional dynamic steps...
[everest-tr-x][Android - Chrome] ✅ [Mobile] Thank you page detected during adaptive submit loop. Exiting loop.
[everest-tr-x][Android - Chrome] 🔘 [Mobile] Submitting form
[everest-tr-x][Android - Chrome] 💾 [Mobile] Setting hidden debt fields to: 8673
[everest-tr-x][Android - Chrome] ⏳ [Mobile] Waiting for submission navigation to complete
[everest-tr-x][Desktop - Chrome] ◇ injected env (0) from .env // tip: ⌘ suppress logs { quiet: true }
[everest-tr-x][Desktop - Chrome] ◇ injected env (0) from .env // tip: ⌁ auth for agents [www.vestauth.com]
[everest-tr-x][Desktop - Chrome] 
🤖 ================================================================
[everest-tr-x][Desktop - Chrome] 🤖 MASTER RUNNER: LAUNCHING EVEREST TAX RELEIF(X)
🤖 Mode:            DESKTOP
[everest-tr-x][Desktop - Chrome] 🤖 Tracking URL:     https://mlf-trk.com/?a=659&oc=812&c=2498&s1=
🤖 Target Sheet:    Everest Tax Releif(X)
[everest-tr-x][Desktop - Chrome] 🤖 ================================================================
[everest-tr-x][Desktop - Chrome] 🔌 [Browser Interceptor] Intercepting and optimizing engine: CHROMIUM
[everest-tr-x][Desktop - Chrome] 💻 Emulated Device Profile: DESKTOP - [Desktop - Chrome]
[everest-tr-x][Tablet - Chrome] 💻 [Tablet] Injecting high-fidelity glossy iPad Pro mockup frame...
[everest-tr-x][Tablet - Chrome] [STDERR] ⚠️ [Tablet] Failed to apply glossy iPad Pro mockup frame overlay: page.evaluate: TypeError: Cannot read properties of null (reading 'appendChild')
    at eval (eval at evaluate (:302:30), <anonymous>:104:23)
    at UtilityScript.evaluate (<anonymous>:304:16)
    at UtilityScript.<anonymous> (<anonymous>:1:44)
[everest-tr-x][Tablet - Chrome] ✅ [Mobile] Thank you page or lead id detected in URL during contact loop. Exiting contact loop.
[everest-tr-x][Tablet - Chrome] 🔘 [Mobile] Scanning for additional dynamic steps...
[everest-tr-x][Tablet - Chrome] ✅ [Mobile] Thank you page detected during adaptive submit loop. Exiting loop.
[everest-tr-x][Tablet - Chrome] 🔘 [Mobile] Submitting form
[everest-tr-x][Tablet - Chrome] 💾 [Mobile] Setting hidden debt fields to: 9267
[everest-tr-x][Desktop - Chrome] 🔄 Processing lead for brand: Everest Tax Releif(X)
[everest-tr-x][Desktop - Chrome] 📊 Campaign execution run index: 52
[everest-tr-x][Desktop - Chrome] 📅 [Rotational Logic] Week 1 Day 3. Target Range: 7500-10000 (Max allowed by URL: 70000)
[everest-tr-x][Desktop - Chrome] 🔗 [Mobile] Navigating to: https://mlf-trk.com/?a=659&oc=812&c=2498&s1=
[everest-tr-x][Tablet - Chrome] ⏳ [Mobile] Waiting for submission navigation to complete
[tra-cpm][Desktop - Chrome] [STDERR] ⚠️ [Mobile] Standard submit buttons not found, consulting AI Agent...
[tra-cpm][Desktop - Chrome] 🤖 [AI Agent] Analyzing Submit button for global...
[tra-cpm][Desktop - Chrome] ⏳ [Mobile] Waiting for final Thank You page redirection...
[tra-cpm][Desktop - Chrome] ✅ [Mobile] Targeted final redirect URL achieved!
[tra-cpm][Desktop - Chrome] ✅ [Mobile] Final Thank You URL: https://tra.com/thank-you?debt=8765&leadid=25074AF7&reqid=26857144&affid=659&oid=136
📋 [Pre-Fix] Thank-you URL before debt correction: https://tra.com/thank-you?debt=8765&leadid=25074AF7&reqid=26857144&affid=659&oid=136
[tra-cpm][Desktop - Chrome] 💾 [Debt Debug] formPage.selectedSliderAmount = "8,765"
💾 [Debt Debug] selectedDebtNum (numeric) = "8765"
[tra-cpm][Desktop - Chrome] 🔧 [Debt Fix] Current debt in URL: 8765, Should be: 8765
[tra-cpm][Desktop - Chrome] ✅ [Debt Fix] Debt parameter already correct
[tra-cpm][Desktop - Chrome] 📱 [Mobile Diagnostic] Full Thank You URL Parameters: {"debt":"8765","leadid":"25074AF7","reqid":"26857144","affid":"659","oid":"136"}
[tra-cpm][Desktop - Chrome] ✅ [Mobile] Extracted Lead ID: 25074AF7
[tra-cpm][Desktop - Chrome] 📱 Device Type detected: Desktop - Chrome
[tra-cpm][Desktop - Chrome] ✅ Lead captured: 25074AF7
[tra-cpm][Desktop - Chrome] 📡 Fetching First API data for Lead ID: 25074AF7...
[tra-cpm][Desktop - Chrome] [STDERR] ❌ First API Attempt 1 failed: Invalid URL
[tra-cpm][Desktop - Chrome] ⏳ Retrying in 1 second...
[tra-cpm][Desktop - Chrome] [STDERR] ❌ First API Attempt 2 failed: Invalid URL
[tra-cpm][Desktop - Chrome] ⏳ Retrying in 1 second...
[tra-cpm][Desktop - Chrome] [STDERR] ❌ First API Attempt 3 failed: Invalid URL
[tra-cpm][Desktop - Chrome] 📡 Fetching Second API data for Lead ID: 25074AF7...
[tra-cpm][Desktop - Chrome] 📡 Standard Second API Payload: cake_id=25074AF7, domain_name=https://www.taxreliefadvocates.com
[tra-cpm][Desktop - Chrome] [STDERR] ❌ Second API Attempt 1 failed: Invalid URL
[tra-cpm][Desktop - Chrome] ⏳ Retrying in 1 second to allow database synchronization...
[everest-tr-x][Desktop - Chrome] ✅ [Mobile] Page loaded successfully
[everest-tr-x][Desktop - Chrome] 💻 [Tablet] Injecting high-fidelity glossy iPad Pro mockup frame...
[everest-tr-x][Desktop - Chrome] 💻 [Tablet] Injecting high-fidelity glossy iPad Pro mockup frame...
[everest-tr-x][Desktop - Chrome] 📝 [Mobile] Starting mobile-specific form filling...
[everest-tr-x][Desktop - Chrome] 🔘 [Mobile] Step 1: Selecting Debt Amount (7,785)
[everest-tr-x][Desktop - Chrome] 🔘 [Mobile] Found jQuery UI Slider #slider. Setting value via jQuery and DOM evaluation...
[everest-tr-x][Desktop - Chrome] ✅ [Mobile] Set jQuery UI Slider #slider to 7,785
[everest-tr-x][Desktop - Chrome] 🔘 [Mobile] Clicking active visible button: .next-btn1:visible, .btn-next:visible
[tra-cpm][Desktop - Chrome] 📡 Standard Second API Payload: cake_id=25074AF7, domain_name=https://www.taxreliefadvocates.com
[tra-cpm][Desktop - Chrome] [STDERR] ❌ Second API Attempt 2 failed: Invalid URL
[tra-cpm][Desktop - Chrome] ⏳ Retrying in 1 second to allow database synchronization...
[everest-tr-x][Desktop - Chrome] ✅ [Mobile] Clicked: .next-btn1:visible, .btn-next:visible
[tra-cpm][Desktop - Chrome] 📡 Standard Second API Payload: cake_id=25074AF7, domain_name=https://www.taxreliefadvocates.com
[tra-cpm][Desktop - Chrome] [STDERR] ❌ Second API Attempt 3 failed: Invalid URL
[tra-cpm][Desktop - Chrome] ⏳ Retrying in 1 second to allow database synchronization...
[everest-tr-x][Desktop - Chrome] 💻 [Tablet] Injecting high-fidelity glossy iPad Pro mockup frame...
[everest-tr-x][Desktop - Chrome] 🔘 [Mobile Rotation] Selected: "Federal"
[tra-cpm][Desktop - Chrome] 📡 Standard Second API Payload: cake_id=25074AF7, domain_name=https://www.taxreliefadvocates.com
[tra-cpm][Desktop - Chrome] [STDERR] ❌ Second API Attempt 4 failed: Invalid URL
[tra-cpm][Desktop - Chrome] ⏳ Retrying in 1 second to allow database synchronization...
[everest-tr-x][Desktop - Chrome] 🔘 [Mobile Rotation] Selected: "$4,000 - $6,000"
[everest-tr-x][Desktop - Chrome] ✅ [Mobile] Reached a recognized terminal step. Stopping dynamic traversal.
[everest-tr-x][Desktop - Chrome] 🔘 [Mobile] Step 2: Selecting State
[everest-tr-x][Desktop - Chrome] ✅ [Mobile] Selected state dynamically: "Alaska"
📝 [Mobile] step3 column set to State: "Alaska"
[everest-tr-x][Desktop - Chrome] 🔘 [Mobile] Clicking active visible button: .next-btn:visible, .next-btn2:visible, .btn-next:visible
[everest-tr-x][Desktop - Chrome] ✅ [Mobile] Clicked: .next-btn:visible, .next-btn2:visible, .btn-next:visible
[tra-cpm][Desktop - Chrome] 📡 Standard Second API Payload: cake_id=25074AF7, domain_name=https://www.taxreliefadvocates.com
[tra-cpm][Desktop - Chrome] [STDERR] ❌ Second API Attempt 5 failed: Invalid URL
[tra-cpm][Desktop - Chrome] 📡 [Rest-Assurance] Verifying Lead ID: 25074AF7 via Backend...
[tra-cpm][Desktop - Chrome] [STDERR] 🛡️  [Rest-Assurance] VERIFICATION_FAILED: Invalid URL
[tra-cpm][Desktop - Chrome] [STDERR] (node:17088) Warning: Setting the NODE_TLS_REJECT_UNAUTHORIZED environment variable to '0' makes TLS connections and HTTPS requests insecure by disabling certificate verification.
(Use `node --trace-warnings ...` to show where the warning was created)
[tra-cpm][Desktop - Chrome] [STDERR] ❌ Critical Google Sheets Error: The caller does not have permission
[tra-cpm][Desktop - Chrome] [STDERR] ❌ Failed processing TRA-CPM: Failed to write to Google Sheets
[tra-cpm][Desktop - Chrome] 
✅ Execution successfully processed! {
  success: false,
  error: 'Failed to write to Google Sheets',
  brand: 'TRA-CPM'
}
[everest-tr-x][Desktop - Chrome] 💻 [Tablet] Injecting high-fidelity glossy iPad Pro mockup frame...
[everest-tr-x][Desktop - Chrome] 🔘 [Mobile] Step 3: Filling Contact Info (Dynamic Loop)...
[everest-tr-x][Desktop - Chrome] 💻 [Tablet] Injecting high-fidelity glossy iPad Pro mockup frame...
[everest-tr-x][Desktop - Chrome] ✅ [Mobile] Filled First Name: ckmtestpixel
[everest-tr-x][Desktop - Chrome] ✅ [Mobile] Filled Last Name: ckmtestpixel
[everest-tr-x][Desktop - Chrome] ✅ [Mobile] Filled Email: ckmtestpixel@gmail.com
[everest-tr-x][Desktop - Chrome] ✅ [Mobile] Filled Phone: 401-247-1052
[everest-tr-x][Desktop - Chrome] 🔘 [Mobile] Clicking active contact NEXT/SUBMIT button...
[tra-cpm][Desktop - Chrome] 📋 Trace report successfully saved: traces/tra-cpm_desktop.zip
[everest-tr-x][Desktop - Chrome] 💻 [Tablet] Injecting high-fidelity glossy iPad Pro mockup frame...
[everest-tr-x][Desktop - Chrome] [STDERR] ⚠️ [Tablet] Failed to apply glossy iPad Pro mockup frame overlay: page.evaluate: TypeError: Cannot read properties of null (reading 'appendChild')
    at eval (eval at evaluate (:302:30), <anonymous>:104:23)
    at UtilityScript.evaluate (<anonymous>:304:16)
    at UtilityScript.<anonymous> (<anonymous>:1:44)
[everest-tr-x][Desktop - Chrome] ✅ [Mobile] Thank you page or lead id detected in URL during contact loop. Exiting contact loop.
🔘 [Mobile] Scanning for additional dynamic steps...
[everest-tr-x][Desktop - Chrome] ✅ [Mobile] Thank you page detected during adaptive submit loop. Exiting loop.
[everest-tr-x][Desktop - Chrome] 🔘 [Mobile] Submitting form
💾 [Mobile] Setting hidden debt fields to: 7785
[everest-tr-x][Desktop - Chrome] ⏳ [Mobile] Waiting for submission navigation to complete
✅ [3/6/2026, 1:09:51 pm] COMPLETED: tra-cpm [Desktop - Chrome][CHROMIUM]

================================================================
🚀 [3/6/2026, 1:09:51 pm] RUNNING: VTS Original [ANDROID - CHROME]
🔗 Target URL: https://mlfvts-trk.com/?a=659&oc=323&c=569&s1=
================================================================
[vts-original][Android - Chrome] 🔌 [Browser Interceptor] Intercepting and optimizing engine: CHROMIUM
[vts-original][Android - Chrome] ◇ injected env (0) from .env // tip: ⌁ auth for agents [www.vestauth.com]
[vts-original][Android - Chrome] ◇ injected env (0) from .env // tip: ⌘ multiple files { path: ['.env.local', '.env'] }
[vts-original][Android - Chrome] ◇ injected env (0) from .env // tip: ◈ secrets for agents [www.dotenvx.com]
[vts-original][Android - Chrome] ◇ injected env (0) from .env // tip: ⌁ auth for agents [www.vestauth.com]
[vts-original][Android - Chrome] ◇ injected env (0) from .env // tip: ⌁ auth for agents [www.vestauth.com]
[vts-original][Android - Chrome] 
🤖 ================================================================
[vts-original][Android - Chrome] 🤖 MASTER RUNNER: LAUNCHING VTS ORIGINAL
🤖 Mode:            MOBILE
🤖 Tracking URL:     https://mlfvts-trk.com/?a=659&oc=323&c=569&s1=
[vts-original][Android - Chrome] 🤖 Target Sheet:    VTS-Original
[vts-original][Android - Chrome] 🤖 ================================================================
[vts-original][Android - Chrome] 🔌 [Browser Interceptor] Intercepting and optimizing engine: CHROMIUM
[vts-original][Android - Chrome] 📋 Emulated Device Profile: MOBILE (Pixel 7) - [Android - Chrome]
[vts-original][Android - Chrome] ⏳ Delaying 200ms to allow responsive layouts to mount...
[vts-original][Android - Chrome] 🔄 Processing lead for brand: VTS Original Mobile
[vts-original][Android - Chrome] 📊 Campaign execution run index: 50
[vts-original][Android - Chrome] 📅 [Rotational Logic] Week 1 Day 3. Target Range: 7500-10000 (Max allowed by URL: 70000)
[vts-original][Android - Chrome] 🔗 [Mobile] Navigating to: https://mlfvts-trk.com/?a=659&oc=323&c=569&s1=
[everest-tr-x][Android - Chrome] [STDERR] ⚠️ [Mobile] Standard submit buttons not found, consulting AI Agent...
[everest-tr-x][Android - Chrome] 🤖 [AI Agent] Analyzing Submit button for global...
[everest-tr-x][Android - Chrome] ⏳ [Mobile] Waiting for final Thank You page redirection...
[everest-tr-x][Android - Chrome] ✅ [Mobile] Targeted final redirect URL achieved!
[everest-tr-x][Android - Chrome] ✅ [Mobile] Final Thank You URL: https://www.everesttaxrelief.net/thankyou_ts.php?debt=8673&leadid=A64CE9C1&affid=659&reqid=26857145&sub
📋 [Pre-Fix] Thank-you URL before debt correction: https://www.everesttaxrelief.net/thankyou_ts.php?debt=8673&leadid=A64CE9C1&affid=659&reqid=26857145&sub
💾 [Debt Debug] formPage.selectedSliderAmount = "8,673"
💾 [Debt Debug] selectedDebtNum (numeric) = "8673"
[everest-tr-x][Android - Chrome] 🔧 [Debt Fix] Current debt in URL: 8673, Should be: 8673
[everest-tr-x][Android - Chrome] ✅ [Debt Fix] Debt parameter already correct
[everest-tr-x][Android - Chrome] 📱 [Mobile Diagnostic] Full Thank You URL Parameters: {"debt":"8673","leadid":"A64CE9C1","affid":"659","reqid":"26857145","sub":""}
[everest-tr-x][Android - Chrome] ✅ [Mobile] Extracted Lead ID: A64CE9C1
[everest-tr-x][Android - Chrome] 📱 Device Type detected: Android - Chrome
[everest-tr-x][Android - Chrome] ✅ Lead captured: A64CE9C1
[everest-tr-x][Android - Chrome] 📡 Fetching First API data for Lead ID: A64CE9C1...
[everest-tr-x][Android - Chrome] [STDERR] ❌ First API Attempt 1 failed: Invalid URL
[everest-tr-x][Android - Chrome] ⏳ Retrying in 1 second...
[everest-tr-x][Tablet - Chrome] [STDERR] ⚠️ [Mobile] Standard submit buttons not found, consulting AI Agent...
[everest-tr-x][Tablet - Chrome] 🤖 [AI Agent] Analyzing Submit button for global...
[everest-tr-x][Tablet - Chrome] ⏳ [Mobile] Waiting for final Thank You page redirection...
[everest-tr-x][Tablet - Chrome] ✅ [Mobile] Targeted final redirect URL achieved!
[everest-tr-x][Tablet - Chrome] ✅ [Mobile] Final Thank You URL: https://www.everesttaxrelief.net/thankyou_ts.php?debt=9267&leadid=5AA762CD&affid=659&reqid=26857147&sub
📋 [Pre-Fix] Thank-you URL before debt correction: https://www.everesttaxrelief.net/thankyou_ts.php?debt=9267&leadid=5AA762CD&affid=659&reqid=26857147&sub
💾 [Debt Debug] formPage.selectedSliderAmount = "9,267"
💾 [Debt Debug] selectedDebtNum (numeric) = "9267"
[everest-tr-x][Tablet - Chrome] 🔧 [Debt Fix] Current debt in URL: 9267, Should be: 9267
✅ [Debt Fix] Debt parameter already correct
[everest-tr-x][Tablet - Chrome] 📱 [Mobile Diagnostic] Full Thank You URL Parameters: {"debt":"9267","leadid":"5AA762CD","affid":"659","reqid":"26857147","sub":""}
[everest-tr-x][Tablet - Chrome] ✅ [Mobile] Extracted Lead ID: 5AA762CD
[everest-tr-x][Tablet - Chrome] 📱 Device Type detected: Tablet - Chrome
[everest-tr-x][Tablet - Chrome] ✅ Lead captured: 5AA762CD
[everest-tr-x][Tablet - Chrome] 📡 Fetching First API data for Lead ID: 5AA762CD...
[everest-tr-x][Tablet - Chrome] [STDERR] ❌ First API Attempt 1 failed: Invalid URL
[everest-tr-x][Tablet - Chrome] ⏳ Retrying in 1 second...
[vts-original][Android - Chrome] ✅ [Mobile] Page loaded successfully
[vts-original][Android - Chrome] 📱 [Mobile] Injecting high-fidelity glossy Natural Titanium iPhone 17 Pro mockup frame...
[vts-original][Android - Chrome] 📱 [Mobile] Injecting high-fidelity glossy Natural Titanium iPhone 17 Pro mockup frame...
[vts-original][Android - Chrome] 📝 [Mobile] Starting mobile-specific form filling...
[vts-original][Android - Chrome] 🔘 [Mobile] Step 1: Selecting Debt Amount (9,630)
[vts-original][Android - Chrome] 🔘 [Mobile] Found jQuery UI Slider #slider. Setting value via jQuery and DOM evaluation...
[vts-original][Android - Chrome] ✅ [Mobile] Set jQuery UI Slider #slider to 9,630
[everest-tr-x][Android - Chrome] [STDERR] ❌ First API Attempt 2 failed: Invalid URL
[everest-tr-x][Android - Chrome] ⏳ Retrying in 1 second...
[vts-original][Android - Chrome] 🔘 [Mobile] Clicking active visible button: .next-btn1:visible, .btn-next:visible
[vts-original][Android - Chrome] ✅ [Mobile] Clicked: .next-btn1:visible, .btn-next:visible
[everest-tr-x][Tablet - Chrome] [STDERR] ❌ First API Attempt 2 failed: Invalid URL
[everest-tr-x][Tablet - Chrome] ⏳ Retrying in 1 second...
[everest-tr-x][Android - Chrome] [STDERR] ❌ First API Attempt 3 failed: Invalid URL
[everest-tr-x][Android - Chrome] 📡 Fetching Second API data for Lead ID: A64CE9C1...
[everest-tr-x][Android - Chrome] 📡 Everest Custom Second API Payload: cake_id=A64CE9C1, domain_name=https://everesttaxrelief.net
[everest-tr-x][Android - Chrome] [STDERR] (node:10752) Warning: Setting the NODE_TLS_REJECT_UNAUTHORIZED environment variable to '0' makes TLS connections and HTTPS requests insecure by disabling certificate verification.
(Use `node --trace-warnings ...` to show where the warning was created)
[everest-tr-x][Tablet - Chrome] [STDERR] ❌ First API Attempt 3 failed: Invalid URL
[everest-tr-x][Tablet - Chrome] 📡 Fetching Second API data for Lead ID: 5AA762CD...
[everest-tr-x][Tablet - Chrome] 📡 Everest Custom Second API Payload: cake_id=5AA762CD, domain_name=https://everesttaxrelief.net
[everest-tr-x][Tablet - Chrome] [STDERR] (node:30356) Warning: Setting the NODE_TLS_REJECT_UNAUTHORIZED environment variable to '0' makes TLS connections and HTTPS requests insecure by disabling certificate verification.
(Use `node --trace-warnings ...` to show where the warning was created)
[vts-original][Android - Chrome] 📱 [Mobile] Injecting high-fidelity glossy Natural Titanium iPhone 17 Pro mockup frame...
[vts-original][Android - Chrome] 🔘 [Mobile Rotation] Selected: "IRS & State Tax Debt"
[everest-tr-x][Android - Chrome] ✅ Second API Data retrieved on attempt 1: DBID=15901
[everest-tr-x][Android - Chrome] 📡 [Rest-Assurance] Verifying Lead ID: A64CE9C1 via Backend...
[everest-tr-x][Android - Chrome] [STDERR] 🛡️  [Rest-Assurance] VERIFICATION_FAILED: Invalid URL
[vts-original][Android - Chrome] ✅ [Mobile] Reached a recognized terminal step. Stopping dynamic traversal.
[vts-original][Android - Chrome] 🔘 [Mobile] Step 2: Selecting State
[vts-original][Android - Chrome] ✅ [Mobile] Selected state dynamically: "Wyoming"
📝 [Mobile] step3 column set to State: "Wyoming"
[vts-original][Android - Chrome] 🔘 [Mobile] Clicking active visible button: .next-btn:visible, .next-btn2:visible, .btn-next:visible
[vts-original][Android - Chrome] ✅ [Mobile] Clicked: .next-btn:visible, .next-btn2:visible, .btn-next:visible
[everest-tr-x][Tablet - Chrome] ✅ Second API Data retrieved on attempt 1: DBID=15902
[everest-tr-x][Tablet - Chrome] 📡 [Rest-Assurance] Verifying Lead ID: 5AA762CD via Backend...
[everest-tr-x][Tablet - Chrome] [STDERR] 🛡️  [Rest-Assurance] VERIFICATION_FAILED: Invalid URL
[everest-tr-x][Android - Chrome] [STDERR] ❌ Critical Google Sheets Error: The caller does not have permission
[everest-tr-x][Android - Chrome] [STDERR] ❌ Failed processing Everest Tax Releif(X) Mobile: Failed to write to Google Sheets
[everest-tr-x][Android - Chrome] 
✅ Execution successfully processed! {
  success: false,
  error: 'Failed to write to Google Sheets',
  brand: 'Everest Tax Releif(X) Mobile'
}
[everest-tr-x][Tablet - Chrome] [STDERR] ❌ Critical Google Sheets Error: The caller does not have permission
[everest-tr-x][Tablet - Chrome] [STDERR] ❌ Failed processing Everest Tax Releif(X) Tablet: Failed to write to Google Sheets
[everest-tr-x][Tablet - Chrome] 
✅ Execution successfully processed! {
  success: false,
  error: 'Failed to write to Google Sheets',
  brand: 'Everest Tax Releif(X) Tablet'
}
[everest-tr-x][Android - Chrome] 📋 Trace report successfully saved: traces/everest-tr-x_mobile.zip
[vts-original][Android - Chrome] 📱 [Mobile] Injecting high-fidelity glossy Natural Titanium iPhone 17 Pro mockup frame...
[vts-original][Android - Chrome] 🔘 [Mobile] Step 3: Filling Contact Info (Dynamic Loop)...
[vts-original][Android - Chrome] 📱 [Mobile] Injecting high-fidelity glossy Natural Titanium iPhone 17 Pro mockup frame...
[vts-original][Android - Chrome] ✅ [Mobile] Filled First Name: ckmtestpixel
[vts-original][Android - Chrome] ✅ [Mobile] Filled Last Name: ckmtestpixel
[vts-original][Android - Chrome] 🔘 [Mobile] Clicking active contact NEXT/SUBMIT button...
[everest-tr-x][Tablet - Chrome] 📋 Trace report successfully saved: traces/everest-tr-x_tablet.zip
[vts-original][Android - Chrome] 📱 [Mobile] Injecting high-fidelity glossy Natural Titanium iPhone 17 Pro mockup frame...
[vts-original][Android - Chrome] ✅ [Mobile] Filled Email: ckmtestpixel@gmail.com
[vts-original][Android - Chrome] 🔘 [Mobile] Clicking active contact NEXT/SUBMIT button...
[vts-original][Android - Chrome] 📱 [Mobile] Injecting high-fidelity glossy Natural Titanium iPhone 17 Pro mockup frame...
[vts-original][Android - Chrome] ✅ [Mobile] Filled Phone: 401-247-1050
[vts-original][Android - Chrome] 🔘 [Mobile] Clicking active contact NEXT/SUBMIT button...
✅ [3/6/2026, 1:10:07 pm] COMPLETED: everest-tr-x [Android - Chrome][CHROMIUM]

================================================================
🚀 [3/6/2026, 1:10:07 pm] RUNNING: VTS Original [TABLET - CHROME]
🔗 Target URL: https://mlfvts-trk.com/?a=659&oc=323&c=569&s1=
================================================================
[vts-original][Tablet - Chrome] 🔌 [Browser Interceptor] Intercepting and optimizing engine: CHROMIUM
[vts-original][Tablet - Chrome] ◇ injected env (0) from .env // tip: ⌘ multiple files { path: ['.env.local', '.env'] }
[vts-original][Tablet - Chrome] ◇ injected env (0) from .env // tip: ⌘ suppress logs { quiet: true }
[vts-original][Tablet - Chrome] ◇ injected env (0) from .env // tip: ⌘ custom filepath { path: '/custom/path/.env' }
✅ [3/6/2026, 1:10:09 pm] COMPLETED: everest-tr-x [Tablet - Chrome][CHROMIUM]

================================================================
🚀 [3/6/2026, 1:10:09 pm] RUNNING: VTS Original [DESKTOP - CHROME]
🔗 Target URL: https://mlfvts-trk.com/?a=659&oc=323&c=569&s1=
================================================================
[everest-tr-x][Desktop - Chrome] [STDERR] ⚠️ [Mobile] Standard submit buttons not found, consulting AI Agent...
[everest-tr-x][Desktop - Chrome] 🤖 [AI Agent] Analyzing Submit button for global...
[everest-tr-x][Desktop - Chrome] ⏳ [Mobile] Waiting for final Thank You page redirection...
[everest-tr-x][Desktop - Chrome] ✅ [Mobile] Targeted final redirect URL achieved!
[everest-tr-x][Desktop - Chrome] ✅ [Mobile] Final Thank You URL: https://www.everesttaxrelief.net/thankyou_ts.php?debt=7785&leadid=A8CC052C&affid=659&reqid=26857148&sub
📋 [Pre-Fix] Thank-you URL before debt correction: https://www.everesttaxrelief.net/thankyou_ts.php?debt=7785&leadid=A8CC052C&affid=659&reqid=26857148&sub
[everest-tr-x][Desktop - Chrome] 💾 [Debt Debug] formPage.selectedSliderAmount = "7,785"
💾 [Debt Debug] selectedDebtNum (numeric) = "7785"
[everest-tr-x][Desktop - Chrome] 🔧 [Debt Fix] Current debt in URL: 7785, Should be: 7785
✅ [Debt Fix] Debt parameter already correct
[everest-tr-x][Desktop - Chrome] 📱 [Mobile Diagnostic] Full Thank You URL Parameters: {"debt":"7785","leadid":"A8CC052C","affid":"659","reqid":"26857148","sub":""}
[everest-tr-x][Desktop - Chrome] ✅ [Mobile] Extracted Lead ID: A8CC052C
[everest-tr-x][Desktop - Chrome] 📱 Device Type detected: Desktop - Chrome
✅ Lead captured: A8CC052C
[everest-tr-x][Desktop - Chrome] 📡 Fetching First API data for Lead ID: A8CC052C...
[vts-original][Desktop - Chrome] 🔌 [Browser Interceptor] Intercepting and optimizing engine: CHROMIUM
[vts-original][Desktop - Chrome] ◇ injected env (0) from .env // tip: ⌘ enable debugging { debug: true }
[vts-original][Desktop - Chrome] ◇ injected env (0) from .env // tip: ◈ secrets for agents [www.dotenvx.com]
[vts-original][Desktop - Chrome] ◇ injected env (0) from .env // tip: ⌘ multiple files { path: ['.env.local', '.env'] }
[everest-tr-x][Desktop - Chrome] [STDERR] ❌ First API Attempt 1 failed: Invalid URL
[everest-tr-x][Desktop - Chrome] ⏳ Retrying in 1 second...
[vts-original][Tablet - Chrome] ◇ injected env (0) from .env // tip: ◈ secrets for agents [www.dotenvx.com]
[vts-original][Tablet - Chrome] ◇ injected env (0) from .env // tip: ⌁ auth for agents [www.vestauth.com]
[vts-original][Tablet - Chrome] 
🤖 ================================================================
[vts-original][Tablet - Chrome] 🤖 MASTER RUNNER: LAUNCHING VTS ORIGINAL
[vts-original][Tablet - Chrome] 🤖 Mode:            TABLET
[vts-original][Tablet - Chrome] 🤖 Tracking URL:     https://mlfvts-trk.com/?a=659&oc=323&c=569&s1=
[vts-original][Tablet - Chrome] 🤖 Target Sheet:    VTS-Original
[vts-original][Tablet - Chrome] 🤖 ================================================================
[vts-original][Tablet - Chrome] 🔌 [Browser Interceptor] Intercepting and optimizing engine: CHROMIUM
[vts-original][Tablet - Chrome] 📋 Emulated Device Profile: TABLET (iPad Pro 11) - [Tablet - Chrome]
[vts-original][Tablet - Chrome] ⏳ Delaying 200ms to allow responsive layouts to mount...
[vts-original][Tablet - Chrome] 🔄 Processing lead for brand: VTS Original Tablet
[vts-original][Tablet - Chrome] 📊 Campaign execution run index: 51
[vts-original][Tablet - Chrome] 📅 [Rotational Logic] Week 1 Day 3. Target Range: 7500-10000 (Max allowed by URL: 70000)
[vts-original][Tablet - Chrome] 🔗 [Mobile] Navigating to: https://mlfvts-trk.com/?a=659&oc=323&c=569&s1=
[everest-tr-x][Desktop - Chrome] [STDERR] ❌ First API Attempt 2 failed: Invalid URL
[everest-tr-x][Desktop - Chrome] ⏳ Retrying in 1 second...
[vts-original][Desktop - Chrome] ◇ injected env (0) from .env // tip: ⌁ auth for agents [www.vestauth.com]
[vts-original][Desktop - Chrome] ◇ injected env (0) from .env // tip: ⌘ enable debugging { debug: true }
[vts-original][Desktop - Chrome] 
🤖 ================================================================
[vts-original][Desktop - Chrome] 🤖 MASTER RUNNER: LAUNCHING VTS ORIGINAL
🤖 Mode:            DESKTOP
[vts-original][Desktop - Chrome] 🤖 Tracking URL:     https://mlfvts-trk.com/?a=659&oc=323&c=569&s1=
[vts-original][Desktop - Chrome] 🤖 Target Sheet:    VTS-Original
[vts-original][Desktop - Chrome] 🤖 ================================================================
[vts-original][Desktop - Chrome] 🔌 [Browser Interceptor] Intercepting and optimizing engine: CHROMIUM
[vts-original][Desktop - Chrome] 💻 Emulated Device Profile: DESKTOP - [Desktop - Chrome]
[vts-original][Desktop - Chrome] 🔄 Processing lead for brand: VTS Original
[vts-original][Desktop - Chrome] 📊 Campaign execution run index: 52
[vts-original][Desktop - Chrome] 📅 [Rotational Logic] Week 1 Day 3. Target Range: 7500-10000 (Max allowed by URL: 70000)
[vts-original][Desktop - Chrome] 🔗 [Mobile] Navigating to: https://mlfvts-trk.com/?a=659&oc=323&c=569&s1=
[everest-tr-x][Desktop - Chrome] [STDERR] ❌ First API Attempt 3 failed: Invalid URL
[everest-tr-x][Desktop - Chrome] 📡 Fetching Second API data for Lead ID: A8CC052C...
[everest-tr-x][Desktop - Chrome] 📡 Everest Custom Second API Payload: cake_id=A8CC052C, domain_name=https://everesttaxrelief.net
[everest-tr-x][Desktop - Chrome] [STDERR] (node:27748) Warning: Setting the NODE_TLS_REJECT_UNAUTHORIZED environment variable to '0' makes TLS connections and HTTPS requests insecure by disabling certificate verification.
(Use `node --trace-warnings ...` to show where the warning was created)
[vts-original][Tablet - Chrome] ✅ [Mobile] Page loaded successfully
[vts-original][Tablet - Chrome] 💻 [Tablet] Injecting high-fidelity glossy iPad Pro mockup frame...
[vts-original][Tablet - Chrome] 💻 [Tablet] Injecting high-fidelity glossy iPad Pro mockup frame...
[vts-original][Tablet - Chrome] 📝 [Mobile] Starting mobile-specific form filling...
[vts-original][Tablet - Chrome] 🔘 [Mobile] Step 1: Selecting Debt Amount (7,703)
[vts-original][Tablet - Chrome] 🔘 [Mobile] Found jQuery UI Slider #slider. Setting value via jQuery and DOM evaluation...
[vts-original][Tablet - Chrome] ✅ [Mobile] Set jQuery UI Slider #slider to 7,703
[vts-original][Tablet - Chrome] 🔘 [Mobile] Clicking active visible button: .next-btn1:visible, .btn-next:visible
[vts-original][Tablet - Chrome] ✅ [Mobile] Clicked: .next-btn1:visible, .btn-next:visible
[vts-original][Desktop - Chrome] ✅ [Mobile] Page loaded successfully
[vts-original][Desktop - Chrome] 💻 [Tablet] Injecting high-fidelity glossy iPad Pro mockup frame...
[vts-original][Desktop - Chrome] 💻 [Tablet] Injecting high-fidelity glossy iPad Pro mockup frame...
[vts-original][Desktop - Chrome] 📝 [Mobile] Starting mobile-specific form filling...
[vts-original][Desktop - Chrome] 🔘 [Mobile] Step 1: Selecting Debt Amount (7,702)
[vts-original][Desktop - Chrome] 🔘 [Mobile] Found jQuery UI Slider #slider. Setting value via jQuery and DOM evaluation...
[vts-original][Desktop - Chrome] ✅ [Mobile] Set jQuery UI Slider #slider to 7,702
[vts-original][Desktop - Chrome] 🔘 [Mobile] Clicking active visible button: .next-btn1:visible, .btn-next:visible
[vts-original][Desktop - Chrome] ✅ [Mobile] Clicked: .next-btn1:visible, .btn-next:visible
[vts-original][Tablet - Chrome] 💻 [Tablet] Injecting high-fidelity glossy iPad Pro mockup frame...
[vts-original][Tablet - Chrome] 🔘 [Mobile Rotation] Selected: "Other"
[vts-original][Tablet - Chrome] ✅ [Mobile] Reached a recognized terminal step. Stopping dynamic traversal.
[vts-original][Tablet - Chrome] 🔘 [Mobile] Step 2: Selecting State
[vts-original][Tablet - Chrome] ✅ [Mobile] Selected state dynamically: "Alabama"
📝 [Mobile] step3 column set to State: "Alabama"
[vts-original][Tablet - Chrome] 🔘 [Mobile] Clicking active visible button: .next-btn:visible, .next-btn2:visible, .btn-next:visible
[vts-original][Tablet - Chrome] ✅ [Mobile] Clicked: .next-btn:visible, .next-btn2:visible, .btn-next:visible
[vts-original][Desktop - Chrome] 💻 [Tablet] Injecting high-fidelity glossy iPad Pro mockup frame...
[vts-original][Desktop - Chrome] 🔘 [Mobile Rotation] Selected: "IRS Tax Debt"
[vts-original][Desktop - Chrome] ✅ [Mobile] Reached a recognized terminal step. Stopping dynamic traversal.
[vts-original][Desktop - Chrome] 🔘 [Mobile] Step 2: Selecting State
[vts-original][Desktop - Chrome] ✅ [Mobile] Selected state dynamically: "Alaska"
📝 [Mobile] step3 column set to State: "Alaska"
[vts-original][Desktop - Chrome] 🔘 [Mobile] Clicking active visible button: .next-btn:visible, .next-btn2:visible, .btn-next:visible
[vts-original][Desktop - Chrome] ✅ [Mobile] Clicked: .next-btn:visible, .next-btn2:visible, .btn-next:visible
[vts-original][Tablet - Chrome] 💻 [Tablet] Injecting high-fidelity glossy iPad Pro mockup frame...
[vts-original][Tablet - Chrome] 🔘 [Mobile] Step 3: Filling Contact Info (Dynamic Loop)...
[vts-original][Tablet - Chrome] 💻 [Tablet] Injecting high-fidelity glossy iPad Pro mockup frame...
[vts-original][Tablet - Chrome] ✅ [Mobile] Filled First Name: ckmtestpixel
[vts-original][Tablet - Chrome] ✅ [Mobile] Filled Last Name: ckmtestpixel
[vts-original][Tablet - Chrome] 🔘 [Mobile] Clicking active contact NEXT/SUBMIT button...
[vts-original][Desktop - Chrome] 💻 [Tablet] Injecting high-fidelity glossy iPad Pro mockup frame...
[vts-original][Desktop - Chrome] 🔘 [Mobile] Step 3: Filling Contact Info (Dynamic Loop)...
[vts-original][Desktop - Chrome] 💻 [Tablet] Injecting high-fidelity glossy iPad Pro mockup frame...
[vts-original][Desktop - Chrome] ✅ [Mobile] Filled First Name: ckmtestpixel
[vts-original][Desktop - Chrome] ✅ [Mobile] Filled Last Name: ckmtestpixel
[vts-original][Desktop - Chrome] 🔘 [Mobile] Clicking active contact NEXT/SUBMIT button...
[everest-tr-x][Desktop - Chrome] ✅ Second API Data retrieved on attempt 1: DBID=15903
[everest-tr-x][Desktop - Chrome] 📡 [Rest-Assurance] Verifying Lead ID: A8CC052C via Backend...
[everest-tr-x][Desktop - Chrome] [STDERR] 🛡️  [Rest-Assurance] VERIFICATION_FAILED: Invalid URL
[vts-original][Tablet - Chrome] 💻 [Tablet] Injecting high-fidelity glossy iPad Pro mockup frame...
[vts-original][Tablet - Chrome] ✅ [Mobile] Filled Email: ckmtestpixel@gmail.com
[vts-original][Tablet - Chrome] 🔘 [Mobile] Clicking active contact NEXT/SUBMIT button...
[vts-original][Android - Chrome] 📱 [Mobile] Injecting high-fidelity glossy Natural Titanium iPhone 17 Pro mockup frame...
[vts-original][Android - Chrome] [STDERR] ⚠️ [Mobile] Failed to apply glossy iPhone 17 Pro mockup frame overlay: page.evaluate: TypeError: Cannot read properties of null (reading 'appendChild')
    at eval (eval at evaluate (:302:30), <anonymous>:133:23)
    at UtilityScript.evaluate (<anonymous>:304:16)
    at UtilityScript.<anonymous> (<anonymous>:1:44)
[vts-original][Android - Chrome] ✅ [Mobile] Thank you page or lead id detected in URL during contact loop. Exiting contact loop.
[vts-original][Android - Chrome] 🔘 [Mobile] Scanning for additional dynamic steps...
[vts-original][Android - Chrome] ✅ [Mobile] Thank you page detected during adaptive submit loop. Exiting loop.
[vts-original][Android - Chrome] 🔘 [Mobile] Submitting form
[vts-original][Android - Chrome] 💾 [Mobile] Setting hidden debt fields to: 9630
[vts-original][Android - Chrome] ⏳ [Mobile] Waiting for submission navigation to complete
[everest-tr-x][Desktop - Chrome] [STDERR] ❌ Critical Google Sheets Error: The caller does not have permission
[everest-tr-x][Desktop - Chrome] [STDERR] ❌ Failed processing Everest Tax Releif(X): Failed to write to Google Sheets
[everest-tr-x][Desktop - Chrome] 
✅ Execution successfully processed! {
  success: false,
  error: 'Failed to write to Google Sheets',
  brand: 'Everest Tax Releif(X)'
}
[vts-original][Desktop - Chrome] 💻 [Tablet] Injecting high-fidelity glossy iPad Pro mockup frame...
[vts-original][Desktop - Chrome] ✅ [Mobile] Filled Email: ckmtestpixel@gmail.com
[vts-original][Desktop - Chrome] 🔘 [Mobile] Clicking active contact NEXT/SUBMIT button...
[everest-tr-x][Desktop - Chrome] 📋 Trace report successfully saved: traces/everest-tr-x_desktop.zip
[vts-original][Tablet - Chrome] 💻 [Tablet] Injecting high-fidelity glossy iPad Pro mockup frame...
[vts-original][Tablet - Chrome] ✅ [Mobile] Filled Phone: 401-247-1051
[vts-original][Tablet - Chrome] 🔘 [Mobile] Clicking active contact NEXT/SUBMIT button...
[vts-original][Desktop - Chrome] 💻 [Tablet] Injecting high-fidelity glossy iPad Pro mockup frame...
[vts-original][Desktop - Chrome] ✅ [Mobile] Filled Phone: 401-247-1052
[vts-original][Desktop - Chrome] 🔘 [Mobile] Clicking active contact NEXT/SUBMIT button...
✅ [3/6/2026, 1:10:35 pm] COMPLETED: everest-tr-x [Desktop - Chrome][CHROMIUM]

================================================================
🚀 [3/6/2026, 1:10:35 pm] RUNNING: VTS-NE-Branded [ANDROID - CHROME]
🔗 Target URL: https://mlfvts-trk.com/?a=659&oc=830&c=569&s1=
================================================================
[vts-ne-branded][Android - Chrome] 🔌 [Browser Interceptor] Intercepting and optimizing engine: CHROMIUM
[vts-ne-branded][Android - Chrome] ◇ injected env (0) from .env // tip: ⌘ suppress logs { quiet: true }
[vts-ne-branded][Android - Chrome] ◇ injected env (0) from .env // tip: ⌁ auth for agents [www.vestauth.com]
[vts-ne-branded][Android - Chrome] ◇ injected env (0) from .env // tip: ⌘ custom filepath { path: '/custom/path/.env' }
[vts-ne-branded][Android - Chrome] ◇ injected env (0) from .env // tip: ◈ encrypted .env [www.dotenvx.com]
[vts-ne-branded][Android - Chrome] ◇ injected env (0) from .env // tip: ⌘ suppress logs { quiet: true }
[vts-ne-branded][Android - Chrome] 
🤖 ================================================================
[vts-ne-branded][Android - Chrome] 🤖 MASTER RUNNER: LAUNCHING VTS-NE-BRANDED
🤖 Mode:            MOBILE
[vts-ne-branded][Android - Chrome] 🤖 Tracking URL:     https://mlfvts-trk.com/?a=659&oc=830&c=569&s1=
[vts-ne-branded][Android - Chrome] 🤖 Target Sheet:    VTS-NE-Branded
🤖 ================================================================
[vts-ne-branded][Android - Chrome] 🔌 [Browser Interceptor] Intercepting and optimizing engine: CHROMIUM
[vts-ne-branded][Android - Chrome] 📋 Emulated Device Profile: MOBILE (Pixel 7) - [Android - Chrome]
[vts-ne-branded][Android - Chrome] ⏳ Delaying 200ms to allow responsive layouts to mount...
[vts-ne-branded][Android - Chrome] 🔄 Processing lead for brand: VTS-NE-Branded Mobile
[vts-ne-branded][Android - Chrome] 📊 Campaign execution run index: 48
[vts-ne-branded][Android - Chrome] 📅 [Rotational Logic] Week 1 Day 3. Target Range: 7500-8000 (Max allowed by URL: 8000)
[vts-ne-branded][Android - Chrome] 🔗 [Mobile] Navigating to: https://mlfvts-trk.com/?a=659&oc=830&c=569&s1=
[vts-original][Tablet - Chrome] 💻 [Tablet] Injecting high-fidelity glossy iPad Pro mockup frame...
[vts-original][Tablet - Chrome] [STDERR] ⚠️ [Tablet] Failed to apply glossy iPad Pro mockup frame overlay: page.evaluate: TypeError: Cannot read properties of null (reading 'appendChild')
    at eval (eval at evaluate (:302:30), <anonymous>:104:23)
    at UtilityScript.evaluate (<anonymous>:304:16)
    at UtilityScript.<anonymous> (<anonymous>:1:44)
[vts-original][Tablet - Chrome] ✅ [Mobile] Thank you page or lead id detected in URL during contact loop. Exiting contact loop.
🔘 [Mobile] Scanning for additional dynamic steps...
[vts-original][Tablet - Chrome] ✅ [Mobile] Thank you page detected during adaptive submit loop. Exiting loop.
[vts-original][Tablet - Chrome] 🔘 [Mobile] Submitting form
[vts-original][Tablet - Chrome] 💾 [Mobile] Setting hidden debt fields to: 7703
[vts-original][Desktop - Chrome] 💻 [Tablet] Injecting high-fidelity glossy iPad Pro mockup frame...
[vts-original][Desktop - Chrome] [STDERR] ⚠️ [Tablet] Failed to apply glossy iPad Pro mockup frame overlay: page.evaluate: TypeError: Cannot read properties of null (reading 'appendChild')
    at eval (eval at evaluate (:302:30), <anonymous>:104:23)
    at UtilityScript.evaluate (<anonymous>:304:16)
    at UtilityScript.<anonymous> (<anonymous>:1:44)
[vts-original][Desktop - Chrome] ✅ [Mobile] Thank you page or lead id detected in URL during contact loop. Exiting contact loop.
🔘 [Mobile] Scanning for additional dynamic steps...
[vts-original][Desktop - Chrome] ✅ [Mobile] Thank you page detected during adaptive submit loop. Exiting loop.
[vts-original][Desktop - Chrome] 🔘 [Mobile] Submitting form
[vts-original][Desktop - Chrome] 💾 [Mobile] Setting hidden debt fields to: 7702
[vts-original][Tablet - Chrome] ⏳ [Mobile] Waiting for submission navigation to complete
[vts-original][Desktop - Chrome] ⏳ [Mobile] Waiting for submission navigation to complete
[vts-ne-branded][Android - Chrome] ✅ [Mobile] Page loaded successfully
[vts-ne-branded][Android - Chrome] 📱 [Mobile] Injecting high-fidelity glossy Natural Titanium iPhone 17 Pro mockup frame...
[vts-ne-branded][Android - Chrome] 📱 [Mobile] Injecting high-fidelity glossy Natural Titanium iPhone 17 Pro mockup frame...
[vts-ne-branded][Android - Chrome] 📝 [Mobile] Starting mobile-specific form filling...
[vts-ne-branded][Android - Chrome] 🔘 [Mobile] Step 1: Selecting Debt Amount (7,769)
[vts-ne-branded][Android - Chrome] 🔘 [Mobile] Found jQuery UI Slider #slider. Setting value via jQuery and DOM evaluation...
[vts-ne-branded][Android - Chrome] ✅ [Mobile] Set jQuery UI Slider #slider to 7,769
[vts-ne-branded][Android - Chrome] 🔘 [Mobile] Clicking active visible button: .next-btn1:visible, .btn-next:visible
[vts-ne-branded][Android - Chrome] ✅ [Mobile] Clicked: .next-btn1:visible, .btn-next:visible
[vts-ne-branded][Android - Chrome] 📱 [Mobile] Injecting high-fidelity glossy Natural Titanium iPhone 17 Pro mockup frame...
[vts-original][Android - Chrome] [STDERR] ⚠️ [Mobile] Standard submit buttons not found, consulting AI Agent...
[vts-original][Android - Chrome] 🤖 [AI Agent] Analyzing Submit button for global...
[vts-original][Android - Chrome] ⏳ [Mobile] Waiting for final Thank You page redirection...
[vts-original][Android - Chrome] ✅ [Mobile] Targeted final redirect URL achieved!
[vts-original][Android - Chrome] ✅ [Mobile] Final Thank You URL: https://www.veteranstaxservices.com/thankyou_ts_checklist.php?debt=9630&leadid=B71BB33B&affid=659&reqid=26857151&subid=#s1#
📋 [Pre-Fix] Thank-you URL before debt correction: https://www.veteranstaxservices.com/thankyou_ts_checklist.php?debt=9630&leadid=B71BB33B&affid=659&reqid=26857151&subid=#s1#
💾 [Debt Debug] formPage.selectedSliderAmount = "9,630"
[vts-original][Android - Chrome] 💾 [Debt Debug] selectedDebtNum (numeric) = "9630"
[vts-original][Android - Chrome] 🔧 [Debt Fix] Current debt in URL: 9630, Should be: 9630
✅ [Debt Fix] Debt parameter already correct
[vts-original][Android - Chrome] 📱 [Mobile Diagnostic] Full Thank You URL Parameters: {"debt":"9630","leadid":"B71BB33B","affid":"659","reqid":"26857151","subid":""}
[vts-original][Android - Chrome] ✅ [Mobile] Extracted Lead ID: B71BB33B
[vts-original][Android - Chrome] 📱 Device Type detected: Android - Chrome
[vts-original][Android - Chrome] ✅ Lead captured: B71BB33B
[vts-original][Android - Chrome] 📡 Fetching First API data for Lead ID: B71BB33B...
[vts-original][Android - Chrome] [STDERR] ❌ First API Attempt 1 failed: Invalid URL
[vts-original][Android - Chrome] ⏳ Retrying in 1 second...
[vts-ne-branded][Android - Chrome] 🔘 [Mobile Rotation] Selected: "IRS Tax Debt"
[vts-ne-branded][Android - Chrome] ✅ [Mobile] Reached a recognized terminal step. Stopping dynamic traversal.
[vts-ne-branded][Android - Chrome] 🔘 [Mobile] Step 2: Selecting State
[vts-ne-branded][Android - Chrome] ✅ [Mobile] Selected state dynamically: "West Virginia"
[vts-ne-branded][Android - Chrome] 📝 [Mobile] step3 column set to State: "West Virginia"
[vts-ne-branded][Android - Chrome] 🔘 [Mobile] Clicking active visible button: .next-btn:visible, .next-btn2:visible, .btn-next:visible
[vts-ne-branded][Android - Chrome] ✅ [Mobile] Clicked: .next-btn:visible, .next-btn2:visible, .btn-next:visible
[vts-original][Android - Chrome] [STDERR] ❌ First API Attempt 2 failed: Invalid URL
[vts-original][Android - Chrome] ⏳ Retrying in 1 second...
[vts-original][Android - Chrome] [STDERR] ❌ First API Attempt 3 failed: Invalid URL
[vts-original][Android - Chrome] 📡 Fetching Second API data for Lead ID: B71BB33B...
[vts-original][Android - Chrome] 📡 VTS Original (via Everest) Custom Second API Payload: cake_id=B71BB33B, domain_name=https://everesttaxrelief.net
[vts-original][Android - Chrome] [STDERR] (node:5960) Warning: Setting the NODE_TLS_REJECT_UNAUTHORIZED environment variable to '0' makes TLS connections and HTTPS requests insecure by disabling certificate verification.
(Use `node --trace-warnings ...` to show where the warning was created)
[vts-ne-branded][Android - Chrome] 📱 [Mobile] Injecting high-fidelity glossy Natural Titanium iPhone 17 Pro mockup frame...
[vts-ne-branded][Android - Chrome] 🔘 [Mobile] Step 3: Filling Contact Info (Dynamic Loop)...
[vts-ne-branded][Android - Chrome] 📱 [Mobile] Injecting high-fidelity glossy Natural Titanium iPhone 17 Pro mockup frame...
[vts-ne-branded][Android - Chrome] ✅ [Mobile] Filled First Name: ckmtestpixel
[vts-ne-branded][Android - Chrome] ✅ [Mobile] Filled Last Name: ckmtestpixel
[vts-ne-branded][Android - Chrome] 🔘 [Mobile] Clicking active contact NEXT/SUBMIT button...
[vts-ne-branded][Android - Chrome] 📱 [Mobile] Injecting high-fidelity glossy Natural Titanium iPhone 17 Pro mockup frame...
[vts-ne-branded][Android - Chrome] ✅ [Mobile] Filled Email: ckmtestpixel@gmail.com
[vts-ne-branded][Android - Chrome] 🔘 [Mobile] Clicking active contact NEXT/SUBMIT button...
[vts-original][Android - Chrome] [STDERR] ⚠️  Attempt 1: Second API returned no DBID. Response: {"status":false,"message":"No record found for cake_id: B71BB33B"}
[vts-original][Android - Chrome] ⏳ Retrying in 1 second to allow database synchronization...
[vts-original][Android - Chrome] 📡 VTS Original (via Everest) Custom Second API Payload: cake_id=B71BB33B, domain_name=https://everesttaxrelief.net
[vts-ne-branded][Android - Chrome] 📱 [Mobile] Injecting high-fidelity glossy Natural Titanium iPhone 17 Pro mockup frame...
[vts-ne-branded][Android - Chrome] ✅ [Mobile] Filled Phone: 401-247-1048
[vts-ne-branded][Android - Chrome] 🔘 [Mobile] Clicking active contact NEXT/SUBMIT button...
[vts-original][Android - Chrome] [STDERR] ⚠️  Attempt 2: Second API returned no DBID. Response: {"status":false,"message":"No record found for cake_id: B71BB33B"}
[vts-original][Android - Chrome] ⏳ Retrying in 1 second to allow database synchronization...
[vts-original][Android - Chrome] 📡 VTS Original (via Everest) Custom Second API Payload: cake_id=B71BB33B, domain_name=https://everesttaxrelief.net
[vts-original][Android - Chrome] [STDERR] ⚠️  Attempt 3: Second API returned no DBID. Response: {"status":false,"message":"No record found for cake_id: B71BB33B"}
[vts-original][Android - Chrome] ⏳ Retrying in 1 second to allow database synchronization...
[vts-original][Android - Chrome] 📡 VTS Original (via Everest) Custom Second API Payload: cake_id=B71BB33B, domain_name=https://everesttaxrelief.net
[vts-original][Android - Chrome] [STDERR] ⚠️  Attempt 4: Second API returned no DBID. Response: {"status":false,"message":"No record found for cake_id: B71BB33B"}
[vts-original][Android - Chrome] ⏳ Retrying in 1 second to allow database synchronization...
[vts-original][Android - Chrome] 📡 VTS Original (via Everest) Custom Second API Payload: cake_id=B71BB33B, domain_name=https://everesttaxrelief.net
[vts-original][Android - Chrome] [STDERR] ⚠️  Attempt 5: Second API returned no DBID. Response: {"status":false,"message":"No record found for cake_id: B71BB33B"}
[vts-original][Android - Chrome] 📡 [Rest-Assurance] Verifying Lead ID: B71BB33B via Backend...
[vts-original][Android - Chrome] [STDERR] 🛡️  [Rest-Assurance] VERIFICATION_FAILED: Invalid URL
[vts-original][Android - Chrome] [STDERR] ❌ Critical Google Sheets Error: The caller does not have permission
[vts-original][Android - Chrome] [STDERR] ❌ Failed processing VTS Original Mobile: Failed to write to Google Sheets
[vts-original][Android - Chrome] 
✅ Execution successfully processed! {
  success: false,
  error: 'Failed to write to Google Sheets',
  brand: 'VTS Original Mobile'
}
[vts-original][Tablet - Chrome] [STDERR] ⚠️ [Mobile] Standard submit buttons not found, consulting AI Agent...
[vts-original][Tablet - Chrome] 🤖 [AI Agent] Analyzing Submit button for global...
[vts-original][Desktop - Chrome] [STDERR] ⚠️ [Mobile] Standard submit buttons not found, consulting AI Agent...
[vts-original][Desktop - Chrome] 🤖 [AI Agent] Analyzing Submit button for global...
[vts-original][Desktop - Chrome] ⏳ [Mobile] Waiting for final Thank You page redirection...
[vts-original][Desktop - Chrome] ✅ [Mobile] Targeted final redirect URL achieved!
[vts-original][Desktop - Chrome] ✅ [Mobile] Final Thank You URL: https://www.veteranstaxservices.com/thankyou_ts_checklist.php?debt=7702&leadid=5E4794E1&affid=659&reqid=26857154&subid=#s1#
📋 [Pre-Fix] Thank-you URL before debt correction: https://www.veteranstaxservices.com/thankyou_ts_checklist.php?debt=7702&leadid=5E4794E1&affid=659&reqid=26857154&subid=#s1#
💾 [Debt Debug] formPage.selectedSliderAmount = "7,702"
💾 [Debt Debug] selectedDebtNum (numeric) = "7702"
[vts-original][Desktop - Chrome] 🔧 [Debt Fix] Current debt in URL: 7702, Should be: 7702
[vts-original][Desktop - Chrome] ✅ [Debt Fix] Debt parameter already correct
[vts-original][Tablet - Chrome] ⏳ [Mobile] Waiting for final Thank You page redirection...
[vts-original][Desktop - Chrome] 📱 [Mobile Diagnostic] Full Thank You URL Parameters: {"debt":"7702","leadid":"5E4794E1","affid":"659","reqid":"26857154","subid":""}
[vts-original][Desktop - Chrome] ✅ [Mobile] Extracted Lead ID: 5E4794E1
[vts-original][Desktop - Chrome] 📱 Device Type detected: Desktop - Chrome
[vts-original][Desktop - Chrome] ✅ Lead captured: 5E4794E1
[vts-original][Desktop - Chrome] 📡 Fetching First API data for Lead ID: 5E4794E1...
[vts-original][Tablet - Chrome] ✅ [Mobile] Targeted final redirect URL achieved!
[vts-original][Tablet - Chrome] ✅ [Mobile] Final Thank You URL: https://www.veteranstaxservices.com/thankyou_ts_checklist.php?debt=7703&leadid=314CADA8&affid=659&reqid=26857153&subid=#s1#
[vts-original][Tablet - Chrome] 📋 [Pre-Fix] Thank-you URL before debt correction: https://www.veteranstaxservices.com/thankyou_ts_checklist.php?debt=7703&leadid=314CADA8&affid=659&reqid=26857153&subid=#s1#
[vts-original][Tablet - Chrome] 💾 [Debt Debug] formPage.selectedSliderAmount = "7,703"
💾 [Debt Debug] selectedDebtNum (numeric) = "7703"
[vts-original][Tablet - Chrome] 🔧 [Debt Fix] Current debt in URL: 7703, Should be: 7703
[vts-original][Tablet - Chrome] ✅ [Debt Fix] Debt parameter already correct
[vts-original][Tablet - Chrome] 📱 [Mobile Diagnostic] Full Thank You URL Parameters: {"debt":"7703","leadid":"314CADA8","affid":"659","reqid":"26857153","subid":""}
[vts-original][Tablet - Chrome] ✅ [Mobile] Extracted Lead ID: 314CADA8
[vts-original][Tablet - Chrome] 📱 Device Type detected: Tablet - Chrome
[vts-original][Tablet - Chrome] ✅ Lead captured: 314CADA8
[vts-original][Tablet - Chrome] 📡 Fetching First API data for Lead ID: 314CADA8...
[vts-original][Desktop - Chrome] [STDERR] ❌ First API Attempt 1 failed: Invalid URL
[vts-original][Desktop - Chrome] ⏳ Retrying in 1 second...
[vts-original][Tablet - Chrome] [STDERR] ❌ First API Attempt 1 failed: Invalid URL
[vts-original][Tablet - Chrome] ⏳ Retrying in 1 second...
[vts-original][Desktop - Chrome] [STDERR] ❌ First API Attempt 2 failed: Invalid URL
[vts-original][Desktop - Chrome] ⏳ Retrying in 1 second...
[vts-original][Tablet - Chrome] [STDERR] ❌ First API Attempt 2 failed: Invalid URL
[vts-original][Tablet - Chrome] ⏳ Retrying in 1 second...
[vts-original][Android - Chrome] 📋 Trace report successfully saved: traces/vts-original_mobile.zip
[vts-original][Desktop - Chrome] [STDERR] ❌ First API Attempt 3 failed: Invalid URL
[vts-original][Tablet - Chrome] [STDERR] ❌ First API Attempt 3 failed: Invalid URL
[vts-original][Desktop - Chrome] 📡 Fetching Second API data for Lead ID: 5E4794E1...
[vts-original][Desktop - Chrome] 📡 VTS Original (via Everest) Custom Second API Payload: cake_id=5E4794E1, domain_name=https://everesttaxrelief.net
[vts-original][Tablet - Chrome] 📡 Fetching Second API data for Lead ID: 314CADA8...
[vts-original][Tablet - Chrome] 📡 VTS Original (via Everest) Custom Second API Payload: cake_id=314CADA8, domain_name=https://everesttaxrelief.net
[vts-original][Tablet - Chrome] [STDERR] (node:25644) Warning: Setting the NODE_TLS_REJECT_UNAUTHORIZED environment variable to '0' makes TLS connections and HTTPS requests insecure by disabling certificate verification.
(Use `node --trace-warnings ...` to show where the warning was created)
[vts-original][Desktop - Chrome] [STDERR] (node:20092) Warning: Setting the NODE_TLS_REJECT_UNAUTHORIZED environment variable to '0' makes TLS connections and HTTPS requests insecure by disabling certificate verification.
(Use `node --trace-warnings ...` to show where the warning was created)
[vts-original][Desktop - Chrome] [STDERR] ⚠️  Attempt 1: Second API returned no DBID. Response: {"status":false,"message":"No record found for cake_id: 5E4794E1"}
[vts-original][Desktop - Chrome] ⏳ Retrying in 1 second to allow database synchronization...
[vts-original][Tablet - Chrome] [STDERR] ⚠️  Attempt 1: Second API returned no DBID. Response: {"status":false,"message":"No record found for cake_id: 314CADA8"}
[vts-original][Tablet - Chrome] ⏳ Retrying in 1 second to allow database synchronization...
[vts-original][Desktop - Chrome] 📡 VTS Original (via Everest) Custom Second API Payload: cake_id=5E4794E1, domain_name=https://everesttaxrelief.net
[vts-original][Tablet - Chrome] 📡 VTS Original (via Everest) Custom Second API Payload: cake_id=314CADA8, domain_name=https://everesttaxrelief.net
[vts-original][Tablet - Chrome] [STDERR] ⚠️  Attempt 2: Second API returned no DBID. Response: {"status":false,"message":"No record found for cake_id: 314CADA8"}
[vts-original][Tablet - Chrome] ⏳ Retrying in 1 second to allow database synchronization...
[vts-original][Desktop - Chrome] [STDERR] ⚠️  Attempt 2: Second API returned no DBID. Response: {"status":false,"message":"No record found for cake_id: 5E4794E1"}
[vts-original][Desktop - Chrome] ⏳ Retrying in 1 second to allow database synchronization...
[vts-original][Tablet - Chrome] 📡 VTS Original (via Everest) Custom Second API Payload: cake_id=314CADA8, domain_name=https://everesttaxrelief.net
[vts-original][Desktop - Chrome] 📡 VTS Original (via Everest) Custom Second API Payload: cake_id=5E4794E1, domain_name=https://everesttaxrelief.net
[vts-original][Tablet - Chrome] [STDERR] ⚠️  Attempt 3: Second API returned no DBID. Response: {"status":false,"message":"No record found for cake_id: 314CADA8"}
[vts-original][Tablet - Chrome] ⏳ Retrying in 1 second to allow database synchronization...
✅ [3/6/2026, 1:11:11 pm] COMPLETED: vts-original [Android - Chrome][CHROMIUM]

================================================================
🚀 [3/6/2026, 1:11:11 pm] RUNNING: VTS-NE-Branded [TABLET - CHROME]
🔗 Target URL: https://mlfvts-trk.com/?a=659&oc=830&c=569&s1=
================================================================
[vts-original][Desktop - Chrome] [STDERR] ⚠️  Attempt 3: Second API returned no DBID. Response: {"status":false,"message":"No record found for cake_id: 5E4794E1"}
[vts-original][Desktop - Chrome] ⏳ Retrying in 1 second to allow database synchronization...
[vts-ne-branded][Tablet - Chrome] 🔌 [Browser Interceptor] Intercepting and optimizing engine: CHROMIUM
[vts-ne-branded][Tablet - Chrome] ◇ injected env (0) from .env // tip: ⌘ custom filepath { path: '/custom/path/.env' }
[vts-ne-branded][Tablet - Chrome] ◇ injected env (0) from .env // tip: ⌘ enable debugging { debug: true }
[vts-original][Tablet - Chrome] 📡 VTS Original (via Everest) Custom Second API Payload: cake_id=314CADA8, domain_name=https://everesttaxrelief.net
[vts-ne-branded][Tablet - Chrome] ◇ injected env (0) from .env // tip: ⌁ auth for agents [www.vestauth.com]
[vts-original][Desktop - Chrome] 📡 VTS Original (via Everest) Custom Second API Payload: cake_id=5E4794E1, domain_name=https://everesttaxrelief.net
[vts-original][Tablet - Chrome] [STDERR] ⚠️  Attempt 4: Second API returned no DBID. Response: {"status":false,"message":"No record found for cake_id: 314CADA8"}
[vts-original][Tablet - Chrome] ⏳ Retrying in 1 second to allow database synchronization...
[vts-original][Desktop - Chrome] [STDERR] ⚠️  Attempt 4: Second API returned no DBID. Response: {"status":false,"message":"No record found for cake_id: 5E4794E1"}
[vts-original][Desktop - Chrome] ⏳ Retrying in 1 second to allow database synchronization...
[vts-original][Tablet - Chrome] 📡 VTS Original (via Everest) Custom Second API Payload: cake_id=314CADA8, domain_name=https://everesttaxrelief.net
[vts-ne-branded][Tablet - Chrome] ◇ injected env (0) from .env // tip: ⌘ override existing { override: true }
[vts-ne-branded][Tablet - Chrome] ◇ injected env (0) from .env // tip: ⌘ custom filepath { path: '/custom/path/.env' }
[vts-ne-branded][Tablet - Chrome] 
🤖 ================================================================
[vts-ne-branded][Tablet - Chrome] 🤖 MASTER RUNNER: LAUNCHING VTS-NE-BRANDED
🤖 Mode:            TABLET
[vts-ne-branded][Tablet - Chrome] 🤖 Tracking URL:     https://mlfvts-trk.com/?a=659&oc=830&c=569&s1=
[vts-ne-branded][Tablet - Chrome] 🤖 Target Sheet:    VTS-NE-Branded
🤖 ================================================================
[vts-ne-branded][Tablet - Chrome] 🔌 [Browser Interceptor] Intercepting and optimizing engine: CHROMIUM
[vts-ne-branded][Tablet - Chrome] 📋 Emulated Device Profile: TABLET (iPad Pro 11) - [Tablet - Chrome]
[vts-original][Desktop - Chrome] 📡 VTS Original (via Everest) Custom Second API Payload: cake_id=5E4794E1, domain_name=https://everesttaxrelief.net
[vts-ne-branded][Tablet - Chrome] ⏳ Delaying 200ms to allow responsive layouts to mount...
[vts-original][Tablet - Chrome] [STDERR] ⚠️  Attempt 5: Second API returned no DBID. Response: {"status":false,"message":"No record found for cake_id: 314CADA8"}
[vts-original][Tablet - Chrome] 📡 [Rest-Assurance] Verifying Lead ID: 314CADA8 via Backend...
[vts-original][Tablet - Chrome] [STDERR] 🛡️  [Rest-Assurance] VERIFICATION_FAILED: Invalid URL
[vts-ne-branded][Tablet - Chrome] 🔄 Processing lead for brand: VTS-NE-Branded Tablet
[vts-ne-branded][Tablet - Chrome] 📊 Campaign execution run index: 49
[vts-ne-branded][Tablet - Chrome] 📅 [Rotational Logic] Week 1 Day 3. Target Range: 7500-8000 (Max allowed by URL: 8000)
[vts-ne-branded][Tablet - Chrome] 🔗 [Mobile] Navigating to: https://mlfvts-trk.com/?a=659&oc=830&c=569&s1=
[vts-original][Desktop - Chrome] [STDERR] ⚠️  Attempt 5: Second API returned no DBID. Response: {"status":false,"message":"No record found for cake_id: 5E4794E1"}
[vts-original][Desktop - Chrome] 📡 [Rest-Assurance] Verifying Lead ID: 5E4794E1 via Backend...
[vts-original][Desktop - Chrome] [STDERR] 🛡️  [Rest-Assurance] VERIFICATION_FAILED: Invalid URL
[vts-ne-branded][Android - Chrome] 📱 [Mobile] Injecting high-fidelity glossy Natural Titanium iPhone 17 Pro mockup frame...
[vts-ne-branded][Android - Chrome] ✅ [Mobile] Thank you page or lead id detected in URL during contact loop. Exiting contact loop.
[vts-ne-branded][Android - Chrome] 🔘 [Mobile] Scanning for additional dynamic steps...
[vts-ne-branded][Android - Chrome] ✅ [Mobile] Thank you page detected during adaptive submit loop. Exiting loop.
[vts-ne-branded][Android - Chrome] 🔘 [Mobile] Submitting form
💾 [Mobile] Setting hidden debt fields to: 7769
[vts-ne-branded][Android - Chrome] ⏳ [Mobile] Waiting for submission navigation to complete
[vts-original][Tablet - Chrome] [STDERR] ❌ Critical Google Sheets Error: The caller does not have permission
[vts-original][Tablet - Chrome] [STDERR] ❌ Failed processing VTS Original Tablet: Failed to write to Google Sheets
[vts-original][Tablet - Chrome] 
✅ Execution successfully processed! {
  success: false,
  error: 'Failed to write to Google Sheets',
  brand: 'VTS Original Tablet'
}
[vts-original][Desktop - Chrome] [STDERR] ❌ Critical Google Sheets Error: The caller does not have permission
[vts-original][Desktop - Chrome] [STDERR] ❌ Failed processing VTS Original: Failed to write to Google Sheets
[vts-original][Desktop - Chrome] 
✅ Execution successfully processed! {
  success: false,
  error: 'Failed to write to Google Sheets',
  brand: 'VTS Original'
}
[vts-original][Tablet - Chrome] 📋 Trace report successfully saved: traces/vts-original_tablet.zip
[vts-original][Desktop - Chrome] 📋 Trace report successfully saved: traces/vts-original_desktop.zip
[vts-ne-branded][Tablet - Chrome] ✅ [Mobile] Page loaded successfully
[vts-ne-branded][Tablet - Chrome] 💻 [Tablet] Injecting high-fidelity glossy iPad Pro mockup frame...
[vts-ne-branded][Tablet - Chrome] 💻 [Tablet] Injecting high-fidelity glossy iPad Pro mockup frame...
[vts-ne-branded][Tablet - Chrome] 📝 [Mobile] Starting mobile-specific form filling...
[vts-ne-branded][Tablet - Chrome] 🔘 [Mobile] Step 1: Selecting Debt Amount (7,880)
[vts-ne-branded][Tablet - Chrome] 🔘 [Mobile] Found jQuery UI Slider #slider. Setting value via jQuery and DOM evaluation...
[vts-ne-branded][Tablet - Chrome] ✅ [Mobile] Set jQuery UI Slider #slider to 7,880
[vts-ne-branded][Tablet - Chrome] 🔘 [Mobile] Clicking active visible button: .next-btn1:visible, .btn-next:visible
[vts-ne-branded][Tablet - Chrome] ✅ [Mobile] Clicked: .next-btn1:visible, .btn-next:visible
[vts-ne-branded][Tablet - Chrome] 💻 [Tablet] Injecting high-fidelity glossy iPad Pro mockup frame...
[vts-ne-branded][Tablet - Chrome] 🔘 [Mobile Rotation] Selected: "State Tax Debt"
[vts-ne-branded][Tablet - Chrome] ✅ [Mobile] Reached a recognized terminal step. Stopping dynamic traversal.
[vts-ne-branded][Tablet - Chrome] 🔘 [Mobile] Step 2: Selecting State
[vts-ne-branded][Tablet - Chrome] ✅ [Mobile] Selected state dynamically: "Wisconsin"
[vts-ne-branded][Tablet - Chrome] 📝 [Mobile] step3 column set to State: "Wisconsin"
[vts-ne-branded][Tablet - Chrome] 🔘 [Mobile] Clicking active visible button: .next-btn:visible, .next-btn2:visible, .btn-next:visible
[vts-ne-branded][Tablet - Chrome] ✅ [Mobile] Clicked: .next-btn:visible, .next-btn2:visible, .btn-next:visible
✅ [3/6/2026, 1:11:26 pm] COMPLETED: vts-original [Desktop - Chrome][CHROMIUM]

================================================================
🚀 [3/6/2026, 1:11:26 pm] RUNNING: VTS-NE-Branded [DESKTOP - CHROME]
🔗 Target URL: https://mlfvts-trk.com/?a=659&oc=830&c=569&s1=
================================================================
✅ [3/6/2026, 1:11:26 pm] COMPLETED: vts-original [Tablet - Chrome][CHROMIUM]

================================================================
🚀 [3/6/2026, 1:11:26 pm] RUNNING: Original [ANDROID - CHROME]
🔗 Target URL: https://mlf-1800-trk.com/?a=659&oc=337&c=617&s1=
================================================================
[vts-ne-branded][Desktop - Chrome] 🔌 [Browser Interceptor] Intercepting and optimizing engine: CHROMIUM
[vts-ne-branded][Desktop - Chrome] ◇ injected env (0) from .env // tip: ⌘ custom filepath { path: '/custom/path/.env' }
[vts-ne-branded][Desktop - Chrome] ◇ injected env (0) from .env // tip: ⌘ enable debugging { debug: true }
[original][Android - Chrome] 🔌 [Browser Interceptor] Intercepting and optimizing engine: CHROMIUM
[original][Android - Chrome] ◇ injected env (0) from .env // tip: ⌁ auth for agents [www.vestauth.com]
[vts-ne-branded][Desktop - Chrome] ◇ injected env (0) from .env // tip: ⌘ custom filepath { path: '/custom/path/.env' }
[original][Android - Chrome] ◇ injected env (0) from .env // tip: ⌘ suppress logs { quiet: true }
[original][Android - Chrome] ◇ injected env (0) from .env // tip: ⌘ suppress logs { quiet: true }
[vts-ne-branded][Tablet - Chrome] 💻 [Tablet] Injecting high-fidelity glossy iPad Pro mockup frame...
[vts-ne-branded][Tablet - Chrome] 🔘 [Mobile] Step 3: Filling Contact Info (Dynamic Loop)...
[vts-ne-branded][Tablet - Chrome] 💻 [Tablet] Injecting high-fidelity glossy iPad Pro mockup frame...
[vts-ne-branded][Tablet - Chrome] ✅ [Mobile] Filled First Name: ckmtestpixel
[vts-ne-branded][Tablet - Chrome] ✅ [Mobile] Filled Last Name: ckmtestpixel
[vts-ne-branded][Tablet - Chrome] 🔘 [Mobile] Clicking active contact NEXT/SUBMIT button...
[vts-ne-branded][Desktop - Chrome] ◇ injected env (0) from .env // tip: ⌘ custom filepath { path: '/custom/path/.env' }
[vts-ne-branded][Desktop - Chrome] ◇ injected env (0) from .env // tip: ◈ encrypted .env [www.dotenvx.com]
[vts-ne-branded][Desktop - Chrome] 
🤖 ================================================================
[vts-ne-branded][Desktop - Chrome] 🤖 MASTER RUNNER: LAUNCHING VTS-NE-BRANDED
[vts-ne-branded][Desktop - Chrome] 🤖 Mode:            DESKTOP
[vts-ne-branded][Desktop - Chrome] 🤖 Tracking URL:     https://mlfvts-trk.com/?a=659&oc=830&c=569&s1=
[vts-ne-branded][Desktop - Chrome] 🤖 Target Sheet:    VTS-NE-Branded
[vts-ne-branded][Desktop - Chrome] 🤖 ================================================================
[vts-ne-branded][Desktop - Chrome] 🔌 [Browser Interceptor] Intercepting and optimizing engine: CHROMIUM
[original][Android - Chrome] ◇ injected env (0) from .env // tip: ⌘ enable debugging { debug: true }
[original][Android - Chrome] ◇ injected env (0) from .env // tip: ◈ secrets for agents [www.dotenvx.com]
[original][Android - Chrome] 
🤖 ================================================================
🤖 MASTER RUNNER: LAUNCHING ORIGINAL
[original][Android - Chrome] 🤖 Mode:            MOBILE
[original][Android - Chrome] 🤖 Tracking URL:     https://mlf-1800-trk.com/?a=659&oc=337&c=617&s1=
[original][Android - Chrome] 🤖 Target Sheet:    Original
[original][Android - Chrome] 🤖 ================================================================
[original][Android - Chrome] 🔌 [Browser Interceptor] Intercepting and optimizing engine: CHROMIUM
[vts-ne-branded][Desktop - Chrome] 💻 Emulated Device Profile: DESKTOP - [Desktop - Chrome]
[vts-ne-branded][Desktop - Chrome] 🔄 Processing lead for brand: VTS-NE-Branded
[vts-ne-branded][Desktop - Chrome] 📊 Campaign execution run index: 50
[vts-ne-branded][Desktop - Chrome] 📅 [Rotational Logic] Week 1 Day 3. Target Range: 7500-8000 (Max allowed by URL: 8000)
[vts-ne-branded][Desktop - Chrome] 🔗 [Mobile] Navigating to: https://mlfvts-trk.com/?a=659&oc=830&c=569&s1=
[original][Android - Chrome] 📋 Emulated Device Profile: MOBILE (Pixel 7) - [Android - Chrome]
[original][Android - Chrome] ⏳ Delaying 200ms to allow responsive layouts to mount...
[original][Android - Chrome] 🔄 Processing lead for brand: Original Mobile
[original][Android - Chrome] 📊 Campaign execution run index: 48
[original][Android - Chrome] 📅 [Rotational Logic] Week 1 Day 3. Target Range: 500-500 (Max allowed by URL: 500)
[original][Android - Chrome] 🔗 [Mobile] Navigating to: https://mlf-1800-trk.com/?a=659&oc=337&c=617&s1=
[vts-ne-branded][Tablet - Chrome] 💻 [Tablet] Injecting high-fidelity glossy iPad Pro mockup frame...
[vts-ne-branded][Tablet - Chrome] ✅ [Mobile] Filled Email: ckmtestpixel@gmail.com
[vts-ne-branded][Tablet - Chrome] 🔘 [Mobile] Clicking active contact NEXT/SUBMIT button...
[vts-ne-branded][Tablet - Chrome] 💻 [Tablet] Injecting high-fidelity glossy iPad Pro mockup frame...
[vts-ne-branded][Tablet - Chrome] ✅ [Mobile] Filled Phone: 401-247-1049
[vts-ne-branded][Tablet - Chrome] 🔘 [Mobile] Clicking active contact NEXT/SUBMIT button...
[vts-ne-branded][Android - Chrome] [STDERR] ⚠️ [Mobile] Standard submit buttons not found, consulting AI Agent...
[vts-ne-branded][Android - Chrome] 🤖 [AI Agent] Analyzing Submit button for global...
[vts-ne-branded][Android - Chrome] ⏳ [Mobile] Waiting for final Thank You page redirection...
[vts-ne-branded][Android - Chrome] ✅ [Mobile] Targeted final redirect URL achieved!
[vts-ne-branded][Android - Chrome] ✅ [Mobile] Final Thank You URL: https://www.veteranstaxservices.com/thankyou_ts_checklist.php?debt=7769&leadid=2C4EE79B&affid=659&reqid=26857155&subid=#s1#
[vts-ne-branded][Android - Chrome] 📋 [Pre-Fix] Thank-you URL before debt correction: https://www.veteranstaxservices.com/thankyou_ts_checklist.php?debt=7769&leadid=2C4EE79B&affid=659&reqid=26857155&subid=#s1#
💾 [Debt Debug] formPage.selectedSliderAmount = "7,769"
💾 [Debt Debug] selectedDebtNum (numeric) = "7769"
[vts-ne-branded][Android - Chrome] 🔧 [Debt Fix] Current debt in URL: 7769, Should be: 7769
[vts-ne-branded][Android - Chrome] ✅ [Debt Fix] Debt parameter already correct
[vts-ne-branded][Android - Chrome] 📱 [Mobile Diagnostic] Full Thank You URL Parameters: {"debt":"7769","leadid":"2C4EE79B","affid":"659","reqid":"26857155","subid":""}
[vts-ne-branded][Android - Chrome] ✅ [Mobile] Extracted Lead ID: 2C4EE79B
[vts-ne-branded][Android - Chrome] 📱 Device Type detected: Android - Chrome
[vts-ne-branded][Android - Chrome] ✅ Lead captured: 2C4EE79B
[vts-ne-branded][Android - Chrome] 📡 Fetching First API data for Lead ID: 2C4EE79B...
[vts-ne-branded][Desktop - Chrome] ✅ [Mobile] Page loaded successfully
[vts-ne-branded][Desktop - Chrome] 💻 [Tablet] Injecting high-fidelity glossy iPad Pro mockup frame...
[vts-ne-branded][Desktop - Chrome] 💻 [Tablet] Injecting high-fidelity glossy iPad Pro mockup frame...
[vts-ne-branded][Desktop - Chrome] 📝 [Mobile] Starting mobile-specific form filling...
[vts-ne-branded][Desktop - Chrome] 🔘 [Mobile] Step 1: Selecting Debt Amount (7,587)
[vts-ne-branded][Android - Chrome] [STDERR] ❌ First API Attempt 1 failed: Invalid URL
[vts-ne-branded][Android - Chrome] ⏳ Retrying in 1 second...
[vts-ne-branded][Desktop - Chrome] 🔘 [Mobile] Found jQuery UI Slider #slider. Setting value via jQuery and DOM evaluation...
[vts-ne-branded][Desktop - Chrome] ✅ [Mobile] Set jQuery UI Slider #slider to 7,587
[vts-ne-branded][Desktop - Chrome] 🔘 [Mobile] Clicking active visible button: .next-btn1:visible, .btn-next:visible
[original][Android - Chrome] ✅ [Mobile] Page loaded successfully
[original][Android - Chrome] 📱 [Mobile] Injecting high-fidelity glossy Natural Titanium iPhone 17 Pro mockup frame...
[vts-ne-branded][Desktop - Chrome] ✅ [Mobile] Clicked: .next-btn1:visible, .btn-next:visible
[original][Android - Chrome] 📱 [Mobile] Injecting high-fidelity glossy Natural Titanium iPhone 17 Pro mockup frame...
[original][Android - Chrome] 📝 [Mobile] Starting mobile-specific form filling...
[original][Android - Chrome] 🔘 [Mobile] Step 1: Selecting Debt Amount (500)
[original][Android - Chrome] 🔘 [Mobile] Found jQuery UI Slider #slider. Setting value via jQuery and DOM evaluation...
[original][Android - Chrome] ✅ [Mobile] Set jQuery UI Slider #slider to 500
[vts-ne-branded][Android - Chrome] [STDERR] ❌ First API Attempt 2 failed: Invalid URL
[vts-ne-branded][Android - Chrome] ⏳ Retrying in 1 second...
[original][Android - Chrome] 🔘 [Mobile] Clicking active visible button: .next-btn1:visible, .btn-next:visible
[original][Android - Chrome] ✅ [Mobile] Clicked: .next-btn1:visible, .btn-next:visible
[vts-ne-branded][Android - Chrome] [STDERR] ❌ First API Attempt 3 failed: Invalid URL
[vts-ne-branded][Android - Chrome] 📡 Fetching Second API data for Lead ID: 2C4EE79B...
📡 VTS Original (via Everest) Custom Second API Payload: cake_id=2C4EE79B, domain_name=https://everesttaxrelief.net
[vts-ne-branded][Android - Chrome] [STDERR] (node:31188) Warning: Setting the NODE_TLS_REJECT_UNAUTHORIZED environment variable to '0' makes TLS connections and HTTPS requests insecure by disabling certificate verification.
(Use `node --trace-warnings ...` to show where the warning was created)
[vts-ne-branded][Desktop - Chrome] 💻 [Tablet] Injecting high-fidelity glossy iPad Pro mockup frame...
[vts-ne-branded][Tablet - Chrome] 💻 [Tablet] Injecting high-fidelity glossy iPad Pro mockup frame...
[vts-ne-branded][Tablet - Chrome] [STDERR] ⚠️ [Tablet] Failed to apply glossy iPad Pro mockup frame overlay: page.evaluate: TypeError: Cannot read properties of null (reading 'appendChild')
    at eval (eval at evaluate (:302:30), <anonymous>:104:23)
    at UtilityScript.evaluate (<anonymous>:304:16)
    at UtilityScript.<anonymous> (<anonymous>:1:44)
[vts-ne-branded][Tablet - Chrome] ✅ [Mobile] Thank you page or lead id detected in URL during contact loop. Exiting contact loop.
[vts-ne-branded][Tablet - Chrome] 🔘 [Mobile] Scanning for additional dynamic steps...
[vts-ne-branded][Tablet - Chrome] ✅ [Mobile] Thank you page detected during adaptive submit loop. Exiting loop.
[vts-ne-branded][Tablet - Chrome] 🔘 [Mobile] Submitting form
💾 [Mobile] Setting hidden debt fields to: 7880
[vts-ne-branded][Tablet - Chrome] ⏳ [Mobile] Waiting for submission navigation to complete
[original][Android - Chrome] 📱 [Mobile] Injecting high-fidelity glossy Natural Titanium iPhone 17 Pro mockup frame...
[vts-ne-branded][Desktop - Chrome] 🔘 [Mobile Rotation] Selected: "IRS & State Tax Debt"
[original][Android - Chrome] 🔘 [Mobile Rotation] Selected: "Both IRS & Gujarat Tax Debt"
[vts-ne-branded][Desktop - Chrome] ✅ [Mobile] Reached a recognized terminal step. Stopping dynamic traversal.
[vts-ne-branded][Desktop - Chrome] 🔘 [Mobile] Step 2: Selecting State
[vts-ne-branded][Desktop - Chrome] ✅ [Mobile] Selected state dynamically: "Wyoming"
📝 [Mobile] step3 column set to State: "Wyoming"
[vts-ne-branded][Desktop - Chrome] 🔘 [Mobile] Clicking active visible button: .next-btn:visible, .next-btn2:visible, .btn-next:visible
[vts-ne-branded][Desktop - Chrome] ✅ [Mobile] Clicked: .next-btn:visible, .next-btn2:visible, .btn-next:visible
[original][Android - Chrome] 🔘 [Mobile Rotation] Selected: "Employed (Full/Part Time)"
[original][Android - Chrome] ✅ [Mobile] Reached a recognized terminal step. Stopping dynamic traversal.
[vts-ne-branded][Android - Chrome] [STDERR] ⚠️  Attempt 1: Second API returned no DBID. Response: {"status":false,"message":"No record found for cake_id: 2C4EE79B"}
[vts-ne-branded][Android - Chrome] ⏳ Retrying in 1 second to allow database synchronization...
[original][Android - Chrome] 🔘 [Mobile] Step 3: Filling Contact Info (Dynamic Loop)...
[original][Android - Chrome] 📱 [Mobile] Injecting high-fidelity glossy Natural Titanium iPhone 17 Pro mockup frame...
[original][Android - Chrome] ✅ [Mobile] Filled First Name: ckmtestpixel
[original][Android - Chrome] ✅ [Mobile] Filled Last Name: ckmtestpixel
[original][Android - Chrome] ✅ [Mobile] Filled Email: ckmtestpixel@gmail.com
[vts-ne-branded][Desktop - Chrome] 💻 [Tablet] Injecting high-fidelity glossy iPad Pro mockup frame...
[original][Android - Chrome] ✅ [Mobile] Filled Phone: 401-247-1048
[vts-ne-branded][Desktop - Chrome] 🔘 [Mobile] Step 3: Filling Contact Info (Dynamic Loop)...
[original][Android - Chrome] 🔘 [Mobile] Clicking active contact NEXT/SUBMIT button...
[vts-ne-branded][Desktop - Chrome] 💻 [Tablet] Injecting high-fidelity glossy iPad Pro mockup frame...
[vts-ne-branded][Desktop - Chrome] ✅ [Mobile] Filled First Name: ckmtestpixel
[vts-ne-branded][Desktop - Chrome] ✅ [Mobile] Filled Last Name: ckmtestpixel
[vts-ne-branded][Desktop - Chrome] 🔘 [Mobile] Clicking active contact NEXT/SUBMIT button...
[vts-ne-branded][Android - Chrome] 📡 VTS Original (via Everest) Custom Second API Payload: cake_id=2C4EE79B, domain_name=https://everesttaxrelief.net
[vts-ne-branded][Android - Chrome] [STDERR] ⚠️  Attempt 2: Second API returned no DBID. Response: {"status":false,"message":"No record found for cake_id: 2C4EE79B"}
[vts-ne-branded][Android - Chrome] ⏳ Retrying in 1 second to allow database synchronization...
[vts-ne-branded][Android - Chrome] 📡 VTS Original (via Everest) Custom Second API Payload: cake_id=2C4EE79B, domain_name=https://everesttaxrelief.net
[vts-ne-branded][Android - Chrome] [STDERR] ⚠️  Attempt 3: Second API returned no DBID. Response: {"status":false,"message":"No record found for cake_id: 2C4EE79B"}
[vts-ne-branded][Android - Chrome] ⏳ Retrying in 1 second to allow database synchronization...
[vts-ne-branded][Desktop - Chrome] 💻 [Tablet] Injecting high-fidelity glossy iPad Pro mockup frame...
[vts-ne-branded][Desktop - Chrome] ✅ [Mobile] Filled Email: ckmtestpixel@gmail.com
[vts-ne-branded][Desktop - Chrome] 🔘 [Mobile] Clicking active contact NEXT/SUBMIT button...
[vts-ne-branded][Android - Chrome] 📡 VTS Original (via Everest) Custom Second API Payload: cake_id=2C4EE79B, domain_name=https://everesttaxrelief.net
[vts-ne-branded][Android - Chrome] [STDERR] ⚠️  Attempt 4: Second API returned no DBID. Response: {"status":false,"message":"No record found for cake_id: 2C4EE79B"}
[vts-ne-branded][Android - Chrome] ⏳ Retrying in 1 second to allow database synchronization...
[vts-ne-branded][Android - Chrome] 📡 VTS Original (via Everest) Custom Second API Payload: cake_id=2C4EE79B, domain_name=https://everesttaxrelief.net
[vts-ne-branded][Desktop - Chrome] 💻 [Tablet] Injecting high-fidelity glossy iPad Pro mockup frame...
[vts-ne-branded][Desktop - Chrome] ✅ [Mobile] Filled Phone: 401-247-1050
[vts-ne-branded][Desktop - Chrome] 🔘 [Mobile] Clicking active contact NEXT/SUBMIT button...
[vts-ne-branded][Android - Chrome] [STDERR] ⚠️  Attempt 5: Second API returned no DBID. Response: {"status":false,"message":"No record found for cake_id: 2C4EE79B"}
[vts-ne-branded][Android - Chrome] 📡 [Rest-Assurance] Verifying Lead ID: 2C4EE79B via Backend...
[vts-ne-branded][Android - Chrome] [STDERR] 🛡️  [Rest-Assurance] VERIFICATION_FAILED: Invalid URL
[original][Android - Chrome] 📱 [Mobile] Injecting high-fidelity glossy Natural Titanium iPhone 17 Pro mockup frame...
[original][Android - Chrome] [STDERR] ⚠️ [Mobile] Failed to apply glossy iPhone 17 Pro mockup frame overlay: page.evaluate: TypeError: Cannot read properties of null (reading 'appendChild')
    at eval (eval at evaluate (:302:30), <anonymous>:133:23)
    at UtilityScript.evaluate (<anonymous>:304:16)
    at UtilityScript.<anonymous> (<anonymous>:1:44)
[original][Android - Chrome] ✅ [Mobile] Thank you page or lead id detected in URL during contact loop. Exiting contact loop.
🔘 [Mobile] Scanning for additional dynamic steps...
[original][Android - Chrome] ✅ [Mobile] Thank you page detected during adaptive submit loop. Exiting loop.
[original][Android - Chrome] 🔘 [Mobile] Submitting form
💾 [Mobile] Setting hidden debt fields to: 500
[original][Android - Chrome] ⏳ [Mobile] Waiting for submission navigation to complete
[vts-ne-branded][Android - Chrome] [STDERR] ❌ Critical Google Sheets Error: The caller does not have permission
❌ Failed processing VTS-NE-Branded Mobile: Failed to write to Google Sheets
[vts-ne-branded][Android - Chrome] 
✅ Execution successfully processed! {
  success: false,
  error: 'Failed to write to Google Sheets',
  brand: 'VTS-NE-Branded Mobile'
}
[vts-ne-branded][Android - Chrome] 📋 Trace report successfully saved: traces/vts-ne-branded_mobile.zip
[vts-ne-branded][Desktop - Chrome] 💻 [Tablet] Injecting high-fidelity glossy iPad Pro mockup frame...
[vts-ne-branded][Desktop - Chrome] ✅ [Mobile] Thank you page or lead id detected in URL during contact loop. Exiting contact loop.
🔘 [Mobile] Scanning for additional dynamic steps...
[vts-ne-branded][Desktop - Chrome] ✅ [Mobile] Thank you page detected during adaptive submit loop. Exiting loop.
[vts-ne-branded][Desktop - Chrome] 🔘 [Mobile] Submitting form
💾 [Mobile] Setting hidden debt fields to: 7587
[vts-ne-branded][Desktop - Chrome] ⏳ [Mobile] Waiting for submission navigation to complete
✅ [3/6/2026, 1:11:57 pm] COMPLETED: vts-ne-branded [Android - Chrome][CHROMIUM]

================================================================
🚀 [3/6/2026, 1:11:57 pm] RUNNING: Original [TABLET - CHROME]
🔗 Target URL: https://mlf-1800-trk.com/?a=659&oc=337&c=617&s1=
================================================================
[original][Tablet - Chrome] 🔌 [Browser Interceptor] Intercepting and optimizing engine: CHROMIUM
[original][Tablet - Chrome] ◇ injected env (0) from .env // tip: ⌘ enable debugging { debug: true }
[original][Tablet - Chrome] ◇ injected env (0) from .env // tip: ◈ encrypted .env [www.dotenvx.com]
[original][Tablet - Chrome] ◇ injected env (0) from .env // tip: ⌘ override existing { override: true }
[original][Tablet - Chrome] ◇ injected env (0) from .env // tip: ⌁ auth for agents [www.vestauth.com]
[original][Tablet - Chrome] ◇ injected env (0) from .env // tip: ⌘ suppress logs { quiet: true }
[original][Tablet - Chrome] 
🤖 ================================================================
🤖 MASTER RUNNER: LAUNCHING ORIGINAL
🤖 Mode:            TABLET
[original][Tablet - Chrome] 🤖 Tracking URL:     https://mlf-1800-trk.com/?a=659&oc=337&c=617&s1=
🤖 Target Sheet:    Original
🤖 ================================================================
[original][Tablet - Chrome] 🔌 [Browser Interceptor] Intercepting and optimizing engine: CHROMIUM
[original][Tablet - Chrome] 📋 Emulated Device Profile: TABLET (iPad Pro 11) - [Tablet - Chrome]
[original][Tablet - Chrome] ⏳ Delaying 200ms to allow responsive layouts to mount...
[original][Tablet - Chrome] 🔄 Processing lead for brand: Original Tablet
[original][Tablet - Chrome] 📊 Campaign execution run index: 49
[original][Tablet - Chrome] 📅 [Rotational Logic] Week 1 Day 3. Target Range: 500-500 (Max allowed by URL: 500)
[original][Tablet - Chrome] 🔗 [Mobile] Navigating to: https://mlf-1800-trk.com/?a=659&oc=337&c=617&s1=
[vts-ne-branded][Tablet - Chrome] [STDERR] ⚠️ [Mobile] Standard submit buttons not found, consulting AI Agent...
[vts-ne-branded][Tablet - Chrome] 🤖 [AI Agent] Analyzing Submit button for global...
[vts-ne-branded][Tablet - Chrome] ⏳ [Mobile] Waiting for final Thank You page redirection...
[vts-ne-branded][Tablet - Chrome] ✅ [Mobile] Targeted final redirect URL achieved!
[vts-ne-branded][Tablet - Chrome] ✅ [Mobile] Final Thank You URL: https://www.veteranstaxservices.com/thankyou_ts_checklist.php?debt=7880&leadid=027D0FEC&affid=659&reqid=26857157&subid=#s1#
📋 [Pre-Fix] Thank-you URL before debt correction: https://www.veteranstaxservices.com/thankyou_ts_checklist.php?debt=7880&leadid=027D0FEC&affid=659&reqid=26857157&subid=#s1#
💾 [Debt Debug] formPage.selectedSliderAmount = "7,880"
[vts-ne-branded][Tablet - Chrome] 💾 [Debt Debug] selectedDebtNum (numeric) = "7880"
[vts-ne-branded][Tablet - Chrome] 🔧 [Debt Fix] Current debt in URL: 7880, Should be: 7880
✅ [Debt Fix] Debt parameter already correct
[vts-ne-branded][Tablet - Chrome] 📱 [Mobile Diagnostic] Full Thank You URL Parameters: {"debt":"7880","leadid":"027D0FEC","affid":"659","reqid":"26857157","subid":""}
[vts-ne-branded][Tablet - Chrome] ✅ [Mobile] Extracted Lead ID: 027D0FEC
📱 Device Type detected: Tablet - Chrome
[vts-ne-branded][Tablet - Chrome] ✅ Lead captured: 027D0FEC
[vts-ne-branded][Tablet - Chrome] 📡 Fetching First API data for Lead ID: 027D0FEC...
[vts-ne-branded][Tablet - Chrome] [STDERR] ❌ First API Attempt 1 failed: Invalid URL
[vts-ne-branded][Tablet - Chrome] ⏳ Retrying in 1 second...
[vts-ne-branded][Tablet - Chrome] [STDERR] ❌ First API Attempt 2 failed: Invalid URL
[vts-ne-branded][Tablet - Chrome] ⏳ Retrying in 1 second...
[vts-ne-branded][Tablet - Chrome] [STDERR] ❌ First API Attempt 3 failed: Invalid URL
[vts-ne-branded][Tablet - Chrome] 📡 Fetching Second API data for Lead ID: 027D0FEC...
[vts-ne-branded][Tablet - Chrome] 📡 VTS Original (via Everest) Custom Second API Payload: cake_id=027D0FEC, domain_name=https://everesttaxrelief.net
[vts-ne-branded][Tablet - Chrome] [STDERR] (node:12316) Warning: Setting the NODE_TLS_REJECT_UNAUTHORIZED environment variable to '0' makes TLS connections and HTTPS requests insecure by disabling certificate verification.
(Use `node --trace-warnings ...` to show where the warning was created)
[vts-ne-branded][Tablet - Chrome] [STDERR] ⚠️  Attempt 1: Second API returned no DBID. Response: {"status":false,"message":"No record found for cake_id: 027D0FEC"}
[vts-ne-branded][Tablet - Chrome] ⏳ Retrying in 1 second to allow database synchronization...
[original][Tablet - Chrome] ✅ [Mobile] Page loaded successfully
[original][Tablet - Chrome] 💻 [Tablet] Injecting high-fidelity glossy iPad Pro mockup frame...
[original][Tablet - Chrome] 💻 [Tablet] Injecting high-fidelity glossy iPad Pro mockup frame...
[original][Tablet - Chrome] 📝 [Mobile] Starting mobile-specific form filling...
[original][Tablet - Chrome] 🔘 [Mobile] Step 1: Selecting Debt Amount (500)
[original][Tablet - Chrome] 🔘 [Mobile] Found jQuery UI Slider #slider. Setting value via jQuery and DOM evaluation...
[original][Tablet - Chrome] ✅ [Mobile] Set jQuery UI Slider #slider to 500
[original][Tablet - Chrome] 🔘 [Mobile] Clicking active visible button: .next-btn1:visible, .btn-next:visible
[original][Tablet - Chrome] ✅ [Mobile] Clicked: .next-btn1:visible, .btn-next:visible
[vts-ne-branded][Tablet - Chrome] 📡 VTS Original (via Everest) Custom Second API Payload: cake_id=027D0FEC, domain_name=https://everesttaxrelief.net
[vts-ne-branded][Tablet - Chrome] [STDERR] ⚠️  Attempt 2: Second API returned no DBID. Response: {"status":false,"message":"No record found for cake_id: 027D0FEC"}
[vts-ne-branded][Tablet - Chrome] ⏳ Retrying in 1 second to allow database synchronization...
[original][Tablet - Chrome] 💻 [Tablet] Injecting high-fidelity glossy iPad Pro mockup frame...
[original][Tablet - Chrome] 🔘 [Mobile Rotation] Selected: "IRS Tax Debt"
[vts-ne-branded][Tablet - Chrome] 📡 VTS Original (via Everest) Custom Second API Payload: cake_id=027D0FEC, domain_name=https://everesttaxrelief.net
[vts-ne-branded][Tablet - Chrome] [STDERR] ⚠️  Attempt 3: Second API returned no DBID. Response: {"status":false,"message":"No record found for cake_id: 027D0FEC"}
[vts-ne-branded][Tablet - Chrome] ⏳ Retrying in 1 second to allow database synchronization...
[original][Tablet - Chrome] 🔘 [Mobile Rotation] Selected: "Gujarat Tax Debt"
[original][Tablet - Chrome] 🔘 [Mobile Rotation] Selected: "Self-Employed"
[vts-ne-branded][Tablet - Chrome] 📡 VTS Original (via Everest) Custom Second API Payload: cake_id=027D0FEC, domain_name=https://everesttaxrelief.net
[vts-ne-branded][Tablet - Chrome] [STDERR] ⚠️  Attempt 4: Second API returned no DBID. Response: {"status":false,"message":"No record found for cake_id: 027D0FEC"}
[vts-ne-branded][Tablet - Chrome] ⏳ Retrying in 1 second to allow database synchronization...
[original][Tablet - Chrome] 🔘 [Mobile Rotation] Selected: "Learn More About Your Tax Debt Relief Options"
[original][Tablet - Chrome] 🔘 [Mobile Rotation] Selected: "Unemployed"
[vts-ne-branded][Tablet - Chrome] 📡 VTS Original (via Everest) Custom Second API Payload: cake_id=027D0FEC, domain_name=https://everesttaxrelief.net
[original][Tablet - Chrome] ✅ [Mobile] Reached a recognized terminal step. Stopping dynamic traversal.
[original][Tablet - Chrome] 🔘 [Mobile] Step 3: Filling Contact Info (Dynamic Loop)...
[original][Tablet - Chrome] 💻 [Tablet] Injecting high-fidelity glossy iPad Pro mockup frame...
[original][Tablet - Chrome] ✅ [Mobile] Filled First Name: ckmtestpixel
[original][Tablet - Chrome] ✅ [Mobile] Filled Last Name: ckmtestpixel
[original][Tablet - Chrome] ✅ [Mobile] Filled Email: ckmtestpixel@gmail.com
[original][Tablet - Chrome] ✅ [Mobile] Filled Phone: 401-247-1049
[original][Tablet - Chrome] 🔘 [Mobile] Clicking active contact NEXT/SUBMIT button...
[original][Android - Chrome] [STDERR] ⚠️ [Mobile] Standard submit buttons not found, consulting AI Agent...
[original][Android - Chrome] 🤖 [AI Agent] Analyzing Submit button for global...
[original][Android - Chrome] ⏳ [Mobile] Waiting for final Thank You page redirection...
[original][Android - Chrome] ✅ [Mobile] Targeted final redirect URL achieved!
[original][Android - Chrome] ✅ [Mobile] Final Thank You URL: https://www.1800freshtax.com/thankyou.php
📋 [Pre-Fix] Thank-you URL before debt correction: https://www.1800freshtax.com/thankyou.php
💾 [Debt Debug] formPage.selectedSliderAmount = "500"
💾 [Debt Debug] selectedDebtNum (numeric) = "500"
[original][Android - Chrome] 🔧 [Debt Fix] Current debt in URL: null, Should be: 500
🔧 [Debt Fix] Correcting debt parameter: null → 500
[original][Android - Chrome] ✅ [Debt Fix] Updated thank-you URL: https://www.1800freshtax.com/thankyou.php?debt=500
[original][Android - Chrome] 📱 [Mobile Diagnostic] Full Thank You URL Parameters: {"debt":"500"}
[original][Android - Chrome] 🔍 [Mobile DOM Deep-Scan] URL ID missing or non-standard (e.g. numeric reqid). Searching for Hex-8 or GUID IDs...
[original][Android - Chrome] ✅ [Mobile] Extracted Lead ID: af43e1705f1f11f18b56e95eefe9ab6c
[original][Android - Chrome] 📱 Device Type detected: Android - Chrome
[original][Android - Chrome] [STDERR] ❌ Invalid Lead ID format detected: af43e1705f1f11f18b56e95eefe9ab6c. Expected 8-char alphanumeric with letters and digits (example: ACAAA01E).
[original][Android - Chrome] ✅ Lead captured: af43e1705f1f11f18b56e95eefe9ab6c
[original][Android - Chrome] 🔧 [URL Fix] Appending leadid=af43e1705f1f11f18b56e95eefe9ab6c to Thank You URL
[original][Android - Chrome] 📡 Fetching First API data for Lead ID: af43e1705f1f11f18b56e95eefe9ab6c...
[vts-ne-branded][Tablet - Chrome] [STDERR] ⚠️  Attempt 5: Second API returned no DBID. Response: {"status":false,"message":"No record found for cake_id: 027D0FEC"}
[vts-ne-branded][Tablet - Chrome] 📡 [Rest-Assurance] Verifying Lead ID: 027D0FEC via Backend...
[vts-ne-branded][Tablet - Chrome] [STDERR] 🛡️  [Rest-Assurance] VERIFICATION_FAILED: Invalid URL
[original][Android - Chrome] [STDERR] ❌ First API Attempt 1 failed: Invalid URL
[original][Android - Chrome] ⏳ Retrying in 1 second...
[original][Android - Chrome] [STDERR] ❌ First API Attempt 2 failed: Invalid URL
[original][Android - Chrome] ⏳ Retrying in 1 second...
[vts-ne-branded][Tablet - Chrome] [STDERR] ❌ Critical Google Sheets Error: The caller does not have permission
[vts-ne-branded][Tablet - Chrome] [STDERR] ❌ Failed processing VTS-NE-Branded Tablet: Failed to write to Google Sheets
[vts-ne-branded][Tablet - Chrome] 
✅ Execution successfully processed! {
  success: false,
  error: 'Failed to write to Google Sheets',
  brand: 'VTS-NE-Branded Tablet'
}
[vts-ne-branded][Tablet - Chrome] 📋 Trace report successfully saved: traces/vts-ne-branded_tablet.zip
[original][Android - Chrome] [STDERR] ❌ First API Attempt 3 failed: Invalid URL
[original][Android - Chrome] 📡 Fetching Second API data for Lead ID: af43e1705f1f11f18b56e95eefe9ab6c...
[original][Android - Chrome] 📡 Standard Second API Payload: cake_id=af43e1705f1f11f18b56e95eefe9ab6c, domain_name=https://fidelity-tax-defense.net
[original][Android - Chrome] [STDERR] ❌ Second API Attempt 1 failed: Invalid URL
[original][Android - Chrome] ⏳ Retrying in 1 second to allow database synchronization...
[original][Android - Chrome] 📡 Standard Second API Payload: cake_id=af43e1705f1f11f18b56e95eefe9ab6c, domain_name=https://fidelity-tax-defense.net
[original][Android - Chrome] [STDERR] ❌ Second API Attempt 2 failed: Invalid URL
[original][Android - Chrome] ⏳ Retrying in 1 second to allow database synchronization...
[original][Tablet - Chrome] 💻 [Tablet] Injecting high-fidelity glossy iPad Pro mockup frame...
[original][Tablet - Chrome] ✅ [Mobile] Thank you page or lead id detected in URL during contact loop. Exiting contact loop.
🔘 [Mobile] Scanning for additional dynamic steps...
[original][Tablet - Chrome] ✅ [Mobile] Thank you page detected during adaptive submit loop. Exiting loop.
[original][Tablet - Chrome] 🔘 [Mobile] Submitting form
💾 [Mobile] Setting hidden debt fields to: 500
[vts-ne-branded][Desktop - Chrome] [STDERR] ⚠️ [Mobile] Standard submit buttons not found, consulting AI Agent...
[vts-ne-branded][Desktop - Chrome] 🤖 [AI Agent] Analyzing Submit button for global...
[vts-ne-branded][Desktop - Chrome] ⏳ [Mobile] Waiting for final Thank You page redirection...
[vts-ne-branded][Desktop - Chrome] ✅ [Mobile] Targeted final redirect URL achieved!
[vts-ne-branded][Desktop - Chrome] ✅ [Mobile] Final Thank You URL: https://www.veteranstaxservices.com/thankyou_ts_checklist.php?debt=7587&leadid=CAF40C8F&affid=659&reqid=26857158&subid=#s1#
[vts-ne-branded][Desktop - Chrome] 📋 [Pre-Fix] Thank-you URL before debt correction: https://www.veteranstaxservices.com/thankyou_ts_checklist.php?debt=7587&leadid=CAF40C8F&affid=659&reqid=26857158&subid=#s1#
💾 [Debt Debug] formPage.selectedSliderAmount = "7,587"
💾 [Debt Debug] selectedDebtNum (numeric) = "7587"
[vts-ne-branded][Desktop - Chrome] 🔧 [Debt Fix] Current debt in URL: 7587, Should be: 7587
✅ [Debt Fix] Debt parameter already correct
[vts-ne-branded][Desktop - Chrome] 📱 [Mobile Diagnostic] Full Thank You URL Parameters: {"debt":"7587","leadid":"CAF40C8F","affid":"659","reqid":"26857158","subid":""}
[vts-ne-branded][Desktop - Chrome] ✅ [Mobile] Extracted Lead ID: CAF40C8F
[vts-ne-branded][Desktop - Chrome] 📱 Device Type detected: Desktop - Chrome
[vts-ne-branded][Desktop - Chrome] ✅ Lead captured: CAF40C8F
[vts-ne-branded][Desktop - Chrome] 📡 Fetching First API data for Lead ID: CAF40C8F...
[original][Tablet - Chrome] ⏳ [Mobile] Waiting for submission navigation to complete
[vts-ne-branded][Desktop - Chrome] [STDERR] ❌ First API Attempt 1 failed: Invalid URL
[vts-ne-branded][Desktop - Chrome] ⏳ Retrying in 1 second...
[original][Android - Chrome] 📡 Standard Second API Payload: cake_id=af43e1705f1f11f18b56e95eefe9ab6c, domain_name=https://fidelity-tax-defense.net
[original][Android - Chrome] [STDERR] ❌ Second API Attempt 3 failed: Invalid URL
[original][Android - Chrome] ⏳ Retrying in 1 second to allow database synchronization...
[vts-ne-branded][Desktop - Chrome] [STDERR] ❌ First API Attempt 2 failed: Invalid URL
[vts-ne-branded][Desktop - Chrome] ⏳ Retrying in 1 second...
[original][Android - Chrome] 📡 Standard Second API Payload: cake_id=af43e1705f1f11f18b56e95eefe9ab6c, domain_name=https://fidelity-tax-defense.net
[original][Android - Chrome] [STDERR] ❌ Second API Attempt 4 failed: Invalid URL
[original][Android - Chrome] ⏳ Retrying in 1 second to allow database synchronization...
[vts-ne-branded][Desktop - Chrome] [STDERR] ❌ First API Attempt 3 failed: Invalid URL
[vts-ne-branded][Desktop - Chrome] 📡 Fetching Second API data for Lead ID: CAF40C8F...
[vts-ne-branded][Desktop - Chrome] 📡 VTS Original (via Everest) Custom Second API Payload: cake_id=CAF40C8F, domain_name=https://everesttaxrelief.net
[vts-ne-branded][Desktop - Chrome] [STDERR] (node:26704) Warning: Setting the NODE_TLS_REJECT_UNAUTHORIZED environment variable to '0' makes TLS connections and HTTPS requests insecure by disabling certificate verification.
(Use `node --trace-warnings ...` to show where the warning was created)
[original][Android - Chrome] 📡 Standard Second API Payload: cake_id=af43e1705f1f11f18b56e95eefe9ab6c, domain_name=https://fidelity-tax-defense.net
[original][Android - Chrome] [STDERR] ❌ Second API Attempt 5 failed: Invalid URL
[original][Android - Chrome] 📡 [Rest-Assurance] Verifying Lead ID: af43e1705f1f11f18b56e95eefe9ab6c via Backend...
[original][Android - Chrome] [STDERR] 🛡️  [Rest-Assurance] VERIFICATION_FAILED: Invalid URL
[original][Android - Chrome] [STDERR] (node:9888) Warning: Setting the NODE_TLS_REJECT_UNAUTHORIZED environment variable to '0' makes TLS connections and HTTPS requests insecure by disabling certificate verification.
(Use `node --trace-warnings ...` to show where the warning was created)
✅ [3/6/2026, 1:12:17 pm] COMPLETED: vts-ne-branded [Tablet - Chrome][CHROMIUM]

================================================================
🚀 [3/6/2026, 1:12:17 pm] RUNNING: Original [DESKTOP - CHROME]
🔗 Target URL: https://mlf-1800-trk.com/?a=659&oc=337&c=617&s1=
================================================================
[vts-ne-branded][Desktop - Chrome] [STDERR] ⚠️  Attempt 1: Second API returned no DBID. Response: {"status":false,"message":"No record found for cake_id: CAF40C8F"}
[vts-ne-branded][Desktop - Chrome] ⏳ Retrying in 1 second to allow database synchronization...
[original][Desktop - Chrome] 🔌 [Browser Interceptor] Intercepting and optimizing engine: CHROMIUM
[original][Desktop - Chrome] ◇ injected env (0) from .env // tip: ◈ secrets for agents [www.dotenvx.com]
[original][Desktop - Chrome] ◇ injected env (0) from .env // tip: ⌘ override existing { override: true }
[original][Desktop - Chrome] ◇ injected env (0) from .env // tip: ⌘ override existing { override: true }
[original][Android - Chrome] [STDERR] ❌ Critical Google Sheets Error: The caller does not have permission
❌ Failed processing Original Mobile: Failed to write to Google Sheets
[original][Android - Chrome] 
✅ Execution successfully processed! {
  success: false,
  error: 'Failed to write to Google Sheets',
  brand: 'Original Mobile'
}
[vts-ne-branded][Desktop - Chrome] 📡 VTS Original (via Everest) Custom Second API Payload: cake_id=CAF40C8F, domain_name=https://everesttaxrelief.net
[original][Desktop - Chrome] ◇ injected env (0) from .env // tip: ⌘ multiple files { path: ['.env.local', '.env'] }
[original][Desktop - Chrome] ◇ injected env (0) from .env // tip: ⌁ auth for agents [www.vestauth.com]
[original][Desktop - Chrome] 
🤖 ================================================================
[original][Desktop - Chrome] 🤖 MASTER RUNNER: LAUNCHING ORIGINAL
🤖 Mode:            DESKTOP
[original][Desktop - Chrome] 🤖 Tracking URL:     https://mlf-1800-trk.com/?a=659&oc=337&c=617&s1=
[original][Desktop - Chrome] 🤖 Target Sheet:    Original
🤖 ================================================================
[original][Desktop - Chrome] 🔌 [Browser Interceptor] Intercepting and optimizing engine: CHROMIUM
[original][Desktop - Chrome] 💻 Emulated Device Profile: DESKTOP - [Desktop - Chrome]
[original][Desktop - Chrome] 🔄 Processing lead for brand: Original
[original][Desktop - Chrome] 📊 Campaign execution run index: 50
[original][Desktop - Chrome] 📅 [Rotational Logic] Week 1 Day 3. Target Range: 500-500 (Max allowed by URL: 500)
[original][Desktop - Chrome] 🔗 [Mobile] Navigating to: https://mlf-1800-trk.com/?a=659&oc=337&c=617&s1=
[original][Android - Chrome] 📋 Trace report successfully saved: traces/original_mobile.zip
[vts-ne-branded][Desktop - Chrome] [STDERR] ⚠️  Attempt 2: Second API returned no DBID. Response: {"status":false,"message":"No record found for cake_id: CAF40C8F"}
[vts-ne-branded][Desktop - Chrome] ⏳ Retrying in 1 second to allow database synchronization...
[vts-ne-branded][Desktop - Chrome] 📡 VTS Original (via Everest) Custom Second API Payload: cake_id=CAF40C8F, domain_name=https://everesttaxrelief.net
[vts-ne-branded][Desktop - Chrome] [STDERR] ⚠️  Attempt 3: Second API returned no DBID. Response: {"status":false,"message":"No record found for cake_id: CAF40C8F"}
[vts-ne-branded][Desktop - Chrome] ⏳ Retrying in 1 second to allow database synchronization...
[vts-ne-branded][Desktop - Chrome] 📡 VTS Original (via Everest) Custom Second API Payload: cake_id=CAF40C8F, domain_name=https://everesttaxrelief.net
[vts-ne-branded][Desktop - Chrome] [STDERR] ⚠️  Attempt 4: Second API returned no DBID. Response: {"status":false,"message":"No record found for cake_id: CAF40C8F"}
[vts-ne-branded][Desktop - Chrome] ⏳ Retrying in 1 second to allow database synchronization...
[original][Desktop - Chrome] ✅ [Mobile] Page loaded successfully
[original][Desktop - Chrome] 💻 [Tablet] Injecting high-fidelity glossy iPad Pro mockup frame...
[original][Desktop - Chrome] 💻 [Tablet] Injecting high-fidelity glossy iPad Pro mockup frame...
[original][Desktop - Chrome] 📝 [Mobile] Starting mobile-specific form filling...
[original][Desktop - Chrome] 🔘 [Mobile] Step 1: Selecting Debt Amount (500)
[original][Desktop - Chrome] 🔘 [Mobile] Found jQuery UI Slider #slider. Setting value via jQuery and DOM evaluation...
[original][Desktop - Chrome] ✅ [Mobile] Set jQuery UI Slider #slider to 500
[vts-ne-branded][Desktop - Chrome] 📡 VTS Original (via Everest) Custom Second API Payload: cake_id=CAF40C8F, domain_name=https://everesttaxrelief.net
[vts-ne-branded][Desktop - Chrome] [STDERR] ⚠️  Attempt 5: Second API returned no DBID. Response: {"status":false,"message":"No record found for cake_id: CAF40C8F"}
[vts-ne-branded][Desktop - Chrome] 📡 [Rest-Assurance] Verifying Lead ID: CAF40C8F via Backend...
[vts-ne-branded][Desktop - Chrome] [STDERR] 🛡️  [Rest-Assurance] VERIFICATION_FAILED: Invalid URL
[original][Desktop - Chrome] 🔘 [Mobile] Clicking active visible button: .next-btn1:visible, .btn-next:visible
[original][Desktop - Chrome] ✅ [Mobile] Clicked: .next-btn1:visible, .btn-next:visible
✅ [3/6/2026, 1:12:23 pm] COMPLETED: original [Android - Chrome][CHROMIUM]

================================================================
🚀 [3/6/2026, 1:12:23 pm] RUNNING: 1800 Fresh Tax (X) Main [ANDROID - CHROME]
🔗 Target URL: https://flmtrk.com/?a=659&oc=696&c=1867&s1=
================================================================
[1800-fresh-tax-x-main][Android - Chrome] 🔌 [Browser Interceptor] Intercepting and optimizing engine: CHROMIUM
[1800-fresh-tax-x-main][Android - Chrome] ◇ injected env (0) from .env // tip: ◈ secrets for agents [www.dotenvx.com]
[1800-fresh-tax-x-main][Android - Chrome] ◇ injected env (0) from .env // tip: ⌘ suppress logs { quiet: true }
[1800-fresh-tax-x-main][Android - Chrome] ◇ injected env (0) from .env // tip: ⌘ enable debugging { debug: true }
[1800-fresh-tax-x-main][Android - Chrome] ◇ injected env (0) from .env // tip: ◈ secrets for agents [www.dotenvx.com]
[1800-fresh-tax-x-main][Android - Chrome] ◇ injected env (0) from .env // tip: ⌘ enable debugging { debug: true }
[1800-fresh-tax-x-main][Android - Chrome] 
🤖 ================================================================
[1800-fresh-tax-x-main][Android - Chrome] 🤖 MASTER RUNNER: LAUNCHING 1800 FRESH TAX (X) MAIN
🤖 Mode:            MOBILE
🤖 Tracking URL:     https://flmtrk.com/?a=659&oc=696&c=1867&s1=
[1800-fresh-tax-x-main][Android - Chrome] 🤖 Target Sheet:    1800 Fresh Tax (X) Main
[1800-fresh-tax-x-main][Android - Chrome] 🤖 ================================================================
[1800-fresh-tax-x-main][Android - Chrome] 🔌 [Browser Interceptor] Intercepting and optimizing engine: CHROMIUM
[vts-ne-branded][Desktop - Chrome] [STDERR] ❌ Critical Google Sheets Error: The caller does not have permission
❌ Failed processing VTS-NE-Branded: Failed to write to Google Sheets
[vts-ne-branded][Desktop - Chrome] 
✅ Execution successfully processed! {
  success: false,
  error: 'Failed to write to Google Sheets',
  brand: 'VTS-NE-Branded'
}
[1800-fresh-tax-x-main][Android - Chrome] 📋 Emulated Device Profile: MOBILE (Pixel 7) - [Android - Chrome]
[original][Desktop - Chrome] 💻 [Tablet] Injecting high-fidelity glossy iPad Pro mockup frame...
[1800-fresh-tax-x-main][Android - Chrome] ⏳ Delaying 200ms to allow responsive layouts to mount...
[original][Desktop - Chrome] 🔘 [Mobile Rotation] Selected: "Gujarat Tax Debt"
[1800-fresh-tax-x-main][Android - Chrome] 🔄 Processing lead for brand: 1800 Fresh Tax (X) Main Mobile
[1800-fresh-tax-x-main][Android - Chrome] 📊 Campaign execution run index: 49
[1800-fresh-tax-x-main][Android - Chrome] 📅 [Rotational Logic] Week 1 Day 3. Target Range: 7500-10000 (Max allowed by URL: 12000)
[1800-fresh-tax-x-main][Android - Chrome] 🔗 [Mobile] Navigating to: https://flmtrk.com/?a=659&oc=696&c=1867&s1=
[vts-ne-branded][Desktop - Chrome] 📋 Trace report successfully saved: traces/vts-ne-branded_desktop.zip
[original][Desktop - Chrome] 🔘 [Mobile Rotation] Selected: "Unemployed"
[original][Desktop - Chrome] ✅ [Mobile] Reached a recognized terminal step. Stopping dynamic traversal.
[original][Desktop - Chrome] 🔘 [Mobile] Step 3: Filling Contact Info (Dynamic Loop)...
[original][Desktop - Chrome] 💻 [Tablet] Injecting high-fidelity glossy iPad Pro mockup frame...
[original][Desktop - Chrome] ✅ [Mobile] Filled First Name: ckmtestpixel
[original][Desktop - Chrome] ✅ [Mobile] Filled Last Name: ckmtestpixel
[original][Desktop - Chrome] ✅ [Mobile] Filled Email: ckmtestpixel@gmail.com
[original][Desktop - Chrome] ✅ [Mobile] Filled Phone: 401-247-1050
[original][Desktop - Chrome] 🔘 [Mobile] Clicking active contact NEXT/SUBMIT button...
[original][Desktop - Chrome] 💻 [Tablet] Injecting high-fidelity glossy iPad Pro mockup frame...
[original][Desktop - Chrome] ✅ [Mobile] Thank you page or lead id detected in URL during contact loop. Exiting contact loop.
🔘 [Mobile] Scanning for additional dynamic steps...
[original][Desktop - Chrome] ✅ [Mobile] Thank you page detected during adaptive submit loop. Exiting loop.
[original][Desktop - Chrome] 🔘 [Mobile] Submitting form
💾 [Mobile] Setting hidden debt fields to: 500
[original][Desktop - Chrome] ⏳ [Mobile] Waiting for submission navigation to complete
✅ [3/6/2026, 1:12:31 pm] COMPLETED: vts-ne-branded [Desktop - Chrome][CHROMIUM]

================================================================
🚀 [3/6/2026, 1:12:31 pm] RUNNING: 1800 Fresh Tax (X) Main [TABLET - CHROME]
🔗 Target URL: https://flmtrk.com/?a=659&oc=696&c=1867&s1=
================================================================
[1800-fresh-tax-x-main][Tablet - Chrome] 🔌 [Browser Interceptor] Intercepting and optimizing engine: CHROMIUM
[1800-fresh-tax-x-main][Tablet - Chrome] ◇ injected env (0) from .env // tip: ⌘ multiple files { path: ['.env.local', '.env'] }
[1800-fresh-tax-x-main][Tablet - Chrome] ◇ injected env (0) from .env // tip: ⌁ auth for agents [www.vestauth.com]
[1800-fresh-tax-x-main][Tablet - Chrome] ◇ injected env (0) from .env // tip: ⌘ custom filepath { path: '/custom/path/.env' }
[1800-fresh-tax-x-main][Android - Chrome] ✅ [Mobile] Page loaded successfully
[1800-fresh-tax-x-main][Android - Chrome] 📱 [Mobile] Injecting high-fidelity glossy Natural Titanium iPhone 17 Pro mockup frame...
[1800-fresh-tax-x-main][Android - Chrome] 📱 [Mobile] Injecting high-fidelity glossy Natural Titanium iPhone 17 Pro mockup frame...
[1800-fresh-tax-x-main][Android - Chrome] 📝 [Mobile] Starting mobile-specific form filling...
[1800-fresh-tax-x-main][Android - Chrome] 🔘 [Mobile] Step 1: Selecting Debt Amount (8,705)
[1800-fresh-tax-x-main][Android - Chrome] 🔘 [Mobile] Found jQuery UI Slider #slider. Setting value via jQuery and DOM evaluation...
[1800-fresh-tax-x-main][Android - Chrome] ✅ [Mobile] Set jQuery UI Slider #slider to 8,705
[1800-fresh-tax-x-main][Android - Chrome] 🔘 [Mobile] Clicking active visible button: .next-btn1:visible, .btn-next:visible
[1800-fresh-tax-x-main][Android - Chrome] ✅ [Mobile] Clicked: .next-btn1:visible, .btn-next:visible
[1800-fresh-tax-x-main][Tablet - Chrome] ◇ injected env (0) from .env // tip: ⌘ override existing { override: true }
[1800-fresh-tax-x-main][Tablet - Chrome] ◇ injected env (0) from .env // tip: ⌘ custom filepath { path: '/custom/path/.env' }
[1800-fresh-tax-x-main][Tablet - Chrome] 
🤖 ================================================================
[1800-fresh-tax-x-main][Tablet - Chrome] 🤖 MASTER RUNNER: LAUNCHING 1800 FRESH TAX (X) MAIN
🤖 Mode:            TABLET
[1800-fresh-tax-x-main][Tablet - Chrome] 🤖 Tracking URL:     https://flmtrk.com/?a=659&oc=696&c=1867&s1=
[1800-fresh-tax-x-main][Tablet - Chrome] 🤖 Target Sheet:    1800 Fresh Tax (X) Main
🤖 ================================================================
[1800-fresh-tax-x-main][Tablet - Chrome] 🔌 [Browser Interceptor] Intercepting and optimizing engine: CHROMIUM
[1800-fresh-tax-x-main][Tablet - Chrome] 📋 Emulated Device Profile: TABLET (iPad Pro 11) - [Tablet - Chrome]
[1800-fresh-tax-x-main][Tablet - Chrome] ⏳ Delaying 200ms to allow responsive layouts to mount...
[1800-fresh-tax-x-main][Tablet - Chrome] 🔄 Processing lead for brand: 1800 Fresh Tax (X) Main Tablet
[1800-fresh-tax-x-main][Tablet - Chrome] 📊 Campaign execution run index: 50
[1800-fresh-tax-x-main][Tablet - Chrome] 📅 [Rotational Logic] Week 1 Day 3. Target Range: 7500-10000 (Max allowed by URL: 12000)
[1800-fresh-tax-x-main][Tablet - Chrome] 🔗 [Mobile] Navigating to: https://flmtrk.com/?a=659&oc=696&c=1867&s1=
[original][Tablet - Chrome] [STDERR] ⚠️ [Mobile] Standard submit buttons not found, consulting AI Agent...
[original][Tablet - Chrome] 🤖 [AI Agent] Analyzing Submit button for global...
[original][Tablet - Chrome] ⏳ [Mobile] Waiting for final Thank You page redirection...
[original][Tablet - Chrome] ✅ [Mobile] Targeted final redirect URL achieved!
[original][Tablet - Chrome] ✅ [Mobile] Final Thank You URL: https://www.1800freshtax.com/thankyou.php
📋 [Pre-Fix] Thank-you URL before debt correction: https://www.1800freshtax.com/thankyou.php
[original][Tablet - Chrome] 💾 [Debt Debug] formPage.selectedSliderAmount = "500"
💾 [Debt Debug] selectedDebtNum (numeric) = "500"
[original][Tablet - Chrome] 🔧 [Debt Fix] Current debt in URL: null, Should be: 500
🔧 [Debt Fix] Correcting debt parameter: null → 500
[original][Tablet - Chrome] ✅ [Debt Fix] Updated thank-you URL: https://www.1800freshtax.com/thankyou.php?debt=500
[original][Tablet - Chrome] 📱 [Mobile Diagnostic] Full Thank You URL Parameters: {"debt":"500"}
[original][Tablet - Chrome] 🔍 [Mobile DOM Deep-Scan] URL ID missing or non-standard (e.g. numeric reqid). Searching for Hex-8 or GUID IDs...
[original][Tablet - Chrome] ✅ [Mobile] Extracted Lead ID: bcb2bbc05f1f11f1b668bd30eff8ced6
[original][Tablet - Chrome] 📱 Device Type detected: Tablet - Chrome
[original][Tablet - Chrome] [STDERR] ❌ Invalid Lead ID format detected: bcb2bbc05f1f11f1b668bd30eff8ced6. Expected 8-char alphanumeric with letters and digits (example: ACAAA01E).
[original][Tablet - Chrome] ✅ Lead captured: bcb2bbc05f1f11f1b668bd30eff8ced6
[original][Tablet - Chrome] 🔧 [URL Fix] Appending leadid=bcb2bbc05f1f11f1b668bd30eff8ced6 to Thank You URL
[original][Tablet - Chrome] 📡 Fetching First API data for Lead ID: bcb2bbc05f1f11f1b668bd30eff8ced6...
[1800-fresh-tax-x-main][Android - Chrome] 📱 [Mobile] Injecting high-fidelity glossy Natural Titanium iPhone 17 Pro mockup frame...
[1800-fresh-tax-x-main][Android - Chrome] 🔘 [Mobile Rotation] Selected: "IRS Tax Debt"
[original][Tablet - Chrome] [STDERR] ❌ First API Attempt 1 failed: Invalid URL
[original][Tablet - Chrome] ⏳ Retrying in 1 second...
[1800-fresh-tax-x-main][Android - Chrome] 🔘 [Mobile Rotation] Selected: "Learn More About Your Tax Debt Relief Options"
[original][Tablet - Chrome] [STDERR] ❌ First API Attempt 2 failed: Invalid URL
[original][Tablet - Chrome] ⏳ Retrying in 1 second...
[1800-fresh-tax-x-main][Android - Chrome] 🔘 [Mobile Rotation] Selected: "$3,000 - $5,000"
[original][Tablet - Chrome] [STDERR] ❌ First API Attempt 3 failed: Invalid URL
[original][Tablet - Chrome] 📡 Fetching Second API data for Lead ID: bcb2bbc05f1f11f1b668bd30eff8ced6...
[original][Tablet - Chrome] 📡 Standard Second API Payload: cake_id=bcb2bbc05f1f11f1b668bd30eff8ced6, domain_name=https://fidelity-tax-defense.net
[original][Tablet - Chrome] [STDERR] ❌ Second API Attempt 1 failed: Invalid URL
[original][Tablet - Chrome] ⏳ Retrying in 1 second to allow database synchronization...
[1800-fresh-tax-x-main][Android - Chrome] ✅ [Mobile] Reached a recognized terminal step. Stopping dynamic traversal.
[1800-fresh-tax-x-main][Android - Chrome] 🔘 [Mobile] Step 2: Selecting State
[1800-fresh-tax-x-main][Android - Chrome] ✅ [Mobile] Selected state dynamically: "Wisconsin"
[1800-fresh-tax-x-main][Android - Chrome] 🔘 [Mobile] Clicking active visible button: .next-btn:visible, .next-btn2:visible, .btn-next:visible
[1800-fresh-tax-x-main][Android - Chrome] ✅ [Mobile] Clicked: .next-btn:visible, .next-btn2:visible, .btn-next:visible
[original][Tablet - Chrome] 📡 Standard Second API Payload: cake_id=bcb2bbc05f1f11f1b668bd30eff8ced6, domain_name=https://fidelity-tax-defense.net
[original][Tablet - Chrome] [STDERR] ❌ Second API Attempt 2 failed: Invalid URL
[original][Tablet - Chrome] ⏳ Retrying in 1 second to allow database synchronization...
[1800-fresh-tax-x-main][Android - Chrome] 📱 [Mobile] Injecting high-fidelity glossy Natural Titanium iPhone 17 Pro mockup frame...
[1800-fresh-tax-x-main][Android - Chrome] 🔘 [Mobile] Step 3: Filling Contact Info (Dynamic Loop)...
[1800-fresh-tax-x-main][Android - Chrome] 📱 [Mobile] Injecting high-fidelity glossy Natural Titanium iPhone 17 Pro mockup frame...
[1800-fresh-tax-x-main][Android - Chrome] ✅ [Mobile] Filled First Name: ckmtestpixel
[1800-fresh-tax-x-main][Android - Chrome] ✅ [Mobile] Filled Last Name: ckmtestpixel
[1800-fresh-tax-x-main][Android - Chrome] 🔘 [Mobile] Clicking active contact NEXT/SUBMIT button...
[1800-fresh-tax-x-main][Tablet - Chrome] ✅ [Mobile] Page loaded successfully
[1800-fresh-tax-x-main][Tablet - Chrome] 💻 [Tablet] Injecting high-fidelity glossy iPad Pro mockup frame...
[1800-fresh-tax-x-main][Tablet - Chrome] 💻 [Tablet] Injecting high-fidelity glossy iPad Pro mockup frame...
[1800-fresh-tax-x-main][Tablet - Chrome] 📝 [Mobile] Starting mobile-specific form filling...
[1800-fresh-tax-x-main][Tablet - Chrome] 🔘 [Mobile] Step 1: Selecting Debt Amount (8,702)
[1800-fresh-tax-x-main][Tablet - Chrome] 🔘 [Mobile] Found jQuery UI Slider #slider. Setting value via jQuery and DOM evaluation...
[original][Tablet - Chrome] 📡 Standard Second API Payload: cake_id=bcb2bbc05f1f11f1b668bd30eff8ced6, domain_name=https://fidelity-tax-defense.net
[original][Tablet - Chrome] [STDERR] ❌ Second API Attempt 3 failed: Invalid URL
[original][Tablet - Chrome] ⏳ Retrying in 1 second to allow database synchronization...
[1800-fresh-tax-x-main][Tablet - Chrome] ✅ [Mobile] Set jQuery UI Slider #slider to 8,702
[1800-fresh-tax-x-main][Tablet - Chrome] 🔘 [Mobile] Clicking active visible button: .next-btn1:visible, .btn-next:visible
[1800-fresh-tax-x-main][Tablet - Chrome] ✅ [Mobile] Clicked: .next-btn1:visible, .btn-next:visible
[original][Tablet - Chrome] 📡 Standard Second API Payload: cake_id=bcb2bbc05f1f11f1b668bd30eff8ced6, domain_name=https://fidelity-tax-defense.net
[original][Tablet - Chrome] [STDERR] ❌ Second API Attempt 4 failed: Invalid URL
[original][Tablet - Chrome] ⏳ Retrying in 1 second to allow database synchronization...
[1800-fresh-tax-x-main][Android - Chrome] 📱 [Mobile] Injecting high-fidelity glossy Natural Titanium iPhone 17 Pro mockup frame...
[1800-fresh-tax-x-main][Tablet - Chrome] 💻 [Tablet] Injecting high-fidelity glossy iPad Pro mockup frame...
[original][Tablet - Chrome] 📡 Standard Second API Payload: cake_id=bcb2bbc05f1f11f1b668bd30eff8ced6, domain_name=https://fidelity-tax-defense.net
[original][Tablet - Chrome] [STDERR] ❌ Second API Attempt 5 failed: Invalid URL
[original][Tablet - Chrome] 📡 [Rest-Assurance] Verifying Lead ID: bcb2bbc05f1f11f1b668bd30eff8ced6 via Backend...
[original][Tablet - Chrome] [STDERR] 🛡️  [Rest-Assurance] VERIFICATION_FAILED: Invalid URL
[1800-fresh-tax-x-main][Android - Chrome] ✅ [Mobile] Filled Email: ckmtestpixel@gmail.com
[1800-fresh-tax-x-main][Android - Chrome] 🔘 [Mobile] Clicking active contact NEXT/SUBMIT button...
[original][Tablet - Chrome] [STDERR] (node:1504) Warning: Setting the NODE_TLS_REJECT_UNAUTHORIZED environment variable to '0' makes TLS connections and HTTPS requests insecure by disabling certificate verification.
(Use `node --trace-warnings ...` to show where the warning was created)
[1800-fresh-tax-x-main][Tablet - Chrome] 🔘 [Mobile Rotation] Selected: "Gujarat Tax Debt"
[1800-fresh-tax-x-main][Tablet - Chrome] 🔘 [Mobile Rotation] Selected: "Less than $3,000"
[original][Tablet - Chrome] [STDERR] ❌ Critical Google Sheets Error: The caller does not have permission
[original][Tablet - Chrome] [STDERR] ❌ Failed processing Original Tablet: Failed to write to Google Sheets
[original][Tablet - Chrome] 
✅ Execution successfully processed! {
  success: false,
  error: 'Failed to write to Google Sheets',
  brand: 'Original Tablet'
}
[1800-fresh-tax-x-main][Tablet - Chrome] ✅ [Mobile] Reached a recognized terminal step. Stopping dynamic traversal.
[1800-fresh-tax-x-main][Tablet - Chrome] 🔘 [Mobile] Step 2: Selecting State
[1800-fresh-tax-x-main][Tablet - Chrome] ✅ [Mobile] Selected state dynamically: "Wyoming"
📝 [Mobile] step3 column set to State: "Wyoming"
[1800-fresh-tax-x-main][Tablet - Chrome] 🔘 [Mobile] Clicking active visible button: .next-btn:visible, .next-btn2:visible, .btn-next:visible
[1800-fresh-tax-x-main][Tablet - Chrome] ✅ [Mobile] Clicked: .next-btn:visible, .next-btn2:visible, .btn-next:visible
[original][Tablet - Chrome] 📋 Trace report successfully saved: traces/original_tablet.zip
[1800-fresh-tax-x-main][Android - Chrome] 📱 [Mobile] Injecting high-fidelity glossy Natural Titanium iPhone 17 Pro mockup frame...
[1800-fresh-tax-x-main][Android - Chrome] ✅ [Mobile] Filled Phone: 401-247-1049
[1800-fresh-tax-x-main][Android - Chrome] 🔘 [Mobile] Clicking active contact NEXT/SUBMIT button...
[1800-fresh-tax-x-main][Tablet - Chrome] 💻 [Tablet] Injecting high-fidelity glossy iPad Pro mockup frame...
[1800-fresh-tax-x-main][Tablet - Chrome] 🔘 [Mobile] Step 3: Filling Contact Info (Dynamic Loop)...
[1800-fresh-tax-x-main][Tablet - Chrome] 💻 [Tablet] Injecting high-fidelity glossy iPad Pro mockup frame...
[1800-fresh-tax-x-main][Tablet - Chrome] ✅ [Mobile] Filled First Name: ckmtestpixel
[1800-fresh-tax-x-main][Tablet - Chrome] ✅ [Mobile] Filled Last Name: ckmtestpixel
[1800-fresh-tax-x-main][Tablet - Chrome] 🔘 [Mobile] Clicking active contact NEXT/SUBMIT button...
[1800-fresh-tax-x-main][Android - Chrome] 📱 [Mobile] Injecting high-fidelity glossy Natural Titanium iPhone 17 Pro mockup frame...
[1800-fresh-tax-x-main][Android - Chrome] [STDERR] ⚠️ [Mobile] Failed to apply glossy iPhone 17 Pro mockup frame overlay: page.evaluate: TypeError: Cannot read properties of null (reading 'appendChild')
    at eval (eval at evaluate (:302:30), <anonymous>:133:23)
    at UtilityScript.evaluate (<anonymous>:304:16)
    at UtilityScript.<anonymous> (<anonymous>:1:44)
[1800-fresh-tax-x-main][Android - Chrome] ✅ [Mobile] Thank you page or lead id detected in URL during contact loop. Exiting contact loop.
🔘 [Mobile] Scanning for additional dynamic steps...
[1800-fresh-tax-x-main][Android - Chrome] ✅ [Mobile] Thank you page detected during adaptive submit loop. Exiting loop.
[1800-fresh-tax-x-main][Android - Chrome] 🔘 [Mobile] Submitting form
[1800-fresh-tax-x-main][Android - Chrome] 💾 [Mobile] Setting hidden debt fields to: 8705
[1800-fresh-tax-x-main][Android - Chrome] ⏳ [Mobile] Waiting for submission navigation to complete
[1800-fresh-tax-x-main][Tablet - Chrome] 💻 [Tablet] Injecting high-fidelity glossy iPad Pro mockup frame...
[1800-fresh-tax-x-main][Tablet - Chrome] ✅ [Mobile] Filled Email: ckmtestpixel@gmail.com
[1800-fresh-tax-x-main][Tablet - Chrome] 🔘 [Mobile] Clicking active contact NEXT/SUBMIT button...
✅ [3/6/2026, 1:12:48 pm] COMPLETED: original [Tablet - Chrome][CHROMIUM]

================================================================
🚀 [3/6/2026, 1:12:48 pm] RUNNING: 1800 Fresh Tax (X) Main [DESKTOP - CHROME]
🔗 Target URL: https://flmtrk.com/?a=659&oc=696&c=1867&s1=
================================================================
[1800-fresh-tax-x-main][Tablet - Chrome] 💻 [Tablet] Injecting high-fidelity glossy iPad Pro mockup frame...
[1800-fresh-tax-x-main][Tablet - Chrome] ✅ [Mobile] Filled Phone: 401-247-1050
[1800-fresh-tax-x-main][Tablet - Chrome] 🔘 [Mobile] Clicking active contact NEXT/SUBMIT button...
[1800-fresh-tax-x-main][Desktop - Chrome] 🔌 [Browser Interceptor] Intercepting and optimizing engine: CHROMIUM
[1800-fresh-tax-x-main][Desktop - Chrome] ◇ injected env (0) from .env // tip: ⌘ enable debugging { debug: true }
[1800-fresh-tax-x-main][Desktop - Chrome] ◇ injected env (0) from .env // tip: ⌘ override existing { override: true }
[1800-fresh-tax-x-main][Desktop - Chrome] ◇ injected env (0) from .env // tip: ◈ secrets for agents [www.dotenvx.com]
[original][Desktop - Chrome] [STDERR] ⚠️ [Mobile] Standard submit buttons not found, consulting AI Agent...
[original][Desktop - Chrome] 🤖 [AI Agent] Analyzing Submit button for global...
[original][Desktop - Chrome] ⏳ [Mobile] Waiting for final Thank You page redirection...
[original][Desktop - Chrome] ✅ [Mobile] Targeted final redirect URL achieved!
[original][Desktop - Chrome] ✅ [Mobile] Final Thank You URL: https://www.1800freshtax.com/thankyou.php
📋 [Pre-Fix] Thank-you URL before debt correction: https://www.1800freshtax.com/thankyou.php
[original][Desktop - Chrome] 💾 [Debt Debug] formPage.selectedSliderAmount = "500"
💾 [Debt Debug] selectedDebtNum (numeric) = "500"
[original][Desktop - Chrome] 🔧 [Debt Fix] Current debt in URL: null, Should be: 500
[original][Desktop - Chrome] 🔧 [Debt Fix] Correcting debt parameter: null → 500
[original][Desktop - Chrome] ✅ [Debt Fix] Updated thank-you URL: https://www.1800freshtax.com/thankyou.php?debt=500
[original][Desktop - Chrome] 📱 [Mobile Diagnostic] Full Thank You URL Parameters: {"debt":"500"}
[original][Desktop - Chrome] 🔍 [Mobile DOM Deep-Scan] URL ID missing or non-standard (e.g. numeric reqid). Searching for Hex-8 or GUID IDs...
[original][Desktop - Chrome] ✅ [Mobile] Extracted Lead ID: c5b299605f1f11f182235f6ed99a5c4f
[original][Desktop - Chrome] 📱 Device Type detected: Desktop - Chrome
[original][Desktop - Chrome] [STDERR] ❌ Invalid Lead ID format detected: c5b299605f1f11f182235f6ed99a5c4f. Expected 8-char alphanumeric with letters and digits (example: ACAAA01E).
[original][Desktop - Chrome] ✅ Lead captured: c5b299605f1f11f182235f6ed99a5c4f
[original][Desktop - Chrome] 🔧 [URL Fix] Appending leadid=c5b299605f1f11f182235f6ed99a5c4f to Thank You URL
[original][Desktop - Chrome] 📡 Fetching First API data for Lead ID: c5b299605f1f11f182235f6ed99a5c4f...
[1800-fresh-tax-x-main][Desktop - Chrome] ◇ injected env (0) from .env // tip: ⌘ multiple files { path: ['.env.local', '.env'] }
[1800-fresh-tax-x-main][Desktop - Chrome] ◇ injected env (0) from .env // tip: ⌘ enable debugging { debug: true }
[1800-fresh-tax-x-main][Desktop - Chrome] 
🤖 ================================================================
🤖 MASTER RUNNER: LAUNCHING 1800 FRESH TAX (X) MAIN
[1800-fresh-tax-x-main][Desktop - Chrome] 🤖 Mode:            DESKTOP
🤖 Tracking URL:     https://flmtrk.com/?a=659&oc=696&c=1867&s1=
[1800-fresh-tax-x-main][Desktop - Chrome] 🤖 Target Sheet:    1800 Fresh Tax (X) Main
🤖 ================================================================
[1800-fresh-tax-x-main][Desktop - Chrome] 🔌 [Browser Interceptor] Intercepting and optimizing engine: CHROMIUM
[1800-fresh-tax-x-main][Desktop - Chrome] 💻 Emulated Device Profile: DESKTOP - [Desktop - Chrome]
[original][Desktop - Chrome] [STDERR] ❌ First API Attempt 1 failed: Invalid URL
[original][Desktop - Chrome] ⏳ Retrying in 1 second...
[1800-fresh-tax-x-main][Desktop - Chrome] 🔄 Processing lead for brand: 1800 Fresh Tax (X) Main
[1800-fresh-tax-x-main][Desktop - Chrome] 📊 Campaign execution run index: 51
[1800-fresh-tax-x-main][Desktop - Chrome] 📅 [Rotational Logic] Week 1 Day 3. Target Range: 7500-10000 (Max allowed by URL: 12000)
[1800-fresh-tax-x-main][Desktop - Chrome] 🔗 [Mobile] Navigating to: https://flmtrk.com/?a=659&oc=696&c=1867&s1=
[original][Desktop - Chrome] [STDERR] ❌ First API Attempt 2 failed: Invalid URL
[original][Desktop - Chrome] ⏳ Retrying in 1 second...
[original][Desktop - Chrome] [STDERR] ❌ First API Attempt 3 failed: Invalid URL
[original][Desktop - Chrome] 📡 Fetching Second API data for Lead ID: c5b299605f1f11f182235f6ed99a5c4f...
[original][Desktop - Chrome] 📡 Standard Second API Payload: cake_id=c5b299605f1f11f182235f6ed99a5c4f, domain_name=https://fidelity-tax-defense.net
[original][Desktop - Chrome] [STDERR] ❌ Second API Attempt 1 failed: Invalid URL
[original][Desktop - Chrome] ⏳ Retrying in 1 second to allow database synchronization...
[1800-fresh-tax-x-main][Tablet - Chrome] 💻 [Tablet] Injecting high-fidelity glossy iPad Pro mockup frame...
[1800-fresh-tax-x-main][Tablet - Chrome] [STDERR] ⚠️ [Tablet] Failed to apply glossy iPad Pro mockup frame overlay: page.evaluate: TypeError: Cannot read properties of null (reading 'appendChild')
    at eval (eval at evaluate (:302:30), <anonymous>:104:23)
    at UtilityScript.evaluate (<anonymous>:304:16)
    at UtilityScript.<anonymous> (<anonymous>:1:44)
[1800-fresh-tax-x-main][Tablet - Chrome] ✅ [Mobile] Thank you page or lead id detected in URL during contact loop. Exiting contact loop.
[1800-fresh-tax-x-main][Tablet - Chrome] 🔘 [Mobile] Scanning for additional dynamic steps...
[1800-fresh-tax-x-main][Tablet - Chrome] ✅ [Mobile] Thank you page detected during adaptive submit loop. Exiting loop.
[1800-fresh-tax-x-main][Tablet - Chrome] 🔘 [Mobile] Submitting form
[1800-fresh-tax-x-main][Tablet - Chrome] 💾 [Mobile] Setting hidden debt fields to: 8702
[original][Desktop - Chrome] 📡 Standard Second API Payload: cake_id=c5b299605f1f11f182235f6ed99a5c4f, domain_name=https://fidelity-tax-defense.net
[original][Desktop - Chrome] [STDERR] ❌ Second API Attempt 2 failed: Invalid URL
[original][Desktop - Chrome] ⏳ Retrying in 1 second to allow database synchronization...
[1800-fresh-tax-x-main][Tablet - Chrome] ⏳ [Mobile] Waiting for submission navigation to complete
[original][Desktop - Chrome] 📡 Standard Second API Payload: cake_id=c5b299605f1f11f182235f6ed99a5c4f, domain_name=https://fidelity-tax-defense.net
[original][Desktop - Chrome] [STDERR] ❌ Second API Attempt 3 failed: Invalid URL
[original][Desktop - Chrome] ⏳ Retrying in 1 second to allow database synchronization...
[1800-fresh-tax-x-main][Desktop - Chrome] ✅ [Mobile] Page loaded successfully
[1800-fresh-tax-x-main][Desktop - Chrome] 💻 [Tablet] Injecting high-fidelity glossy iPad Pro mockup frame...
[1800-fresh-tax-x-main][Desktop - Chrome] 💻 [Tablet] Injecting high-fidelity glossy iPad Pro mockup frame...
[1800-fresh-tax-x-main][Desktop - Chrome] 📝 [Mobile] Starting mobile-specific form filling...
[1800-fresh-tax-x-main][Desktop - Chrome] 🔘 [Mobile] Step 1: Selecting Debt Amount (8,898)
[1800-fresh-tax-x-main][Desktop - Chrome] 🔘 [Mobile] Found jQuery UI Slider #slider. Setting value via jQuery and DOM evaluation...
[1800-fresh-tax-x-main][Desktop - Chrome] ✅ [Mobile] Set jQuery UI Slider #slider to 8,898
[original][Desktop - Chrome] 📡 Standard Second API Payload: cake_id=c5b299605f1f11f182235f6ed99a5c4f, domain_name=https://fidelity-tax-defense.net
[original][Desktop - Chrome] [STDERR] ❌ Second API Attempt 4 failed: Invalid URL
[original][Desktop - Chrome] ⏳ Retrying in 1 second to allow database synchronization...
[1800-fresh-tax-x-main][Desktop - Chrome] 🔘 [Mobile] Clicking active visible button: .next-btn1:visible, .btn-next:visible
[1800-fresh-tax-x-main][Desktop - Chrome] ✅ [Mobile] Clicked: .next-btn1:visible, .btn-next:visible
[original][Desktop - Chrome] 📡 Standard Second API Payload: cake_id=c5b299605f1f11f182235f6ed99a5c4f, domain_name=https://fidelity-tax-defense.net
[original][Desktop - Chrome] [STDERR] ❌ Second API Attempt 5 failed: Invalid URL
[original][Desktop - Chrome] 📡 [Rest-Assurance] Verifying Lead ID: c5b299605f1f11f182235f6ed99a5c4f via Backend...
[original][Desktop - Chrome] [STDERR] 🛡️  [Rest-Assurance] VERIFICATION_FAILED: Invalid URL
[original][Desktop - Chrome] [STDERR] (node:8004) Warning: Setting the NODE_TLS_REJECT_UNAUTHORIZED environment variable to '0' makes TLS connections and HTTPS requests insecure by disabling certificate verification.
(Use `node --trace-warnings ...` to show where the warning was created)
[1800-fresh-tax-x-main][Desktop - Chrome] 💻 [Tablet] Injecting high-fidelity glossy iPad Pro mockup frame...
[1800-fresh-tax-x-main][Desktop - Chrome] 🔘 [Mobile Rotation] Selected: "Other"
[1800-fresh-tax-x-main][Desktop - Chrome] 🔘 [Mobile Rotation] Selected: "$3,000 - $5,000"
[1800-fresh-tax-x-main][Desktop - Chrome] 🔘 [Mobile Rotation] Selected: "Learn More About Your Tax Debt Relief Options"
[1800-fresh-tax-x-main][Desktop - Chrome] 🔘 [Mobile Rotation] Selected: "Less than $3,000"
[original][Desktop - Chrome] [STDERR] ❌ Critical Google Sheets Error: The caller does not have permission
[original][Desktop - Chrome] [STDERR] ❌ Failed processing Original: Failed to write to Google Sheets
[original][Desktop - Chrome] 
✅ Execution successfully processed! {
  success: false,
  error: 'Failed to write to Google Sheets',
  brand: 'Original'
}
[original][Desktop - Chrome] 📋 Trace report successfully saved: traces/original_desktop.zip
[1800-fresh-tax-x-main][Desktop - Chrome] ✅ [Mobile] Reached a recognized terminal step. Stopping dynamic traversal.
[1800-fresh-tax-x-main][Desktop - Chrome] 🔘 [Mobile] Step 2: Selecting State
[1800-fresh-tax-x-main][Desktop - Chrome] ✅ [Mobile] Selected state dynamically: "Alabama"
[1800-fresh-tax-x-main][Desktop - Chrome] 🔘 [Mobile] Clicking active visible button: .next-btn:visible, .next-btn2:visible, .btn-next:visible
[1800-fresh-tax-x-main][Desktop - Chrome] ✅ [Mobile] Clicked: .next-btn:visible, .next-btn2:visible, .btn-next:visible
[1800-fresh-tax-x-main][Desktop - Chrome] 💻 [Tablet] Injecting high-fidelity glossy iPad Pro mockup frame...
[1800-fresh-tax-x-main][Desktop - Chrome] 🔘 [Mobile] Step 3: Filling Contact Info (Dynamic Loop)...
[1800-fresh-tax-x-main][Desktop - Chrome] 💻 [Tablet] Injecting high-fidelity glossy iPad Pro mockup frame...
[1800-fresh-tax-x-main][Desktop - Chrome] ✅ [Mobile] Filled First Name: ckmtestpixel
[1800-fresh-tax-x-main][Desktop - Chrome] ✅ [Mobile] Filled Last Name: ckmtestpixel
[1800-fresh-tax-x-main][Desktop - Chrome] 🔘 [Mobile] Clicking active contact NEXT/SUBMIT button...
[1800-fresh-tax-x-main][Desktop - Chrome] 💻 [Tablet] Injecting high-fidelity glossy iPad Pro mockup frame...
[1800-fresh-tax-x-main][Desktop - Chrome] ✅ [Mobile] Filled Email: ckmtestpixel@gmail.com
[1800-fresh-tax-x-main][Desktop - Chrome] 🔘 [Mobile] Clicking active contact NEXT/SUBMIT button...
✅ [3/6/2026, 1:13:05 pm] COMPLETED: original [Desktop - Chrome][CHROMIUM]

================================================================
🚀 [3/6/2026, 1:13:05 pm] RUNNING: FSI - MAIN [ANDROID - CHROME]
🔗 Target URL: https://fsimlf-trk.com/?a=659&oc=159&c=111&s1=
================================================================
[fsi-main][Android - Chrome] 🔌 [Browser Interceptor] Intercepting and optimizing engine: CHROMIUM
[fsi-main][Android - Chrome] ◇ injected env (0) from .env // tip: ⌘ suppress logs { quiet: true }
[fsi-main][Android - Chrome] ◇ injected env (0) from .env // tip: ⌘ suppress logs { quiet: true }
[fsi-main][Android - Chrome] ◇ injected env (0) from .env // tip: ⌘ multiple files { path: ['.env.local', '.env'] }
[1800-fresh-tax-x-main][Android - Chrome] [STDERR] ⚠️ [Mobile] Standard submit buttons not found, consulting AI Agent...
[1800-fresh-tax-x-main][Android - Chrome] 🤖 [AI Agent] Analyzing Submit button for global...
[1800-fresh-tax-x-main][Android - Chrome] ⏳ [Mobile] Waiting for final Thank You page redirection...
[1800-fresh-tax-x-main][Android - Chrome] ✅ [Mobile] Targeted final redirect URL achieved!
[1800-fresh-tax-x-main][Android - Chrome] ✅ [Mobile] Final Thank You URL: https://www.1800freshtax.com/thankyou_ts_checklist.php?debt=8705&leadid=EC36345F&reqid=26857163&affid=659&subid=#s1#
📋 [Pre-Fix] Thank-you URL before debt correction: https://www.1800freshtax.com/thankyou_ts_checklist.php?debt=8705&leadid=EC36345F&reqid=26857163&affid=659&subid=#s1#
[1800-fresh-tax-x-main][Android - Chrome] 💾 [Debt Debug] formPage.selectedSliderAmount = "8,705"
💾 [Debt Debug] selectedDebtNum (numeric) = "8705"
[1800-fresh-tax-x-main][Android - Chrome] 🔧 [Debt Fix] Current debt in URL: 8705, Should be: 8705
✅ [Debt Fix] Debt parameter already correct
[1800-fresh-tax-x-main][Android - Chrome] 📱 [Mobile Diagnostic] Full Thank You URL Parameters: {"debt":"8705","leadid":"EC36345F","reqid":"26857163","affid":"659","subid":""}
[1800-fresh-tax-x-main][Android - Chrome] ✅ [Mobile] Extracted Lead ID: EC36345F
[1800-fresh-tax-x-main][Android - Chrome] 📱 Device Type detected: Android - Chrome
[1800-fresh-tax-x-main][Android - Chrome] ✅ Lead captured: EC36345F
[1800-fresh-tax-x-main][Android - Chrome] 📡 Fetching First API data for Lead ID: EC36345F...
[1800-fresh-tax-x-main][Desktop - Chrome] 💻 [Tablet] Injecting high-fidelity glossy iPad Pro mockup frame...
[fsi-main][Android - Chrome] ◇ injected env (0) from .env // tip: ⌘ custom filepath { path: '/custom/path/.env' }
[fsi-main][Android - Chrome] ◇ injected env (0) from .env // tip: ◈ secrets for agents [www.dotenvx.com]
[fsi-main][Android - Chrome] 
🤖 ================================================================
🤖 MASTER RUNNER: LAUNCHING FSI - MAIN
[fsi-main][Android - Chrome] 🤖 Mode:            MOBILE
🤖 Tracking URL:     https://fsimlf-trk.com/?a=659&oc=159&c=111&s1=
🤖 Target Sheet:    FSI - MAIN
🤖 ================================================================
[fsi-main][Android - Chrome] 🔌 [Browser Interceptor] Intercepting and optimizing engine: CHROMIUM
[1800-fresh-tax-x-main][Desktop - Chrome] ✅ [Mobile] Filled Phone: 401-247-1051
[1800-fresh-tax-x-main][Android - Chrome] [STDERR] ❌ First API Attempt 1 failed: Invalid URL
[1800-fresh-tax-x-main][Android - Chrome] ⏳ Retrying in 1 second...
[1800-fresh-tax-x-main][Desktop - Chrome] 🔘 [Mobile] Clicking active contact NEXT/SUBMIT button...
[fsi-main][Android - Chrome] 📋 Emulated Device Profile: MOBILE (Pixel 7) - [Android - Chrome]
[fsi-main][Android - Chrome] ⏳ Delaying 200ms to allow responsive layouts to mount...
[fsi-main][Android - Chrome] 🔄 Processing lead for brand: FSI - MAIN Mobile
[fsi-main][Android - Chrome] 📊 Campaign execution run index: 48
[fsi-main][Android - Chrome] 📅 [Rotational Logic] Week 1 Day 3. Target Range: 7500-10000 (Max allowed by URL: 25000)
[fsi-main][Android - Chrome] 🔗 [Mobile] Navigating to: https://fsimlf-trk.com/?a=659&oc=159&c=111&s1=
[1800-fresh-tax-x-main][Android - Chrome] [STDERR] ❌ First API Attempt 2 failed: Invalid URL
[1800-fresh-tax-x-main][Android - Chrome] ⏳ Retrying in 1 second...
[1800-fresh-tax-x-main][Android - Chrome] [STDERR] ❌ First API Attempt 3 failed: Invalid URL
[1800-fresh-tax-x-main][Android - Chrome] 📡 Fetching Second API data for Lead ID: EC36345F...
[1800-fresh-tax-x-main][Android - Chrome] 📡 Standard Second API Payload: cake_id=EC36345F, domain_name=https://www.1800freshtax.com
[1800-fresh-tax-x-main][Android - Chrome] [STDERR] ❌ Second API Attempt 1 failed: Invalid URL
[1800-fresh-tax-x-main][Android - Chrome] ⏳ Retrying in 1 second to allow database synchronization...
[1800-fresh-tax-x-main][Android - Chrome] 📡 Standard Second API Payload: cake_id=EC36345F, domain_name=https://www.1800freshtax.com
[1800-fresh-tax-x-main][Android - Chrome] [STDERR] ❌ Second API Attempt 2 failed: Invalid URL
[1800-fresh-tax-x-main][Android - Chrome] ⏳ Retrying in 1 second to allow database synchronization...
[1800-fresh-tax-x-main][Android - Chrome] 📡 Standard Second API Payload: cake_id=EC36345F, domain_name=https://www.1800freshtax.com
[1800-fresh-tax-x-main][Android - Chrome] [STDERR] ❌ Second API Attempt 3 failed: Invalid URL
[1800-fresh-tax-x-main][Android - Chrome] ⏳ Retrying in 1 second to allow database synchronization...
[1800-fresh-tax-x-main][Android - Chrome] 📡 Standard Second API Payload: cake_id=EC36345F, domain_name=https://www.1800freshtax.com
[1800-fresh-tax-x-main][Android - Chrome] [STDERR] ❌ Second API Attempt 4 failed: Invalid URL
[1800-fresh-tax-x-main][Android - Chrome] ⏳ Retrying in 1 second to allow database synchronization...
[1800-fresh-tax-x-main][Desktop - Chrome] 💻 [Tablet] Injecting high-fidelity glossy iPad Pro mockup frame...
[1800-fresh-tax-x-main][Desktop - Chrome] ✅ [Mobile] Thank you page or lead id detected in URL during contact loop. Exiting contact loop.
🔘 [Mobile] Scanning for additional dynamic steps...
[1800-fresh-tax-x-main][Desktop - Chrome] ✅ [Mobile] Thank you page detected during adaptive submit loop. Exiting loop.
[1800-fresh-tax-x-main][Desktop - Chrome] 🔘 [Mobile] Submitting form
[1800-fresh-tax-x-main][Desktop - Chrome] 💾 [Mobile] Setting hidden debt fields to: 8898
[1800-fresh-tax-x-main][Desktop - Chrome] ⏳ [Mobile] Waiting for submission navigation to complete
[1800-fresh-tax-x-main][Android - Chrome] 📡 Standard Second API Payload: cake_id=EC36345F, domain_name=https://www.1800freshtax.com
[1800-fresh-tax-x-main][Android - Chrome] [STDERR] ❌ Second API Attempt 5 failed: Invalid URL
[1800-fresh-tax-x-main][Android - Chrome] 📡 [Rest-Assurance] Verifying Lead ID: EC36345F via Backend...
[1800-fresh-tax-x-main][Android - Chrome] [STDERR] 🛡️  [Rest-Assurance] VERIFICATION_FAILED: Invalid URL
[1800-fresh-tax-x-main][Android - Chrome] [STDERR] (node:35376) Warning: Setting the NODE_TLS_REJECT_UNAUTHORIZED environment variable to '0' makes TLS connections and HTTPS requests insecure by disabling certificate verification.
(Use `node --trace-warnings ...` to show where the warning was created)
[fsi-main][Android - Chrome] ✅ [Mobile] Page loaded successfully
[fsi-main][Android - Chrome] 📱 [Mobile] Injecting high-fidelity glossy Natural Titanium iPhone 17 Pro mockup frame...
[fsi-main][Android - Chrome] 📱 [Mobile] Injecting high-fidelity glossy Natural Titanium iPhone 17 Pro mockup frame...
[fsi-main][Android - Chrome] 📝 [Mobile] Starting mobile-specific form filling...
[fsi-main][Android - Chrome] 🔘 [Mobile] Step 1: Selecting Debt Amount (9,511)
[fsi-main][Android - Chrome] 🔘 [Mobile] Found jQuery UI Slider #slider. Setting value via jQuery and DOM evaluation...
[fsi-main][Android - Chrome] ✅ [Mobile] Set jQuery UI Slider #slider to 9,511
[fsi-main][Android - Chrome] 🔘 [Mobile] Clicking fallback button: button:has-text("NEXT"):visible
[fsi-main][Android - Chrome] ✅ [Mobile] Clicked fallback: button:has-text("NEXT"):visible
[1800-fresh-tax-x-main][Tablet - Chrome] [STDERR] ⚠️ [Mobile] Standard submit buttons not found, consulting AI Agent...
[1800-fresh-tax-x-main][Tablet - Chrome] 🤖 [AI Agent] Analyzing Submit button for global...
[1800-fresh-tax-x-main][Tablet - Chrome] ⏳ [Mobile] Waiting for final Thank You page redirection...
[1800-fresh-tax-x-main][Tablet - Chrome] ✅ [Mobile] Targeted final redirect URL achieved!
[1800-fresh-tax-x-main][Tablet - Chrome] ✅ [Mobile] Final Thank You URL: https://www.1800freshtax.com/thankyou_ts_checklist.php?debt=8702&leadid=B81D1F34&reqid=26857164&affid=659&subid=#s1#
📋 [Pre-Fix] Thank-you URL before debt correction: https://www.1800freshtax.com/thankyou_ts_checklist.php?debt=8702&leadid=B81D1F34&reqid=26857164&affid=659&subid=#s1#
[1800-fresh-tax-x-main][Tablet - Chrome] 💾 [Debt Debug] formPage.selectedSliderAmount = "8,702"
💾 [Debt Debug] selectedDebtNum (numeric) = "8702"
[1800-fresh-tax-x-main][Tablet - Chrome] 🔧 [Debt Fix] Current debt in URL: 8702, Should be: 8702
✅ [Debt Fix] Debt parameter already correct
[1800-fresh-tax-x-main][Tablet - Chrome] 📱 [Mobile Diagnostic] Full Thank You URL Parameters: {"debt":"8702","leadid":"B81D1F34","reqid":"26857164","affid":"659","subid":""}
[1800-fresh-tax-x-main][Tablet - Chrome] ✅ [Mobile] Extracted Lead ID: B81D1F34
[1800-fresh-tax-x-main][Tablet - Chrome] 📱 Device Type detected: Tablet - Chrome
[1800-fresh-tax-x-main][Tablet - Chrome] ✅ Lead captured: B81D1F34
[1800-fresh-tax-x-main][Tablet - Chrome] 📡 Fetching First API data for Lead ID: B81D1F34...
[1800-fresh-tax-x-main][Tablet - Chrome] [STDERR] ❌ First API Attempt 1 failed: Invalid URL
[1800-fresh-tax-x-main][Tablet - Chrome] ⏳ Retrying in 1 second...
[fsi-main][Android - Chrome] 📱 [Mobile] Injecting high-fidelity glossy Natural Titanium iPhone 17 Pro mockup frame...
[1800-fresh-tax-x-main][Tablet - Chrome] [STDERR] ❌ First API Attempt 2 failed: Invalid URL
[1800-fresh-tax-x-main][Tablet - Chrome] ⏳ Retrying in 1 second...
[fsi-main][Android - Chrome] 🔘 [Mobile Rotation] Selected: "IRS Back Tax"
[1800-fresh-tax-x-main][Tablet - Chrome] [STDERR] ❌ First API Attempt 3 failed: Invalid URL
[1800-fresh-tax-x-main][Tablet - Chrome] 📡 Fetching Second API data for Lead ID: B81D1F34...
[1800-fresh-tax-x-main][Tablet - Chrome] 📡 Standard Second API Payload: cake_id=B81D1F34, domain_name=https://www.1800freshtax.com
[1800-fresh-tax-x-main][Tablet - Chrome] [STDERR] ❌ Second API Attempt 1 failed: Invalid URL
[1800-fresh-tax-x-main][Tablet - Chrome] ⏳ Retrying in 1 second to allow database synchronization...
[fsi-main][Android - Chrome] 🔘 [Mobile Rotation] Selected: "Employed (Full/Part Time)"
[fsi-main][Android - Chrome] ✅ [Mobile] Reached a recognized terminal step. Stopping dynamic traversal.
[fsi-main][Android - Chrome] 🔘 [Mobile] Step 2: Selecting State
[fsi-main][Android - Chrome] ✅ [Mobile] Selected state dynamically: "West Virginia"
[fsi-main][Android - Chrome] 📝 [Mobile] step3 column set to State: "West Virginia"
[fsi-main][Android - Chrome] 🔘 [Mobile] Clicking active visible button: .next-btn:visible, .next-btn2:visible, .btn-next:visible
[fsi-main][Android - Chrome] ✅ [Mobile] Clicked: .next-btn:visible, .next-btn2:visible, .btn-next:visible
[1800-fresh-tax-x-main][Tablet - Chrome] 📡 Standard Second API Payload: cake_id=B81D1F34, domain_name=https://www.1800freshtax.com
[1800-fresh-tax-x-main][Tablet - Chrome] [STDERR] ❌ Second API Attempt 2 failed: Invalid URL
[1800-fresh-tax-x-main][Tablet - Chrome] ⏳ Retrying in 1 second to allow database synchronization...
[1800-fresh-tax-x-main][Tablet - Chrome] 📡 Standard Second API Payload: cake_id=B81D1F34, domain_name=https://www.1800freshtax.com
[1800-fresh-tax-x-main][Tablet - Chrome] [STDERR] ❌ Second API Attempt 3 failed: Invalid URL
[1800-fresh-tax-x-main][Tablet - Chrome] ⏳ Retrying in 1 second to allow database synchronization...
[1800-fresh-tax-x-main][Android - Chrome] [STDERR] ❌ Critical Google Sheets Error: The caller does not have permission
[1800-fresh-tax-x-main][Android - Chrome] [STDERR] ❌ Failed processing 1800 Fresh Tax (X) Main Mobile: Failed to write to Google Sheets
[1800-fresh-tax-x-main][Android - Chrome] 
✅ Execution successfully processed! {
  success: false,
  error: 'Failed to write to Google Sheets',
  brand: '1800 Fresh Tax (X) Main Mobile'
}
[fsi-main][Android - Chrome] 📱 [Mobile] Injecting high-fidelity glossy Natural Titanium iPhone 17 Pro mockup frame...
[fsi-main][Android - Chrome] 🔘 [Mobile] Step 3: Filling Contact Info (Dynamic Loop)...
[fsi-main][Android - Chrome] 📱 [Mobile] Injecting high-fidelity glossy Natural Titanium iPhone 17 Pro mockup frame...
[fsi-main][Android - Chrome] ✅ [Mobile] Filled First Name: ckmtestpixel
[fsi-main][Android - Chrome] ✅ [Mobile] Filled Last Name: ckmtestpixel
[fsi-main][Android - Chrome] 🔘 [Mobile] Clicking active contact NEXT/SUBMIT button...
[1800-fresh-tax-x-main][Android - Chrome] 📋 Trace report successfully saved: traces/1800-fresh-tax-x-main_mobile.zip
[1800-fresh-tax-x-main][Tablet - Chrome] 📡 Standard Second API Payload: cake_id=B81D1F34, domain_name=https://www.1800freshtax.com
[1800-fresh-tax-x-main][Tablet - Chrome] [STDERR] ❌ Second API Attempt 4 failed: Invalid URL
[1800-fresh-tax-x-main][Tablet - Chrome] ⏳ Retrying in 1 second to allow database synchronization...
[1800-fresh-tax-x-main][Tablet - Chrome] 📡 Standard Second API Payload: cake_id=B81D1F34, domain_name=https://www.1800freshtax.com
[1800-fresh-tax-x-main][Tablet - Chrome] [STDERR] ❌ Second API Attempt 5 failed: Invalid URL
[1800-fresh-tax-x-main][Tablet - Chrome] 📡 [Rest-Assurance] Verifying Lead ID: B81D1F34 via Backend...
[1800-fresh-tax-x-main][Tablet - Chrome] [STDERR] 🛡️  [Rest-Assurance] VERIFICATION_FAILED: Invalid URL
[1800-fresh-tax-x-main][Tablet - Chrome] [STDERR] (node:19276) Warning: Setting the NODE_TLS_REJECT_UNAUTHORIZED environment variable to '0' makes TLS connections and HTTPS requests insecure by disabling certificate verification.
(Use `node --trace-warnings ...` to show where the warning was created)
[fsi-main][Android - Chrome] 📱 [Mobile] Injecting high-fidelity glossy Natural Titanium iPhone 17 Pro mockup frame...
[fsi-main][Android - Chrome] ✅ [Mobile] Filled Email: ckmtestpixel@gmail.com
[fsi-main][Android - Chrome] 🔘 [Mobile] Clicking active contact NEXT/SUBMIT button...
[1800-fresh-tax-x-main][Tablet - Chrome] [STDERR] ❌ Critical Google Sheets Error: The caller does not have permission
[1800-fresh-tax-x-main][Tablet - Chrome] [STDERR] ❌ Failed processing 1800 Fresh Tax (X) Main Tablet: Failed to write to Google Sheets
[1800-fresh-tax-x-main][Tablet - Chrome] 
✅ Execution successfully processed! {
  success: false,
  error: 'Failed to write to Google Sheets',
  brand: '1800 Fresh Tax (X) Main Tablet'
}
[1800-fresh-tax-x-main][Tablet - Chrome] 📋 Trace report successfully saved: traces/1800-fresh-tax-x-main_tablet.zip
[fsi-main][Android - Chrome] 📱 [Mobile] Injecting high-fidelity glossy Natural Titanium iPhone 17 Pro mockup frame...
[fsi-main][Android - Chrome] ✅ [Mobile] Filled Phone: 401-247-1048
[fsi-main][Android - Chrome] 🔘 [Mobile] Clicking active contact NEXT/SUBMIT button...
✅ [3/6/2026, 1:13:24 pm] COMPLETED: 1800-fresh-tax-x-main [Android - Chrome][CHROMIUM]

================================================================
🚀 [3/6/2026, 1:13:24 pm] RUNNING: FSI - MAIN [TABLET - CHROME]
🔗 Target URL: https://fsimlf-trk.com/?a=659&oc=159&c=111&s1=
================================================================
[fsi-main][Tablet - Chrome] 🔌 [Browser Interceptor] Intercepting and optimizing engine: CHROMIUM
[fsi-main][Tablet - Chrome] ◇ injected env (0) from .env // tip: ⌘ multiple files { path: ['.env.local', '.env'] }
[fsi-main][Tablet - Chrome] ◇ injected env (0) from .env // tip: ◈ secrets for agents [www.dotenvx.com]
[fsi-main][Tablet - Chrome] ◇ injected env (0) from .env // tip: ⌘ multiple files { path: ['.env.local', '.env'] }
[fsi-main][Tablet - Chrome] ◇ injected env (0) from .env // tip: ◈ secrets for agents [www.dotenvx.com]
[fsi-main][Tablet - Chrome] ◇ injected env (0) from .env // tip: ◈ secrets for agents [www.dotenvx.com]
[fsi-main][Tablet - Chrome] 
🤖 ================================================================
[fsi-main][Tablet - Chrome] 🤖 MASTER RUNNER: LAUNCHING FSI - MAIN
🤖 Mode:            TABLET
[fsi-main][Tablet - Chrome] 🤖 Tracking URL:     https://fsimlf-trk.com/?a=659&oc=159&c=111&s1=
[fsi-main][Tablet - Chrome] 🤖 Target Sheet:    FSI - MAIN
🤖 ================================================================
[fsi-main][Tablet - Chrome] 🔌 [Browser Interceptor] Intercepting and optimizing engine: CHROMIUM
[fsi-main][Tablet - Chrome] 📋 Emulated Device Profile: TABLET (iPad Pro 11) - [Tablet - Chrome]
[fsi-main][Tablet - Chrome] ⏳ Delaying 200ms to allow responsive layouts to mount...
[fsi-main][Tablet - Chrome] 🔄 Processing lead for brand: FSI - MAIN Tablet
[fsi-main][Tablet - Chrome] 📊 Campaign execution run index: 49
[fsi-main][Tablet - Chrome] 📅 [Rotational Logic] Week 1 Day 3. Target Range: 7500-10000 (Max allowed by URL: 25000)
[fsi-main][Tablet - Chrome] 🔗 [Mobile] Navigating to: https://fsimlf-trk.com/?a=659&oc=159&c=111&s1=
✅ [3/6/2026, 1:13:28 pm] COMPLETED: 1800-fresh-tax-x-main [Tablet - Chrome][CHROMIUM]

================================================================
🚀 [3/6/2026, 1:13:28 pm] RUNNING: FSI - MAIN [DESKTOP - CHROME]
🔗 Target URL: https://fsimlf-trk.com/?a=659&oc=159&c=111&s1=
================================================================
[fsi-main][Android - Chrome] 📱 [Mobile] Injecting high-fidelity glossy Natural Titanium iPhone 17 Pro mockup frame...
[fsi-main][Android - Chrome] [STDERR] ⚠️ [Mobile] Failed to apply glossy iPhone 17 Pro mockup frame overlay: page.evaluate: TypeError: Cannot read properties of null (reading 'appendChild')
    at eval (eval at evaluate (:302:30), <anonymous>:133:23)
    at UtilityScript.evaluate (<anonymous>:304:16)
    at UtilityScript.<anonymous> (<anonymous>:1:44)
[fsi-main][Android - Chrome] ✅ [Mobile] Thank you page or lead id detected in URL during contact loop. Exiting contact loop.
🔘 [Mobile] Scanning for additional dynamic steps...
[fsi-main][Android - Chrome] ✅ [Mobile] Thank you page detected during adaptive submit loop. Exiting loop.
[fsi-main][Android - Chrome] 🔘 [Mobile] Submitting form
💾 [Mobile] Setting hidden debt fields to: 9511
[fsi-main][Android - Chrome] ⏳ [Mobile] Waiting for submission navigation to complete
[fsi-main][Desktop - Chrome] 🔌 [Browser Interceptor] Intercepting and optimizing engine: CHROMIUM
[fsi-main][Desktop - Chrome] ◇ injected env (0) from .env // tip: ⌘ multiple files { path: ['.env.local', '.env'] }
[fsi-main][Desktop - Chrome] ◇ injected env (0) from .env // tip: ⌁ auth for agents [www.vestauth.com]
[fsi-main][Desktop - Chrome] ◇ injected env (0) from .env // tip: ◈ secrets for agents [www.dotenvx.com]
[fsi-main][Tablet - Chrome] ✅ [Mobile] Page loaded successfully
[fsi-main][Tablet - Chrome] 💻 [Tablet] Injecting high-fidelity glossy iPad Pro mockup frame...
[fsi-main][Tablet - Chrome] 💻 [Tablet] Injecting high-fidelity glossy iPad Pro mockup frame...
[fsi-main][Tablet - Chrome] 📝 [Mobile] Starting mobile-specific form filling...
[fsi-main][Tablet - Chrome] 🔘 [Mobile] Step 1: Selecting Debt Amount (9,238)
[fsi-main][Tablet - Chrome] 🔘 [Mobile] Found jQuery UI Slider #slider. Setting value via jQuery and DOM evaluation...
[fsi-main][Tablet - Chrome] ✅ [Mobile] Set jQuery UI Slider #slider to 9,238
[fsi-main][Desktop - Chrome] ◇ injected env (0) from .env // tip: ⌘ override existing { override: true }
[fsi-main][Desktop - Chrome] ◇ injected env (0) from .env // tip: ◈ encrypted .env [www.dotenvx.com]
[fsi-main][Desktop - Chrome] 
🤖 ================================================================
[fsi-main][Desktop - Chrome] 🤖 MASTER RUNNER: LAUNCHING FSI - MAIN
🤖 Mode:            DESKTOP
[fsi-main][Desktop - Chrome] 🤖 Tracking URL:     https://fsimlf-trk.com/?a=659&oc=159&c=111&s1=
🤖 Target Sheet:    FSI - MAIN
🤖 ================================================================
🔌 [Browser Interceptor] Intercepting and optimizing engine: CHROMIUM
[fsi-main][Desktop - Chrome] 💻 Emulated Device Profile: DESKTOP - [Desktop - Chrome]
[fsi-main][Tablet - Chrome] 🔘 [Mobile] Clicking fallback button: button:has-text("NEXT"):visible
[fsi-main][Desktop - Chrome] 🔄 Processing lead for brand: FSI - MAIN
[fsi-main][Desktop - Chrome] 📊 Campaign execution run index: 50
[fsi-main][Desktop - Chrome] 📅 [Rotational Logic] Week 1 Day 3. Target Range: 7500-10000 (Max allowed by URL: 25000)
[fsi-main][Tablet - Chrome] ✅ [Mobile] Clicked fallback: button:has-text("NEXT"):visible
[fsi-main][Desktop - Chrome] 🔗 [Mobile] Navigating to: https://fsimlf-trk.com/?a=659&oc=159&c=111&s1=
[1800-fresh-tax-x-main][Desktop - Chrome] [STDERR] ⚠️ [Mobile] Standard submit buttons not found, consulting AI Agent...
[1800-fresh-tax-x-main][Desktop - Chrome] 🤖 [AI Agent] Analyzing Submit button for global...
[1800-fresh-tax-x-main][Desktop - Chrome] ⏳ [Mobile] Waiting for final Thank You page redirection...
[1800-fresh-tax-x-main][Desktop - Chrome] ✅ [Mobile] Targeted final redirect URL achieved!
[1800-fresh-tax-x-main][Desktop - Chrome] ✅ [Mobile] Final Thank You URL: https://www.1800freshtax.com/thankyou_ts_checklist.php?debt=8898&leadid=801A32A4&reqid=26857166&affid=659&subid=#s1#
📋 [Pre-Fix] Thank-you URL before debt correction: https://www.1800freshtax.com/thankyou_ts_checklist.php?debt=8898&leadid=801A32A4&reqid=26857166&affid=659&subid=#s1#
[1800-fresh-tax-x-main][Desktop - Chrome] 💾 [Debt Debug] formPage.selectedSliderAmount = "8,898"
💾 [Debt Debug] selectedDebtNum (numeric) = "8898"
[1800-fresh-tax-x-main][Desktop - Chrome] 🔧 [Debt Fix] Current debt in URL: 8898, Should be: 8898
[1800-fresh-tax-x-main][Desktop - Chrome] ✅ [Debt Fix] Debt parameter already correct
[1800-fresh-tax-x-main][Desktop - Chrome] 📱 [Mobile Diagnostic] Full Thank You URL Parameters: {"debt":"8898","leadid":"801A32A4","reqid":"26857166","affid":"659","subid":""}
[1800-fresh-tax-x-main][Desktop - Chrome] ✅ [Mobile] Extracted Lead ID: 801A32A4
[1800-fresh-tax-x-main][Desktop - Chrome] 📱 Device Type detected: Desktop - Chrome
[1800-fresh-tax-x-main][Desktop - Chrome] ✅ Lead captured: 801A32A4
[1800-fresh-tax-x-main][Desktop - Chrome] 📡 Fetching First API data for Lead ID: 801A32A4...
[1800-fresh-tax-x-main][Desktop - Chrome] [STDERR] ❌ First API Attempt 1 failed: Invalid URL
[1800-fresh-tax-x-main][Desktop - Chrome] ⏳ Retrying in 1 second...
[fsi-main][Tablet - Chrome] 💻 [Tablet] Injecting high-fidelity glossy iPad Pro mockup frame...
[fsi-main][Tablet - Chrome] 🔘 [Mobile Rotation] Selected: "State Back Tax"
[1800-fresh-tax-x-main][Desktop - Chrome] [STDERR] ❌ First API Attempt 2 failed: Invalid URL
[1800-fresh-tax-x-main][Desktop - Chrome] ⏳ Retrying in 1 second...
[fsi-main][Tablet - Chrome] 🔘 [Mobile Rotation] Selected: "Self-Employed"
[1800-fresh-tax-x-main][Desktop - Chrome] [STDERR] ❌ First API Attempt 3 failed: Invalid URL
[1800-fresh-tax-x-main][Desktop - Chrome] 📡 Fetching Second API data for Lead ID: 801A32A4...
[1800-fresh-tax-x-main][Desktop - Chrome] 📡 Standard Second API Payload: cake_id=801A32A4, domain_name=https://www.1800freshtax.com
[1800-fresh-tax-x-main][Desktop - Chrome] [STDERR] ❌ Second API Attempt 1 failed: Invalid URL
[1800-fresh-tax-x-main][Desktop - Chrome] ⏳ Retrying in 1 second to allow database synchronization...
[fsi-main][Tablet - Chrome] ✅ [Mobile] Reached a recognized terminal step. Stopping dynamic traversal.
[fsi-main][Tablet - Chrome] 🔘 [Mobile] Step 2: Selecting State
[fsi-main][Tablet - Chrome] ✅ [Mobile] Selected state dynamically: "Wisconsin"
[fsi-main][Tablet - Chrome] 📝 [Mobile] step3 column set to State: "Wisconsin"
[fsi-main][Tablet - Chrome] 🔘 [Mobile] Clicking active visible button: .next-btn:visible, .next-btn2:visible, .btn-next:visible
[fsi-main][Tablet - Chrome] ✅ [Mobile] Clicked: .next-btn:visible, .next-btn2:visible, .btn-next:visible
[1800-fresh-tax-x-main][Desktop - Chrome] 📡 Standard Second API Payload: cake_id=801A32A4, domain_name=https://www.1800freshtax.com
[1800-fresh-tax-x-main][Desktop - Chrome] [STDERR] ❌ Second API Attempt 2 failed: Invalid URL
[1800-fresh-tax-x-main][Desktop - Chrome] ⏳ Retrying in 1 second to allow database synchronization...
[fsi-main][Desktop - Chrome] ✅ [Mobile] Page loaded successfully
[fsi-main][Desktop - Chrome] 💻 [Tablet] Injecting high-fidelity glossy iPad Pro mockup frame...
[fsi-main][Desktop - Chrome] 💻 [Tablet] Injecting high-fidelity glossy iPad Pro mockup frame...
[fsi-main][Desktop - Chrome] 📝 [Mobile] Starting mobile-specific form filling...
[fsi-main][Desktop - Chrome] 🔘 [Mobile] Step 1: Selecting Debt Amount (8,768)
[fsi-main][Desktop - Chrome] 🔘 [Mobile] Found jQuery UI Slider #slider. Setting value via jQuery and DOM evaluation...
[fsi-main][Desktop - Chrome] ✅ [Mobile] Set jQuery UI Slider #slider to 8,768
[fsi-main][Desktop - Chrome] 🔘 [Mobile] Clicking fallback button: button:has-text("NEXT"):visible
[fsi-main][Desktop - Chrome] ✅ [Mobile] Clicked fallback: button:has-text("NEXT"):visible
[1800-fresh-tax-x-main][Desktop - Chrome] 📡 Standard Second API Payload: cake_id=801A32A4, domain_name=https://www.1800freshtax.com
[1800-fresh-tax-x-main][Desktop - Chrome] [STDERR] ❌ Second API Attempt 3 failed: Invalid URL
[1800-fresh-tax-x-main][Desktop - Chrome] ⏳ Retrying in 1 second to allow database synchronization...
[fsi-main][Tablet - Chrome] 💻 [Tablet] Injecting high-fidelity glossy iPad Pro mockup frame...
[fsi-main][Tablet - Chrome] 🔘 [Mobile] Step 3: Filling Contact Info (Dynamic Loop)...
[fsi-main][Tablet - Chrome] 💻 [Tablet] Injecting high-fidelity glossy iPad Pro mockup frame...
[fsi-main][Tablet - Chrome] ✅ [Mobile] Filled First Name: ckmtestpixel
[fsi-main][Tablet - Chrome] ✅ [Mobile] Filled Last Name: ckmtestpixel
[fsi-main][Tablet - Chrome] 🔘 [Mobile] Clicking active contact NEXT/SUBMIT button...
[1800-fresh-tax-x-main][Desktop - Chrome] 📡 Standard Second API Payload: cake_id=801A32A4, domain_name=https://www.1800freshtax.com
[1800-fresh-tax-x-main][Desktop - Chrome] [STDERR] ❌ Second API Attempt 4 failed: Invalid URL
[1800-fresh-tax-x-main][Desktop - Chrome] ⏳ Retrying in 1 second to allow database synchronization...
[fsi-main][Desktop - Chrome] 💻 [Tablet] Injecting high-fidelity glossy iPad Pro mockup frame...
[fsi-main][Desktop - Chrome] 🔘 [Mobile Rotation] Selected: "IRS & State Back Taxes"
[1800-fresh-tax-x-main][Desktop - Chrome] 📡 Standard Second API Payload: cake_id=801A32A4, domain_name=https://www.1800freshtax.com
[1800-fresh-tax-x-main][Desktop - Chrome] [STDERR] ❌ Second API Attempt 5 failed: Invalid URL
[1800-fresh-tax-x-main][Desktop - Chrome] 📡 [Rest-Assurance] Verifying Lead ID: 801A32A4 via Backend...
[1800-fresh-tax-x-main][Desktop - Chrome] [STDERR] 🛡️  [Rest-Assurance] VERIFICATION_FAILED: Invalid URL
[1800-fresh-tax-x-main][Desktop - Chrome] [STDERR] (node:25920) Warning: Setting the NODE_TLS_REJECT_UNAUTHORIZED environment variable to '0' makes TLS connections and HTTPS requests insecure by disabling certificate verification.
(Use `node --trace-warnings ...` to show where the warning was created)
[fsi-main][Tablet - Chrome] 💻 [Tablet] Injecting high-fidelity glossy iPad Pro mockup frame...
[fsi-main][Tablet - Chrome] ✅ [Mobile] Filled Email: ckmtestpixel@gmail.com
[fsi-main][Tablet - Chrome] 🔘 [Mobile] Clicking active contact NEXT/SUBMIT button...
[fsi-main][Desktop - Chrome] 🔘 [Mobile Rotation] Selected: "Unemployed"
[1800-fresh-tax-x-main][Desktop - Chrome] [STDERR] ❌ Critical Google Sheets Error: The caller does not have permission
[1800-fresh-tax-x-main][Desktop - Chrome] [STDERR] ❌ Failed processing 1800 Fresh Tax (X) Main: Failed to write to Google Sheets
[1800-fresh-tax-x-main][Desktop - Chrome] 
✅ Execution successfully processed! {
  success: false,
  error: 'Failed to write to Google Sheets',
  brand: '1800 Fresh Tax (X) Main'
}
[fsi-main][Desktop - Chrome] ✅ [Mobile] Reached a recognized terminal step. Stopping dynamic traversal.
[fsi-main][Desktop - Chrome] 🔘 [Mobile] Step 2: Selecting State
[fsi-main][Desktop - Chrome] ✅ [Mobile] Selected state dynamically: "Wyoming"
📝 [Mobile] step3 column set to State: "Wyoming"
[fsi-main][Desktop - Chrome] 🔘 [Mobile] Clicking active visible button: .next-btn:visible, .next-btn2:visible, .btn-next:visible
[fsi-main][Desktop - Chrome] ✅ [Mobile] Clicked: .next-btn:visible, .next-btn2:visible, .btn-next:visible
[1800-fresh-tax-x-main][Desktop - Chrome] 📋 Trace report successfully saved: traces/1800-fresh-tax-x-main_desktop.zip
[fsi-main][Tablet - Chrome] 💻 [Tablet] Injecting high-fidelity glossy iPad Pro mockup frame...
[fsi-main][Tablet - Chrome] ✅ [Mobile] Filled Phone: 401-247-1049
[fsi-main][Tablet - Chrome] 🔘 [Mobile] Clicking active contact NEXT/SUBMIT button...
[fsi-main][Desktop - Chrome] 💻 [Tablet] Injecting high-fidelity glossy iPad Pro mockup frame...
[fsi-main][Desktop - Chrome] 🔘 [Mobile] Step 3: Filling Contact Info (Dynamic Loop)...
[fsi-main][Desktop - Chrome] 💻 [Tablet] Injecting high-fidelity glossy iPad Pro mockup frame...
[fsi-main][Desktop - Chrome] ✅ [Mobile] Filled First Name: ckmtestpixel
[fsi-main][Desktop - Chrome] ✅ [Mobile] Filled Last Name: ckmtestpixel
[fsi-main][Desktop - Chrome] 🔘 [Mobile] Clicking active contact NEXT/SUBMIT button...
[fsi-main][Tablet - Chrome] 💻 [Tablet] Injecting high-fidelity glossy iPad Pro mockup frame...
[fsi-main][Tablet - Chrome] [STDERR] ⚠️ [Tablet] Failed to apply glossy iPad Pro mockup frame overlay: page.evaluate: TypeError: Cannot read properties of null (reading 'appendChild')
    at eval (eval at evaluate (:302:30), <anonymous>:104:23)
    at UtilityScript.evaluate (<anonymous>:304:16)
    at UtilityScript.<anonymous> (<anonymous>:1:44)
[fsi-main][Tablet - Chrome] ✅ [Mobile] Thank you page or lead id detected in URL during contact loop. Exiting contact loop.
🔘 [Mobile] Scanning for additional dynamic steps...
[fsi-main][Tablet - Chrome] ✅ [Mobile] Thank you page detected during adaptive submit loop. Exiting loop.
[fsi-main][Tablet - Chrome] 🔘 [Mobile] Submitting form
💾 [Mobile] Setting hidden debt fields to: 9238
[fsi-main][Tablet - Chrome] ⏳ [Mobile] Waiting for submission navigation to complete
[fsi-main][Desktop - Chrome] 💻 [Tablet] Injecting high-fidelity glossy iPad Pro mockup frame...
[fsi-main][Desktop - Chrome] ✅ [Mobile] Filled Email: ckmtestpixel@gmail.com
[fsi-main][Desktop - Chrome] 🔘 [Mobile] Clicking active contact NEXT/SUBMIT button...
[fsi-main][Desktop - Chrome] 💻 [Tablet] Injecting high-fidelity glossy iPad Pro mockup frame...
✅ [3/6/2026, 1:13:47 pm] COMPLETED: 1800-fresh-tax-x-main [Desktop - Chrome][CHROMIUM]
[fsi-main][Desktop - Chrome] ✅ [Mobile] Filled Phone: 401-247-1050
[fsi-main][Desktop - Chrome] 🔘 [Mobile] Clicking active contact NEXT/SUBMIT button...
[fsi-main][Android - Chrome] [STDERR] ⚠️ [Mobile] Standard submit buttons not found, consulting AI Agent...
[fsi-main][Android - Chrome] 🤖 [AI Agent] Analyzing Submit button for global...
[fsi-main][Android - Chrome] ⏳ [Mobile] Waiting for final Thank You page redirection...
[fsi-main][Android - Chrome] ✅ [Mobile] Targeted final redirect URL achieved!
[fsi-main][Android - Chrome] ✅ [Mobile] Final Thank You URL: https://www.fresh-start-initiative.com/ty.rs/?debt=9511&leadid=22A80A8A&reqid=26857168&affid=659&subid=#s1#
📋 [Pre-Fix] Thank-you URL before debt correction: https://www.fresh-start-initiative.com/ty.rs/?debt=9511&leadid=22A80A8A&reqid=26857168&affid=659&subid=#s1#
[fsi-main][Android - Chrome] 💾 [Debt Debug] formPage.selectedSliderAmount = "9,511"
[fsi-main][Android - Chrome] 💾 [Debt Debug] selectedDebtNum (numeric) = "9511"
[fsi-main][Android - Chrome] 🔧 [Debt Fix] Current debt in URL: 9511, Should be: 9511
✅ [Debt Fix] Debt parameter already correct
[fsi-main][Android - Chrome] 📱 [Mobile Diagnostic] Full Thank You URL Parameters: {"debt":"9511","leadid":"22A80A8A","reqid":"26857168","affid":"659","subid":""}
[fsi-main][Android - Chrome] ✅ [Mobile] Extracted Lead ID: 22A80A8A
[fsi-main][Android - Chrome] 📱 Device Type detected: Android - Chrome
[fsi-main][Android - Chrome] ✅ Lead captured: 22A80A8A
[fsi-main][Android - Chrome] 📡 Fetching First API data for Lead ID: 22A80A8A...
[fsi-main][Android - Chrome] [STDERR] ❌ First API Attempt 1 failed: Invalid URL
[fsi-main][Android - Chrome] ⏳ Retrying in 1 second...
[fsi-main][Android - Chrome] [STDERR] ❌ First API Attempt 2 failed: Invalid URL
[fsi-main][Android - Chrome] ⏳ Retrying in 1 second...
[fsi-main][Desktop - Chrome] 💻 [Tablet] Injecting high-fidelity glossy iPad Pro mockup frame...
[fsi-main][Desktop - Chrome] [STDERR] ⚠️ [Tablet] Failed to apply glossy iPad Pro mockup frame overlay: page.evaluate: TypeError: Cannot read properties of null (reading 'appendChild')
    at eval (eval at evaluate (:302:30), <anonymous>:104:23)
    at UtilityScript.evaluate (<anonymous>:304:16)
    at UtilityScript.<anonymous> (<anonymous>:1:44)
[fsi-main][Desktop - Chrome] ✅ [Mobile] Thank you page or lead id detected in URL during contact loop. Exiting contact loop.
🔘 [Mobile] Scanning for additional dynamic steps...
[fsi-main][Desktop - Chrome] ✅ [Mobile] Thank you page detected during adaptive submit loop. Exiting loop.
[fsi-main][Desktop - Chrome] 🔘 [Mobile] Submitting form
💾 [Mobile] Setting hidden debt fields to: 8768
[fsi-main][Desktop - Chrome] ⏳ [Mobile] Waiting for submission navigation to complete
[fsi-main][Android - Chrome] [STDERR] ❌ First API Attempt 3 failed: Invalid URL
[fsi-main][Android - Chrome] 📡 Fetching Second API data for Lead ID: 22A80A8A...
[fsi-main][Android - Chrome] 📡 Standard Second API Payload: cake_id=22A80A8A, domain_name=https://www.freshstartinitiative.com
[fsi-main][Android - Chrome] [STDERR] ❌ Second API Attempt 1 failed: Invalid URL
[fsi-main][Android - Chrome] ⏳ Retrying in 1 second to allow database synchronization...
[fsi-main][Android - Chrome] 📡 Standard Second API Payload: cake_id=22A80A8A, domain_name=https://www.freshstartinitiative.com
[fsi-main][Android - Chrome] [STDERR] ❌ Second API Attempt 2 failed: Invalid URL
[fsi-main][Android - Chrome] ⏳ Retrying in 1 second to allow database synchronization...
[fsi-main][Android - Chrome] 📡 Standard Second API Payload: cake_id=22A80A8A, domain_name=https://www.freshstartinitiative.com
[fsi-main][Android - Chrome] [STDERR] ❌ Second API Attempt 3 failed: Invalid URL
[fsi-main][Android - Chrome] ⏳ Retrying in 1 second to allow database synchronization...
[fsi-main][Android - Chrome] 📡 Standard Second API Payload: cake_id=22A80A8A, domain_name=https://www.freshstartinitiative.com
[fsi-main][Android - Chrome] [STDERR] ❌ Second API Attempt 4 failed: Invalid URL
[fsi-main][Android - Chrome] ⏳ Retrying in 1 second to allow database synchronization...
[fsi-main][Android - Chrome] 📡 Standard Second API Payload: cake_id=22A80A8A, domain_name=https://www.freshstartinitiative.com
[fsi-main][Android - Chrome] [STDERR] ❌ Second API Attempt 5 failed: Invalid URL
[fsi-main][Android - Chrome] 📡 [Rest-Assurance] Verifying Lead ID: 22A80A8A via Backend...
[fsi-main][Android - Chrome] [STDERR] 🛡️  [Rest-Assurance] VERIFICATION_FAILED: Invalid URL
[fsi-main][Android - Chrome] [STDERR] (node:21132) Warning: Setting the NODE_TLS_REJECT_UNAUTHORIZED environment variable to '0' makes TLS connections and HTTPS requests insecure by disabling certificate verification.
(Use `node --trace-warnings ...` to show where the warning was created)
[fsi-main][Android - Chrome] [STDERR] ❌ Critical Google Sheets Error: The caller does not have permission
[fsi-main][Android - Chrome] [STDERR] ❌ Failed processing FSI - MAIN Mobile: Failed to write to Google Sheets
[fsi-main][Android - Chrome] 
✅ Execution successfully processed! {
  success: false,
  error: 'Failed to write to Google Sheets',
  brand: 'FSI - MAIN Mobile'
}
[fsi-main][Android - Chrome] 📋 Trace report successfully saved: traces/fsi-main_mobile.zip
✅ [3/6/2026, 1:14:02 pm] COMPLETED: fsi-main [Android - Chrome][CHROMIUM]
[fsi-main][Tablet - Chrome] [STDERR] ⚠️ [Mobile] Standard submit buttons not found, consulting AI Agent...
[fsi-main][Tablet - Chrome] 🤖 [AI Agent] Analyzing Submit button for global...
[fsi-main][Tablet - Chrome] ⏳ [Mobile] Waiting for final Thank You page redirection...
[fsi-main][Tablet - Chrome] ✅ [Mobile] Targeted final redirect URL achieved!
[fsi-main][Tablet - Chrome] ✅ [Mobile] Final Thank You URL: https://www.fresh-start-initiative.com/ty.rs/?debt=9238&leadid=9F2D36F4&reqid=26857169&affid=659&subid=#s1#
📋 [Pre-Fix] Thank-you URL before debt correction: https://www.fresh-start-initiative.com/ty.rs/?debt=9238&leadid=9F2D36F4&reqid=26857169&affid=659&subid=#s1#
💾 [Debt Debug] formPage.selectedSliderAmount = "9,238"
[fsi-main][Tablet - Chrome] 💾 [Debt Debug] selectedDebtNum (numeric) = "9238"
[fsi-main][Tablet - Chrome] 🔧 [Debt Fix] Current debt in URL: 9238, Should be: 9238
✅ [Debt Fix] Debt parameter already correct
[fsi-main][Tablet - Chrome] 📱 [Mobile Diagnostic] Full Thank You URL Parameters: {"debt":"9238","leadid":"9F2D36F4","reqid":"26857169","affid":"659","subid":""}
[fsi-main][Tablet - Chrome] ✅ [Mobile] Extracted Lead ID: 9F2D36F4
[fsi-main][Tablet - Chrome] 📱 Device Type detected: Tablet - Chrome
[fsi-main][Tablet - Chrome] ✅ Lead captured: 9F2D36F4
[fsi-main][Tablet - Chrome] 📡 Fetching First API data for Lead ID: 9F2D36F4...
[fsi-main][Tablet - Chrome] [STDERR] ❌ First API Attempt 1 failed: Invalid URL
[fsi-main][Tablet - Chrome] ⏳ Retrying in 1 second...
[fsi-main][Tablet - Chrome] [STDERR] ❌ First API Attempt 2 failed: Invalid URL
[fsi-main][Tablet - Chrome] ⏳ Retrying in 1 second...
[fsi-main][Tablet - Chrome] [STDERR] ❌ First API Attempt 3 failed: Invalid URL
[fsi-main][Tablet - Chrome] 📡 Fetching Second API data for Lead ID: 9F2D36F4...
[fsi-main][Tablet - Chrome] 📡 Standard Second API Payload: cake_id=9F2D36F4, domain_name=https://www.freshstartinitiative.com
[fsi-main][Tablet - Chrome] [STDERR] ❌ Second API Attempt 1 failed: Invalid URL
[fsi-main][Tablet - Chrome] ⏳ Retrying in 1 second to allow database synchronization...
[fsi-main][Tablet - Chrome] 📡 Standard Second API Payload: cake_id=9F2D36F4, domain_name=https://www.freshstartinitiative.com
[fsi-main][Tablet - Chrome] [STDERR] ❌ Second API Attempt 2 failed: Invalid URL
[fsi-main][Tablet - Chrome] ⏳ Retrying in 1 second to allow database synchronization...
[fsi-main][Tablet - Chrome] 📡 Standard Second API Payload: cake_id=9F2D36F4, domain_name=https://www.freshstartinitiative.com
[fsi-main][Tablet - Chrome] [STDERR] ❌ Second API Attempt 3 failed: Invalid URL
[fsi-main][Tablet - Chrome] ⏳ Retrying in 1 second to allow database synchronization...
[fsi-main][Tablet - Chrome] 📡 Standard Second API Payload: cake_id=9F2D36F4, domain_name=https://www.freshstartinitiative.com
[fsi-main][Tablet - Chrome] [STDERR] ❌ Second API Attempt 4 failed: Invalid URL
[fsi-main][Tablet - Chrome] ⏳ Retrying in 1 second to allow database synchronization...
[fsi-main][Desktop - Chrome] [STDERR] ⚠️ [Mobile] Standard submit buttons not found, consulting AI Agent...
[fsi-main][Desktop - Chrome] 🤖 [AI Agent] Analyzing Submit button for global...
[fsi-main][Desktop - Chrome] ⏳ [Mobile] Waiting for final Thank You page redirection...
[fsi-main][Desktop - Chrome] ✅ [Mobile] Targeted final redirect URL achieved!
[fsi-main][Desktop - Chrome] ✅ [Mobile] Final Thank You URL: https://www.fresh-start-initiative.com/ty.rs/?debt=8768&leadid=069A0B47&reqid=26857170&affid=659&subid=#s1#
📋 [Pre-Fix] Thank-you URL before debt correction: https://www.fresh-start-initiative.com/ty.rs/?debt=8768&leadid=069A0B47&reqid=26857170&affid=659&subid=#s1#
💾 [Debt Debug] formPage.selectedSliderAmount = "8,768"
💾 [Debt Debug] selectedDebtNum (numeric) = "8768"
[fsi-main][Desktop - Chrome] 🔧 [Debt Fix] Current debt in URL: 8768, Should be: 8768
✅ [Debt Fix] Debt parameter already correct
[fsi-main][Desktop - Chrome] 📱 [Mobile Diagnostic] Full Thank You URL Parameters: {"debt":"8768","leadid":"069A0B47","reqid":"26857170","affid":"659","subid":""}
[fsi-main][Desktop - Chrome] ✅ [Mobile] Extracted Lead ID: 069A0B47
[fsi-main][Desktop - Chrome] 📱 Device Type detected: Desktop - Chrome
[fsi-main][Desktop - Chrome] ✅ Lead captured: 069A0B47
[fsi-main][Desktop - Chrome] 📡 Fetching First API data for Lead ID: 069A0B47...
[fsi-main][Desktop - Chrome] [STDERR] ❌ First API Attempt 1 failed: Invalid URL
[fsi-main][Desktop - Chrome] ⏳ Retrying in 1 second...
[fsi-main][Tablet - Chrome] 📡 Standard Second API Payload: cake_id=9F2D36F4, domain_name=https://www.freshstartinitiative.com
[fsi-main][Tablet - Chrome] [STDERR] ❌ Second API Attempt 5 failed: Invalid URL
[fsi-main][Tablet - Chrome] 📡 [Rest-Assurance] Verifying Lead ID: 9F2D36F4 via Backend...
[fsi-main][Tablet - Chrome] [STDERR] 🛡️  [Rest-Assurance] VERIFICATION_FAILED: Invalid URL
[fsi-main][Tablet - Chrome] [STDERR] (node:3052) Warning: Setting the NODE_TLS_REJECT_UNAUTHORIZED environment variable to '0' makes TLS connections and HTTPS requests insecure by disabling certificate verification.
(Use `node --trace-warnings ...` to show where the warning was created)
[fsi-main][Desktop - Chrome] [STDERR] ❌ First API Attempt 2 failed: Invalid URL
[fsi-main][Desktop - Chrome] ⏳ Retrying in 1 second...
[fsi-main][Tablet - Chrome] [STDERR] ❌ Critical Google Sheets Error: The caller does not have permission
[fsi-main][Tablet - Chrome] [STDERR] ❌ Failed processing FSI - MAIN Tablet: Failed to write to Google Sheets
[fsi-main][Tablet - Chrome] 
✅ Execution successfully processed! {
  success: false,
  error: 'Failed to write to Google Sheets',
  brand: 'FSI - MAIN Tablet'
}
[fsi-main][Desktop - Chrome] [STDERR] ❌ First API Attempt 3 failed: Invalid URL
[fsi-main][Desktop - Chrome] 📡 Fetching Second API data for Lead ID: 069A0B47...
[fsi-main][Desktop - Chrome] 📡 Standard Second API Payload: cake_id=069A0B47, domain_name=https://www.freshstartinitiative.com
[fsi-main][Desktop - Chrome] [STDERR] ❌ Second API Attempt 1 failed: Invalid URL
[fsi-main][Desktop - Chrome] ⏳ Retrying in 1 second to allow database synchronization...
[fsi-main][Tablet - Chrome] 📋 Trace report successfully saved: traces/fsi-main_tablet.zip
[fsi-main][Desktop - Chrome] 📡 Standard Second API Payload: cake_id=069A0B47, domain_name=https://www.freshstartinitiative.com
[fsi-main][Desktop - Chrome] [STDERR] ❌ Second API Attempt 2 failed: Invalid URL
[fsi-main][Desktop - Chrome] ⏳ Retrying in 1 second to allow database synchronization...
[fsi-main][Desktop - Chrome] 📡 Standard Second API Payload: cake_id=069A0B47, domain_name=https://www.freshstartinitiative.com
[fsi-main][Desktop - Chrome] [STDERR] ❌ Second API Attempt 3 failed: Invalid URL
[fsi-main][Desktop - Chrome] ⏳ Retrying in 1 second to allow database synchronization...
[fsi-main][Desktop - Chrome] 📡 Standard Second API Payload: cake_id=069A0B47, domain_name=https://www.freshstartinitiative.com
[fsi-main][Desktop - Chrome] [STDERR] ❌ Second API Attempt 4 failed: Invalid URL
[fsi-main][Desktop - Chrome] ⏳ Retrying in 1 second to allow database synchronization...
[fsi-main][Desktop - Chrome] 📡 Standard Second API Payload: cake_id=069A0B47, domain_name=https://www.freshstartinitiative.com
[fsi-main][Desktop - Chrome] [STDERR] ❌ Second API Attempt 5 failed: Invalid URL
[fsi-main][Desktop - Chrome] 📡 [Rest-Assurance] Verifying Lead ID: 069A0B47 via Backend...
[fsi-main][Desktop - Chrome] [STDERR] 🛡️  [Rest-Assurance] VERIFICATION_FAILED: Invalid URL
[fsi-main][Desktop - Chrome] [STDERR] (node:10208) Warning: Setting the NODE_TLS_REJECT_UNAUTHORIZED environment variable to '0' makes TLS connections and HTTPS requests insecure by disabling certificate verification.
(Use `node --trace-warnings ...` to show where the warning was created)
✅ [3/6/2026, 1:14:18 pm] COMPLETED: fsi-main [Tablet - Chrome][CHROMIUM]
[fsi-main][Desktop - Chrome] [STDERR] ❌ Critical Google Sheets Error: The caller does not have permission
❌ Failed processing FSI - MAIN: Failed to write to Google Sheets
[fsi-main][Desktop - Chrome] 
✅ Execution successfully processed! {
  success: false,
  error: 'Failed to write to Google Sheets',
  brand: 'FSI - MAIN'
}
[fsi-main][Desktop - Chrome] 📋 Trace report successfully saved: traces/fsi-main_desktop.zip
✅ [3/6/2026, 1:14:24 pm] COMPLETED: fsi-main [Desktop - Chrome][CHROMIUM]

📊 ================================================================
📊 BATCH COMPLETED IN 14.38 MINUTES
📊 Total Runners Executed: 55
📊 Succeeded:              51
📊 Failed:                 4
📊 ================================================================
🕕 [Scheduler] Dispatching Batch Intelligence Report...
===================================================== 
SCHEDULER FINISHED AT: 03-06-2026 13:14:25.02 
===================================================== 
