===================================================== 
SCHEDULER STARTED AT: 03-06-2026 19:00:01.10 
===================================================== 
Running Playwright batch scheduler... 
◇ injected env (4) from .env // tip: ◈ secrets for agents [www.dotenvx.com]
◇ injected env (0) from .env // tip: ◈ encrypted .env [www.dotenvx.com]

🤖 ================================================================
🤖 STARTING LEADS AUTOMATION BATCH RUN [3/6/2026, 7:00:01 pm]
🤖 Interval configured: every 2 hours
🤖 ================================================================

🤖 [FLM Agent] Starting Global URL Health Verification...
🤖 [AI Agent] Pre-flight check: Verifying health for FTD-X...
🔴 [FLM Agent] FTD-X is DOWN: timeout of 10000ms exceeded
🤖 [AI Agent] Pre-flight check: Verifying health for FSI-PPC2...
🔴 [FLM Agent] FSI-PPC2 is DOWN: timeout of 10000ms exceeded
🤖 [AI Agent] Pre-flight check: Verifying health for TRA-CPL...
✅ [AI Agent] TRA-CPL URL is healthy.
🤖 [AI Agent] Pre-flight check: Verifying health for TRA-D3...
✅ [AI Agent] TRA-D3 URL is healthy.
🤖 [AI Agent] Pre-flight check: Verifying health for PPC-ST...
✅ [AI Agent] PPC-ST URL is healthy.
🤖 [AI Agent] Pre-flight check: Verifying health for PPC-ST2...
✅ [AI Agent] PPC-ST2 URL is healthy.
🤖 [AI Agent] Pre-flight check: Verifying health for PPC-M-CA...
✅ [AI Agent] PPC-M-CA URL is healthy.
🤖 [AI Agent] Pre-flight check: Verifying health for PPC CR...
✅ [AI Agent] PPC CR URL is healthy.
🤖 [AI Agent] Pre-flight check: Verifying health for PPC FS...
✅ [AI Agent] PPC FS URL is healthy.
🤖 [AI Agent] Pre-flight check: Verifying health for PPC...
✅ [AI Agent] PPC URL is healthy.
🤖 [AI Agent] Pre-flight check: Verifying health for TRA-CPM...
✅ [AI Agent] TRA-CPM URL is healthy.
🤖 [AI Agent] Pre-flight check: Verifying health for Everest Tax Releif(X)...
✅ [AI Agent] Everest Tax Releif(X) URL is healthy.
🤖 [AI Agent] Pre-flight check: Verifying health for VTS Original...
✅ [AI Agent] VTS Original URL is healthy.
🤖 [AI Agent] Pre-flight check: Verifying health for VTS-NE-Branded...
✅ [AI Agent] VTS-NE-Branded URL is healthy.
🤖 [AI Agent] Pre-flight check: Verifying health for Original...
✅ [AI Agent] Original URL is healthy.
🤖 [AI Agent] Pre-flight check: Verifying health for 1800 Fresh Tax (X) Main...
✅ [AI Agent] 1800 Fresh Tax (X) Main URL is healthy.
🤖 [AI Agent] Pre-flight check: Verifying health for FSI - MAIN...
✅ [AI Agent] FSI - MAIN URL is healthy.
🤖 [FLM Agent] Global Health Verification Complete.


================================================================
⚡ Processing 51 Tasks in Parallel (Concurrency: 4)
================================================================

================================================================
🚀 [3/6/2026, 7:01:08 pm] RUNNING: FTD-X [ANDROID - CHROME]
🔗 Target URL: https://mlfftd.com/?a=659&oc=656&c=167&s1=
================================================================

================================================================
🚀 [3/6/2026, 7:01:08 pm] RUNNING: FTD-X [TABLET - CHROME]
🔗 Target URL: https://mlfftd.com/?a=659&oc=656&c=167&s1=
================================================================

================================================================
🚀 [3/6/2026, 7:01:08 pm] RUNNING: FTD-X [DESKTOP - CHROME]
🔗 Target URL: https://mlfftd.com/?a=659&oc=656&c=167&s1=
================================================================

================================================================
🚀 [3/6/2026, 7:01:08 pm] RUNNING: FSI-PPC2 [ANDROID - CHROME]
🔗 Target URL: https://fsimlf-trk.com/?a=659&oc=750&c=143&s1=
================================================================
[ftd-x][Desktop - Chrome] 🔌 [Browser Interceptor] Intercepting and optimizing engine: CHROMIUM
[ftd-x][Desktop - Chrome] ◇ injected env (0) from .env // tip: ◈ encrypted .env [www.dotenvx.com]
[ftd-x][Android - Chrome] 🔌 [Browser Interceptor] Intercepting and optimizing engine: CHROMIUM
[ftd-x][Desktop - Chrome] ◇ injected env (0) from .env // tip: ⌘ multiple files { path: ['.env.local', '.env'] }
[ftd-x][Android - Chrome] ◇ injected env (0) from .env // tip: ⌘ multiple files { path: ['.env.local', '.env'] }
[ftd-x][Android - Chrome] ◇ injected env (0) from .env // tip: ⌁ auth for agents [www.vestauth.com]
[ftd-x][Tablet - Chrome] 🔌 [Browser Interceptor] Intercepting and optimizing engine: CHROMIUM
[ftd-x][Tablet - Chrome] ◇ injected env (0) from .env // tip: ⌘ override existing { override: true }
[ftd-x][Tablet - Chrome] ◇ injected env (0) from .env // tip: ⌘ enable debugging { debug: true }
[fsi-ppc2][Android - Chrome] 🔌 [Browser Interceptor] Intercepting and optimizing engine: CHROMIUM
[fsi-ppc2][Android - Chrome] ◇ injected env (0) from .env // tip: ⌘ multiple files { path: ['.env.local', '.env'] }
[fsi-ppc2][Android - Chrome] ◇ injected env (0) from .env // tip: ⌘ suppress logs { quiet: true }
[ftd-x][Desktop - Chrome] ◇ injected env (0) from .env // tip: ⌘ enable debugging { debug: true }
[ftd-x][Android - Chrome] ◇ injected env (0) from .env // tip: ⌘ multiple files { path: ['.env.local', '.env'] }
[ftd-x][Tablet - Chrome] ◇ injected env (0) from .env // tip: ⌘ suppress logs { quiet: true }
[fsi-ppc2][Android - Chrome] ◇ injected env (0) from .env // tip: ⌘ override existing { override: true }
[ftd-x][Tablet - Chrome] ◇ injected env (0) from .env // tip: ⌁ auth for agents [www.vestauth.com]
[ftd-x][Desktop - Chrome] ◇ injected env (0) from .env // tip: ◈ encrypted .env [www.dotenvx.com]
[ftd-x][Tablet - Chrome] ◇ injected env (0) from .env // tip: ⌘ enable debugging { debug: true }
[ftd-x][Desktop - Chrome] ◇ injected env (0) from .env // tip: ⌘ override existing { override: true }
[ftd-x][Tablet - Chrome] 
🤖 ================================================================
[ftd-x][Tablet - Chrome] 🤖 MASTER RUNNER: LAUNCHING FTD-X
🤖 Mode:            TABLET
[ftd-x][Tablet - Chrome] 🤖 Tracking URL:     https://mlfftd.com/?a=659&oc=656&c=167&s1=
[ftd-x][Tablet - Chrome] 🤖 Target Sheet:    FTD-X
[ftd-x][Tablet - Chrome] 🤖 ================================================================
[ftd-x][Desktop - Chrome] 
🤖 ================================================================
[ftd-x][Desktop - Chrome] 🤖 MASTER RUNNER: LAUNCHING FTD-X
[ftd-x][Tablet - Chrome] 🔌 [Browser Interceptor] Intercepting and optimizing engine: CHROMIUM
[ftd-x][Desktop - Chrome] 🤖 Mode:            DESKTOP
🤖 Tracking URL:     https://mlfftd.com/?a=659&oc=656&c=167&s1=
[ftd-x][Desktop - Chrome] 🤖 Target Sheet:    FTD-X
🤖 ================================================================
🔌 [Browser Interceptor] Intercepting and optimizing engine: CHROMIUM
[ftd-x][Android - Chrome] ◇ injected env (0) from .env // tip: ⌘ custom filepath { path: '/custom/path/.env' }
[ftd-x][Android - Chrome] ◇ injected env (0) from .env // tip: ⌘ multiple files { path: ['.env.local', '.env'] }
[ftd-x][Android - Chrome] 
🤖 ================================================================
[ftd-x][Android - Chrome] 🤖 MASTER RUNNER: LAUNCHING FTD-X
[ftd-x][Android - Chrome] 🤖 Mode:            MOBILE
[ftd-x][Android - Chrome] 🤖 Tracking URL:     https://mlfftd.com/?a=659&oc=656&c=167&s1=
🤖 Target Sheet:    FTD-X
🤖 ================================================================
[ftd-x][Android - Chrome] 🔌 [Browser Interceptor] Intercepting and optimizing engine: CHROMIUM
[fsi-ppc2][Android - Chrome] ◇ injected env (0) from .env // tip: ◈ secrets for agents [www.dotenvx.com]
[fsi-ppc2][Android - Chrome] ◇ injected env (0) from .env // tip: ⌘ enable debugging { debug: true }
[fsi-ppc2][Android - Chrome] 
🤖 ================================================================
[fsi-ppc2][Android - Chrome] 🤖 MASTER RUNNER: LAUNCHING FSI-PPC2
🤖 Mode:            MOBILE
🤖 Tracking URL:     https://fsimlf-trk.com/?a=659&oc=750&c=143&s1=
[fsi-ppc2][Android - Chrome] 🤖 Target Sheet:    FSI-PPC2
🤖 ================================================================
[fsi-ppc2][Android - Chrome] 🔌 [Browser Interceptor] Intercepting and optimizing engine: CHROMIUM
[ftd-x][Tablet - Chrome] 📋 Emulated Device Profile: TABLET (iPad Pro 11) - [Tablet - Chrome]
[ftd-x][Android - Chrome] 📋 Emulated Device Profile: MOBILE (Pixel 7) - [Android - Chrome]
[ftd-x][Desktop - Chrome] 💻 Emulated Device Profile: DESKTOP - [Desktop - Chrome]
[fsi-ppc2][Android - Chrome] 📋 Emulated Device Profile: MOBILE (Pixel 7) - [Android - Chrome]
[ftd-x][Tablet - Chrome] ⏳ Delaying 200ms to allow responsive layouts to mount...
[ftd-x][Desktop - Chrome] 🔄 Processing lead for brand: FTD-X
[ftd-x][Desktop - Chrome] 📊 Campaign execution run index: 71
📅 [Rotational Logic] Week 1 Day 3. Target Range: 7500-10000 (Max allowed by URL: 70000)
[ftd-x][Desktop - Chrome] 🔗 [Mobile] Navigating to: https://mlfftd.com/?a=659&oc=656&c=167&s1=
[ftd-x][Android - Chrome] ⏳ Delaying 200ms to allow responsive layouts to mount...
[fsi-ppc2][Android - Chrome] ⏳ Delaying 200ms to allow responsive layouts to mount...
[ftd-x][Tablet - Chrome] 🔄 Processing lead for brand: FTD-X Tablet
[ftd-x][Tablet - Chrome] 📊 Campaign execution run index: 72
[ftd-x][Tablet - Chrome] 📅 [Rotational Logic] Week 1 Day 3. Target Range: 7500-10000 (Max allowed by URL: 70000)
[ftd-x][Tablet - Chrome] 🔗 [Mobile] Navigating to: https://mlfftd.com/?a=659&oc=656&c=167&s1=
[ftd-x][Android - Chrome] 🔄 Processing lead for brand: FTD-X Mobile
[ftd-x][Android - Chrome] 📊 Campaign execution run index: 73
[ftd-x][Android - Chrome] 📅 [Rotational Logic] Week 1 Day 3. Target Range: 7500-10000 (Max allowed by URL: 70000)
[ftd-x][Android - Chrome] 🔗 [Mobile] Navigating to: https://mlfftd.com/?a=659&oc=656&c=167&s1=
[fsi-ppc2][Android - Chrome] 🔄 Processing lead for brand: FSI-PPC2 Mobile
[fsi-ppc2][Android - Chrome] 📊 Campaign execution run index: 77
[fsi-ppc2][Android - Chrome] 🔗 [Mobile] Navigating to: https://fsimlf-trk.com/?a=659&oc=750&c=143&s1=
[ftd-x][Android - Chrome] ✅ [Mobile] Page loaded successfully
[ftd-x][Android - Chrome] 📱 [Mobile] Injecting high-fidelity glossy Natural Titanium iPhone 17 Pro mockup frame...
[ftd-x][Android - Chrome] 📱 [Mobile] Injecting high-fidelity glossy Natural Titanium iPhone 17 Pro mockup frame...
[ftd-x][Android - Chrome] 📝 [Mobile] Starting mobile-specific form filling...
[ftd-x][Tablet - Chrome] ✅ [Mobile] Page loaded successfully
[ftd-x][Tablet - Chrome] 💻 [Tablet] Injecting high-fidelity glossy iPad Pro mockup frame...
[fsi-ppc2][Android - Chrome] ✅ [Mobile] Page loaded successfully
[fsi-ppc2][Android - Chrome] 📱 [Mobile] Injecting high-fidelity glossy Natural Titanium iPhone 17 Pro mockup frame...
[fsi-ppc2][Android - Chrome] 📱 [Mobile] Injecting high-fidelity glossy Natural Titanium iPhone 17 Pro mockup frame...
[ftd-x][Desktop - Chrome] ✅ [Mobile] Page loaded successfully
[ftd-x][Desktop - Chrome] 💻 [Tablet] Injecting high-fidelity glossy iPad Pro mockup frame...
[ftd-x][Tablet - Chrome] 💻 [Tablet] Injecting high-fidelity glossy iPad Pro mockup frame...
[ftd-x][Android - Chrome] 🔘 [Mobile] Step 1: Selecting Debt Amount (8,527)
[fsi-ppc2][Android - Chrome] 📝 [Mobile] Starting mobile-specific form filling...
[ftd-x][Android - Chrome] 🔘 [Mobile] Found jQuery UI Slider #slider. Setting value via jQuery and DOM evaluation...
[ftd-x][Tablet - Chrome] 📝 [Mobile] Starting mobile-specific form filling...
[ftd-x][Android - Chrome] ✅ [Mobile] Set jQuery UI Slider #slider to 8,527
[ftd-x][Desktop - Chrome] 💻 [Tablet] Injecting high-fidelity glossy iPad Pro mockup frame...
[ftd-x][Desktop - Chrome] 📝 [Mobile] Starting mobile-specific form filling...
[fsi-ppc2][Android - Chrome] 🔘 [Mobile] Step 1: Selecting Debt Amount (15,000)
[fsi-ppc2][Android - Chrome] 🔍 [Mobile Dropdown Scanner] Scanning 5 dropdown options against daily range: 0 - 200000
[ftd-x][Tablet - Chrome] 🔘 [Mobile] Step 1: Selecting Debt Amount (7,786)
[ftd-x][Desktop - Chrome] 🔘 [Mobile] Step 1: Selecting Debt Amount (8,160)
[ftd-x][Tablet - Chrome] 🔘 [Mobile] Found jQuery UI Slider #slider. Setting value via jQuery and DOM evaluation...
[ftd-x][Desktop - Chrome] 🔘 [Mobile] Found jQuery UI Slider #slider. Setting value via jQuery and DOM evaluation...
[ftd-x][Tablet - Chrome] ✅ [Mobile] Set jQuery UI Slider #slider to 7,786
[ftd-x][Desktop - Chrome] ✅ [Mobile] Set jQuery UI Slider #slider to 8,160
[fsi-ppc2][Android - Chrome] ✅ [Mobile Rotational Logic] Selected dropdown choice: "$10,000 - $19,999"
[ftd-x][Android - Chrome] 🔘 [Mobile] Clicking active visible button: .next-btn1:visible, .btn-next:visible
[ftd-x][Android - Chrome] ✅ [Mobile] Clicked: .next-btn1:visible, .btn-next:visible
[fsi-ppc2][Android - Chrome] [STDERR] ⚠️ [Mobile] No active visible next button found for selector .next-btn1, .btn-next
[fsi-ppc2][Android - Chrome] 📱 [Mobile] Injecting high-fidelity glossy Natural Titanium iPhone 17 Pro mockup frame...
[ftd-x][Tablet - Chrome] 🔘 [Mobile] Clicking active visible button: .next-btn1:visible, .btn-next:visible
[fsi-ppc2][Android - Chrome] ✅ [Mobile] Reached a recognized terminal step. Stopping dynamic traversal.
[ftd-x][Desktop - Chrome] 🔘 [Mobile] Clicking active visible button: .next-btn1:visible, .btn-next:visible
[fsi-ppc2][Android - Chrome] 🔘 [Mobile] Step 2: Selecting State
[ftd-x][Tablet - Chrome] ✅ [Mobile] Clicked: .next-btn1:visible, .btn-next:visible
[fsi-ppc2][Android - Chrome] ✅ [Mobile] Selected state dynamically: "Nevada"
[fsi-ppc2][Android - Chrome] 📝 [Mobile] step3 column set to State: "Nevada"
[fsi-ppc2][Android - Chrome] 🔘 [Mobile] Clicking active visible button: .next-btn:visible, .next-btn2:visible, .btn-next:visible
[ftd-x][Desktop - Chrome] ✅ [Mobile] Clicked: .next-btn1:visible, .btn-next:visible
[fsi-ppc2][Android - Chrome] ✅ [Mobile] Clicked: .next-btn:visible, .next-btn2:visible, .btn-next:visible
[ftd-x][Android - Chrome] 📱 [Mobile] Injecting high-fidelity glossy Natural Titanium iPhone 17 Pro mockup frame...
[ftd-x][Android - Chrome] 🔘 [Mobile Rotation] Selected: "State Tax Debt"
[ftd-x][Tablet - Chrome] 💻 [Tablet] Injecting high-fidelity glossy iPad Pro mockup frame...
[ftd-x][Desktop - Chrome] 💻 [Tablet] Injecting high-fidelity glossy iPad Pro mockup frame...
[ftd-x][Tablet - Chrome] 🔘 [Mobile Rotation] Selected: "IRS Tax Debt"
[ftd-x][Desktop - Chrome] 🔘 [Mobile Rotation] Selected: "Other"
[fsi-ppc2][Android - Chrome] 📱 [Mobile] Injecting high-fidelity glossy Natural Titanium iPhone 17 Pro mockup frame...
[ftd-x][Android - Chrome] 🔘 [Mobile Rotation] Selected: "$4,000 - $6,000"
[fsi-ppc2][Android - Chrome] 🔘 [Mobile] Step 3: Filling Contact Info (Dynamic Loop)...
[fsi-ppc2][Android - Chrome] 📱 [Mobile] Injecting high-fidelity glossy Natural Titanium iPhone 17 Pro mockup frame...
[fsi-ppc2][Android - Chrome] ✅ [Mobile] Filled First Name: ckmtestpixel
[ftd-x][Android - Chrome] ✅ [Mobile] Reached a recognized terminal step. Stopping dynamic traversal.
[ftd-x][Android - Chrome] 🔘 [Mobile] Step 2: Selecting State
[fsi-ppc2][Android - Chrome] ✅ [Mobile] Filled Last Name: ckmtestpixel
[ftd-x][Android - Chrome] ✅ [Mobile] Selected state dynamically: "Mississippi"
[ftd-x][Android - Chrome] 📝 [Mobile] step3 column set to State: "Mississippi"
[ftd-x][Android - Chrome] 🔘 [Mobile] Clicking active visible button: .next-btn:visible, .next-btn2:visible, .btn-next:visible
[ftd-x][Tablet - Chrome] 🔘 [Mobile Rotation] Selected: "Less than $4,000"
[ftd-x][Android - Chrome] ✅ [Mobile] Clicked: .next-btn:visible, .next-btn2:visible, .btn-next:visible
[fsi-ppc2][Android - Chrome] ✅ [Mobile] Filled Email: ckmtestpixel@gmail.com
[ftd-x][Desktop - Chrome] 🔘 [Mobile Rotation] Selected: "Both IRS & State Tax Debt"
[fsi-ppc2][Android - Chrome] ✅ [Mobile] Filled Phone: 401-247-1077
[ftd-x][Tablet - Chrome] ✅ [Mobile] Reached a recognized terminal step. Stopping dynamic traversal.
[fsi-ppc2][Android - Chrome] 🔘 [Mobile] Clicking active contact NEXT/SUBMIT button...
[ftd-x][Tablet - Chrome] 🔘 [Mobile] Step 2: Selecting State
[ftd-x][Tablet - Chrome] ✅ [Mobile] Selected state dynamically: "Minnesota"
[ftd-x][Tablet - Chrome] 📝 [Mobile] step3 column set to State: "Minnesota"
[ftd-x][Tablet - Chrome] 🔘 [Mobile] Clicking active visible button: .next-btn:visible, .next-btn2:visible, .btn-next:visible
[ftd-x][Tablet - Chrome] ✅ [Mobile] Clicked: .next-btn:visible, .next-btn2:visible, .btn-next:visible
[ftd-x][Android - Chrome] 📱 [Mobile] Injecting high-fidelity glossy Natural Titanium iPhone 17 Pro mockup frame...
[ftd-x][Android - Chrome] 🔘 [Mobile] Step 3: Filling Contact Info (Dynamic Loop)...
[ftd-x][Android - Chrome] 📱 [Mobile] Injecting high-fidelity glossy Natural Titanium iPhone 17 Pro mockup frame...
[ftd-x][Android - Chrome] ✅ [Mobile] Filled First Name: ckmtestpixel
[ftd-x][Android - Chrome] ✅ [Mobile] Filled Last Name: ckmtestpixel
[ftd-x][Desktop - Chrome] 🔘 [Mobile Rotation] Selected: "State Tax Debt"
[ftd-x][Android - Chrome] ✅ [Mobile] Filled Email: ckmtestpixel@gmail.com
[ftd-x][Android - Chrome] ✅ [Mobile] Filled Phone: 401-247-1073
[ftd-x][Android - Chrome] 🔘 [Mobile] Clicking active contact NEXT/SUBMIT button...
[ftd-x][Tablet - Chrome] 💻 [Tablet] Injecting high-fidelity glossy iPad Pro mockup frame...
[ftd-x][Tablet - Chrome] 🔘 [Mobile] Step 3: Filling Contact Info (Dynamic Loop)...
[ftd-x][Tablet - Chrome] 💻 [Tablet] Injecting high-fidelity glossy iPad Pro mockup frame...
[ftd-x][Desktop - Chrome] 🔘 [Mobile Rotation] Selected: "More than $6,000"
[ftd-x][Tablet - Chrome] ✅ [Mobile] Filled First Name: ckmtestpixel
[ftd-x][Tablet - Chrome] ✅ [Mobile] Filled Last Name: ckmtestpixel
[ftd-x][Tablet - Chrome] ✅ [Mobile] Filled Email: ckmtestpixel@gmail.com
[ftd-x][Tablet - Chrome] ✅ [Mobile] Filled Phone: 401-247-1072
[ftd-x][Tablet - Chrome] 🔘 [Mobile] Clicking active contact NEXT/SUBMIT button...
[ftd-x][Desktop - Chrome] 🔘 [Mobile Rotation] Selected: "$4,000 - $6,000"
[ftd-x][Desktop - Chrome] ✅ [Mobile] Reached a recognized terminal step. Stopping dynamic traversal.
[fsi-ppc2][Android - Chrome] 📱 [Mobile] Injecting high-fidelity glossy Natural Titanium iPhone 17 Pro mockup frame...
[ftd-x][Desktop - Chrome] 🔘 [Mobile] Step 2: Selecting State
[fsi-ppc2][Android - Chrome] [STDERR] ⚠️ [Mobile] Failed to apply glossy iPhone 17 Pro mockup frame overlay: page.evaluate: TypeError: Cannot read properties of null (reading 'appendChild')
    at eval (eval at evaluate (:302:30), <anonymous>:133:23)
    at UtilityScript.evaluate (<anonymous>:304:16)
    at UtilityScript.<anonymous> (<anonymous>:1:44)
[fsi-ppc2][Android - Chrome] ✅ [Mobile] Thank you page or lead id detected in URL during contact loop. Exiting contact loop.
🔘 [Mobile] Scanning for additional dynamic steps...
[ftd-x][Desktop - Chrome] ✅ [Mobile] Selected state dynamically: "Michigan"
[fsi-ppc2][Android - Chrome] ✅ [Mobile] Thank you page detected during adaptive submit loop. Exiting loop.
[fsi-ppc2][Android - Chrome] 🔘 [Mobile] Submitting form
[fsi-ppc2][Android - Chrome] 💾 [Mobile] Setting hidden debt fields to: 1000019999
[ftd-x][Desktop - Chrome] 🔘 [Mobile] Clicking active visible button: .next-btn:visible, .next-btn2:visible, .btn-next:visible
[fsi-ppc2][Android - Chrome] ⏳ [Mobile] Waiting for submission navigation to complete
[ftd-x][Desktop - Chrome] ✅ [Mobile] Clicked: .next-btn:visible, .next-btn2:visible, .btn-next:visible
[ftd-x][Desktop - Chrome] 💻 [Tablet] Injecting high-fidelity glossy iPad Pro mockup frame...
[ftd-x][Desktop - Chrome] 🔘 [Mobile] Step 3: Filling Contact Info (Dynamic Loop)...
[ftd-x][Desktop - Chrome] 💻 [Tablet] Injecting high-fidelity glossy iPad Pro mockup frame...
[ftd-x][Desktop - Chrome] ✅ [Mobile] Filled First Name: ckmtestpixel
[ftd-x][Desktop - Chrome] ✅ [Mobile] Filled Last Name: ckmtestpixel
[ftd-x][Desktop - Chrome] ✅ [Mobile] Filled Email: ckmtestpixel@gmail.com
[ftd-x][Desktop - Chrome] ✅ [Mobile] Filled Phone: 401-247-1071
[ftd-x][Desktop - Chrome] 🔘 [Mobile] Clicking active contact NEXT/SUBMIT button...
[ftd-x][Android - Chrome] 📱 [Mobile] Injecting high-fidelity glossy Natural Titanium iPhone 17 Pro mockup frame...
[ftd-x][Android - Chrome] ✅ [Mobile] Thank you page or lead id detected in URL during contact loop. Exiting contact loop.
[ftd-x][Android - Chrome] 🔘 [Mobile] Scanning for additional dynamic steps...
[ftd-x][Android - Chrome] ✅ [Mobile] Thank you page detected during adaptive submit loop. Exiting loop.
[ftd-x][Android - Chrome] 🔘 [Mobile] Submitting form
[ftd-x][Android - Chrome] 💾 [Mobile] Setting hidden debt fields to: 8527
[ftd-x][Tablet - Chrome] 💻 [Tablet] Injecting high-fidelity glossy iPad Pro mockup frame...
[ftd-x][Tablet - Chrome] ✅ [Mobile] Thank you page or lead id detected in URL during contact loop. Exiting contact loop.
[ftd-x][Tablet - Chrome] 🔘 [Mobile] Scanning for additional dynamic steps...
[ftd-x][Tablet - Chrome] ✅ [Mobile] Thank you page detected during adaptive submit loop. Exiting loop.
[ftd-x][Tablet - Chrome] 🔘 [Mobile] Submitting form
[ftd-x][Tablet - Chrome] 💾 [Mobile] Setting hidden debt fields to: 7786
[ftd-x][Android - Chrome] ⏳ [Mobile] Waiting for submission navigation to complete
[ftd-x][Tablet - Chrome] ⏳ [Mobile] Waiting for submission navigation to complete
[ftd-x][Desktop - Chrome] 💻 [Tablet] Injecting high-fidelity glossy iPad Pro mockup frame...
[ftd-x][Desktop - Chrome] [STDERR] ⚠️ [Tablet] Failed to apply glossy iPad Pro mockup frame overlay: page.evaluate: TypeError: Cannot read properties of null (reading 'appendChild')
    at eval (eval at evaluate (:302:30), <anonymous>:104:23)
    at UtilityScript.evaluate (<anonymous>:304:16)
    at UtilityScript.<anonymous> (<anonymous>:1:44)
[ftd-x][Desktop - Chrome] ✅ [Mobile] Thank you page or lead id detected in URL during contact loop. Exiting contact loop.
🔘 [Mobile] Scanning for additional dynamic steps...
[ftd-x][Desktop - Chrome] ✅ [Mobile] Thank you page detected during adaptive submit loop. Exiting loop.
[ftd-x][Desktop - Chrome] 🔘 [Mobile] Submitting form
💾 [Mobile] Setting hidden debt fields to: 8160
[ftd-x][Desktop - Chrome] ⏳ [Mobile] Waiting for submission navigation to complete
[fsi-ppc2][Android - Chrome] [STDERR] ⚠️ [Mobile] Standard submit buttons not found, consulting AI Agent...
[fsi-ppc2][Android - Chrome] 🤖 [AI Agent] Analyzing Submit button for global...
[fsi-ppc2][Android - Chrome] ⏳ [Mobile] Waiting for final Thank You page redirection...
[fsi-ppc2][Android - Chrome] ✅ [Mobile] Targeted final redirect URL achieved!
[fsi-ppc2][Android - Chrome] ✅ [Mobile] Final Thank You URL: https://www.fresh-start-initiative.com/ty_next/?debt=10000&leadid=18A657C6&reqid=26858496&affid=659&subid=#s1#
📋 [Pre-Fix] Thank-you URL before debt correction: https://www.fresh-start-initiative.com/ty_next/?debt=10000&leadid=18A657C6&reqid=26858496&affid=659&subid=#s1#
💾 [Debt Debug] formPage.selectedSliderAmount = "$10,000 - $19,999"
💾 [Debt Debug] selectedDebtNum (numeric) = "1000019999"
[fsi-ppc2][Android - Chrome] 🔧 [Debt Fix] Current debt in URL: 10000, Should be: 1000019999
🔧 [Debt Fix] Correcting debt parameter: 10000 → 1000019999
[fsi-ppc2][Android - Chrome] ✅ [Debt Fix] Updated thank-you URL: https://www.fresh-start-initiative.com/ty_next/?debt=1000019999&leadid=18A657C6&reqid=26858496&affid=659&subid=#s1#
[fsi-ppc2][Android - Chrome] 📱 [Mobile Diagnostic] Full Thank You URL Parameters: {"debt":"1000019999","leadid":"18A657C6","reqid":"26858496","affid":"659","subid":""}
[fsi-ppc2][Android - Chrome] ✅ [Mobile] Extracted Lead ID: 18A657C6
[fsi-ppc2][Android - Chrome] 📱 Device Type detected: Android - Chrome
[fsi-ppc2][Android - Chrome] ✅ Lead captured: 18A657C6
[fsi-ppc2][Android - Chrome] 📡 Fetching First API data for Lead ID: 18A657C6...
[fsi-ppc2][Android - Chrome] [STDERR] ❌ First API Attempt 1 failed: Invalid URL
[fsi-ppc2][Android - Chrome] ⏳ Retrying in 1 second...
[fsi-ppc2][Android - Chrome] [STDERR] ❌ First API Attempt 2 failed: Invalid URL
[fsi-ppc2][Android - Chrome] ⏳ Retrying in 1 second...
[fsi-ppc2][Android - Chrome] [STDERR] ❌ First API Attempt 3 failed: Invalid URL
[fsi-ppc2][Android - Chrome] 📡 Fetching Second API data for Lead ID: 18A657C6...
[fsi-ppc2][Android - Chrome] 📡 Standard Second API Payload: cake_id=18A657C6, domain_name=https://www.freshstartinitiative.com
[fsi-ppc2][Android - Chrome] [STDERR] ❌ Second API Attempt 1 failed: Invalid URL
[fsi-ppc2][Android - Chrome] ⏳ Retrying in 1 second to allow database synchronization...
[fsi-ppc2][Android - Chrome] 📡 Standard Second API Payload: cake_id=18A657C6, domain_name=https://www.freshstartinitiative.com
[fsi-ppc2][Android - Chrome] [STDERR] ❌ Second API Attempt 2 failed: Invalid URL
[fsi-ppc2][Android - Chrome] ⏳ Retrying in 1 second to allow database synchronization...
[fsi-ppc2][Android - Chrome] 📡 Standard Second API Payload: cake_id=18A657C6, domain_name=https://www.freshstartinitiative.com
[fsi-ppc2][Android - Chrome] [STDERR] ❌ Second API Attempt 3 failed: Invalid URL
[fsi-ppc2][Android - Chrome] ⏳ Retrying in 1 second to allow database synchronization...
[ftd-x][Android - Chrome] [STDERR] ⚠️ [Mobile] Standard submit buttons not found, consulting AI Agent...
[ftd-x][Android - Chrome] 🤖 [AI Agent] Analyzing Submit button for global...
[ftd-x][Android - Chrome] ⏳ [Mobile] Waiting for final Thank You page redirection...
[ftd-x][Android - Chrome] ✅ [Mobile] Targeted final redirect URL achieved!
[ftd-x][Android - Chrome] ✅ [Mobile] Final Thank You URL: https://www.fidelity-tax-defense.net/thankyou_ts_checklist.php?debt=8527&leadid=3FF8376C&affid=659&reqid=26858498&subid=#s1#&employment=#employment#
[ftd-x][Android - Chrome] 📋 [Pre-Fix] Thank-you URL before debt correction: https://www.fidelity-tax-defense.net/thankyou_ts_checklist.php?debt=8527&leadid=3FF8376C&affid=659&reqid=26858498&subid=#s1#&employment=#employment#
💾 [Debt Debug] formPage.selectedSliderAmount = "8,527"
💾 [Debt Debug] selectedDebtNum (numeric) = "8527"
[ftd-x][Android - Chrome] 🔧 [Debt Fix] Current debt in URL: 8527, Should be: 8527
✅ [Debt Fix] Debt parameter already correct
[ftd-x][Android - Chrome] 📱 [Mobile Diagnostic] Full Thank You URL Parameters: {"debt":"8527","leadid":"3FF8376C","affid":"659","reqid":"26858498","subid":""}
[ftd-x][Android - Chrome] ✅ [Mobile] Extracted Lead ID: 3FF8376C
[ftd-x][Android - Chrome] 📱 Device Type detected: Android - Chrome
[ftd-x][Android - Chrome] ✅ Lead captured: 3FF8376C
[ftd-x][Android - Chrome] 📡 Fetching First API data for Lead ID: 3FF8376C...
[ftd-x][Tablet - Chrome] [STDERR] ⚠️ [Mobile] Standard submit buttons not found, consulting AI Agent...
[ftd-x][Tablet - Chrome] 🤖 [AI Agent] Analyzing Submit button for global...
[ftd-x][Tablet - Chrome] ⏳ [Mobile] Waiting for final Thank You page redirection...
[ftd-x][Tablet - Chrome] ✅ [Mobile] Targeted final redirect URL achieved!
[ftd-x][Tablet - Chrome] ✅ [Mobile] Final Thank You URL: https://www.fidelity-tax-defense.net/thankyou_ts_checklist.php?debt=7786&leadid=B9A76435&affid=659&reqid=26858497&subid=#s1#&employment=#employment#
[ftd-x][Tablet - Chrome] 📋 [Pre-Fix] Thank-you URL before debt correction: https://www.fidelity-tax-defense.net/thankyou_ts_checklist.php?debt=7786&leadid=B9A76435&affid=659&reqid=26858497&subid=#s1#&employment=#employment#
💾 [Debt Debug] formPage.selectedSliderAmount = "7,786"
💾 [Debt Debug] selectedDebtNum (numeric) = "7786"
[ftd-x][Tablet - Chrome] 🔧 [Debt Fix] Current debt in URL: 7786, Should be: 7786
✅ [Debt Fix] Debt parameter already correct
[ftd-x][Tablet - Chrome] 📱 [Mobile Diagnostic] Full Thank You URL Parameters: {"debt":"7786","leadid":"B9A76435","affid":"659","reqid":"26858497","subid":""}
[ftd-x][Tablet - Chrome] ✅ [Mobile] Extracted Lead ID: B9A76435
[ftd-x][Tablet - Chrome] 📱 Device Type detected: Tablet - Chrome
[ftd-x][Tablet - Chrome] ✅ Lead captured: B9A76435
[ftd-x][Tablet - Chrome] 📡 Fetching First API data for Lead ID: B9A76435...
[ftd-x][Android - Chrome] [STDERR] ❌ First API Attempt 1 failed: Invalid URL
[ftd-x][Android - Chrome] ⏳ Retrying in 1 second...
[ftd-x][Tablet - Chrome] [STDERR] ❌ First API Attempt 1 failed: Invalid URL
[ftd-x][Tablet - Chrome] ⏳ Retrying in 1 second...
[fsi-ppc2][Android - Chrome] 📡 Standard Second API Payload: cake_id=18A657C6, domain_name=https://www.freshstartinitiative.com
[fsi-ppc2][Android - Chrome] [STDERR] ❌ Second API Attempt 4 failed: Invalid URL
[fsi-ppc2][Android - Chrome] ⏳ Retrying in 1 second to allow database synchronization...
[ftd-x][Android - Chrome] [STDERR] ❌ First API Attempt 2 failed: Invalid URL
[ftd-x][Android - Chrome] ⏳ Retrying in 1 second...
[ftd-x][Desktop - Chrome] [STDERR] ⚠️ [Mobile] Standard submit buttons not found, consulting AI Agent...
[ftd-x][Desktop - Chrome] 🤖 [AI Agent] Analyzing Submit button for global...
[ftd-x][Tablet - Chrome] [STDERR] ❌ First API Attempt 2 failed: Invalid URL
[ftd-x][Tablet - Chrome] ⏳ Retrying in 1 second...
[ftd-x][Desktop - Chrome] ⏳ [Mobile] Waiting for final Thank You page redirection...
[ftd-x][Desktop - Chrome] ✅ [Mobile] Targeted final redirect URL achieved!
[ftd-x][Desktop - Chrome] ✅ [Mobile] Final Thank You URL: https://www.fidelity-tax-defense.net/thankyou_ts_checklist.php?debt=8160&leadid=390474FF&affid=659&reqid=26858499&subid=#s1#&employment=#employment#
📋 [Pre-Fix] Thank-you URL before debt correction: https://www.fidelity-tax-defense.net/thankyou_ts_checklist.php?debt=8160&leadid=390474FF&affid=659&reqid=26858499&subid=#s1#&employment=#employment#
💾 [Debt Debug] formPage.selectedSliderAmount = "8,160"
💾 [Debt Debug] selectedDebtNum (numeric) = "8160"
[ftd-x][Desktop - Chrome] 🔧 [Debt Fix] Current debt in URL: 8160, Should be: 8160
[ftd-x][Desktop - Chrome] ✅ [Debt Fix] Debt parameter already correct
[ftd-x][Desktop - Chrome] 📱 [Mobile Diagnostic] Full Thank You URL Parameters: {"debt":"8160","leadid":"390474FF","affid":"659","reqid":"26858499","subid":""}
[ftd-x][Desktop - Chrome] ✅ [Mobile] Extracted Lead ID: 390474FF
[ftd-x][Desktop - Chrome] 📱 Device Type detected: Desktop - Chrome
[ftd-x][Desktop - Chrome] ✅ Lead captured: 390474FF
[ftd-x][Desktop - Chrome] 📡 Fetching First API data for Lead ID: 390474FF...
[fsi-ppc2][Android - Chrome] 📡 Standard Second API Payload: cake_id=18A657C6, domain_name=https://www.freshstartinitiative.com
[fsi-ppc2][Android - Chrome] [STDERR] ❌ Second API Attempt 5 failed: Invalid URL
[fsi-ppc2][Android - Chrome] 📡 [Rest-Assurance] Verifying Lead ID: 18A657C6 via Backend...
[fsi-ppc2][Android - Chrome] [STDERR] 🛡️  [Rest-Assurance] VERIFICATION_FAILED: Invalid URL
[fsi-ppc2][Android - Chrome] [STDERR] (node:8024) Warning: Setting the NODE_TLS_REJECT_UNAUTHORIZED environment variable to '0' makes TLS connections and HTTPS requests insecure by disabling certificate verification.
(Use `node --trace-warnings ...` to show where the warning was created)
[ftd-x][Desktop - Chrome] [STDERR] ❌ First API Attempt 1 failed: Invalid URL
[ftd-x][Desktop - Chrome] ⏳ Retrying in 1 second...
[ftd-x][Android - Chrome] [STDERR] ❌ First API Attempt 3 failed: Invalid URL
[ftd-x][Android - Chrome] 📡 Fetching Second API data for Lead ID: 3FF8376C...
[ftd-x][Android - Chrome] 📡 Standard Second API Payload: cake_id=3FF8376C, domain_name=https://fidelity-tax-defense.net
[ftd-x][Android - Chrome] [STDERR] ❌ Second API Attempt 1 failed: Invalid URL
[ftd-x][Android - Chrome] ⏳ Retrying in 1 second to allow database synchronization...
[ftd-x][Tablet - Chrome] [STDERR] ❌ First API Attempt 3 failed: Invalid URL
[ftd-x][Tablet - Chrome] 📡 Fetching Second API data for Lead ID: B9A76435...
[ftd-x][Tablet - Chrome] 📡 Standard Second API Payload: cake_id=B9A76435, domain_name=https://fidelity-tax-defense.net
[ftd-x][Tablet - Chrome] [STDERR] ❌ Second API Attempt 1 failed: Invalid URL
[ftd-x][Tablet - Chrome] ⏳ Retrying in 1 second to allow database synchronization...
[ftd-x][Desktop - Chrome] [STDERR] ❌ First API Attempt 2 failed: Invalid URL
[ftd-x][Desktop - Chrome] ⏳ Retrying in 1 second...
[fsi-ppc2][Android - Chrome] ✅ Row appended successfully to sheet: FSI-PPC2
[ftd-x][Android - Chrome] 📡 Standard Second API Payload: cake_id=3FF8376C, domain_name=https://fidelity-tax-defense.net
[ftd-x][Android - Chrome] [STDERR] ❌ Second API Attempt 2 failed: Invalid URL
[ftd-x][Android - Chrome] ⏳ Retrying in 1 second to allow database synchronization...
[ftd-x][Tablet - Chrome] 📡 Standard Second API Payload: cake_id=B9A76435, domain_name=https://fidelity-tax-defense.net
[ftd-x][Tablet - Chrome] [STDERR] ❌ Second API Attempt 2 failed: Invalid URL
[ftd-x][Tablet - Chrome] ⏳ Retrying in 1 second to allow database synchronization...
[ftd-x][Desktop - Chrome] [STDERR] ❌ First API Attempt 3 failed: Invalid URL
[ftd-x][Desktop - Chrome] 📡 Fetching Second API data for Lead ID: 390474FF...
[ftd-x][Desktop - Chrome] 📡 Standard Second API Payload: cake_id=390474FF, domain_name=https://fidelity-tax-defense.net
[ftd-x][Desktop - Chrome] [STDERR] ❌ Second API Attempt 1 failed: Invalid URL
[ftd-x][Desktop - Chrome] ⏳ Retrying in 1 second to allow database synchronization...
[fsi-ppc2][Android - Chrome] ✨ Professional formatting applied to FSI-PPC2
[fsi-ppc2][Android - Chrome] 🤖 [AI Agent Audit] Status: FAIL
🤖 [AI Agent Audit] Details: MISMATCH DETECTED: UI $10,000 - $19,999 Expected 10,000 but API got undefined
[fsi-ppc2][Android - Chrome] [STDERR] 🚨 [AI Agent] Data mismatch detected for FSI-PPC2 Mobile. Please review Google Sheet.
[fsi-ppc2][Android - Chrome] ✅ Lead processed successfully for FSI-PPC2 Mobile
[ftd-x][Android - Chrome] 📡 Standard Second API Payload: cake_id=3FF8376C, domain_name=https://fidelity-tax-defense.net
[ftd-x][Android - Chrome] [STDERR] ❌ Second API Attempt 3 failed: Invalid URL
[ftd-x][Android - Chrome] ⏳ Retrying in 1 second to allow database synchronization...
[ftd-x][Tablet - Chrome] 📡 Standard Second API Payload: cake_id=B9A76435, domain_name=https://fidelity-tax-defense.net
[ftd-x][Tablet - Chrome] [STDERR] ❌ Second API Attempt 3 failed: Invalid URL
[ftd-x][Tablet - Chrome] ⏳ Retrying in 1 second to allow database synchronization...
[ftd-x][Desktop - Chrome] 📡 Standard Second API Payload: cake_id=390474FF, domain_name=https://fidelity-tax-defense.net
[ftd-x][Desktop - Chrome] [STDERR] ❌ Second API Attempt 2 failed: Invalid URL
[ftd-x][Desktop - Chrome] ⏳ Retrying in 1 second to allow database synchronization...
[ftd-x][Android - Chrome] 📡 Standard Second API Payload: cake_id=3FF8376C, domain_name=https://fidelity-tax-defense.net
[ftd-x][Android - Chrome] [STDERR] ❌ Second API Attempt 4 failed: Invalid URL
[ftd-x][Android - Chrome] ⏳ Retrying in 1 second to allow database synchronization...
[fsi-ppc2][Android - Chrome] 🎥 Video saved successfully: traces/videos/FSI-PPC2_FSI-PPC2_Mobile.webm
[fsi-ppc2][Android - Chrome] 
✅ Execution successfully processed! { success: true, leadId: '18A657C6', brand: 'FSI-PPC2 Mobile' }
[ftd-x][Tablet - Chrome] 📡 Standard Second API Payload: cake_id=B9A76435, domain_name=https://fidelity-tax-defense.net
[ftd-x][Tablet - Chrome] [STDERR] ❌ Second API Attempt 4 failed: Invalid URL
[ftd-x][Tablet - Chrome] ⏳ Retrying in 1 second to allow database synchronization...
[fsi-ppc2][Android - Chrome] 📋 Trace report successfully saved: traces/fsi-ppc2_mobile.zip
[ftd-x][Desktop - Chrome] 📡 Standard Second API Payload: cake_id=390474FF, domain_name=https://fidelity-tax-defense.net
[ftd-x][Desktop - Chrome] [STDERR] ❌ Second API Attempt 3 failed: Invalid URL
[ftd-x][Desktop - Chrome] ⏳ Retrying in 1 second to allow database synchronization...
✅ [3/6/2026, 7:02:00 pm] COMPLETED: fsi-ppc2 [Android - Chrome][CHROMIUM]

================================================================
🚀 [3/6/2026, 7:02:00 pm] RUNNING: FSI-PPC2 [TABLET - CHROME]
🔗 Target URL: https://fsimlf-trk.com/?a=659&oc=750&c=143&s1=
================================================================
[ftd-x][Android - Chrome] 📡 Standard Second API Payload: cake_id=3FF8376C, domain_name=https://fidelity-tax-defense.net
[ftd-x][Android - Chrome] [STDERR] ❌ Second API Attempt 5 failed: Invalid URL
[ftd-x][Android - Chrome] 📡 [Rest-Assurance] Verifying Lead ID: 3FF8376C via Backend...
[ftd-x][Android - Chrome] [STDERR] 🛡️  [Rest-Assurance] VERIFICATION_FAILED: Invalid URL
[ftd-x][Android - Chrome] [STDERR] (node:20352) Warning: Setting the NODE_TLS_REJECT_UNAUTHORIZED environment variable to '0' makes TLS connections and HTTPS requests insecure by disabling certificate verification.
(Use `node --trace-warnings ...` to show where the warning was created)
[ftd-x][Tablet - Chrome] 📡 Standard Second API Payload: cake_id=B9A76435, domain_name=https://fidelity-tax-defense.net
[ftd-x][Tablet - Chrome] [STDERR] ❌ Second API Attempt 5 failed: Invalid URL
[ftd-x][Tablet - Chrome] 📡 [Rest-Assurance] Verifying Lead ID: B9A76435 via Backend...
[ftd-x][Tablet - Chrome] [STDERR] 🛡️  [Rest-Assurance] VERIFICATION_FAILED: Invalid URL
[fsi-ppc2][Tablet - Chrome] 🔌 [Browser Interceptor] Intercepting and optimizing engine: CHROMIUM
[fsi-ppc2][Tablet - Chrome] ◇ injected env (0) from .env // tip: ◈ secrets for agents [www.dotenvx.com]
[ftd-x][Tablet - Chrome] [STDERR] (node:18640) Warning: Setting the NODE_TLS_REJECT_UNAUTHORIZED environment variable to '0' makes TLS connections and HTTPS requests insecure by disabling certificate verification.
(Use `node --trace-warnings ...` to show where the warning was created)
[fsi-ppc2][Tablet - Chrome] ◇ injected env (0) from .env // tip: ⌘ multiple files { path: ['.env.local', '.env'] }
[fsi-ppc2][Tablet - Chrome] ◇ injected env (0) from .env // tip: ⌘ enable debugging { debug: true }
[ftd-x][Desktop - Chrome] 📡 Standard Second API Payload: cake_id=390474FF, domain_name=https://fidelity-tax-defense.net
[ftd-x][Desktop - Chrome] [STDERR] ❌ Second API Attempt 4 failed: Invalid URL
[ftd-x][Desktop - Chrome] ⏳ Retrying in 1 second to allow database synchronization...
[fsi-ppc2][Tablet - Chrome] ◇ injected env (0) from .env // tip: ⌘ override existing { override: true }
[fsi-ppc2][Tablet - Chrome] ◇ injected env (0) from .env // tip: ◈ encrypted .env [www.dotenvx.com]
[fsi-ppc2][Tablet - Chrome] 
🤖 ================================================================
🤖 MASTER RUNNER: LAUNCHING FSI-PPC2
🤖 Mode:            TABLET
[fsi-ppc2][Tablet - Chrome] 🤖 Tracking URL:     https://fsimlf-trk.com/?a=659&oc=750&c=143&s1=
🤖 Target Sheet:    FSI-PPC2
🤖 ================================================================
[fsi-ppc2][Tablet - Chrome] 🔌 [Browser Interceptor] Intercepting and optimizing engine: CHROMIUM
[fsi-ppc2][Tablet - Chrome] 📋 Emulated Device Profile: TABLET (iPad Pro 11) - [Tablet - Chrome]
[ftd-x][Android - Chrome] ✅ Row appended successfully to sheet: FTD-X
[fsi-ppc2][Tablet - Chrome] ⏳ Delaying 200ms to allow responsive layouts to mount...
[ftd-x][Tablet - Chrome] ✅ Row appended successfully to sheet: FTD-X
[fsi-ppc2][Tablet - Chrome] 🔄 Processing lead for brand: FSI-PPC2 Tablet
[fsi-ppc2][Tablet - Chrome] 📊 Campaign execution run index: 78
[fsi-ppc2][Tablet - Chrome] 🔗 [Mobile] Navigating to: https://fsimlf-trk.com/?a=659&oc=750&c=143&s1=
[ftd-x][Desktop - Chrome] 📡 Standard Second API Payload: cake_id=390474FF, domain_name=https://fidelity-tax-defense.net
[ftd-x][Desktop - Chrome] [STDERR] ❌ Second API Attempt 5 failed: Invalid URL
[ftd-x][Desktop - Chrome] 📡 [Rest-Assurance] Verifying Lead ID: 390474FF via Backend...
[ftd-x][Desktop - Chrome] [STDERR] 🛡️  [Rest-Assurance] VERIFICATION_FAILED: Invalid URL
[ftd-x][Desktop - Chrome] [STDERR] (node:5824) Warning: Setting the NODE_TLS_REJECT_UNAUTHORIZED environment variable to '0' makes TLS connections and HTTPS requests insecure by disabling certificate verification.
(Use `node --trace-warnings ...` to show where the warning was created)
[ftd-x][Android - Chrome] ✨ Professional formatting applied to FTD-X
[ftd-x][Android - Chrome] 🤖 [AI Agent Audit] Status: FAIL
🤖 [AI Agent Audit] Details: MISMATCH DETECTED: UI 8,527 Expected 7,500 but API got undefined
[ftd-x][Android - Chrome] [STDERR] 🚨 [AI Agent] Data mismatch detected for FTD-X Mobile. Please review Google Sheet.
[ftd-x][Android - Chrome] ✅ Lead processed successfully for FTD-X Mobile
[ftd-x][Tablet - Chrome] ✨ Professional formatting applied to FTD-X
[ftd-x][Tablet - Chrome] 🤖 [AI Agent Audit] Status: FAIL
🤖 [AI Agent Audit] Details: MISMATCH DETECTED: UI 7,786 Expected 7,500 but API got undefined
[ftd-x][Tablet - Chrome] [STDERR] 🚨 [AI Agent] Data mismatch detected for FTD-X Tablet. Please review Google Sheet.
[ftd-x][Tablet - Chrome] ✅ Lead processed successfully for FTD-X Tablet
[ftd-x][Desktop - Chrome] ✅ Row appended successfully to sheet: FTD-X
[ftd-x][Desktop - Chrome] ✨ Professional formatting applied to FTD-X
[ftd-x][Desktop - Chrome] 🤖 [AI Agent Audit] Status: FAIL
🤖 [AI Agent Audit] Details: MISMATCH DETECTED: UI 8,160 Expected 7,500 but API got undefined
[ftd-x][Desktop - Chrome] [STDERR] 🚨 [AI Agent] Data mismatch detected for FTD-X. Please review Google Sheet.
[ftd-x][Desktop - Chrome] ✅ Lead processed successfully for FTD-X
[ftd-x][Android - Chrome] 🎥 Video saved successfully: traces/videos/FTD-X_FTD-X_Mobile.webm
[ftd-x][Android - Chrome] 
✅ Execution successfully processed! { success: true, leadId: '3FF8376C', brand: 'FTD-X Mobile' }
[ftd-x][Android - Chrome] 📋 Trace report successfully saved: traces/ftd-x_mobile.zip
[ftd-x][Tablet - Chrome] 🎥 Video saved successfully: traces/videos/FTD-X_FTD-X_Tablet.webm
[ftd-x][Tablet - Chrome] 
✅ Execution successfully processed! { success: true, leadId: 'B9A76435', brand: 'FTD-X Tablet' }
✅ [3/6/2026, 7:02:06 pm] COMPLETED: ftd-x [Android - Chrome][CHROMIUM]

================================================================
🚀 [3/6/2026, 7:02:06 pm] RUNNING: FSI-PPC2 [DESKTOP - CHROME]
🔗 Target URL: https://fsimlf-trk.com/?a=659&oc=750&c=143&s1=
================================================================
[fsi-ppc2][Tablet - Chrome] ✅ [Mobile] Page loaded successfully
[fsi-ppc2][Tablet - Chrome] 💻 [Tablet] Injecting high-fidelity glossy iPad Pro mockup frame...
[fsi-ppc2][Tablet - Chrome] 💻 [Tablet] Injecting high-fidelity glossy iPad Pro mockup frame...
[fsi-ppc2][Tablet - Chrome] 📝 [Mobile] Starting mobile-specific form filling...
[fsi-ppc2][Desktop - Chrome] 🔌 [Browser Interceptor] Intercepting and optimizing engine: CHROMIUM
[fsi-ppc2][Desktop - Chrome] ◇ injected env (0) from .env // tip: ⌘ suppress logs { quiet: true }
[fsi-ppc2][Desktop - Chrome] ◇ injected env (0) from .env // tip: ⌘ suppress logs { quiet: true }
[fsi-ppc2][Tablet - Chrome] 🔘 [Mobile] Step 1: Selecting Debt Amount (35,000)
[ftd-x][Tablet - Chrome] 📋 Trace report successfully saved: traces/ftd-x_tablet.zip
[fsi-ppc2][Tablet - Chrome] 🔍 [Mobile Dropdown Scanner] Scanning 5 dropdown options against daily range: 0 - 200000
[fsi-ppc2][Desktop - Chrome] ◇ injected env (0) from .env // tip: ⌁ auth for agents [www.vestauth.com]
[fsi-ppc2][Tablet - Chrome] ✅ [Mobile Rotational Logic] Selected dropdown choice: "$20,000 - $50,000"
✅ [3/6/2026, 7:02:07 pm] COMPLETED: ftd-x [Tablet - Chrome][CHROMIUM]

================================================================
🚀 [3/6/2026, 7:02:07 pm] RUNNING: TRA-CPL [ANDROID - CHROME]
🔗 Target URL: https://flmtra.com/?a=659&oc=756&c=2210&s1=
================================================================
[fsi-ppc2][Tablet - Chrome] [STDERR] ⚠️ [Mobile] No active visible next button found for selector .next-btn1, .btn-next
[fsi-ppc2][Tablet - Chrome] 💻 [Tablet] Injecting high-fidelity glossy iPad Pro mockup frame...
[fsi-ppc2][Tablet - Chrome] ✅ [Mobile] Reached a recognized terminal step. Stopping dynamic traversal.
[fsi-ppc2][Tablet - Chrome] 🔘 [Mobile] Step 2: Selecting State
[fsi-ppc2][Tablet - Chrome] ✅ [Mobile] Selected state dynamically: "New Hampshire"
[fsi-ppc2][Tablet - Chrome] 📝 [Mobile] step3 column set to State: "New Hampshire"
[fsi-ppc2][Tablet - Chrome] 🔘 [Mobile] Clicking active visible button: .next-btn:visible, .next-btn2:visible, .btn-next:visible
[fsi-ppc2][Tablet - Chrome] ✅ [Mobile] Clicked: .next-btn:visible, .next-btn2:visible, .btn-next:visible
[ftd-x][Desktop - Chrome] 🎥 Video saved successfully: traces/videos/FTD-X_FTD-X.webm
[ftd-x][Desktop - Chrome] 
✅ Execution successfully processed! { success: true, leadId: '390474FF', brand: 'FTD-X' }
[tra-cpl][Android - Chrome] 🔌 [Browser Interceptor] Intercepting and optimizing engine: CHROMIUM
[tra-cpl][Android - Chrome] ◇ injected env (0) from .env // tip: ⌘ enable debugging { debug: true }
[tra-cpl][Android - Chrome] ◇ injected env (0) from .env // tip: ⌘ override existing { override: true }
[tra-cpl][Android - Chrome] ◇ injected env (0) from .env // tip: ⌘ override existing { override: true }
[ftd-x][Desktop - Chrome] 📋 Trace report successfully saved: traces/ftd-x_desktop.zip
[fsi-ppc2][Desktop - Chrome] ◇ injected env (0) from .env // tip: ⌘ suppress logs { quiet: true }
[fsi-ppc2][Desktop - Chrome] ◇ injected env (0) from .env // tip: ⌘ suppress logs { quiet: true }
[fsi-ppc2][Desktop - Chrome] 
🤖 ================================================================
[fsi-ppc2][Desktop - Chrome] 🤖 MASTER RUNNER: LAUNCHING FSI-PPC2
🤖 Mode:            DESKTOP
🤖 Tracking URL:     https://fsimlf-trk.com/?a=659&oc=750&c=143&s1=
[fsi-ppc2][Desktop - Chrome] 🤖 Target Sheet:    FSI-PPC2
🤖 ================================================================
[fsi-ppc2][Desktop - Chrome] 🔌 [Browser Interceptor] Intercepting and optimizing engine: CHROMIUM
✅ [3/6/2026, 7:02:09 pm] COMPLETED: ftd-x [Desktop - Chrome][CHROMIUM]

================================================================
🚀 [3/6/2026, 7:02:09 pm] RUNNING: TRA-CPL [TABLET - CHROME]
🔗 Target URL: https://flmtra.com/?a=659&oc=756&c=2210&s1=
================================================================
[fsi-ppc2][Tablet - Chrome] 💻 [Tablet] Injecting high-fidelity glossy iPad Pro mockup frame...
[fsi-ppc2][Desktop - Chrome] 💻 Emulated Device Profile: DESKTOP - [Desktop - Chrome]
[fsi-ppc2][Desktop - Chrome] 🔄 Processing lead for brand: FSI-PPC2
[fsi-ppc2][Desktop - Chrome] 📊 Campaign execution run index: 79
[fsi-ppc2][Tablet - Chrome] 🔘 [Mobile] Step 3: Filling Contact Info (Dynamic Loop)...
[fsi-ppc2][Desktop - Chrome] 🔗 [Mobile] Navigating to: https://fsimlf-trk.com/?a=659&oc=750&c=143&s1=
[fsi-ppc2][Tablet - Chrome] 💻 [Tablet] Injecting high-fidelity glossy iPad Pro mockup frame...
[fsi-ppc2][Tablet - Chrome] ✅ [Mobile] Filled First Name: ckmtestpixel
[fsi-ppc2][Tablet - Chrome] ✅ [Mobile] Filled Last Name: ckmtestpixel
[tra-cpl][Tablet - Chrome] 🔌 [Browser Interceptor] Intercepting and optimizing engine: CHROMIUM
[tra-cpl][Tablet - Chrome] ◇ injected env (0) from .env // tip: ⌘ override existing { override: true }
[tra-cpl][Tablet - Chrome] ◇ injected env (0) from .env // tip: ◈ secrets for agents [www.dotenvx.com]
[fsi-ppc2][Tablet - Chrome] ✅ [Mobile] Filled Email: ckmtestpixel@gmail.com
[fsi-ppc2][Tablet - Chrome] ✅ [Mobile] Filled Phone: 401-247-1078
[tra-cpl][Tablet - Chrome] ◇ injected env (0) from .env // tip: ⌘ multiple files { path: ['.env.local', '.env'] }
[fsi-ppc2][Tablet - Chrome] 🔘 [Mobile] Clicking active contact NEXT/SUBMIT button...
[tra-cpl][Android - Chrome] ◇ injected env (0) from .env // tip: ⌘ enable debugging { debug: true }
[tra-cpl][Android - Chrome] ◇ injected env (0) from .env // tip: ◈ encrypted .env [www.dotenvx.com]
[tra-cpl][Android - Chrome] 
🤖 ================================================================
[tra-cpl][Android - Chrome] 🤖 MASTER RUNNER: LAUNCHING TRA-CPL
🤖 Mode:            MOBILE
🤖 Tracking URL:     https://flmtra.com/?a=659&oc=756&c=2210&s1=
[tra-cpl][Android - Chrome] 🤖 Target Sheet:    TRA-CPL
🤖 ================================================================
[tra-cpl][Android - Chrome] 🔌 [Browser Interceptor] Intercepting and optimizing engine: CHROMIUM
[tra-cpl][Android - Chrome] 📋 Emulated Device Profile: MOBILE (Pixel 7) - [Android - Chrome]
[tra-cpl][Android - Chrome] ⏳ Delaying 200ms to allow responsive layouts to mount...
[tra-cpl][Android - Chrome] 🔄 Processing lead for brand: TRA-CPL Mobile
[tra-cpl][Android - Chrome] 📊 Campaign execution run index: 73
[tra-cpl][Android - Chrome] 📅 [Rotational Logic] Week 1 Day 3. Target Range: 7500-10000 (Max allowed by URL: 30000)
[tra-cpl][Android - Chrome] 🔗 [Mobile] Navigating to: https://flmtra.com/?a=659&oc=756&c=2210&s1=
[tra-cpl][Tablet - Chrome] ◇ injected env (0) from .env // tip: ⌘ custom filepath { path: '/custom/path/.env' }
[tra-cpl][Tablet - Chrome] ◇ injected env (0) from .env // tip: ◈ encrypted .env [www.dotenvx.com]
[tra-cpl][Tablet - Chrome] 
🤖 ================================================================
[tra-cpl][Tablet - Chrome] 🤖 MASTER RUNNER: LAUNCHING TRA-CPL
🤖 Mode:            TABLET
🤖 Tracking URL:     https://flmtra.com/?a=659&oc=756&c=2210&s1=
[tra-cpl][Tablet - Chrome] 🤖 Target Sheet:    TRA-CPL
🤖 ================================================================
[tra-cpl][Tablet - Chrome] 🔌 [Browser Interceptor] Intercepting and optimizing engine: CHROMIUM
[tra-cpl][Tablet - Chrome] 📋 Emulated Device Profile: TABLET (iPad Pro 11) - [Tablet - Chrome]
[tra-cpl][Tablet - Chrome] ⏳ Delaying 200ms to allow responsive layouts to mount...
[tra-cpl][Tablet - Chrome] 🔄 Processing lead for brand: TRA-CPL Tablet
[tra-cpl][Tablet - Chrome] 📊 Campaign execution run index: 74
[tra-cpl][Tablet - Chrome] 📅 [Rotational Logic] Week 1 Day 3. Target Range: 7500-10000 (Max allowed by URL: 30000)
[tra-cpl][Tablet - Chrome] 🔗 [Mobile] Navigating to: https://flmtra.com/?a=659&oc=756&c=2210&s1=
[fsi-ppc2][Tablet - Chrome] 💻 [Tablet] Injecting high-fidelity glossy iPad Pro mockup frame...
[fsi-ppc2][Tablet - Chrome] [STDERR] ⚠️ [Tablet] Failed to apply glossy iPad Pro mockup frame overlay: page.evaluate: TypeError: Cannot read properties of null (reading 'appendChild')
    at eval (eval at evaluate (:302:30), <anonymous>:104:23)
    at UtilityScript.evaluate (<anonymous>:304:16)
    at UtilityScript.<anonymous> (<anonymous>:1:44)
[fsi-ppc2][Tablet - Chrome] ✅ [Mobile] Thank you page or lead id detected in URL during contact loop. Exiting contact loop.
🔘 [Mobile] Scanning for additional dynamic steps...
[fsi-ppc2][Tablet - Chrome] ✅ [Mobile] Thank you page detected during adaptive submit loop. Exiting loop.
[fsi-ppc2][Tablet - Chrome] 🔘 [Mobile] Submitting form
[fsi-ppc2][Tablet - Chrome] 💾 [Mobile] Setting hidden debt fields to: 2000050000
[fsi-ppc2][Tablet - Chrome] ⏳ [Mobile] Waiting for submission navigation to complete
[tra-cpl][Android - Chrome] ✅ [Mobile] Page loaded successfully
[tra-cpl][Android - Chrome] 📱 [Mobile] Injecting high-fidelity glossy Natural Titanium iPhone 17 Pro mockup frame...
[tra-cpl][Android - Chrome] 📱 [Mobile] Injecting high-fidelity glossy Natural Titanium iPhone 17 Pro mockup frame...
[tra-cpl][Android - Chrome] 📝 [Mobile] Starting mobile-specific form filling...
[tra-cpl][Android - Chrome] 🔘 [Mobile] Step 1: Selecting Debt Amount (9,694)
[tra-cpl][Android - Chrome] 🔘 [Mobile] Found jQuery UI Slider #slider. Setting value via jQuery and DOM evaluation...
[tra-cpl][Android - Chrome] ✅ [Mobile] Set jQuery UI Slider #slider to 9,694
[tra-cpl][Tablet - Chrome] ✅ [Mobile] Page loaded successfully
[tra-cpl][Tablet - Chrome] 💻 [Tablet] Injecting high-fidelity glossy iPad Pro mockup frame...
[tra-cpl][Tablet - Chrome] 💻 [Tablet] Injecting high-fidelity glossy iPad Pro mockup frame...
[tra-cpl][Tablet - Chrome] 📝 [Mobile] Starting mobile-specific form filling...
[tra-cpl][Tablet - Chrome] 🔘 [Mobile] Step 1: Selecting Debt Amount (8,075)
[tra-cpl][Android - Chrome] 🔘 [Mobile] Clicking active visible button: .next-btn1:visible, .btn-next:visible
[tra-cpl][Android - Chrome] ✅ [Mobile] Clicked: .next-btn1:visible, .btn-next:visible
[tra-cpl][Tablet - Chrome] 🔘 [Mobile] Found jQuery UI Slider #slider. Setting value via jQuery and DOM evaluation...
[tra-cpl][Tablet - Chrome] ✅ [Mobile] Set jQuery UI Slider #slider to 8,075
[tra-cpl][Tablet - Chrome] 🔘 [Mobile] Clicking active visible button: .next-btn1:visible, .btn-next:visible
[tra-cpl][Android - Chrome] 📱 [Mobile] Injecting high-fidelity glossy Natural Titanium iPhone 17 Pro mockup frame...
[tra-cpl][Tablet - Chrome] ✅ [Mobile] Clicked: .next-btn1:visible, .btn-next:visible
[tra-cpl][Android - Chrome] ✅ [Mobile] Reached a recognized terminal step. Stopping dynamic traversal.
[tra-cpl][Android - Chrome] 🔘 [Mobile] Step 2: Selecting State
[tra-cpl][Android - Chrome] ✅ [Mobile] Selected state dynamically: "Mississippi"
📝 [Mobile] step3 column set to State: "Mississippi"
[tra-cpl][Android - Chrome] 🔘 [Mobile] Clicking active visible button: .next-btn:visible, .next-btn2:visible, .btn-next:visible
[tra-cpl][Android - Chrome] ✅ [Mobile] Clicked: .next-btn:visible, .next-btn2:visible, .btn-next:visible
[tra-cpl][Tablet - Chrome] 💻 [Tablet] Injecting high-fidelity glossy iPad Pro mockup frame...
[tra-cpl][Tablet - Chrome] ✅ [Mobile] Reached a recognized terminal step. Stopping dynamic traversal.
[tra-cpl][Tablet - Chrome] 🔘 [Mobile] Step 2: Selecting State
[tra-cpl][Tablet - Chrome] ✅ [Mobile] Selected state dynamically: "Missouri"
📝 [Mobile] step3 column set to State: "Missouri"
[tra-cpl][Tablet - Chrome] 🔘 [Mobile] Clicking active visible button: .next-btn:visible, .next-btn2:visible, .btn-next:visible
[tra-cpl][Android - Chrome] 📱 [Mobile] Injecting high-fidelity glossy Natural Titanium iPhone 17 Pro mockup frame...
[tra-cpl][Tablet - Chrome] ✅ [Mobile] Clicked: .next-btn:visible, .next-btn2:visible, .btn-next:visible
[tra-cpl][Android - Chrome] 🔘 [Mobile] Step 3: Filling Contact Info (Dynamic Loop)...
[tra-cpl][Android - Chrome] 📱 [Mobile] Injecting high-fidelity glossy Natural Titanium iPhone 17 Pro mockup frame...
[tra-cpl][Android - Chrome] ✅ [Mobile] Filled First Name: ckmtestpixel
[tra-cpl][Android - Chrome] ✅ [Mobile] Filled Last Name: ckmtestpixel
[tra-cpl][Android - Chrome] 🔘 [Mobile] Clicking active contact NEXT/SUBMIT button...
[tra-cpl][Tablet - Chrome] 💻 [Tablet] Injecting high-fidelity glossy iPad Pro mockup frame...
[tra-cpl][Tablet - Chrome] 🔘 [Mobile] Step 3: Filling Contact Info (Dynamic Loop)...
[tra-cpl][Tablet - Chrome] 💻 [Tablet] Injecting high-fidelity glossy iPad Pro mockup frame...
[tra-cpl][Tablet - Chrome] ✅ [Mobile] Filled First Name: ckmtestpixel
[tra-cpl][Tablet - Chrome] ✅ [Mobile] Filled Last Name: ckmtestpixel
[tra-cpl][Tablet - Chrome] 🔘 [Mobile] Clicking active contact NEXT/SUBMIT button...
[tra-cpl][Android - Chrome] 📱 [Mobile] Injecting high-fidelity glossy Natural Titanium iPhone 17 Pro mockup frame...
[tra-cpl][Android - Chrome] ✅ [Mobile] Filled Email: ckmtestpixel@gmail.com
[tra-cpl][Android - Chrome] 🔘 [Mobile] Clicking active contact NEXT/SUBMIT button...
[tra-cpl][Tablet - Chrome] 💻 [Tablet] Injecting high-fidelity glossy iPad Pro mockup frame...
[tra-cpl][Tablet - Chrome] ✅ [Mobile] Filled Email: ckmtestpixel@gmail.com
[tra-cpl][Tablet - Chrome] 🔘 [Mobile] Clicking active contact NEXT/SUBMIT button...
[fsi-ppc2][Desktop - Chrome] ✅ [Mobile] Page loaded successfully
[fsi-ppc2][Desktop - Chrome] 💻 [Tablet] Injecting high-fidelity glossy iPad Pro mockup frame...
[tra-cpl][Android - Chrome] 📱 [Mobile] Injecting high-fidelity glossy Natural Titanium iPhone 17 Pro mockup frame...
[fsi-ppc2][Desktop - Chrome] 💻 [Tablet] Injecting high-fidelity glossy iPad Pro mockup frame...
[fsi-ppc2][Desktop - Chrome] 📝 [Mobile] Starting mobile-specific form filling...
[fsi-ppc2][Desktop - Chrome] 🔘 [Mobile] Step 1: Selecting Debt Amount (75,000)
[fsi-ppc2][Desktop - Chrome] 🔍 [Mobile Dropdown Scanner] Scanning 5 dropdown options against daily range: 0 - 200000
[tra-cpl][Android - Chrome] ✅ [Mobile] Filled Phone: 401-247-1073
[tra-cpl][Android - Chrome] 🔘 [Mobile] Clicking active contact NEXT/SUBMIT button...
[fsi-ppc2][Desktop - Chrome] ✅ [Mobile Rotational Logic] Selected dropdown choice: "$50,000 or more"
[fsi-ppc2][Desktop - Chrome] [STDERR] ⚠️ [Mobile] No active visible next button found for selector .next-btn1, .btn-next
[fsi-ppc2][Desktop - Chrome] 💻 [Tablet] Injecting high-fidelity glossy iPad Pro mockup frame...
[fsi-ppc2][Desktop - Chrome] ✅ [Mobile] Reached a recognized terminal step. Stopping dynamic traversal.
[fsi-ppc2][Desktop - Chrome] 🔘 [Mobile] Step 2: Selecting State
[fsi-ppc2][Desktop - Chrome] ✅ [Mobile] Selected state dynamically: "New Jersey"
[fsi-ppc2][Desktop - Chrome] 📝 [Mobile] step3 column set to State: "New Jersey"
[fsi-ppc2][Desktop - Chrome] 🔘 [Mobile] Clicking active visible button: .next-btn:visible, .next-btn2:visible, .btn-next:visible
[fsi-ppc2][Desktop - Chrome] ✅ [Mobile] Clicked: .next-btn:visible, .next-btn2:visible, .btn-next:visible
[tra-cpl][Tablet - Chrome] 💻 [Tablet] Injecting high-fidelity glossy iPad Pro mockup frame...
[tra-cpl][Tablet - Chrome] ✅ [Mobile] Filled Phone: 401-247-1074
[tra-cpl][Tablet - Chrome] 🔘 [Mobile] Clicking active contact NEXT/SUBMIT button...
[tra-cpl][Android - Chrome] 📱 [Mobile] Injecting high-fidelity glossy Natural Titanium iPhone 17 Pro mockup frame...
[fsi-ppc2][Desktop - Chrome] 💻 [Tablet] Injecting high-fidelity glossy iPad Pro mockup frame...
[fsi-ppc2][Desktop - Chrome] 🔘 [Mobile] Step 3: Filling Contact Info (Dynamic Loop)...
[fsi-ppc2][Desktop - Chrome] 💻 [Tablet] Injecting high-fidelity glossy iPad Pro mockup frame...
[fsi-ppc2][Desktop - Chrome] ✅ [Mobile] Filled First Name: ckmtestpixel
[tra-cpl][Android - Chrome] [STDERR] ⚠️ [Mobile] Failed to apply glossy iPhone 17 Pro mockup frame overlay: page.evaluate: Execution context was destroyed, most likely because of a navigation
[fsi-ppc2][Desktop - Chrome] ✅ [Mobile] Filled Last Name: ckmtestpixel
[tra-cpl][Android - Chrome] 🔘 [Mobile] No active contact NEXT/SUBMIT button visible. Exiting loop.
[tra-cpl][Android - Chrome] 🔘 [Mobile] Scanning for additional dynamic steps...
[tra-cpl][Android - Chrome] ✅ [Mobile] Thank you page detected during adaptive submit loop. Exiting loop.
[tra-cpl][Android - Chrome] 🔘 [Mobile] Submitting form
[tra-cpl][Android - Chrome] 💾 [Mobile] Setting hidden debt fields to: 9694
[tra-cpl][Android - Chrome] ⏳ [Mobile] Waiting for submission navigation to complete
[fsi-ppc2][Desktop - Chrome] ✅ [Mobile] Filled Email: ckmtestpixel@gmail.com
[fsi-ppc2][Desktop - Chrome] ✅ [Mobile] Filled Phone: 401-247-1079
[fsi-ppc2][Desktop - Chrome] 🔘 [Mobile] Clicking active contact NEXT/SUBMIT button...
[fsi-ppc2][Tablet - Chrome] [STDERR] ⚠️ [Mobile] Standard submit buttons not found, consulting AI Agent...
[fsi-ppc2][Tablet - Chrome] 🤖 [AI Agent] Analyzing Submit button for global...
[fsi-ppc2][Tablet - Chrome] ⏳ [Mobile] Waiting for final Thank You page redirection...
[fsi-ppc2][Tablet - Chrome] ✅ [Mobile] Targeted final redirect URL achieved!
[fsi-ppc2][Tablet - Chrome] ✅ [Mobile] Final Thank You URL: https://www.fresh-start-initiative.com/ty_next/?debt=20000&leadid=BEDECB68&reqid=26858502&affid=659&subid=#s1#
[fsi-ppc2][Tablet - Chrome] 📋 [Pre-Fix] Thank-you URL before debt correction: https://www.fresh-start-initiative.com/ty_next/?debt=20000&leadid=BEDECB68&reqid=26858502&affid=659&subid=#s1#
[fsi-ppc2][Tablet - Chrome] 💾 [Debt Debug] formPage.selectedSliderAmount = "$20,000 - $50,000"
[fsi-ppc2][Tablet - Chrome] 💾 [Debt Debug] selectedDebtNum (numeric) = "2000050000"
[fsi-ppc2][Tablet - Chrome] 🔧 [Debt Fix] Current debt in URL: 20000, Should be: 2000050000
🔧 [Debt Fix] Correcting debt parameter: 20000 → 2000050000
[fsi-ppc2][Tablet - Chrome] ✅ [Debt Fix] Updated thank-you URL: https://www.fresh-start-initiative.com/ty_next/?debt=2000050000&leadid=BEDECB68&reqid=26858502&affid=659&subid=#s1#
[fsi-ppc2][Tablet - Chrome] 📱 [Mobile Diagnostic] Full Thank You URL Parameters: {"debt":"2000050000","leadid":"BEDECB68","reqid":"26858502","affid":"659","subid":""}
[fsi-ppc2][Tablet - Chrome] ✅ [Mobile] Extracted Lead ID: BEDECB68
[fsi-ppc2][Tablet - Chrome] 📱 Device Type detected: Tablet - Chrome
[fsi-ppc2][Tablet - Chrome] ✅ Lead captured: BEDECB68
[fsi-ppc2][Tablet - Chrome] 📡 Fetching First API data for Lead ID: BEDECB68...
[tra-cpl][Tablet - Chrome] 💻 [Tablet] Injecting high-fidelity glossy iPad Pro mockup frame...
[fsi-ppc2][Tablet - Chrome] [STDERR] ❌ First API Attempt 1 failed: Invalid URL
[fsi-ppc2][Tablet - Chrome] ⏳ Retrying in 1 second...
[tra-cpl][Tablet - Chrome] ✅ [Mobile] Filled Phone: 401-247-1074
[tra-cpl][Tablet - Chrome] 🔘 [Mobile] Clicking active contact NEXT/SUBMIT button...
[fsi-ppc2][Tablet - Chrome] [STDERR] ❌ First API Attempt 2 failed: Invalid URL
[fsi-ppc2][Tablet - Chrome] ⏳ Retrying in 1 second...
[fsi-ppc2][Tablet - Chrome] [STDERR] ❌ First API Attempt 3 failed: Invalid URL
[fsi-ppc2][Tablet - Chrome] 📡 Fetching Second API data for Lead ID: BEDECB68...
[fsi-ppc2][Tablet - Chrome] 📡 Standard Second API Payload: cake_id=BEDECB68, domain_name=https://www.freshstartinitiative.com
[fsi-ppc2][Tablet - Chrome] [STDERR] ❌ Second API Attempt 1 failed: Invalid URL
[fsi-ppc2][Tablet - Chrome] ⏳ Retrying in 1 second to allow database synchronization...
[tra-cpl][Tablet - Chrome] 💻 [Tablet] Injecting high-fidelity glossy iPad Pro mockup frame...
[tra-cpl][Tablet - Chrome] ✅ [Mobile] Thank you page or lead id detected in URL during contact loop. Exiting contact loop.
[tra-cpl][Tablet - Chrome] 🔘 [Mobile] Scanning for additional dynamic steps...
[tra-cpl][Tablet - Chrome] ✅ [Mobile] Thank you page detected during adaptive submit loop. Exiting loop.
[tra-cpl][Tablet - Chrome] 🔘 [Mobile] Submitting form
[tra-cpl][Tablet - Chrome] 💾 [Mobile] Setting hidden debt fields to: 8075
[tra-cpl][Tablet - Chrome] ⏳ [Mobile] Waiting for submission navigation to complete
[fsi-ppc2][Desktop - Chrome] 💻 [Tablet] Injecting high-fidelity glossy iPad Pro mockup frame...
[fsi-ppc2][Desktop - Chrome] [STDERR] ⚠️ [Tablet] Failed to apply glossy iPad Pro mockup frame overlay: page.evaluate: TypeError: Cannot read properties of null (reading 'appendChild')
    at eval (eval at evaluate (:302:30), <anonymous>:104:23)
    at UtilityScript.evaluate (<anonymous>:304:16)
    at UtilityScript.<anonymous> (<anonymous>:1:44)
[fsi-ppc2][Desktop - Chrome] ✅ [Mobile] Thank you page or lead id detected in URL during contact loop. Exiting contact loop.
🔘 [Mobile] Scanning for additional dynamic steps...
[fsi-ppc2][Desktop - Chrome] ✅ [Mobile] Thank you page detected during adaptive submit loop. Exiting loop.
[fsi-ppc2][Desktop - Chrome] 🔘 [Mobile] Submitting form
💾 [Mobile] Setting hidden debt fields to: 50000
[fsi-ppc2][Desktop - Chrome] ⏳ [Mobile] Waiting for submission navigation to complete
[fsi-ppc2][Tablet - Chrome] 📡 Standard Second API Payload: cake_id=BEDECB68, domain_name=https://www.freshstartinitiative.com
[fsi-ppc2][Tablet - Chrome] [STDERR] ❌ Second API Attempt 2 failed: Invalid URL
[fsi-ppc2][Tablet - Chrome] ⏳ Retrying in 1 second to allow database synchronization...
[fsi-ppc2][Tablet - Chrome] 📡 Standard Second API Payload: cake_id=BEDECB68, domain_name=https://www.freshstartinitiative.com
[fsi-ppc2][Tablet - Chrome] [STDERR] ❌ Second API Attempt 3 failed: Invalid URL
[fsi-ppc2][Tablet - Chrome] ⏳ Retrying in 1 second to allow database synchronization...
[fsi-ppc2][Tablet - Chrome] 📡 Standard Second API Payload: cake_id=BEDECB68, domain_name=https://www.freshstartinitiative.com
[fsi-ppc2][Tablet - Chrome] [STDERR] ❌ Second API Attempt 4 failed: Invalid URL
[fsi-ppc2][Tablet - Chrome] ⏳ Retrying in 1 second to allow database synchronization...
[fsi-ppc2][Tablet - Chrome] 📡 Standard Second API Payload: cake_id=BEDECB68, domain_name=https://www.freshstartinitiative.com
[fsi-ppc2][Tablet - Chrome] [STDERR] ❌ Second API Attempt 5 failed: Invalid URL
[fsi-ppc2][Tablet - Chrome] 📡 [Rest-Assurance] Verifying Lead ID: BEDECB68 via Backend...
[fsi-ppc2][Tablet - Chrome] [STDERR] 🛡️  [Rest-Assurance] VERIFICATION_FAILED: Invalid URL
[fsi-ppc2][Tablet - Chrome] [STDERR] (node:1548) Warning: Setting the NODE_TLS_REJECT_UNAUTHORIZED environment variable to '0' makes TLS connections and HTTPS requests insecure by disabling certificate verification.
(Use `node --trace-warnings ...` to show where the warning was created)
[fsi-ppc2][Tablet - Chrome] ✅ Row appended successfully to sheet: FSI-PPC2
[fsi-ppc2][Tablet - Chrome] ✨ Professional formatting applied to FSI-PPC2
[fsi-ppc2][Tablet - Chrome] 🤖 [AI Agent Audit] Status: FAIL
🤖 [AI Agent Audit] Details: MISMATCH DETECTED: UI $20,000 - $50,000 Expected 20,000 but API got undefined
[fsi-ppc2][Tablet - Chrome] [STDERR] 🚨 [AI Agent] Data mismatch detected for FSI-PPC2 Tablet. Please review Google Sheet.
[fsi-ppc2][Tablet - Chrome] ✅ Lead processed successfully for FSI-PPC2 Tablet
[fsi-ppc2][Tablet - Chrome] 🎥 Video saved successfully: traces/videos/FSI-PPC2_FSI-PPC2_Tablet.webm
[fsi-ppc2][Tablet - Chrome] 
✅ Execution successfully processed! { success: true, leadId: 'BEDECB68', brand: 'FSI-PPC2 Tablet' }
[fsi-ppc2][Tablet - Chrome] 📋 Trace report successfully saved: traces/fsi-ppc2_tablet.zip
✅ [3/6/2026, 7:02:44 pm] COMPLETED: fsi-ppc2 [Tablet - Chrome][CHROMIUM]

================================================================
🚀 [3/6/2026, 7:02:44 pm] RUNNING: TRA-CPL [DESKTOP - CHROME]
🔗 Target URL: https://flmtra.com/?a=659&oc=756&c=2210&s1=
================================================================
[tra-cpl][Desktop - Chrome] 🔌 [Browser Interceptor] Intercepting and optimizing engine: CHROMIUM
[tra-cpl][Desktop - Chrome] ◇ injected env (0) from .env // tip: ⌘ enable debugging { debug: true }
[tra-cpl][Desktop - Chrome] ◇ injected env (0) from .env // tip: ⌘ enable debugging { debug: true }
[tra-cpl][Desktop - Chrome] ◇ injected env (0) from .env // tip: ⌘ custom filepath { path: '/custom/path/.env' }
[tra-cpl][Desktop - Chrome] ◇ injected env (0) from .env // tip: ⌘ suppress logs { quiet: true }
[tra-cpl][Desktop - Chrome] ◇ injected env (0) from .env // tip: ⌘ multiple files { path: ['.env.local', '.env'] }
[tra-cpl][Desktop - Chrome] 
🤖 ================================================================
🤖 MASTER RUNNER: LAUNCHING TRA-CPL
🤖 Mode:            DESKTOP
[tra-cpl][Desktop - Chrome] 🤖 Tracking URL:     https://flmtra.com/?a=659&oc=756&c=2210&s1=
🤖 Target Sheet:    TRA-CPL
🤖 ================================================================
[tra-cpl][Desktop - Chrome] 🔌 [Browser Interceptor] Intercepting and optimizing engine: CHROMIUM
[tra-cpl][Desktop - Chrome] 💻 Emulated Device Profile: DESKTOP - [Desktop - Chrome]
[tra-cpl][Desktop - Chrome] 🔄 Processing lead for brand: TRA-CPL
[tra-cpl][Desktop - Chrome] 📊 Campaign execution run index: 75
[tra-cpl][Desktop - Chrome] 📅 [Rotational Logic] Week 1 Day 3. Target Range: 7500-10000 (Max allowed by URL: 30000)
[tra-cpl][Desktop - Chrome] 🔗 [Mobile] Navigating to: https://flmtra.com/?a=659&oc=756&c=2210&s1=
[tra-cpl][Android - Chrome] [STDERR] ⚠️ [Mobile] Standard submit buttons not found, consulting AI Agent...
[tra-cpl][Android - Chrome] 🤖 [AI Agent] Analyzing Submit button for global...
[tra-cpl][Android - Chrome] ⏳ [Mobile] Waiting for final Thank You page redirection...
[tra-cpl][Android - Chrome] ✅ [Mobile] Targeted final redirect URL achieved!
[tra-cpl][Android - Chrome] ✅ [Mobile] Final Thank You URL: https://tra.com/thank-you?debt=9694&leadid=1624420A&reqid=26858503&affid=659&oid=133
📋 [Pre-Fix] Thank-you URL before debt correction: https://tra.com/thank-you?debt=9694&leadid=1624420A&reqid=26858503&affid=659&oid=133
💾 [Debt Debug] formPage.selectedSliderAmount = "9,694"
💾 [Debt Debug] selectedDebtNum (numeric) = "9694"
[tra-cpl][Android - Chrome] 🔧 [Debt Fix] Current debt in URL: 9694, Should be: 9694
✅ [Debt Fix] Debt parameter already correct
[tra-cpl][Android - Chrome] 📱 [Mobile Diagnostic] Full Thank You URL Parameters: {"debt":"9694","leadid":"1624420A","reqid":"26858503","affid":"659","oid":"133"}
[tra-cpl][Android - Chrome] ✅ [Mobile] Extracted Lead ID: 1624420A
[tra-cpl][Android - Chrome] 📱 Device Type detected: Android - Chrome
[tra-cpl][Android - Chrome] ✅ Lead captured: 1624420A
[tra-cpl][Android - Chrome] 📡 Fetching First API data for Lead ID: 1624420A...
[tra-cpl][Android - Chrome] [STDERR] ❌ First API Attempt 1 failed: Invalid URL
[tra-cpl][Android - Chrome] ⏳ Retrying in 1 second...
[tra-cpl][Desktop - Chrome] ✅ [Mobile] Page loaded successfully
[tra-cpl][Desktop - Chrome] 💻 [Tablet] Injecting high-fidelity glossy iPad Pro mockup frame...
[tra-cpl][Desktop - Chrome] 💻 [Tablet] Injecting high-fidelity glossy iPad Pro mockup frame...
[tra-cpl][Desktop - Chrome] 📝 [Mobile] Starting mobile-specific form filling...
[tra-cpl][Desktop - Chrome] 🔘 [Mobile] Step 1: Selecting Debt Amount (7,799)
[tra-cpl][Desktop - Chrome] 🔘 [Mobile] Found jQuery UI Slider #slider. Setting value via jQuery and DOM evaluation...
[tra-cpl][Desktop - Chrome] ✅ [Mobile] Set jQuery UI Slider #slider to 7,799
[tra-cpl][Android - Chrome] [STDERR] ❌ First API Attempt 2 failed: Invalid URL
[tra-cpl][Android - Chrome] ⏳ Retrying in 1 second...
[tra-cpl][Desktop - Chrome] 🔘 [Mobile] Clicking active visible button: .next-btn1:visible, .btn-next:visible
[tra-cpl][Desktop - Chrome] ✅ [Mobile] Clicked: .next-btn1:visible, .btn-next:visible
[tra-cpl][Android - Chrome] [STDERR] ❌ First API Attempt 3 failed: Invalid URL
[tra-cpl][Android - Chrome] 📡 Fetching Second API data for Lead ID: 1624420A...
[tra-cpl][Android - Chrome] 📡 Standard Second API Payload: cake_id=1624420A, domain_name=https://www.taxreliefadvocates.com
[tra-cpl][Android - Chrome] [STDERR] ❌ Second API Attempt 1 failed: Invalid URL
[tra-cpl][Android - Chrome] ⏳ Retrying in 1 second to allow database synchronization...
[tra-cpl][Android - Chrome] 📡 Standard Second API Payload: cake_id=1624420A, domain_name=https://www.taxreliefadvocates.com
[tra-cpl][Android - Chrome] [STDERR] ❌ Second API Attempt 2 failed: Invalid URL
[tra-cpl][Android - Chrome] ⏳ Retrying in 1 second to allow database synchronization...
[tra-cpl][Desktop - Chrome] 💻 [Tablet] Injecting high-fidelity glossy iPad Pro mockup frame...
[tra-cpl][Desktop - Chrome] ✅ [Mobile] Reached a recognized terminal step. Stopping dynamic traversal.
[tra-cpl][Desktop - Chrome] 🔘 [Mobile] Step 2: Selecting State
[tra-cpl][Desktop - Chrome] ✅ [Mobile] Selected state dynamically: "Montana"
📝 [Mobile] step3 column set to State: "Montana"
[tra-cpl][Desktop - Chrome] 🔘 [Mobile] Clicking active visible button: .next-btn:visible, .next-btn2:visible, .btn-next:visible
[tra-cpl][Desktop - Chrome] ✅ [Mobile] Clicked: .next-btn:visible, .next-btn2:visible, .btn-next:visible
[tra-cpl][Tablet - Chrome] [STDERR] ⚠️ [Mobile] Standard submit buttons not found, consulting AI Agent...
[tra-cpl][Tablet - Chrome] 🤖 [AI Agent] Analyzing Submit button for global...
[tra-cpl][Tablet - Chrome] ⏳ [Mobile] Waiting for final Thank You page redirection...
[tra-cpl][Tablet - Chrome] ✅ [Mobile] Targeted final redirect URL achieved!
[tra-cpl][Tablet - Chrome] ✅ [Mobile] Final Thank You URL: https://tra.com/thank-you?debt=8075&leadid=649A9963&reqid=26858504&affid=659&oid=133
📋 [Pre-Fix] Thank-you URL before debt correction: https://tra.com/thank-you?debt=8075&leadid=649A9963&reqid=26858504&affid=659&oid=133
[tra-cpl][Tablet - Chrome] 💾 [Debt Debug] formPage.selectedSliderAmount = "8,075"
[tra-cpl][Tablet - Chrome] 💾 [Debt Debug] selectedDebtNum (numeric) = "8075"
[tra-cpl][Tablet - Chrome] 🔧 [Debt Fix] Current debt in URL: 8075, Should be: 8075
✅ [Debt Fix] Debt parameter already correct
[tra-cpl][Tablet - Chrome] 📱 [Mobile Diagnostic] Full Thank You URL Parameters: {"debt":"8075","leadid":"649A9963","reqid":"26858504","affid":"659","oid":"133"}
[tra-cpl][Tablet - Chrome] ✅ [Mobile] Extracted Lead ID: 649A9963
📱 Device Type detected: Tablet - Chrome
[tra-cpl][Tablet - Chrome] ✅ Lead captured: 649A9963
[tra-cpl][Tablet - Chrome] 📡 Fetching First API data for Lead ID: 649A9963...
[tra-cpl][Android - Chrome] 📡 Standard Second API Payload: cake_id=1624420A, domain_name=https://www.taxreliefadvocates.com
[tra-cpl][Android - Chrome] [STDERR] ❌ Second API Attempt 3 failed: Invalid URL
[tra-cpl][Android - Chrome] ⏳ Retrying in 1 second to allow database synchronization...
[fsi-ppc2][Desktop - Chrome] [STDERR] ⚠️ [Mobile] Standard submit buttons not found, consulting AI Agent...
[fsi-ppc2][Desktop - Chrome] 🤖 [AI Agent] Analyzing Submit button for global...
[fsi-ppc2][Desktop - Chrome] ⏳ [Mobile] Waiting for final Thank You page redirection...
[fsi-ppc2][Desktop - Chrome] ✅ [Mobile] Targeted final redirect URL achieved!
[fsi-ppc2][Desktop - Chrome] ✅ [Mobile] Final Thank You URL: https://www.fresh-start-initiative.com/ty_next/?debt=50000&leadid=F5241F43&reqid=26858506&affid=659&subid=#s1#
📋 [Pre-Fix] Thank-you URL before debt correction: https://www.fresh-start-initiative.com/ty_next/?debt=50000&leadid=F5241F43&reqid=26858506&affid=659&subid=#s1#
💾 [Debt Debug] formPage.selectedSliderAmount = "$50,000 or more"
💾 [Debt Debug] selectedDebtNum (numeric) = "50000"
[fsi-ppc2][Desktop - Chrome] 🔧 [Debt Fix] Current debt in URL: 50000, Should be: 50000
✅ [Debt Fix] Debt parameter already correct
[fsi-ppc2][Desktop - Chrome] 📱 [Mobile Diagnostic] Full Thank You URL Parameters: {"debt":"50000","leadid":"F5241F43","reqid":"26858506","affid":"659","subid":""}
[fsi-ppc2][Desktop - Chrome] ✅ [Mobile] Extracted Lead ID: F5241F43
[fsi-ppc2][Desktop - Chrome] 📱 Device Type detected: Desktop - Chrome
[fsi-ppc2][Desktop - Chrome] ✅ Lead captured: F5241F43
[fsi-ppc2][Desktop - Chrome] 📡 Fetching First API data for Lead ID: F5241F43...
[tra-cpl][Tablet - Chrome] [STDERR] ❌ First API Attempt 1 failed: Invalid URL
[tra-cpl][Tablet - Chrome] ⏳ Retrying in 1 second...
[fsi-ppc2][Desktop - Chrome] [STDERR] ❌ First API Attempt 1 failed: Invalid URL
[fsi-ppc2][Desktop - Chrome] ⏳ Retrying in 1 second...
[tra-cpl][Android - Chrome] 📡 Standard Second API Payload: cake_id=1624420A, domain_name=https://www.taxreliefadvocates.com
[tra-cpl][Android - Chrome] [STDERR] ❌ Second API Attempt 4 failed: Invalid URL
[tra-cpl][Android - Chrome] ⏳ Retrying in 1 second to allow database synchronization...
[tra-cpl][Desktop - Chrome] 💻 [Tablet] Injecting high-fidelity glossy iPad Pro mockup frame...
[tra-cpl][Desktop - Chrome] 🔘 [Mobile] Step 3: Filling Contact Info (Dynamic Loop)...
[tra-cpl][Desktop - Chrome] 💻 [Tablet] Injecting high-fidelity glossy iPad Pro mockup frame...
[tra-cpl][Tablet - Chrome] [STDERR] ❌ First API Attempt 2 failed: Invalid URL
[tra-cpl][Tablet - Chrome] ⏳ Retrying in 1 second...
[fsi-ppc2][Desktop - Chrome] [STDERR] ❌ First API Attempt 2 failed: Invalid URL
[fsi-ppc2][Desktop - Chrome] ⏳ Retrying in 1 second...
[tra-cpl][Desktop - Chrome] ✅ [Mobile] Filled First Name: ckmtestpixel
[tra-cpl][Desktop - Chrome] ✅ [Mobile] Filled Last Name: ckmtestpixel
[tra-cpl][Desktop - Chrome] 🔘 [Mobile] Clicking active contact NEXT/SUBMIT button...
[tra-cpl][Android - Chrome] 📡 Standard Second API Payload: cake_id=1624420A, domain_name=https://www.taxreliefadvocates.com
[tra-cpl][Android - Chrome] [STDERR] ❌ Second API Attempt 5 failed: Invalid URL
[tra-cpl][Android - Chrome] 📡 [Rest-Assurance] Verifying Lead ID: 1624420A via Backend...
[tra-cpl][Android - Chrome] [STDERR] 🛡️  [Rest-Assurance] VERIFICATION_FAILED: Invalid URL
[tra-cpl][Android - Chrome] [STDERR] (node:35304) Warning: Setting the NODE_TLS_REJECT_UNAUTHORIZED environment variable to '0' makes TLS connections and HTTPS requests insecure by disabling certificate verification.
(Use `node --trace-warnings ...` to show where the warning was created)
[tra-cpl][Tablet - Chrome] [STDERR] ❌ First API Attempt 3 failed: Invalid URL
[tra-cpl][Tablet - Chrome] 📡 Fetching Second API data for Lead ID: 649A9963...
[tra-cpl][Tablet - Chrome] 📡 Standard Second API Payload: cake_id=649A9963, domain_name=https://www.taxreliefadvocates.com
[tra-cpl][Tablet - Chrome] [STDERR] ❌ Second API Attempt 1 failed: Invalid URL
[tra-cpl][Tablet - Chrome] ⏳ Retrying in 1 second to allow database synchronization...
[fsi-ppc2][Desktop - Chrome] [STDERR] ❌ First API Attempt 3 failed: Invalid URL
[fsi-ppc2][Desktop - Chrome] 📡 Fetching Second API data for Lead ID: F5241F43...
[fsi-ppc2][Desktop - Chrome] 📡 Standard Second API Payload: cake_id=F5241F43, domain_name=https://www.freshstartinitiative.com
[fsi-ppc2][Desktop - Chrome] [STDERR] ❌ Second API Attempt 1 failed: Invalid URL
[fsi-ppc2][Desktop - Chrome] ⏳ Retrying in 1 second to allow database synchronization...
[tra-cpl][Android - Chrome] ✅ Row appended successfully to sheet: TRA-CPL
[tra-cpl][Tablet - Chrome] 📡 Standard Second API Payload: cake_id=649A9963, domain_name=https://www.taxreliefadvocates.com
[tra-cpl][Tablet - Chrome] [STDERR] ❌ Second API Attempt 2 failed: Invalid URL
[tra-cpl][Tablet - Chrome] ⏳ Retrying in 1 second to allow database synchronization...
[fsi-ppc2][Desktop - Chrome] 📡 Standard Second API Payload: cake_id=F5241F43, domain_name=https://www.freshstartinitiative.com
[fsi-ppc2][Desktop - Chrome] [STDERR] ❌ Second API Attempt 2 failed: Invalid URL
[fsi-ppc2][Desktop - Chrome] ⏳ Retrying in 1 second to allow database synchronization...
[tra-cpl][Desktop - Chrome] 💻 [Tablet] Injecting high-fidelity glossy iPad Pro mockup frame...
[tra-cpl][Android - Chrome] ✨ Professional formatting applied to TRA-CPL
[tra-cpl][Android - Chrome] 🤖 [AI Agent Audit] Status: FAIL
🤖 [AI Agent Audit] Details: MISMATCH DETECTED: UI 9,694 Expected 7,500 but API got undefined
[tra-cpl][Android - Chrome] [STDERR] 🚨 [AI Agent] Data mismatch detected for TRA-CPL Mobile. Please review Google Sheet.
[tra-cpl][Android - Chrome] ✅ Lead processed successfully for TRA-CPL Mobile
[tra-cpl][Desktop - Chrome] ✅ [Mobile] Filled Email: ckmtestpixel@gmail.com
[tra-cpl][Tablet - Chrome] 📡 Standard Second API Payload: cake_id=649A9963, domain_name=https://www.taxreliefadvocates.com
[tra-cpl][Tablet - Chrome] [STDERR] ❌ Second API Attempt 3 failed: Invalid URL
[tra-cpl][Tablet - Chrome] ⏳ Retrying in 1 second to allow database synchronization...
[tra-cpl][Desktop - Chrome] 🔘 [Mobile] Clicking active contact NEXT/SUBMIT button...
[fsi-ppc2][Desktop - Chrome] 📡 Standard Second API Payload: cake_id=F5241F43, domain_name=https://www.freshstartinitiative.com
[fsi-ppc2][Desktop - Chrome] [STDERR] ❌ Second API Attempt 3 failed: Invalid URL
[fsi-ppc2][Desktop - Chrome] ⏳ Retrying in 1 second to allow database synchronization...
[tra-cpl][Tablet - Chrome] 📡 Standard Second API Payload: cake_id=649A9963, domain_name=https://www.taxreliefadvocates.com
[tra-cpl][Tablet - Chrome] [STDERR] ❌ Second API Attempt 4 failed: Invalid URL
[tra-cpl][Tablet - Chrome] ⏳ Retrying in 1 second to allow database synchronization...
[fsi-ppc2][Desktop - Chrome] 📡 Standard Second API Payload: cake_id=F5241F43, domain_name=https://www.freshstartinitiative.com
[fsi-ppc2][Desktop - Chrome] [STDERR] ❌ Second API Attempt 4 failed: Invalid URL
[fsi-ppc2][Desktop - Chrome] ⏳ Retrying in 1 second to allow database synchronization...
[tra-cpl][Android - Chrome] 🎥 Video saved successfully: traces/videos/TRA-CPL_TRA-CPL_Mobile.webm
[tra-cpl][Android - Chrome] 
✅ Execution successfully processed! { success: true, leadId: '1624420A', brand: 'TRA-CPL Mobile' }
[tra-cpl][Android - Chrome] 📋 Trace report successfully saved: traces/tra-cpl_mobile.zip
[tra-cpl][Tablet - Chrome] 📡 Standard Second API Payload: cake_id=649A9963, domain_name=https://www.taxreliefadvocates.com
[tra-cpl][Tablet - Chrome] [STDERR] ❌ Second API Attempt 5 failed: Invalid URL
[tra-cpl][Tablet - Chrome] 📡 [Rest-Assurance] Verifying Lead ID: 649A9963 via Backend...
[tra-cpl][Tablet - Chrome] [STDERR] 🛡️  [Rest-Assurance] VERIFICATION_FAILED: Invalid URL
✅ [3/6/2026, 7:03:03 pm] COMPLETED: tra-cpl [Android - Chrome][CHROMIUM]

================================================================
🚀 [3/6/2026, 7:03:03 pm] RUNNING: TRA-D3 [ANDROID - CHROME]
🔗 Target URL: https://flmtra.com/?a=659&oc=792&c=2386&s1=
================================================================
[tra-cpl][Tablet - Chrome] [STDERR] (node:6592) Warning: Setting the NODE_TLS_REJECT_UNAUTHORIZED environment variable to '0' makes TLS connections and HTTPS requests insecure by disabling certificate verification.
(Use `node --trace-warnings ...` to show where the warning was created)
[fsi-ppc2][Desktop - Chrome] 📡 Standard Second API Payload: cake_id=F5241F43, domain_name=https://www.freshstartinitiative.com
[fsi-ppc2][Desktop - Chrome] [STDERR] ❌ Second API Attempt 5 failed: Invalid URL
[fsi-ppc2][Desktop - Chrome] 📡 [Rest-Assurance] Verifying Lead ID: F5241F43 via Backend...
[fsi-ppc2][Desktop - Chrome] [STDERR] 🛡️  [Rest-Assurance] VERIFICATION_FAILED: Invalid URL
[fsi-ppc2][Desktop - Chrome] [STDERR] (node:12472) Warning: Setting the NODE_TLS_REJECT_UNAUTHORIZED environment variable to '0' makes TLS connections and HTTPS requests insecure by disabling certificate verification.
(Use `node --trace-warnings ...` to show where the warning was created)
[tra-cpl][Desktop - Chrome] 💻 [Tablet] Injecting high-fidelity glossy iPad Pro mockup frame...
[tra-d3][Android - Chrome] 🔌 [Browser Interceptor] Intercepting and optimizing engine: CHROMIUM
[tra-d3][Android - Chrome] ◇ injected env (0) from .env // tip: ⌁ auth for agents [www.vestauth.com]
[tra-d3][Android - Chrome] ◇ injected env (0) from .env // tip: ⌁ auth for agents [www.vestauth.com]
[tra-d3][Android - Chrome] ◇ injected env (0) from .env // tip: ⌘ custom filepath { path: '/custom/path/.env' }
[tra-cpl][Desktop - Chrome] ✅ [Mobile] Filled Phone: 401-247-1075
[tra-cpl][Desktop - Chrome] 🔘 [Mobile] Clicking active contact NEXT/SUBMIT button...
[tra-cpl][Tablet - Chrome] ✅ Row appended successfully to sheet: TRA-CPL
[fsi-ppc2][Desktop - Chrome] ✅ Row appended successfully to sheet: FSI-PPC2
[tra-d3][Android - Chrome] ◇ injected env (0) from .env // tip: ⌁ auth for agents [www.vestauth.com]
[tra-d3][Android - Chrome] ◇ injected env (0) from .env // tip: ⌁ auth for agents [www.vestauth.com]
[tra-d3][Android - Chrome] 
🤖 ================================================================
[tra-d3][Android - Chrome] 🤖 MASTER RUNNER: LAUNCHING TRA-D3
🤖 Mode:            MOBILE
[tra-d3][Android - Chrome] 🤖 Tracking URL:     https://flmtra.com/?a=659&oc=792&c=2386&s1=
[tra-d3][Android - Chrome] 🤖 Target Sheet:    TRA-DT3
[tra-d3][Android - Chrome] 🤖 ================================================================
[tra-d3][Android - Chrome] 🔌 [Browser Interceptor] Intercepting and optimizing engine: CHROMIUM
[tra-d3][Android - Chrome] 📋 Emulated Device Profile: MOBILE (Pixel 7) - [Android - Chrome]
[tra-d3][Android - Chrome] ⏳ Delaying 200ms to allow responsive layouts to mount...
[tra-d3][Android - Chrome] 🔄 Processing lead for brand: TRA-D3 Mobile
[tra-d3][Android - Chrome] 📊 Campaign execution run index: 67
📅 [Rotational Logic] Week 1 Day 3. Target Range: 7500-10000 (Max allowed by URL: 10000)
[tra-d3][Android - Chrome] 🔗 [Mobile] Navigating to: https://flmtra.com/?a=659&oc=792&c=2386&s1=
[tra-cpl][Tablet - Chrome] ✨ Professional formatting applied to TRA-CPL
[tra-cpl][Tablet - Chrome] 🤖 [AI Agent Audit] Status: FAIL
🤖 [AI Agent Audit] Details: MISMATCH DETECTED: UI 8,075 Expected 7,500 but API got undefined
[tra-cpl][Tablet - Chrome] [STDERR] 🚨 [AI Agent] Data mismatch detected for TRA-CPL Tablet. Please review Google Sheet.
[tra-cpl][Tablet - Chrome] ✅ Lead processed successfully for TRA-CPL Tablet
[fsi-ppc2][Desktop - Chrome] ✨ Professional formatting applied to FSI-PPC2
[fsi-ppc2][Desktop - Chrome] 🤖 [AI Agent Audit] Status: FAIL
🤖 [AI Agent Audit] Details: MISMATCH DETECTED: UI $50,000 or more Expected 50,000 but API got undefined
[fsi-ppc2][Desktop - Chrome] [STDERR] 🚨 [AI Agent] Data mismatch detected for FSI-PPC2. Please review Google Sheet.
[fsi-ppc2][Desktop - Chrome] ✅ Lead processed successfully for FSI-PPC2
[tra-cpl][Desktop - Chrome] 💻 [Tablet] Injecting high-fidelity glossy iPad Pro mockup frame...
[tra-cpl][Desktop - Chrome] ✅ [Mobile] Filled Phone: 401-247-1075
[tra-cpl][Desktop - Chrome] 🔘 [Mobile] No active contact NEXT/SUBMIT button visible. Exiting loop.
🔘 [Mobile] Scanning for additional dynamic steps...
[tra-cpl][Desktop - Chrome] ✅ [Mobile] Thank you page detected during adaptive submit loop. Exiting loop.
[tra-cpl][Desktop - Chrome] 🔘 [Mobile] Submitting form
[tra-cpl][Desktop - Chrome] 💾 [Mobile] Setting hidden debt fields to: 7799
[tra-cpl][Desktop - Chrome] ⏳ [Mobile] Waiting for submission navigation to complete
[fsi-ppc2][Desktop - Chrome] 🎥 Video saved successfully: traces/videos/FSI-PPC2_FSI-PPC2.webm
[fsi-ppc2][Desktop - Chrome] 
✅ Execution successfully processed! { success: true, leadId: 'F5241F43', brand: 'FSI-PPC2' }
[tra-cpl][Tablet - Chrome] 🎥 Video saved successfully: traces/videos/TRA-CPL_TRA-CPL_Tablet.webm
[tra-cpl][Tablet - Chrome] 
✅ Execution successfully processed! { success: true, leadId: '649A9963', brand: 'TRA-CPL Tablet' }
[fsi-ppc2][Desktop - Chrome] 📋 Trace report successfully saved: traces/fsi-ppc2_desktop.zip
✅ [3/6/2026, 7:03:09 pm] COMPLETED: fsi-ppc2 [Desktop - Chrome][CHROMIUM]

================================================================
🚀 [3/6/2026, 7:03:09 pm] RUNNING: TRA-D3 [TABLET - CHROME]
🔗 Target URL: https://flmtra.com/?a=659&oc=792&c=2386&s1=
================================================================
[tra-cpl][Tablet - Chrome] 📋 Trace report successfully saved: traces/tra-cpl_tablet.zip
[tra-d3][Tablet - Chrome] 🔌 [Browser Interceptor] Intercepting and optimizing engine: CHROMIUM
[tra-d3][Tablet - Chrome] ◇ injected env (0) from .env // tip: ⌘ override existing { override: true }
[tra-d3][Tablet - Chrome] ◇ injected env (0) from .env // tip: ◈ secrets for agents [www.dotenvx.com]
[tra-d3][Tablet - Chrome] ◇ injected env (0) from .env // tip: ⌘ enable debugging { debug: true }
✅ [3/6/2026, 7:03:10 pm] COMPLETED: tra-cpl [Tablet - Chrome][CHROMIUM]

================================================================
🚀 [3/6/2026, 7:03:10 pm] RUNNING: TRA-D3 [DESKTOP - CHROME]
🔗 Target URL: https://flmtra.com/?a=659&oc=792&c=2386&s1=
================================================================
[tra-d3][Desktop - Chrome] 🔌 [Browser Interceptor] Intercepting and optimizing engine: CHROMIUM
[tra-d3][Desktop - Chrome] ◇ injected env (0) from .env // tip: ◈ secrets for agents [www.dotenvx.com]
[tra-d3][Desktop - Chrome] ◇ injected env (0) from .env // tip: ⌘ suppress logs { quiet: true }
[tra-d3][Desktop - Chrome] ◇ injected env (0) from .env // tip: ⌘ enable debugging { debug: true }
[tra-d3][Tablet - Chrome] ◇ injected env (0) from .env // tip: ⌘ override existing { override: true }
[tra-d3][Tablet - Chrome] ◇ injected env (0) from .env // tip: ◈ encrypted .env [www.dotenvx.com]
[tra-d3][Tablet - Chrome] 
🤖 ================================================================
[tra-d3][Tablet - Chrome] 🤖 MASTER RUNNER: LAUNCHING TRA-D3
[tra-d3][Tablet - Chrome] 🤖 Mode:            TABLET
[tra-d3][Tablet - Chrome] 🤖 Tracking URL:     https://flmtra.com/?a=659&oc=792&c=2386&s1=
[tra-d3][Tablet - Chrome] 🤖 Target Sheet:    TRA-DT3
[tra-d3][Tablet - Chrome] 🤖 ================================================================
[tra-d3][Tablet - Chrome] 🔌 [Browser Interceptor] Intercepting and optimizing engine: CHROMIUM
[tra-d3][Tablet - Chrome] 📋 Emulated Device Profile: TABLET (iPad Pro 11) - [Tablet - Chrome]
[tra-d3][Tablet - Chrome] ⏳ Delaying 200ms to allow responsive layouts to mount...
[tra-d3][Tablet - Chrome] 🔄 Processing lead for brand: TRA-D3 Tablet
[tra-d3][Tablet - Chrome] 📊 Campaign execution run index: 68
[tra-d3][Tablet - Chrome] 📅 [Rotational Logic] Week 1 Day 3. Target Range: 7500-10000 (Max allowed by URL: 10000)
[tra-d3][Tablet - Chrome] 🔗 [Mobile] Navigating to: https://flmtra.com/?a=659&oc=792&c=2386&s1=
[tra-d3][Desktop - Chrome] ◇ injected env (0) from .env // tip: ⌘ enable debugging { debug: true }
[tra-d3][Desktop - Chrome] ◇ injected env (0) from .env // tip: ⌁ auth for agents [www.vestauth.com]
[tra-d3][Desktop - Chrome] 
🤖 ================================================================
[tra-d3][Desktop - Chrome] 🤖 MASTER RUNNER: LAUNCHING TRA-D3
🤖 Mode:            DESKTOP
[tra-d3][Desktop - Chrome] 🤖 Tracking URL:     https://flmtra.com/?a=659&oc=792&c=2386&s1=
[tra-d3][Desktop - Chrome] 🤖 Target Sheet:    TRA-DT3
🤖 ================================================================
[tra-d3][Desktop - Chrome] 🔌 [Browser Interceptor] Intercepting and optimizing engine: CHROMIUM
[tra-d3][Desktop - Chrome] 💻 Emulated Device Profile: DESKTOP - [Desktop - Chrome]
[tra-d3][Desktop - Chrome] 🔄 Processing lead for brand: TRA-D3
[tra-d3][Desktop - Chrome] 📊 Campaign execution run index: 69
[tra-d3][Desktop - Chrome] 📅 [Rotational Logic] Week 1 Day 3. Target Range: 7500-10000 (Max allowed by URL: 10000)
[tra-d3][Desktop - Chrome] 🔗 [Mobile] Navigating to: https://flmtra.com/?a=659&oc=792&c=2386&s1=
[tra-d3][Android - Chrome] ✅ [Mobile] Page loaded successfully
[tra-d3][Android - Chrome] 📱 [Mobile] Injecting high-fidelity glossy Natural Titanium iPhone 17 Pro mockup frame...
[tra-d3][Android - Chrome] 📱 [Mobile] Injecting high-fidelity glossy Natural Titanium iPhone 17 Pro mockup frame...
[tra-d3][Android - Chrome] 📝 [Mobile] Starting mobile-specific form filling...
[tra-d3][Android - Chrome] 🔘 [Mobile] Step 1: Selecting Debt Amount (9,478)
[tra-d3][Android - Chrome] 🔘 [Mobile] Found jQuery UI Slider #slider. Setting value via jQuery and DOM evaluation...
[tra-d3][Android - Chrome] ✅ [Mobile] Set jQuery UI Slider #slider to 9,478
[tra-d3][Android - Chrome] 🔘 [Mobile] Clicking active visible button: .next-btn1:visible, .btn-next:visible
[tra-d3][Android - Chrome] ✅ [Mobile] Clicked: .next-btn1:visible, .btn-next:visible
[tra-d3][Android - Chrome] 📱 [Mobile] Injecting high-fidelity glossy Natural Titanium iPhone 17 Pro mockup frame...
[tra-d3][Android - Chrome] 🔘 [Mobile Rotation] Selected: "Read more"
[tra-d3][Android - Chrome] 🔘 [Mobile Rotation] Selected: "Hide"
[tra-d3][Tablet - Chrome] ✅ [Mobile] Page loaded successfully
[tra-d3][Tablet - Chrome] 💻 [Tablet] Injecting high-fidelity glossy iPad Pro mockup frame...
[tra-d3][Tablet - Chrome] 💻 [Tablet] Injecting high-fidelity glossy iPad Pro mockup frame...
[tra-d3][Tablet - Chrome] 📝 [Mobile] Starting mobile-specific form filling...
[tra-d3][Tablet - Chrome] 🔘 [Mobile] Step 1: Selecting Debt Amount (8,062)
[tra-d3][Tablet - Chrome] 🔘 [Mobile] Found jQuery UI Slider #slider. Setting value via jQuery and DOM evaluation...
[tra-d3][Tablet - Chrome] ✅ [Mobile] Set jQuery UI Slider #slider to 8,062
[tra-d3][Desktop - Chrome] ✅ [Mobile] Page loaded successfully
[tra-d3][Desktop - Chrome] 💻 [Tablet] Injecting high-fidelity glossy iPad Pro mockup frame...
[tra-d3][Desktop - Chrome] 💻 [Tablet] Injecting high-fidelity glossy iPad Pro mockup frame...
[tra-d3][Desktop - Chrome] 📝 [Mobile] Starting mobile-specific form filling...
[tra-d3][Desktop - Chrome] 🔘 [Mobile] Step 1: Selecting Debt Amount (9,895)
[tra-d3][Desktop - Chrome] 🔘 [Mobile] Found jQuery UI Slider #slider. Setting value via jQuery and DOM evaluation...
[tra-d3][Desktop - Chrome] ✅ [Mobile] Set jQuery UI Slider #slider to 9,895
[tra-d3][Android - Chrome] 🔘 [Mobile Rotation] Selected: "Next"
[tra-d3][Desktop - Chrome] 🔘 [Mobile] Clicking active visible button: .next-btn1:visible, .btn-next:visible
[tra-d3][Tablet - Chrome] 🔘 [Mobile] Clicking active visible button: .next-btn1:visible, .btn-next:visible
[tra-d3][Desktop - Chrome] ✅ [Mobile] Clicked: .next-btn1:visible, .btn-next:visible
[tra-d3][Tablet - Chrome] ✅ [Mobile] Clicked: .next-btn1:visible, .btn-next:visible
[tra-d3][Desktop - Chrome] 💻 [Tablet] Injecting high-fidelity glossy iPad Pro mockup frame...
[tra-d3][Tablet - Chrome] 💻 [Tablet] Injecting high-fidelity glossy iPad Pro mockup frame...
[tra-d3][Android - Chrome] 🔘 [Mobile Rotation] Selected: "Previous"
[tra-d3][Tablet - Chrome] 🔘 [Mobile Rotation] Selected: "Read more"
[tra-d3][Desktop - Chrome] 🔘 [Mobile Rotation] Selected: "Read more"
[tra-d3][Android - Chrome] 🔘 [Mobile Rotation] Selected: "Federal and State Tax Debt"
[tra-cpl][Desktop - Chrome] [STDERR] ⚠️ [Mobile] Standard submit buttons not found, consulting AI Agent...
[tra-cpl][Desktop - Chrome] 🤖 [AI Agent] Analyzing Submit button for global...
[tra-cpl][Desktop - Chrome] ⏳ [Mobile] Waiting for final Thank You page redirection...
[tra-cpl][Desktop - Chrome] ✅ [Mobile] Targeted final redirect URL achieved!
[tra-cpl][Desktop - Chrome] ✅ [Mobile] Final Thank You URL: https://tra.com/thank-you?debt=7799&leadid=5DBE3FAE&reqid=26858509&affid=659&oid=133
[tra-cpl][Desktop - Chrome] 📋 [Pre-Fix] Thank-you URL before debt correction: https://tra.com/thank-you?debt=7799&leadid=5DBE3FAE&reqid=26858509&affid=659&oid=133
[tra-cpl][Desktop - Chrome] 💾 [Debt Debug] formPage.selectedSliderAmount = "7,799"
💾 [Debt Debug] selectedDebtNum (numeric) = "7799"
[tra-cpl][Desktop - Chrome] 🔧 [Debt Fix] Current debt in URL: 7799, Should be: 7799
[tra-cpl][Desktop - Chrome] ✅ [Debt Fix] Debt parameter already correct
[tra-cpl][Desktop - Chrome] 📱 [Mobile Diagnostic] Full Thank You URL Parameters: {"debt":"7799","leadid":"5DBE3FAE","reqid":"26858509","affid":"659","oid":"133"}
[tra-cpl][Desktop - Chrome] ✅ [Mobile] Extracted Lead ID: 5DBE3FAE
[tra-cpl][Desktop - Chrome] 📱 Device Type detected: Desktop - Chrome
[tra-cpl][Desktop - Chrome] ✅ Lead captured: 5DBE3FAE
[tra-cpl][Desktop - Chrome] 📡 Fetching First API data for Lead ID: 5DBE3FAE...
[tra-cpl][Desktop - Chrome] [STDERR] ❌ First API Attempt 1 failed: Invalid URL
[tra-cpl][Desktop - Chrome] ⏳ Retrying in 1 second...
[tra-d3][Desktop - Chrome] 🔘 [Mobile Rotation] Selected: "Next"
[tra-d3][Tablet - Chrome] 🔘 [Mobile Rotation] Selected: "Previous"
[tra-cpl][Desktop - Chrome] [STDERR] ❌ First API Attempt 2 failed: Invalid URL
[tra-cpl][Desktop - Chrome] ⏳ Retrying in 1 second...
[tra-d3][Android - Chrome] 🔘 [Mobile Rotation] Selected: "Close"
[tra-cpl][Desktop - Chrome] [STDERR] ❌ First API Attempt 3 failed: Invalid URL
[tra-cpl][Desktop - Chrome] 📡 Fetching Second API data for Lead ID: 5DBE3FAE...
[tra-cpl][Desktop - Chrome] 📡 Standard Second API Payload: cake_id=5DBE3FAE, domain_name=https://www.taxreliefadvocates.com
[tra-cpl][Desktop - Chrome] [STDERR] ❌ Second API Attempt 1 failed: Invalid URL
[tra-cpl][Desktop - Chrome] ⏳ Retrying in 1 second to allow database synchronization...
[tra-d3][Android - Chrome] ✅ [Mobile] Reached a recognized terminal step. Stopping dynamic traversal.
[tra-d3][Android - Chrome] 🔘 [Mobile] Step 3: Filling Contact Info (Dynamic Loop)...
[tra-d3][Android - Chrome] 📱 [Mobile] Injecting high-fidelity glossy Natural Titanium iPhone 17 Pro mockup frame...
[tra-d3][Android - Chrome] ✅ [Mobile] Thank you page or lead id detected in URL during contact loop. Exiting contact loop.
🔘 [Mobile] Scanning for additional dynamic steps...
[tra-d3][Android - Chrome] ✅ [Mobile] Thank you page detected during adaptive submit loop. Exiting loop.
[tra-d3][Android - Chrome] 🔘 [Mobile] Submitting form
[tra-d3][Android - Chrome] 💾 [Mobile] Setting hidden debt fields to: 9478
[tra-d3][Android - Chrome] ✅ [Mobile] Submit button resolved, clicking...
[tra-cpl][Desktop - Chrome] 📡 Standard Second API Payload: cake_id=5DBE3FAE, domain_name=https://www.taxreliefadvocates.com
[tra-cpl][Desktop - Chrome] [STDERR] ❌ Second API Attempt 2 failed: Invalid URL
[tra-cpl][Desktop - Chrome] ⏳ Retrying in 1 second to allow database synchronization...
[tra-d3][Android - Chrome] ⏳ [Mobile] Waiting for submission navigation to complete
[tra-d3][Desktop - Chrome] 🔘 [Mobile Rotation] Selected: "Previous"
[tra-d3][Tablet - Chrome] 🔘 [Mobile Rotation] Selected: "Next"
[tra-cpl][Desktop - Chrome] 📡 Standard Second API Payload: cake_id=5DBE3FAE, domain_name=https://www.taxreliefadvocates.com
[tra-cpl][Desktop - Chrome] [STDERR] ❌ Second API Attempt 3 failed: Invalid URL
[tra-cpl][Desktop - Chrome] ⏳ Retrying in 1 second to allow database synchronization...
[tra-cpl][Desktop - Chrome] 📡 Standard Second API Payload: cake_id=5DBE3FAE, domain_name=https://www.taxreliefadvocates.com
[tra-cpl][Desktop - Chrome] [STDERR] ❌ Second API Attempt 4 failed: Invalid URL
[tra-cpl][Desktop - Chrome] ⏳ Retrying in 1 second to allow database synchronization...
[tra-cpl][Desktop - Chrome] 📡 Standard Second API Payload: cake_id=5DBE3FAE, domain_name=https://www.taxreliefadvocates.com
[tra-cpl][Desktop - Chrome] [STDERR] ❌ Second API Attempt 5 failed: Invalid URL
[tra-cpl][Desktop - Chrome] 📡 [Rest-Assurance] Verifying Lead ID: 5DBE3FAE via Backend...
[tra-cpl][Desktop - Chrome] [STDERR] 🛡️  [Rest-Assurance] VERIFICATION_FAILED: Invalid URL
[tra-cpl][Desktop - Chrome] [STDERR] (node:23708) Warning: Setting the NODE_TLS_REJECT_UNAUTHORIZED environment variable to '0' makes TLS connections and HTTPS requests insecure by disabling certificate verification.
(Use `node --trace-warnings ...` to show where the warning was created)
[tra-d3][Desktop - Chrome] 🔘 [Mobile Rotation] Selected: "Close"
[tra-d3][Tablet - Chrome] 🔘 [Mobile Rotation] Selected: "Other"
[tra-cpl][Desktop - Chrome] ✅ Row appended successfully to sheet: TRA-CPL
[tra-cpl][Desktop - Chrome] ✨ Professional formatting applied to TRA-CPL
[tra-cpl][Desktop - Chrome] 🤖 [AI Agent Audit] Status: FAIL
🤖 [AI Agent Audit] Details: MISMATCH DETECTED: UI 7,799 Expected 7,500 but API got undefined
[tra-cpl][Desktop - Chrome] [STDERR] 🚨 [AI Agent] Data mismatch detected for TRA-CPL. Please review Google Sheet.
[tra-cpl][Desktop - Chrome] ✅ Lead processed successfully for TRA-CPL
[tra-d3][Desktop - Chrome] 🔘 [Mobile Rotation] Selected: "State Tax Debt"
[tra-d3][Tablet - Chrome] 🔘 [Mobile Rotation] Selected: "Federal Tax Debt"
[tra-cpl][Desktop - Chrome] 🎥 Video saved successfully: traces/videos/TRA-CPL_TRA-CPL.webm
[tra-cpl][Desktop - Chrome] 
✅ Execution successfully processed! { success: true, leadId: '5DBE3FAE', brand: 'TRA-CPL' }
[tra-d3][Desktop - Chrome] 🔘 [Mobile Rotation] Selected: "Less than $4,000"
[tra-cpl][Desktop - Chrome] 📋 Trace report successfully saved: traces/tra-cpl_desktop.zip
✅ [3/6/2026, 7:03:43 pm] COMPLETED: tra-cpl [Desktop - Chrome][CHROMIUM]

================================================================
🚀 [3/6/2026, 7:03:43 pm] RUNNING: PPC-ST [ANDROID - CHROME]
🔗 Target URL: https://flmtra.com/?a=659&oc=837&c=2210&s1=
================================================================
[tra-d3][Desktop - Chrome] ✅ [Mobile] Reached a recognized terminal step. Stopping dynamic traversal.
[tra-d3][Desktop - Chrome] 🔘 [Mobile] Step 3: Filling Contact Info (Dynamic Loop)...
[tra-d3][Desktop - Chrome] 💻 [Tablet] Injecting high-fidelity glossy iPad Pro mockup frame...
[tra-d3][Tablet - Chrome] 🔘 [Mobile Rotation] Selected: "Less than $4,000"
[tra-d3][Desktop - Chrome] ✅ [Mobile] Thank you page or lead id detected in URL during contact loop. Exiting contact loop.
🔘 [Mobile] Scanning for additional dynamic steps...
[tra-d3][Desktop - Chrome] ✅ [Mobile] Thank you page detected during adaptive submit loop. Exiting loop.
[tra-d3][Desktop - Chrome] 🔘 [Mobile] Submitting form
💾 [Mobile] Setting hidden debt fields to: 9895
[ppc-st][Android - Chrome] 🔌 [Browser Interceptor] Intercepting and optimizing engine: CHROMIUM
[ppc-st][Android - Chrome] ◇ injected env (0) from .env // tip: ⌘ custom filepath { path: '/custom/path/.env' }
[ppc-st][Android - Chrome] ◇ injected env (0) from .env // tip: ⌁ auth for agents [www.vestauth.com]
[tra-d3][Desktop - Chrome] ✅ [Mobile] Submit button resolved, clicking...
[ppc-st][Android - Chrome] ◇ injected env (0) from .env // tip: ◈ encrypted .env [www.dotenvx.com]
[tra-d3][Desktop - Chrome] ⏳ [Mobile] Waiting for submission navigation to complete
[tra-d3][Tablet - Chrome] ✅ [Mobile] Reached a recognized terminal step. Stopping dynamic traversal.
[tra-d3][Tablet - Chrome] 🔘 [Mobile] Step 3: Filling Contact Info (Dynamic Loop)...
[tra-d3][Tablet - Chrome] 💻 [Tablet] Injecting high-fidelity glossy iPad Pro mockup frame...
[tra-d3][Tablet - Chrome] ✅ [Mobile] Thank you page or lead id detected in URL during contact loop. Exiting contact loop.
🔘 [Mobile] Scanning for additional dynamic steps...
[tra-d3][Tablet - Chrome] ✅ [Mobile] Thank you page detected during adaptive submit loop. Exiting loop.
[tra-d3][Tablet - Chrome] 🔘 [Mobile] Submitting form
[tra-d3][Tablet - Chrome] 💾 [Mobile] Setting hidden debt fields to: 8062
[tra-d3][Tablet - Chrome] ✅ [Mobile] Submit button resolved, clicking...
[tra-d3][Tablet - Chrome] ⏳ [Mobile] Waiting for submission navigation to complete
[ppc-st][Android - Chrome] ◇ injected env (0) from .env // tip: ◈ secrets for agents [www.dotenvx.com]
[ppc-st][Android - Chrome] ◇ injected env (0) from .env // tip: ◈ encrypted .env [www.dotenvx.com]
[ppc-st][Android - Chrome] 
🤖 ================================================================
[ppc-st][Android - Chrome] 🤖 MASTER RUNNER: LAUNCHING PPC-ST
[ppc-st][Android - Chrome] 🤖 Mode:            MOBILE
[ppc-st][Android - Chrome] 🤖 Tracking URL:     https://flmtra.com/?a=659&oc=837&c=2210&s1=
[ppc-st][Android - Chrome] 🤖 Target Sheet:    PPC-ST
[ppc-st][Android - Chrome] 🤖 ================================================================
[ppc-st][Android - Chrome] 🔌 [Browser Interceptor] Intercepting and optimizing engine: CHROMIUM
[ppc-st][Android - Chrome] 📋 Emulated Device Profile: MOBILE (Pixel 7) - [Android - Chrome]
[ppc-st][Android - Chrome] ⏳ Delaying 200ms to allow responsive layouts to mount...
[ppc-st][Android - Chrome] 🔄 Processing lead for brand: PPC-ST Mobile
[ppc-st][Android - Chrome] 📊 Campaign execution run index: 66
[ppc-st][Android - Chrome] 📅 [Rotational Logic] Week 1 Day 3. Target Range: 7500-10000 (Max allowed by URL: 18000)
[ppc-st][Android - Chrome] 🔗 [Mobile] Navigating to: https://flmtra.com/?a=659&oc=837&c=2210&s1=
[tra-d3][Android - Chrome] [STDERR] ⚠️ [Mobile] Standard submit buttons not found, consulting AI Agent...
[tra-d3][Android - Chrome] 🤖 [AI Agent] Analyzing Submit button for global...
[tra-d3][Android - Chrome] ✨ [AI Agent] New fix suggested: #fakeNextBtn
[tra-d3][Android - Chrome] [STDERR] 🤖 [AI Agent] POTENTIAL SUBMIT FIX DISCOVERED: #fakeNextBtn
🔔 [Manual Approval Required] Update MobileFormPage.js submit block with: #fakeNextBtn
[tra-d3][Android - Chrome] ⏳ [Mobile] Waiting for final Thank You page redirection...
[ppc-st][Android - Chrome] ✅ [Mobile] Page loaded successfully
[ppc-st][Android - Chrome] 📱 [Mobile] Injecting high-fidelity glossy Natural Titanium iPhone 17 Pro mockup frame...
[ppc-st][Android - Chrome] 📱 [Mobile] Injecting high-fidelity glossy Natural Titanium iPhone 17 Pro mockup frame...
[ppc-st][Android - Chrome] 📝 [Mobile] Starting mobile-specific form filling...
[ppc-st][Android - Chrome] 🔘 [Mobile] Step 1: Selecting Debt Amount (9,341)
[ppc-st][Android - Chrome] 🔘 [Mobile] Found jQuery UI Slider #slider. Setting value via jQuery and DOM evaluation...
[ppc-st][Android - Chrome] ✅ [Mobile] Set jQuery UI Slider #slider to 9,341
[ppc-st][Android - Chrome] 🔘 [Mobile] Clicking active visible button: .next-btn1:visible, .btn-next:visible
[ppc-st][Android - Chrome] ✅ [Mobile] Clicked: .next-btn1:visible, .btn-next:visible
[ppc-st][Android - Chrome] 📱 [Mobile] Injecting high-fidelity glossy Natural Titanium iPhone 17 Pro mockup frame...
[ppc-st][Android - Chrome] ✅ [Mobile] Reached a recognized terminal step. Stopping dynamic traversal.
[ppc-st][Android - Chrome] 🔘 [Mobile] Step 2: Selecting State
[ppc-st][Android - Chrome] ✅ [Mobile] Selected state dynamically: "Kentucky"
📝 [Mobile] step3 column set to State: "Kentucky"
[ppc-st][Android - Chrome] 🔘 [Mobile] Clicking active visible button: .next-btn:visible, .next-btn2:visible, .btn-next:visible
[ppc-st][Android - Chrome] ✅ [Mobile] Clicked: .next-btn:visible, .next-btn2:visible, .btn-next:visible
[ppc-st][Android - Chrome] 📱 [Mobile] Injecting high-fidelity glossy Natural Titanium iPhone 17 Pro mockup frame...
[ppc-st][Android - Chrome] 🔘 [Mobile] Step 3: Filling Contact Info (Dynamic Loop)...
[ppc-st][Android - Chrome] 📱 [Mobile] Injecting high-fidelity glossy Natural Titanium iPhone 17 Pro mockup frame...
[ppc-st][Android - Chrome] ✅ [Mobile] Filled First Name: ckmtestpixel
[ppc-st][Android - Chrome] ✅ [Mobile] Filled Last Name: ckmtestpixel
[ppc-st][Android - Chrome] ✅ [Mobile] Filled Email: ckmtestpixel@gmail.com
[ppc-st][Android - Chrome] ✅ [Mobile] Filled Phone: 401-247-1066
[ppc-st][Android - Chrome] 🔘 [Mobile] Clicking active contact NEXT/SUBMIT button...
[ppc-st][Android - Chrome] 📱 [Mobile] Injecting high-fidelity glossy Natural Titanium iPhone 17 Pro mockup frame...
[ppc-st][Android - Chrome] ✅ [Mobile] Filled Phone: 401-247-1066
[ppc-st][Android - Chrome] 🔘 [Mobile] Clicking active contact NEXT/SUBMIT button...
[tra-d3][Desktop - Chrome] [STDERR] ⚠️ [Mobile] Standard submit buttons not found, consulting AI Agent...
[tra-d3][Desktop - Chrome] 🤖 [AI Agent] Analyzing Submit button for global...
[tra-d3][Android - Chrome] ✅ [Mobile] Final Thank You URL: https://tra.com/dt3?debt=&reqid=26858512&affid=659#tax_debt#&leadid=#leadid#&reqid=26858512&affid=659&subid=
[tra-d3][Android - Chrome] 📋 [Pre-Fix] Thank-you URL before debt correction: https://tra.com/dt3?debt=&reqid=26858512&affid=659#tax_debt#&leadid=#leadid#&reqid=26858512&affid=659&subid=
💾 [Debt Debug] formPage.selectedSliderAmount = "9,478"
💾 [Debt Debug] selectedDebtNum (numeric) = "9478"
[tra-d3][Android - Chrome] 🔧 [Debt Fix] Current debt in URL: , Should be: 9478
🔧 [Debt Fix] Correcting debt parameter:  → 9478
[tra-d3][Android - Chrome] ✅ [Debt Fix] Updated thank-you URL: https://tra.com/dt3?debt=9478&reqid=26858512&affid=659#tax_debt#&leadid=#leadid#&reqid=26858512&affid=659&subid=
[tra-d3][Android - Chrome] 📱 [Mobile Diagnostic] Full Thank You URL Parameters: {"debt":"9478","reqid":"26858512","affid":"659"}
[tra-d3][Android - Chrome] 🔍 [Mobile DOM Deep-Scan] URL ID missing or non-standard (e.g. numeric reqid). Searching for Hex-8 or GUID IDs...
[tra-d3][Desktop - Chrome] ✨ [AI Agent] New fix suggested: #fakeNextBtn
[tra-d3][Desktop - Chrome] [STDERR] 🤖 [AI Agent] POTENTIAL SUBMIT FIX DISCOVERED: #fakeNextBtn
🔔 [Manual Approval Required] Update MobileFormPage.js submit block with: #fakeNextBtn
[tra-d3][Desktop - Chrome] ⏳ [Mobile] Waiting for final Thank You page redirection...
[tra-d3][Android - Chrome] ✅ [Mobile] Extracted Lead ID: 796B3513
[tra-d3][Android - Chrome] 📱 Device Type detected: Android - Chrome
[tra-d3][Android - Chrome] ✅ Lead captured: 796B3513
[tra-d3][Android - Chrome] 🔧 [URL Fix] Appending leadid=796B3513 to Thank You URL
[tra-d3][Android - Chrome] 📡 Fetching First API data for Lead ID: 796B3513...
[tra-d3][Android - Chrome] [STDERR] ❌ First API Attempt 1 failed: Invalid URL
[tra-d3][Android - Chrome] ⏳ Retrying in 1 second...
[tra-d3][Tablet - Chrome] [STDERR] ⚠️ [Mobile] Standard submit buttons not found, consulting AI Agent...
[tra-d3][Tablet - Chrome] 🤖 [AI Agent] Analyzing Submit button for global...
[tra-d3][Tablet - Chrome] ✨ [AI Agent] New fix suggested: #fakeNextBtn
[tra-d3][Tablet - Chrome] [STDERR] 🤖 [AI Agent] POTENTIAL SUBMIT FIX DISCOVERED: #fakeNextBtn
🔔 [Manual Approval Required] Update MobileFormPage.js submit block with: #fakeNextBtn
[tra-d3][Tablet - Chrome] ⏳ [Mobile] Waiting for final Thank You page redirection...
[tra-d3][Android - Chrome] [STDERR] ❌ First API Attempt 2 failed: Invalid URL
[tra-d3][Android - Chrome] ⏳ Retrying in 1 second...
[tra-d3][Android - Chrome] [STDERR] ❌ First API Attempt 3 failed: Invalid URL
[tra-d3][Android - Chrome] 📡 Fetching Second API data for Lead ID: 796B3513...
[tra-d3][Android - Chrome] 📡 Standard Second API Payload: cake_id=796B3513, domain_name=https://www.taxreliefadvocates.com
[tra-d3][Android - Chrome] [STDERR] ❌ Second API Attempt 1 failed: Invalid URL
[tra-d3][Android - Chrome] ⏳ Retrying in 1 second to allow database synchronization...
[tra-d3][Android - Chrome] 📡 Standard Second API Payload: cake_id=796B3513, domain_name=https://www.taxreliefadvocates.com
[tra-d3][Android - Chrome] [STDERR] ❌ Second API Attempt 2 failed: Invalid URL
[tra-d3][Android - Chrome] ⏳ Retrying in 1 second to allow database synchronization...
[tra-d3][Android - Chrome] 📡 Standard Second API Payload: cake_id=796B3513, domain_name=https://www.taxreliefadvocates.com
[tra-d3][Android - Chrome] [STDERR] ❌ Second API Attempt 3 failed: Invalid URL
[tra-d3][Android - Chrome] ⏳ Retrying in 1 second to allow database synchronization...
[tra-d3][Android - Chrome] 📡 Standard Second API Payload: cake_id=796B3513, domain_name=https://www.taxreliefadvocates.com
[tra-d3][Android - Chrome] [STDERR] ❌ Second API Attempt 4 failed: Invalid URL
[tra-d3][Android - Chrome] ⏳ Retrying in 1 second to allow database synchronization...
[tra-d3][Android - Chrome] 📡 Standard Second API Payload: cake_id=796B3513, domain_name=https://www.taxreliefadvocates.com
[tra-d3][Android - Chrome] [STDERR] ❌ Second API Attempt 5 failed: Invalid URL
[tra-d3][Android - Chrome] 📡 [Rest-Assurance] Verifying Lead ID: 796B3513 via Backend...
[tra-d3][Android - Chrome] [STDERR] 🛡️  [Rest-Assurance] VERIFICATION_FAILED: Invalid URL
[tra-d3][Android - Chrome] [STDERR] (node:25328) Warning: Setting the NODE_TLS_REJECT_UNAUTHORIZED environment variable to '0' makes TLS connections and HTTPS requests insecure by disabling certificate verification.
(Use `node --trace-warnings ...` to show where the warning was created)
[tra-d3][Android - Chrome] ✅ Row appended successfully to sheet: TRA-DT3
[tra-d3][Android - Chrome] ✨ Professional formatting applied to TRA-DT3
[tra-d3][Android - Chrome] 🤖 [AI Agent Audit] Status: FAIL
🤖 [AI Agent Audit] Details: MISMATCH DETECTED: UI 9,478 Expected 7,500 but API got undefined
✅ Lead processed successfully for TRA-D3 Mobile
[tra-d3][Android - Chrome] [STDERR] 🚨 [AI Agent] Data mismatch detected for TRA-D3 Mobile. Please review Google Sheet.
[tra-d3][Android - Chrome] 🎥 Video saved successfully: traces/videos/TRA-DT3_TRA-D3_Mobile.webm
[tra-d3][Android - Chrome] 
✅ Execution successfully processed! { success: true, leadId: '796B3513', brand: 'TRA-D3 Mobile' }
[tra-d3][Android - Chrome] 📋 Trace report successfully saved: traces/tra-d3_mobile.zip
✅ [3/6/2026, 7:04:16 pm] COMPLETED: tra-d3 [Android - Chrome][CHROMIUM]

================================================================
🚀 [3/6/2026, 7:04:16 pm] RUNNING: PPC-ST [TABLET - CHROME]
🔗 Target URL: https://flmtra.com/?a=659&oc=837&c=2210&s1=
================================================================
[tra-d3][Desktop - Chrome] ✅ [Mobile] Final Thank You URL: https://tra.com/dt3?debt=&reqid=26858515&affid=659#tax_debt#&leadid=#leadid#&reqid=26858515&affid=659&subid=
📋 [Pre-Fix] Thank-you URL before debt correction: https://tra.com/dt3?debt=&reqid=26858515&affid=659#tax_debt#&leadid=#leadid#&reqid=26858515&affid=659&subid=
[tra-d3][Desktop - Chrome] 💾 [Debt Debug] formPage.selectedSliderAmount = "9,895"
💾 [Debt Debug] selectedDebtNum (numeric) = "9895"
[tra-d3][Desktop - Chrome] 🔧 [Debt Fix] Current debt in URL: , Should be: 9895
🔧 [Debt Fix] Correcting debt parameter:  → 9895
[tra-d3][Desktop - Chrome] ✅ [Debt Fix] Updated thank-you URL: https://tra.com/dt3?debt=9895&reqid=26858515&affid=659#tax_debt#&leadid=#leadid#&reqid=26858515&affid=659&subid=
[tra-d3][Desktop - Chrome] 📱 [Mobile Diagnostic] Full Thank You URL Parameters: {"debt":"9895","reqid":"26858515","affid":"659"}
[tra-d3][Desktop - Chrome] 🔍 [Mobile DOM Deep-Scan] URL ID missing or non-standard (e.g. numeric reqid). Searching for Hex-8 or GUID IDs...
[tra-d3][Desktop - Chrome] ✅ [Mobile] Extracted Lead ID: 26A65A81
[tra-d3][Desktop - Chrome] 📱 Device Type detected: Desktop - Chrome
[tra-d3][Desktop - Chrome] ✅ Lead captured: 26A65A81
[tra-d3][Desktop - Chrome] 🔧 [URL Fix] Appending leadid=26A65A81 to Thank You URL
[tra-d3][Desktop - Chrome] 📡 Fetching First API data for Lead ID: 26A65A81...
[ppc-st][Tablet - Chrome] 🔌 [Browser Interceptor] Intercepting and optimizing engine: CHROMIUM
[ppc-st][Tablet - Chrome] ◇ injected env (0) from .env // tip: ⌘ suppress logs { quiet: true }
[ppc-st][Tablet - Chrome] ◇ injected env (0) from .env // tip: ⌘ override existing { override: true }
[ppc-st][Tablet - Chrome] ◇ injected env (0) from .env // tip: ◈ encrypted .env [www.dotenvx.com]
[tra-d3][Desktop - Chrome] [STDERR] ❌ First API Attempt 1 failed: Invalid URL
[tra-d3][Desktop - Chrome] ⏳ Retrying in 1 second...
[ppc-st][Tablet - Chrome] ◇ injected env (0) from .env // tip: ⌘ multiple files { path: ['.env.local', '.env'] }
[ppc-st][Tablet - Chrome] ◇ injected env (0) from .env // tip: ⌘ suppress logs { quiet: true }
[ppc-st][Tablet - Chrome] 
🤖 ================================================================
[ppc-st][Tablet - Chrome] 🤖 MASTER RUNNER: LAUNCHING PPC-ST
🤖 Mode:            TABLET
[ppc-st][Tablet - Chrome] 🤖 Tracking URL:     https://flmtra.com/?a=659&oc=837&c=2210&s1=
[ppc-st][Tablet - Chrome] 🤖 Target Sheet:    PPC-ST
[ppc-st][Tablet - Chrome] 🤖 ================================================================
[ppc-st][Tablet - Chrome] 🔌 [Browser Interceptor] Intercepting and optimizing engine: CHROMIUM
[ppc-st][Tablet - Chrome] 📋 Emulated Device Profile: TABLET (iPad Pro 11) - [Tablet - Chrome]
[ppc-st][Tablet - Chrome] ⏳ Delaying 200ms to allow responsive layouts to mount...
[ppc-st][Tablet - Chrome] 🔄 Processing lead for brand: PPC-ST Tablet
[ppc-st][Tablet - Chrome] 📊 Campaign execution run index: 67
[ppc-st][Tablet - Chrome] 📅 [Rotational Logic] Week 1 Day 3. Target Range: 7500-10000 (Max allowed by URL: 18000)
[ppc-st][Tablet - Chrome] 🔗 [Mobile] Navigating to: https://flmtra.com/?a=659&oc=837&c=2210&s1=
[tra-d3][Desktop - Chrome] [STDERR] ❌ First API Attempt 2 failed: Invalid URL
[tra-d3][Desktop - Chrome] ⏳ Retrying in 1 second...
[tra-d3][Tablet - Chrome] ✅ [Mobile] Final Thank You URL: https://tra.com/dt3?debt=&reqid=26858514&affid=659#tax_debt#&leadid=#leadid#&reqid=26858514&affid=659&subid=
[tra-d3][Tablet - Chrome] 📋 [Pre-Fix] Thank-you URL before debt correction: https://tra.com/dt3?debt=&reqid=26858514&affid=659#tax_debt#&leadid=#leadid#&reqid=26858514&affid=659&subid=
💾 [Debt Debug] formPage.selectedSliderAmount = "8,062"
💾 [Debt Debug] selectedDebtNum (numeric) = "8062"
[tra-d3][Tablet - Chrome] 🔧 [Debt Fix] Current debt in URL: , Should be: 8062
[tra-d3][Tablet - Chrome] 🔧 [Debt Fix] Correcting debt parameter:  → 8062
[tra-d3][Tablet - Chrome] ✅ [Debt Fix] Updated thank-you URL: https://tra.com/dt3?debt=8062&reqid=26858514&affid=659#tax_debt#&leadid=#leadid#&reqid=26858514&affid=659&subid=
[tra-d3][Tablet - Chrome] 📱 [Mobile Diagnostic] Full Thank You URL Parameters: {"debt":"8062","reqid":"26858514","affid":"659"}
[tra-d3][Tablet - Chrome] 🔍 [Mobile DOM Deep-Scan] URL ID missing or non-standard (e.g. numeric reqid). Searching for Hex-8 or GUID IDs...
[tra-d3][Tablet - Chrome] ✅ [Mobile] Extracted Lead ID: EA8CA8C3
[tra-d3][Tablet - Chrome] 📱 Device Type detected: Tablet - Chrome
[tra-d3][Tablet - Chrome] ✅ Lead captured: EA8CA8C3
[tra-d3][Tablet - Chrome] 🔧 [URL Fix] Appending leadid=EA8CA8C3 to Thank You URL
[tra-d3][Tablet - Chrome] 📡 Fetching First API data for Lead ID: EA8CA8C3...
[tra-d3][Tablet - Chrome] [STDERR] ❌ First API Attempt 1 failed: Invalid URL
[tra-d3][Tablet - Chrome] ⏳ Retrying in 1 second...
[tra-d3][Desktop - Chrome] [STDERR] ❌ First API Attempt 3 failed: Invalid URL
[tra-d3][Desktop - Chrome] 📡 Fetching Second API data for Lead ID: 26A65A81...
[tra-d3][Desktop - Chrome] 📡 Standard Second API Payload: cake_id=26A65A81, domain_name=https://www.taxreliefadvocates.com
[tra-d3][Desktop - Chrome] [STDERR] ❌ Second API Attempt 1 failed: Invalid URL
[tra-d3][Desktop - Chrome] ⏳ Retrying in 1 second to allow database synchronization...
[tra-d3][Tablet - Chrome] [STDERR] ❌ First API Attempt 2 failed: Invalid URL
[tra-d3][Tablet - Chrome] ⏳ Retrying in 1 second...
[tra-d3][Desktop - Chrome] 📡 Standard Second API Payload: cake_id=26A65A81, domain_name=https://www.taxreliefadvocates.com
[tra-d3][Desktop - Chrome] [STDERR] ❌ Second API Attempt 2 failed: Invalid URL
[tra-d3][Desktop - Chrome] ⏳ Retrying in 1 second to allow database synchronization...
[tra-d3][Tablet - Chrome] [STDERR] ❌ First API Attempt 3 failed: Invalid URL
[tra-d3][Tablet - Chrome] 📡 Fetching Second API data for Lead ID: EA8CA8C3...
[tra-d3][Tablet - Chrome] 📡 Standard Second API Payload: cake_id=EA8CA8C3, domain_name=https://www.taxreliefadvocates.com
[tra-d3][Tablet - Chrome] [STDERR] ❌ Second API Attempt 1 failed: Invalid URL
[tra-d3][Tablet - Chrome] ⏳ Retrying in 1 second to allow database synchronization...
[tra-d3][Desktop - Chrome] 📡 Standard Second API Payload: cake_id=26A65A81, domain_name=https://www.taxreliefadvocates.com
[tra-d3][Desktop - Chrome] [STDERR] ❌ Second API Attempt 3 failed: Invalid URL
[tra-d3][Desktop - Chrome] ⏳ Retrying in 1 second to allow database synchronization...
[tra-d3][Tablet - Chrome] 📡 Standard Second API Payload: cake_id=EA8CA8C3, domain_name=https://www.taxreliefadvocates.com
[tra-d3][Tablet - Chrome] [STDERR] ❌ Second API Attempt 2 failed: Invalid URL
[tra-d3][Tablet - Chrome] ⏳ Retrying in 1 second to allow database synchronization...
[tra-d3][Desktop - Chrome] 📡 Standard Second API Payload: cake_id=26A65A81, domain_name=https://www.taxreliefadvocates.com
[tra-d3][Desktop - Chrome] [STDERR] ❌ Second API Attempt 4 failed: Invalid URL
[tra-d3][Desktop - Chrome] ⏳ Retrying in 1 second to allow database synchronization...
[tra-d3][Tablet - Chrome] 📡 Standard Second API Payload: cake_id=EA8CA8C3, domain_name=https://www.taxreliefadvocates.com
[tra-d3][Tablet - Chrome] [STDERR] ❌ Second API Attempt 3 failed: Invalid URL
[tra-d3][Tablet - Chrome] ⏳ Retrying in 1 second to allow database synchronization...
[tra-d3][Desktop - Chrome] 📡 Standard Second API Payload: cake_id=26A65A81, domain_name=https://www.taxreliefadvocates.com
[tra-d3][Desktop - Chrome] [STDERR] ❌ Second API Attempt 5 failed: Invalid URL
[tra-d3][Desktop - Chrome] 📡 [Rest-Assurance] Verifying Lead ID: 26A65A81 via Backend...
[tra-d3][Desktop - Chrome] [STDERR] 🛡️  [Rest-Assurance] VERIFICATION_FAILED: Invalid URL
[tra-d3][Desktop - Chrome] [STDERR] (node:27888) Warning: Setting the NODE_TLS_REJECT_UNAUTHORIZED environment variable to '0' makes TLS connections and HTTPS requests insecure by disabling certificate verification.
(Use `node --trace-warnings ...` to show where the warning was created)
[tra-d3][Tablet - Chrome] 📡 Standard Second API Payload: cake_id=EA8CA8C3, domain_name=https://www.taxreliefadvocates.com
[tra-d3][Tablet - Chrome] [STDERR] ❌ Second API Attempt 4 failed: Invalid URL
[tra-d3][Tablet - Chrome] ⏳ Retrying in 1 second to allow database synchronization...
[tra-d3][Desktop - Chrome] ✅ Row appended successfully to sheet: TRA-DT3
[ppc-st][Tablet - Chrome] ✅ [Mobile] Page loaded successfully
[ppc-st][Tablet - Chrome] 💻 [Tablet] Injecting high-fidelity glossy iPad Pro mockup frame...
[ppc-st][Tablet - Chrome] 💻 [Tablet] Injecting high-fidelity glossy iPad Pro mockup frame...
[ppc-st][Tablet - Chrome] 📝 [Mobile] Starting mobile-specific form filling...
[ppc-st][Tablet - Chrome] 🔘 [Mobile] Step 1: Selecting Debt Amount (8,473)
[ppc-st][Tablet - Chrome] 🔘 [Mobile] Found jQuery UI Slider #slider. Setting value via jQuery and DOM evaluation...
[ppc-st][Tablet - Chrome] ✅ [Mobile] Set jQuery UI Slider #slider to 8,473
[tra-d3][Tablet - Chrome] 📡 Standard Second API Payload: cake_id=EA8CA8C3, domain_name=https://www.taxreliefadvocates.com
[tra-d3][Tablet - Chrome] [STDERR] ❌ Second API Attempt 5 failed: Invalid URL
[tra-d3][Tablet - Chrome] 📡 [Rest-Assurance] Verifying Lead ID: EA8CA8C3 via Backend...
[tra-d3][Tablet - Chrome] [STDERR] 🛡️  [Rest-Assurance] VERIFICATION_FAILED: Invalid URL
[tra-d3][Tablet - Chrome] [STDERR] (node:3928) Warning: Setting the NODE_TLS_REJECT_UNAUTHORIZED environment variable to '0' makes TLS connections and HTTPS requests insecure by disabling certificate verification.
(Use `node --trace-warnings ...` to show where the warning was created)
[ppc-st][Tablet - Chrome] 🔘 [Mobile] Clicking active visible button: .next-btn1:visible, .btn-next:visible
[ppc-st][Tablet - Chrome] ✅ [Mobile] Clicked: .next-btn1:visible, .btn-next:visible
[tra-d3][Desktop - Chrome] ✨ Professional formatting applied to TRA-DT3
[tra-d3][Desktop - Chrome] 🤖 [AI Agent Audit] Status: FAIL
🤖 [AI Agent Audit] Details: MISMATCH DETECTED: UI 9,895 Expected 7,500 but API got undefined
[tra-d3][Desktop - Chrome] [STDERR] 🚨 [AI Agent] Data mismatch detected for TRA-D3. Please review Google Sheet.
[tra-d3][Desktop - Chrome] ✅ Lead processed successfully for TRA-D3
[tra-d3][Tablet - Chrome] ✅ Row appended successfully to sheet: TRA-DT3
[ppc-st][Tablet - Chrome] 💻 [Tablet] Injecting high-fidelity glossy iPad Pro mockup frame...
[tra-d3][Tablet - Chrome] ✨ Professional formatting applied to TRA-DT3
[tra-d3][Tablet - Chrome] 🤖 [AI Agent Audit] Status: FAIL
[tra-d3][Tablet - Chrome] 🤖 [AI Agent Audit] Details: MISMATCH DETECTED: UI 8,062 Expected 7,500 but API got undefined
[tra-d3][Tablet - Chrome] [STDERR] 🚨 [AI Agent] Data mismatch detected for TRA-D3 Tablet. Please review Google Sheet.
[tra-d3][Tablet - Chrome] ✅ Lead processed successfully for TRA-D3 Tablet
[ppc-st][Tablet - Chrome] ✅ [Mobile] Reached a recognized terminal step. Stopping dynamic traversal.
[ppc-st][Tablet - Chrome] 🔘 [Mobile] Step 2: Selecting State
[ppc-st][Tablet - Chrome] ✅ [Mobile] Selected state dynamically: "Louisiana"
📝 [Mobile] step3 column set to State: "Louisiana"
[ppc-st][Tablet - Chrome] 🔘 [Mobile] Clicking active visible button: .next-btn:visible, .next-btn2:visible, .btn-next:visible
[ppc-st][Tablet - Chrome] ✅ [Mobile] Clicked: .next-btn:visible, .next-btn2:visible, .btn-next:visible
[tra-d3][Desktop - Chrome] 🎥 Video saved successfully: traces/videos/TRA-DT3_TRA-D3.webm
[tra-d3][Desktop - Chrome] 
✅ Execution successfully processed! { success: true, leadId: '26A65A81', brand: 'TRA-D3' }
[ppc-st][Tablet - Chrome] 💻 [Tablet] Injecting high-fidelity glossy iPad Pro mockup frame...
[ppc-st][Tablet - Chrome] 🔘 [Mobile] Step 3: Filling Contact Info (Dynamic Loop)...
[ppc-st][Tablet - Chrome] 💻 [Tablet] Injecting high-fidelity glossy iPad Pro mockup frame...
[ppc-st][Tablet - Chrome] ✅ [Mobile] Filled First Name: ckmtestpixel
[ppc-st][Tablet - Chrome] ✅ [Mobile] Filled Last Name: ckmtestpixel
[tra-d3][Desktop - Chrome] 📋 Trace report successfully saved: traces/tra-d3_desktop.zip
[ppc-st][Tablet - Chrome] ✅ [Mobile] Filled Email: ckmtestpixel@gmail.com
[ppc-st][Tablet - Chrome] ✅ [Mobile] Filled Phone: 401-247-1067
✅ [3/6/2026, 7:04:31 pm] COMPLETED: tra-d3 [Desktop - Chrome][CHROMIUM]

================================================================
🚀 [3/6/2026, 7:04:31 pm] RUNNING: PPC-ST [DESKTOP - CHROME]
🔗 Target URL: https://flmtra.com/?a=659&oc=837&c=2210&s1=
================================================================
[ppc-st][Tablet - Chrome] 🔘 [Mobile] Clicking active contact NEXT/SUBMIT button...
[ppc-st][Desktop - Chrome] 🔌 [Browser Interceptor] Intercepting and optimizing engine: CHROMIUM
[ppc-st][Desktop - Chrome] ◇ injected env (0) from .env // tip: ⌁ auth for agents [www.vestauth.com]
[ppc-st][Desktop - Chrome] ◇ injected env (0) from .env // tip: ⌘ enable debugging { debug: true }
[tra-d3][Tablet - Chrome] 🎥 Video saved successfully: traces/videos/TRA-DT3_TRA-D3_Tablet.webm
[tra-d3][Tablet - Chrome] 
✅ Execution successfully processed! { success: true, leadId: 'EA8CA8C3', brand: 'TRA-D3 Tablet' }
[ppc-st][Desktop - Chrome] ◇ injected env (0) from .env // tip: ⌘ override existing { override: true }
[ppc-st][Android - Chrome] 📱 [Mobile] Injecting high-fidelity glossy Natural Titanium iPhone 17 Pro mockup frame...
[ppc-st][Android - Chrome] ✅ [Mobile] Thank you page or lead id detected in URL during contact loop. Exiting contact loop.
🔘 [Mobile] Scanning for additional dynamic steps...
[ppc-st][Android - Chrome] ✅ [Mobile] Thank you page detected during adaptive submit loop. Exiting loop.
[ppc-st][Android - Chrome] 🔘 [Mobile] Submitting form
[ppc-st][Android - Chrome] 💾 [Mobile] Setting hidden debt fields to: 9341
[ppc-st][Android - Chrome] ⏳ [Mobile] Waiting for submission navigation to complete
[ppc-st][Tablet - Chrome] 💻 [Tablet] Injecting high-fidelity glossy iPad Pro mockup frame...
[ppc-st][Desktop - Chrome] ◇ injected env (0) from .env // tip: ⌘ override existing { override: true }
[ppc-st][Desktop - Chrome] ◇ injected env (0) from .env // tip: ⌘ override existing { override: true }
[ppc-st][Desktop - Chrome] 
🤖 ================================================================
[ppc-st][Desktop - Chrome] 🤖 MASTER RUNNER: LAUNCHING PPC-ST
[ppc-st][Desktop - Chrome] 🤖 Mode:            DESKTOP
[ppc-st][Desktop - Chrome] 🤖 Tracking URL:     https://flmtra.com/?a=659&oc=837&c=2210&s1=
[ppc-st][Desktop - Chrome] 🤖 Target Sheet:    PPC-ST
[ppc-st][Desktop - Chrome] 🤖 ================================================================
[ppc-st][Desktop - Chrome] 🔌 [Browser Interceptor] Intercepting and optimizing engine: CHROMIUM
[ppc-st][Desktop - Chrome] 💻 Emulated Device Profile: DESKTOP - [Desktop - Chrome]
[ppc-st][Desktop - Chrome] 🔄 Processing lead for brand: PPC-ST
[ppc-st][Desktop - Chrome] 📊 Campaign execution run index: 68
[ppc-st][Desktop - Chrome] 📅 [Rotational Logic] Week 1 Day 3. Target Range: 7500-10000 (Max allowed by URL: 18000)
[ppc-st][Desktop - Chrome] 🔗 [Mobile] Navigating to: https://flmtra.com/?a=659&oc=837&c=2210&s1=
[ppc-st][Tablet - Chrome] ✅ [Mobile] Filled Phone: 401-247-1067
[ppc-st][Tablet - Chrome] 🔘 [Mobile] No active contact NEXT/SUBMIT button visible. Exiting loop.
🔘 [Mobile] Scanning for additional dynamic steps...
[ppc-st][Tablet - Chrome] ✅ [Mobile] Thank you page detected during adaptive submit loop. Exiting loop.
[ppc-st][Tablet - Chrome] 🔘 [Mobile] Submitting form
[ppc-st][Tablet - Chrome] 💾 [Mobile] Setting hidden debt fields to: 8473
[ppc-st][Tablet - Chrome] ⏳ [Mobile] Waiting for submission navigation to complete
[tra-d3][Tablet - Chrome] 📋 Trace report successfully saved: traces/tra-d3_tablet.zip
✅ [3/6/2026, 7:04:37 pm] COMPLETED: tra-d3 [Tablet - Chrome][CHROMIUM]

================================================================
🚀 [3/6/2026, 7:04:37 pm] RUNNING: PPC-ST2 [ANDROID - CHROME]
🔗 Target URL: https://flmtra.com/?a=659&oc=858&c=2210&s1=
================================================================
[ppc-st2][Android - Chrome] 🔌 [Browser Interceptor] Intercepting and optimizing engine: CHROMIUM
[ppc-st2][Android - Chrome] ◇ injected env (0) from .env // tip: ⌘ custom filepath { path: '/custom/path/.env' }
[ppc-st2][Android - Chrome] ◇ injected env (0) from .env // tip: ⌘ suppress logs { quiet: true }
[ppc-st2][Android - Chrome] ◇ injected env (0) from .env // tip: ⌁ auth for agents [www.vestauth.com]
[ppc-st2][Android - Chrome] ◇ injected env (0) from .env // tip: ⌘ suppress logs { quiet: true }
[ppc-st2][Android - Chrome] ◇ injected env (0) from .env // tip: ◈ secrets for agents [www.dotenvx.com]
[ppc-st2][Android - Chrome] 
🤖 ================================================================
🤖 MASTER RUNNER: LAUNCHING PPC-ST2
[ppc-st2][Android - Chrome] 🤖 Mode:            MOBILE
🤖 Tracking URL:     https://flmtra.com/?a=659&oc=858&c=2210&s1=
[ppc-st2][Android - Chrome] 🤖 Target Sheet:    PPC-ST2
[ppc-st2][Android - Chrome] 🤖 ================================================================
[ppc-st2][Android - Chrome] 🔌 [Browser Interceptor] Intercepting and optimizing engine: CHROMIUM
[ppc-st2][Android - Chrome] 📋 Emulated Device Profile: MOBILE (Pixel 7) - [Android - Chrome]
[ppc-st2][Android - Chrome] ⏳ Delaying 200ms to allow responsive layouts to mount...
[ppc-st2][Android - Chrome] 🔄 Processing lead for brand: PPC-ST2 Mobile
[ppc-st2][Android - Chrome] 📊 Campaign execution run index: 66
[ppc-st2][Android - Chrome] 📅 [Rotational Logic] Week 1 Day 3. Target Range: 7500-10000 (Max allowed by URL: 20000)
[ppc-st2][Android - Chrome] 🔗 [Mobile] Navigating to: https://flmtra.com/?a=659&oc=858&c=2210&s1=
[ppc-st][Desktop - Chrome] ✅ [Mobile] Page loaded successfully
[ppc-st][Desktop - Chrome] 💻 [Tablet] Injecting high-fidelity glossy iPad Pro mockup frame...
[ppc-st][Desktop - Chrome] 💻 [Tablet] Injecting high-fidelity glossy iPad Pro mockup frame...
[ppc-st][Desktop - Chrome] 📝 [Mobile] Starting mobile-specific form filling...
[ppc-st][Desktop - Chrome] 🔘 [Mobile] Step 1: Selecting Debt Amount (8,989)
[ppc-st][Desktop - Chrome] 🔘 [Mobile] Found jQuery UI Slider #slider. Setting value via jQuery and DOM evaluation...
[ppc-st][Desktop - Chrome] ✅ [Mobile] Set jQuery UI Slider #slider to 8,989
[ppc-st][Desktop - Chrome] 🔘 [Mobile] Clicking active visible button: .next-btn1:visible, .btn-next:visible
[ppc-st][Desktop - Chrome] ✅ [Mobile] Clicked: .next-btn1:visible, .btn-next:visible
[ppc-st][Desktop - Chrome] 💻 [Tablet] Injecting high-fidelity glossy iPad Pro mockup frame...
[ppc-st][Desktop - Chrome] ✅ [Mobile] Reached a recognized terminal step. Stopping dynamic traversal.
[ppc-st][Desktop - Chrome] 🔘 [Mobile] Step 2: Selecting State
[ppc-st][Desktop - Chrome] ✅ [Mobile] Selected state dynamically: "Maine"
📝 [Mobile] step3 column set to State: "Maine"
[ppc-st][Desktop - Chrome] 🔘 [Mobile] Clicking active visible button: .next-btn:visible, .next-btn2:visible, .btn-next:visible
[ppc-st][Desktop - Chrome] ✅ [Mobile] Clicked: .next-btn:visible, .next-btn2:visible, .btn-next:visible
[ppc-st2][Android - Chrome] ✅ [Mobile] Page loaded successfully
[ppc-st2][Android - Chrome] 📱 [Mobile] Injecting high-fidelity glossy Natural Titanium iPhone 17 Pro mockup frame...
[ppc-st2][Android - Chrome] 📱 [Mobile] Injecting high-fidelity glossy Natural Titanium iPhone 17 Pro mockup frame...
[ppc-st2][Android - Chrome] 📝 [Mobile] Starting mobile-specific form filling...
[ppc-st2][Android - Chrome] 🔘 [Mobile] Step 1: Selecting Debt Amount (9,498)
[ppc-st2][Android - Chrome] 🔘 [Mobile] Found jQuery UI Slider #slider. Setting value via jQuery and DOM evaluation...
[ppc-st2][Android - Chrome] ✅ [Mobile] Set jQuery UI Slider #slider to 9,498
[ppc-st][Desktop - Chrome] 💻 [Tablet] Injecting high-fidelity glossy iPad Pro mockup frame...
[ppc-st][Desktop - Chrome] 🔘 [Mobile] Step 3: Filling Contact Info (Dynamic Loop)...
[ppc-st][Desktop - Chrome] 💻 [Tablet] Injecting high-fidelity glossy iPad Pro mockup frame...
[ppc-st2][Android - Chrome] 🔘 [Mobile] Clicking active visible button: .next-btn1:visible, .btn-next:visible
[ppc-st2][Android - Chrome] ✅ [Mobile] Clicked: .next-btn1:visible, .btn-next:visible
[ppc-st][Desktop - Chrome] ✅ [Mobile] Filled First Name: ckmtestpixel
[ppc-st][Desktop - Chrome] ✅ [Mobile] Filled Last Name: ckmtestpixel
[ppc-st][Desktop - Chrome] ✅ [Mobile] Filled Email: ckmtestpixel@gmail.com
[ppc-st][Desktop - Chrome] ✅ [Mobile] Filled Phone: 401-247-1068
[ppc-st][Desktop - Chrome] 🔘 [Mobile] Clicking active contact NEXT/SUBMIT button...
[ppc-st2][Android - Chrome] 📱 [Mobile] Injecting high-fidelity glossy Natural Titanium iPhone 17 Pro mockup frame...
[ppc-st2][Android - Chrome] ✅ [Mobile] Reached a recognized terminal step. Stopping dynamic traversal.
[ppc-st2][Android - Chrome] 🔘 [Mobile] Step 2: Selecting State
[ppc-st2][Android - Chrome] ✅ [Mobile] Selected state dynamically: "Kentucky"
[ppc-st2][Android - Chrome] 📝 [Mobile] step3 column set to State: "Kentucky"
[ppc-st2][Android - Chrome] 🔘 [Mobile] Clicking active visible button: .next-btn:visible, .next-btn2:visible, .btn-next:visible
[ppc-st2][Android - Chrome] ✅ [Mobile] Clicked: .next-btn:visible, .next-btn2:visible, .btn-next:visible
[ppc-st][Desktop - Chrome] 💻 [Tablet] Injecting high-fidelity glossy iPad Pro mockup frame...
[ppc-st][Desktop - Chrome] ✅ [Mobile] Filled Phone: 401-247-1068
[ppc-st2][Android - Chrome] 📱 [Mobile] Injecting high-fidelity glossy Natural Titanium iPhone 17 Pro mockup frame...
[ppc-st][Desktop - Chrome] 🔘 [Mobile] Clicking active contact NEXT/SUBMIT button...
[ppc-st2][Android - Chrome] 🔘 [Mobile] Step 3: Filling Contact Info (Dynamic Loop)...
[ppc-st2][Android - Chrome] 📱 [Mobile] Injecting high-fidelity glossy Natural Titanium iPhone 17 Pro mockup frame...
[ppc-st2][Android - Chrome] ✅ [Mobile] Filled First Name: ckmtestpixel
[ppc-st2][Android - Chrome] ✅ [Mobile] Filled Last Name: ckmtestpixel
[ppc-st2][Android - Chrome] ✅ [Mobile] Filled Email: ckmtestpixel@gmail.com
[ppc-st2][Android - Chrome] ✅ [Mobile] Filled Phone: 401-247-1066
[ppc-st2][Android - Chrome] 🔘 [Mobile] Clicking active contact NEXT/SUBMIT button...
[ppc-st][Android - Chrome] [STDERR] ⚠️ [Mobile] Standard submit buttons not found, consulting AI Agent...
[ppc-st][Android - Chrome] 🤖 [AI Agent] Analyzing Submit button for global...
[ppc-st][Android - Chrome] ⏳ [Mobile] Waiting for final Thank You page redirection...
[ppc-st][Android - Chrome] ✅ [Mobile] Targeted final redirect URL achieved!
[ppc-st][Android - Chrome] ✅ [Mobile] Final Thank You URL: https://tra.com/thank-you/nn?debt=9341&leadid=D51DE4BA&reqid=26858522&affid=659&oid=133
📋 [Pre-Fix] Thank-you URL before debt correction: https://tra.com/thank-you/nn?debt=9341&leadid=D51DE4BA&reqid=26858522&affid=659&oid=133
[ppc-st][Android - Chrome] 💾 [Debt Debug] formPage.selectedSliderAmount = "9,341"
💾 [Debt Debug] selectedDebtNum (numeric) = "9341"
[ppc-st][Android - Chrome] 🔧 [Debt Fix] Current debt in URL: 9341, Should be: 9341
✅ [Debt Fix] Debt parameter already correct
[ppc-st][Android - Chrome] 📱 [Mobile Diagnostic] Full Thank You URL Parameters: {"debt":"9341","leadid":"D51DE4BA","reqid":"26858522","affid":"659","oid":"133"}
[ppc-st][Android - Chrome] ✅ [Mobile] Extracted Lead ID: D51DE4BA
[ppc-st][Android - Chrome] 📱 Device Type detected: Android - Chrome
[ppc-st][Android - Chrome] ✅ Lead captured: D51DE4BA
[ppc-st][Android - Chrome] 📡 Fetching First API data for Lead ID: D51DE4BA...
[ppc-st][Desktop - Chrome] 💻 [Tablet] Injecting high-fidelity glossy iPad Pro mockup frame...
[ppc-st][Desktop - Chrome] ✅ [Mobile] Thank you page or lead id detected in URL during contact loop. Exiting contact loop.
🔘 [Mobile] Scanning for additional dynamic steps...
[ppc-st][Desktop - Chrome] ✅ [Mobile] Thank you page detected during adaptive submit loop. Exiting loop.
[ppc-st][Desktop - Chrome] 🔘 [Mobile] Submitting form
💾 [Mobile] Setting hidden debt fields to: 8989
[ppc-st][Desktop - Chrome] ⏳ [Mobile] Waiting for submission navigation to complete
[ppc-st][Android - Chrome] [STDERR] ❌ First API Attempt 1 failed: Invalid URL
[ppc-st][Android - Chrome] ⏳ Retrying in 1 second...
[ppc-st][Android - Chrome] [STDERR] ❌ First API Attempt 2 failed: Invalid URL
[ppc-st][Android - Chrome] ⏳ Retrying in 1 second...
[ppc-st2][Android - Chrome] 📱 [Mobile] Injecting high-fidelity glossy Natural Titanium iPhone 17 Pro mockup frame...
[ppc-st2][Android - Chrome] ✅ [Mobile] Filled Phone: 401-247-1066
[ppc-st2][Android - Chrome] 🔘 [Mobile] Clicking active contact NEXT/SUBMIT button...
[ppc-st][Android - Chrome] [STDERR] ❌ First API Attempt 3 failed: Invalid URL
[ppc-st][Android - Chrome] 📡 Fetching Second API data for Lead ID: D51DE4BA...
[ppc-st][Android - Chrome] 📡 Standard Second API Payload: cake_id=D51DE4BA, domain_name=https://www.taxreliefadvocates.com
[ppc-st][Android - Chrome] [STDERR] ❌ Second API Attempt 1 failed: Invalid URL
[ppc-st][Android - Chrome] ⏳ Retrying in 1 second to allow database synchronization...
[ppc-st][Tablet - Chrome] [STDERR] ⚠️ [Mobile] Standard submit buttons not found, consulting AI Agent...
[ppc-st][Tablet - Chrome] 🤖 [AI Agent] Analyzing Submit button for global...
[ppc-st][Tablet - Chrome] ⏳ [Mobile] Waiting for final Thank You page redirection...
[ppc-st][Tablet - Chrome] ✅ [Mobile] Targeted final redirect URL achieved!
[ppc-st][Tablet - Chrome] ✅ [Mobile] Final Thank You URL: https://tra.com/thank-you/nn?debt=8473&leadid=D9C91935&reqid=26858531&affid=659&oid=133
📋 [Pre-Fix] Thank-you URL before debt correction: https://tra.com/thank-you/nn?debt=8473&leadid=D9C91935&reqid=26858531&affid=659&oid=133
[ppc-st][Tablet - Chrome] 💾 [Debt Debug] formPage.selectedSliderAmount = "8,473"
💾 [Debt Debug] selectedDebtNum (numeric) = "8473"
[ppc-st][Tablet - Chrome] 🔧 [Debt Fix] Current debt in URL: 8473, Should be: 8473
✅ [Debt Fix] Debt parameter already correct
[ppc-st][Tablet - Chrome] 📱 [Mobile Diagnostic] Full Thank You URL Parameters: {"debt":"8473","leadid":"D9C91935","reqid":"26858531","affid":"659","oid":"133"}
[ppc-st][Tablet - Chrome] ✅ [Mobile] Extracted Lead ID: D9C91935
📱 Device Type detected: Tablet - Chrome
[ppc-st][Tablet - Chrome] ✅ Lead captured: D9C91935
[ppc-st][Tablet - Chrome] 📡 Fetching First API data for Lead ID: D9C91935...
[ppc-st][Android - Chrome] 📡 Standard Second API Payload: cake_id=D51DE4BA, domain_name=https://www.taxreliefadvocates.com
[ppc-st][Android - Chrome] [STDERR] ❌ Second API Attempt 2 failed: Invalid URL
[ppc-st][Android - Chrome] ⏳ Retrying in 1 second to allow database synchronization...
[ppc-st][Tablet - Chrome] [STDERR] ❌ First API Attempt 1 failed: Invalid URL
[ppc-st][Tablet - Chrome] ⏳ Retrying in 1 second...
[ppc-st][Android - Chrome] 📡 Standard Second API Payload: cake_id=D51DE4BA, domain_name=https://www.taxreliefadvocates.com
[ppc-st][Android - Chrome] [STDERR] ❌ Second API Attempt 3 failed: Invalid URL
[ppc-st][Android - Chrome] ⏳ Retrying in 1 second to allow database synchronization...
[ppc-st][Tablet - Chrome] [STDERR] ❌ First API Attempt 2 failed: Invalid URL
[ppc-st][Tablet - Chrome] ⏳ Retrying in 1 second...
[ppc-st2][Android - Chrome] 📱 [Mobile] Injecting high-fidelity glossy Natural Titanium iPhone 17 Pro mockup frame...
[ppc-st2][Android - Chrome] ✅ [Mobile] Thank you page or lead id detected in URL during contact loop. Exiting contact loop.
🔘 [Mobile] Scanning for additional dynamic steps...
[ppc-st2][Android - Chrome] ✅ [Mobile] Thank you page detected during adaptive submit loop. Exiting loop.
[ppc-st2][Android - Chrome] 🔘 [Mobile] Submitting form
💾 [Mobile] Setting hidden debt fields to: 9498
[ppc-st2][Android - Chrome] ⏳ [Mobile] Waiting for submission navigation to complete
[ppc-st][Android - Chrome] 📡 Standard Second API Payload: cake_id=D51DE4BA, domain_name=https://www.taxreliefadvocates.com
[ppc-st][Android - Chrome] [STDERR] ❌ Second API Attempt 4 failed: Invalid URL
[ppc-st][Android - Chrome] ⏳ Retrying in 1 second to allow database synchronization...
[ppc-st][Tablet - Chrome] [STDERR] ❌ First API Attempt 3 failed: Invalid URL
[ppc-st][Tablet - Chrome] 📡 Fetching Second API data for Lead ID: D9C91935...
[ppc-st][Tablet - Chrome] 📡 Standard Second API Payload: cake_id=D9C91935, domain_name=https://www.taxreliefadvocates.com
[ppc-st][Tablet - Chrome] [STDERR] ❌ Second API Attempt 1 failed: Invalid URL
[ppc-st][Tablet - Chrome] ⏳ Retrying in 1 second to allow database synchronization...
[ppc-st][Android - Chrome] 📡 Standard Second API Payload: cake_id=D51DE4BA, domain_name=https://www.taxreliefadvocates.com
[ppc-st][Android - Chrome] [STDERR] ❌ Second API Attempt 5 failed: Invalid URL
[ppc-st][Android - Chrome] 📡 [Rest-Assurance] Verifying Lead ID: D51DE4BA via Backend...
[ppc-st][Android - Chrome] [STDERR] 🛡️  [Rest-Assurance] VERIFICATION_FAILED: Invalid URL
[ppc-st][Android - Chrome] [STDERR] (node:8532) Warning: Setting the NODE_TLS_REJECT_UNAUTHORIZED environment variable to '0' makes TLS connections and HTTPS requests insecure by disabling certificate verification.
(Use `node --trace-warnings ...` to show where the warning was created)
[ppc-st][Tablet - Chrome] 📡 Standard Second API Payload: cake_id=D9C91935, domain_name=https://www.taxreliefadvocates.com
[ppc-st][Tablet - Chrome] [STDERR] ❌ Second API Attempt 2 failed: Invalid URL
[ppc-st][Tablet - Chrome] ⏳ Retrying in 1 second to allow database synchronization...
[ppc-st][Tablet - Chrome] 📡 Standard Second API Payload: cake_id=D9C91935, domain_name=https://www.taxreliefadvocates.com
[ppc-st][Tablet - Chrome] [STDERR] ❌ Second API Attempt 3 failed: Invalid URL
[ppc-st][Tablet - Chrome] ⏳ Retrying in 1 second to allow database synchronization...
[ppc-st][Android - Chrome] ✅ Row appended successfully to sheet: PPC-ST
[ppc-st][Tablet - Chrome] 📡 Standard Second API Payload: cake_id=D9C91935, domain_name=https://www.taxreliefadvocates.com
[ppc-st][Tablet - Chrome] [STDERR] ❌ Second API Attempt 4 failed: Invalid URL
[ppc-st][Tablet - Chrome] ⏳ Retrying in 1 second to allow database synchronization...
[ppc-st][Android - Chrome] ✨ Professional formatting applied to PPC-ST
[ppc-st][Android - Chrome] 🤖 [AI Agent Audit] Status: FAIL
🤖 [AI Agent Audit] Details: MISMATCH DETECTED: UI 9,341 Expected 7,500 but API got undefined
[ppc-st][Android - Chrome] [STDERR] 🚨 [AI Agent] Data mismatch detected for PPC-ST Mobile. Please review Google Sheet.
[ppc-st][Android - Chrome] ✅ Lead processed successfully for PPC-ST Mobile
[ppc-st][Tablet - Chrome] 📡 Standard Second API Payload: cake_id=D9C91935, domain_name=https://www.taxreliefadvocates.com
[ppc-st][Tablet - Chrome] [STDERR] ❌ Second API Attempt 5 failed: Invalid URL
[ppc-st][Tablet - Chrome] 📡 [Rest-Assurance] Verifying Lead ID: D9C91935 via Backend...
[ppc-st][Tablet - Chrome] [STDERR] 🛡️  [Rest-Assurance] VERIFICATION_FAILED: Invalid URL
[ppc-st][Tablet - Chrome] [STDERR] (node:27044) Warning: Setting the NODE_TLS_REJECT_UNAUTHORIZED environment variable to '0' makes TLS connections and HTTPS requests insecure by disabling certificate verification.
(Use `node --trace-warnings ...` to show where the warning was created)
[ppc-st][Android - Chrome] 🎥 Video saved successfully: traces/videos/PPC-ST_PPC-ST_Mobile.webm
[ppc-st][Android - Chrome] 
✅ Execution successfully processed! { success: true, leadId: 'D51DE4BA', brand: 'PPC-ST Mobile' }
[ppc-st][Tablet - Chrome] ✅ Row appended successfully to sheet: PPC-ST
[ppc-st][Android - Chrome] 📋 Trace report successfully saved: traces/ppc-st_mobile.zip
✅ [3/6/2026, 7:05:04 pm] COMPLETED: ppc-st [Android - Chrome][CHROMIUM]

================================================================
🚀 [3/6/2026, 7:05:04 pm] RUNNING: PPC-ST2 [TABLET - CHROME]
🔗 Target URL: https://flmtra.com/?a=659&oc=858&c=2210&s1=
================================================================
[ppc-st2][Tablet - Chrome] 🔌 [Browser Interceptor] Intercepting and optimizing engine: CHROMIUM
[ppc-st2][Tablet - Chrome] ◇ injected env (0) from .env // tip: ⌁ auth for agents [www.vestauth.com]
[ppc-st2][Tablet - Chrome] ◇ injected env (0) from .env // tip: ⌘ suppress logs { quiet: true }
[ppc-st2][Tablet - Chrome] ◇ injected env (0) from .env // tip: ⌘ override existing { override: true }
[ppc-st][Tablet - Chrome] ✨ Professional formatting applied to PPC-ST
[ppc-st][Tablet - Chrome] 🤖 [AI Agent Audit] Status: FAIL
🤖 [AI Agent Audit] Details: MISMATCH DETECTED: UI 8,473 Expected 7,500 but API got undefined
[ppc-st][Tablet - Chrome] [STDERR] 🚨 [AI Agent] Data mismatch detected for PPC-ST Tablet. Please review Google Sheet.
[ppc-st][Tablet - Chrome] ✅ Lead processed successfully for PPC-ST Tablet
[ppc-st2][Tablet - Chrome] ◇ injected env (0) from .env // tip: ◈ secrets for agents [www.dotenvx.com]
[ppc-st2][Tablet - Chrome] ◇ injected env (0) from .env // tip: ⌘ enable debugging { debug: true }
[ppc-st2][Tablet - Chrome] 
🤖 ================================================================
[ppc-st2][Tablet - Chrome] 🤖 MASTER RUNNER: LAUNCHING PPC-ST2
🤖 Mode:            TABLET
🤖 Tracking URL:     https://flmtra.com/?a=659&oc=858&c=2210&s1=
[ppc-st2][Tablet - Chrome] 🤖 Target Sheet:    PPC-ST2
🤖 ================================================================
[ppc-st2][Tablet - Chrome] 🔌 [Browser Interceptor] Intercepting and optimizing engine: CHROMIUM
[ppc-st2][Tablet - Chrome] 📋 Emulated Device Profile: TABLET (iPad Pro 11) - [Tablet - Chrome]
[ppc-st2][Tablet - Chrome] ⏳ Delaying 200ms to allow responsive layouts to mount...
[ppc-st2][Tablet - Chrome] 🔄 Processing lead for brand: PPC-ST2 Tablet
[ppc-st2][Tablet - Chrome] 📊 Campaign execution run index: 67
[ppc-st2][Tablet - Chrome] 📅 [Rotational Logic] Week 1 Day 3. Target Range: 7500-10000 (Max allowed by URL: 20000)
[ppc-st2][Tablet - Chrome] 🔗 [Mobile] Navigating to: https://flmtra.com/?a=659&oc=858&c=2210&s1=
[ppc-st][Tablet - Chrome] 🎥 Video saved successfully: traces/videos/PPC-ST_PPC-ST_Tablet.webm
[ppc-st][Tablet - Chrome] 
✅ Execution successfully processed! { success: true, leadId: 'D9C91935', brand: 'PPC-ST Tablet' }
[ppc-st][Tablet - Chrome] 📋 Trace report successfully saved: traces/ppc-st_tablet.zip
✅ [3/6/2026, 7:05:07 pm] COMPLETED: ppc-st [Tablet - Chrome][CHROMIUM]

================================================================
🚀 [3/6/2026, 7:05:07 pm] RUNNING: PPC-ST2 [DESKTOP - CHROME]
🔗 Target URL: https://flmtra.com/?a=659&oc=858&c=2210&s1=
================================================================
[ppc-st2][Desktop - Chrome] 🔌 [Browser Interceptor] Intercepting and optimizing engine: CHROMIUM
[ppc-st2][Desktop - Chrome] ◇ injected env (0) from .env // tip: ⌘ enable debugging { debug: true }
[ppc-st2][Desktop - Chrome] ◇ injected env (0) from .env // tip: ◈ secrets for agents [www.dotenvx.com]
[ppc-st2][Desktop - Chrome] ◇ injected env (0) from .env // tip: ◈ encrypted .env [www.dotenvx.com]
[ppc-st2][Desktop - Chrome] ◇ injected env (0) from .env // tip: ⌘ custom filepath { path: '/custom/path/.env' }
[ppc-st2][Desktop - Chrome] ◇ injected env (0) from .env // tip: ⌘ multiple files { path: ['.env.local', '.env'] }
[ppc-st2][Desktop - Chrome] 
🤖 ================================================================
[ppc-st2][Desktop - Chrome] 🤖 MASTER RUNNER: LAUNCHING PPC-ST2
🤖 Mode:            DESKTOP
[ppc-st2][Desktop - Chrome] 🤖 Tracking URL:     https://flmtra.com/?a=659&oc=858&c=2210&s1=
[ppc-st2][Desktop - Chrome] 🤖 Target Sheet:    PPC-ST2
🤖 ================================================================
[ppc-st2][Desktop - Chrome] 🔌 [Browser Interceptor] Intercepting and optimizing engine: CHROMIUM
[ppc-st2][Desktop - Chrome] 💻 Emulated Device Profile: DESKTOP - [Desktop - Chrome]
[ppc-st2][Desktop - Chrome] 🔄 Processing lead for brand: PPC-ST2
[ppc-st2][Desktop - Chrome] 📊 Campaign execution run index: 68
[ppc-st2][Desktop - Chrome] 📅 [Rotational Logic] Week 1 Day 3. Target Range: 7500-10000 (Max allowed by URL: 20000)
[ppc-st2][Desktop - Chrome] 🔗 [Mobile] Navigating to: https://flmtra.com/?a=659&oc=858&c=2210&s1=
[ppc-st][Desktop - Chrome] [STDERR] ⚠️ [Mobile] Standard submit buttons not found, consulting AI Agent...
[ppc-st][Desktop - Chrome] 🤖 [AI Agent] Analyzing Submit button for global...
[ppc-st][Desktop - Chrome] ⏳ [Mobile] Waiting for final Thank You page redirection...
[ppc-st][Desktop - Chrome] ✅ [Mobile] Targeted final redirect URL achieved!
[ppc-st][Desktop - Chrome] ✅ [Mobile] Final Thank You URL: https://tra.com/thank-you/nn?debt=8989&leadid=E0C6D060&reqid=26858535&affid=659&oid=133
📋 [Pre-Fix] Thank-you URL before debt correction: https://tra.com/thank-you/nn?debt=8989&leadid=E0C6D060&reqid=26858535&affid=659&oid=133
💾 [Debt Debug] formPage.selectedSliderAmount = "8,989"
💾 [Debt Debug] selectedDebtNum (numeric) = "8989"
[ppc-st][Desktop - Chrome] 🔧 [Debt Fix] Current debt in URL: 8989, Should be: 8989
✅ [Debt Fix] Debt parameter already correct
[ppc-st][Desktop - Chrome] 📱 [Mobile Diagnostic] Full Thank You URL Parameters: {"debt":"8989","leadid":"E0C6D060","reqid":"26858535","affid":"659","oid":"133"}
[ppc-st][Desktop - Chrome] ✅ [Mobile] Extracted Lead ID: E0C6D060
📱 Device Type detected: Desktop - Chrome
[ppc-st][Desktop - Chrome] ✅ Lead captured: E0C6D060
[ppc-st][Desktop - Chrome] 📡 Fetching First API data for Lead ID: E0C6D060...
[ppc-st][Desktop - Chrome] [STDERR] ❌ First API Attempt 1 failed: Invalid URL
[ppc-st][Desktop - Chrome] ⏳ Retrying in 1 second...
[ppc-st2][Tablet - Chrome] ✅ [Mobile] Page loaded successfully
[ppc-st2][Tablet - Chrome] 💻 [Tablet] Injecting high-fidelity glossy iPad Pro mockup frame...
[ppc-st2][Tablet - Chrome] 💻 [Tablet] Injecting high-fidelity glossy iPad Pro mockup frame...
[ppc-st2][Tablet - Chrome] 📝 [Mobile] Starting mobile-specific form filling...
[ppc-st2][Tablet - Chrome] 🔘 [Mobile] Step 1: Selecting Debt Amount (8,729)
[ppc-st2][Tablet - Chrome] 🔘 [Mobile] Found jQuery UI Slider #slider. Setting value via jQuery and DOM evaluation...
[ppc-st2][Tablet - Chrome] ✅ [Mobile] Set jQuery UI Slider #slider to 8,729
[ppc-st][Desktop - Chrome] [STDERR] ❌ First API Attempt 2 failed: Invalid URL
[ppc-st][Desktop - Chrome] ⏳ Retrying in 1 second...
[ppc-st2][Tablet - Chrome] 🔘 [Mobile] Clicking active visible button: .next-btn1:visible, .btn-next:visible
[ppc-st2][Tablet - Chrome] ✅ [Mobile] Clicked: .next-btn1:visible, .btn-next:visible
[ppc-st2][Desktop - Chrome] ✅ [Mobile] Page loaded successfully
[ppc-st2][Desktop - Chrome] 💻 [Tablet] Injecting high-fidelity glossy iPad Pro mockup frame...
[ppc-st2][Desktop - Chrome] 💻 [Tablet] Injecting high-fidelity glossy iPad Pro mockup frame...
[ppc-st2][Desktop - Chrome] 📝 [Mobile] Starting mobile-specific form filling...
[ppc-st][Desktop - Chrome] [STDERR] ❌ First API Attempt 3 failed: Invalid URL
[ppc-st][Desktop - Chrome] 📡 Fetching Second API data for Lead ID: E0C6D060...
[ppc-st][Desktop - Chrome] 📡 Standard Second API Payload: cake_id=E0C6D060, domain_name=https://www.taxreliefadvocates.com
[ppc-st][Desktop - Chrome] [STDERR] ❌ Second API Attempt 1 failed: Invalid URL
[ppc-st][Desktop - Chrome] ⏳ Retrying in 1 second to allow database synchronization...
[ppc-st2][Desktop - Chrome] 🔘 [Mobile] Step 1: Selecting Debt Amount (9,120)
[ppc-st2][Desktop - Chrome] 🔘 [Mobile] Found jQuery UI Slider #slider. Setting value via jQuery and DOM evaluation...
[ppc-st2][Desktop - Chrome] ✅ [Mobile] Set jQuery UI Slider #slider to 9,120
[ppc-st2][Tablet - Chrome] 💻 [Tablet] Injecting high-fidelity glossy iPad Pro mockup frame...
[ppc-st][Desktop - Chrome] 📡 Standard Second API Payload: cake_id=E0C6D060, domain_name=https://www.taxreliefadvocates.com
[ppc-st][Desktop - Chrome] [STDERR] ❌ Second API Attempt 2 failed: Invalid URL
[ppc-st][Desktop - Chrome] ⏳ Retrying in 1 second to allow database synchronization...
[ppc-st2][Tablet - Chrome] ✅ [Mobile] Reached a recognized terminal step. Stopping dynamic traversal.
[ppc-st2][Desktop - Chrome] 🔘 [Mobile] Clicking active visible button: .next-btn1:visible, .btn-next:visible
[ppc-st2][Tablet - Chrome] 🔘 [Mobile] Step 2: Selecting State
[ppc-st2][Tablet - Chrome] ✅ [Mobile] Selected state dynamically: "Louisiana"
📝 [Mobile] step3 column set to State: "Louisiana"
[ppc-st2][Tablet - Chrome] 🔘 [Mobile] Clicking active visible button: .next-btn:visible, .next-btn2:visible, .btn-next:visible
[ppc-st2][Desktop - Chrome] ✅ [Mobile] Clicked: .next-btn1:visible, .btn-next:visible
[ppc-st2][Tablet - Chrome] ✅ [Mobile] Clicked: .next-btn:visible, .next-btn2:visible, .btn-next:visible
[ppc-st][Desktop - Chrome] 📡 Standard Second API Payload: cake_id=E0C6D060, domain_name=https://www.taxreliefadvocates.com
[ppc-st][Desktop - Chrome] [STDERR] ❌ Second API Attempt 3 failed: Invalid URL
[ppc-st][Desktop - Chrome] ⏳ Retrying in 1 second to allow database synchronization...
[ppc-st2][Android - Chrome] [STDERR] ⚠️ [Mobile] Standard submit buttons not found, consulting AI Agent...
[ppc-st2][Android - Chrome] 🤖 [AI Agent] Analyzing Submit button for global...
[ppc-st2][Android - Chrome] ⏳ [Mobile] Waiting for final Thank You page redirection...
[ppc-st2][Android - Chrome] ✅ [Mobile] Targeted final redirect URL achieved!
[ppc-st2][Android - Chrome] ✅ [Mobile] Final Thank You URL: https://tra.com/thank-you/nn?debt=9498&leadid=19B3EF70&reqid=26858537&affid=659&oid=133
📋 [Pre-Fix] Thank-you URL before debt correction: https://tra.com/thank-you/nn?debt=9498&leadid=19B3EF70&reqid=26858537&affid=659&oid=133
[ppc-st2][Android - Chrome] 💾 [Debt Debug] formPage.selectedSliderAmount = "9,498"
💾 [Debt Debug] selectedDebtNum (numeric) = "9498"
[ppc-st2][Android - Chrome] 🔧 [Debt Fix] Current debt in URL: 9498, Should be: 9498
✅ [Debt Fix] Debt parameter already correct
[ppc-st2][Android - Chrome] 📱 [Mobile Diagnostic] Full Thank You URL Parameters: {"debt":"9498","leadid":"19B3EF70","reqid":"26858537","affid":"659","oid":"133"}
[ppc-st2][Android - Chrome] ✅ [Mobile] Extracted Lead ID: 19B3EF70
[ppc-st2][Android - Chrome] 📱 Device Type detected: Android - Chrome
[ppc-st2][Android - Chrome] ✅ Lead captured: 19B3EF70
[ppc-st2][Android - Chrome] 📡 Fetching First API data for Lead ID: 19B3EF70...
[ppc-st2][Android - Chrome] [STDERR] ❌ First API Attempt 1 failed: Invalid URL
[ppc-st2][Android - Chrome] ⏳ Retrying in 1 second...
[ppc-st][Desktop - Chrome] 📡 Standard Second API Payload: cake_id=E0C6D060, domain_name=https://www.taxreliefadvocates.com
[ppc-st][Desktop - Chrome] [STDERR] ❌ Second API Attempt 4 failed: Invalid URL
[ppc-st][Desktop - Chrome] ⏳ Retrying in 1 second to allow database synchronization...
[ppc-st2][Desktop - Chrome] 💻 [Tablet] Injecting high-fidelity glossy iPad Pro mockup frame...
[ppc-st2][Tablet - Chrome] 💻 [Tablet] Injecting high-fidelity glossy iPad Pro mockup frame...
[ppc-st2][Desktop - Chrome] ✅ [Mobile] Reached a recognized terminal step. Stopping dynamic traversal.
[ppc-st2][Desktop - Chrome] 🔘 [Mobile] Step 2: Selecting State
[ppc-st2][Tablet - Chrome] 🔘 [Mobile] Step 3: Filling Contact Info (Dynamic Loop)...
[ppc-st2][Desktop - Chrome] ✅ [Mobile] Selected state dynamically: "Maine"
[ppc-st2][Desktop - Chrome] 📝 [Mobile] step3 column set to State: "Maine"
[ppc-st2][Tablet - Chrome] 💻 [Tablet] Injecting high-fidelity glossy iPad Pro mockup frame...
[ppc-st2][Desktop - Chrome] 🔘 [Mobile] Clicking active visible button: .next-btn:visible, .next-btn2:visible, .btn-next:visible
[ppc-st2][Desktop - Chrome] ✅ [Mobile] Clicked: .next-btn:visible, .next-btn2:visible, .btn-next:visible
[ppc-st2][Tablet - Chrome] ✅ [Mobile] Filled First Name: ckmtestpixel
[ppc-st2][Android - Chrome] [STDERR] ❌ First API Attempt 2 failed: Invalid URL
[ppc-st2][Android - Chrome] ⏳ Retrying in 1 second...
[ppc-st2][Tablet - Chrome] ✅ [Mobile] Filled Last Name: ckmtestpixel
[ppc-st][Desktop - Chrome] 📡 Standard Second API Payload: cake_id=E0C6D060, domain_name=https://www.taxreliefadvocates.com
[ppc-st][Desktop - Chrome] [STDERR] ❌ Second API Attempt 5 failed: Invalid URL
[ppc-st][Desktop - Chrome] 📡 [Rest-Assurance] Verifying Lead ID: E0C6D060 via Backend...
[ppc-st][Desktop - Chrome] [STDERR] 🛡️  [Rest-Assurance] VERIFICATION_FAILED: Invalid URL
[ppc-st2][Tablet - Chrome] ✅ [Mobile] Filled Email: ckmtestpixel@gmail.com
[ppc-st][Desktop - Chrome] [STDERR] (node:10268) Warning: Setting the NODE_TLS_REJECT_UNAUTHORIZED environment variable to '0' makes TLS connections and HTTPS requests insecure by disabling certificate verification.
(Use `node --trace-warnings ...` to show where the warning was created)
[ppc-st2][Tablet - Chrome] ✅ [Mobile] Filled Phone: 401-247-1067
[ppc-st2][Tablet - Chrome] 🔘 [Mobile] Clicking active contact NEXT/SUBMIT button...
[ppc-st2][Android - Chrome] [STDERR] ❌ First API Attempt 3 failed: Invalid URL
[ppc-st2][Android - Chrome] 📡 Fetching Second API data for Lead ID: 19B3EF70...
[ppc-st2][Android - Chrome] 📡 Standard Second API Payload: cake_id=19B3EF70, domain_name=https://www.taxreliefadvocates.com
[ppc-st2][Android - Chrome] [STDERR] ❌ Second API Attempt 1 failed: Invalid URL
[ppc-st2][Android - Chrome] ⏳ Retrying in 1 second to allow database synchronization...
[ppc-st2][Desktop - Chrome] 💻 [Tablet] Injecting high-fidelity glossy iPad Pro mockup frame...
[ppc-st][Desktop - Chrome] ✅ Row appended successfully to sheet: PPC-ST
[ppc-st2][Desktop - Chrome] 🔘 [Mobile] Step 3: Filling Contact Info (Dynamic Loop)...
[ppc-st2][Desktop - Chrome] 💻 [Tablet] Injecting high-fidelity glossy iPad Pro mockup frame...
[ppc-st2][Desktop - Chrome] ✅ [Mobile] Filled First Name: ckmtestpixel
[ppc-st2][Desktop - Chrome] ✅ [Mobile] Filled Last Name: ckmtestpixel
[ppc-st2][Android - Chrome] 📡 Standard Second API Payload: cake_id=19B3EF70, domain_name=https://www.taxreliefadvocates.com
[ppc-st2][Android - Chrome] [STDERR] ❌ Second API Attempt 2 failed: Invalid URL
[ppc-st2][Android - Chrome] ⏳ Retrying in 1 second to allow database synchronization...
[ppc-st2][Desktop - Chrome] ✅ [Mobile] Filled Email: ckmtestpixel@gmail.com
[ppc-st][Desktop - Chrome] ✨ Professional formatting applied to PPC-ST
[ppc-st][Desktop - Chrome] 🤖 [AI Agent Audit] Status: FAIL
🤖 [AI Agent Audit] Details: MISMATCH DETECTED: UI 8,989 Expected 7,500 but API got undefined
[ppc-st][Desktop - Chrome] [STDERR] 🚨 [AI Agent] Data mismatch detected for PPC-ST. Please review Google Sheet.
[ppc-st][Desktop - Chrome] ✅ Lead processed successfully for PPC-ST
[ppc-st2][Desktop - Chrome] ✅ [Mobile] Filled Phone: 401-247-1068
[ppc-st2][Desktop - Chrome] 🔘 [Mobile] Clicking active contact NEXT/SUBMIT button...
[ppc-st2][Tablet - Chrome] 💻 [Tablet] Injecting high-fidelity glossy iPad Pro mockup frame...
[ppc-st2][Android - Chrome] 📡 Standard Second API Payload: cake_id=19B3EF70, domain_name=https://www.taxreliefadvocates.com
[ppc-st2][Android - Chrome] [STDERR] ❌ Second API Attempt 3 failed: Invalid URL
[ppc-st2][Android - Chrome] ⏳ Retrying in 1 second to allow database synchronization...
[ppc-st2][Android - Chrome] 📡 Standard Second API Payload: cake_id=19B3EF70, domain_name=https://www.taxreliefadvocates.com
[ppc-st2][Android - Chrome] [STDERR] ❌ Second API Attempt 4 failed: Invalid URL
[ppc-st2][Android - Chrome] ⏳ Retrying in 1 second to allow database synchronization...
[ppc-st2][Tablet - Chrome] ✅ [Mobile] Filled Phone: 401-247-1067
[ppc-st2][Tablet - Chrome] 🔘 [Mobile] No active contact NEXT/SUBMIT button visible. Exiting loop.
[ppc-st2][Tablet - Chrome] 🔘 [Mobile] Scanning for additional dynamic steps...
[ppc-st2][Tablet - Chrome] ✅ [Mobile] Thank you page detected during adaptive submit loop. Exiting loop.
[ppc-st2][Tablet - Chrome] 🔘 [Mobile] Submitting form
💾 [Mobile] Setting hidden debt fields to: 8729
[ppc-st2][Tablet - Chrome] ⏳ [Mobile] Waiting for submission navigation to complete
[ppc-st2][Desktop - Chrome] 💻 [Tablet] Injecting high-fidelity glossy iPad Pro mockup frame...
[ppc-st2][Android - Chrome] 📡 Standard Second API Payload: cake_id=19B3EF70, domain_name=https://www.taxreliefadvocates.com
[ppc-st2][Android - Chrome] [STDERR] ❌ Second API Attempt 5 failed: Invalid URL
[ppc-st2][Android - Chrome] 📡 [Rest-Assurance] Verifying Lead ID: 19B3EF70 via Backend...
[ppc-st2][Android - Chrome] [STDERR] 🛡️  [Rest-Assurance] VERIFICATION_FAILED: Invalid URL
[ppc-st2][Android - Chrome] [STDERR] (node:22280) Warning: Setting the NODE_TLS_REJECT_UNAUTHORIZED environment variable to '0' makes TLS connections and HTTPS requests insecure by disabling certificate verification.
(Use `node --trace-warnings ...` to show where the warning was created)
[ppc-st2][Desktop - Chrome] ✅ [Mobile] Filled Phone: 401-247-1068
[ppc-st2][Desktop - Chrome] 🔘 [Mobile] Clicking active contact NEXT/SUBMIT button...
[ppc-st2][Android - Chrome] ✅ Row appended successfully to sheet: PPC-ST2
[ppc-st][Desktop - Chrome] 🎥 Video saved successfully: traces/videos/PPC-ST_PPC-ST.webm
[ppc-st][Desktop - Chrome] 
✅ Execution successfully processed! { success: true, leadId: 'E0C6D060', brand: 'PPC-ST' }
[ppc-st][Desktop - Chrome] 📋 Trace report successfully saved: traces/ppc-st_desktop.zip
[ppc-st2][Android - Chrome] ✨ Professional formatting applied to PPC-ST2
[ppc-st2][Android - Chrome] 🤖 [AI Agent Audit] Status: FAIL
🤖 [AI Agent Audit] Details: MISMATCH DETECTED: UI 9,498 Expected 7,500 but API got undefined
[ppc-st2][Android - Chrome] [STDERR] 🚨 [AI Agent] Data mismatch detected for PPC-ST2 Mobile. Please review Google Sheet.
[ppc-st2][Android - Chrome] ✅ Lead processed successfully for PPC-ST2 Mobile
✅ [3/6/2026, 7:05:26 pm] COMPLETED: ppc-st [Desktop - Chrome][CHROMIUM]

================================================================
🚀 [3/6/2026, 7:05:26 pm] RUNNING: PPC-M-CA [ANDROID - CHROME]
🔗 Target URL: https://flmtra.com/?a=659&oc=822&c=2210&s1=
================================================================
[ppc-st2][Desktop - Chrome] 💻 [Tablet] Injecting high-fidelity glossy iPad Pro mockup frame...
[ppc-st2][Desktop - Chrome] ✅ [Mobile] Thank you page or lead id detected in URL during contact loop. Exiting contact loop.
🔘 [Mobile] Scanning for additional dynamic steps...
[ppc-st2][Desktop - Chrome] ✅ [Mobile] Thank you page detected during adaptive submit loop. Exiting loop.
[ppc-st2][Desktop - Chrome] 🔘 [Mobile] Submitting form
[ppc-st2][Desktop - Chrome] 💾 [Mobile] Setting hidden debt fields to: 9120
[ppc-st2][Desktop - Chrome] ⏳ [Mobile] Waiting for submission navigation to complete
[ppc-m-ca][Android - Chrome] 🔌 [Browser Interceptor] Intercepting and optimizing engine: CHROMIUM
[ppc-m-ca][Android - Chrome] ◇ injected env (0) from .env // tip: ⌘ override existing { override: true }
[ppc-m-ca][Android - Chrome] ◇ injected env (0) from .env // tip: ⌘ multiple files { path: ['.env.local', '.env'] }
[ppc-m-ca][Android - Chrome] ◇ injected env (0) from .env // tip: ⌘ enable debugging { debug: true }
[ppc-st2][Android - Chrome] 🎥 Video saved successfully: traces/videos/PPC-ST2_PPC-ST2_Mobile.webm
[ppc-st2][Android - Chrome] 
✅ Execution successfully processed! { success: true, leadId: '19B3EF70', brand: 'PPC-ST2 Mobile' }
[ppc-m-ca][Android - Chrome] ◇ injected env (0) from .env // tip: ⌘ enable debugging { debug: true }
[ppc-m-ca][Android - Chrome] ◇ injected env (0) from .env // tip: ⌘ enable debugging { debug: true }
[ppc-m-ca][Android - Chrome] 
🤖 ================================================================
[ppc-m-ca][Android - Chrome] 🤖 MASTER RUNNER: LAUNCHING PPC-M-CA
🤖 Mode:            MOBILE
[ppc-m-ca][Android - Chrome] 🤖 Tracking URL:     https://flmtra.com/?a=659&oc=822&c=2210&s1=
[ppc-m-ca][Android - Chrome] 🤖 Target Sheet:    PPC-M/CA
🤖 ================================================================
[ppc-m-ca][Android - Chrome] 🔌 [Browser Interceptor] Intercepting and optimizing engine: CHROMIUM
[ppc-m-ca][Android - Chrome] 📋 Emulated Device Profile: MOBILE (Pixel 7) - [Android - Chrome]
[ppc-m-ca][Android - Chrome] ⏳ Delaying 200ms to allow responsive layouts to mount...
[ppc-st2][Android - Chrome] 📋 Trace report successfully saved: traces/ppc-st2_mobile.zip
[ppc-m-ca][Android - Chrome] 🔄 Processing lead for brand: PPC-M-CA Mobile
[ppc-m-ca][Android - Chrome] 📊 Campaign execution run index: 66
[ppc-m-ca][Android - Chrome] 📅 [Rotational Logic] Week 1 Day 3. Target Range: 7500-10000 (Max allowed by URL: 50000)
[ppc-m-ca][Android - Chrome] 🔗 [Mobile] Navigating to: https://flmtra.com/?a=659&oc=822&c=2210&s1=
✅ [3/6/2026, 7:05:29 pm] COMPLETED: ppc-st2 [Android - Chrome][CHROMIUM]

================================================================
🚀 [3/6/2026, 7:05:29 pm] RUNNING: PPC-M-CA [TABLET - CHROME]
🔗 Target URL: https://flmtra.com/?a=659&oc=822&c=2210&s1=
================================================================
[ppc-m-ca][Tablet - Chrome] 🔌 [Browser Interceptor] Intercepting and optimizing engine: CHROMIUM
[ppc-m-ca][Tablet - Chrome] ◇ injected env (0) from .env // tip: ⌘ enable debugging { debug: true }
[ppc-m-ca][Tablet - Chrome] ◇ injected env (0) from .env // tip: ⌘ override existing { override: true }
[ppc-m-ca][Tablet - Chrome] ◇ injected env (0) from .env // tip: ⌘ multiple files { path: ['.env.local', '.env'] }
[ppc-m-ca][Tablet - Chrome] ◇ injected env (0) from .env // tip: ⌘ suppress logs { quiet: true }
[ppc-m-ca][Tablet - Chrome] ◇ injected env (0) from .env // tip: ⌘ override existing { override: true }
[ppc-m-ca][Tablet - Chrome] 
🤖 ================================================================
[ppc-m-ca][Tablet - Chrome] 🤖 MASTER RUNNER: LAUNCHING PPC-M-CA
🤖 Mode:            TABLET
🤖 Tracking URL:     https://flmtra.com/?a=659&oc=822&c=2210&s1=
[ppc-m-ca][Tablet - Chrome] 🤖 Target Sheet:    PPC-M/CA
🤖 ================================================================
[ppc-m-ca][Tablet - Chrome] 🔌 [Browser Interceptor] Intercepting and optimizing engine: CHROMIUM
[ppc-m-ca][Tablet - Chrome] 📋 Emulated Device Profile: TABLET (iPad Pro 11) - [Tablet - Chrome]
[ppc-m-ca][Tablet - Chrome] ⏳ Delaying 200ms to allow responsive layouts to mount...
[ppc-m-ca][Tablet - Chrome] 🔄 Processing lead for brand: PPC-M-CA Tablet
[ppc-m-ca][Tablet - Chrome] 📊 Campaign execution run index: 67
[ppc-m-ca][Tablet - Chrome] 📅 [Rotational Logic] Week 1 Day 3. Target Range: 7500-10000 (Max allowed by URL: 50000)
[ppc-m-ca][Tablet - Chrome] 🔗 [Mobile] Navigating to: https://flmtra.com/?a=659&oc=822&c=2210&s1=
[ppc-m-ca][Android - Chrome] ✅ [Mobile] Page loaded successfully
[ppc-m-ca][Android - Chrome] 📱 [Mobile] Injecting high-fidelity glossy Natural Titanium iPhone 17 Pro mockup frame...
[ppc-m-ca][Android - Chrome] 📱 [Mobile] Injecting high-fidelity glossy Natural Titanium iPhone 17 Pro mockup frame...
[ppc-m-ca][Android - Chrome] 📝 [Mobile] Starting mobile-specific form filling...
[ppc-m-ca][Android - Chrome] 🔘 [Mobile] Step 1: Selecting Debt Amount (8,772)
[ppc-m-ca][Android - Chrome] 🔘 [Mobile] Found jQuery UI Slider #slider. Setting value via jQuery and DOM evaluation...
[ppc-m-ca][Android - Chrome] ✅ [Mobile] Set jQuery UI Slider #slider to 8,772
[ppc-m-ca][Android - Chrome] 🔘 [Mobile] Clicking active visible button: .next-btn1:visible, .btn-next:visible
[ppc-m-ca][Android - Chrome] ✅ [Mobile] Clicked: .next-btn1:visible, .btn-next:visible
[ppc-m-ca][Android - Chrome] 📱 [Mobile] Injecting high-fidelity glossy Natural Titanium iPhone 17 Pro mockup frame...
[ppc-m-ca][Android - Chrome] ✅ [Mobile] Reached a recognized terminal step. Stopping dynamic traversal.
[ppc-m-ca][Android - Chrome] 🔘 [Mobile] Step 2: Selecting State
[ppc-m-ca][Android - Chrome] ✅ [Mobile] Selected state dynamically: "Kentucky"
📝 [Mobile] step3 column set to State: "Kentucky"
[ppc-m-ca][Android - Chrome] 🔘 [Mobile] Clicking active visible button: .next-btn:visible, .next-btn2:visible, .btn-next:visible
[ppc-m-ca][Android - Chrome] ✅ [Mobile] Clicked: .next-btn:visible, .next-btn2:visible, .btn-next:visible
[ppc-m-ca][Tablet - Chrome] ✅ [Mobile] Page loaded successfully
[ppc-m-ca][Tablet - Chrome] 💻 [Tablet] Injecting high-fidelity glossy iPad Pro mockup frame...
[ppc-m-ca][Tablet - Chrome] 💻 [Tablet] Injecting high-fidelity glossy iPad Pro mockup frame...
[ppc-m-ca][Tablet - Chrome] 📝 [Mobile] Starting mobile-specific form filling...
[ppc-m-ca][Tablet - Chrome] 🔘 [Mobile] Step 1: Selecting Debt Amount (9,530)
[ppc-m-ca][Tablet - Chrome] 🔘 [Mobile] Found jQuery UI Slider #slider. Setting value via jQuery and DOM evaluation...
[ppc-m-ca][Tablet - Chrome] ✅ [Mobile] Set jQuery UI Slider #slider to 9,530
[ppc-m-ca][Tablet - Chrome] 🔘 [Mobile] Clicking active visible button: .next-btn1:visible, .btn-next:visible
[ppc-m-ca][Tablet - Chrome] ✅ [Mobile] Clicked: .next-btn1:visible, .btn-next:visible
[ppc-m-ca][Android - Chrome] 📱 [Mobile] Injecting high-fidelity glossy Natural Titanium iPhone 17 Pro mockup frame...
[ppc-m-ca][Android - Chrome] 🔘 [Mobile] Step 3: Filling Contact Info (Dynamic Loop)...
[ppc-m-ca][Android - Chrome] 📱 [Mobile] Injecting high-fidelity glossy Natural Titanium iPhone 17 Pro mockup frame...
[ppc-m-ca][Android - Chrome] ✅ [Mobile] Filled First Name: ckmtestpixel
[ppc-m-ca][Android - Chrome] ✅ [Mobile] Filled Last Name: ckmtestpixel
[ppc-m-ca][Android - Chrome] ✅ [Mobile] Filled Email: ckmtestpixel@gmail.com
[ppc-m-ca][Android - Chrome] ✅ [Mobile] Filled Phone: 401-247-1066
[ppc-m-ca][Android - Chrome] 🔘 [Mobile] Clicking active contact NEXT/SUBMIT button...
[ppc-m-ca][Tablet - Chrome] 💻 [Tablet] Injecting high-fidelity glossy iPad Pro mockup frame...
[ppc-m-ca][Tablet - Chrome] ✅ [Mobile] Reached a recognized terminal step. Stopping dynamic traversal.
[ppc-m-ca][Tablet - Chrome] 🔘 [Mobile] Step 2: Selecting State
[ppc-m-ca][Tablet - Chrome] ✅ [Mobile] Selected state dynamically: "Louisiana"
📝 [Mobile] step3 column set to State: "Louisiana"
[ppc-m-ca][Tablet - Chrome] 🔘 [Mobile] Clicking active visible button: .next-btn:visible, .next-btn2:visible, .btn-next:visible
[ppc-m-ca][Tablet - Chrome] ✅ [Mobile] Clicked: .next-btn:visible, .next-btn2:visible, .btn-next:visible
[ppc-m-ca][Tablet - Chrome] 💻 [Tablet] Injecting high-fidelity glossy iPad Pro mockup frame...
[ppc-m-ca][Android - Chrome] 📱 [Mobile] Injecting high-fidelity glossy Natural Titanium iPhone 17 Pro mockup frame...
[ppc-m-ca][Tablet - Chrome] 🔘 [Mobile] Step 3: Filling Contact Info (Dynamic Loop)...
[ppc-m-ca][Tablet - Chrome] 💻 [Tablet] Injecting high-fidelity glossy iPad Pro mockup frame...
[ppc-m-ca][Android - Chrome] ✅ [Mobile] Filled Phone: 401-247-1066
[ppc-m-ca][Android - Chrome] 🔘 [Mobile] Clicking active contact NEXT/SUBMIT button...
[ppc-m-ca][Tablet - Chrome] ✅ [Mobile] Filled First Name: ckmtestpixel
[ppc-m-ca][Tablet - Chrome] ✅ [Mobile] Filled Last Name: ckmtestpixel
[ppc-m-ca][Tablet - Chrome] ✅ [Mobile] Filled Email: ckmtestpixel@gmail.com
[ppc-m-ca][Tablet - Chrome] ✅ [Mobile] Filled Phone: 401-247-1067
[ppc-m-ca][Tablet - Chrome] 🔘 [Mobile] Clicking active contact NEXT/SUBMIT button...
[ppc-st2][Tablet - Chrome] [STDERR] ⚠️ [Mobile] Standard submit buttons not found, consulting AI Agent...
[ppc-st2][Tablet - Chrome] 🤖 [AI Agent] Analyzing Submit button for global...
[ppc-st2][Tablet - Chrome] ⏳ [Mobile] Waiting for final Thank You page redirection...
[ppc-st2][Tablet - Chrome] ✅ [Mobile] Targeted final redirect URL achieved!
[ppc-st2][Tablet - Chrome] ✅ [Mobile] Final Thank You URL: https://tra.com/thank-you/nn?debt=8729&leadid=E282F5EC&reqid=26858543&affid=659&oid=133
[ppc-st2][Tablet - Chrome] 📋 [Pre-Fix] Thank-you URL before debt correction: https://tra.com/thank-you/nn?debt=8729&leadid=E282F5EC&reqid=26858543&affid=659&oid=133
💾 [Debt Debug] formPage.selectedSliderAmount = "8,729"
💾 [Debt Debug] selectedDebtNum (numeric) = "8729"
[ppc-st2][Tablet - Chrome] 🔧 [Debt Fix] Current debt in URL: 8729, Should be: 8729
✅ [Debt Fix] Debt parameter already correct
[ppc-st2][Tablet - Chrome] 📱 [Mobile Diagnostic] Full Thank You URL Parameters: {"debt":"8729","leadid":"E282F5EC","reqid":"26858543","affid":"659","oid":"133"}
[ppc-st2][Tablet - Chrome] ✅ [Mobile] Extracted Lead ID: E282F5EC
📱 Device Type detected: Tablet - Chrome
[ppc-st2][Tablet - Chrome] ✅ Lead captured: E282F5EC
[ppc-st2][Tablet - Chrome] 📡 Fetching First API data for Lead ID: E282F5EC...
[ppc-st2][Tablet - Chrome] [STDERR] ❌ First API Attempt 1 failed: Invalid URL
[ppc-st2][Tablet - Chrome] ⏳ Retrying in 1 second...
[ppc-st2][Tablet - Chrome] [STDERR] ❌ First API Attempt 2 failed: Invalid URL
[ppc-st2][Tablet - Chrome] ⏳ Retrying in 1 second...
[ppc-m-ca][Tablet - Chrome] 💻 [Tablet] Injecting high-fidelity glossy iPad Pro mockup frame...
[ppc-m-ca][Tablet - Chrome] ✅ [Mobile] Filled Phone: 401-247-1067
[ppc-m-ca][Tablet - Chrome] 🔘 [Mobile] Clicking active contact NEXT/SUBMIT button...
[ppc-st2][Tablet - Chrome] [STDERR] ❌ First API Attempt 3 failed: Invalid URL
[ppc-st2][Tablet - Chrome] 📡 Fetching Second API data for Lead ID: E282F5EC...
[ppc-st2][Tablet - Chrome] 📡 Standard Second API Payload: cake_id=E282F5EC, domain_name=https://www.taxreliefadvocates.com
[ppc-st2][Tablet - Chrome] [STDERR] ❌ Second API Attempt 1 failed: Invalid URL
[ppc-st2][Tablet - Chrome] ⏳ Retrying in 1 second to allow database synchronization...
[ppc-st2][Desktop - Chrome] [STDERR] ⚠️ [Mobile] Standard submit buttons not found, consulting AI Agent...
[ppc-st2][Desktop - Chrome] 🤖 [AI Agent] Analyzing Submit button for global...
[ppc-st2][Desktop - Chrome] ⏳ [Mobile] Waiting for final Thank You page redirection...
[ppc-st2][Desktop - Chrome] ✅ [Mobile] Targeted final redirect URL achieved!
[ppc-st2][Desktop - Chrome] ✅ [Mobile] Final Thank You URL: https://tra.com/thank-you/nn?debt=9120&leadid=FB8C27AE&reqid=26858545&affid=659&oid=133
📋 [Pre-Fix] Thank-you URL before debt correction: https://tra.com/thank-you/nn?debt=9120&leadid=FB8C27AE&reqid=26858545&affid=659&oid=133
[ppc-st2][Desktop - Chrome] 💾 [Debt Debug] formPage.selectedSliderAmount = "9,120"
💾 [Debt Debug] selectedDebtNum (numeric) = "9120"
[ppc-st2][Desktop - Chrome] 🔧 [Debt Fix] Current debt in URL: 9120, Should be: 9120
[ppc-st2][Desktop - Chrome] ✅ [Debt Fix] Debt parameter already correct
[ppc-st2][Desktop - Chrome] 📱 [Mobile Diagnostic] Full Thank You URL Parameters: {"debt":"9120","leadid":"FB8C27AE","reqid":"26858545","affid":"659","oid":"133"}
[ppc-st2][Desktop - Chrome] ✅ [Mobile] Extracted Lead ID: FB8C27AE
[ppc-st2][Desktop - Chrome] 📱 Device Type detected: Desktop - Chrome
[ppc-st2][Desktop - Chrome] ✅ Lead captured: FB8C27AE
[ppc-st2][Desktop - Chrome] 📡 Fetching First API data for Lead ID: FB8C27AE...
[ppc-st2][Tablet - Chrome] 📡 Standard Second API Payload: cake_id=E282F5EC, domain_name=https://www.taxreliefadvocates.com
[ppc-st2][Tablet - Chrome] [STDERR] ❌ Second API Attempt 2 failed: Invalid URL
[ppc-st2][Tablet - Chrome] ⏳ Retrying in 1 second to allow database synchronization...
[ppc-st2][Desktop - Chrome] [STDERR] ❌ First API Attempt 1 failed: Invalid URL
[ppc-st2][Desktop - Chrome] ⏳ Retrying in 1 second...
[ppc-m-ca][Tablet - Chrome] 💻 [Tablet] Injecting high-fidelity glossy iPad Pro mockup frame...
[ppc-m-ca][Tablet - Chrome] ✅ [Mobile] Thank you page or lead id detected in URL during contact loop. Exiting contact loop.
🔘 [Mobile] Scanning for additional dynamic steps...
[ppc-m-ca][Tablet - Chrome] ✅ [Mobile] Thank you page detected during adaptive submit loop. Exiting loop.
[ppc-m-ca][Tablet - Chrome] 🔘 [Mobile] Submitting form
💾 [Mobile] Setting hidden debt fields to: 9530
[ppc-m-ca][Tablet - Chrome] ⏳ [Mobile] Waiting for submission navigation to complete
[ppc-st2][Tablet - Chrome] 📡 Standard Second API Payload: cake_id=E282F5EC, domain_name=https://www.taxreliefadvocates.com
[ppc-st2][Tablet - Chrome] [STDERR] ❌ Second API Attempt 3 failed: Invalid URL
[ppc-st2][Tablet - Chrome] ⏳ Retrying in 1 second to allow database synchronization...
[ppc-st2][Desktop - Chrome] [STDERR] ❌ First API Attempt 2 failed: Invalid URL
[ppc-st2][Desktop - Chrome] ⏳ Retrying in 1 second...
[ppc-st2][Tablet - Chrome] 📡 Standard Second API Payload: cake_id=E282F5EC, domain_name=https://www.taxreliefadvocates.com
[ppc-st2][Desktop - Chrome] [STDERR] ❌ First API Attempt 3 failed: Invalid URL
[ppc-st2][Tablet - Chrome] [STDERR] ❌ Second API Attempt 4 failed: Invalid URL
[ppc-st2][Tablet - Chrome] ⏳ Retrying in 1 second to allow database synchronization...
[ppc-st2][Desktop - Chrome] 📡 Fetching Second API data for Lead ID: FB8C27AE...
[ppc-st2][Desktop - Chrome] 📡 Standard Second API Payload: cake_id=FB8C27AE, domain_name=https://www.taxreliefadvocates.com
[ppc-st2][Desktop - Chrome] [STDERR] ❌ Second API Attempt 1 failed: Invalid URL
[ppc-st2][Desktop - Chrome] ⏳ Retrying in 1 second to allow database synchronization...
[ppc-st2][Tablet - Chrome] 📡 Standard Second API Payload: cake_id=E282F5EC, domain_name=https://www.taxreliefadvocates.com
[ppc-st2][Desktop - Chrome] 📡 Standard Second API Payload: cake_id=FB8C27AE, domain_name=https://www.taxreliefadvocates.com
[ppc-st2][Tablet - Chrome] [STDERR] ❌ Second API Attempt 5 failed: Invalid URL
[ppc-st2][Desktop - Chrome] [STDERR] ❌ Second API Attempt 2 failed: Invalid URL
[ppc-st2][Desktop - Chrome] ⏳ Retrying in 1 second to allow database synchronization...
[ppc-st2][Tablet - Chrome] 📡 [Rest-Assurance] Verifying Lead ID: E282F5EC via Backend...
[ppc-st2][Tablet - Chrome] [STDERR] 🛡️  [Rest-Assurance] VERIFICATION_FAILED: Invalid URL
[ppc-st2][Tablet - Chrome] [STDERR] (node:21484) Warning: Setting the NODE_TLS_REJECT_UNAUTHORIZED environment variable to '0' makes TLS connections and HTTPS requests insecure by disabling certificate verification.
(Use `node --trace-warnings ...` to show where the warning was created)
[ppc-st2][Desktop - Chrome] 📡 Standard Second API Payload: cake_id=FB8C27AE, domain_name=https://www.taxreliefadvocates.com
[ppc-st2][Desktop - Chrome] [STDERR] ❌ Second API Attempt 3 failed: Invalid URL
[ppc-st2][Desktop - Chrome] ⏳ Retrying in 1 second to allow database synchronization...
[ppc-st2][Tablet - Chrome] ✅ Row appended successfully to sheet: PPC-ST2
[ppc-st2][Desktop - Chrome] 📡 Standard Second API Payload: cake_id=FB8C27AE, domain_name=https://www.taxreliefadvocates.com
[ppc-st2][Desktop - Chrome] [STDERR] ❌ Second API Attempt 4 failed: Invalid URL
[ppc-st2][Desktop - Chrome] ⏳ Retrying in 1 second to allow database synchronization...
[ppc-st2][Tablet - Chrome] ✨ Professional formatting applied to PPC-ST2
[ppc-st2][Tablet - Chrome] 🤖 [AI Agent Audit] Status: FAIL
[ppc-st2][Tablet - Chrome] [STDERR] 🚨 [AI Agent] Data mismatch detected for PPC-ST2 Tablet. Please review Google Sheet.
[ppc-st2][Tablet - Chrome] 🤖 [AI Agent Audit] Details: MISMATCH DETECTED: UI 8,729 Expected 7,500 but API got undefined
✅ Lead processed successfully for PPC-ST2 Tablet
[ppc-st2][Desktop - Chrome] 📡 Standard Second API Payload: cake_id=FB8C27AE, domain_name=https://www.taxreliefadvocates.com
[ppc-st2][Desktop - Chrome] [STDERR] ❌ Second API Attempt 5 failed: Invalid URL
[ppc-st2][Desktop - Chrome] 📡 [Rest-Assurance] Verifying Lead ID: FB8C27AE via Backend...
[ppc-st2][Desktop - Chrome] [STDERR] 🛡️  [Rest-Assurance] VERIFICATION_FAILED: Invalid URL
[ppc-st2][Desktop - Chrome] [STDERR] (node:15780) Warning: Setting the NODE_TLS_REJECT_UNAUTHORIZED environment variable to '0' makes TLS connections and HTTPS requests insecure by disabling certificate verification.
(Use `node --trace-warnings ...` to show where the warning was created)
[ppc-st2][Tablet - Chrome] 🎥 Video saved successfully: traces/videos/PPC-ST2_PPC-ST2_Tablet.webm
[ppc-st2][Tablet - Chrome] 
✅ Execution successfully processed! { success: true, leadId: 'E282F5EC', brand: 'PPC-ST2 Tablet' }
[ppc-st2][Tablet - Chrome] 📋 Trace report successfully saved: traces/ppc-st2_tablet.zip
[ppc-st2][Desktop - Chrome] ✅ Row appended successfully to sheet: PPC-ST2
✅ [3/6/2026, 7:05:55 pm] COMPLETED: ppc-st2 [Tablet - Chrome][CHROMIUM]

================================================================
🚀 [3/6/2026, 7:05:55 pm] RUNNING: PPC-M-CA [DESKTOP - CHROME]
🔗 Target URL: https://flmtra.com/?a=659&oc=822&c=2210&s1=
================================================================
[ppc-m-ca][Desktop - Chrome] 🔌 [Browser Interceptor] Intercepting and optimizing engine: CHROMIUM
[ppc-m-ca][Desktop - Chrome] ◇ injected env (0) from .env // tip: ⌘ enable debugging { debug: true }
[ppc-m-ca][Desktop - Chrome] ◇ injected env (0) from .env // tip: ⌘ suppress logs { quiet: true }
[ppc-m-ca][Desktop - Chrome] ◇ injected env (0) from .env // tip: ⌘ custom filepath { path: '/custom/path/.env' }
[ppc-st2][Desktop - Chrome] ✨ Professional formatting applied to PPC-ST2
[ppc-st2][Desktop - Chrome] 🤖 [AI Agent Audit] Status: FAIL
🤖 [AI Agent Audit] Details: MISMATCH DETECTED: UI 9,120 Expected 7,500 but API got undefined
[ppc-st2][Desktop - Chrome] [STDERR] 🚨 [AI Agent] Data mismatch detected for PPC-ST2. Please review Google Sheet.
[ppc-st2][Desktop - Chrome] ✅ Lead processed successfully for PPC-ST2
[ppc-m-ca][Desktop - Chrome] ◇ injected env (0) from .env // tip: ⌘ custom filepath { path: '/custom/path/.env' }
[ppc-m-ca][Desktop - Chrome] ◇ injected env (0) from .env // tip: ⌘ custom filepath { path: '/custom/path/.env' }
[ppc-m-ca][Desktop - Chrome] 
🤖 ================================================================
[ppc-m-ca][Desktop - Chrome] 🤖 MASTER RUNNER: LAUNCHING PPC-M-CA
🤖 Mode:            DESKTOP
🤖 Tracking URL:     https://flmtra.com/?a=659&oc=822&c=2210&s1=
[ppc-m-ca][Desktop - Chrome] 🤖 Target Sheet:    PPC-M/CA
🤖 ================================================================
[ppc-m-ca][Desktop - Chrome] 🔌 [Browser Interceptor] Intercepting and optimizing engine: CHROMIUM
[ppc-m-ca][Desktop - Chrome] 💻 Emulated Device Profile: DESKTOP - [Desktop - Chrome]
[ppc-m-ca][Desktop - Chrome] 🔄 Processing lead for brand: PPC-M-CA
[ppc-m-ca][Desktop - Chrome] 📊 Campaign execution run index: 68
[ppc-m-ca][Desktop - Chrome] 📅 [Rotational Logic] Week 1 Day 3. Target Range: 7500-10000 (Max allowed by URL: 50000)
[ppc-m-ca][Desktop - Chrome] 🔗 [Mobile] Navigating to: https://flmtra.com/?a=659&oc=822&c=2210&s1=
[ppc-st2][Desktop - Chrome] 🎥 Video saved successfully: traces/videos/PPC-ST2_PPC-ST2.webm
[ppc-st2][Desktop - Chrome] 
✅ Execution successfully processed! { success: true, leadId: 'FB8C27AE', brand: 'PPC-ST2' }
[ppc-st2][Desktop - Chrome] 📋 Trace report successfully saved: traces/ppc-st2_desktop.zip
✅ [3/6/2026, 7:05:57 pm] COMPLETED: ppc-st2 [Desktop - Chrome][CHROMIUM]

================================================================
🚀 [3/6/2026, 7:05:57 pm] RUNNING: PPC CR [ANDROID - CHROME]
🔗 Target URL: https://flmtra.com/?a=659&oc=848&c=2210&s1=
================================================================
[ppc-cr][Android - Chrome] 🔌 [Browser Interceptor] Intercepting and optimizing engine: CHROMIUM
[ppc-cr][Android - Chrome] ◇ injected env (0) from .env // tip: ◈ encrypted .env [www.dotenvx.com]
[ppc-cr][Android - Chrome] ◇ injected env (0) from .env // tip: ◈ encrypted .env [www.dotenvx.com]
[ppc-cr][Android - Chrome] ◇ injected env (0) from .env // tip: ◈ secrets for agents [www.dotenvx.com]
[ppc-cr][Android - Chrome] ◇ injected env (0) from .env // tip: ⌁ auth for agents [www.vestauth.com]
[ppc-cr][Android - Chrome] ◇ injected env (0) from .env // tip: ⌁ auth for agents [www.vestauth.com]
[ppc-cr][Android - Chrome] 
🤖 ================================================================
[ppc-cr][Android - Chrome] 🤖 MASTER RUNNER: LAUNCHING PPC CR
🤖 Mode:            MOBILE
[ppc-cr][Android - Chrome] 🤖 Tracking URL:     https://flmtra.com/?a=659&oc=848&c=2210&s1=
[ppc-cr][Android - Chrome] 🤖 Target Sheet:    PPC-CR
🤖 ================================================================
[ppc-cr][Android - Chrome] 🔌 [Browser Interceptor] Intercepting and optimizing engine: CHROMIUM
[ppc-cr][Android - Chrome] 📋 Emulated Device Profile: MOBILE (Pixel 7) - [Android - Chrome]
[ppc-cr][Android - Chrome] ⏳ Delaying 200ms to allow responsive layouts to mount...
[ppc-cr][Android - Chrome] 🔄 Processing lead for brand: PPC CR Mobile
[ppc-cr][Android - Chrome] 📊 Campaign execution run index: 70
[ppc-cr][Android - Chrome] 📅 [Rotational Logic] Week 1 Day 3. Target Range: 1000-1000 (Max allowed by URL: 1000)
[ppc-cr][Android - Chrome] 🔗 [Mobile] Navigating to: https://flmtra.com/?a=659&oc=848&c=2210&s1=
[ppc-m-ca][Desktop - Chrome] ✅ [Mobile] Page loaded successfully
[ppc-m-ca][Desktop - Chrome] 💻 [Tablet] Injecting high-fidelity glossy iPad Pro mockup frame...
[ppc-m-ca][Desktop - Chrome] 💻 [Tablet] Injecting high-fidelity glossy iPad Pro mockup frame...
[ppc-m-ca][Desktop - Chrome] 📝 [Mobile] Starting mobile-specific form filling...
[ppc-m-ca][Desktop - Chrome] 🔘 [Mobile] Step 1: Selecting Debt Amount (9,568)
[ppc-m-ca][Desktop - Chrome] 🔘 [Mobile] Found jQuery UI Slider #slider. Setting value via jQuery and DOM evaluation...
[ppc-m-ca][Desktop - Chrome] ✅ [Mobile] Set jQuery UI Slider #slider to 9,568
[ppc-m-ca][Desktop - Chrome] 🔘 [Mobile] Clicking active visible button: .next-btn1:visible, .btn-next:visible
[ppc-m-ca][Desktop - Chrome] ✅ [Mobile] Clicked: .next-btn1:visible, .btn-next:visible
[ppc-m-ca][Desktop - Chrome] 💻 [Tablet] Injecting high-fidelity glossy iPad Pro mockup frame...
[ppc-m-ca][Desktop - Chrome] ✅ [Mobile] Reached a recognized terminal step. Stopping dynamic traversal.
[ppc-m-ca][Desktop - Chrome] 🔘 [Mobile] Step 2: Selecting State
[ppc-m-ca][Desktop - Chrome] ✅ [Mobile] Selected state dynamically: "Maine"
📝 [Mobile] step3 column set to State: "Maine"
[ppc-m-ca][Desktop - Chrome] 🔘 [Mobile] Clicking active visible button: .next-btn:visible, .next-btn2:visible, .btn-next:visible
[ppc-cr][Android - Chrome] ✅ [Mobile] Page loaded successfully
[ppc-cr][Android - Chrome] 📱 [Mobile] Injecting high-fidelity glossy Natural Titanium iPhone 17 Pro mockup frame...
[ppc-m-ca][Desktop - Chrome] ✅ [Mobile] Clicked: .next-btn:visible, .next-btn2:visible, .btn-next:visible
[ppc-cr][Android - Chrome] 📱 [Mobile] Injecting high-fidelity glossy Natural Titanium iPhone 17 Pro mockup frame...
[ppc-cr][Android - Chrome] 📝 [Mobile] Starting mobile-specific form filling...
[ppc-cr][Android - Chrome] 🔘 [Mobile] Step 1: Selecting Debt Amount (1,000)
[ppc-cr][Android - Chrome] 🔘 [Mobile] Found jQuery UI Slider #slider. Setting value via jQuery and DOM evaluation...
[ppc-cr][Android - Chrome] ✅ [Mobile] Set jQuery UI Slider #slider to 1,000
[ppc-cr][Android - Chrome] 🔘 [Mobile] Clicking active visible button: .next-btn1:visible, .btn-next:visible
[ppc-cr][Android - Chrome] ✅ [Mobile] Clicked: .next-btn1:visible, .btn-next:visible
[ppc-m-ca][Desktop - Chrome] 💻 [Tablet] Injecting high-fidelity glossy iPad Pro mockup frame...
[ppc-m-ca][Desktop - Chrome] 🔘 [Mobile] Step 3: Filling Contact Info (Dynamic Loop)...
[ppc-m-ca][Desktop - Chrome] 💻 [Tablet] Injecting high-fidelity glossy iPad Pro mockup frame...
[ppc-m-ca][Desktop - Chrome] ✅ [Mobile] Filled First Name: ckmtestpixel
[ppc-cr][Android - Chrome] 📱 [Mobile] Injecting high-fidelity glossy Natural Titanium iPhone 17 Pro mockup frame...
[ppc-m-ca][Desktop - Chrome] ✅ [Mobile] Filled Last Name: ckmtestpixel
[ppc-m-ca][Desktop - Chrome] ✅ [Mobile] Filled Email: ckmtestpixel@gmail.com
[ppc-cr][Android - Chrome] ✅ [Mobile] Reached a recognized terminal step. Stopping dynamic traversal.
[ppc-m-ca][Desktop - Chrome] ✅ [Mobile] Filled Phone: 401-247-1068
[ppc-cr][Android - Chrome] 🔘 [Mobile] Step 2: Selecting State
[ppc-m-ca][Desktop - Chrome] 🔘 [Mobile] Clicking active contact NEXT/SUBMIT button...
[ppc-cr][Android - Chrome] ✅ [Mobile] Selected state dynamically: "Massachusetts"
[ppc-cr][Android - Chrome] 📝 [Mobile] step3 column set to State: "Massachusetts"
[ppc-cr][Android - Chrome] 🔘 [Mobile] Clicking active visible button: .next-btn:visible, .next-btn2:visible, .btn-next:visible
[ppc-cr][Android - Chrome] ✅ [Mobile] Clicked: .next-btn:visible, .next-btn2:visible, .btn-next:visible
[ppc-m-ca][Tablet - Chrome] [STDERR] ⚠️ [Mobile] Standard submit buttons not found, consulting AI Agent...
[ppc-m-ca][Tablet - Chrome] 🤖 [AI Agent] Analyzing Submit button for global...
[ppc-m-ca][Tablet - Chrome] ⏳ [Mobile] Waiting for final Thank You page redirection...
[ppc-m-ca][Tablet - Chrome] ✅ [Mobile] Targeted final redirect URL achieved!
[ppc-m-ca][Tablet - Chrome] ✅ [Mobile] Final Thank You URL: https://tra.com/thank-you?debt=9530&leadid=E0146449&reqid=26858550&affid=659&oid=133&page=tra_ppcm_ca
[ppc-m-ca][Tablet - Chrome] 📋 [Pre-Fix] Thank-you URL before debt correction: https://tra.com/thank-you?debt=9530&leadid=E0146449&reqid=26858550&affid=659&oid=133&page=tra_ppcm_ca
[ppc-m-ca][Tablet - Chrome] 💾 [Debt Debug] formPage.selectedSliderAmount = "9,530"
💾 [Debt Debug] selectedDebtNum (numeric) = "9530"
[ppc-m-ca][Tablet - Chrome] 🔧 [Debt Fix] Current debt in URL: 9530, Should be: 9530
[ppc-m-ca][Tablet - Chrome] ✅ [Debt Fix] Debt parameter already correct
[ppc-m-ca][Tablet - Chrome] 📱 [Mobile Diagnostic] Full Thank You URL Parameters: {"debt":"9530","leadid":"E0146449","reqid":"26858550","affid":"659","oid":"133","page":"tra_ppcm_ca"}
[ppc-m-ca][Tablet - Chrome] ✅ [Mobile] Extracted Lead ID: E0146449
[ppc-m-ca][Tablet - Chrome] 📱 Device Type detected: Tablet - Chrome
[ppc-m-ca][Tablet - Chrome] ✅ Lead captured: E0146449
[ppc-m-ca][Tablet - Chrome] 📡 Fetching First API data for Lead ID: E0146449...
[ppc-m-ca][Tablet - Chrome] [STDERR] ❌ First API Attempt 1 failed: Invalid URL
[ppc-m-ca][Tablet - Chrome] ⏳ Retrying in 1 second...
[ppc-cr][Android - Chrome] 📱 [Mobile] Injecting high-fidelity glossy Natural Titanium iPhone 17 Pro mockup frame...
[ppc-cr][Android - Chrome] 🔘 [Mobile] Step 3: Filling Contact Info (Dynamic Loop)...
[ppc-cr][Android - Chrome] 📱 [Mobile] Injecting high-fidelity glossy Natural Titanium iPhone 17 Pro mockup frame...
[ppc-m-ca][Desktop - Chrome] 💻 [Tablet] Injecting high-fidelity glossy iPad Pro mockup frame...
[ppc-cr][Android - Chrome] ✅ [Mobile] Filled First Name: ckmtestpixel
[ppc-cr][Android - Chrome] ✅ [Mobile] Filled Last Name: ckmtestpixel
[ppc-cr][Android - Chrome] ✅ [Mobile] Filled Email: ckmtestpixel@gmail.com
[ppc-m-ca][Tablet - Chrome] [STDERR] ❌ First API Attempt 2 failed: Invalid URL
[ppc-m-ca][Tablet - Chrome] ⏳ Retrying in 1 second...
[ppc-m-ca][Desktop - Chrome] ✅ [Mobile] Filled Phone: 401-247-1068
[ppc-cr][Android - Chrome] ✅ [Mobile] Filled Phone: 401-247-1070
[ppc-m-ca][Desktop - Chrome] 🔘 [Mobile] Clicking active contact NEXT/SUBMIT button...
[ppc-cr][Android - Chrome] 🔘 [Mobile] Clicking active contact NEXT/SUBMIT button...
[ppc-m-ca][Tablet - Chrome] [STDERR] ❌ First API Attempt 3 failed: Invalid URL
[ppc-m-ca][Tablet - Chrome] 📡 Fetching Second API data for Lead ID: E0146449...
[ppc-m-ca][Tablet - Chrome] 📡 Standard Second API Payload: cake_id=E0146449, domain_name=https://www.taxreliefadvocates.com
[ppc-m-ca][Tablet - Chrome] [STDERR] ❌ Second API Attempt 1 failed: Invalid URL
[ppc-m-ca][Tablet - Chrome] ⏳ Retrying in 1 second to allow database synchronization...
[ppc-m-ca][Tablet - Chrome] 📡 Standard Second API Payload: cake_id=E0146449, domain_name=https://www.taxreliefadvocates.com
[ppc-m-ca][Tablet - Chrome] [STDERR] ❌ Second API Attempt 2 failed: Invalid URL
[ppc-m-ca][Tablet - Chrome] ⏳ Retrying in 1 second to allow database synchronization...
[ppc-cr][Android - Chrome] 📱 [Mobile] Injecting high-fidelity glossy Natural Titanium iPhone 17 Pro mockup frame...
[ppc-m-ca][Desktop - Chrome] 💻 [Tablet] Injecting high-fidelity glossy iPad Pro mockup frame...
[ppc-m-ca][Desktop - Chrome] [STDERR] ⚠️ [Tablet] Failed to apply glossy iPad Pro mockup frame overlay: page.evaluate: TypeError: Cannot read properties of null (reading 'appendChild')
    at eval (eval at evaluate (:302:30), <anonymous>:104:23)
    at UtilityScript.evaluate (<anonymous>:304:16)
    at UtilityScript.<anonymous> (<anonymous>:1:44)
[ppc-m-ca][Desktop - Chrome] ✅ [Mobile] Thank you page or lead id detected in URL during contact loop. Exiting contact loop.
🔘 [Mobile] Scanning for additional dynamic steps...
[ppc-m-ca][Desktop - Chrome] ✅ [Mobile] Thank you page detected during adaptive submit loop. Exiting loop.
[ppc-m-ca][Desktop - Chrome] 🔘 [Mobile] Submitting form
💾 [Mobile] Setting hidden debt fields to: 9568
[ppc-m-ca][Desktop - Chrome] ⏳ [Mobile] Waiting for submission navigation to complete
[ppc-m-ca][Tablet - Chrome] 📡 Standard Second API Payload: cake_id=E0146449, domain_name=https://www.taxreliefadvocates.com
[ppc-m-ca][Tablet - Chrome] [STDERR] ❌ Second API Attempt 3 failed: Invalid URL
[ppc-m-ca][Tablet - Chrome] ⏳ Retrying in 1 second to allow database synchronization...
[ppc-cr][Android - Chrome] ✅ [Mobile] Filled Phone: 401-247-1070
[ppc-cr][Android - Chrome] 🔘 [Mobile] No active contact NEXT/SUBMIT button visible. Exiting loop.
🔘 [Mobile] Scanning for additional dynamic steps...
[ppc-cr][Android - Chrome] ✅ [Mobile] Thank you page detected during adaptive submit loop. Exiting loop.
[ppc-cr][Android - Chrome] 🔘 [Mobile] Submitting form
💾 [Mobile] Setting hidden debt fields to: 1000
[ppc-cr][Android - Chrome] ⏳ [Mobile] Waiting for submission navigation to complete
[ppc-m-ca][Tablet - Chrome] 📡 Standard Second API Payload: cake_id=E0146449, domain_name=https://www.taxreliefadvocates.com
[ppc-m-ca][Tablet - Chrome] [STDERR] ❌ Second API Attempt 4 failed: Invalid URL
[ppc-m-ca][Tablet - Chrome] ⏳ Retrying in 1 second to allow database synchronization...
[ppc-m-ca][Tablet - Chrome] 📡 Standard Second API Payload: cake_id=E0146449, domain_name=https://www.taxreliefadvocates.com
[ppc-m-ca][Tablet - Chrome] [STDERR] ❌ Second API Attempt 5 failed: Invalid URL
[ppc-m-ca][Tablet - Chrome] 📡 [Rest-Assurance] Verifying Lead ID: E0146449 via Backend...
[ppc-m-ca][Tablet - Chrome] [STDERR] 🛡️  [Rest-Assurance] VERIFICATION_FAILED: Invalid URL
[ppc-m-ca][Tablet - Chrome] [STDERR] (node:28272) Warning: Setting the NODE_TLS_REJECT_UNAUTHORIZED environment variable to '0' makes TLS connections and HTTPS requests insecure by disabling certificate verification.
(Use `node --trace-warnings ...` to show where the warning was created)
[ppc-m-ca][Tablet - Chrome] ✅ Row appended successfully to sheet: PPC-M/CA
[ppc-m-ca][Tablet - Chrome] ✨ Professional formatting applied to PPC-M/CA
[ppc-m-ca][Tablet - Chrome] 🤖 [AI Agent Audit] Status: FAIL
🤖 [AI Agent Audit] Details: MISMATCH DETECTED: UI 9,530 Expected 7,500 but API got undefined
[ppc-m-ca][Tablet - Chrome] [STDERR] 🚨 [AI Agent] Data mismatch detected for PPC-M-CA Tablet. Please review Google Sheet.
[ppc-m-ca][Tablet - Chrome] ✅ Lead processed successfully for PPC-M-CA Tablet
[ppc-m-ca][Tablet - Chrome] 🎥 Video saved successfully: traces/videos/PPC-M/CA_PPC-M-CA_Tablet.webm
[ppc-m-ca][Tablet - Chrome] 
✅ Execution successfully processed! { success: true, leadId: 'E0146449', brand: 'PPC-M-CA Tablet' }
[ppc-m-ca][Tablet - Chrome] 📋 Trace report successfully saved: traces/ppc-m-ca_tablet.zip
✅ [3/6/2026, 7:06:20 pm] COMPLETED: ppc-m-ca [Tablet - Chrome][CHROMIUM]

================================================================
🚀 [3/6/2026, 7:06:20 pm] RUNNING: PPC CR [TABLET - CHROME]
🔗 Target URL: https://flmtra.com/?a=659&oc=848&c=2210&s1=
================================================================
[ppc-cr][Tablet - Chrome] 🔌 [Browser Interceptor] Intercepting and optimizing engine: CHROMIUM
[ppc-cr][Tablet - Chrome] ◇ injected env (0) from .env // tip: ⌘ enable debugging { debug: true }
[ppc-cr][Tablet - Chrome] ◇ injected env (0) from .env // tip: ⌁ auth for agents [www.vestauth.com]
[ppc-cr][Tablet - Chrome] ◇ injected env (0) from .env // tip: ⌁ auth for agents [www.vestauth.com]
[ppc-cr][Tablet - Chrome] ◇ injected env (0) from .env // tip: ⌘ enable debugging { debug: true }
[ppc-cr][Tablet - Chrome] ◇ injected env (0) from .env // tip: ◈ secrets for agents [www.dotenvx.com]
[ppc-cr][Tablet - Chrome] 
🤖 ================================================================
[ppc-cr][Tablet - Chrome] 🤖 MASTER RUNNER: LAUNCHING PPC CR
🤖 Mode:            TABLET
[ppc-cr][Tablet - Chrome] 🤖 Tracking URL:     https://flmtra.com/?a=659&oc=848&c=2210&s1=
[ppc-cr][Tablet - Chrome] 🤖 Target Sheet:    PPC-CR
🤖 ================================================================
[ppc-cr][Tablet - Chrome] 🔌 [Browser Interceptor] Intercepting and optimizing engine: CHROMIUM
[ppc-cr][Tablet - Chrome] 📋 Emulated Device Profile: TABLET (iPad Pro 11) - [Tablet - Chrome]
[ppc-cr][Tablet - Chrome] ⏳ Delaying 200ms to allow responsive layouts to mount...
[ppc-cr][Tablet - Chrome] 🔄 Processing lead for brand: PPC CR Tablet
[ppc-cr][Tablet - Chrome] 📊 Campaign execution run index: 71
[ppc-cr][Tablet - Chrome] 📅 [Rotational Logic] Week 1 Day 3. Target Range: 1000-1000 (Max allowed by URL: 1000)
[ppc-cr][Tablet - Chrome] 🔗 [Mobile] Navigating to: https://flmtra.com/?a=659&oc=848&c=2210&s1=
[ppc-cr][Tablet - Chrome] ✅ [Mobile] Page loaded successfully
[ppc-cr][Tablet - Chrome] 💻 [Tablet] Injecting high-fidelity glossy iPad Pro mockup frame...
[ppc-cr][Tablet - Chrome] 💻 [Tablet] Injecting high-fidelity glossy iPad Pro mockup frame...
[ppc-cr][Tablet - Chrome] 📝 [Mobile] Starting mobile-specific form filling...
[ppc-cr][Tablet - Chrome] 🔘 [Mobile] Step 1: Selecting Debt Amount (1,000)
[ppc-cr][Tablet - Chrome] 🔘 [Mobile] Found jQuery UI Slider #slider. Setting value via jQuery and DOM evaluation...
[ppc-cr][Tablet - Chrome] ✅ [Mobile] Set jQuery UI Slider #slider to 1,000
[ppc-cr][Tablet - Chrome] 🔘 [Mobile] Clicking active visible button: .next-btn1:visible, .btn-next:visible
[ppc-cr][Tablet - Chrome] ✅ [Mobile] Clicked: .next-btn1:visible, .btn-next:visible
[ppc-cr][Tablet - Chrome] 💻 [Tablet] Injecting high-fidelity glossy iPad Pro mockup frame...
[ppc-cr][Tablet - Chrome] ✅ [Mobile] Reached a recognized terminal step. Stopping dynamic traversal.
[ppc-cr][Tablet - Chrome] 🔘 [Mobile] Step 2: Selecting State
[ppc-cr][Tablet - Chrome] ✅ [Mobile] Selected state dynamically: "Michigan"
[ppc-cr][Tablet - Chrome] 📝 [Mobile] step3 column set to State: "Michigan"
[ppc-cr][Tablet - Chrome] 🔘 [Mobile] Clicking active visible button: .next-btn:visible, .next-btn2:visible, .btn-next:visible
[ppc-cr][Tablet - Chrome] ✅ [Mobile] Clicked: .next-btn:visible, .next-btn2:visible, .btn-next:visible
[ppc-cr][Tablet - Chrome] 💻 [Tablet] Injecting high-fidelity glossy iPad Pro mockup frame...
[ppc-cr][Tablet - Chrome] 🔘 [Mobile] Step 3: Filling Contact Info (Dynamic Loop)...
[ppc-cr][Tablet - Chrome] 💻 [Tablet] Injecting high-fidelity glossy iPad Pro mockup frame...
[ppc-cr][Tablet - Chrome] ✅ [Mobile] Filled First Name: ckmtestpixel
[ppc-cr][Tablet - Chrome] ✅ [Mobile] Filled Last Name: ckmtestpixel
[ppc-cr][Tablet - Chrome] ✅ [Mobile] Filled Email: ckmtestpixel@gmail.com
[ppc-cr][Tablet - Chrome] ✅ [Mobile] Filled Phone: 401-247-1071
[ppc-cr][Tablet - Chrome] 🔘 [Mobile] Clicking active contact NEXT/SUBMIT button...
[ppc-m-ca][Desktop - Chrome] [STDERR] ⚠️ [Mobile] Standard submit buttons not found, consulting AI Agent...
[ppc-m-ca][Desktop - Chrome] 🤖 [AI Agent] Analyzing Submit button for global...
[ppc-m-ca][Desktop - Chrome] ⏳ [Mobile] Waiting for final Thank You page redirection...
[ppc-m-ca][Desktop - Chrome] ✅ [Mobile] Targeted final redirect URL achieved!
[ppc-m-ca][Desktop - Chrome] ✅ [Mobile] Final Thank You URL: https://tra.com/thank-you?debt=#tax_debt#&leadid=#leadid#&reqid=#reqid#&affid=#affid#&oid=133&page=tra_ppcm_ca
📋 [Pre-Fix] Thank-you URL before debt correction: https://tra.com/thank-you?debt=#tax_debt#&leadid=#leadid#&reqid=#reqid#&affid=#affid#&oid=133&page=tra_ppcm_ca
💾 [Debt Debug] formPage.selectedSliderAmount = "9,568"
💾 [Debt Debug] selectedDebtNum (numeric) = "9568"
🔧 [Debt Fix] Current debt in URL: , Should be: 9568
[ppc-m-ca][Desktop - Chrome] 🔧 [Debt Fix] Correcting debt parameter:  → 9568
[ppc-m-ca][Desktop - Chrome] ✅ [Debt Fix] Updated thank-you URL: https://tra.com/thank-you?debt=9568#tax_debt#&leadid=#leadid#&reqid=#reqid#&affid=#affid#&oid=133&page=tra_ppcm_ca
[ppc-m-ca][Desktop - Chrome] 📱 [Mobile Diagnostic] Full Thank You URL Parameters: {"debt":"9568"}
[ppc-m-ca][Desktop - Chrome] 🔍 [Mobile DOM Deep-Scan] URL ID missing or non-standard (e.g. numeric reqid). Searching for Hex-8 or GUID IDs...
[ppc-m-ca][Desktop - Chrome] ✅ [Mobile] Extracted Lead ID: 0577567f-0580-4d91-9abd-97113cf2ff18
📱 Device Type detected: Desktop - Chrome
[ppc-m-ca][Desktop - Chrome] [STDERR] ❌ Invalid Lead ID format detected: 0577567f-0580-4d91-9abd-97113cf2ff18. Expected 8-char alphanumeric with letters and digits (example: ACAAA01E).
[ppc-m-ca][Desktop - Chrome] ✅ Lead captured: 0577567f-0580-4d91-9abd-97113cf2ff18
[ppc-m-ca][Desktop - Chrome] 🔧 [URL Fix] Appending leadid=0577567f-0580-4d91-9abd-97113cf2ff18 to Thank You URL
[ppc-m-ca][Desktop - Chrome] 📡 Fetching First API data for Lead ID: 0577567f-0580-4d91-9abd-97113cf2ff18...
[ppc-m-ca][Desktop - Chrome] [STDERR] ❌ First API Attempt 1 failed: Invalid URL
[ppc-m-ca][Desktop - Chrome] ⏳ Retrying in 1 second...
[ppc-cr][Android - Chrome] [STDERR] ⚠️ [Mobile] Standard submit buttons not found, consulting AI Agent...
[ppc-cr][Android - Chrome] 🤖 [AI Agent] Analyzing Submit button for global...
[ppc-cr][Android - Chrome] ⏳ [Mobile] Waiting for final Thank You page redirection...
[ppc-cr][Android - Chrome] ✅ [Mobile] Targeted final redirect URL achieved!
[ppc-cr][Android - Chrome] ✅ [Mobile] Final Thank You URL: https://tra.com/thank-you?debt=5000&leadid=BADB1675&reqid=26858558&affid=659&oid=133
📋 [Pre-Fix] Thank-you URL before debt correction: https://tra.com/thank-you?debt=5000&leadid=BADB1675&reqid=26858558&affid=659&oid=133
[ppc-cr][Android - Chrome] 💾 [Debt Debug] formPage.selectedSliderAmount = "1,000"
💾 [Debt Debug] selectedDebtNum (numeric) = "1000"
[ppc-cr][Android - Chrome] 🔧 [Debt Fix] Current debt in URL: 5000, Should be: 1000
[ppc-cr][Android - Chrome] 🔧 [Debt Fix] Correcting debt parameter: 5000 → 1000
[ppc-cr][Android - Chrome] ✅ [Debt Fix] Updated thank-you URL: https://tra.com/thank-you?debt=1000&leadid=BADB1675&reqid=26858558&affid=659&oid=133
[ppc-cr][Android - Chrome] 📱 [Mobile Diagnostic] Full Thank You URL Parameters: {"debt":"1000","leadid":"BADB1675","reqid":"26858558","affid":"659","oid":"133"}
[ppc-cr][Android - Chrome] ✅ [Mobile] Extracted Lead ID: BADB1675
[ppc-cr][Android - Chrome] 📱 Device Type detected: Android - Chrome
[ppc-cr][Android - Chrome] ✅ Lead captured: BADB1675
[ppc-cr][Android - Chrome] 📡 Fetching First API data for Lead ID: BADB1675...
[ppc-cr][Android - Chrome] [STDERR] ❌ First API Attempt 1 failed: Invalid URL
[ppc-cr][Android - Chrome] ⏳ Retrying in 1 second...
[ppc-m-ca][Desktop - Chrome] [STDERR] ❌ First API Attempt 2 failed: Invalid URL
[ppc-m-ca][Desktop - Chrome] ⏳ Retrying in 1 second...
[ppc-cr][Tablet - Chrome] 💻 [Tablet] Injecting high-fidelity glossy iPad Pro mockup frame...
[ppc-cr][Tablet - Chrome] ✅ [Mobile] Filled Phone: 401-247-1071
[ppc-cr][Tablet - Chrome] 🔘 [Mobile] Clicking active contact NEXT/SUBMIT button...
[ppc-cr][Android - Chrome] [STDERR] ❌ First API Attempt 2 failed: Invalid URL
[ppc-cr][Android - Chrome] ⏳ Retrying in 1 second...
[ppc-m-ca][Android - Chrome] 📱 [Mobile] Injecting high-fidelity glossy Natural Titanium iPhone 17 Pro mockup frame...
[ppc-m-ca][Android - Chrome] ✅ [Mobile] Thank you page or lead id detected in URL during contact loop. Exiting contact loop.
🔘 [Mobile] Scanning for additional dynamic steps...
[ppc-m-ca][Android - Chrome] ✅ [Mobile] Thank you page detected during adaptive submit loop. Exiting loop.
[ppc-m-ca][Android - Chrome] 🔘 [Mobile] Submitting form
💾 [Mobile] Setting hidden debt fields to: 8772
[ppc-m-ca][Android - Chrome] ⏳ [Mobile] Waiting for submission navigation to complete
[ppc-m-ca][Desktop - Chrome] [STDERR] ❌ First API Attempt 3 failed: Invalid URL
[ppc-m-ca][Desktop - Chrome] 📡 Fetching Second API data for Lead ID: 0577567f-0580-4d91-9abd-97113cf2ff18...
[ppc-m-ca][Desktop - Chrome] 📡 Standard Second API Payload: cake_id=0577567f-0580-4d91-9abd-97113cf2ff18, domain_name=https://www.taxreliefadvocates.com
[ppc-m-ca][Desktop - Chrome] [STDERR] ❌ Second API Attempt 1 failed: Invalid URL
[ppc-m-ca][Desktop - Chrome] ⏳ Retrying in 1 second to allow database synchronization...
[ppc-cr][Android - Chrome] [STDERR] ❌ First API Attempt 3 failed: Invalid URL
[ppc-cr][Android - Chrome] 📡 [Rest-Assurance] Verifying Lead ID: BADB1675 via Backend...
[ppc-cr][Android - Chrome] [STDERR] 🛡️  [Rest-Assurance] VERIFICATION_FAILED: Invalid URL
[ppc-cr][Android - Chrome] [STDERR] (node:29292) Warning: Setting the NODE_TLS_REJECT_UNAUTHORIZED environment variable to '0' makes TLS connections and HTTPS requests insecure by disabling certificate verification.
(Use `node --trace-warnings ...` to show where the warning was created)
[ppc-m-ca][Desktop - Chrome] 📡 Standard Second API Payload: cake_id=0577567f-0580-4d91-9abd-97113cf2ff18, domain_name=https://www.taxreliefadvocates.com
[ppc-m-ca][Desktop - Chrome] [STDERR] ❌ Second API Attempt 2 failed: Invalid URL
[ppc-m-ca][Desktop - Chrome] ⏳ Retrying in 1 second to allow database synchronization...
[ppc-cr][Tablet - Chrome] 💻 [Tablet] Injecting high-fidelity glossy iPad Pro mockup frame...
[ppc-m-ca][Desktop - Chrome] 📡 Standard Second API Payload: cake_id=0577567f-0580-4d91-9abd-97113cf2ff18, domain_name=https://www.taxreliefadvocates.com
[ppc-m-ca][Desktop - Chrome] [STDERR] ❌ Second API Attempt 3 failed: Invalid URL
[ppc-m-ca][Desktop - Chrome] ⏳ Retrying in 1 second to allow database synchronization...
[ppc-cr][Android - Chrome] ✅ Row appended successfully to sheet: PPC-CR
[ppc-cr][Tablet - Chrome] ✅ [Mobile] Filled Phone: 401-247-1071
[ppc-cr][Tablet - Chrome] 🔘 [Mobile] Clicking active contact NEXT/SUBMIT button...
[ppc-m-ca][Desktop - Chrome] 📡 Standard Second API Payload: cake_id=0577567f-0580-4d91-9abd-97113cf2ff18, domain_name=https://www.taxreliefadvocates.com
[ppc-m-ca][Desktop - Chrome] [STDERR] ❌ Second API Attempt 4 failed: Invalid URL
[ppc-m-ca][Desktop - Chrome] ⏳ Retrying in 1 second to allow database synchronization...
[ppc-cr][Android - Chrome] ✨ Professional formatting applied to PPC-CR
[ppc-cr][Android - Chrome] 🤖 [AI Agent Audit] Status: FAIL
🤖 [AI Agent Audit] Details: MISMATCH DETECTED: UI 1,000 Expected 5,000 but API got undefined
[ppc-cr][Android - Chrome] [STDERR] 🚨 [AI Agent] Data mismatch detected for PPC CR Mobile. Please review Google Sheet.
[ppc-cr][Android - Chrome] ✅ Lead processed successfully for PPC CR Mobile
[ppc-m-ca][Desktop - Chrome] 📡 Standard Second API Payload: cake_id=0577567f-0580-4d91-9abd-97113cf2ff18, domain_name=https://www.taxreliefadvocates.com
[ppc-m-ca][Desktop - Chrome] [STDERR] ❌ Second API Attempt 5 failed: Invalid URL
[ppc-m-ca][Desktop - Chrome] 📡 [Rest-Assurance] Verifying Lead ID: 0577567f-0580-4d91-9abd-97113cf2ff18 via Backend...
[ppc-m-ca][Desktop - Chrome] [STDERR] 🛡️  [Rest-Assurance] VERIFICATION_FAILED: Invalid URL
[ppc-m-ca][Desktop - Chrome] [STDERR] (node:12556) Warning: Setting the NODE_TLS_REJECT_UNAUTHORIZED environment variable to '0' makes TLS connections and HTTPS requests insecure by disabling certificate verification.
(Use `node --trace-warnings ...` to show where the warning was created)
[ppc-cr][Android - Chrome] 🎥 Video saved successfully: traces/videos/PPC-CR_PPC_CR_Mobile.webm
[ppc-cr][Android - Chrome] 
✅ Execution successfully processed! { success: true, leadId: 'BADB1675', brand: 'PPC CR Mobile' }
[ppc-cr][Tablet - Chrome] 💻 [Tablet] Injecting high-fidelity glossy iPad Pro mockup frame...
[ppc-cr][Android - Chrome] 📋 Trace report successfully saved: traces/ppc-cr_mobile.zip
[ppc-cr][Tablet - Chrome] ✅ [Mobile] Filled Phone: 401-247-1071
[ppc-cr][Tablet - Chrome] 🔘 [Mobile] Clicking active contact NEXT/SUBMIT button...
✅ [3/6/2026, 7:06:41 pm] COMPLETED: ppc-cr [Android - Chrome][CHROMIUM]

================================================================
🚀 [3/6/2026, 7:06:41 pm] RUNNING: PPC CR [DESKTOP - CHROME]
🔗 Target URL: https://flmtra.com/?a=659&oc=848&c=2210&s1=
================================================================
[ppc-m-ca][Desktop - Chrome] ✅ Row appended successfully to sheet: PPC-M/CA
[ppc-cr][Desktop - Chrome] 🔌 [Browser Interceptor] Intercepting and optimizing engine: CHROMIUM
[ppc-cr][Desktop - Chrome] ◇ injected env (0) from .env // tip: ⌘ suppress logs { quiet: true }
[ppc-cr][Desktop - Chrome] ◇ injected env (0) from .env // tip: ⌘ custom filepath { path: '/custom/path/.env' }
[ppc-cr][Desktop - Chrome] ◇ injected env (0) from .env // tip: ◈ encrypted .env [www.dotenvx.com]
[ppc-m-ca][Desktop - Chrome] ✨ Professional formatting applied to PPC-M/CA
[ppc-m-ca][Desktop - Chrome] 🤖 [AI Agent Audit] Status: FAIL
🤖 [AI Agent Audit] Details: MISMATCH DETECTED: UI 9,568 Expected 7,500 but API got undefined
[ppc-m-ca][Desktop - Chrome] [STDERR] 🚨 [AI Agent] Data mismatch detected for PPC-M-CA. Please review Google Sheet.
[ppc-m-ca][Desktop - Chrome] [STDERR] ❌ Failed processing PPC-M-CA: Invalid Lead ID format: 0577567f-0580-4d91-9abd-97113cf2ff18
[ppc-m-ca][Desktop - Chrome] 
✅ Execution successfully processed! {
  success: false,
  error: 'Invalid Lead ID format: 0577567f-0580-4d91-9abd-97113cf2ff18',
  brand: 'PPC-M-CA'
}
[ppc-cr][Desktop - Chrome] ◇ injected env (0) from .env // tip: ⌘ custom filepath { path: '/custom/path/.env' }
[ppc-cr][Desktop - Chrome] ◇ injected env (0) from .env // tip: ⌘ custom filepath { path: '/custom/path/.env' }
[ppc-cr][Desktop - Chrome] 
🤖 ================================================================
[ppc-cr][Desktop - Chrome] 🤖 MASTER RUNNER: LAUNCHING PPC CR
🤖 Mode:            DESKTOP
🤖 Tracking URL:     https://flmtra.com/?a=659&oc=848&c=2210&s1=
[ppc-cr][Desktop - Chrome] 🤖 Target Sheet:    PPC-CR
[ppc-cr][Desktop - Chrome] 🤖 ================================================================
[ppc-cr][Desktop - Chrome] 🔌 [Browser Interceptor] Intercepting and optimizing engine: CHROMIUM
[ppc-cr][Desktop - Chrome] 💻 Emulated Device Profile: DESKTOP - [Desktop - Chrome]
[ppc-cr][Desktop - Chrome] 🔄 Processing lead for brand: PPC CR
[ppc-cr][Desktop - Chrome] 📊 Campaign execution run index: 72
[ppc-cr][Desktop - Chrome] 📅 [Rotational Logic] Week 1 Day 3. Target Range: 1000-1000 (Max allowed by URL: 1000)
[ppc-cr][Desktop - Chrome] 🔗 [Mobile] Navigating to: https://flmtra.com/?a=659&oc=848&c=2210&s1=
[ppc-m-ca][Desktop - Chrome] 📋 Trace report successfully saved: traces/ppc-m-ca_desktop.zip
[ppc-cr][Tablet - Chrome] 💻 [Tablet] Injecting high-fidelity glossy iPad Pro mockup frame...
[ppc-cr][Tablet - Chrome] ✅ [Mobile] Filled Phone: 401-247-1071
[ppc-cr][Tablet - Chrome] 🔘 [Mobile] Clicking active contact NEXT/SUBMIT button...
[ppc-cr][Tablet - Chrome] 💻 [Tablet] Injecting high-fidelity glossy iPad Pro mockup frame...
[ppc-cr][Tablet - Chrome] ✅ [Mobile] Filled Phone: 401-247-1071
[ppc-cr][Tablet - Chrome] 🔘 [Mobile] Clicking active contact NEXT/SUBMIT button...
[ppc-cr][Desktop - Chrome] ✅ [Mobile] Page loaded successfully
[ppc-cr][Desktop - Chrome] 💻 [Tablet] Injecting high-fidelity glossy iPad Pro mockup frame...
[ppc-cr][Desktop - Chrome] 💻 [Tablet] Injecting high-fidelity glossy iPad Pro mockup frame...
[ppc-cr][Desktop - Chrome] 📝 [Mobile] Starting mobile-specific form filling...
[ppc-cr][Desktop - Chrome] 🔘 [Mobile] Step 1: Selecting Debt Amount (1,000)
[ppc-cr][Desktop - Chrome] 🔘 [Mobile] Found jQuery UI Slider #slider. Setting value via jQuery and DOM evaluation...
[ppc-cr][Desktop - Chrome] ✅ [Mobile] Set jQuery UI Slider #slider to 1,000
✅ [3/6/2026, 7:06:49 pm] COMPLETED: ppc-m-ca [Desktop - Chrome][CHROMIUM]

================================================================
🚀 [3/6/2026, 7:06:49 pm] RUNNING: PPC FS [ANDROID - CHROME]
🔗 Target URL: https://flmtra.com/?a=659&oc=841&c=2210&s1=
================================================================
[ppc-cr][Desktop - Chrome] 🔘 [Mobile] Clicking active visible button: .next-btn1:visible, .btn-next:visible
[ppc-cr][Desktop - Chrome] ✅ [Mobile] Clicked: .next-btn1:visible, .btn-next:visible
[ppc-fs][Android - Chrome] 🔌 [Browser Interceptor] Intercepting and optimizing engine: CHROMIUM
[ppc-fs][Android - Chrome] ◇ injected env (0) from .env // tip: ⌘ custom filepath { path: '/custom/path/.env' }
[ppc-fs][Android - Chrome] ◇ injected env (0) from .env // tip: ⌁ auth for agents [www.vestauth.com]
[ppc-fs][Android - Chrome] ◇ injected env (0) from .env // tip: ◈ encrypted .env [www.dotenvx.com]
[ppc-fs][Android - Chrome] ◇ injected env (0) from .env // tip: ◈ secrets for agents [www.dotenvx.com]
[ppc-fs][Android - Chrome] ◇ injected env (0) from .env // tip: ⌘ multiple files { path: ['.env.local', '.env'] }
[ppc-fs][Android - Chrome] 
🤖 ================================================================
🤖 MASTER RUNNER: LAUNCHING PPC FS
[ppc-fs][Android - Chrome] 🤖 Mode:            MOBILE
🤖 Tracking URL:     https://flmtra.com/?a=659&oc=841&c=2210&s1=
[ppc-fs][Android - Chrome] 🤖 Target Sheet:    PPC-FS
🤖 ================================================================
[ppc-fs][Android - Chrome] 🔌 [Browser Interceptor] Intercepting and optimizing engine: CHROMIUM
[ppc-fs][Android - Chrome] 📋 Emulated Device Profile: MOBILE (Pixel 7) - [Android - Chrome]
[ppc-cr][Desktop - Chrome] 💻 [Tablet] Injecting high-fidelity glossy iPad Pro mockup frame...
[ppc-fs][Android - Chrome] ⏳ Delaying 200ms to allow responsive layouts to mount...
[ppc-cr][Desktop - Chrome] ✅ [Mobile] Reached a recognized terminal step. Stopping dynamic traversal.
[ppc-fs][Android - Chrome] 🔄 Processing lead for brand: PPC FS Mobile
[ppc-fs][Android - Chrome] 📊 Campaign execution run index: 69
[ppc-fs][Android - Chrome] 📅 [Rotational Logic] Week 1 Day 3. Target Range: 7500-10000 (Max allowed by URL: 50000)
[ppc-fs][Android - Chrome] 🔗 [Mobile] Navigating to: https://flmtra.com/?a=659&oc=841&c=2210&s1=
[ppc-cr][Desktop - Chrome] 🔘 [Mobile] Step 2: Selecting State
[ppc-cr][Desktop - Chrome] ✅ [Mobile] Selected state dynamically: "Minnesota"
📝 [Mobile] step3 column set to State: "Minnesota"
[ppc-cr][Desktop - Chrome] 🔘 [Mobile] Clicking active visible button: .next-btn:visible, .next-btn2:visible, .btn-next:visible
[ppc-cr][Desktop - Chrome] ✅ [Mobile] Clicked: .next-btn:visible, .next-btn2:visible, .btn-next:visible
[ppc-cr][Desktop - Chrome] 💻 [Tablet] Injecting high-fidelity glossy iPad Pro mockup frame...
[ppc-cr][Desktop - Chrome] 🔘 [Mobile] Step 3: Filling Contact Info (Dynamic Loop)...
[ppc-cr][Desktop - Chrome] 💻 [Tablet] Injecting high-fidelity glossy iPad Pro mockup frame...
[ppc-cr][Desktop - Chrome] ✅ [Mobile] Filled First Name: ckmtestpixel
[ppc-cr][Desktop - Chrome] ✅ [Mobile] Filled Last Name: ckmtestpixel
[ppc-cr][Desktop - Chrome] ✅ [Mobile] Filled Email: ckmtestpixel@gmail.com
[ppc-cr][Desktop - Chrome] ✅ [Mobile] Filled Phone: 401-247-1072
[ppc-cr][Desktop - Chrome] 🔘 [Mobile] Clicking active contact NEXT/SUBMIT button...
[ppc-m-ca][Android - Chrome] [STDERR] ⚠️ [Mobile] Standard submit buttons not found, consulting AI Agent...
[ppc-m-ca][Android - Chrome] 🤖 [AI Agent] Analyzing Submit button for global...
[ppc-m-ca][Android - Chrome] ⏳ [Mobile] Waiting for final Thank You page redirection...
[ppc-m-ca][Android - Chrome] ✅ [Mobile] Targeted final redirect URL achieved!
[ppc-m-ca][Android - Chrome] ✅ [Mobile] Final Thank You URL: https://tra.com/thank-you?debt=8772&leadid=A285FEC1&reqid=26858549&affid=659&oid=133&page=tra_ppcm_ca
[ppc-m-ca][Android - Chrome] 📋 [Pre-Fix] Thank-you URL before debt correction: https://tra.com/thank-you?debt=8772&leadid=A285FEC1&reqid=26858549&affid=659&oid=133&page=tra_ppcm_ca
💾 [Debt Debug] formPage.selectedSliderAmount = "8,772"
💾 [Debt Debug] selectedDebtNum (numeric) = "8772"
[ppc-m-ca][Android - Chrome] 🔧 [Debt Fix] Current debt in URL: 8772, Should be: 8772
✅ [Debt Fix] Debt parameter already correct
[ppc-m-ca][Android - Chrome] 📱 [Mobile Diagnostic] Full Thank You URL Parameters: {"debt":"8772","leadid":"A285FEC1","reqid":"26858549","affid":"659","oid":"133","page":"tra_ppcm_ca"}
[ppc-m-ca][Android - Chrome] ✅ [Mobile] Extracted Lead ID: A285FEC1
[ppc-m-ca][Android - Chrome] 📱 Device Type detected: Android - Chrome
[ppc-m-ca][Android - Chrome] ✅ Lead captured: A285FEC1
[ppc-m-ca][Android - Chrome] 📡 Fetching First API data for Lead ID: A285FEC1...
[ppc-m-ca][Android - Chrome] [STDERR] ❌ First API Attempt 1 failed: Invalid URL
[ppc-m-ca][Android - Chrome] ⏳ Retrying in 1 second...
[ppc-cr][Desktop - Chrome] 💻 [Tablet] Injecting high-fidelity glossy iPad Pro mockup frame...
[ppc-m-ca][Android - Chrome] [STDERR] ❌ First API Attempt 2 failed: Invalid URL
[ppc-m-ca][Android - Chrome] ⏳ Retrying in 1 second...
[ppc-cr][Desktop - Chrome] ✅ [Mobile] Filled Phone: 401-247-1072
[ppc-fs][Android - Chrome] ✅ [Mobile] Page loaded successfully
[ppc-fs][Android - Chrome] 📱 [Mobile] Injecting high-fidelity glossy Natural Titanium iPhone 17 Pro mockup frame...
[ppc-fs][Android - Chrome] 📱 [Mobile] Injecting high-fidelity glossy Natural Titanium iPhone 17 Pro mockup frame...
[ppc-fs][Android - Chrome] 📝 [Mobile] Starting mobile-specific form filling...
[ppc-fs][Android - Chrome] 🔘 [Mobile] Step 1: Selecting Debt Amount (9,157)
[ppc-fs][Android - Chrome] 🔘 [Mobile] Found jQuery UI Slider #slider. Setting value via jQuery and DOM evaluation...
[ppc-fs][Android - Chrome] ✅ [Mobile] Set jQuery UI Slider #slider to 9,157
[ppc-m-ca][Android - Chrome] [STDERR] ❌ First API Attempt 3 failed: Invalid URL
[ppc-m-ca][Android - Chrome] 📡 Fetching Second API data for Lead ID: A285FEC1...
[ppc-m-ca][Android - Chrome] 📡 Standard Second API Payload: cake_id=A285FEC1, domain_name=https://www.taxreliefadvocates.com
[ppc-m-ca][Android - Chrome] [STDERR] ❌ Second API Attempt 1 failed: Invalid URL
[ppc-m-ca][Android - Chrome] ⏳ Retrying in 1 second to allow database synchronization...
[ppc-fs][Android - Chrome] 🔘 [Mobile] Clicking active visible button: .next-btn1:visible, .btn-next:visible
[ppc-fs][Android - Chrome] ✅ [Mobile] Clicked: .next-btn1:visible, .btn-next:visible
[ppc-m-ca][Android - Chrome] 📡 Standard Second API Payload: cake_id=A285FEC1, domain_name=https://www.taxreliefadvocates.com
[ppc-m-ca][Android - Chrome] [STDERR] ❌ Second API Attempt 2 failed: Invalid URL
[ppc-m-ca][Android - Chrome] ⏳ Retrying in 1 second to allow database synchronization...
[ppc-m-ca][Android - Chrome] 📡 Standard Second API Payload: cake_id=A285FEC1, domain_name=https://www.taxreliefadvocates.com
[ppc-m-ca][Android - Chrome] [STDERR] ❌ Second API Attempt 3 failed: Invalid URL
[ppc-m-ca][Android - Chrome] ⏳ Retrying in 1 second to allow database synchronization...
[ppc-fs][Android - Chrome] 📱 [Mobile] Injecting high-fidelity glossy Natural Titanium iPhone 17 Pro mockup frame...
[ppc-fs][Android - Chrome] ✅ [Mobile] Reached a recognized terminal step. Stopping dynamic traversal.
[ppc-fs][Android - Chrome] 🔘 [Mobile] Step 2: Selecting State
[ppc-fs][Android - Chrome] ✅ [Mobile] Selected state dynamically: "Maryland"
📝 [Mobile] step3 column set to State: "Maryland"
[ppc-fs][Android - Chrome] 🔘 [Mobile] Clicking active visible button: .next-btn:visible, .next-btn2:visible, .btn-next:visible
[ppc-fs][Android - Chrome] ✅ [Mobile] Clicked: .next-btn:visible, .next-btn2:visible, .btn-next:visible
[ppc-m-ca][Android - Chrome] 📡 Standard Second API Payload: cake_id=A285FEC1, domain_name=https://www.taxreliefadvocates.com
[ppc-m-ca][Android - Chrome] [STDERR] ❌ Second API Attempt 4 failed: Invalid URL
[ppc-m-ca][Android - Chrome] ⏳ Retrying in 1 second to allow database synchronization...
[ppc-m-ca][Android - Chrome] 📡 Standard Second API Payload: cake_id=A285FEC1, domain_name=https://www.taxreliefadvocates.com
[ppc-m-ca][Android - Chrome] [STDERR] ❌ Second API Attempt 5 failed: Invalid URL
[ppc-m-ca][Android - Chrome] 📡 [Rest-Assurance] Verifying Lead ID: A285FEC1 via Backend...
[ppc-m-ca][Android - Chrome] [STDERR] 🛡️  [Rest-Assurance] VERIFICATION_FAILED: Invalid URL
[ppc-m-ca][Android - Chrome] [STDERR] (node:19248) Warning: Setting the NODE_TLS_REJECT_UNAUTHORIZED environment variable to '0' makes TLS connections and HTTPS requests insecure by disabling certificate verification.
(Use `node --trace-warnings ...` to show where the warning was created)
[ppc-fs][Android - Chrome] 📱 [Mobile] Injecting high-fidelity glossy Natural Titanium iPhone 17 Pro mockup frame...
[ppc-fs][Android - Chrome] 🔘 [Mobile] Step 3: Filling Contact Info (Dynamic Loop)...
[ppc-fs][Android - Chrome] 📱 [Mobile] Injecting high-fidelity glossy Natural Titanium iPhone 17 Pro mockup frame...
[ppc-fs][Android - Chrome] ✅ [Mobile] Filled First Name: ckmtestpixel
[ppc-fs][Android - Chrome] ✅ [Mobile] Filled Last Name: ckmtestpixel
[ppc-fs][Android - Chrome] ✅ [Mobile] Filled Email: ckmtestpixel@gmail.com
[ppc-fs][Android - Chrome] ✅ [Mobile] Filled Phone: 401-247-1069
[ppc-fs][Android - Chrome] 🔘 [Mobile] Clicking active contact NEXT/SUBMIT button...
[ppc-m-ca][Android - Chrome] ✅ Row appended successfully to sheet: PPC-M/CA
[ppc-m-ca][Android - Chrome] ✨ Professional formatting applied to PPC-M/CA
[ppc-m-ca][Android - Chrome] 🤖 [AI Agent Audit] Status: FAIL
🤖 [AI Agent Audit] Details: MISMATCH DETECTED: UI 8,772 Expected 7,500 but API got undefined
[ppc-m-ca][Android - Chrome] [STDERR] 🚨 [AI Agent] Data mismatch detected for PPC-M-CA Mobile. Please review Google Sheet.
[ppc-m-ca][Android - Chrome] ✅ Lead processed successfully for PPC-M-CA Mobile
[ppc-fs][Android - Chrome] 📱 [Mobile] Injecting high-fidelity glossy Natural Titanium iPhone 17 Pro mockup frame...
[ppc-fs][Android - Chrome] ✅ [Mobile] Filled Phone: 401-247-1069
[ppc-fs][Android - Chrome] 🔘 [Mobile] Clicking active contact NEXT/SUBMIT button...
[ppc-m-ca][Android - Chrome] 🎥 Video saved successfully: traces/videos/PPC-M/CA_PPC-M-CA_Mobile.webm
[ppc-m-ca][Android - Chrome] 
✅ Execution successfully processed! { success: true, leadId: 'A285FEC1', brand: 'PPC-M-CA Mobile' }
[ppc-m-ca][Android - Chrome] 📋 Trace report successfully saved: traces/ppc-m-ca_mobile.zip
✅ [3/6/2026, 7:07:08 pm] COMPLETED: ppc-m-ca [Android - Chrome][CHROMIUM]

================================================================
🚀 [3/6/2026, 7:07:08 pm] RUNNING: PPC FS [TABLET - CHROME]
🔗 Target URL: https://flmtra.com/?a=659&oc=841&c=2210&s1=
================================================================
[ppc-fs][Tablet - Chrome] 🔌 [Browser Interceptor] Intercepting and optimizing engine: CHROMIUM
[ppc-fs][Android - Chrome] 📱 [Mobile] Injecting high-fidelity glossy Natural Titanium iPhone 17 Pro mockup frame...
[ppc-fs][Tablet - Chrome] ◇ injected env (0) from .env // tip: ◈ secrets for agents [www.dotenvx.com]
[ppc-fs][Tablet - Chrome] ◇ injected env (0) from .env // tip: ⌘ multiple files { path: ['.env.local', '.env'] }
[ppc-fs][Android - Chrome] ✅ [Mobile] Thank you page or lead id detected in URL during contact loop. Exiting contact loop.
🔘 [Mobile] Scanning for additional dynamic steps...
[ppc-fs][Android - Chrome] ✅ [Mobile] Thank you page detected during adaptive submit loop. Exiting loop.
[ppc-fs][Android - Chrome] 🔘 [Mobile] Submitting form
💾 [Mobile] Setting hidden debt fields to: 9157
[ppc-fs][Android - Chrome] ⏳ [Mobile] Waiting for submission navigation to complete
[ppc-fs][Tablet - Chrome] ◇ injected env (0) from .env // tip: ⌘ enable debugging { debug: true }
[ppc-fs][Tablet - Chrome] ◇ injected env (0) from .env // tip: ⌘ override existing { override: true }
[ppc-fs][Tablet - Chrome] ◇ injected env (0) from .env // tip: ⌘ custom filepath { path: '/custom/path/.env' }
[ppc-fs][Tablet - Chrome] 
🤖 ================================================================
[ppc-fs][Tablet - Chrome] 🤖 MASTER RUNNER: LAUNCHING PPC FS
🤖 Mode:            TABLET
[ppc-fs][Tablet - Chrome] 🤖 Tracking URL:     https://flmtra.com/?a=659&oc=841&c=2210&s1=
[ppc-fs][Tablet - Chrome] 🤖 Target Sheet:    PPC-FS
🤖 ================================================================
[ppc-fs][Tablet - Chrome] 🔌 [Browser Interceptor] Intercepting and optimizing engine: CHROMIUM
[ppc-fs][Tablet - Chrome] 📋 Emulated Device Profile: TABLET (iPad Pro 11) - [Tablet - Chrome]
[ppc-fs][Tablet - Chrome] ⏳ Delaying 200ms to allow responsive layouts to mount...
[ppc-fs][Tablet - Chrome] 🔄 Processing lead for brand: PPC FS Tablet
[ppc-fs][Tablet - Chrome] 📊 Campaign execution run index: 70
[ppc-fs][Tablet - Chrome] 📅 [Rotational Logic] Week 1 Day 3. Target Range: 7500-10000 (Max allowed by URL: 50000)
[ppc-fs][Tablet - Chrome] 🔗 [Mobile] Navigating to: https://flmtra.com/?a=659&oc=841&c=2210&s1=
[ppc-cr][Tablet - Chrome] 💻 [Tablet] Injecting high-fidelity glossy iPad Pro mockup frame...
[ppc-cr][Tablet - Chrome] ✅ [Mobile] Thank you page or lead id detected in URL during contact loop. Exiting contact loop.
🔘 [Mobile] Scanning for additional dynamic steps...
[ppc-cr][Tablet - Chrome] ✅ [Mobile] Thank you page detected during adaptive submit loop. Exiting loop.
[ppc-cr][Tablet - Chrome] 🔘 [Mobile] Submitting form
[ppc-cr][Tablet - Chrome] 💾 [Mobile] Setting hidden debt fields to: 1000
[ppc-cr][Tablet - Chrome] ⏳ [Mobile] Waiting for submission navigation to complete
[ppc-fs][Tablet - Chrome] ✅ [Mobile] Page loaded successfully
[ppc-fs][Tablet - Chrome] 💻 [Tablet] Injecting high-fidelity glossy iPad Pro mockup frame...
[ppc-fs][Tablet - Chrome] 💻 [Tablet] Injecting high-fidelity glossy iPad Pro mockup frame...
[ppc-fs][Tablet - Chrome] 📝 [Mobile] Starting mobile-specific form filling...
[ppc-fs][Tablet - Chrome] 🔘 [Mobile] Step 1: Selecting Debt Amount (7,948)
[ppc-fs][Tablet - Chrome] 🔘 [Mobile] Found jQuery UI Slider #slider. Setting value via jQuery and DOM evaluation...
[ppc-fs][Tablet - Chrome] ✅ [Mobile] Set jQuery UI Slider #slider to 7,948
[ppc-fs][Tablet - Chrome] 🔘 [Mobile] Clicking active visible button: .next-btn1:visible, .btn-next:visible
[ppc-fs][Tablet - Chrome] ✅ [Mobile] Clicked: .next-btn1:visible, .btn-next:visible
[ppc-fs][Tablet - Chrome] 💻 [Tablet] Injecting high-fidelity glossy iPad Pro mockup frame...
[ppc-fs][Tablet - Chrome] ✅ [Mobile] Reached a recognized terminal step. Stopping dynamic traversal.
[ppc-fs][Tablet - Chrome] 🔘 [Mobile] Step 2: Selecting State
[ppc-fs][Tablet - Chrome] ✅ [Mobile] Selected state dynamically: "Massachusetts"
[ppc-fs][Tablet - Chrome] 📝 [Mobile] step3 column set to State: "Massachusetts"
[ppc-fs][Tablet - Chrome] 🔘 [Mobile] Clicking active visible button: .next-btn:visible, .next-btn2:visible, .btn-next:visible
[ppc-fs][Tablet - Chrome] ✅ [Mobile] Clicked: .next-btn:visible, .next-btn2:visible, .btn-next:visible
[ppc-fs][Tablet - Chrome] 💻 [Tablet] Injecting high-fidelity glossy iPad Pro mockup frame...
[ppc-fs][Tablet - Chrome] 🔘 [Mobile] Step 3: Filling Contact Info (Dynamic Loop)...
[ppc-fs][Tablet - Chrome] 💻 [Tablet] Injecting high-fidelity glossy iPad Pro mockup frame...
[ppc-fs][Tablet - Chrome] ✅ [Mobile] Filled First Name: ckmtestpixel
[ppc-fs][Tablet - Chrome] ✅ [Mobile] Filled Last Name: ckmtestpixel
[ppc-fs][Tablet - Chrome] ✅ [Mobile] Filled Email: ckmtestpixel@gmail.com
[ppc-fs][Tablet - Chrome] ✅ [Mobile] Filled Phone: 401-247-1070
[ppc-fs][Tablet - Chrome] 🔘 [Mobile] Clicking active contact NEXT/SUBMIT button...
[ppc-cr][Desktop - Chrome] 🔘 [Mobile] Clicking active contact NEXT/SUBMIT button...
[ppc-fs][Tablet - Chrome] 💻 [Tablet] Injecting high-fidelity glossy iPad Pro mockup frame...
[ppc-fs][Tablet - Chrome] ✅ [Mobile] Thank you page or lead id detected in URL during contact loop. Exiting contact loop.
[ppc-fs][Tablet - Chrome] 🔘 [Mobile] Scanning for additional dynamic steps...
[ppc-fs][Tablet - Chrome] ✅ [Mobile] Thank you page detected during adaptive submit loop. Exiting loop.
[ppc-fs][Tablet - Chrome] 🔘 [Mobile] Submitting form
[ppc-fs][Tablet - Chrome] 💾 [Mobile] Setting hidden debt fields to: 7948
[ppc-fs][Tablet - Chrome] ⏳ [Mobile] Waiting for submission navigation to complete
[ppc-fs][Android - Chrome] [STDERR] ⚠️ [Mobile] Standard submit buttons not found, consulting AI Agent...
[ppc-fs][Android - Chrome] 🤖 [AI Agent] Analyzing Submit button for global...
[ppc-fs][Android - Chrome] ⏳ [Mobile] Waiting for final Thank You page redirection...
[ppc-fs][Android - Chrome] ✅ [Mobile] Targeted final redirect URL achieved!
[ppc-fs][Android - Chrome] ✅ [Mobile] Final Thank You URL: https://tra.com/thank-you?debt=#tax_debt#&leadid=#leadid#&reqid=#reqid#&affid=#affid#&oid=133
[ppc-fs][Android - Chrome] 📋 [Pre-Fix] Thank-you URL before debt correction: https://tra.com/thank-you?debt=#tax_debt#&leadid=#leadid#&reqid=#reqid#&affid=#affid#&oid=133
💾 [Debt Debug] formPage.selectedSliderAmount = "9,157"
💾 [Debt Debug] selectedDebtNum (numeric) = "9157"
🔧 [Debt Fix] Current debt in URL: , Should be: 9157
[ppc-fs][Android - Chrome] 🔧 [Debt Fix] Correcting debt parameter:  → 9157
[ppc-fs][Android - Chrome] ✅ [Debt Fix] Updated thank-you URL: https://tra.com/thank-you?debt=9157#tax_debt#&leadid=#leadid#&reqid=#reqid#&affid=#affid#&oid=133
[ppc-fs][Android - Chrome] 📱 [Mobile Diagnostic] Full Thank You URL Parameters: {"debt":"9157"}
[ppc-fs][Android - Chrome] 🔍 [Mobile DOM Deep-Scan] URL ID missing or non-standard (e.g. numeric reqid). Searching for Hex-8 or GUID IDs...
[ppc-fs][Android - Chrome] ✅ [Mobile] Extracted Lead ID: 0577567f-0580-4d91-9abd-97113cf2ff18
[ppc-fs][Android - Chrome] 📱 Device Type detected: Android - Chrome
[ppc-fs][Android - Chrome] [STDERR] ❌ Invalid Lead ID format detected: 0577567f-0580-4d91-9abd-97113cf2ff18. Expected 8-char alphanumeric with letters and digits (example: ACAAA01E).
[ppc-fs][Android - Chrome] ✅ Lead captured: 0577567f-0580-4d91-9abd-97113cf2ff18
[ppc-fs][Android - Chrome] 🔧 [URL Fix] Appending leadid=0577567f-0580-4d91-9abd-97113cf2ff18 to Thank You URL
[ppc-fs][Android - Chrome] 📡 Fetching First API data for Lead ID: 0577567f-0580-4d91-9abd-97113cf2ff18...
[ppc-fs][Android - Chrome] [STDERR] ❌ First API Attempt 1 failed: Invalid URL
[ppc-fs][Android - Chrome] ⏳ Retrying in 1 second...
[ppc-fs][Android - Chrome] [STDERR] ❌ First API Attempt 2 failed: Invalid URL
[ppc-fs][Android - Chrome] ⏳ Retrying in 1 second...
[ppc-fs][Android - Chrome] [STDERR] ❌ First API Attempt 3 failed: Invalid URL
[ppc-fs][Android - Chrome] 📡 Fetching Second API data for Lead ID: 0577567f-0580-4d91-9abd-97113cf2ff18...
[ppc-fs][Android - Chrome] 📡 Standard Second API Payload: cake_id=0577567f-0580-4d91-9abd-97113cf2ff18, domain_name=https://www.taxreliefadvocates.com
[ppc-fs][Android - Chrome] [STDERR] ❌ Second API Attempt 1 failed: Invalid URL
[ppc-fs][Android - Chrome] ⏳ Retrying in 1 second to allow database synchronization...
[ppc-fs][Android - Chrome] 📡 Standard Second API Payload: cake_id=0577567f-0580-4d91-9abd-97113cf2ff18, domain_name=https://www.taxreliefadvocates.com
[ppc-fs][Android - Chrome] [STDERR] ❌ Second API Attempt 2 failed: Invalid URL
[ppc-fs][Android - Chrome] ⏳ Retrying in 1 second to allow database synchronization...
[ppc-fs][Android - Chrome] 📡 Standard Second API Payload: cake_id=0577567f-0580-4d91-9abd-97113cf2ff18, domain_name=https://www.taxreliefadvocates.com
[ppc-fs][Android - Chrome] [STDERR] ❌ Second API Attempt 3 failed: Invalid URL
[ppc-fs][Android - Chrome] ⏳ Retrying in 1 second to allow database synchronization...
[ppc-fs][Android - Chrome] 📡 Standard Second API Payload: cake_id=0577567f-0580-4d91-9abd-97113cf2ff18, domain_name=https://www.taxreliefadvocates.com
[ppc-fs][Android - Chrome] [STDERR] ❌ Second API Attempt 4 failed: Invalid URL
[ppc-fs][Android - Chrome] ⏳ Retrying in 1 second to allow database synchronization...
[ppc-cr][Tablet - Chrome] [STDERR] ⚠️ [Mobile] Standard submit buttons not found, consulting AI Agent...
[ppc-cr][Tablet - Chrome] 🤖 [AI Agent] Analyzing Submit button for global...
[ppc-cr][Tablet - Chrome] ⏳ [Mobile] Waiting for final Thank You page redirection...
[ppc-cr][Tablet - Chrome] ✅ [Mobile] Targeted final redirect URL achieved!
[ppc-cr][Tablet - Chrome] ✅ [Mobile] Final Thank You URL: https://tra.com/thank-you?debt=5000&leadid=3CAEB0CE&reqid=26858561&affid=659&oid=133
[ppc-cr][Tablet - Chrome] 📋 [Pre-Fix] Thank-you URL before debt correction: https://tra.com/thank-you?debt=5000&leadid=3CAEB0CE&reqid=26858561&affid=659&oid=133
💾 [Debt Debug] formPage.selectedSliderAmount = "1,000"
💾 [Debt Debug] selectedDebtNum (numeric) = "1000"
[ppc-cr][Tablet - Chrome] 🔧 [Debt Fix] Current debt in URL: 5000, Should be: 1000
🔧 [Debt Fix] Correcting debt parameter: 5000 → 1000
[ppc-cr][Tablet - Chrome] ✅ [Debt Fix] Updated thank-you URL: https://tra.com/thank-you?debt=1000&leadid=3CAEB0CE&reqid=26858561&affid=659&oid=133
[ppc-cr][Tablet - Chrome] 📱 [Mobile Diagnostic] Full Thank You URL Parameters: {"debt":"1000","leadid":"3CAEB0CE","reqid":"26858561","affid":"659","oid":"133"}
[ppc-cr][Tablet - Chrome] ✅ [Mobile] Extracted Lead ID: 3CAEB0CE
[ppc-cr][Tablet - Chrome] 📱 Device Type detected: Tablet - Chrome
[ppc-cr][Tablet - Chrome] ✅ Lead captured: 3CAEB0CE
[ppc-cr][Tablet - Chrome] 📡 Fetching First API data for Lead ID: 3CAEB0CE...
[ppc-fs][Android - Chrome] 📡 Standard Second API Payload: cake_id=0577567f-0580-4d91-9abd-97113cf2ff18, domain_name=https://www.taxreliefadvocates.com
[ppc-fs][Android - Chrome] [STDERR] ❌ Second API Attempt 5 failed: Invalid URL
[ppc-fs][Android - Chrome] 📡 [Rest-Assurance] Verifying Lead ID: 0577567f-0580-4d91-9abd-97113cf2ff18 via Backend...
[ppc-fs][Android - Chrome] [STDERR] 🛡️  [Rest-Assurance] VERIFICATION_FAILED: Invalid URL
[ppc-fs][Android - Chrome] [STDERR] (node:5644) Warning: Setting the NODE_TLS_REJECT_UNAUTHORIZED environment variable to '0' makes TLS connections and HTTPS requests insecure by disabling certificate verification.
(Use `node --trace-warnings ...` to show where the warning was created)
[ppc-cr][Tablet - Chrome] [STDERR] ❌ First API Attempt 1 failed: Invalid URL
[ppc-cr][Tablet - Chrome] ⏳ Retrying in 1 second...
[ppc-fs][Android - Chrome] ✅ Row appended successfully to sheet: PPC-FS
[ppc-cr][Tablet - Chrome] [STDERR] ❌ First API Attempt 2 failed: Invalid URL
[ppc-cr][Tablet - Chrome] ⏳ Retrying in 1 second...
[ppc-cr][Tablet - Chrome] [STDERR] ❌ First API Attempt 3 failed: Invalid URL
[ppc-cr][Tablet - Chrome] 📡 [Rest-Assurance] Verifying Lead ID: 3CAEB0CE via Backend...
[ppc-cr][Tablet - Chrome] [STDERR] 🛡️  [Rest-Assurance] VERIFICATION_FAILED: Invalid URL
[ppc-cr][Tablet - Chrome] [STDERR] (node:25336) Warning: Setting the NODE_TLS_REJECT_UNAUTHORIZED environment variable to '0' makes TLS connections and HTTPS requests insecure by disabling certificate verification.
(Use `node --trace-warnings ...` to show where the warning was created)
[ppc-fs][Android - Chrome] ✨ Professional formatting applied to PPC-FS
[ppc-fs][Android - Chrome] 🤖 [AI Agent Audit] Status: FAIL
🤖 [AI Agent Audit] Details: MISMATCH DETECTED: UI 9,157 Expected 7,500 but API got undefined
[ppc-fs][Android - Chrome] [STDERR] 🚨 [AI Agent] Data mismatch detected for PPC FS Mobile. Please review Google Sheet.
[ppc-fs][Android - Chrome] [STDERR] ❌ Failed processing PPC FS Mobile: Invalid Lead ID format: 0577567f-0580-4d91-9abd-97113cf2ff18
[ppc-fs][Android - Chrome] 
✅ Execution successfully processed! {
  success: false,
  error: 'Invalid Lead ID format: 0577567f-0580-4d91-9abd-97113cf2ff18',
  brand: 'PPC FS Mobile'
}
[ppc-fs][Android - Chrome] 📋 Trace report successfully saved: traces/ppc-fs_mobile.zip
[ppc-cr][Tablet - Chrome] ✅ Row appended successfully to sheet: PPC-CR
[ppc-cr][Tablet - Chrome] ✨ Professional formatting applied to PPC-CR
[ppc-cr][Tablet - Chrome] 🤖 [AI Agent Audit] Status: FAIL
🤖 [AI Agent Audit] Details: MISMATCH DETECTED: UI 1,000 Expected 5,000 but API got undefined
[ppc-cr][Tablet - Chrome] [STDERR] 🚨 [AI Agent] Data mismatch detected for PPC CR Tablet. Please review Google Sheet.
[ppc-cr][Tablet - Chrome] ✅ Lead processed successfully for PPC CR Tablet
[ppc-cr][Tablet - Chrome] 🎥 Video saved successfully: traces/videos/PPC-CR_PPC_CR_Tablet.webm
[ppc-cr][Tablet - Chrome] 
✅ Execution successfully processed! { success: true, leadId: '3CAEB0CE', brand: 'PPC CR Tablet' }
[ppc-cr][Tablet - Chrome] 📋 Trace report successfully saved: traces/ppc-cr_tablet.zip
✅ [3/6/2026, 7:07:42 pm] COMPLETED: ppc-cr [Tablet - Chrome][CHROMIUM]

================================================================
🚀 [3/6/2026, 7:07:42 pm] RUNNING: PPC FS [DESKTOP - CHROME]
🔗 Target URL: https://flmtra.com/?a=659&oc=841&c=2210&s1=
================================================================
[ppc-fs][Desktop - Chrome] 🔌 [Browser Interceptor] Intercepting and optimizing engine: CHROMIUM
[ppc-fs][Desktop - Chrome] ◇ injected env (0) from .env // tip: ⌘ multiple files { path: ['.env.local', '.env'] }
[ppc-fs][Desktop - Chrome] ◇ injected env (0) from .env // tip: ◈ encrypted .env [www.dotenvx.com]
[ppc-fs][Desktop - Chrome] ◇ injected env (0) from .env // tip: ◈ secrets for agents [www.dotenvx.com]
✅ [3/6/2026, 7:07:42 pm] COMPLETED: ppc-fs [Android - Chrome][CHROMIUM]

================================================================
🚀 [3/6/2026, 7:07:42 pm] RUNNING: PPC [ANDROID - CHROME]
🔗 Target URL: https://flmtra.com/?a=659&oc=782&c=2210&s1=
================================================================
[ppc][Android - Chrome] 🔌 [Browser Interceptor] Intercepting and optimizing engine: CHROMIUM
[ppc][Android - Chrome] ◇ injected env (0) from .env // tip: ⌘ suppress logs { quiet: true }
[ppc][Android - Chrome] ◇ injected env (0) from .env // tip: ⌘ multiple files { path: ['.env.local', '.env'] }
[ppc][Android - Chrome] ◇ injected env (0) from .env // tip: ⌘ override existing { override: true }
[ppc-fs][Desktop - Chrome] ◇ injected env (0) from .env // tip: ⌘ multiple files { path: ['.env.local', '.env'] }
[ppc-fs][Desktop - Chrome] ◇ injected env (0) from .env // tip: ⌘ enable debugging { debug: true }
[ppc-fs][Desktop - Chrome] 
🤖 ================================================================
[ppc-fs][Desktop - Chrome] 🤖 MASTER RUNNER: LAUNCHING PPC FS
🤖 Mode:            DESKTOP
[ppc-fs][Desktop - Chrome] 🤖 Tracking URL:     https://flmtra.com/?a=659&oc=841&c=2210&s1=
[ppc-fs][Desktop - Chrome] 🤖 Target Sheet:    PPC-FS
🤖 ================================================================
[ppc-fs][Desktop - Chrome] 🔌 [Browser Interceptor] Intercepting and optimizing engine: CHROMIUM
[ppc-fs][Desktop - Chrome] 💻 Emulated Device Profile: DESKTOP - [Desktop - Chrome]
[ppc-fs][Desktop - Chrome] 🔄 Processing lead for brand: PPC FS
[ppc-fs][Desktop - Chrome] 📊 Campaign execution run index: 71
[ppc-fs][Desktop - Chrome] 📅 [Rotational Logic] Week 1 Day 3. Target Range: 7500-10000 (Max allowed by URL: 50000)
[ppc-fs][Desktop - Chrome] 🔗 [Mobile] Navigating to: https://flmtra.com/?a=659&oc=841&c=2210&s1=
[ppc][Android - Chrome] ◇ injected env (0) from .env // tip: ◈ encrypted .env [www.dotenvx.com]
[ppc][Android - Chrome] ◇ injected env (0) from .env // tip: ◈ encrypted .env [www.dotenvx.com]
[ppc][Android - Chrome] 
🤖 ================================================================
[ppc][Android - Chrome] 🤖 MASTER RUNNER: LAUNCHING PPC
🤖 Mode:            MOBILE
[ppc][Android - Chrome] 🤖 Tracking URL:     https://flmtra.com/?a=659&oc=782&c=2210&s1=
[ppc][Android - Chrome] 🤖 Target Sheet:    PPC
[ppc][Android - Chrome] 🤖 ================================================================
[ppc][Android - Chrome] 🔌 [Browser Interceptor] Intercepting and optimizing engine: CHROMIUM
[ppc][Android - Chrome] 📋 Emulated Device Profile: MOBILE (Pixel 7) - [Android - Chrome]
[ppc][Android - Chrome] ⏳ Delaying 200ms to allow responsive layouts to mount...
[ppc][Android - Chrome] 🔄 Processing lead for brand: PPC Mobile
[ppc][Android - Chrome] 📊 Campaign execution run index: 68
[ppc][Android - Chrome] 📅 [Rotational Logic] Week 1 Day 3. Target Range: 7500-10000 (Max allowed by URL: 30000)
[ppc][Android - Chrome] 🔗 [Mobile] Navigating to: https://flmtra.com/?a=659&oc=782&c=2210&s1=
[ppc-fs][Tablet - Chrome] [STDERR] ⚠️ [Mobile] Standard submit buttons not found, consulting AI Agent...
[ppc-fs][Tablet - Chrome] 🤖 [AI Agent] Analyzing Submit button for global...
[ppc-fs][Tablet - Chrome] ⏳ [Mobile] Waiting for final Thank You page redirection...
[ppc-fs][Tablet - Chrome] ✅ [Mobile] Targeted final redirect URL achieved!
[ppc-fs][Tablet - Chrome] ✅ [Mobile] Final Thank You URL: https://tra.com/thank-you?debt=7948&leadid=86F0E2E7&reqid=26858570&affid=659&oid=133
[ppc-fs][Tablet - Chrome] 📋 [Pre-Fix] Thank-you URL before debt correction: https://tra.com/thank-you?debt=7948&leadid=86F0E2E7&reqid=26858570&affid=659&oid=133
[ppc-fs][Tablet - Chrome] 💾 [Debt Debug] formPage.selectedSliderAmount = "7,948"
💾 [Debt Debug] selectedDebtNum (numeric) = "7948"
[ppc-fs][Tablet - Chrome] 🔧 [Debt Fix] Current debt in URL: 7948, Should be: 7948
✅ [Debt Fix] Debt parameter already correct
[ppc-fs][Tablet - Chrome] 📱 [Mobile Diagnostic] Full Thank You URL Parameters: {"debt":"7948","leadid":"86F0E2E7","reqid":"26858570","affid":"659","oid":"133"}
[ppc-fs][Tablet - Chrome] ✅ [Mobile] Extracted Lead ID: 86F0E2E7
[ppc-fs][Tablet - Chrome] 📱 Device Type detected: Tablet - Chrome
[ppc-fs][Tablet - Chrome] ✅ Lead captured: 86F0E2E7
[ppc-fs][Tablet - Chrome] 📡 Fetching First API data for Lead ID: 86F0E2E7...
[ppc-fs][Tablet - Chrome] [STDERR] ❌ First API Attempt 1 failed: Invalid URL
[ppc-fs][Tablet - Chrome] ⏳ Retrying in 1 second...
[ppc-fs][Tablet - Chrome] [STDERR] ❌ First API Attempt 2 failed: Invalid URL
[ppc-fs][Tablet - Chrome] ⏳ Retrying in 1 second...
[ppc-fs][Tablet - Chrome] [STDERR] ❌ First API Attempt 3 failed: Invalid URL
[ppc-fs][Tablet - Chrome] 📡 Fetching Second API data for Lead ID: 86F0E2E7...
[ppc-fs][Tablet - Chrome] 📡 Standard Second API Payload: cake_id=86F0E2E7, domain_name=https://www.taxreliefadvocates.com
[ppc-fs][Tablet - Chrome] [STDERR] ❌ Second API Attempt 1 failed: Invalid URL
[ppc-fs][Tablet - Chrome] ⏳ Retrying in 1 second to allow database synchronization...
[ppc-fs][Tablet - Chrome] 📡 Standard Second API Payload: cake_id=86F0E2E7, domain_name=https://www.taxreliefadvocates.com
[ppc-fs][Tablet - Chrome] [STDERR] ❌ Second API Attempt 2 failed: Invalid URL
[ppc-fs][Tablet - Chrome] ⏳ Retrying in 1 second to allow database synchronization...
[ppc-fs][Tablet - Chrome] 📡 Standard Second API Payload: cake_id=86F0E2E7, domain_name=https://www.taxreliefadvocates.com
[ppc-fs][Tablet - Chrome] [STDERR] ❌ Second API Attempt 3 failed: Invalid URL
[ppc-fs][Tablet - Chrome] ⏳ Retrying in 1 second to allow database synchronization...
[ppc-cr][Desktop - Chrome] 💻 [Tablet] Injecting high-fidelity glossy iPad Pro mockup frame...
[ppc-cr][Desktop - Chrome] ✅ [Mobile] Thank you page or lead id detected in URL during contact loop. Exiting contact loop.
🔘 [Mobile] Scanning for additional dynamic steps...
[ppc-cr][Desktop - Chrome] ✅ [Mobile] Thank you page detected during adaptive submit loop. Exiting loop.
[ppc-cr][Desktop - Chrome] 🔘 [Mobile] Submitting form
[ppc-cr][Desktop - Chrome] 💾 [Mobile] Setting hidden debt fields to: 1000
[ppc-cr][Desktop - Chrome] ⏳ [Mobile] Waiting for submission navigation to complete
[ppc-fs][Desktop - Chrome] ✅ [Mobile] Page loaded successfully
[ppc-fs][Desktop - Chrome] 💻 [Tablet] Injecting high-fidelity glossy iPad Pro mockup frame...
[ppc-fs][Desktop - Chrome] 💻 [Tablet] Injecting high-fidelity glossy iPad Pro mockup frame...
[ppc-fs][Desktop - Chrome] 📝 [Mobile] Starting mobile-specific form filling...
[ppc-fs][Desktop - Chrome] 🔘 [Mobile] Step 1: Selecting Debt Amount (8,545)
[ppc-fs][Desktop - Chrome] 🔘 [Mobile] Found jQuery UI Slider #slider. Setting value via jQuery and DOM evaluation...
[ppc-fs][Desktop - Chrome] ✅ [Mobile] Set jQuery UI Slider #slider to 8,545
[ppc-fs][Tablet - Chrome] 📡 Standard Second API Payload: cake_id=86F0E2E7, domain_name=https://www.taxreliefadvocates.com
[ppc-fs][Tablet - Chrome] [STDERR] ❌ Second API Attempt 4 failed: Invalid URL
[ppc-fs][Tablet - Chrome] ⏳ Retrying in 1 second to allow database synchronization...
[ppc-fs][Desktop - Chrome] 🔘 [Mobile] Clicking active visible button: .next-btn1:visible, .btn-next:visible
[ppc][Android - Chrome] ✅ [Mobile] Page loaded successfully
📱 [Mobile] Injecting high-fidelity glossy Natural Titanium iPhone 17 Pro mockup frame...
[ppc-fs][Desktop - Chrome] ✅ [Mobile] Clicked: .next-btn1:visible, .btn-next:visible
[ppc][Android - Chrome] 📱 [Mobile] Injecting high-fidelity glossy Natural Titanium iPhone 17 Pro mockup frame...
[ppc][Android - Chrome] 📝 [Mobile] Starting mobile-specific form filling...
[ppc][Android - Chrome] 🔘 [Mobile] Step 1: Selecting Debt Amount (8,229)
[ppc][Android - Chrome] 🔘 [Mobile] Found jQuery UI Slider #slider. Setting value via jQuery and DOM evaluation...
[ppc][Android - Chrome] ✅ [Mobile] Set jQuery UI Slider #slider to 8,229
[ppc-fs][Tablet - Chrome] 📡 Standard Second API Payload: cake_id=86F0E2E7, domain_name=https://www.taxreliefadvocates.com
[ppc-fs][Tablet - Chrome] [STDERR] ❌ Second API Attempt 5 failed: Invalid URL
[ppc-fs][Tablet - Chrome] 📡 [Rest-Assurance] Verifying Lead ID: 86F0E2E7 via Backend...
[ppc-fs][Tablet - Chrome] [STDERR] 🛡️  [Rest-Assurance] VERIFICATION_FAILED: Invalid URL
[ppc-fs][Tablet - Chrome] [STDERR] (node:1608) Warning: Setting the NODE_TLS_REJECT_UNAUTHORIZED environment variable to '0' makes TLS connections and HTTPS requests insecure by disabling certificate verification.
(Use `node --trace-warnings ...` to show where the warning was created)
[ppc][Android - Chrome] 🔘 [Mobile] Clicking active visible button: .next-btn1:visible, .btn-next:visible
[ppc-fs][Desktop - Chrome] 💻 [Tablet] Injecting high-fidelity glossy iPad Pro mockup frame...
[ppc-fs][Desktop - Chrome] ✅ [Mobile] Reached a recognized terminal step. Stopping dynamic traversal.
[ppc][Android - Chrome] ✅ [Mobile] Clicked: .next-btn1:visible, .btn-next:visible
[ppc-fs][Tablet - Chrome] ✅ Row appended successfully to sheet: PPC-FS
[ppc-fs][Desktop - Chrome] 🔘 [Mobile] Step 2: Selecting State
[ppc-fs][Desktop - Chrome] ✅ [Mobile] Selected state dynamically: "Michigan"
📝 [Mobile] step3 column set to State: "Michigan"
[ppc-fs][Desktop - Chrome] 🔘 [Mobile] Clicking active visible button: .next-btn:visible, .next-btn2:visible, .btn-next:visible
[ppc-fs][Desktop - Chrome] ✅ [Mobile] Clicked: .next-btn:visible, .next-btn2:visible, .btn-next:visible
[ppc][Android - Chrome] 📱 [Mobile] Injecting high-fidelity glossy Natural Titanium iPhone 17 Pro mockup frame...
[ppc][Android - Chrome] ✅ [Mobile] Reached a recognized terminal step. Stopping dynamic traversal.
[ppc][Android - Chrome] 🔘 [Mobile] Step 2: Selecting State
[ppc][Android - Chrome] ✅ [Mobile] Selected state dynamically: "Maine"
📝 [Mobile] step3 column set to State: "Maine"
[ppc][Android - Chrome] 🔘 [Mobile] Clicking active visible button: .next-btn:visible, .next-btn2:visible, .btn-next:visible
[ppc][Android - Chrome] ✅ [Mobile] Clicked: .next-btn:visible, .next-btn2:visible, .btn-next:visible
[ppc-fs][Tablet - Chrome] ✨ Professional formatting applied to PPC-FS
[ppc-fs][Tablet - Chrome] 🤖 [AI Agent Audit] Status: FAIL
🤖 [AI Agent Audit] Details: MISMATCH DETECTED: UI 7,948 Expected 7,500 but API got undefined
[ppc-fs][Tablet - Chrome] [STDERR] 🚨 [AI Agent] Data mismatch detected for PPC FS Tablet. Please review Google Sheet.
[ppc-fs][Tablet - Chrome] ✅ Lead processed successfully for PPC FS Tablet
[ppc-fs][Desktop - Chrome] 💻 [Tablet] Injecting high-fidelity glossy iPad Pro mockup frame...
[ppc-fs][Desktop - Chrome] 🔘 [Mobile] Step 3: Filling Contact Info (Dynamic Loop)...
[ppc-fs][Desktop - Chrome] 💻 [Tablet] Injecting high-fidelity glossy iPad Pro mockup frame...
[ppc-fs][Desktop - Chrome] ✅ [Mobile] Filled First Name: ckmtestpixel
[ppc-fs][Desktop - Chrome] ✅ [Mobile] Filled Last Name: ckmtestpixel
[ppc-fs][Desktop - Chrome] ✅ [Mobile] Filled Email: ckmtestpixel@gmail.com
[ppc][Android - Chrome] 📱 [Mobile] Injecting high-fidelity glossy Natural Titanium iPhone 17 Pro mockup frame...
[ppc-fs][Desktop - Chrome] ✅ [Mobile] Filled Phone: 401-247-1071
[ppc][Android - Chrome] 🔘 [Mobile] Step 3: Filling Contact Info (Dynamic Loop)...
[ppc][Android - Chrome] 📱 [Mobile] Injecting high-fidelity glossy Natural Titanium iPhone 17 Pro mockup frame...
[ppc-fs][Desktop - Chrome] 🔘 [Mobile] Clicking active contact NEXT/SUBMIT button...
[ppc][Android - Chrome] ✅ [Mobile] Filled First Name: ckmtestpixel
[ppc][Android - Chrome] ✅ [Mobile] Filled Last Name: ckmtestpixel
[ppc][Android - Chrome] ✅ [Mobile] Filled Email: ckmtestpixel@gmail.com
[ppc][Android - Chrome] ✅ [Mobile] Filled Phone: 401-247-1068
[ppc][Android - Chrome] 🔘 [Mobile] Clicking active contact NEXT/SUBMIT button...
[ppc-fs][Tablet - Chrome] 🎥 Video saved successfully: traces/videos/PPC-FS_PPC_FS_Tablet.webm
[ppc-fs][Tablet - Chrome] 
✅ Execution successfully processed! { success: true, leadId: '86F0E2E7', brand: 'PPC FS Tablet' }
[ppc][Android - Chrome] 📱 [Mobile] Injecting high-fidelity glossy Natural Titanium iPhone 17 Pro mockup frame...
[ppc-fs][Tablet - Chrome] 📋 Trace report successfully saved: traces/ppc-fs_tablet.zip
[ppc-fs][Desktop - Chrome] 💻 [Tablet] Injecting high-fidelity glossy iPad Pro mockup frame...
[ppc-fs][Desktop - Chrome] ✅ [Mobile] Thank you page or lead id detected in URL during contact loop. Exiting contact loop.
🔘 [Mobile] Scanning for additional dynamic steps...
[ppc-fs][Desktop - Chrome] ✅ [Mobile] Thank you page detected during adaptive submit loop. Exiting loop.
[ppc-fs][Desktop - Chrome] 🔘 [Mobile] Submitting form
[ppc-fs][Desktop - Chrome] 💾 [Mobile] Setting hidden debt fields to: 8545
[ppc-fs][Desktop - Chrome] ⏳ [Mobile] Waiting for submission navigation to complete
[ppc][Android - Chrome] ✅ [Mobile] Filled Phone: 401-247-1068
[ppc][Android - Chrome] 🔘 [Mobile] Clicking active contact NEXT/SUBMIT button...
✅ [3/6/2026, 7:07:59 pm] COMPLETED: ppc-fs [Tablet - Chrome][CHROMIUM]

================================================================
🚀 [3/6/2026, 7:07:59 pm] RUNNING: PPC [TABLET - CHROME]
🔗 Target URL: https://flmtra.com/?a=659&oc=782&c=2210&s1=
================================================================
[ppc][Tablet - Chrome] 🔌 [Browser Interceptor] Intercepting and optimizing engine: CHROMIUM
[ppc][Tablet - Chrome] ◇ injected env (0) from .env // tip: ⌘ custom filepath { path: '/custom/path/.env' }
[ppc][Tablet - Chrome] ◇ injected env (0) from .env // tip: ⌘ multiple files { path: ['.env.local', '.env'] }
[ppc][Tablet - Chrome] ◇ injected env (0) from .env // tip: ◈ encrypted .env [www.dotenvx.com]
[ppc][Tablet - Chrome] ◇ injected env (0) from .env // tip: ⌘ custom filepath { path: '/custom/path/.env' }
[ppc][Tablet - Chrome] ◇ injected env (0) from .env // tip: ⌘ override existing { override: true }
[ppc][Tablet - Chrome] 
🤖 ================================================================
🤖 MASTER RUNNER: LAUNCHING PPC
🤖 Mode:            TABLET
[ppc][Tablet - Chrome] 🤖 Tracking URL:     https://flmtra.com/?a=659&oc=782&c=2210&s1=
🤖 Target Sheet:    PPC
🤖 ================================================================
[ppc][Tablet - Chrome] 🔌 [Browser Interceptor] Intercepting and optimizing engine: CHROMIUM
[ppc][Tablet - Chrome] 📋 Emulated Device Profile: TABLET (iPad Pro 11) - [Tablet - Chrome]
[ppc][Tablet - Chrome] ⏳ Delaying 200ms to allow responsive layouts to mount...
[ppc][Android - Chrome] 📱 [Mobile] Injecting high-fidelity glossy Natural Titanium iPhone 17 Pro mockup frame...
[ppc][Android - Chrome] ✅ [Mobile] Thank you page or lead id detected in URL during contact loop. Exiting contact loop.
🔘 [Mobile] Scanning for additional dynamic steps...
[ppc][Android - Chrome] ✅ [Mobile] Thank you page detected during adaptive submit loop. Exiting loop.
[ppc][Android - Chrome] 🔘 [Mobile] Submitting form
[ppc][Android - Chrome] 💾 [Mobile] Setting hidden debt fields to: 8229
[ppc][Android - Chrome] ⏳ [Mobile] Waiting for submission navigation to complete
[ppc][Tablet - Chrome] 🔄 Processing lead for brand: PPC Tablet
[ppc][Tablet - Chrome] 📊 Campaign execution run index: 69
[ppc][Tablet - Chrome] 📅 [Rotational Logic] Week 1 Day 3. Target Range: 7500-10000 (Max allowed by URL: 30000)
[ppc][Tablet - Chrome] 🔗 [Mobile] Navigating to: https://flmtra.com/?a=659&oc=782&c=2210&s1=
[ppc][Tablet - Chrome] ✅ [Mobile] Page loaded successfully
[ppc][Tablet - Chrome] 💻 [Tablet] Injecting high-fidelity glossy iPad Pro mockup frame...
[ppc][Tablet - Chrome] 💻 [Tablet] Injecting high-fidelity glossy iPad Pro mockup frame...
[ppc][Tablet - Chrome] 📝 [Mobile] Starting mobile-specific form filling...
[ppc][Tablet - Chrome] 🔘 [Mobile] Step 1: Selecting Debt Amount (7,532)
[ppc][Tablet - Chrome] 🔘 [Mobile] Found jQuery UI Slider #slider. Setting value via jQuery and DOM evaluation...
[ppc][Tablet - Chrome] ✅ [Mobile] Set jQuery UI Slider #slider to 7,532
[ppc-cr][Desktop - Chrome] [STDERR] ⚠️ [Mobile] Standard submit buttons not found, consulting AI Agent...
[ppc-cr][Desktop - Chrome] 🤖 [AI Agent] Analyzing Submit button for global...
[ppc-cr][Desktop - Chrome] ⏳ [Mobile] Waiting for final Thank You page redirection...
[ppc-cr][Desktop - Chrome] ✅ [Mobile] Targeted final redirect URL achieved!
[ppc-cr][Desktop - Chrome] ✅ [Mobile] Final Thank You URL: https://tra.com/thank-you?debt=5000&leadid=F4EC3F6E&reqid=26858565&affid=659&oid=133
📋 [Pre-Fix] Thank-you URL before debt correction: https://tra.com/thank-you?debt=5000&leadid=F4EC3F6E&reqid=26858565&affid=659&oid=133
[ppc-cr][Desktop - Chrome] 💾 [Debt Debug] formPage.selectedSliderAmount = "1,000"
[ppc-cr][Desktop - Chrome] 💾 [Debt Debug] selectedDebtNum (numeric) = "1000"
[ppc-cr][Desktop - Chrome] 🔧 [Debt Fix] Current debt in URL: 5000, Should be: 1000
🔧 [Debt Fix] Correcting debt parameter: 5000 → 1000
[ppc-cr][Desktop - Chrome] ✅ [Debt Fix] Updated thank-you URL: https://tra.com/thank-you?debt=1000&leadid=F4EC3F6E&reqid=26858565&affid=659&oid=133
[ppc-cr][Desktop - Chrome] 📱 [Mobile Diagnostic] Full Thank You URL Parameters: {"debt":"1000","leadid":"F4EC3F6E","reqid":"26858565","affid":"659","oid":"133"}
[ppc-cr][Desktop - Chrome] ✅ [Mobile] Extracted Lead ID: F4EC3F6E
[ppc-cr][Desktop - Chrome] 📱 Device Type detected: Desktop - Chrome
[ppc-cr][Desktop - Chrome] ✅ Lead captured: F4EC3F6E
[ppc-cr][Desktop - Chrome] 📡 Fetching First API data for Lead ID: F4EC3F6E...
[ppc][Tablet - Chrome] 🔘 [Mobile] Clicking active visible button: .next-btn1:visible, .btn-next:visible
[ppc][Tablet - Chrome] ✅ [Mobile] Clicked: .next-btn1:visible, .btn-next:visible
[ppc-cr][Desktop - Chrome] [STDERR] ❌ First API Attempt 1 failed: Invalid URL
[ppc-cr][Desktop - Chrome] ⏳ Retrying in 1 second...
[ppc-cr][Desktop - Chrome] [STDERR] ❌ First API Attempt 2 failed: Invalid URL
[ppc-cr][Desktop - Chrome] ⏳ Retrying in 1 second...
[ppc][Tablet - Chrome] 💻 [Tablet] Injecting high-fidelity glossy iPad Pro mockup frame...
[ppc][Tablet - Chrome] ✅ [Mobile] Reached a recognized terminal step. Stopping dynamic traversal.
[ppc][Tablet - Chrome] 🔘 [Mobile] Step 2: Selecting State
[ppc][Tablet - Chrome] ✅ [Mobile] Selected state dynamically: "Maryland"
📝 [Mobile] step3 column set to State: "Maryland"
[ppc][Tablet - Chrome] 🔘 [Mobile] Clicking active visible button: .next-btn:visible, .next-btn2:visible, .btn-next:visible
[ppc][Tablet - Chrome] ✅ [Mobile] Clicked: .next-btn:visible, .next-btn2:visible, .btn-next:visible
[ppc-cr][Desktop - Chrome] [STDERR] ❌ First API Attempt 3 failed: Invalid URL
[ppc-cr][Desktop - Chrome] 📡 [Rest-Assurance] Verifying Lead ID: F4EC3F6E via Backend...
[ppc-cr][Desktop - Chrome] [STDERR] 🛡️  [Rest-Assurance] VERIFICATION_FAILED: Invalid URL
[ppc-cr][Desktop - Chrome] [STDERR] (node:23632) Warning: Setting the NODE_TLS_REJECT_UNAUTHORIZED environment variable to '0' makes TLS connections and HTTPS requests insecure by disabling certificate verification.
(Use `node --trace-warnings ...` to show where the warning was created)
[ppc][Tablet - Chrome] 💻 [Tablet] Injecting high-fidelity glossy iPad Pro mockup frame...
[ppc][Tablet - Chrome] 🔘 [Mobile] Step 3: Filling Contact Info (Dynamic Loop)...
[ppc][Tablet - Chrome] 💻 [Tablet] Injecting high-fidelity glossy iPad Pro mockup frame...
[ppc-cr][Desktop - Chrome] ✅ Row appended successfully to sheet: PPC-CR
[ppc][Tablet - Chrome] ✅ [Mobile] Filled First Name: ckmtestpixel
[ppc][Tablet - Chrome] ✅ [Mobile] Filled Last Name: ckmtestpixel
[ppc][Tablet - Chrome] ✅ [Mobile] Filled Email: ckmtestpixel@gmail.com
[ppc][Tablet - Chrome] ✅ [Mobile] Filled Phone: 401-247-1069
[ppc][Tablet - Chrome] 🔘 [Mobile] Clicking active contact NEXT/SUBMIT button...
[ppc-cr][Desktop - Chrome] ✨ Professional formatting applied to PPC-CR
[ppc-cr][Desktop - Chrome] 🤖 [AI Agent Audit] Status: FAIL
🤖 [AI Agent Audit] Details: MISMATCH DETECTED: UI 1,000 Expected 5,000 but API got undefined
[ppc-cr][Desktop - Chrome] [STDERR] 🚨 [AI Agent] Data mismatch detected for PPC CR. Please review Google Sheet.
[ppc-cr][Desktop - Chrome] ✅ Lead processed successfully for PPC CR
[ppc][Tablet - Chrome] 💻 [Tablet] Injecting high-fidelity glossy iPad Pro mockup frame...
[ppc-cr][Desktop - Chrome] 🎥 Video saved successfully: traces/videos/PPC-CR_PPC_CR.webm
[ppc-cr][Desktop - Chrome] 
✅ Execution successfully processed! { success: true, leadId: 'F4EC3F6E', brand: 'PPC CR' }
[ppc][Tablet - Chrome] ✅ [Mobile] Filled Phone: 401-247-1069
[ppc][Tablet - Chrome] 🔘 [Mobile] Clicking active contact NEXT/SUBMIT button...
[ppc-cr][Desktop - Chrome] 📋 Trace report successfully saved: traces/ppc-cr_desktop.zip
✅ [3/6/2026, 7:08:17 pm] COMPLETED: ppc-cr [Desktop - Chrome][CHROMIUM]

================================================================
🚀 [3/6/2026, 7:08:17 pm] RUNNING: PPC [DESKTOP - CHROME]
🔗 Target URL: https://flmtra.com/?a=659&oc=782&c=2210&s1=
================================================================
[ppc][Desktop - Chrome] 🔌 [Browser Interceptor] Intercepting and optimizing engine: CHROMIUM
[ppc][Desktop - Chrome] ◇ injected env (0) from .env // tip: ⌘ override existing { override: true }
[ppc][Desktop - Chrome] ◇ injected env (0) from .env // tip: ◈ encrypted .env [www.dotenvx.com]
[ppc][Desktop - Chrome] ◇ injected env (0) from .env // tip: ◈ encrypted .env [www.dotenvx.com]
[ppc][Desktop - Chrome] ◇ injected env (0) from .env // tip: ⌘ override existing { override: true }
[ppc][Desktop - Chrome] ◇ injected env (0) from .env // tip: ⌁ auth for agents [www.vestauth.com]
[ppc][Desktop - Chrome] 
🤖 ================================================================
[ppc][Desktop - Chrome] 🤖 MASTER RUNNER: LAUNCHING PPC
[ppc][Desktop - Chrome] 🤖 Mode:            DESKTOP
[ppc][Desktop - Chrome] 🤖 Tracking URL:     https://flmtra.com/?a=659&oc=782&c=2210&s1=
[ppc][Desktop - Chrome] 🤖 Target Sheet:    PPC
🤖 ================================================================
[ppc][Desktop - Chrome] 🔌 [Browser Interceptor] Intercepting and optimizing engine: CHROMIUM
[ppc][Tablet - Chrome] 💻 [Tablet] Injecting high-fidelity glossy iPad Pro mockup frame...
[ppc-fs][Desktop - Chrome] [STDERR] ⚠️ [Mobile] Standard submit buttons not found, consulting AI Agent...
[ppc-fs][Desktop - Chrome] 🤖 [AI Agent] Analyzing Submit button for global...
[ppc][Tablet - Chrome] ✅ [Mobile] Thank you page or lead id detected in URL during contact loop. Exiting contact loop.
[ppc][Tablet - Chrome] 🔘 [Mobile] Scanning for additional dynamic steps...
[ppc][Tablet - Chrome] ✅ [Mobile] Thank you page detected during adaptive submit loop. Exiting loop.
[ppc][Tablet - Chrome] 🔘 [Mobile] Submitting form
💾 [Mobile] Setting hidden debt fields to: 7532
[ppc-fs][Desktop - Chrome] ⏳ [Mobile] Waiting for final Thank You page redirection...
[ppc-fs][Desktop - Chrome] ✅ [Mobile] Targeted final redirect URL achieved!
[ppc-fs][Desktop - Chrome] ✅ [Mobile] Final Thank You URL: https://tra.com/thank-you?debt=8545&leadid=3B8AE757&reqid=26858578&affid=659&oid=133
📋 [Pre-Fix] Thank-you URL before debt correction: https://tra.com/thank-you?debt=8545&leadid=3B8AE757&reqid=26858578&affid=659&oid=133
💾 [Debt Debug] formPage.selectedSliderAmount = "8,545"
💾 [Debt Debug] selectedDebtNum (numeric) = "8545"
🔧 [Debt Fix] Current debt in URL: 8545, Should be: 8545
✅ [Debt Fix] Debt parameter already correct
[ppc-fs][Desktop - Chrome] 📱 [Mobile Diagnostic] Full Thank You URL Parameters: {"debt":"8545","leadid":"3B8AE757","reqid":"26858578","affid":"659","oid":"133"}
[ppc-fs][Desktop - Chrome] ✅ [Mobile] Extracted Lead ID: 3B8AE757
[ppc-fs][Desktop - Chrome] 📱 Device Type detected: Desktop - Chrome
[ppc-fs][Desktop - Chrome] ✅ Lead captured: 3B8AE757
[ppc-fs][Desktop - Chrome] 📡 Fetching First API data for Lead ID: 3B8AE757...
[ppc][Desktop - Chrome] 💻 Emulated Device Profile: DESKTOP - [Desktop - Chrome]
[ppc][Tablet - Chrome] ⏳ [Mobile] Waiting for submission navigation to complete
[ppc][Desktop - Chrome] 🔄 Processing lead for brand: PPC
[ppc][Desktop - Chrome] 📊 Campaign execution run index: 70
[ppc][Desktop - Chrome] 📅 [Rotational Logic] Week 1 Day 3. Target Range: 7500-10000 (Max allowed by URL: 30000)
[ppc][Desktop - Chrome] 🔗 [Mobile] Navigating to: https://flmtra.com/?a=659&oc=782&c=2210&s1=
[ppc-fs][Desktop - Chrome] [STDERR] ❌ First API Attempt 1 failed: Invalid URL
[ppc-fs][Desktop - Chrome] ⏳ Retrying in 1 second...
[ppc-fs][Desktop - Chrome] [STDERR] ❌ First API Attempt 2 failed: Invalid URL
[ppc-fs][Desktop - Chrome] ⏳ Retrying in 1 second...
[ppc][Android - Chrome] [STDERR] ⚠️ [Mobile] Standard submit buttons not found, consulting AI Agent...
[ppc][Android - Chrome] 🤖 [AI Agent] Analyzing Submit button for global...
[ppc][Android - Chrome] ⏳ [Mobile] Waiting for final Thank You page redirection...
[ppc][Android - Chrome] ✅ [Mobile] Targeted final redirect URL achieved!
[ppc][Android - Chrome] ✅ [Mobile] Final Thank You URL: https://tra.com/thank-you?debt=8229&leadid=BEBD7B85&reqid=26858579&affid=659&oid=133
📋 [Pre-Fix] Thank-you URL before debt correction: https://tra.com/thank-you?debt=8229&leadid=BEBD7B85&reqid=26858579&affid=659&oid=133
[ppc][Android - Chrome] 💾 [Debt Debug] formPage.selectedSliderAmount = "8,229"
💾 [Debt Debug] selectedDebtNum (numeric) = "8229"
[ppc][Android - Chrome] 🔧 [Debt Fix] Current debt in URL: 8229, Should be: 8229
✅ [Debt Fix] Debt parameter already correct
[ppc][Android - Chrome] 📱 [Mobile Diagnostic] Full Thank You URL Parameters: {"debt":"8229","leadid":"BEBD7B85","reqid":"26858579","affid":"659","oid":"133"}
[ppc][Android - Chrome] ✅ [Mobile] Extracted Lead ID: BEBD7B85
[ppc][Android - Chrome] 📱 Device Type detected: Android - Chrome
[ppc][Android - Chrome] ✅ Lead captured: BEBD7B85
[ppc][Android - Chrome] 📡 Fetching First API data for Lead ID: BEBD7B85...
[ppc-fs][Desktop - Chrome] [STDERR] ❌ First API Attempt 3 failed: Invalid URL
[ppc-fs][Desktop - Chrome] 📡 Fetching Second API data for Lead ID: 3B8AE757...
[ppc-fs][Desktop - Chrome] 📡 Standard Second API Payload: cake_id=3B8AE757, domain_name=https://www.taxreliefadvocates.com
[ppc-fs][Desktop - Chrome] [STDERR] ❌ Second API Attempt 1 failed: Invalid URL
[ppc-fs][Desktop - Chrome] ⏳ Retrying in 1 second to allow database synchronization...
[ppc][Android - Chrome] [STDERR] ❌ First API Attempt 1 failed: Invalid URL
[ppc][Android - Chrome] ⏳ Retrying in 1 second...
[ppc-fs][Desktop - Chrome] 📡 Standard Second API Payload: cake_id=3B8AE757, domain_name=https://www.taxreliefadvocates.com
[ppc-fs][Desktop - Chrome] [STDERR] ❌ Second API Attempt 2 failed: Invalid URL
[ppc-fs][Desktop - Chrome] ⏳ Retrying in 1 second to allow database synchronization...
[ppc][Android - Chrome] [STDERR] ❌ First API Attempt 2 failed: Invalid URL
[ppc][Android - Chrome] ⏳ Retrying in 1 second...
[ppc-fs][Desktop - Chrome] 📡 Standard Second API Payload: cake_id=3B8AE757, domain_name=https://www.taxreliefadvocates.com
[ppc-fs][Desktop - Chrome] [STDERR] ❌ Second API Attempt 3 failed: Invalid URL
[ppc-fs][Desktop - Chrome] ⏳ Retrying in 1 second to allow database synchronization...
[ppc][Android - Chrome] [STDERR] ❌ First API Attempt 3 failed: Invalid URL
[ppc][Android - Chrome] 📡 Fetching Second API data for Lead ID: BEBD7B85...
[ppc][Android - Chrome] 📡 Standard Second API Payload: cake_id=BEBD7B85, domain_name=https://www.taxreliefadvocates.com
[ppc][Android - Chrome] [STDERR] ❌ Second API Attempt 1 failed: Invalid URL
[ppc][Android - Chrome] ⏳ Retrying in 1 second to allow database synchronization...
[ppc-fs][Desktop - Chrome] 📡 Standard Second API Payload: cake_id=3B8AE757, domain_name=https://www.taxreliefadvocates.com
[ppc-fs][Desktop - Chrome] [STDERR] ❌ Second API Attempt 4 failed: Invalid URL
[ppc-fs][Desktop - Chrome] ⏳ Retrying in 1 second to allow database synchronization...
[ppc][Android - Chrome] 📡 Standard Second API Payload: cake_id=BEBD7B85, domain_name=https://www.taxreliefadvocates.com
[ppc][Android - Chrome] [STDERR] ❌ Second API Attempt 2 failed: Invalid URL
[ppc][Android - Chrome] ⏳ Retrying in 1 second to allow database synchronization...
[ppc-fs][Desktop - Chrome] 📡 Standard Second API Payload: cake_id=3B8AE757, domain_name=https://www.taxreliefadvocates.com
[ppc-fs][Desktop - Chrome] [STDERR] ❌ Second API Attempt 5 failed: Invalid URL
[ppc-fs][Desktop - Chrome] 📡 [Rest-Assurance] Verifying Lead ID: 3B8AE757 via Backend...
[ppc-fs][Desktop - Chrome] [STDERR] 🛡️  [Rest-Assurance] VERIFICATION_FAILED: Invalid URL
[ppc-fs][Desktop - Chrome] [STDERR] (node:26636) Warning: Setting the NODE_TLS_REJECT_UNAUTHORIZED environment variable to '0' makes TLS connections and HTTPS requests insecure by disabling certificate verification.
(Use `node --trace-warnings ...` to show where the warning was created)
[ppc][Desktop - Chrome] ✅ [Mobile] Page loaded successfully
[ppc][Desktop - Chrome] 💻 [Tablet] Injecting high-fidelity glossy iPad Pro mockup frame...
[ppc][Android - Chrome] 📡 Standard Second API Payload: cake_id=BEBD7B85, domain_name=https://www.taxreliefadvocates.com
[ppc][Android - Chrome] [STDERR] ❌ Second API Attempt 3 failed: Invalid URL
[ppc][Android - Chrome] ⏳ Retrying in 1 second to allow database synchronization...
[ppc][Desktop - Chrome] 💻 [Tablet] Injecting high-fidelity glossy iPad Pro mockup frame...
[ppc][Desktop - Chrome] 📝 [Mobile] Starting mobile-specific form filling...
[ppc][Desktop - Chrome] 🔘 [Mobile] Step 1: Selecting Debt Amount (7,783)
[ppc][Desktop - Chrome] 🔘 [Mobile] Found jQuery UI Slider #slider. Setting value via jQuery and DOM evaluation...
[ppc][Desktop - Chrome] ✅ [Mobile] Set jQuery UI Slider #slider to 7,783
[ppc-fs][Desktop - Chrome] ✅ Row appended successfully to sheet: PPC-FS
[ppc][Android - Chrome] 📡 Standard Second API Payload: cake_id=BEBD7B85, domain_name=https://www.taxreliefadvocates.com
[ppc][Android - Chrome] [STDERR] ❌ Second API Attempt 4 failed: Invalid URL
[ppc][Android - Chrome] ⏳ Retrying in 1 second to allow database synchronization...
[ppc][Desktop - Chrome] 🔘 [Mobile] Clicking active visible button: .next-btn1:visible, .btn-next:visible
[ppc][Desktop - Chrome] ✅ [Mobile] Clicked: .next-btn1:visible, .btn-next:visible
[ppc-fs][Desktop - Chrome] ✨ Professional formatting applied to PPC-FS
[ppc-fs][Desktop - Chrome] 🤖 [AI Agent Audit] Status: FAIL
🤖 [AI Agent Audit] Details: MISMATCH DETECTED: UI 8,545 Expected 7,500 but API got undefined
[ppc-fs][Desktop - Chrome] [STDERR] 🚨 [AI Agent] Data mismatch detected for PPC FS. Please review Google Sheet.
[ppc-fs][Desktop - Chrome] ✅ Lead processed successfully for PPC FS
[ppc][Android - Chrome] 📡 Standard Second API Payload: cake_id=BEBD7B85, domain_name=https://www.taxreliefadvocates.com
[ppc][Android - Chrome] [STDERR] ❌ Second API Attempt 5 failed: Invalid URL
[ppc][Android - Chrome] 📡 [Rest-Assurance] Verifying Lead ID: BEBD7B85 via Backend...
[ppc][Android - Chrome] [STDERR] 🛡️  [Rest-Assurance] VERIFICATION_FAILED: Invalid URL
[ppc][Android - Chrome] [STDERR] (node:21572) Warning: Setting the NODE_TLS_REJECT_UNAUTHORIZED environment variable to '0' makes TLS connections and HTTPS requests insecure by disabling certificate verification.
(Use `node --trace-warnings ...` to show where the warning was created)
[ppc][Desktop - Chrome] 💻 [Tablet] Injecting high-fidelity glossy iPad Pro mockup frame...
[ppc][Desktop - Chrome] ✅ [Mobile] Reached a recognized terminal step. Stopping dynamic traversal.
[ppc][Desktop - Chrome] 🔘 [Mobile] Step 2: Selecting State
[ppc][Desktop - Chrome] ✅ [Mobile] Selected state dynamically: "Massachusetts"
📝 [Mobile] step3 column set to State: "Massachusetts"
[ppc][Desktop - Chrome] 🔘 [Mobile] Clicking active visible button: .next-btn:visible, .next-btn2:visible, .btn-next:visible
[ppc][Desktop - Chrome] ✅ [Mobile] Clicked: .next-btn:visible, .next-btn2:visible, .btn-next:visible
[ppc][Android - Chrome] ✅ Row appended successfully to sheet: PPC
[ppc-fs][Desktop - Chrome] 🎥 Video saved successfully: traces/videos/PPC-FS_PPC_FS.webm
[ppc-fs][Desktop - Chrome] 
✅ Execution successfully processed! { success: true, leadId: '3B8AE757', brand: 'PPC FS' }
[ppc-fs][Desktop - Chrome] 📋 Trace report successfully saved: traces/ppc-fs_desktop.zip
✅ [3/6/2026, 7:08:30 pm] COMPLETED: ppc-fs [Desktop - Chrome][CHROMIUM]

================================================================
🚀 [3/6/2026, 7:08:30 pm] RUNNING: TRA-CPM [ANDROID - CHROME]
🔗 Target URL: https://flmtra.com/?a=659&oc=763&c=2225&s1=
================================================================
[ppc][Android - Chrome] ✨ Professional formatting applied to PPC
[ppc][Android - Chrome] 🤖 [AI Agent Audit] Status: FAIL
🤖 [AI Agent Audit] Details: MISMATCH DETECTED: UI 8,229 Expected 7,500 but API got undefined
[ppc][Android - Chrome] [STDERR] 🚨 [AI Agent] Data mismatch detected for PPC Mobile. Please review Google Sheet.
[ppc][Android - Chrome] ✅ Lead processed successfully for PPC Mobile
[ppc][Desktop - Chrome] 💻 [Tablet] Injecting high-fidelity glossy iPad Pro mockup frame...
[tra-cpm][Android - Chrome] 🔌 [Browser Interceptor] Intercepting and optimizing engine: CHROMIUM
[tra-cpm][Android - Chrome] ◇ injected env (0) from .env // tip: ⌁ auth for agents [www.vestauth.com]
[tra-cpm][Android - Chrome] ◇ injected env (0) from .env // tip: ⌘ suppress logs { quiet: true }
[ppc][Desktop - Chrome] 🔘 [Mobile] Step 3: Filling Contact Info (Dynamic Loop)...
[tra-cpm][Android - Chrome] ◇ injected env (0) from .env // tip: ⌘ override existing { override: true }
[ppc][Desktop - Chrome] 💻 [Tablet] Injecting high-fidelity glossy iPad Pro mockup frame...
[ppc][Desktop - Chrome] ✅ [Mobile] Filled First Name: ckmtestpixel
[ppc][Desktop - Chrome] ✅ [Mobile] Filled Last Name: ckmtestpixel
[ppc][Desktop - Chrome] ✅ [Mobile] Filled Email: ckmtestpixel@gmail.com
[ppc][Desktop - Chrome] ✅ [Mobile] Filled Phone: 401-247-1070
[ppc][Desktop - Chrome] 🔘 [Mobile] Clicking active contact NEXT/SUBMIT button...
[tra-cpm][Android - Chrome] ◇ injected env (0) from .env // tip: ⌘ multiple files { path: ['.env.local', '.env'] }
[tra-cpm][Android - Chrome] ◇ injected env (0) from .env // tip: ⌘ custom filepath { path: '/custom/path/.env' }
[tra-cpm][Android - Chrome] 
🤖 ================================================================
[tra-cpm][Android - Chrome] 🤖 MASTER RUNNER: LAUNCHING TRA-CPM
🤖 Mode:            MOBILE
[tra-cpm][Android - Chrome] 🤖 Tracking URL:     https://flmtra.com/?a=659&oc=763&c=2225&s1=
[tra-cpm][Android - Chrome] 🤖 Target Sheet:    TRA-CPM
[tra-cpm][Android - Chrome] 🤖 ================================================================
[tra-cpm][Android - Chrome] 🔌 [Browser Interceptor] Intercepting and optimizing engine: CHROMIUM
[ppc][Android - Chrome] 🎥 Video saved successfully: traces/videos/PPC_PPC_Mobile.webm
[ppc][Android - Chrome] 
✅ Execution successfully processed! { success: true, leadId: 'BEBD7B85', brand: 'PPC Mobile' }
[tra-cpm][Android - Chrome] 📋 Emulated Device Profile: MOBILE (Pixel 7) - [Android - Chrome]
[tra-cpm][Android - Chrome] ⏳ Delaying 200ms to allow responsive layouts to mount...
[tra-cpm][Android - Chrome] 🔄 Processing lead for brand: TRA-CPM Mobile
[tra-cpm][Android - Chrome] 📊 Campaign execution run index: 71
[tra-cpm][Android - Chrome] 📅 [Rotational Logic] Week 1 Day 3. Target Range: 7500-9000 (Max allowed by URL: 9000)
[tra-cpm][Android - Chrome] 🔗 [Mobile] Navigating to: https://flmtra.com/?a=659&oc=763&c=2225&s1=
[ppc][Android - Chrome] 📋 Trace report successfully saved: traces/ppc_mobile.zip
✅ [3/6/2026, 7:08:34 pm] COMPLETED: ppc [Android - Chrome][CHROMIUM]

================================================================
🚀 [3/6/2026, 7:08:34 pm] RUNNING: TRA-CPM [TABLET - CHROME]
🔗 Target URL: https://flmtra.com/?a=659&oc=763&c=2225&s1=
================================================================
[ppc][Desktop - Chrome] 💻 [Tablet] Injecting high-fidelity glossy iPad Pro mockup frame...
[tra-cpm][Tablet - Chrome] 🔌 [Browser Interceptor] Intercepting and optimizing engine: CHROMIUM
[tra-cpm][Tablet - Chrome] ◇ injected env (0) from .env // tip: ⌘ override existing { override: true }
[tra-cpm][Tablet - Chrome] ◇ injected env (0) from .env // tip: ⌘ suppress logs { quiet: true }
[tra-cpm][Tablet - Chrome] ◇ injected env (0) from .env // tip: ⌘ enable debugging { debug: true }
[ppc][Desktop - Chrome] ✅ [Mobile] Filled Phone: 401-247-1070
[tra-cpm][Tablet - Chrome] ◇ injected env (0) from .env // tip: ◈ encrypted .env [www.dotenvx.com]
[tra-cpm][Tablet - Chrome] ◇ injected env (0) from .env // tip: ◈ secrets for agents [www.dotenvx.com]
[tra-cpm][Tablet - Chrome] 
🤖 ================================================================
🤖 MASTER RUNNER: LAUNCHING TRA-CPM
🤖 Mode:            TABLET
[tra-cpm][Tablet - Chrome] 🤖 Tracking URL:     https://flmtra.com/?a=659&oc=763&c=2225&s1=
🤖 Target Sheet:    TRA-CPM
🤖 ================================================================
[tra-cpm][Tablet - Chrome] 🔌 [Browser Interceptor] Intercepting and optimizing engine: CHROMIUM
[tra-cpm][Tablet - Chrome] 📋 Emulated Device Profile: TABLET (iPad Pro 11) - [Tablet - Chrome]
[tra-cpm][Tablet - Chrome] ⏳ Delaying 200ms to allow responsive layouts to mount...
[tra-cpm][Tablet - Chrome] 🔄 Processing lead for brand: TRA-CPM Tablet
[tra-cpm][Tablet - Chrome] 📊 Campaign execution run index: 72
[tra-cpm][Tablet - Chrome] 📅 [Rotational Logic] Week 1 Day 3. Target Range: 7500-9000 (Max allowed by URL: 9000)
[tra-cpm][Tablet - Chrome] 🔗 [Mobile] Navigating to: https://flmtra.com/?a=659&oc=763&c=2225&s1=
[tra-cpm][Android - Chrome] ✅ [Mobile] Page loaded successfully
[tra-cpm][Android - Chrome] 📱 [Mobile] Injecting high-fidelity glossy Natural Titanium iPhone 17 Pro mockup frame...
[tra-cpm][Android - Chrome] 📱 [Mobile] Injecting high-fidelity glossy Natural Titanium iPhone 17 Pro mockup frame...
[tra-cpm][Android - Chrome] 📝 [Mobile] Starting mobile-specific form filling...
[tra-cpm][Android - Chrome] 🔘 [Mobile] Step 1: Selecting Debt Amount (8,982)
[tra-cpm][Android - Chrome] 🔘 [Mobile] Found jQuery UI Slider #slider. Setting value via jQuery and DOM evaluation...
[tra-cpm][Android - Chrome] ✅ [Mobile] Set jQuery UI Slider #slider to 8,982
[tra-cpm][Android - Chrome] 🔘 [Mobile] Clicking active visible button: .next-btn1:visible, .btn-next:visible
[ppc][Tablet - Chrome] [STDERR] ⚠️ [Mobile] Standard submit buttons not found, consulting AI Agent...
[ppc][Tablet - Chrome] 🤖 [AI Agent] Analyzing Submit button for global...
[ppc][Tablet - Chrome] ⏳ [Mobile] Waiting for final Thank You page redirection...
[ppc][Tablet - Chrome] ✅ [Mobile] Targeted final redirect URL achieved!
[ppc][Tablet - Chrome] ✅ [Mobile] Final Thank You URL: https://tra.com/thank-you?debt=7532&leadid=66C31EF6&reqid=26858581&affid=659&oid=133
📋 [Pre-Fix] Thank-you URL before debt correction: https://tra.com/thank-you?debt=7532&leadid=66C31EF6&reqid=26858581&affid=659&oid=133
[ppc][Tablet - Chrome] 💾 [Debt Debug] formPage.selectedSliderAmount = "7,532"
💾 [Debt Debug] selectedDebtNum (numeric) = "7532"
[ppc][Tablet - Chrome] 🔧 [Debt Fix] Current debt in URL: 7532, Should be: 7532
✅ [Debt Fix] Debt parameter already correct
[ppc][Tablet - Chrome] 📱 [Mobile Diagnostic] Full Thank You URL Parameters: {"debt":"7532","leadid":"66C31EF6","reqid":"26858581","affid":"659","oid":"133"}
[ppc][Tablet - Chrome] ✅ [Mobile] Extracted Lead ID: 66C31EF6
[ppc][Tablet - Chrome] 📱 Device Type detected: Tablet - Chrome
✅ Lead captured: 66C31EF6
[ppc][Tablet - Chrome] 📡 Fetching First API data for Lead ID: 66C31EF6...
[tra-cpm][Android - Chrome] ✅ [Mobile] Clicked: .next-btn1:visible, .btn-next:visible
[ppc][Tablet - Chrome] [STDERR] ❌ First API Attempt 1 failed: Invalid URL
[ppc][Tablet - Chrome] ⏳ Retrying in 1 second...
[ppc][Tablet - Chrome] [STDERR] ❌ First API Attempt 2 failed: Invalid URL
[ppc][Tablet - Chrome] ⏳ Retrying in 1 second...
[tra-cpm][Android - Chrome] 📱 [Mobile] Injecting high-fidelity glossy Natural Titanium iPhone 17 Pro mockup frame...
[tra-cpm][Android - Chrome] ✅ [Mobile] Reached a recognized terminal step. Stopping dynamic traversal.
[tra-cpm][Android - Chrome] 🔘 [Mobile] Step 2: Selecting State
[tra-cpm][Android - Chrome] ✅ [Mobile] Selected state dynamically: "Michigan"
📝 [Mobile] step3 column set to State: "Michigan"
[tra-cpm][Android - Chrome] 🔘 [Mobile] Clicking active visible button: .next-btn:visible, .next-btn2:visible, .btn-next:visible
[tra-cpm][Android - Chrome] ✅ [Mobile] Clicked: .next-btn:visible, .next-btn2:visible, .btn-next:visible
[tra-cpm][Tablet - Chrome] ✅ [Mobile] Page loaded successfully
[tra-cpm][Tablet - Chrome] 💻 [Tablet] Injecting high-fidelity glossy iPad Pro mockup frame...
[tra-cpm][Tablet - Chrome] 💻 [Tablet] Injecting high-fidelity glossy iPad Pro mockup frame...
[tra-cpm][Tablet - Chrome] 📝 [Mobile] Starting mobile-specific form filling...
[ppc][Tablet - Chrome] [STDERR] ❌ First API Attempt 3 failed: Invalid URL
[ppc][Tablet - Chrome] 📡 Fetching Second API data for Lead ID: 66C31EF6...
[ppc][Tablet - Chrome] 📡 Standard Second API Payload: cake_id=66C31EF6, domain_name=https://www.taxreliefadvocates.com
[ppc][Tablet - Chrome] [STDERR] ❌ Second API Attempt 1 failed: Invalid URL
[ppc][Tablet - Chrome] ⏳ Retrying in 1 second to allow database synchronization...
[tra-cpm][Tablet - Chrome] 🔘 [Mobile] Step 1: Selecting Debt Amount (7,762)
[tra-cpm][Tablet - Chrome] 🔘 [Mobile] Found jQuery UI Slider #slider. Setting value via jQuery and DOM evaluation...
[tra-cpm][Tablet - Chrome] ✅ [Mobile] Set jQuery UI Slider #slider to 7,762
[ppc][Tablet - Chrome] 📡 Standard Second API Payload: cake_id=66C31EF6, domain_name=https://www.taxreliefadvocates.com
[ppc][Tablet - Chrome] [STDERR] ❌ Second API Attempt 2 failed: Invalid URL
[ppc][Tablet - Chrome] ⏳ Retrying in 1 second to allow database synchronization...
[tra-cpm][Android - Chrome] 📱 [Mobile] Injecting high-fidelity glossy Natural Titanium iPhone 17 Pro mockup frame...
[tra-cpm][Android - Chrome] 🔘 [Mobile] Step 3: Filling Contact Info (Dynamic Loop)...
[tra-cpm][Android - Chrome] 📱 [Mobile] Injecting high-fidelity glossy Natural Titanium iPhone 17 Pro mockup frame...
[ppc][Tablet - Chrome] 📡 Standard Second API Payload: cake_id=66C31EF6, domain_name=https://www.taxreliefadvocates.com
[ppc][Tablet - Chrome] [STDERR] ❌ Second API Attempt 3 failed: Invalid URL
[ppc][Tablet - Chrome] ⏳ Retrying in 1 second to allow database synchronization...
[tra-cpm][Android - Chrome] ✅ [Mobile] Filled First Name: ckmtestpixel
[tra-cpm][Android - Chrome] ✅ [Mobile] Filled Last Name: ckmtestpixel
[tra-cpm][Android - Chrome] ✅ [Mobile] Filled Email: ckmtestpixel@gmail.com
[tra-cpm][Android - Chrome] ✅ [Mobile] Filled Phone: 401-247-1071
[tra-cpm][Tablet - Chrome] 🔘 [Mobile] Clicking active visible button: .next-btn1:visible, .btn-next:visible
[tra-cpm][Android - Chrome] 🔘 [Mobile] Clicking active contact NEXT/SUBMIT button...
[tra-cpm][Tablet - Chrome] ✅ [Mobile] Clicked: .next-btn1:visible, .btn-next:visible
[ppc][Tablet - Chrome] 📡 Standard Second API Payload: cake_id=66C31EF6, domain_name=https://www.taxreliefadvocates.com
[ppc][Tablet - Chrome] [STDERR] ❌ Second API Attempt 4 failed: Invalid URL
[ppc][Tablet - Chrome] ⏳ Retrying in 1 second to allow database synchronization...
[ppc][Tablet - Chrome] 📡 Standard Second API Payload: cake_id=66C31EF6, domain_name=https://www.taxreliefadvocates.com
[ppc][Tablet - Chrome] [STDERR] ❌ Second API Attempt 5 failed: Invalid URL
[ppc][Tablet - Chrome] 📡 [Rest-Assurance] Verifying Lead ID: 66C31EF6 via Backend...
[ppc][Tablet - Chrome] [STDERR] 🛡️  [Rest-Assurance] VERIFICATION_FAILED: Invalid URL
[ppc][Tablet - Chrome] [STDERR] (node:10892) Warning: Setting the NODE_TLS_REJECT_UNAUTHORIZED environment variable to '0' makes TLS connections and HTTPS requests insecure by disabling certificate verification.
(Use `node --trace-warnings ...` to show where the warning was created)
[tra-cpm][Tablet - Chrome] 💻 [Tablet] Injecting high-fidelity glossy iPad Pro mockup frame...
[tra-cpm][Tablet - Chrome] ✅ [Mobile] Reached a recognized terminal step. Stopping dynamic traversal.
[tra-cpm][Tablet - Chrome] 🔘 [Mobile] Step 2: Selecting State
[tra-cpm][Tablet - Chrome] ✅ [Mobile] Selected state dynamically: "Minnesota"
[tra-cpm][Tablet - Chrome] 📝 [Mobile] step3 column set to State: "Minnesota"
[tra-cpm][Tablet - Chrome] 🔘 [Mobile] Clicking active visible button: .next-btn:visible, .next-btn2:visible, .btn-next:visible
[tra-cpm][Tablet - Chrome] ✅ [Mobile] Clicked: .next-btn:visible, .next-btn2:visible, .btn-next:visible
[ppc][Tablet - Chrome] ✅ Row appended successfully to sheet: PPC
[tra-cpm][Android - Chrome] 📱 [Mobile] Injecting high-fidelity glossy Natural Titanium iPhone 17 Pro mockup frame...
[tra-cpm][Android - Chrome] ✅ [Mobile] Thank you page or lead id detected in URL during contact loop. Exiting contact loop.
[tra-cpm][Android - Chrome] 🔘 [Mobile] Scanning for additional dynamic steps...
[tra-cpm][Android - Chrome] ✅ [Mobile] Thank you page detected during adaptive submit loop. Exiting loop.
[tra-cpm][Android - Chrome] 🔘 [Mobile] Submitting form
💾 [Mobile] Setting hidden debt fields to: 8982
[tra-cpm][Android - Chrome] ⏳ [Mobile] Waiting for submission navigation to complete
[ppc][Tablet - Chrome] ✨ Professional formatting applied to PPC
[ppc][Tablet - Chrome] 🤖 [AI Agent Audit] Status: FAIL
🤖 [AI Agent Audit] Details: MISMATCH DETECTED: UI 7,532 Expected 7,500 but API got undefined
[ppc][Tablet - Chrome] [STDERR] 🚨 [AI Agent] Data mismatch detected for PPC Tablet. Please review Google Sheet.
[ppc][Tablet - Chrome] ✅ Lead processed successfully for PPC Tablet
[tra-cpm][Tablet - Chrome] 💻 [Tablet] Injecting high-fidelity glossy iPad Pro mockup frame...
[tra-cpm][Tablet - Chrome] 🔘 [Mobile] Step 3: Filling Contact Info (Dynamic Loop)...
[tra-cpm][Tablet - Chrome] 💻 [Tablet] Injecting high-fidelity glossy iPad Pro mockup frame...
[tra-cpm][Tablet - Chrome] ✅ [Mobile] Filled First Name: ckmtestpixel
[tra-cpm][Tablet - Chrome] ✅ [Mobile] Filled Last Name: ckmtestpixel
[tra-cpm][Tablet - Chrome] ✅ [Mobile] Filled Email: ckmtestpixel@gmail.com
[tra-cpm][Tablet - Chrome] ✅ [Mobile] Filled Phone: 401-247-1072
[tra-cpm][Tablet - Chrome] 🔘 [Mobile] Clicking active contact NEXT/SUBMIT button...
[ppc][Tablet - Chrome] 🎥 Video saved successfully: traces/videos/PPC_PPC_Tablet.webm
[ppc][Tablet - Chrome] 
✅ Execution successfully processed! { success: true, leadId: '66C31EF6', brand: 'PPC Tablet' }
[tra-cpm][Tablet - Chrome] 💻 [Tablet] Injecting high-fidelity glossy iPad Pro mockup frame...
[ppc][Tablet - Chrome] 📋 Trace report successfully saved: traces/ppc_tablet.zip
✅ [3/6/2026, 7:08:53 pm] COMPLETED: ppc [Tablet - Chrome][CHROMIUM]

================================================================
🚀 [3/6/2026, 7:08:53 pm] RUNNING: TRA-CPM [DESKTOP - CHROME]
🔗 Target URL: https://flmtra.com/?a=659&oc=763&c=2225&s1=
================================================================
[tra-cpm][Tablet - Chrome] 🔘 [Mobile] No active contact NEXT/SUBMIT button visible. Exiting loop.
🔘 [Mobile] Scanning for additional dynamic steps...
[tra-cpm][Tablet - Chrome] ✅ [Mobile] Thank you page detected during adaptive submit loop. Exiting loop.
[tra-cpm][Tablet - Chrome] 🔘 [Mobile] Submitting form
💾 [Mobile] Setting hidden debt fields to: 7762
[tra-cpm][Tablet - Chrome] ⏳ [Mobile] Waiting for submission navigation to complete
[tra-cpm][Desktop - Chrome] 🔌 [Browser Interceptor] Intercepting and optimizing engine: CHROMIUM
[tra-cpm][Desktop - Chrome] ◇ injected env (0) from .env // tip: ⌘ suppress logs { quiet: true }
[tra-cpm][Desktop - Chrome] ◇ injected env (0) from .env // tip: ⌘ suppress logs { quiet: true }
[tra-cpm][Desktop - Chrome] ◇ injected env (0) from .env // tip: ◈ secrets for agents [www.dotenvx.com]
[tra-cpm][Desktop - Chrome] ◇ injected env (0) from .env // tip: ◈ secrets for agents [www.dotenvx.com]
[tra-cpm][Desktop - Chrome] ◇ injected env (0) from .env // tip: ⌘ override existing { override: true }
[tra-cpm][Desktop - Chrome] 
🤖 ================================================================
[tra-cpm][Desktop - Chrome] 🤖 MASTER RUNNER: LAUNCHING TRA-CPM
🤖 Mode:            DESKTOP
[tra-cpm][Desktop - Chrome] 🤖 Tracking URL:     https://flmtra.com/?a=659&oc=763&c=2225&s1=
[tra-cpm][Desktop - Chrome] 🤖 Target Sheet:    TRA-CPM
[tra-cpm][Desktop - Chrome] 🤖 ================================================================
[tra-cpm][Desktop - Chrome] 🔌 [Browser Interceptor] Intercepting and optimizing engine: CHROMIUM
[tra-cpm][Desktop - Chrome] 💻 Emulated Device Profile: DESKTOP - [Desktop - Chrome]
[tra-cpm][Desktop - Chrome] 🔄 Processing lead for brand: TRA-CPM
[tra-cpm][Desktop - Chrome] 📊 Campaign execution run index: 73
[tra-cpm][Desktop - Chrome] 📅 [Rotational Logic] Week 1 Day 3. Target Range: 7500-9000 (Max allowed by URL: 9000)
[tra-cpm][Desktop - Chrome] 🔗 [Mobile] Navigating to: https://flmtra.com/?a=659&oc=763&c=2225&s1=
[ppc][Desktop - Chrome] 🔘 [Mobile] Clicking active contact NEXT/SUBMIT button...
[tra-cpm][Desktop - Chrome] ✅ [Mobile] Page loaded successfully
[tra-cpm][Desktop - Chrome] 💻 [Tablet] Injecting high-fidelity glossy iPad Pro mockup frame...
[tra-cpm][Desktop - Chrome] 💻 [Tablet] Injecting high-fidelity glossy iPad Pro mockup frame...
[tra-cpm][Desktop - Chrome] 📝 [Mobile] Starting mobile-specific form filling...
[tra-cpm][Desktop - Chrome] 🔘 [Mobile] Step 1: Selecting Debt Amount (7,961)
[tra-cpm][Desktop - Chrome] 🔘 [Mobile] Found jQuery UI Slider #slider. Setting value via jQuery and DOM evaluation...
[tra-cpm][Desktop - Chrome] ✅ [Mobile] Set jQuery UI Slider #slider to 7,961
[tra-cpm][Desktop - Chrome] 🔘 [Mobile] Clicking active visible button: .next-btn1:visible, .btn-next:visible
[tra-cpm][Desktop - Chrome] ✅ [Mobile] Clicked: .next-btn1:visible, .btn-next:visible
[tra-cpm][Desktop - Chrome] 💻 [Tablet] Injecting high-fidelity glossy iPad Pro mockup frame...
[tra-cpm][Desktop - Chrome] ✅ [Mobile] Reached a recognized terminal step. Stopping dynamic traversal.
[tra-cpm][Desktop - Chrome] 🔘 [Mobile] Step 2: Selecting State
[tra-cpm][Desktop - Chrome] ✅ [Mobile] Selected state dynamically: "Mississippi"
📝 [Mobile] step3 column set to State: "Mississippi"
[tra-cpm][Desktop - Chrome] 🔘 [Mobile] Clicking active visible button: .next-btn:visible, .next-btn2:visible, .btn-next:visible
[tra-cpm][Desktop - Chrome] ✅ [Mobile] Clicked: .next-btn:visible, .next-btn2:visible, .btn-next:visible
[tra-cpm][Desktop - Chrome] 💻 [Tablet] Injecting high-fidelity glossy iPad Pro mockup frame...
[tra-cpm][Desktop - Chrome] 🔘 [Mobile] Step 3: Filling Contact Info (Dynamic Loop)...
[tra-cpm][Desktop - Chrome] 💻 [Tablet] Injecting high-fidelity glossy iPad Pro mockup frame...
[tra-cpm][Desktop - Chrome] ✅ [Mobile] Filled First Name: ckmtestpixel
[tra-cpm][Desktop - Chrome] ✅ [Mobile] Filled Last Name: ckmtestpixel
[tra-cpm][Desktop - Chrome] ✅ [Mobile] Filled Email: ckmtestpixel@gmail.com
[tra-cpm][Desktop - Chrome] ✅ [Mobile] Filled Phone: 401-247-1073
[tra-cpm][Desktop - Chrome] 🔘 [Mobile] Clicking active contact NEXT/SUBMIT button...
[tra-cpm][Android - Chrome] [STDERR] ⚠️ [Mobile] Standard submit buttons not found, consulting AI Agent...
[tra-cpm][Android - Chrome] 🤖 [AI Agent] Analyzing Submit button for global...
[tra-cpm][Android - Chrome] ⏳ [Mobile] Waiting for final Thank You page redirection...
[tra-cpm][Android - Chrome] ✅ [Mobile] Targeted final redirect URL achieved!
[tra-cpm][Android - Chrome] ✅ [Mobile] Final Thank You URL: https://tra.com/thank-you?debt=8982&leadid=8B6BBB6E&reqid=26858587&affid=659&oid=136
[tra-cpm][Android - Chrome] 📋 [Pre-Fix] Thank-you URL before debt correction: https://tra.com/thank-you?debt=8982&leadid=8B6BBB6E&reqid=26858587&affid=659&oid=136
[tra-cpm][Android - Chrome] 💾 [Debt Debug] formPage.selectedSliderAmount = "8,982"
💾 [Debt Debug] selectedDebtNum (numeric) = "8982"
[tra-cpm][Android - Chrome] 🔧 [Debt Fix] Current debt in URL: 8982, Should be: 8982
[tra-cpm][Android - Chrome] ✅ [Debt Fix] Debt parameter already correct
[tra-cpm][Android - Chrome] 📱 [Mobile Diagnostic] Full Thank You URL Parameters: {"debt":"8982","leadid":"8B6BBB6E","reqid":"26858587","affid":"659","oid":"136"}
[tra-cpm][Android - Chrome] ✅ [Mobile] Extracted Lead ID: 8B6BBB6E
📱 Device Type detected: Android - Chrome
[tra-cpm][Android - Chrome] ✅ Lead captured: 8B6BBB6E
[tra-cpm][Android - Chrome] 📡 Fetching First API data for Lead ID: 8B6BBB6E...
[tra-cpm][Desktop - Chrome] 💻 [Tablet] Injecting high-fidelity glossy iPad Pro mockup frame...
[tra-cpm][Android - Chrome] [STDERR] ❌ First API Attempt 1 failed: Invalid URL
[tra-cpm][Android - Chrome] ⏳ Retrying in 1 second...
[tra-cpm][Desktop - Chrome] ✅ [Mobile] Filled Phone: 401-247-1073
[tra-cpm][Desktop - Chrome] 🔘 [Mobile] Clicking active contact NEXT/SUBMIT button...
[tra-cpm][Android - Chrome] [STDERR] ❌ First API Attempt 2 failed: Invalid URL
[tra-cpm][Android - Chrome] ⏳ Retrying in 1 second...
[tra-cpm][Android - Chrome] [STDERR] ❌ First API Attempt 3 failed: Invalid URL
[tra-cpm][Android - Chrome] 📡 Fetching Second API data for Lead ID: 8B6BBB6E...
[tra-cpm][Android - Chrome] 📡 Standard Second API Payload: cake_id=8B6BBB6E, domain_name=https://www.taxreliefadvocates.com
[tra-cpm][Android - Chrome] [STDERR] ❌ Second API Attempt 1 failed: Invalid URL
[tra-cpm][Android - Chrome] ⏳ Retrying in 1 second to allow database synchronization...
[tra-cpm][Desktop - Chrome] 💻 [Tablet] Injecting high-fidelity glossy iPad Pro mockup frame...
[tra-cpm][Android - Chrome] 📡 Standard Second API Payload: cake_id=8B6BBB6E, domain_name=https://www.taxreliefadvocates.com
[tra-cpm][Android - Chrome] [STDERR] ❌ Second API Attempt 2 failed: Invalid URL
[tra-cpm][Android - Chrome] ⏳ Retrying in 1 second to allow database synchronization...
[tra-cpm][Desktop - Chrome] ✅ [Mobile] Filled Phone: 401-247-1073
[tra-cpm][Desktop - Chrome] 🔘 [Mobile] Clicking active contact NEXT/SUBMIT button...
[tra-cpm][Android - Chrome] 📡 Standard Second API Payload: cake_id=8B6BBB6E, domain_name=https://www.taxreliefadvocates.com
[tra-cpm][Android - Chrome] [STDERR] ❌ Second API Attempt 3 failed: Invalid URL
[tra-cpm][Android - Chrome] ⏳ Retrying in 1 second to allow database synchronization...
[tra-cpm][Tablet - Chrome] [STDERR] ⚠️ [Mobile] Standard submit buttons not found, consulting AI Agent...
[tra-cpm][Tablet - Chrome] 🤖 [AI Agent] Analyzing Submit button for global...
[tra-cpm][Tablet - Chrome] ⏳ [Mobile] Waiting for final Thank You page redirection...
[tra-cpm][Tablet - Chrome] ✅ [Mobile] Targeted final redirect URL achieved!
[tra-cpm][Tablet - Chrome] ✅ [Mobile] Final Thank You URL: https://tra.com/thank-you?debt=7762&leadid=74F6B543&reqid=26858589&affid=659&oid=136
[tra-cpm][Tablet - Chrome] 📋 [Pre-Fix] Thank-you URL before debt correction: https://tra.com/thank-you?debt=7762&leadid=74F6B543&reqid=26858589&affid=659&oid=136
[tra-cpm][Tablet - Chrome] 💾 [Debt Debug] formPage.selectedSliderAmount = "7,762"
💾 [Debt Debug] selectedDebtNum (numeric) = "7762"
[tra-cpm][Tablet - Chrome] 🔧 [Debt Fix] Current debt in URL: 7762, Should be: 7762
✅ [Debt Fix] Debt parameter already correct
[tra-cpm][Tablet - Chrome] 📱 [Mobile Diagnostic] Full Thank You URL Parameters: {"debt":"7762","leadid":"74F6B543","reqid":"26858589","affid":"659","oid":"136"}
[tra-cpm][Tablet - Chrome] ✅ [Mobile] Extracted Lead ID: 74F6B543
📱 Device Type detected: Tablet - Chrome
[tra-cpm][Tablet - Chrome] ✅ Lead captured: 74F6B543
[tra-cpm][Tablet - Chrome] 📡 Fetching First API data for Lead ID: 74F6B543...
[tra-cpm][Android - Chrome] 📡 Standard Second API Payload: cake_id=8B6BBB6E, domain_name=https://www.taxreliefadvocates.com
[tra-cpm][Android - Chrome] [STDERR] ❌ Second API Attempt 4 failed: Invalid URL
[tra-cpm][Android - Chrome] ⏳ Retrying in 1 second to allow database synchronization...
[tra-cpm][Tablet - Chrome] [STDERR] ❌ First API Attempt 1 failed: Invalid URL
[tra-cpm][Tablet - Chrome] ⏳ Retrying in 1 second...
[tra-cpm][Android - Chrome] 📡 Standard Second API Payload: cake_id=8B6BBB6E, domain_name=https://www.taxreliefadvocates.com
[tra-cpm][Android - Chrome] [STDERR] ❌ Second API Attempt 5 failed: Invalid URL
[tra-cpm][Android - Chrome] 📡 [Rest-Assurance] Verifying Lead ID: 8B6BBB6E via Backend...
[tra-cpm][Android - Chrome] [STDERR] 🛡️  [Rest-Assurance] VERIFICATION_FAILED: Invalid URL
[tra-cpm][Android - Chrome] [STDERR] (node:33796) Warning: Setting the NODE_TLS_REJECT_UNAUTHORIZED environment variable to '0' makes TLS connections and HTTPS requests insecure by disabling certificate verification.
(Use `node --trace-warnings ...` to show where the warning was created)
[tra-cpm][Tablet - Chrome] [STDERR] ❌ First API Attempt 2 failed: Invalid URL
[tra-cpm][Tablet - Chrome] ⏳ Retrying in 1 second...
[tra-cpm][Tablet - Chrome] [STDERR] ❌ First API Attempt 3 failed: Invalid URL
[tra-cpm][Tablet - Chrome] 📡 Fetching Second API data for Lead ID: 74F6B543...
[tra-cpm][Tablet - Chrome] 📡 Standard Second API Payload: cake_id=74F6B543, domain_name=https://www.taxreliefadvocates.com
[tra-cpm][Tablet - Chrome] [STDERR] ❌ Second API Attempt 1 failed: Invalid URL
[tra-cpm][Tablet - Chrome] ⏳ Retrying in 1 second to allow database synchronization...
[tra-cpm][Android - Chrome] ✅ Row appended successfully to sheet: TRA-CPM
[tra-cpm][Desktop - Chrome] 💻 [Tablet] Injecting high-fidelity glossy iPad Pro mockup frame...
[tra-cpm][Desktop - Chrome] ✅ [Mobile] Thank you page or lead id detected in URL during contact loop. Exiting contact loop.
🔘 [Mobile] Scanning for additional dynamic steps...
[tra-cpm][Desktop - Chrome] ✅ [Mobile] Thank you page detected during adaptive submit loop. Exiting loop.
[tra-cpm][Desktop - Chrome] 🔘 [Mobile] Submitting form
[tra-cpm][Desktop - Chrome] 💾 [Mobile] Setting hidden debt fields to: 7961
[tra-cpm][Desktop - Chrome] ⏳ [Mobile] Waiting for submission navigation to complete
[tra-cpm][Tablet - Chrome] 📡 Standard Second API Payload: cake_id=74F6B543, domain_name=https://www.taxreliefadvocates.com
[tra-cpm][Tablet - Chrome] [STDERR] ❌ Second API Attempt 2 failed: Invalid URL
[tra-cpm][Tablet - Chrome] ⏳ Retrying in 1 second to allow database synchronization...
[tra-cpm][Android - Chrome] ✨ Professional formatting applied to TRA-CPM
[tra-cpm][Android - Chrome] 🤖 [AI Agent Audit] Status: FAIL
🤖 [AI Agent Audit] Details: MISMATCH DETECTED: UI 8,982 Expected 7,500 but API got undefined
[tra-cpm][Android - Chrome] [STDERR] 🚨 [AI Agent] Data mismatch detected for TRA-CPM Mobile. Please review Google Sheet.
[tra-cpm][Android - Chrome] ✅ Lead processed successfully for TRA-CPM Mobile
[tra-cpm][Tablet - Chrome] 📡 Standard Second API Payload: cake_id=74F6B543, domain_name=https://www.taxreliefadvocates.com
[tra-cpm][Tablet - Chrome] [STDERR] ❌ Second API Attempt 3 failed: Invalid URL
[tra-cpm][Tablet - Chrome] ⏳ Retrying in 1 second to allow database synchronization...
[tra-cpm][Android - Chrome] 🎥 Video saved successfully: traces/videos/TRA-CPM_TRA-CPM_Mobile.webm
[tra-cpm][Android - Chrome] 
✅ Execution successfully processed! { success: true, leadId: '8B6BBB6E', brand: 'TRA-CPM Mobile' }
[tra-cpm][Android - Chrome] 📋 Trace report successfully saved: traces/tra-cpm_mobile.zip
✅ [3/6/2026, 7:09:18 pm] COMPLETED: tra-cpm [Android - Chrome][CHROMIUM]

================================================================
🚀 [3/6/2026, 7:09:18 pm] RUNNING: Everest Tax Releif(X) [ANDROID - CHROME]
🔗 Target URL: https://mlf-trk.com/?a=659&oc=812&c=2498&s1=
================================================================
[tra-cpm][Tablet - Chrome] 📡 Standard Second API Payload: cake_id=74F6B543, domain_name=https://www.taxreliefadvocates.com
[tra-cpm][Tablet - Chrome] [STDERR] ❌ Second API Attempt 4 failed: Invalid URL
[tra-cpm][Tablet - Chrome] ⏳ Retrying in 1 second to allow database synchronization...
[everest-tr-x][Android - Chrome] 🔌 [Browser Interceptor] Intercepting and optimizing engine: CHROMIUM
[everest-tr-x][Android - Chrome] ◇ injected env (0) from .env // tip: ⌘ suppress logs { quiet: true }
[everest-tr-x][Android - Chrome] ◇ injected env (0) from .env // tip: ⌘ custom filepath { path: '/custom/path/.env' }
[everest-tr-x][Android - Chrome] ◇ injected env (0) from .env // tip: ⌁ auth for agents [www.vestauth.com]
[tra-cpm][Tablet - Chrome] 📡 Standard Second API Payload: cake_id=74F6B543, domain_name=https://www.taxreliefadvocates.com
[tra-cpm][Tablet - Chrome] [STDERR] ❌ Second API Attempt 5 failed: Invalid URL
[tra-cpm][Tablet - Chrome] 📡 [Rest-Assurance] Verifying Lead ID: 74F6B543 via Backend...
[tra-cpm][Tablet - Chrome] [STDERR] 🛡️  [Rest-Assurance] VERIFICATION_FAILED: Invalid URL
[tra-cpm][Tablet - Chrome] [STDERR] (node:28460) Warning: Setting the NODE_TLS_REJECT_UNAUTHORIZED environment variable to '0' makes TLS connections and HTTPS requests insecure by disabling certificate verification.
(Use `node --trace-warnings ...` to show where the warning was created)
[everest-tr-x][Android - Chrome] ◇ injected env (0) from .env // tip: ◈ secrets for agents [www.dotenvx.com]
[everest-tr-x][Android - Chrome] ◇ injected env (0) from .env // tip: ⌘ override existing { override: true }
[everest-tr-x][Android - Chrome] 
🤖 ================================================================
🤖 MASTER RUNNER: LAUNCHING EVEREST TAX RELEIF(X)
[everest-tr-x][Android - Chrome] 🤖 Mode:            MOBILE
[everest-tr-x][Android - Chrome] 🤖 Tracking URL:     https://mlf-trk.com/?a=659&oc=812&c=2498&s1=
[everest-tr-x][Android - Chrome] 🤖 Target Sheet:    Everest Tax Releif(X)
🤖 ================================================================
[everest-tr-x][Android - Chrome] 🔌 [Browser Interceptor] Intercepting and optimizing engine: CHROMIUM
[everest-tr-x][Android - Chrome] 📋 Emulated Device Profile: MOBILE (Pixel 7) - [Android - Chrome]
[everest-tr-x][Android - Chrome] ⏳ Delaying 200ms to allow responsive layouts to mount...
[everest-tr-x][Android - Chrome] 🔄 Processing lead for brand: Everest Tax Releif(X) Mobile
[everest-tr-x][Android - Chrome] 📊 Campaign execution run index: 68
[everest-tr-x][Android - Chrome] 📅 [Rotational Logic] Week 1 Day 3. Target Range: 7500-10000 (Max allowed by URL: 70000)
[everest-tr-x][Android - Chrome] 🔗 [Mobile] Navigating to: https://mlf-trk.com/?a=659&oc=812&c=2498&s1=
[tra-cpm][Tablet - Chrome] ✅ Row appended successfully to sheet: TRA-CPM
[tra-cpm][Tablet - Chrome] ✨ Professional formatting applied to TRA-CPM
[tra-cpm][Tablet - Chrome] 🤖 [AI Agent Audit] Status: FAIL
🤖 [AI Agent Audit] Details: MISMATCH DETECTED: UI 7,762 Expected 7,500 but API got undefined
[tra-cpm][Tablet - Chrome] [STDERR] 🚨 [AI Agent] Data mismatch detected for TRA-CPM Tablet. Please review Google Sheet.
[tra-cpm][Tablet - Chrome] ✅ Lead processed successfully for TRA-CPM Tablet
[tra-cpm][Tablet - Chrome] 🎥 Video saved successfully: traces/videos/TRA-CPM_TRA-CPM_Tablet.webm
[tra-cpm][Tablet - Chrome] 
✅ Execution successfully processed! { success: true, leadId: '74F6B543', brand: 'TRA-CPM Tablet' }
[tra-cpm][Tablet - Chrome] 📋 Trace report successfully saved: traces/tra-cpm_tablet.zip
✅ [3/6/2026, 7:09:24 pm] COMPLETED: tra-cpm [Tablet - Chrome][CHROMIUM]

================================================================
🚀 [3/6/2026, 7:09:24 pm] RUNNING: Everest Tax Releif(X) [TABLET - CHROME]
🔗 Target URL: https://mlf-trk.com/?a=659&oc=812&c=2498&s1=
================================================================
[everest-tr-x][Tablet - Chrome] 🔌 [Browser Interceptor] Intercepting and optimizing engine: CHROMIUM
[everest-tr-x][Tablet - Chrome] ◇ injected env (0) from .env // tip: ⌘ multiple files { path: ['.env.local', '.env'] }
[everest-tr-x][Tablet - Chrome] ◇ injected env (0) from .env // tip: ⌘ multiple files { path: ['.env.local', '.env'] }
[everest-tr-x][Tablet - Chrome] ◇ injected env (0) from .env // tip: ⌁ auth for agents [www.vestauth.com]
[everest-tr-x][Tablet - Chrome] ◇ injected env (0) from .env // tip: ⌘ enable debugging { debug: true }
[everest-tr-x][Tablet - Chrome] ◇ injected env (0) from .env // tip: ⌁ auth for agents [www.vestauth.com]
[everest-tr-x][Tablet - Chrome] 
🤖 ================================================================
[everest-tr-x][Tablet - Chrome] 🤖 MASTER RUNNER: LAUNCHING EVEREST TAX RELEIF(X)
🤖 Mode:            TABLET
[everest-tr-x][Tablet - Chrome] 🤖 Tracking URL:     https://mlf-trk.com/?a=659&oc=812&c=2498&s1=
[everest-tr-x][Tablet - Chrome] 🤖 Target Sheet:    Everest Tax Releif(X)
🤖 ================================================================
[everest-tr-x][Tablet - Chrome] 🔌 [Browser Interceptor] Intercepting and optimizing engine: CHROMIUM
[everest-tr-x][Tablet - Chrome] 📋 Emulated Device Profile: TABLET (iPad Pro 11) - [Tablet - Chrome]
[everest-tr-x][Tablet - Chrome] ⏳ Delaying 200ms to allow responsive layouts to mount...
[everest-tr-x][Android - Chrome] ✅ [Mobile] Page loaded successfully
[everest-tr-x][Android - Chrome] 📱 [Mobile] Injecting high-fidelity glossy Natural Titanium iPhone 17 Pro mockup frame...
[everest-tr-x][Android - Chrome] 📱 [Mobile] Injecting high-fidelity glossy Natural Titanium iPhone 17 Pro mockup frame...
[everest-tr-x][Android - Chrome] 📝 [Mobile] Starting mobile-specific form filling...
[everest-tr-x][Android - Chrome] 🔘 [Mobile] Step 1: Selecting Debt Amount (7,952)
[everest-tr-x][Android - Chrome] 🔘 [Mobile] Found jQuery UI Slider #slider. Setting value via jQuery and DOM evaluation...
[everest-tr-x][Android - Chrome] ✅ [Mobile] Set jQuery UI Slider #slider to 7,952
[everest-tr-x][Tablet - Chrome] 🔄 Processing lead for brand: Everest Tax Releif(X) Tablet
[everest-tr-x][Tablet - Chrome] 📊 Campaign execution run index: 69
[everest-tr-x][Tablet - Chrome] 📅 [Rotational Logic] Week 1 Day 3. Target Range: 7500-10000 (Max allowed by URL: 70000)
[everest-tr-x][Tablet - Chrome] 🔗 [Mobile] Navigating to: https://mlf-trk.com/?a=659&oc=812&c=2498&s1=
[everest-tr-x][Android - Chrome] 🔘 [Mobile] Clicking active visible button: .next-btn1:visible, .btn-next:visible
[everest-tr-x][Android - Chrome] ✅ [Mobile] Clicked: .next-btn1:visible, .btn-next:visible
[ppc][Desktop - Chrome] 💻 [Tablet] Injecting high-fidelity glossy iPad Pro mockup frame...
[ppc][Desktop - Chrome] ✅ [Mobile] Thank you page or lead id detected in URL during contact loop. Exiting contact loop.
🔘 [Mobile] Scanning for additional dynamic steps...
[ppc][Desktop - Chrome] ✅ [Mobile] Thank you page detected during adaptive submit loop. Exiting loop.
[ppc][Desktop - Chrome] 🔘 [Mobile] Submitting form
💾 [Mobile] Setting hidden debt fields to: 7783
[ppc][Desktop - Chrome] ⏳ [Mobile] Waiting for submission navigation to complete
[everest-tr-x][Android - Chrome] 📱 [Mobile] Injecting high-fidelity glossy Natural Titanium iPhone 17 Pro mockup frame...
[everest-tr-x][Android - Chrome] 🔘 [Mobile Rotation] Selected: "Federal"
[everest-tr-x][Android - Chrome] 🔘 [Mobile Rotation] Selected: "Less than $4,000"
[everest-tr-x][Android - Chrome] ✅ [Mobile] Reached a recognized terminal step. Stopping dynamic traversal.
[everest-tr-x][Android - Chrome] 🔘 [Mobile] Step 2: Selecting State
[everest-tr-x][Android - Chrome] ✅ [Mobile] Selected state dynamically: "Maine"
📝 [Mobile] step3 column set to State: "Maine"
[everest-tr-x][Android - Chrome] 🔘 [Mobile] Clicking active visible button: .next-btn:visible, .next-btn2:visible, .btn-next:visible
[everest-tr-x][Android - Chrome] ✅ [Mobile] Clicked: .next-btn:visible, .next-btn2:visible, .btn-next:visible
[everest-tr-x][Android - Chrome] 📱 [Mobile] Injecting high-fidelity glossy Natural Titanium iPhone 17 Pro mockup frame...
[everest-tr-x][Android - Chrome] 🔘 [Mobile] Step 3: Filling Contact Info (Dynamic Loop)...
[everest-tr-x][Android - Chrome] 📱 [Mobile] Injecting high-fidelity glossy Natural Titanium iPhone 17 Pro mockup frame...
[everest-tr-x][Android - Chrome] ✅ [Mobile] Filled First Name: ckmtestpixel
[everest-tr-x][Android - Chrome] ✅ [Mobile] Filled Last Name: ckmtestpixel
[everest-tr-x][Android - Chrome] ✅ [Mobile] Filled Email: ckmtestpixel@gmail.com
[everest-tr-x][Android - Chrome] ✅ [Mobile] Filled Phone: 401-247-1068
[everest-tr-x][Android - Chrome] 🔘 [Mobile] Clicking active contact NEXT/SUBMIT button...
[everest-tr-x][Tablet - Chrome] ✅ [Mobile] Page loaded successfully
[everest-tr-x][Tablet - Chrome] 💻 [Tablet] Injecting high-fidelity glossy iPad Pro mockup frame...
[everest-tr-x][Tablet - Chrome] 💻 [Tablet] Injecting high-fidelity glossy iPad Pro mockup frame...
[everest-tr-x][Tablet - Chrome] 📝 [Mobile] Starting mobile-specific form filling...
[everest-tr-x][Tablet - Chrome] 🔘 [Mobile] Step 1: Selecting Debt Amount (7,623)
[everest-tr-x][Tablet - Chrome] 🔘 [Mobile] Found jQuery UI Slider #slider. Setting value via jQuery and DOM evaluation...
[everest-tr-x][Tablet - Chrome] ✅ [Mobile] Set jQuery UI Slider #slider to 7,623
[everest-tr-x][Tablet - Chrome] 🔘 [Mobile] Clicking active visible button: .next-btn1:visible, .btn-next:visible
[everest-tr-x][Tablet - Chrome] ✅ [Mobile] Clicked: .next-btn1:visible, .btn-next:visible
[everest-tr-x][Tablet - Chrome] 💻 [Tablet] Injecting high-fidelity glossy iPad Pro mockup frame...
[everest-tr-x][Tablet - Chrome] 🔘 [Mobile Rotation] Selected: "State"
[everest-tr-x][Tablet - Chrome] 🔘 [Mobile Rotation] Selected: "More than $6,000"
[everest-tr-x][Tablet - Chrome] ✅ [Mobile] Reached a recognized terminal step. Stopping dynamic traversal.
[everest-tr-x][Tablet - Chrome] 🔘 [Mobile] Step 2: Selecting State
[everest-tr-x][Tablet - Chrome] ✅ [Mobile] Selected state dynamically: "Maryland"
[everest-tr-x][Tablet - Chrome] 📝 [Mobile] step3 column set to State: "Maryland"
[everest-tr-x][Tablet - Chrome] 🔘 [Mobile] Clicking active visible button: .next-btn:visible, .next-btn2:visible, .btn-next:visible
[everest-tr-x][Tablet - Chrome] ✅ [Mobile] Clicked: .next-btn:visible, .next-btn2:visible, .btn-next:visible
[tra-cpm][Desktop - Chrome] [STDERR] ⚠️ [Mobile] Standard submit buttons not found, consulting AI Agent...
[tra-cpm][Desktop - Chrome] 🤖 [AI Agent] Analyzing Submit button for global...
[tra-cpm][Desktop - Chrome] ⏳ [Mobile] Waiting for final Thank You page redirection...
[tra-cpm][Desktop - Chrome] ✅ [Mobile] Targeted final redirect URL achieved!
[tra-cpm][Desktop - Chrome] ✅ [Mobile] Final Thank You URL: https://tra.com/thank-you?debt=7961&leadid=C89BDED2&reqid=26858593&affid=659&oid=136
📋 [Pre-Fix] Thank-you URL before debt correction: https://tra.com/thank-you?debt=7961&leadid=C89BDED2&reqid=26858593&affid=659&oid=136
[tra-cpm][Desktop - Chrome] 💾 [Debt Debug] formPage.selectedSliderAmount = "7,961"
💾 [Debt Debug] selectedDebtNum (numeric) = "7961"
[tra-cpm][Desktop - Chrome] 🔧 [Debt Fix] Current debt in URL: 7961, Should be: 7961
✅ [Debt Fix] Debt parameter already correct
[tra-cpm][Desktop - Chrome] 📱 [Mobile Diagnostic] Full Thank You URL Parameters: {"debt":"7961","leadid":"C89BDED2","reqid":"26858593","affid":"659","oid":"136"}
[tra-cpm][Desktop - Chrome] ✅ [Mobile] Extracted Lead ID: C89BDED2
📱 Device Type detected: Desktop - Chrome
[tra-cpm][Desktop - Chrome] ✅ Lead captured: C89BDED2
[tra-cpm][Desktop - Chrome] 📡 Fetching First API data for Lead ID: C89BDED2...
[everest-tr-x][Android - Chrome] 📱 [Mobile] Injecting high-fidelity glossy Natural Titanium iPhone 17 Pro mockup frame...
[everest-tr-x][Android - Chrome] [STDERR] ⚠️ [Mobile] Failed to apply glossy iPhone 17 Pro mockup frame overlay: page.evaluate: TypeError: Cannot read properties of null (reading 'appendChild')
    at eval (eval at evaluate (:302:30), <anonymous>:133:23)
    at UtilityScript.evaluate (<anonymous>:304:16)
    at UtilityScript.<anonymous> (<anonymous>:1:44)
[everest-tr-x][Android - Chrome] ✅ [Mobile] Thank you page or lead id detected in URL during contact loop. Exiting contact loop.
🔘 [Mobile] Scanning for additional dynamic steps...
[everest-tr-x][Android - Chrome] ✅ [Mobile] Thank you page detected during adaptive submit loop. Exiting loop.
[everest-tr-x][Android - Chrome] 🔘 [Mobile] Submitting form
[everest-tr-x][Android - Chrome] 💾 [Mobile] Setting hidden debt fields to: 7952
[everest-tr-x][Android - Chrome] ⏳ [Mobile] Waiting for submission navigation to complete
[tra-cpm][Desktop - Chrome] [STDERR] ❌ First API Attempt 1 failed: Invalid URL
[tra-cpm][Desktop - Chrome] ⏳ Retrying in 1 second...
[everest-tr-x][Tablet - Chrome] 💻 [Tablet] Injecting high-fidelity glossy iPad Pro mockup frame...
[everest-tr-x][Tablet - Chrome] 🔘 [Mobile] Step 3: Filling Contact Info (Dynamic Loop)...
[everest-tr-x][Tablet - Chrome] 💻 [Tablet] Injecting high-fidelity glossy iPad Pro mockup frame...
[everest-tr-x][Tablet - Chrome] ✅ [Mobile] Filled First Name: ckmtestpixel
[everest-tr-x][Tablet - Chrome] ✅ [Mobile] Filled Last Name: ckmtestpixel
[everest-tr-x][Tablet - Chrome] ✅ [Mobile] Filled Email: ckmtestpixel@gmail.com
[everest-tr-x][Tablet - Chrome] ✅ [Mobile] Filled Phone: 401-247-1069
[everest-tr-x][Tablet - Chrome] 🔘 [Mobile] Clicking active contact NEXT/SUBMIT button...
[tra-cpm][Desktop - Chrome] [STDERR] ❌ First API Attempt 2 failed: Invalid URL
[tra-cpm][Desktop - Chrome] ⏳ Retrying in 1 second...
[tra-cpm][Desktop - Chrome] [STDERR] ❌ First API Attempt 3 failed: Invalid URL
[tra-cpm][Desktop - Chrome] 📡 Fetching Second API data for Lead ID: C89BDED2...
[tra-cpm][Desktop - Chrome] 📡 Standard Second API Payload: cake_id=C89BDED2, domain_name=https://www.taxreliefadvocates.com
[tra-cpm][Desktop - Chrome] [STDERR] ❌ Second API Attempt 1 failed: Invalid URL
[tra-cpm][Desktop - Chrome] ⏳ Retrying in 1 second to allow database synchronization...
[tra-cpm][Desktop - Chrome] 📡 Standard Second API Payload: cake_id=C89BDED2, domain_name=https://www.taxreliefadvocates.com
[tra-cpm][Desktop - Chrome] [STDERR] ❌ Second API Attempt 2 failed: Invalid URL
[tra-cpm][Desktop - Chrome] ⏳ Retrying in 1 second to allow database synchronization...
[everest-tr-x][Tablet - Chrome] 💻 [Tablet] Injecting high-fidelity glossy iPad Pro mockup frame...
[everest-tr-x][Tablet - Chrome] [STDERR] ⚠️ [Tablet] Failed to apply glossy iPad Pro mockup frame overlay: page.evaluate: TypeError: Cannot read properties of null (reading 'appendChild')
    at eval (eval at evaluate (:302:30), <anonymous>:104:23)
    at UtilityScript.evaluate (<anonymous>:304:16)
    at UtilityScript.<anonymous> (<anonymous>:1:44)
[everest-tr-x][Tablet - Chrome] ✅ [Mobile] Thank you page or lead id detected in URL during contact loop. Exiting contact loop.
🔘 [Mobile] Scanning for additional dynamic steps...
[everest-tr-x][Tablet - Chrome] ✅ [Mobile] Thank you page detected during adaptive submit loop. Exiting loop.
[everest-tr-x][Tablet - Chrome] 🔘 [Mobile] Submitting form
[everest-tr-x][Tablet - Chrome] 💾 [Mobile] Setting hidden debt fields to: 7623
[everest-tr-x][Tablet - Chrome] ⏳ [Mobile] Waiting for submission navigation to complete
[tra-cpm][Desktop - Chrome] 📡 Standard Second API Payload: cake_id=C89BDED2, domain_name=https://www.taxreliefadvocates.com
[tra-cpm][Desktop - Chrome] [STDERR] ❌ Second API Attempt 3 failed: Invalid URL
[tra-cpm][Desktop - Chrome] ⏳ Retrying in 1 second to allow database synchronization...
[tra-cpm][Desktop - Chrome] 📡 Standard Second API Payload: cake_id=C89BDED2, domain_name=https://www.taxreliefadvocates.com
[tra-cpm][Desktop - Chrome] [STDERR] ❌ Second API Attempt 4 failed: Invalid URL
[tra-cpm][Desktop - Chrome] ⏳ Retrying in 1 second to allow database synchronization...
[tra-cpm][Desktop - Chrome] 📡 Standard Second API Payload: cake_id=C89BDED2, domain_name=https://www.taxreliefadvocates.com
[tra-cpm][Desktop - Chrome] [STDERR] ❌ Second API Attempt 5 failed: Invalid URL
[tra-cpm][Desktop - Chrome] 📡 [Rest-Assurance] Verifying Lead ID: C89BDED2 via Backend...
[tra-cpm][Desktop - Chrome] [STDERR] 🛡️  [Rest-Assurance] VERIFICATION_FAILED: Invalid URL
[tra-cpm][Desktop - Chrome] [STDERR] (node:16480) Warning: Setting the NODE_TLS_REJECT_UNAUTHORIZED environment variable to '0' makes TLS connections and HTTPS requests insecure by disabling certificate verification.
(Use `node --trace-warnings ...` to show where the warning was created)
[tra-cpm][Desktop - Chrome] ✅ Row appended successfully to sheet: TRA-CPM
[tra-cpm][Desktop - Chrome] ✨ Professional formatting applied to TRA-CPM
[tra-cpm][Desktop - Chrome] 🤖 [AI Agent Audit] Status: FAIL
🤖 [AI Agent Audit] Details: MISMATCH DETECTED: UI 7,961 Expected 7,500 but API got undefined
[tra-cpm][Desktop - Chrome] [STDERR] 🚨 [AI Agent] Data mismatch detected for TRA-CPM. Please review Google Sheet.
[tra-cpm][Desktop - Chrome] ✅ Lead processed successfully for TRA-CPM
[tra-cpm][Desktop - Chrome] 🎥 Video saved successfully: traces/videos/TRA-CPM_TRA-CPM.webm
[tra-cpm][Desktop - Chrome] 
✅ Execution successfully processed! { success: true, leadId: 'C89BDED2', brand: 'TRA-CPM' }
[tra-cpm][Desktop - Chrome] 📋 Trace report successfully saved: traces/tra-cpm_desktop.zip
[ppc][Desktop - Chrome] [STDERR] ⚠️ [Mobile] Standard submit buttons not found, consulting AI Agent...
[ppc][Desktop - Chrome] 🤖 [AI Agent] Analyzing Submit button for global...
[ppc][Desktop - Chrome] ⏳ [Mobile] Waiting for final Thank You page redirection...
[ppc][Desktop - Chrome] ✅ [Mobile] Targeted final redirect URL achieved!
[ppc][Desktop - Chrome] ✅ [Mobile] Final Thank You URL: https://tra.com/thank-you?debt=7783&leadid=2F89BD4B&reqid=26858586&affid=659&oid=133
📋 [Pre-Fix] Thank-you URL before debt correction: https://tra.com/thank-you?debt=7783&leadid=2F89BD4B&reqid=26858586&affid=659&oid=133
💾 [Debt Debug] formPage.selectedSliderAmount = "7,783"
💾 [Debt Debug] selectedDebtNum (numeric) = "7783"
[ppc][Desktop - Chrome] 🔧 [Debt Fix] Current debt in URL: 7783, Should be: 7783
[ppc][Desktop - Chrome] ✅ [Debt Fix] Debt parameter already correct
[ppc][Desktop - Chrome] 📱 [Mobile Diagnostic] Full Thank You URL Parameters: {"debt":"7783","leadid":"2F89BD4B","reqid":"26858586","affid":"659","oid":"133"}
[ppc][Desktop - Chrome] ✅ [Mobile] Extracted Lead ID: 2F89BD4B
📱 Device Type detected: Desktop - Chrome
[ppc][Desktop - Chrome] ✅ Lead captured: 2F89BD4B
[ppc][Desktop - Chrome] 📡 Fetching First API data for Lead ID: 2F89BD4B...
✅ [3/6/2026, 7:09:47 pm] COMPLETED: tra-cpm [Desktop - Chrome][CHROMIUM]

================================================================
🚀 [3/6/2026, 7:09:47 pm] RUNNING: Everest Tax Releif(X) [DESKTOP - CHROME]
🔗 Target URL: https://mlf-trk.com/?a=659&oc=812&c=2498&s1=
================================================================
[ppc][Desktop - Chrome] [STDERR] ❌ First API Attempt 1 failed: Invalid URL
[ppc][Desktop - Chrome] ⏳ Retrying in 1 second...
[everest-tr-x][Desktop - Chrome] 🔌 [Browser Interceptor] Intercepting and optimizing engine: CHROMIUM
[everest-tr-x][Desktop - Chrome] ◇ injected env (0) from .env // tip: ⌘ custom filepath { path: '/custom/path/.env' }
[everest-tr-x][Desktop - Chrome] ◇ injected env (0) from .env // tip: ⌘ custom filepath { path: '/custom/path/.env' }
[everest-tr-x][Desktop - Chrome] ◇ injected env (0) from .env // tip: ◈ encrypted .env [www.dotenvx.com]
[ppc][Desktop - Chrome] [STDERR] ❌ First API Attempt 2 failed: Invalid URL
[ppc][Desktop - Chrome] ⏳ Retrying in 1 second...
[everest-tr-x][Desktop - Chrome] ◇ injected env (0) from .env // tip: ⌘ enable debugging { debug: true }
[everest-tr-x][Desktop - Chrome] ◇ injected env (0) from .env // tip: ⌁ auth for agents [www.vestauth.com]
[everest-tr-x][Desktop - Chrome] 
🤖 ================================================================
🤖 MASTER RUNNER: LAUNCHING EVEREST TAX RELEIF(X)
[everest-tr-x][Desktop - Chrome] 🤖 Mode:            DESKTOP
🤖 Tracking URL:     https://mlf-trk.com/?a=659&oc=812&c=2498&s1=
[everest-tr-x][Desktop - Chrome] 🤖 Target Sheet:    Everest Tax Releif(X)
🤖 ================================================================
[everest-tr-x][Desktop - Chrome] 🔌 [Browser Interceptor] Intercepting and optimizing engine: CHROMIUM
[everest-tr-x][Desktop - Chrome] 💻 Emulated Device Profile: DESKTOP - [Desktop - Chrome]
[everest-tr-x][Desktop - Chrome] 🔄 Processing lead for brand: Everest Tax Releif(X)
[everest-tr-x][Desktop - Chrome] 📊 Campaign execution run index: 70
[everest-tr-x][Desktop - Chrome] 📅 [Rotational Logic] Week 1 Day 3. Target Range: 7500-10000 (Max allowed by URL: 70000)
[everest-tr-x][Desktop - Chrome] 🔗 [Mobile] Navigating to: https://mlf-trk.com/?a=659&oc=812&c=2498&s1=
[ppc][Desktop - Chrome] [STDERR] ❌ First API Attempt 3 failed: Invalid URL
[ppc][Desktop - Chrome] 📡 Fetching Second API data for Lead ID: 2F89BD4B...
[ppc][Desktop - Chrome] 📡 Standard Second API Payload: cake_id=2F89BD4B, domain_name=https://www.taxreliefadvocates.com
[ppc][Desktop - Chrome] [STDERR] ❌ Second API Attempt 1 failed: Invalid URL
[ppc][Desktop - Chrome] ⏳ Retrying in 1 second to allow database synchronization...
[ppc][Desktop - Chrome] 📡 Standard Second API Payload: cake_id=2F89BD4B, domain_name=https://www.taxreliefadvocates.com
[ppc][Desktop - Chrome] [STDERR] ❌ Second API Attempt 2 failed: Invalid URL
[ppc][Desktop - Chrome] ⏳ Retrying in 1 second to allow database synchronization...
[ppc][Desktop - Chrome] 📡 Standard Second API Payload: cake_id=2F89BD4B, domain_name=https://www.taxreliefadvocates.com
[ppc][Desktop - Chrome] [STDERR] ❌ Second API Attempt 3 failed: Invalid URL
[ppc][Desktop - Chrome] ⏳ Retrying in 1 second to allow database synchronization...
[ppc][Desktop - Chrome] 📡 Standard Second API Payload: cake_id=2F89BD4B, domain_name=https://www.taxreliefadvocates.com
[ppc][Desktop - Chrome] [STDERR] ❌ Second API Attempt 4 failed: Invalid URL
[ppc][Desktop - Chrome] ⏳ Retrying in 1 second to allow database synchronization...
[ppc][Desktop - Chrome] 📡 Standard Second API Payload: cake_id=2F89BD4B, domain_name=https://www.taxreliefadvocates.com
[ppc][Desktop - Chrome] [STDERR] ❌ Second API Attempt 5 failed: Invalid URL
[ppc][Desktop - Chrome] 📡 [Rest-Assurance] Verifying Lead ID: 2F89BD4B via Backend...
[ppc][Desktop - Chrome] [STDERR] 🛡️  [Rest-Assurance] VERIFICATION_FAILED: Invalid URL
[ppc][Desktop - Chrome] [STDERR] (node:18092) Warning: Setting the NODE_TLS_REJECT_UNAUTHORIZED environment variable to '0' makes TLS connections and HTTPS requests insecure by disabling certificate verification.
(Use `node --trace-warnings ...` to show where the warning was created)
[ppc][Desktop - Chrome] ✅ Row appended successfully to sheet: PPC
[ppc][Desktop - Chrome] ✨ Professional formatting applied to PPC
[ppc][Desktop - Chrome] 🤖 [AI Agent Audit] Status: FAIL
🤖 [AI Agent Audit] Details: MISMATCH DETECTED: UI 7,783 Expected 7,500 but API got undefined
[ppc][Desktop - Chrome] [STDERR] 🚨 [AI Agent] Data mismatch detected for PPC. Please review Google Sheet.
[ppc][Desktop - Chrome] ✅ Lead processed successfully for PPC
[everest-tr-x][Android - Chrome] [STDERR] ⚠️ [Mobile] Standard submit buttons not found, consulting AI Agent...
[everest-tr-x][Android - Chrome] 🤖 [AI Agent] Analyzing Submit button for global...
[everest-tr-x][Android - Chrome] ⏳ [Mobile] Waiting for final Thank You page redirection...
[everest-tr-x][Android - Chrome] ✅ [Mobile] Targeted final redirect URL achieved!
[everest-tr-x][Android - Chrome] ✅ [Mobile] Final Thank You URL: https://www.everesttaxrelief.net/thankyou_ts.php?debt=7952&leadid=5668D5F3&affid=659&reqid=26858597&sub
📋 [Pre-Fix] Thank-you URL before debt correction: https://www.everesttaxrelief.net/thankyou_ts.php?debt=7952&leadid=5668D5F3&affid=659&reqid=26858597&sub
💾 [Debt Debug] formPage.selectedSliderAmount = "7,952"
💾 [Debt Debug] selectedDebtNum (numeric) = "7952"
[everest-tr-x][Android - Chrome] 🔧 [Debt Fix] Current debt in URL: 7952, Should be: 7952
[everest-tr-x][Android - Chrome] ✅ [Debt Fix] Debt parameter already correct
[everest-tr-x][Android - Chrome] 📱 [Mobile Diagnostic] Full Thank You URL Parameters: {"debt":"7952","leadid":"5668D5F3","affid":"659","reqid":"26858597","sub":""}
[everest-tr-x][Android - Chrome] ✅ [Mobile] Extracted Lead ID: 5668D5F3
[everest-tr-x][Android - Chrome] 📱 Device Type detected: Android - Chrome
✅ Lead captured: 5668D5F3
[everest-tr-x][Android - Chrome] 📡 Fetching First API data for Lead ID: 5668D5F3...
[everest-tr-x][Android - Chrome] [STDERR] ❌ First API Attempt 1 failed: Invalid URL
[everest-tr-x][Android - Chrome] ⏳ Retrying in 1 second...
[ppc][Desktop - Chrome] 🎥 Video saved successfully: traces/videos/PPC_PPC.webm
[ppc][Desktop - Chrome] 
✅ Execution successfully processed! { success: true, leadId: '2F89BD4B', brand: 'PPC' }
[ppc][Desktop - Chrome] 📋 Trace report successfully saved: traces/ppc_desktop.zip
[everest-tr-x][Android - Chrome] [STDERR] ❌ First API Attempt 2 failed: Invalid URL
[everest-tr-x][Android - Chrome] ⏳ Retrying in 1 second...
✅ [3/6/2026, 7:09:58 pm] COMPLETED: ppc [Desktop - Chrome][CHROMIUM]

================================================================
🚀 [3/6/2026, 7:09:58 pm] RUNNING: VTS Original [ANDROID - CHROME]
🔗 Target URL: https://mlfvts-trk.com/?a=659&oc=323&c=569&s1=
================================================================
[vts-original][Android - Chrome] 🔌 [Browser Interceptor] Intercepting and optimizing engine: CHROMIUM
[vts-original][Android - Chrome] ◇ injected env (0) from .env // tip: ⌁ auth for agents [www.vestauth.com]
[vts-original][Android - Chrome] ◇ injected env (0) from .env // tip: ⌁ auth for agents [www.vestauth.com]
[vts-original][Android - Chrome] ◇ injected env (0) from .env // tip: ⌘ multiple files { path: ['.env.local', '.env'] }
[everest-tr-x][Android - Chrome] [STDERR] ❌ First API Attempt 3 failed: Invalid URL
[everest-tr-x][Android - Chrome] 📡 Fetching Second API data for Lead ID: 5668D5F3...
[everest-tr-x][Android - Chrome] 📡 Everest Custom Second API Payload: cake_id=5668D5F3, domain_name=https://everesttaxrelief.net
[everest-tr-x][Android - Chrome] [STDERR] (node:11508) Warning: Setting the NODE_TLS_REJECT_UNAUTHORIZED environment variable to '0' makes TLS connections and HTTPS requests insecure by disabling certificate verification.
(Use `node --trace-warnings ...` to show where the warning was created)
[vts-original][Android - Chrome] ◇ injected env (0) from .env // tip: ⌘ custom filepath { path: '/custom/path/.env' }
[vts-original][Android - Chrome] ◇ injected env (0) from .env // tip: ⌘ enable debugging { debug: true }
[vts-original][Android - Chrome] 
🤖 ================================================================
🤖 MASTER RUNNER: LAUNCHING VTS ORIGINAL
[vts-original][Android - Chrome] 🤖 Mode:            MOBILE
[vts-original][Android - Chrome] 🤖 Tracking URL:     https://mlfvts-trk.com/?a=659&oc=323&c=569&s1=
[vts-original][Android - Chrome] 🤖 Target Sheet:    VTS-Original
🤖 ================================================================
[vts-original][Android - Chrome] 🔌 [Browser Interceptor] Intercepting and optimizing engine: CHROMIUM
[vts-original][Android - Chrome] 📋 Emulated Device Profile: MOBILE (Pixel 7) - [Android - Chrome]
[vts-original][Android - Chrome] ⏳ Delaying 200ms to allow responsive layouts to mount...
[vts-original][Android - Chrome] 🔄 Processing lead for brand: VTS Original Mobile
[vts-original][Android - Chrome] 📊 Campaign execution run index: 68
[vts-original][Android - Chrome] 📅 [Rotational Logic] Week 1 Day 3. Target Range: 7500-10000 (Max allowed by URL: 70000)
[vts-original][Android - Chrome] 🔗 [Mobile] Navigating to: https://mlfvts-trk.com/?a=659&oc=323&c=569&s1=
[everest-tr-x][Tablet - Chrome] [STDERR] ⚠️ [Mobile] Standard submit buttons not found, consulting AI Agent...
[everest-tr-x][Tablet - Chrome] 🤖 [AI Agent] Analyzing Submit button for global...
[everest-tr-x][Tablet - Chrome] ⏳ [Mobile] Waiting for final Thank You page redirection...
[everest-tr-x][Tablet - Chrome] ✅ [Mobile] Targeted final redirect URL achieved!
[everest-tr-x][Tablet - Chrome] ✅ [Mobile] Final Thank You URL: https://www.everesttaxrelief.net/thankyou_ts.php?debt=7623&leadid=EA6365BC&affid=659&reqid=26858598&sub
📋 [Pre-Fix] Thank-you URL before debt correction: https://www.everesttaxrelief.net/thankyou_ts.php?debt=7623&leadid=EA6365BC&affid=659&reqid=26858598&sub
💾 [Debt Debug] formPage.selectedSliderAmount = "7,623"
💾 [Debt Debug] selectedDebtNum (numeric) = "7623"
[everest-tr-x][Tablet - Chrome] 🔧 [Debt Fix] Current debt in URL: 7623, Should be: 7623
✅ [Debt Fix] Debt parameter already correct
[everest-tr-x][Tablet - Chrome] 📱 [Mobile Diagnostic] Full Thank You URL Parameters: {"debt":"7623","leadid":"EA6365BC","affid":"659","reqid":"26858598","sub":""}
[everest-tr-x][Tablet - Chrome] ✅ [Mobile] Extracted Lead ID: EA6365BC
[everest-tr-x][Tablet - Chrome] 📱 Device Type detected: Tablet - Chrome
[everest-tr-x][Tablet - Chrome] ✅ Lead captured: EA6365BC
[everest-tr-x][Tablet - Chrome] 📡 Fetching First API data for Lead ID: EA6365BC...
[everest-tr-x][Android - Chrome] ✅ Second API Data retrieved on attempt 1: DBID=15931
[everest-tr-x][Android - Chrome] 📡 [Rest-Assurance] Verifying Lead ID: 5668D5F3 via Backend...
[everest-tr-x][Android - Chrome] [STDERR] 🛡️  [Rest-Assurance] VERIFICATION_FAILED: Invalid URL
[everest-tr-x][Tablet - Chrome] [STDERR] ❌ First API Attempt 1 failed: Invalid URL
[everest-tr-x][Tablet - Chrome] ⏳ Retrying in 1 second...
[everest-tr-x][Tablet - Chrome] [STDERR] ❌ First API Attempt 2 failed: Invalid URL
[everest-tr-x][Tablet - Chrome] ⏳ Retrying in 1 second...
[everest-tr-x][Android - Chrome] ✅ Row appended successfully to sheet: Everest Tax Releif(X)
[everest-tr-x][Tablet - Chrome] [STDERR] ❌ First API Attempt 3 failed: Invalid URL
[everest-tr-x][Tablet - Chrome] 📡 Fetching Second API data for Lead ID: EA6365BC...
[everest-tr-x][Tablet - Chrome] 📡 Everest Custom Second API Payload: cake_id=EA6365BC, domain_name=https://everesttaxrelief.net
[everest-tr-x][Tablet - Chrome] [STDERR] (node:3864) Warning: Setting the NODE_TLS_REJECT_UNAUTHORIZED environment variable to '0' makes TLS connections and HTTPS requests insecure by disabling certificate verification.
(Use `node --trace-warnings ...` to show where the warning was created)
[everest-tr-x][Android - Chrome] ✨ Professional formatting applied to Everest Tax Releif(X)
[everest-tr-x][Android - Chrome] 🤖 [AI Agent Audit] Status: FAIL
🤖 [AI Agent Audit] Details: MISMATCH DETECTED: UI 7,952 Expected 7,500 but API got undefined
[everest-tr-x][Android - Chrome] [STDERR] 🚨 [AI Agent] Data mismatch detected for Everest Tax Releif(X) Mobile. Please review Google Sheet.
[everest-tr-x][Android - Chrome] ✅ Lead processed successfully for Everest Tax Releif(X) Mobile
[everest-tr-x][Android - Chrome] 🎥 Video saved successfully: traces/videos/Everest Tax Releif(X)_Everest_Tax_Releif(X)_Mobile.webm
[everest-tr-x][Android - Chrome] 
✅ Execution successfully processed! {
  success: true,
  leadId: '5668D5F3',
  brand: 'Everest Tax Releif(X) Mobile'
}
[everest-tr-x][Android - Chrome] 📋 Trace report successfully saved: traces/everest-tr-x_mobile.zip
✅ [3/6/2026, 7:10:05 pm] COMPLETED: everest-tr-x [Android - Chrome][CHROMIUM]

================================================================
🚀 [3/6/2026, 7:10:05 pm] RUNNING: VTS Original [TABLET - CHROME]
🔗 Target URL: https://mlfvts-trk.com/?a=659&oc=323&c=569&s1=
================================================================
[vts-original][Tablet - Chrome] 🔌 [Browser Interceptor] Intercepting and optimizing engine: CHROMIUM
[vts-original][Tablet - Chrome] ◇ injected env (0) from .env // tip: ⌘ override existing { override: true }
[vts-original][Tablet - Chrome] ◇ injected env (0) from .env // tip: ◈ encrypted .env [www.dotenvx.com]
[vts-original][Tablet - Chrome] ◇ injected env (0) from .env // tip: ⌘ override existing { override: true }
[vts-original][Tablet - Chrome] ◇ injected env (0) from .env // tip: ⌁ auth for agents [www.vestauth.com]
[vts-original][Tablet - Chrome] ◇ injected env (0) from .env // tip: ◈ encrypted .env [www.dotenvx.com]
[vts-original][Tablet - Chrome] 
🤖 ================================================================
🤖 MASTER RUNNER: LAUNCHING VTS ORIGINAL
🤖 Mode:            TABLET
[vts-original][Tablet - Chrome] 🤖 Tracking URL:     https://mlfvts-trk.com/?a=659&oc=323&c=569&s1=
🤖 Target Sheet:    VTS-Original
🤖 ================================================================
[vts-original][Tablet - Chrome] 🔌 [Browser Interceptor] Intercepting and optimizing engine: CHROMIUM
[vts-original][Tablet - Chrome] 📋 Emulated Device Profile: TABLET (iPad Pro 11) - [Tablet - Chrome]
[vts-original][Tablet - Chrome] ⏳ Delaying 200ms to allow responsive layouts to mount...
[vts-original][Tablet - Chrome] 🔄 Processing lead for brand: VTS Original Tablet
[vts-original][Tablet - Chrome] 📊 Campaign execution run index: 69
📅 [Rotational Logic] Week 1 Day 3. Target Range: 7500-10000 (Max allowed by URL: 70000)
[vts-original][Tablet - Chrome] 🔗 [Mobile] Navigating to: https://mlfvts-trk.com/?a=659&oc=323&c=569&s1=
[everest-tr-x][Desktop - Chrome] ✅ [Mobile] Page loaded successfully
[everest-tr-x][Desktop - Chrome] 💻 [Tablet] Injecting high-fidelity glossy iPad Pro mockup frame...
[everest-tr-x][Desktop - Chrome] 💻 [Tablet] Injecting high-fidelity glossy iPad Pro mockup frame...
[everest-tr-x][Desktop - Chrome] 📝 [Mobile] Starting mobile-specific form filling...
[everest-tr-x][Desktop - Chrome] 🔘 [Mobile] Step 1: Selecting Debt Amount (8,974)
[everest-tr-x][Desktop - Chrome] 🔘 [Mobile] Found jQuery UI Slider #slider. Setting value via jQuery and DOM evaluation...
[everest-tr-x][Desktop - Chrome] ✅ [Mobile] Set jQuery UI Slider #slider to 8,974
[everest-tr-x][Desktop - Chrome] 🔘 [Mobile] Clicking active visible button: .next-btn1:visible, .btn-next:visible
[everest-tr-x][Desktop - Chrome] ✅ [Mobile] Clicked: .next-btn1:visible, .btn-next:visible
[everest-tr-x][Desktop - Chrome] 💻 [Tablet] Injecting high-fidelity glossy iPad Pro mockup frame...
[everest-tr-x][Desktop - Chrome] 🔘 [Mobile Rotation] Selected: "Federal & State"
[everest-tr-x][Desktop - Chrome] 🔘 [Mobile Rotation] Selected: "State"
[everest-tr-x][Desktop - Chrome] 🔘 [Mobile Rotation] Selected: "$4,000 - $6,000"
[everest-tr-x][Desktop - Chrome] ✅ [Mobile] Reached a recognized terminal step. Stopping dynamic traversal.
[everest-tr-x][Desktop - Chrome] 🔘 [Mobile] Step 2: Selecting State
[everest-tr-x][Desktop - Chrome] ✅ [Mobile] Selected state dynamically: "Massachusetts"
[everest-tr-x][Desktop - Chrome] 🔘 [Mobile] Clicking active visible button: .next-btn:visible, .next-btn2:visible, .btn-next:visible
[everest-tr-x][Desktop - Chrome] ✅ [Mobile] Clicked: .next-btn:visible, .next-btn2:visible, .btn-next:visible
[everest-tr-x][Tablet - Chrome] ✅ Second API Data retrieved on attempt 1: DBID=15932
[everest-tr-x][Tablet - Chrome] 📡 [Rest-Assurance] Verifying Lead ID: EA6365BC via Backend...
[everest-tr-x][Tablet - Chrome] [STDERR] 🛡️  [Rest-Assurance] VERIFICATION_FAILED: Invalid URL
[everest-tr-x][Desktop - Chrome] 💻 [Tablet] Injecting high-fidelity glossy iPad Pro mockup frame...
[everest-tr-x][Desktop - Chrome] 🔘 [Mobile] Step 3: Filling Contact Info (Dynamic Loop)...
[everest-tr-x][Desktop - Chrome] 💻 [Tablet] Injecting high-fidelity glossy iPad Pro mockup frame...
[everest-tr-x][Desktop - Chrome] ✅ [Mobile] Filled First Name: ckmtestpixel
[everest-tr-x][Desktop - Chrome] ✅ [Mobile] Filled Last Name: ckmtestpixel
[everest-tr-x][Desktop - Chrome] ✅ [Mobile] Filled Email: ckmtestpixel@gmail.com
[everest-tr-x][Desktop - Chrome] ✅ [Mobile] Filled Phone: 401-247-1070
[everest-tr-x][Desktop - Chrome] 🔘 [Mobile] Clicking active contact NEXT/SUBMIT button...
[everest-tr-x][Tablet - Chrome] ✅ Row appended successfully to sheet: Everest Tax Releif(X)
[everest-tr-x][Tablet - Chrome] ✨ Professional formatting applied to Everest Tax Releif(X)
[everest-tr-x][Tablet - Chrome] 🤖 [AI Agent Audit] Status: FAIL
🤖 [AI Agent Audit] Details: MISMATCH DETECTED: UI 7,623 Expected 7,500 but API got undefined
[everest-tr-x][Tablet - Chrome] [STDERR] 🚨 [AI Agent] Data mismatch detected for Everest Tax Releif(X) Tablet. Please review Google Sheet.
[everest-tr-x][Tablet - Chrome] ✅ Lead processed successfully for Everest Tax Releif(X) Tablet
[everest-tr-x][Tablet - Chrome] 🎥 Video saved successfully: traces/videos/Everest Tax Releif(X)_Everest_Tax_Releif(X)_Tablet.webm
[everest-tr-x][Tablet - Chrome] 
✅ Execution successfully processed! {
  success: true,
  leadId: 'EA6365BC',
  brand: 'Everest Tax Releif(X) Tablet'
}
[everest-tr-x][Tablet - Chrome] 📋 Trace report successfully saved: traces/everest-tr-x_tablet.zip
✅ [3/6/2026, 7:10:18 pm] COMPLETED: everest-tr-x [Tablet - Chrome][CHROMIUM]

================================================================
🚀 [3/6/2026, 7:10:18 pm] RUNNING: VTS Original [DESKTOP - CHROME]
🔗 Target URL: https://mlfvts-trk.com/?a=659&oc=323&c=569&s1=
================================================================
[vts-original][Desktop - Chrome] 🔌 [Browser Interceptor] Intercepting and optimizing engine: CHROMIUM
[vts-original][Desktop - Chrome] ◇ injected env (0) from .env // tip: ⌘ multiple files { path: ['.env.local', '.env'] }
[vts-original][Desktop - Chrome] ◇ injected env (0) from .env // tip: ⌘ custom filepath { path: '/custom/path/.env' }
[vts-original][Desktop - Chrome] ◇ injected env (0) from .env // tip: ⌘ suppress logs { quiet: true }
[vts-original][Desktop - Chrome] ◇ injected env (0) from .env // tip: ⌘ override existing { override: true }
[vts-original][Desktop - Chrome] ◇ injected env (0) from .env // tip: ◈ encrypted .env [www.dotenvx.com]
[vts-original][Desktop - Chrome] 
🤖 ================================================================
[vts-original][Desktop - Chrome] 🤖 MASTER RUNNER: LAUNCHING VTS ORIGINAL
🤖 Mode:            DESKTOP
[vts-original][Desktop - Chrome] 🤖 Tracking URL:     https://mlfvts-trk.com/?a=659&oc=323&c=569&s1=
[vts-original][Desktop - Chrome] 🤖 Target Sheet:    VTS-Original
🤖 ================================================================
[vts-original][Desktop - Chrome] 🔌 [Browser Interceptor] Intercepting and optimizing engine: CHROMIUM
[vts-original][Desktop - Chrome] 💻 Emulated Device Profile: DESKTOP - [Desktop - Chrome]
[vts-original][Desktop - Chrome] 🔄 Processing lead for brand: VTS Original
[vts-original][Desktop - Chrome] 📊 Campaign execution run index: 70
[vts-original][Desktop - Chrome] 📅 [Rotational Logic] Week 1 Day 3. Target Range: 7500-10000 (Max allowed by URL: 70000)
[vts-original][Desktop - Chrome] 🔗 [Mobile] Navigating to: https://mlfvts-trk.com/?a=659&oc=323&c=569&s1=
[vts-original][Android - Chrome] [STDERR] ⚠️ [Mobile] Navigation warning: page.goto: Timeout 30000ms exceeded.
Call log:
[2m  - navigating to "https://mlfvts-trk.com/?a=659&oc=323&c=569&s1=", waiting until "domcontentloaded"[22m
. Continuing with page execution...
[vts-original][Desktop - Chrome] ✅ [Mobile] Page loaded successfully
[vts-original][Desktop - Chrome] 💻 [Tablet] Injecting high-fidelity glossy iPad Pro mockup frame...
[vts-original][Tablet - Chrome] ✅ [Mobile] Page loaded successfully
[vts-original][Tablet - Chrome] 💻 [Tablet] Injecting high-fidelity glossy iPad Pro mockup frame...
[vts-original][Android - Chrome] ✅ [Mobile] Page loaded successfully
[vts-original][Android - Chrome] 📱 [Mobile] Injecting high-fidelity glossy Natural Titanium iPhone 17 Pro mockup frame...
[vts-original][Desktop - Chrome] 💻 [Tablet] Injecting high-fidelity glossy iPad Pro mockup frame...
[vts-original][Desktop - Chrome] 📝 [Mobile] Starting mobile-specific form filling...
[vts-original][Tablet - Chrome] 💻 [Tablet] Injecting high-fidelity glossy iPad Pro mockup frame...
[vts-original][Android - Chrome] 📱 [Mobile] Injecting high-fidelity glossy Natural Titanium iPhone 17 Pro mockup frame...
[vts-original][Android - Chrome] 📝 [Mobile] Starting mobile-specific form filling...
[vts-original][Tablet - Chrome] 📝 [Mobile] Starting mobile-specific form filling...
[vts-original][Desktop - Chrome] 🔘 [Mobile] Step 1: Selecting Debt Amount (9,574)
[vts-original][Desktop - Chrome] 🔘 [Mobile] Found jQuery UI Slider #slider. Setting value via jQuery and DOM evaluation...
[vts-original][Desktop - Chrome] ✅ [Mobile] Set jQuery UI Slider #slider to 9,574
[vts-original][Android - Chrome] 🔘 [Mobile] Step 1: Selecting Debt Amount (8,669)
[vts-original][Tablet - Chrome] 🔘 [Mobile] Step 1: Selecting Debt Amount (9,411)
[vts-original][Android - Chrome] 🔘 [Mobile] Found jQuery UI Slider #slider. Setting value via jQuery and DOM evaluation...
[vts-original][Android - Chrome] ✅ [Mobile] Set jQuery UI Slider #slider to 8,669
[vts-original][Tablet - Chrome] 🔘 [Mobile] Found jQuery UI Slider #slider. Setting value via jQuery and DOM evaluation...
[vts-original][Tablet - Chrome] ✅ [Mobile] Set jQuery UI Slider #slider to 9,411
[vts-original][Desktop - Chrome] 🔘 [Mobile] Clicking active visible button: .next-btn1:visible, .btn-next:visible
[vts-original][Desktop - Chrome] ✅ [Mobile] Clicked: .next-btn1:visible, .btn-next:visible
[vts-original][Android - Chrome] 🔘 [Mobile] Clicking active visible button: .next-btn1:visible, .btn-next:visible
[vts-original][Tablet - Chrome] 🔘 [Mobile] Clicking active visible button: .next-btn1:visible, .btn-next:visible
[everest-tr-x][Desktop - Chrome] 💻 [Tablet] Injecting high-fidelity glossy iPad Pro mockup frame...
[vts-original][Android - Chrome] ✅ [Mobile] Clicked: .next-btn1:visible, .btn-next:visible
[vts-original][Tablet - Chrome] ✅ [Mobile] Clicked: .next-btn1:visible, .btn-next:visible
[everest-tr-x][Desktop - Chrome] [STDERR] ⚠️ [Tablet] Failed to apply glossy iPad Pro mockup frame overlay: page.evaluate: TypeError: Cannot read properties of null (reading 'appendChild')
    at eval (eval at evaluate (:302:30), <anonymous>:104:23)
    at UtilityScript.evaluate (<anonymous>:304:16)
    at UtilityScript.<anonymous> (<anonymous>:1:44)
[everest-tr-x][Desktop - Chrome] ✅ [Mobile] Thank you page or lead id detected in URL during contact loop. Exiting contact loop.
🔘 [Mobile] Scanning for additional dynamic steps...
[everest-tr-x][Desktop - Chrome] ✅ [Mobile] Thank you page detected during adaptive submit loop. Exiting loop.
[everest-tr-x][Desktop - Chrome] 🔘 [Mobile] Submitting form
[everest-tr-x][Desktop - Chrome] 💾 [Mobile] Setting hidden debt fields to: 8974
[everest-tr-x][Desktop - Chrome] ⏳ [Mobile] Waiting for submission navigation to complete
[vts-original][Desktop - Chrome] 💻 [Tablet] Injecting high-fidelity glossy iPad Pro mockup frame...
[vts-original][Android - Chrome] 📱 [Mobile] Injecting high-fidelity glossy Natural Titanium iPhone 17 Pro mockup frame...
[vts-original][Tablet - Chrome] 💻 [Tablet] Injecting high-fidelity glossy iPad Pro mockup frame...
[vts-original][Desktop - Chrome] 🔘 [Mobile Rotation] Selected: "IRS & State Tax Debt"
[vts-original][Tablet - Chrome] 🔘 [Mobile Rotation] Selected: "State Tax Debt"
[vts-original][Android - Chrome] 🔘 [Mobile Rotation] Selected: "IRS Tax Debt"
[vts-original][Desktop - Chrome] ✅ [Mobile] Reached a recognized terminal step. Stopping dynamic traversal.
[vts-original][Desktop - Chrome] 🔘 [Mobile] Step 2: Selecting State
[vts-original][Desktop - Chrome] ✅ [Mobile] Selected state dynamically: "Massachusetts"
[vts-original][Desktop - Chrome] 📝 [Mobile] step3 column set to State: "Massachusetts"
[vts-original][Desktop - Chrome] 🔘 [Mobile] Clicking active visible button: .next-btn:visible, .next-btn2:visible, .btn-next:visible
[vts-original][Desktop - Chrome] ✅ [Mobile] Clicked: .next-btn:visible, .next-btn2:visible, .btn-next:visible
[vts-original][Tablet - Chrome] ✅ [Mobile] Reached a recognized terminal step. Stopping dynamic traversal.
[vts-original][Tablet - Chrome] 🔘 [Mobile] Step 2: Selecting State
[vts-original][Tablet - Chrome] ✅ [Mobile] Selected state dynamically: "Maryland"
[vts-original][Tablet - Chrome] 📝 [Mobile] step3 column set to State: "Maryland"
[vts-original][Android - Chrome] ✅ [Mobile] Reached a recognized terminal step. Stopping dynamic traversal.
[vts-original][Tablet - Chrome] 🔘 [Mobile] Clicking active visible button: .next-btn:visible, .next-btn2:visible, .btn-next:visible
[vts-original][Tablet - Chrome] ✅ [Mobile] Clicked: .next-btn:visible, .next-btn2:visible, .btn-next:visible
[vts-original][Android - Chrome] 🔘 [Mobile] Step 2: Selecting State
[vts-original][Android - Chrome] ✅ [Mobile] Selected state dynamically: "Maine"
[vts-original][Android - Chrome] 📝 [Mobile] step3 column set to State: "Maine"
[vts-original][Android - Chrome] 🔘 [Mobile] Clicking active visible button: .next-btn:visible, .next-btn2:visible, .btn-next:visible
[vts-original][Android - Chrome] ✅ [Mobile] Clicked: .next-btn:visible, .next-btn2:visible, .btn-next:visible
[vts-original][Desktop - Chrome] 💻 [Tablet] Injecting high-fidelity glossy iPad Pro mockup frame...
[vts-original][Desktop - Chrome] 🔘 [Mobile] Step 3: Filling Contact Info (Dynamic Loop)...
[vts-original][Desktop - Chrome] 💻 [Tablet] Injecting high-fidelity glossy iPad Pro mockup frame...
[vts-original][Desktop - Chrome] ✅ [Mobile] Filled First Name: ckmtestpixel
[vts-original][Desktop - Chrome] ✅ [Mobile] Filled Last Name: ckmtestpixel
[vts-original][Desktop - Chrome] 🔘 [Mobile] Clicking active contact NEXT/SUBMIT button...
[vts-original][Tablet - Chrome] 💻 [Tablet] Injecting high-fidelity glossy iPad Pro mockup frame...
[vts-original][Tablet - Chrome] 🔘 [Mobile] Step 3: Filling Contact Info (Dynamic Loop)...
[vts-original][Tablet - Chrome] 💻 [Tablet] Injecting high-fidelity glossy iPad Pro mockup frame...
[vts-original][Tablet - Chrome] ✅ [Mobile] Filled First Name: ckmtestpixel
[vts-original][Android - Chrome] 📱 [Mobile] Injecting high-fidelity glossy Natural Titanium iPhone 17 Pro mockup frame...
[vts-original][Tablet - Chrome] ✅ [Mobile] Filled Last Name: ckmtestpixel
[vts-original][Android - Chrome] 🔘 [Mobile] Step 3: Filling Contact Info (Dynamic Loop)...
[vts-original][Android - Chrome] 📱 [Mobile] Injecting high-fidelity glossy Natural Titanium iPhone 17 Pro mockup frame...
[vts-original][Tablet - Chrome] 🔘 [Mobile] Clicking active contact NEXT/SUBMIT button...
[vts-original][Android - Chrome] ✅ [Mobile] Filled First Name: ckmtestpixel
[vts-original][Android - Chrome] ✅ [Mobile] Filled Last Name: ckmtestpixel
[vts-original][Android - Chrome] 🔘 [Mobile] Clicking active contact NEXT/SUBMIT button...
[vts-original][Desktop - Chrome] 💻 [Tablet] Injecting high-fidelity glossy iPad Pro mockup frame...
[vts-original][Desktop - Chrome] ✅ [Mobile] Filled Email: ckmtestpixel@gmail.com
[vts-original][Desktop - Chrome] 🔘 [Mobile] Clicking active contact NEXT/SUBMIT button...
[vts-original][Tablet - Chrome] 💻 [Tablet] Injecting high-fidelity glossy iPad Pro mockup frame...
[vts-original][Tablet - Chrome] ✅ [Mobile] Filled Email: ckmtestpixel@gmail.com
[vts-original][Tablet - Chrome] 🔘 [Mobile] Clicking active contact NEXT/SUBMIT button...
[vts-original][Android - Chrome] 📱 [Mobile] Injecting high-fidelity glossy Natural Titanium iPhone 17 Pro mockup frame...
[vts-original][Android - Chrome] ✅ [Mobile] Filled Email: ckmtestpixel@gmail.com
[vts-original][Android - Chrome] 🔘 [Mobile] Clicking active contact NEXT/SUBMIT button...
[vts-original][Desktop - Chrome] 💻 [Tablet] Injecting high-fidelity glossy iPad Pro mockup frame...
[vts-original][Desktop - Chrome] ✅ [Mobile] Filled Phone: 401-247-1070
[vts-original][Desktop - Chrome] 🔘 [Mobile] Clicking active contact NEXT/SUBMIT button...
[vts-original][Tablet - Chrome] 💻 [Tablet] Injecting high-fidelity glossy iPad Pro mockup frame...
[vts-original][Tablet - Chrome] ✅ [Mobile] Filled Phone: 401-247-1069
[vts-original][Tablet - Chrome] 🔘 [Mobile] Clicking active contact NEXT/SUBMIT button...
[vts-original][Android - Chrome] 📱 [Mobile] Injecting high-fidelity glossy Natural Titanium iPhone 17 Pro mockup frame...
[vts-original][Android - Chrome] ✅ [Mobile] Filled Phone: 401-247-1068
[vts-original][Android - Chrome] 🔘 [Mobile] Clicking active contact NEXT/SUBMIT button...
[vts-original][Android - Chrome] 📱 [Mobile] Injecting high-fidelity glossy Natural Titanium iPhone 17 Pro mockup frame...
[vts-original][Android - Chrome] [STDERR] ⚠️ [Mobile] Failed to apply glossy iPhone 17 Pro mockup frame overlay: page.evaluate: TypeError: Cannot read properties of null (reading 'appendChild')
    at eval (eval at evaluate (:302:30), <anonymous>:133:23)
    at UtilityScript.evaluate (<anonymous>:304:16)
    at UtilityScript.<anonymous> (<anonymous>:1:44)
[vts-original][Android - Chrome] ✅ [Mobile] Thank you page or lead id detected in URL during contact loop. Exiting contact loop.
🔘 [Mobile] Scanning for additional dynamic steps...
[vts-original][Android - Chrome] ✅ [Mobile] Thank you page detected during adaptive submit loop. Exiting loop.
[vts-original][Android - Chrome] 🔘 [Mobile] Submitting form
[vts-original][Android - Chrome] 💾 [Mobile] Setting hidden debt fields to: 8669
[vts-original][Android - Chrome] ⏳ [Mobile] Waiting for submission navigation to complete
[vts-original][Desktop - Chrome] 💻 [Tablet] Injecting high-fidelity glossy iPad Pro mockup frame...
[vts-original][Desktop - Chrome] ✅ [Mobile] Thank you page or lead id detected in URL during contact loop. Exiting contact loop.
🔘 [Mobile] Scanning for additional dynamic steps...
[vts-original][Desktop - Chrome] ✅ [Mobile] Thank you page detected during adaptive submit loop. Exiting loop.
[vts-original][Desktop - Chrome] 🔘 [Mobile] Submitting form
[vts-original][Desktop - Chrome] 💾 [Mobile] Setting hidden debt fields to: 9574
[vts-original][Desktop - Chrome] ⏳ [Mobile] Waiting for submission navigation to complete
[vts-original][Tablet - Chrome] 💻 [Tablet] Injecting high-fidelity glossy iPad Pro mockup frame...
[vts-original][Tablet - Chrome] ✅ [Mobile] Thank you page or lead id detected in URL during contact loop. Exiting contact loop.
🔘 [Mobile] Scanning for additional dynamic steps...
[vts-original][Tablet - Chrome] ✅ [Mobile] Thank you page detected during adaptive submit loop. Exiting loop.
[vts-original][Tablet - Chrome] 🔘 [Mobile] Submitting form
💾 [Mobile] Setting hidden debt fields to: 9411
[vts-original][Tablet - Chrome] ⏳ [Mobile] Waiting for submission navigation to complete
[everest-tr-x][Desktop - Chrome] [STDERR] ⚠️ [Mobile] Standard submit buttons not found, consulting AI Agent...
[everest-tr-x][Desktop - Chrome] 🤖 [AI Agent] Analyzing Submit button for global...
[everest-tr-x][Desktop - Chrome] ⏳ [Mobile] Waiting for final Thank You page redirection...
[everest-tr-x][Desktop - Chrome] ✅ [Mobile] Targeted final redirect URL achieved!
[everest-tr-x][Desktop - Chrome] ✅ [Mobile] Final Thank You URL: https://www.everesttaxrelief.net/thankyou_ts.php?debt=8974&leadid=835335A5&affid=659&reqid=26858602&sub
📋 [Pre-Fix] Thank-you URL before debt correction: https://www.everesttaxrelief.net/thankyou_ts.php?debt=8974&leadid=835335A5&affid=659&reqid=26858602&sub
💾 [Debt Debug] formPage.selectedSliderAmount = "8,974"
💾 [Debt Debug] selectedDebtNum (numeric) = "8974"
[everest-tr-x][Desktop - Chrome] 🔧 [Debt Fix] Current debt in URL: 8974, Should be: 8974
✅ [Debt Fix] Debt parameter already correct
[everest-tr-x][Desktop - Chrome] 📱 [Mobile Diagnostic] Full Thank You URL Parameters: {"debt":"8974","leadid":"835335A5","affid":"659","reqid":"26858602","sub":""}
[everest-tr-x][Desktop - Chrome] ✅ [Mobile] Extracted Lead ID: 835335A5
[everest-tr-x][Desktop - Chrome] 📱 Device Type detected: Desktop - Chrome
[everest-tr-x][Desktop - Chrome] ✅ Lead captured: 835335A5
[everest-tr-x][Desktop - Chrome] 📡 Fetching First API data for Lead ID: 835335A5...
[everest-tr-x][Desktop - Chrome] [STDERR] ❌ First API Attempt 1 failed: Invalid URL
[everest-tr-x][Desktop - Chrome] ⏳ Retrying in 1 second...
[everest-tr-x][Desktop - Chrome] [STDERR] ❌ First API Attempt 2 failed: Invalid URL
[everest-tr-x][Desktop - Chrome] ⏳ Retrying in 1 second...
[everest-tr-x][Desktop - Chrome] [STDERR] ❌ First API Attempt 3 failed: Invalid URL
[everest-tr-x][Desktop - Chrome] 📡 Fetching Second API data for Lead ID: 835335A5...
[everest-tr-x][Desktop - Chrome] 📡 Everest Custom Second API Payload: cake_id=835335A5, domain_name=https://everesttaxrelief.net
[everest-tr-x][Desktop - Chrome] [STDERR] (node:15260) Warning: Setting the NODE_TLS_REJECT_UNAUTHORIZED environment variable to '0' makes TLS connections and HTTPS requests insecure by disabling certificate verification.
(Use `node --trace-warnings ...` to show where the warning was created)
[everest-tr-x][Desktop - Chrome] ✅ Second API Data retrieved on attempt 1: DBID=15933
[everest-tr-x][Desktop - Chrome] 📡 [Rest-Assurance] Verifying Lead ID: 835335A5 via Backend...
[everest-tr-x][Desktop - Chrome] [STDERR] 🛡️  [Rest-Assurance] VERIFICATION_FAILED: Invalid URL
[everest-tr-x][Desktop - Chrome] ✅ Row appended successfully to sheet: Everest Tax Releif(X)
[everest-tr-x][Desktop - Chrome] ✨ Professional formatting applied to Everest Tax Releif(X)
[everest-tr-x][Desktop - Chrome] 🤖 [AI Agent Audit] Status: FAIL
🤖 [AI Agent Audit] Details: MISMATCH DETECTED: UI 8,974 Expected 7,500 but API got undefined
[everest-tr-x][Desktop - Chrome] [STDERR] 🚨 [AI Agent] Data mismatch detected for Everest Tax Releif(X). Please review Google Sheet.
[everest-tr-x][Desktop - Chrome] ✅ Lead processed successfully for Everest Tax Releif(X)
[everest-tr-x][Desktop - Chrome] 🎥 Video saved successfully: traces/videos/Everest Tax Releif(X)_Everest_Tax_Releif(X).webm
[everest-tr-x][Desktop - Chrome] 
✅ Execution successfully processed! { success: true, leadId: '835335A5', brand: 'Everest Tax Releif(X)' }
[everest-tr-x][Desktop - Chrome] 📋 Trace report successfully saved: traces/everest-tr-x_desktop.zip
✅ [3/6/2026, 7:11:00 pm] COMPLETED: everest-tr-x [Desktop - Chrome][CHROMIUM]

================================================================
🚀 [3/6/2026, 7:11:00 pm] RUNNING: VTS-NE-Branded [ANDROID - CHROME]
🔗 Target URL: https://mlfvts-trk.com/?a=659&oc=830&c=569&s1=
================================================================
[vts-ne-branded][Android - Chrome] 🔌 [Browser Interceptor] Intercepting and optimizing engine: CHROMIUM
[vts-ne-branded][Android - Chrome] ◇ injected env (0) from .env // tip: ⌁ auth for agents [www.vestauth.com]
[vts-ne-branded][Android - Chrome] ◇ injected env (0) from .env // tip: ⌘ override existing { override: true }
[vts-ne-branded][Android - Chrome] ◇ injected env (0) from .env // tip: ⌘ enable debugging { debug: true }
[vts-ne-branded][Android - Chrome] ◇ injected env (0) from .env // tip: ⌘ multiple files { path: ['.env.local', '.env'] }
[vts-ne-branded][Android - Chrome] ◇ injected env (0) from .env // tip: ⌘ multiple files { path: ['.env.local', '.env'] }
[vts-ne-branded][Android - Chrome] 
🤖 ================================================================
🤖 MASTER RUNNER: LAUNCHING VTS-NE-BRANDED
🤖 Mode:            MOBILE
[vts-ne-branded][Android - Chrome] 🤖 Tracking URL:     https://mlfvts-trk.com/?a=659&oc=830&c=569&s1=
[vts-ne-branded][Android - Chrome] 🤖 Target Sheet:    VTS-NE-Branded
🤖 ================================================================
[vts-ne-branded][Android - Chrome] 🔌 [Browser Interceptor] Intercepting and optimizing engine: CHROMIUM
[vts-ne-branded][Android - Chrome] 📋 Emulated Device Profile: MOBILE (Pixel 7) - [Android - Chrome]
[vts-ne-branded][Android - Chrome] ⏳ Delaying 200ms to allow responsive layouts to mount...
[vts-ne-branded][Android - Chrome] 🔄 Processing lead for brand: VTS-NE-Branded Mobile
[vts-ne-branded][Android - Chrome] 📊 Campaign execution run index: 66
[vts-ne-branded][Android - Chrome] 📅 [Rotational Logic] Week 1 Day 3. Target Range: 7500-8000 (Max allowed by URL: 8000)
[vts-ne-branded][Android - Chrome] 🔗 [Mobile] Navigating to: https://mlfvts-trk.com/?a=659&oc=830&c=569&s1=
[vts-original][Android - Chrome] [STDERR] ⚠️ [Mobile] Standard submit buttons not found, consulting AI Agent...
[vts-original][Android - Chrome] 🤖 [AI Agent] Analyzing Submit button for global...
[vts-original][Android - Chrome] ⏳ [Mobile] Waiting for final Thank You page redirection...
[vts-original][Android - Chrome] ✅ [Mobile] Targeted final redirect URL achieved!
[vts-original][Android - Chrome] ✅ [Mobile] Final Thank You URL: https://www.veteranstaxservices.com/thankyou_ts_checklist.php?debt=8669&leadid=0BBC82DA&affid=659&reqid=26858603&subid=#s1#
📋 [Pre-Fix] Thank-you URL before debt correction: https://www.veteranstaxservices.com/thankyou_ts_checklist.php?debt=8669&leadid=0BBC82DA&affid=659&reqid=26858603&subid=#s1#
💾 [Debt Debug] formPage.selectedSliderAmount = "8,669"
💾 [Debt Debug] selectedDebtNum (numeric) = "8669"
[vts-original][Android - Chrome] 🔧 [Debt Fix] Current debt in URL: 8669, Should be: 8669
[vts-original][Android - Chrome] ✅ [Debt Fix] Debt parameter already correct
[vts-original][Android - Chrome] 📱 [Mobile Diagnostic] Full Thank You URL Parameters: {"debt":"8669","leadid":"0BBC82DA","affid":"659","reqid":"26858603","subid":""}
[vts-original][Android - Chrome] ✅ [Mobile] Extracted Lead ID: 0BBC82DA
[vts-original][Android - Chrome] 📱 Device Type detected: Android - Chrome
[vts-original][Android - Chrome] ✅ Lead captured: 0BBC82DA
[vts-original][Android - Chrome] 📡 Fetching First API data for Lead ID: 0BBC82DA...
[vts-original][Desktop - Chrome] [STDERR] ⚠️ [Mobile] Standard submit buttons not found, consulting AI Agent...
[vts-original][Desktop - Chrome] 🤖 [AI Agent] Analyzing Submit button for global...
[vts-original][Desktop - Chrome] ⏳ [Mobile] Waiting for final Thank You page redirection...
[vts-original][Desktop - Chrome] ✅ [Mobile] Targeted final redirect URL achieved!
[vts-original][Desktop - Chrome] ✅ [Mobile] Final Thank You URL: https://www.veteranstaxservices.com/thankyou_ts_checklist.php?debt=9574&leadid=AE387841&affid=659&reqid=26858610&subid=#s1#
[vts-original][Desktop - Chrome] 📋 [Pre-Fix] Thank-you URL before debt correction: https://www.veteranstaxservices.com/thankyou_ts_checklist.php?debt=9574&leadid=AE387841&affid=659&reqid=26858610&subid=#s1#
💾 [Debt Debug] formPage.selectedSliderAmount = "9,574"
💾 [Debt Debug] selectedDebtNum (numeric) = "9574"
[vts-original][Desktop - Chrome] 🔧 [Debt Fix] Current debt in URL: 9574, Should be: 9574
✅ [Debt Fix] Debt parameter already correct
[vts-original][Desktop - Chrome] 📱 [Mobile Diagnostic] Full Thank You URL Parameters: {"debt":"9574","leadid":"AE387841","affid":"659","reqid":"26858610","subid":""}
[vts-original][Desktop - Chrome] ✅ [Mobile] Extracted Lead ID: AE387841
[vts-original][Desktop - Chrome] 📱 Device Type detected: Desktop - Chrome
[vts-original][Desktop - Chrome] ✅ Lead captured: AE387841
[vts-original][Desktop - Chrome] 📡 Fetching First API data for Lead ID: AE387841...
[vts-original][Android - Chrome] [STDERR] ❌ First API Attempt 1 failed: Invalid URL
[vts-original][Android - Chrome] ⏳ Retrying in 1 second...
[vts-original][Tablet - Chrome] [STDERR] ⚠️ [Mobile] Standard submit buttons not found, consulting AI Agent...
[vts-original][Tablet - Chrome] 🤖 [AI Agent] Analyzing Submit button for global...
[vts-original][Tablet - Chrome] ⏳ [Mobile] Waiting for final Thank You page redirection...
[vts-original][Tablet - Chrome] ✅ [Mobile] Targeted final redirect URL achieved!
[vts-original][Tablet - Chrome] ✅ [Mobile] Final Thank You URL: https://www.veteranstaxservices.com/thankyou_ts_checklist.php?debt=9411&leadid=5DDF46EF&affid=659&reqid=26858604&subid=#s1#
📋 [Pre-Fix] Thank-you URL before debt correction: https://www.veteranstaxservices.com/thankyou_ts_checklist.php?debt=9411&leadid=5DDF46EF&affid=659&reqid=26858604&subid=#s1#
[vts-original][Tablet - Chrome] 💾 [Debt Debug] formPage.selectedSliderAmount = "9,411"
💾 [Debt Debug] selectedDebtNum (numeric) = "9411"
[vts-original][Tablet - Chrome] 🔧 [Debt Fix] Current debt in URL: 9411, Should be: 9411
✅ [Debt Fix] Debt parameter already correct
[vts-original][Tablet - Chrome] 📱 [Mobile Diagnostic] Full Thank You URL Parameters: {"debt":"9411","leadid":"5DDF46EF","affid":"659","reqid":"26858604","subid":""}
[vts-original][Tablet - Chrome] ✅ [Mobile] Extracted Lead ID: 5DDF46EF
[vts-original][Tablet - Chrome] 📱 Device Type detected: Tablet - Chrome
[vts-original][Tablet - Chrome] ✅ Lead captured: 5DDF46EF
[vts-original][Tablet - Chrome] 📡 Fetching First API data for Lead ID: 5DDF46EF...
[vts-ne-branded][Android - Chrome] ✅ [Mobile] Page loaded successfully
[vts-ne-branded][Android - Chrome] 📱 [Mobile] Injecting high-fidelity glossy Natural Titanium iPhone 17 Pro mockup frame...
[vts-original][Desktop - Chrome] [STDERR] ❌ First API Attempt 1 failed: Invalid URL
[vts-original][Desktop - Chrome] ⏳ Retrying in 1 second...
[vts-ne-branded][Android - Chrome] 📱 [Mobile] Injecting high-fidelity glossy Natural Titanium iPhone 17 Pro mockup frame...
[vts-ne-branded][Android - Chrome] 📝 [Mobile] Starting mobile-specific form filling...
[vts-ne-branded][Android - Chrome] 🔘 [Mobile] Step 1: Selecting Debt Amount (7,897)
[vts-ne-branded][Android - Chrome] 🔘 [Mobile] Found jQuery UI Slider #slider. Setting value via jQuery and DOM evaluation...
[vts-ne-branded][Android - Chrome] ✅ [Mobile] Set jQuery UI Slider #slider to 7,897
[vts-ne-branded][Android - Chrome] 🔘 [Mobile] Clicking active visible button: .next-btn1:visible, .btn-next:visible
[vts-original][Tablet - Chrome] [STDERR] ❌ First API Attempt 1 failed: Invalid URL
[vts-original][Tablet - Chrome] ⏳ Retrying in 1 second...
[vts-ne-branded][Android - Chrome] ✅ [Mobile] Clicked: .next-btn1:visible, .btn-next:visible
[vts-original][Android - Chrome] [STDERR] ❌ First API Attempt 2 failed: Invalid URL
[vts-original][Android - Chrome] ⏳ Retrying in 1 second...
[vts-original][Desktop - Chrome] [STDERR] ❌ First API Attempt 2 failed: Invalid URL
[vts-original][Desktop - Chrome] ⏳ Retrying in 1 second...
[vts-original][Tablet - Chrome] [STDERR] ❌ First API Attempt 2 failed: Invalid URL
[vts-original][Tablet - Chrome] ⏳ Retrying in 1 second...
[vts-original][Android - Chrome] [STDERR] ❌ First API Attempt 3 failed: Invalid URL
[vts-original][Android - Chrome] 📡 Fetching Second API data for Lead ID: 0BBC82DA...
[vts-original][Android - Chrome] 📡 VTS Original (via Everest) Custom Second API Payload: cake_id=0BBC82DA, domain_name=https://everesttaxrelief.net
[vts-original][Android - Chrome] [STDERR] (node:34288) Warning: Setting the NODE_TLS_REJECT_UNAUTHORIZED environment variable to '0' makes TLS connections and HTTPS requests insecure by disabling certificate verification.
(Use `node --trace-warnings ...` to show where the warning was created)
[vts-original][Desktop - Chrome] [STDERR] ❌ First API Attempt 3 failed: Invalid URL
[vts-ne-branded][Android - Chrome] 📱 [Mobile] Injecting high-fidelity glossy Natural Titanium iPhone 17 Pro mockup frame...
[vts-original][Desktop - Chrome] 📡 Fetching Second API data for Lead ID: AE387841...
[vts-original][Desktop - Chrome] 📡 VTS Original (via Everest) Custom Second API Payload: cake_id=AE387841, domain_name=https://everesttaxrelief.net
[vts-original][Desktop - Chrome] [STDERR] (node:14596) Warning: Setting the NODE_TLS_REJECT_UNAUTHORIZED environment variable to '0' makes TLS connections and HTTPS requests insecure by disabling certificate verification.
(Use `node --trace-warnings ...` to show where the warning was created)
[vts-ne-branded][Android - Chrome] 🔘 [Mobile Rotation] Selected: "IRS & State Tax Debt"
[vts-original][Tablet - Chrome] [STDERR] ❌ First API Attempt 3 failed: Invalid URL
[vts-original][Tablet - Chrome] 📡 Fetching Second API data for Lead ID: 5DDF46EF...
[vts-original][Tablet - Chrome] 📡 VTS Original (via Everest) Custom Second API Payload: cake_id=5DDF46EF, domain_name=https://everesttaxrelief.net
[vts-original][Tablet - Chrome] [STDERR] (node:21948) Warning: Setting the NODE_TLS_REJECT_UNAUTHORIZED environment variable to '0' makes TLS connections and HTTPS requests insecure by disabling certificate verification.
(Use `node --trace-warnings ...` to show where the warning was created)
[vts-original][Android - Chrome] [STDERR] ⚠️  Attempt 1: Second API returned no DBID. Response: {"status":false,"message":"No record found for cake_id: 0BBC82DA"}
[vts-original][Android - Chrome] ⏳ Retrying in 1 second to allow database synchronization...
[vts-ne-branded][Android - Chrome] ✅ [Mobile] Reached a recognized terminal step. Stopping dynamic traversal.
[vts-ne-branded][Android - Chrome] 🔘 [Mobile] Step 2: Selecting State
[vts-ne-branded][Android - Chrome] ✅ [Mobile] Selected state dynamically: "Kentucky"
📝 [Mobile] step3 column set to State: "Kentucky"
[vts-ne-branded][Android - Chrome] 🔘 [Mobile] Clicking active visible button: .next-btn:visible, .next-btn2:visible, .btn-next:visible
[vts-ne-branded][Android - Chrome] ✅ [Mobile] Clicked: .next-btn:visible, .next-btn2:visible, .btn-next:visible
[vts-original][Desktop - Chrome] [STDERR] ⚠️  Attempt 1: Second API returned no DBID. Response: {"status":false,"message":"No record found for cake_id: AE387841"}
[vts-original][Desktop - Chrome] ⏳ Retrying in 1 second to allow database synchronization...
[vts-original][Tablet - Chrome] [STDERR] ⚠️  Attempt 1: Second API returned no DBID. Response: {"status":false,"message":"No record found for cake_id: 5DDF46EF"}
[vts-original][Tablet - Chrome] ⏳ Retrying in 1 second to allow database synchronization...
[vts-original][Android - Chrome] 📡 VTS Original (via Everest) Custom Second API Payload: cake_id=0BBC82DA, domain_name=https://everesttaxrelief.net
[vts-original][Android - Chrome] [STDERR] ⚠️  Attempt 2: Second API returned no DBID. Response: {"status":false,"message":"No record found for cake_id: 0BBC82DA"}
[vts-original][Android - Chrome] ⏳ Retrying in 1 second to allow database synchronization...
[vts-original][Desktop - Chrome] 📡 VTS Original (via Everest) Custom Second API Payload: cake_id=AE387841, domain_name=https://everesttaxrelief.net
[vts-original][Desktop - Chrome] [STDERR] ⚠️  Attempt 2: Second API returned no DBID. Response: {"status":false,"message":"No record found for cake_id: AE387841"}
[vts-original][Desktop - Chrome] ⏳ Retrying in 1 second to allow database synchronization...
[vts-original][Tablet - Chrome] 📡 VTS Original (via Everest) Custom Second API Payload: cake_id=5DDF46EF, domain_name=https://everesttaxrelief.net
[vts-ne-branded][Android - Chrome] 📱 [Mobile] Injecting high-fidelity glossy Natural Titanium iPhone 17 Pro mockup frame...
[vts-ne-branded][Android - Chrome] 🔘 [Mobile] Step 3: Filling Contact Info (Dynamic Loop)...
[vts-ne-branded][Android - Chrome] 📱 [Mobile] Injecting high-fidelity glossy Natural Titanium iPhone 17 Pro mockup frame...
[vts-ne-branded][Android - Chrome] ✅ [Mobile] Filled First Name: ckmtestpixel
[vts-ne-branded][Android - Chrome] ✅ [Mobile] Filled Last Name: ckmtestpixel
[vts-ne-branded][Android - Chrome] 🔘 [Mobile] Clicking active contact NEXT/SUBMIT button...
[vts-original][Tablet - Chrome] [STDERR] ⚠️  Attempt 2: Second API returned no DBID. Response: {"status":false,"message":"No record found for cake_id: 5DDF46EF"}
[vts-original][Tablet - Chrome] ⏳ Retrying in 1 second to allow database synchronization...
[vts-original][Android - Chrome] 📡 VTS Original (via Everest) Custom Second API Payload: cake_id=0BBC82DA, domain_name=https://everesttaxrelief.net
[vts-original][Android - Chrome] [STDERR] ⚠️  Attempt 3: Second API returned no DBID. Response: {"status":false,"message":"No record found for cake_id: 0BBC82DA"}
[vts-original][Android - Chrome] ⏳ Retrying in 1 second to allow database synchronization...
[vts-original][Desktop - Chrome] 📡 VTS Original (via Everest) Custom Second API Payload: cake_id=AE387841, domain_name=https://everesttaxrelief.net
[vts-original][Desktop - Chrome] [STDERR] ⚠️  Attempt 3: Second API returned no DBID. Response: {"status":false,"message":"No record found for cake_id: AE387841"}
[vts-original][Desktop - Chrome] ⏳ Retrying in 1 second to allow database synchronization...
[vts-original][Tablet - Chrome] 📡 VTS Original (via Everest) Custom Second API Payload: cake_id=5DDF46EF, domain_name=https://everesttaxrelief.net
[vts-original][Tablet - Chrome] [STDERR] ⚠️  Attempt 3: Second API returned no DBID. Response: {"status":false,"message":"No record found for cake_id: 5DDF46EF"}
[vts-original][Tablet - Chrome] ⏳ Retrying in 1 second to allow database synchronization...
[vts-original][Android - Chrome] 📡 VTS Original (via Everest) Custom Second API Payload: cake_id=0BBC82DA, domain_name=https://everesttaxrelief.net
[vts-original][Android - Chrome] [STDERR] ⚠️  Attempt 4: Second API returned no DBID. Response: {"status":false,"message":"No record found for cake_id: 0BBC82DA"}
[vts-original][Android - Chrome] ⏳ Retrying in 1 second to allow database synchronization...
[vts-original][Desktop - Chrome] 📡 VTS Original (via Everest) Custom Second API Payload: cake_id=AE387841, domain_name=https://everesttaxrelief.net
[vts-ne-branded][Android - Chrome] 📱 [Mobile] Injecting high-fidelity glossy Natural Titanium iPhone 17 Pro mockup frame...
[vts-ne-branded][Android - Chrome] ✅ [Mobile] Filled Email: ckmtestpixel@gmail.com
[vts-ne-branded][Android - Chrome] 🔘 [Mobile] Clicking active contact NEXT/SUBMIT button...
[vts-original][Desktop - Chrome] [STDERR] ⚠️  Attempt 4: Second API returned no DBID. Response: {"status":false,"message":"No record found for cake_id: AE387841"}
[vts-original][Desktop - Chrome] ⏳ Retrying in 1 second to allow database synchronization...
[vts-original][Tablet - Chrome] 📡 VTS Original (via Everest) Custom Second API Payload: cake_id=5DDF46EF, domain_name=https://everesttaxrelief.net
[vts-original][Tablet - Chrome] [STDERR] ⚠️  Attempt 4: Second API returned no DBID. Response: {"status":false,"message":"No record found for cake_id: 5DDF46EF"}
[vts-original][Tablet - Chrome] ⏳ Retrying in 1 second to allow database synchronization...
[vts-original][Android - Chrome] 📡 VTS Original (via Everest) Custom Second API Payload: cake_id=0BBC82DA, domain_name=https://everesttaxrelief.net
[vts-original][Desktop - Chrome] 📡 VTS Original (via Everest) Custom Second API Payload: cake_id=AE387841, domain_name=https://everesttaxrelief.net
[vts-original][Android - Chrome] [STDERR] ⚠️  Attempt 5: Second API returned no DBID. Response: {"status":false,"message":"No record found for cake_id: 0BBC82DA"}
[vts-original][Android - Chrome] 📡 [Rest-Assurance] Verifying Lead ID: 0BBC82DA via Backend...
[vts-original][Android - Chrome] [STDERR] 🛡️  [Rest-Assurance] VERIFICATION_FAILED: Invalid URL
[vts-original][Desktop - Chrome] [STDERR] ⚠️  Attempt 5: Second API returned no DBID. Response: {"status":false,"message":"No record found for cake_id: AE387841"}
[vts-original][Desktop - Chrome] 📡 [Rest-Assurance] Verifying Lead ID: AE387841 via Backend...
[vts-original][Desktop - Chrome] [STDERR] 🛡️  [Rest-Assurance] VERIFICATION_FAILED: Invalid URL
[vts-original][Tablet - Chrome] 📡 VTS Original (via Everest) Custom Second API Payload: cake_id=5DDF46EF, domain_name=https://everesttaxrelief.net
[vts-original][Tablet - Chrome] [STDERR] ⚠️  Attempt 5: Second API returned no DBID. Response: {"status":false,"message":"No record found for cake_id: 5DDF46EF"}
[vts-original][Tablet - Chrome] 📡 [Rest-Assurance] Verifying Lead ID: 5DDF46EF via Backend...
[vts-original][Tablet - Chrome] [STDERR] 🛡️  [Rest-Assurance] VERIFICATION_FAILED: Invalid URL
[vts-ne-branded][Android - Chrome] 📱 [Mobile] Injecting high-fidelity glossy Natural Titanium iPhone 17 Pro mockup frame...
[vts-ne-branded][Android - Chrome] ✅ [Mobile] Filled Phone: 401-247-1066
[vts-ne-branded][Android - Chrome] 🔘 [Mobile] Clicking active contact NEXT/SUBMIT button...
[vts-original][Android - Chrome] ✅ Row appended successfully to sheet: VTS-Original
[vts-original][Desktop - Chrome] ✅ Row appended successfully to sheet: VTS-Original
[vts-original][Tablet - Chrome] ✅ Row appended successfully to sheet: VTS-Original
[vts-original][Android - Chrome] ✨ Professional formatting applied to VTS-Original
[vts-original][Android - Chrome] 🤖 [AI Agent Audit] Status: FAIL
🤖 [AI Agent Audit] Details: MISMATCH DETECTED: UI 8,669 Expected 7,500 but API got undefined
[vts-original][Android - Chrome] [STDERR] 🚨 [AI Agent] Data mismatch detected for VTS Original Mobile. Please review Google Sheet.
[vts-original][Android - Chrome] ✅ Lead processed successfully for VTS Original Mobile
[vts-original][Desktop - Chrome] ✨ Professional formatting applied to VTS-Original
[vts-original][Desktop - Chrome] 🤖 [AI Agent Audit] Status: FAIL
🤖 [AI Agent Audit] Details: MISMATCH DETECTED: UI 9,574 Expected 7,500 but API got undefined
[vts-original][Desktop - Chrome] [STDERR] 🚨 [AI Agent] Data mismatch detected for VTS Original. Please review Google Sheet.
[vts-original][Desktop - Chrome] ✅ Lead processed successfully for VTS Original
[vts-original][Tablet - Chrome] ✨ Professional formatting applied to VTS-Original
[vts-original][Tablet - Chrome] 🤖 [AI Agent Audit] Status: FAIL
🤖 [AI Agent Audit] Details: MISMATCH DETECTED: UI 9,411 Expected 7,500 but API got undefined
[vts-original][Tablet - Chrome] [STDERR] 🚨 [AI Agent] Data mismatch detected for VTS Original Tablet. Please review Google Sheet.
[vts-original][Tablet - Chrome] ✅ Lead processed successfully for VTS Original Tablet
[vts-ne-branded][Android - Chrome] 📱 [Mobile] Injecting high-fidelity glossy Natural Titanium iPhone 17 Pro mockup frame...
[vts-ne-branded][Android - Chrome] [STDERR] ⚠️ [Mobile] Failed to apply glossy iPhone 17 Pro mockup frame overlay: page.evaluate: TypeError: Cannot read properties of null (reading 'appendChild')
    at eval (eval at evaluate (:302:30), <anonymous>:133:23)
    at UtilityScript.evaluate (<anonymous>:304:16)
    at UtilityScript.<anonymous> (<anonymous>:1:44)
[vts-ne-branded][Android - Chrome] ✅ [Mobile] Thank you page or lead id detected in URL during contact loop. Exiting contact loop.
🔘 [Mobile] Scanning for additional dynamic steps...
[vts-ne-branded][Android - Chrome] ✅ [Mobile] Thank you page detected during adaptive submit loop. Exiting loop.
[vts-ne-branded][Android - Chrome] 🔘 [Mobile] Submitting form
[vts-ne-branded][Android - Chrome] 💾 [Mobile] Setting hidden debt fields to: 7897
[vts-ne-branded][Android - Chrome] ⏳ [Mobile] Waiting for submission navigation to complete
[vts-original][Android - Chrome] 🎥 Video saved successfully: traces/videos/VTS-Original_VTS_Original_Mobile.webm
[vts-original][Android - Chrome] 
✅ Execution successfully processed! { success: true, leadId: '0BBC82DA', brand: 'VTS Original Mobile' }
[vts-original][Desktop - Chrome] 🎥 Video saved successfully: traces/videos/VTS-Original_VTS_Original.webm
[vts-original][Desktop - Chrome] 
✅ Execution successfully processed! { success: true, leadId: 'AE387841', brand: 'VTS Original' }
[vts-original][Android - Chrome] 📋 Trace report successfully saved: traces/vts-original_mobile.zip
[vts-original][Desktop - Chrome] 📋 Trace report successfully saved: traces/vts-original_desktop.zip
✅ [3/6/2026, 7:11:20 pm] COMPLETED: vts-original [Desktop - Chrome][CHROMIUM]

================================================================
🚀 [3/6/2026, 7:11:20 pm] RUNNING: VTS-NE-Branded [TABLET - CHROME]
🔗 Target URL: https://mlfvts-trk.com/?a=659&oc=830&c=569&s1=
================================================================
✅ [3/6/2026, 7:11:21 pm] COMPLETED: vts-original [Android - Chrome][CHROMIUM]

================================================================
🚀 [3/6/2026, 7:11:21 pm] RUNNING: VTS-NE-Branded [DESKTOP - CHROME]
🔗 Target URL: https://mlfvts-trk.com/?a=659&oc=830&c=569&s1=
================================================================
[vts-original][Tablet - Chrome] 🎥 Video saved successfully: traces/videos/VTS-Original_VTS_Original_Tablet.webm
[vts-original][Tablet - Chrome] 
✅ Execution successfully processed! { success: true, leadId: '5DDF46EF', brand: 'VTS Original Tablet' }
[vts-ne-branded][Tablet - Chrome] 🔌 [Browser Interceptor] Intercepting and optimizing engine: CHROMIUM
[vts-ne-branded][Tablet - Chrome] ◇ injected env (0) from .env // tip: ⌘ custom filepath { path: '/custom/path/.env' }
[vts-ne-branded][Tablet - Chrome] ◇ injected env (0) from .env // tip: ⌘ enable debugging { debug: true }
[vts-ne-branded][Desktop - Chrome] 🔌 [Browser Interceptor] Intercepting and optimizing engine: CHROMIUM
[vts-ne-branded][Desktop - Chrome] ◇ injected env (0) from .env // tip: ◈ secrets for agents [www.dotenvx.com]
[vts-ne-branded][Desktop - Chrome] ◇ injected env (0) from .env // tip: ⌁ auth for agents [www.vestauth.com]
[vts-original][Tablet - Chrome] 📋 Trace report successfully saved: traces/vts-original_tablet.zip
[vts-ne-branded][Tablet - Chrome] ◇ injected env (0) from .env // tip: ⌘ override existing { override: true }
[vts-ne-branded][Desktop - Chrome] ◇ injected env (0) from .env // tip: ⌘ multiple files { path: ['.env.local', '.env'] }
✅ [3/6/2026, 7:11:21 pm] COMPLETED: vts-original [Tablet - Chrome][CHROMIUM]

================================================================
🚀 [3/6/2026, 7:11:21 pm] RUNNING: Original [ANDROID - CHROME]
🔗 Target URL: https://mlf-1800-trk.com/?a=659&oc=337&c=617&s1=
================================================================
[original][Android - Chrome] 🔌 [Browser Interceptor] Intercepting and optimizing engine: CHROMIUM
[original][Android - Chrome] ◇ injected env (0) from .env // tip: ⌘ custom filepath { path: '/custom/path/.env' }
[original][Android - Chrome] ◇ injected env (0) from .env // tip: ◈ secrets for agents [www.dotenvx.com]
[original][Android - Chrome] ◇ injected env (0) from .env // tip: ⌘ custom filepath { path: '/custom/path/.env' }
[vts-ne-branded][Tablet - Chrome] ◇ injected env (0) from .env // tip: ⌘ enable debugging { debug: true }
[vts-ne-branded][Tablet - Chrome] ◇ injected env (0) from .env // tip: ⌘ custom filepath { path: '/custom/path/.env' }
[vts-ne-branded][Tablet - Chrome] 
🤖 ================================================================
[vts-ne-branded][Tablet - Chrome] 🤖 MASTER RUNNER: LAUNCHING VTS-NE-BRANDED
🤖 Mode:            TABLET
[vts-ne-branded][Tablet - Chrome] 🤖 Tracking URL:     https://mlfvts-trk.com/?a=659&oc=830&c=569&s1=
[vts-ne-branded][Tablet - Chrome] 🤖 Target Sheet:    VTS-NE-Branded
[vts-ne-branded][Tablet - Chrome] 🤖 ================================================================
[vts-ne-branded][Tablet - Chrome] 🔌 [Browser Interceptor] Intercepting and optimizing engine: CHROMIUM
[vts-ne-branded][Desktop - Chrome] ◇ injected env (0) from .env // tip: ⌘ override existing { override: true }
[vts-ne-branded][Desktop - Chrome] ◇ injected env (0) from .env // tip: ⌘ multiple files { path: ['.env.local', '.env'] }
[vts-ne-branded][Desktop - Chrome] 
🤖 ================================================================
[vts-ne-branded][Desktop - Chrome] 🤖 MASTER RUNNER: LAUNCHING VTS-NE-BRANDED
🤖 Mode:            DESKTOP
🤖 Tracking URL:     https://mlfvts-trk.com/?a=659&oc=830&c=569&s1=
[vts-ne-branded][Desktop - Chrome] 🤖 Target Sheet:    VTS-NE-Branded
🤖 ================================================================
[vts-ne-branded][Desktop - Chrome] 🔌 [Browser Interceptor] Intercepting and optimizing engine: CHROMIUM
[vts-ne-branded][Tablet - Chrome] 📋 Emulated Device Profile: TABLET (iPad Pro 11) - [Tablet - Chrome]
[vts-ne-branded][Desktop - Chrome] 💻 Emulated Device Profile: DESKTOP - [Desktop - Chrome]
[vts-ne-branded][Tablet - Chrome] ⏳ Delaying 200ms to allow responsive layouts to mount...
[vts-ne-branded][Desktop - Chrome] 🔄 Processing lead for brand: VTS-NE-Branded
[vts-ne-branded][Desktop - Chrome] 📊 Campaign execution run index: 67
[vts-ne-branded][Desktop - Chrome] 📅 [Rotational Logic] Week 1 Day 3. Target Range: 7500-8000 (Max allowed by URL: 8000)
[vts-ne-branded][Desktop - Chrome] 🔗 [Mobile] Navigating to: https://mlfvts-trk.com/?a=659&oc=830&c=569&s1=
[vts-ne-branded][Tablet - Chrome] 🔄 Processing lead for brand: VTS-NE-Branded Tablet
[vts-ne-branded][Tablet - Chrome] 📊 Campaign execution run index: 68
[vts-ne-branded][Tablet - Chrome] 📅 [Rotational Logic] Week 1 Day 3. Target Range: 7500-8000 (Max allowed by URL: 8000)
[vts-ne-branded][Tablet - Chrome] 🔗 [Mobile] Navigating to: https://mlfvts-trk.com/?a=659&oc=830&c=569&s1=
[original][Android - Chrome] ◇ injected env (0) from .env // tip: ⌘ suppress logs { quiet: true }
[original][Android - Chrome] ◇ injected env (0) from .env // tip: ◈ encrypted .env [www.dotenvx.com]
[original][Android - Chrome] 
🤖 ================================================================
🤖 MASTER RUNNER: LAUNCHING ORIGINAL
[original][Android - Chrome] 🤖 Mode:            MOBILE
[original][Android - Chrome] 🤖 Tracking URL:     https://mlf-1800-trk.com/?a=659&oc=337&c=617&s1=
[original][Android - Chrome] 🤖 Target Sheet:    Original
🤖 ================================================================
[original][Android - Chrome] 🔌 [Browser Interceptor] Intercepting and optimizing engine: CHROMIUM
[original][Android - Chrome] 📋 Emulated Device Profile: MOBILE (Pixel 7) - [Android - Chrome]
[original][Android - Chrome] ⏳ Delaying 200ms to allow responsive layouts to mount...
[original][Android - Chrome] 🔄 Processing lead for brand: Original Mobile
[original][Android - Chrome] 📊 Campaign execution run index: 66
[original][Android - Chrome] 📅 [Rotational Logic] Week 1 Day 3. Target Range: 500-500 (Max allowed by URL: 500)
[original][Android - Chrome] 🔗 [Mobile] Navigating to: https://mlf-1800-trk.com/?a=659&oc=337&c=617&s1=
[vts-ne-branded][Tablet - Chrome] ✅ [Mobile] Page loaded successfully
[vts-ne-branded][Tablet - Chrome] 💻 [Tablet] Injecting high-fidelity glossy iPad Pro mockup frame...
[vts-ne-branded][Tablet - Chrome] 💻 [Tablet] Injecting high-fidelity glossy iPad Pro mockup frame...
[vts-ne-branded][Tablet - Chrome] 📝 [Mobile] Starting mobile-specific form filling...
[vts-ne-branded][Tablet - Chrome] 🔘 [Mobile] Step 1: Selecting Debt Amount (7,860)
[vts-ne-branded][Tablet - Chrome] 🔘 [Mobile] Found jQuery UI Slider #slider. Setting value via jQuery and DOM evaluation...
[vts-ne-branded][Tablet - Chrome] ✅ [Mobile] Set jQuery UI Slider #slider to 7,860
[vts-ne-branded][Tablet - Chrome] 🔘 [Mobile] Clicking active visible button: .next-btn1:visible, .btn-next:visible
[vts-ne-branded][Tablet - Chrome] ✅ [Mobile] Clicked: .next-btn1:visible, .btn-next:visible
[vts-ne-branded][Tablet - Chrome] 💻 [Tablet] Injecting high-fidelity glossy iPad Pro mockup frame...
[vts-ne-branded][Tablet - Chrome] 🔘 [Mobile Rotation] Selected: "IRS Tax Debt"
[vts-ne-branded][Tablet - Chrome] ✅ [Mobile] Reached a recognized terminal step. Stopping dynamic traversal.
[vts-ne-branded][Tablet - Chrome] 🔘 [Mobile] Step 2: Selecting State
[vts-ne-branded][Tablet - Chrome] ✅ [Mobile] Selected state dynamically: "Maine"
📝 [Mobile] step3 column set to State: "Maine"
[vts-ne-branded][Tablet - Chrome] 🔘 [Mobile] Clicking active visible button: .next-btn:visible, .next-btn2:visible, .btn-next:visible
[vts-ne-branded][Tablet - Chrome] ✅ [Mobile] Clicked: .next-btn:visible, .next-btn2:visible, .btn-next:visible
[vts-ne-branded][Tablet - Chrome] 💻 [Tablet] Injecting high-fidelity glossy iPad Pro mockup frame...
[vts-ne-branded][Tablet - Chrome] 🔘 [Mobile] Step 3: Filling Contact Info (Dynamic Loop)...
[vts-ne-branded][Tablet - Chrome] 💻 [Tablet] Injecting high-fidelity glossy iPad Pro mockup frame...
[vts-ne-branded][Tablet - Chrome] ✅ [Mobile] Filled First Name: ckmtestpixel
[vts-ne-branded][Tablet - Chrome] ✅ [Mobile] Filled Last Name: ckmtestpixel
[vts-ne-branded][Tablet - Chrome] 🔘 [Mobile] Clicking active contact NEXT/SUBMIT button...
[vts-ne-branded][Tablet - Chrome] 💻 [Tablet] Injecting high-fidelity glossy iPad Pro mockup frame...
[vts-ne-branded][Tablet - Chrome] ✅ [Mobile] Filled Email: ckmtestpixel@gmail.com
[vts-ne-branded][Tablet - Chrome] 🔘 [Mobile] Clicking active contact NEXT/SUBMIT button...
[vts-ne-branded][Tablet - Chrome] 💻 [Tablet] Injecting high-fidelity glossy iPad Pro mockup frame...
[vts-ne-branded][Tablet - Chrome] ✅ [Mobile] Filled Phone: 401-247-1068
[vts-ne-branded][Tablet - Chrome] 🔘 [Mobile] Clicking active contact NEXT/SUBMIT button...
[vts-ne-branded][Android - Chrome] [STDERR] ⚠️ [Mobile] Standard submit buttons not found, consulting AI Agent...
[vts-ne-branded][Android - Chrome] 🤖 [AI Agent] Analyzing Submit button for global...
[vts-ne-branded][Android - Chrome] ⏳ [Mobile] Waiting for final Thank You page redirection...
[vts-ne-branded][Android - Chrome] ✅ [Mobile] Targeted final redirect URL achieved!
[vts-ne-branded][Android - Chrome] ✅ [Mobile] Final Thank You URL: https://www.veteranstaxservices.com/thankyou_ts_checklist.php?debt=7897&leadid=F3870356&affid=659&reqid=26858622&subid=#s1#
📋 [Pre-Fix] Thank-you URL before debt correction: https://www.veteranstaxservices.com/thankyou_ts_checklist.php?debt=7897&leadid=F3870356&affid=659&reqid=26858622&subid=#s1#
💾 [Debt Debug] formPage.selectedSliderAmount = "7,897"
💾 [Debt Debug] selectedDebtNum (numeric) = "7897"
[vts-ne-branded][Android - Chrome] 🔧 [Debt Fix] Current debt in URL: 7897, Should be: 7897
✅ [Debt Fix] Debt parameter already correct
[vts-ne-branded][Android - Chrome] 📱 [Mobile Diagnostic] Full Thank You URL Parameters: {"debt":"7897","leadid":"F3870356","affid":"659","reqid":"26858622","subid":""}
[vts-ne-branded][Android - Chrome] ✅ [Mobile] Extracted Lead ID: F3870356
[vts-ne-branded][Android - Chrome] 📱 Device Type detected: Android - Chrome
[vts-ne-branded][Android - Chrome] ✅ Lead captured: F3870356
[vts-ne-branded][Android - Chrome] 📡 Fetching First API data for Lead ID: F3870356...
[vts-ne-branded][Android - Chrome] [STDERR] ❌ First API Attempt 1 failed: Invalid URL
[vts-ne-branded][Android - Chrome] ⏳ Retrying in 1 second...
[vts-ne-branded][Android - Chrome] [STDERR] ❌ First API Attempt 2 failed: Invalid URL
[vts-ne-branded][Android - Chrome] ⏳ Retrying in 1 second...
[vts-ne-branded][Android - Chrome] [STDERR] ❌ First API Attempt 3 failed: Invalid URL
[vts-ne-branded][Android - Chrome] 📡 Fetching Second API data for Lead ID: F3870356...
[vts-ne-branded][Android - Chrome] 📡 VTS Original (via Everest) Custom Second API Payload: cake_id=F3870356, domain_name=https://everesttaxrelief.net
[vts-ne-branded][Android - Chrome] [STDERR] (node:31228) Warning: Setting the NODE_TLS_REJECT_UNAUTHORIZED environment variable to '0' makes TLS connections and HTTPS requests insecure by disabling certificate verification.
(Use `node --trace-warnings ...` to show where the warning was created)
[original][Android - Chrome] ✅ [Mobile] Page loaded successfully
[original][Android - Chrome] 📱 [Mobile] Injecting high-fidelity glossy Natural Titanium iPhone 17 Pro mockup frame...
[original][Android - Chrome] 📱 [Mobile] Injecting high-fidelity glossy Natural Titanium iPhone 17 Pro mockup frame...
[original][Android - Chrome] 📝 [Mobile] Starting mobile-specific form filling...
[vts-ne-branded][Tablet - Chrome] 💻 [Tablet] Injecting high-fidelity glossy iPad Pro mockup frame...
[vts-ne-branded][Tablet - Chrome] ✅ [Mobile] Thank you page or lead id detected in URL during contact loop. Exiting contact loop.
🔘 [Mobile] Scanning for additional dynamic steps...
[original][Android - Chrome] 🔘 [Mobile] Step 1: Selecting Debt Amount (500)
[vts-ne-branded][Tablet - Chrome] ✅ [Mobile] Thank you page detected during adaptive submit loop. Exiting loop.
[vts-ne-branded][Tablet - Chrome] 🔘 [Mobile] Submitting form
💾 [Mobile] Setting hidden debt fields to: 7860
[vts-ne-branded][Android - Chrome] [STDERR] ⚠️  Attempt 1: Second API returned no DBID. Response: {"status":false,"message":"No record found for cake_id: F3870356"}
[vts-ne-branded][Android - Chrome] ⏳ Retrying in 1 second to allow database synchronization...
[vts-ne-branded][Tablet - Chrome] ⏳ [Mobile] Waiting for submission navigation to complete
[original][Android - Chrome] 🔘 [Mobile] Found jQuery UI Slider #slider. Setting value via jQuery and DOM evaluation...
[original][Android - Chrome] ✅ [Mobile] Set jQuery UI Slider #slider to 500
[vts-ne-branded][Desktop - Chrome] ✅ [Mobile] Page loaded successfully
[vts-ne-branded][Desktop - Chrome] 💻 [Tablet] Injecting high-fidelity glossy iPad Pro mockup frame...
[vts-ne-branded][Desktop - Chrome] 💻 [Tablet] Injecting high-fidelity glossy iPad Pro mockup frame...
[vts-ne-branded][Desktop - Chrome] 📝 [Mobile] Starting mobile-specific form filling...
[vts-ne-branded][Desktop - Chrome] 🔘 [Mobile] Step 1: Selecting Debt Amount (7,831)
[vts-ne-branded][Desktop - Chrome] 🔘 [Mobile] Found jQuery UI Slider #slider. Setting value via jQuery and DOM evaluation...
[vts-ne-branded][Desktop - Chrome] ✅ [Mobile] Set jQuery UI Slider #slider to 7,831
[original][Android - Chrome] 🔘 [Mobile] Clicking active visible button: .next-btn1:visible, .btn-next:visible
[original][Android - Chrome] ✅ [Mobile] Clicked: .next-btn1:visible, .btn-next:visible
[vts-ne-branded][Desktop - Chrome] 🔘 [Mobile] Clicking active visible button: .next-btn1:visible, .btn-next:visible
[vts-ne-branded][Desktop - Chrome] ✅ [Mobile] Clicked: .next-btn1:visible, .btn-next:visible
[vts-ne-branded][Android - Chrome] 📡 VTS Original (via Everest) Custom Second API Payload: cake_id=F3870356, domain_name=https://everesttaxrelief.net
[vts-ne-branded][Android - Chrome] [STDERR] ⚠️  Attempt 2: Second API returned no DBID. Response: {"status":false,"message":"No record found for cake_id: F3870356"}
[vts-ne-branded][Android - Chrome] ⏳ Retrying in 1 second to allow database synchronization...
[original][Android - Chrome] 📱 [Mobile] Injecting high-fidelity glossy Natural Titanium iPhone 17 Pro mockup frame...
[vts-ne-branded][Desktop - Chrome] 💻 [Tablet] Injecting high-fidelity glossy iPad Pro mockup frame...
[vts-ne-branded][Android - Chrome] 📡 VTS Original (via Everest) Custom Second API Payload: cake_id=F3870356, domain_name=https://everesttaxrelief.net
[original][Android - Chrome] 🔘 [Mobile Rotation] Selected: "Gujarat Tax Debt"
[vts-ne-branded][Desktop - Chrome] 🔘 [Mobile Rotation] Selected: "Other"
[vts-ne-branded][Android - Chrome] [STDERR] ⚠️  Attempt 3: Second API returned no DBID. Response: {"status":false,"message":"No record found for cake_id: F3870356"}
[vts-ne-branded][Android - Chrome] ⏳ Retrying in 1 second to allow database synchronization...
[vts-ne-branded][Desktop - Chrome] ✅ [Mobile] Reached a recognized terminal step. Stopping dynamic traversal.
[vts-ne-branded][Desktop - Chrome] 🔘 [Mobile] Step 2: Selecting State
[vts-ne-branded][Desktop - Chrome] ✅ [Mobile] Selected state dynamically: "Louisiana"
[vts-ne-branded][Desktop - Chrome] 📝 [Mobile] step3 column set to State: "Louisiana"
[vts-ne-branded][Desktop - Chrome] 🔘 [Mobile] Clicking active visible button: .next-btn:visible, .next-btn2:visible, .btn-next:visible
[vts-ne-branded][Desktop - Chrome] ✅ [Mobile] Clicked: .next-btn:visible, .next-btn2:visible, .btn-next:visible
[original][Android - Chrome] 🔘 [Mobile Rotation] Selected: "Employed (Full/Part Time)"
[vts-ne-branded][Android - Chrome] 📡 VTS Original (via Everest) Custom Second API Payload: cake_id=F3870356, domain_name=https://everesttaxrelief.net
[original][Android - Chrome] ✅ [Mobile] Reached a recognized terminal step. Stopping dynamic traversal.
[original][Android - Chrome] 🔘 [Mobile] Step 3: Filling Contact Info (Dynamic Loop)...
[original][Android - Chrome] 📱 [Mobile] Injecting high-fidelity glossy Natural Titanium iPhone 17 Pro mockup frame...
[original][Android - Chrome] ✅ [Mobile] Filled First Name: ckmtestpixel
[original][Android - Chrome] ✅ [Mobile] Filled Last Name: ckmtestpixel
[original][Android - Chrome] ✅ [Mobile] Filled Email: ckmtestpixel@gmail.com
[vts-ne-branded][Android - Chrome] [STDERR] ⚠️  Attempt 4: Second API returned no DBID. Response: {"status":false,"message":"No record found for cake_id: F3870356"}
[vts-ne-branded][Android - Chrome] ⏳ Retrying in 1 second to allow database synchronization...
[original][Android - Chrome] ✅ [Mobile] Filled Phone: 401-247-1066
[original][Android - Chrome] 🔘 [Mobile] Clicking active contact NEXT/SUBMIT button...
[vts-ne-branded][Desktop - Chrome] 💻 [Tablet] Injecting high-fidelity glossy iPad Pro mockup frame...
[vts-ne-branded][Desktop - Chrome] 🔘 [Mobile] Step 3: Filling Contact Info (Dynamic Loop)...
[vts-ne-branded][Desktop - Chrome] 💻 [Tablet] Injecting high-fidelity glossy iPad Pro mockup frame...
[vts-ne-branded][Desktop - Chrome] ✅ [Mobile] Filled First Name: ckmtestpixel
[vts-ne-branded][Desktop - Chrome] ✅ [Mobile] Filled Last Name: ckmtestpixel
[vts-ne-branded][Desktop - Chrome] 🔘 [Mobile] Clicking active contact NEXT/SUBMIT button...
[vts-ne-branded][Android - Chrome] 📡 VTS Original (via Everest) Custom Second API Payload: cake_id=F3870356, domain_name=https://everesttaxrelief.net
[vts-ne-branded][Android - Chrome] [STDERR] ⚠️  Attempt 5: Second API returned no DBID. Response: {"status":false,"message":"No record found for cake_id: F3870356"}
[vts-ne-branded][Android - Chrome] 📡 [Rest-Assurance] Verifying Lead ID: F3870356 via Backend...
[vts-ne-branded][Android - Chrome] [STDERR] 🛡️  [Rest-Assurance] VERIFICATION_FAILED: Invalid URL
[vts-ne-branded][Android - Chrome] ✅ Row appended successfully to sheet: VTS-NE-Branded
[vts-ne-branded][Desktop - Chrome] 💻 [Tablet] Injecting high-fidelity glossy iPad Pro mockup frame...
[vts-ne-branded][Desktop - Chrome] ✅ [Mobile] Filled Email: ckmtestpixel@gmail.com
[vts-ne-branded][Desktop - Chrome] 🔘 [Mobile] Clicking active contact NEXT/SUBMIT button...
[original][Android - Chrome] 📱 [Mobile] Injecting high-fidelity glossy Natural Titanium iPhone 17 Pro mockup frame...
[original][Android - Chrome] ✅ [Mobile] Thank you page or lead id detected in URL during contact loop. Exiting contact loop.
🔘 [Mobile] Scanning for additional dynamic steps...
[original][Android - Chrome] ✅ [Mobile] Thank you page detected during adaptive submit loop. Exiting loop.
[original][Android - Chrome] 🔘 [Mobile] Submitting form
[original][Android - Chrome] 💾 [Mobile] Setting hidden debt fields to: 500
[original][Android - Chrome] ⏳ [Mobile] Waiting for submission navigation to complete
[vts-ne-branded][Android - Chrome] ✨ Professional formatting applied to VTS-NE-Branded
[vts-ne-branded][Android - Chrome] 🤖 [AI Agent Audit] Status: FAIL
🤖 [AI Agent Audit] Details: MISMATCH DETECTED: UI 7,897 Expected 7,500 but API got undefined
[vts-ne-branded][Android - Chrome] [STDERR] 🚨 [AI Agent] Data mismatch detected for VTS-NE-Branded Mobile. Please review Google Sheet.
[vts-ne-branded][Android - Chrome] ✅ Lead processed successfully for VTS-NE-Branded Mobile
[vts-ne-branded][Desktop - Chrome] 💻 [Tablet] Injecting high-fidelity glossy iPad Pro mockup frame...
[vts-ne-branded][Desktop - Chrome] ✅ [Mobile] Filled Phone: 401-247-1067
[vts-ne-branded][Desktop - Chrome] 🔘 [Mobile] Clicking active contact NEXT/SUBMIT button...
[vts-ne-branded][Android - Chrome] 🎥 Video saved successfully: traces/videos/VTS-NE-Branded_VTS-NE-Branded_Mobile.webm
[vts-ne-branded][Android - Chrome] 
✅ Execution successfully processed! { success: true, leadId: 'F3870356', brand: 'VTS-NE-Branded Mobile' }
[vts-ne-branded][Android - Chrome] 📋 Trace report successfully saved: traces/vts-ne-branded_mobile.zip
✅ [3/6/2026, 7:11:52 pm] COMPLETED: vts-ne-branded [Android - Chrome][CHROMIUM]

================================================================
🚀 [3/6/2026, 7:11:52 pm] RUNNING: Original [TABLET - CHROME]
🔗 Target URL: https://mlf-1800-trk.com/?a=659&oc=337&c=617&s1=
================================================================
[original][Tablet - Chrome] 🔌 [Browser Interceptor] Intercepting and optimizing engine: CHROMIUM
[original][Tablet - Chrome] ◇ injected env (0) from .env // tip: ⌘ suppress logs { quiet: true }
[original][Tablet - Chrome] ◇ injected env (0) from .env // tip: ⌘ override existing { override: true }
[original][Tablet - Chrome] ◇ injected env (0) from .env // tip: ⌘ multiple files { path: ['.env.local', '.env'] }
[original][Tablet - Chrome] ◇ injected env (0) from .env // tip: ⌘ enable debugging { debug: true }
[original][Tablet - Chrome] ◇ injected env (0) from .env // tip: ⌘ suppress logs { quiet: true }
[original][Tablet - Chrome] 
🤖 ================================================================
🤖 MASTER RUNNER: LAUNCHING ORIGINAL
🤖 Mode:            TABLET
[original][Tablet - Chrome] 🤖 Tracking URL:     https://mlf-1800-trk.com/?a=659&oc=337&c=617&s1=
[original][Tablet - Chrome] 🤖 Target Sheet:    Original
[original][Tablet - Chrome] 🤖 ================================================================
[original][Tablet - Chrome] 🔌 [Browser Interceptor] Intercepting and optimizing engine: CHROMIUM
[original][Tablet - Chrome] 📋 Emulated Device Profile: TABLET (iPad Pro 11) - [Tablet - Chrome]
[original][Tablet - Chrome] ⏳ Delaying 200ms to allow responsive layouts to mount...
[original][Tablet - Chrome] 🔄 Processing lead for brand: Original Tablet
[original][Tablet - Chrome] 📊 Campaign execution run index: 67
[original][Tablet - Chrome] 📅 [Rotational Logic] Week 1 Day 3. Target Range: 500-500 (Max allowed by URL: 500)
[original][Tablet - Chrome] 🔗 [Mobile] Navigating to: https://mlf-1800-trk.com/?a=659&oc=337&c=617&s1=
[vts-ne-branded][Desktop - Chrome] 💻 [Tablet] Injecting high-fidelity glossy iPad Pro mockup frame...
[vts-ne-branded][Desktop - Chrome] [STDERR] ⚠️ [Tablet] Failed to apply glossy iPad Pro mockup frame overlay: page.evaluate: TypeError: Cannot read properties of null (reading 'appendChild')
    at eval (eval at evaluate (:302:30), <anonymous>:104:23)
    at UtilityScript.evaluate (<anonymous>:304:16)
    at UtilityScript.<anonymous> (<anonymous>:1:44)
[vts-ne-branded][Desktop - Chrome] ✅ [Mobile] Thank you page or lead id detected in URL during contact loop. Exiting contact loop.
🔘 [Mobile] Scanning for additional dynamic steps...
[vts-ne-branded][Desktop - Chrome] ✅ [Mobile] Thank you page detected during adaptive submit loop. Exiting loop.
[vts-ne-branded][Desktop - Chrome] 🔘 [Mobile] Submitting form
💾 [Mobile] Setting hidden debt fields to: 7831
[vts-ne-branded][Desktop - Chrome] ⏳ [Mobile] Waiting for submission navigation to complete
[original][Tablet - Chrome] ✅ [Mobile] Page loaded successfully
[original][Tablet - Chrome] 💻 [Tablet] Injecting high-fidelity glossy iPad Pro mockup frame...
[original][Tablet - Chrome] 💻 [Tablet] Injecting high-fidelity glossy iPad Pro mockup frame...
[original][Tablet - Chrome] 📝 [Mobile] Starting mobile-specific form filling...
[original][Tablet - Chrome] 🔘 [Mobile] Step 1: Selecting Debt Amount (500)
[original][Tablet - Chrome] 🔘 [Mobile] Found jQuery UI Slider #slider. Setting value via jQuery and DOM evaluation...
[original][Tablet - Chrome] ✅ [Mobile] Set jQuery UI Slider #slider to 500
[original][Tablet - Chrome] 🔘 [Mobile] Clicking active visible button: .next-btn1:visible, .btn-next:visible
[original][Tablet - Chrome] ✅ [Mobile] Clicked: .next-btn1:visible, .btn-next:visible
[original][Tablet - Chrome] 💻 [Tablet] Injecting high-fidelity glossy iPad Pro mockup frame...
[original][Tablet - Chrome] 🔘 [Mobile Rotation] Selected: "Other"
[original][Tablet - Chrome] 🔘 [Mobile Rotation] Selected: "Self-Employed"
[vts-ne-branded][Tablet - Chrome] [STDERR] ⚠️ [Mobile] Standard submit buttons not found, consulting AI Agent...
[vts-ne-branded][Tablet - Chrome] 🤖 [AI Agent] Analyzing Submit button for global...
[vts-ne-branded][Tablet - Chrome] ⏳ [Mobile] Waiting for final Thank You page redirection...
[vts-ne-branded][Tablet - Chrome] ✅ [Mobile] Targeted final redirect URL achieved!
[vts-ne-branded][Tablet - Chrome] ✅ [Mobile] Final Thank You URL: https://www.veteranstaxservices.com/thankyou_ts_checklist.php?debt=7860&leadid=09B8311D&affid=659&reqid=26858626&subid=#s1#
📋 [Pre-Fix] Thank-you URL before debt correction: https://www.veteranstaxservices.com/thankyou_ts_checklist.php?debt=7860&leadid=09B8311D&affid=659&reqid=26858626&subid=#s1#
[vts-ne-branded][Tablet - Chrome] 💾 [Debt Debug] formPage.selectedSliderAmount = "7,860"
💾 [Debt Debug] selectedDebtNum (numeric) = "7860"
[vts-ne-branded][Tablet - Chrome] 🔧 [Debt Fix] Current debt in URL: 7860, Should be: 7860
[vts-ne-branded][Tablet - Chrome] ✅ [Debt Fix] Debt parameter already correct
[vts-ne-branded][Tablet - Chrome] 📱 [Mobile Diagnostic] Full Thank You URL Parameters: {"debt":"7860","leadid":"09B8311D","affid":"659","reqid":"26858626","subid":""}
[vts-ne-branded][Tablet - Chrome] ✅ [Mobile] Extracted Lead ID: 09B8311D
[vts-ne-branded][Tablet - Chrome] 📱 Device Type detected: Tablet - Chrome
[vts-ne-branded][Tablet - Chrome] ✅ Lead captured: 09B8311D
[vts-ne-branded][Tablet - Chrome] 📡 Fetching First API data for Lead ID: 09B8311D...
[original][Tablet - Chrome] 🔘 [Mobile Rotation] Selected: "Retired"
[vts-ne-branded][Tablet - Chrome] [STDERR] ❌ First API Attempt 1 failed: Invalid URL
[vts-ne-branded][Tablet - Chrome] ⏳ Retrying in 1 second...
[original][Tablet - Chrome] ✅ [Mobile] Reached a recognized terminal step. Stopping dynamic traversal.
[original][Tablet - Chrome] 🔘 [Mobile] Step 3: Filling Contact Info (Dynamic Loop)...
[original][Tablet - Chrome] 💻 [Tablet] Injecting high-fidelity glossy iPad Pro mockup frame...
[original][Tablet - Chrome] ✅ [Mobile] Filled First Name: ckmtestpixel
[original][Tablet - Chrome] ✅ [Mobile] Filled Last Name: ckmtestpixel
[original][Tablet - Chrome] ✅ [Mobile] Filled Email: ckmtestpixel@gmail.com
[original][Tablet - Chrome] ✅ [Mobile] Filled Phone: 401-247-1067
[original][Tablet - Chrome] 🔘 [Mobile] Clicking active contact NEXT/SUBMIT button...
[vts-ne-branded][Tablet - Chrome] [STDERR] ❌ First API Attempt 2 failed: Invalid URL
[vts-ne-branded][Tablet - Chrome] ⏳ Retrying in 1 second...
[vts-ne-branded][Tablet - Chrome] [STDERR] ❌ First API Attempt 3 failed: Invalid URL
[vts-ne-branded][Tablet - Chrome] 📡 Fetching Second API data for Lead ID: 09B8311D...
[vts-ne-branded][Tablet - Chrome] 📡 VTS Original (via Everest) Custom Second API Payload: cake_id=09B8311D, domain_name=https://everesttaxrelief.net
[vts-ne-branded][Tablet - Chrome] [STDERR] (node:13388) Warning: Setting the NODE_TLS_REJECT_UNAUTHORIZED environment variable to '0' makes TLS connections and HTTPS requests insecure by disabling certificate verification.
(Use `node --trace-warnings ...` to show where the warning was created)
[vts-ne-branded][Tablet - Chrome] [STDERR] ⚠️  Attempt 1: Second API returned no DBID. Response: {"status":false,"message":"No record found for cake_id: 09B8311D"}
[vts-ne-branded][Tablet - Chrome] ⏳ Retrying in 1 second to allow database synchronization...
[vts-ne-branded][Tablet - Chrome] 📡 VTS Original (via Everest) Custom Second API Payload: cake_id=09B8311D, domain_name=https://everesttaxrelief.net
[original][Tablet - Chrome] 💻 [Tablet] Injecting high-fidelity glossy iPad Pro mockup frame...
[original][Tablet - Chrome] ✅ [Mobile] Thank you page or lead id detected in URL during contact loop. Exiting contact loop.
🔘 [Mobile] Scanning for additional dynamic steps...
[original][Tablet - Chrome] ✅ [Mobile] Thank you page detected during adaptive submit loop. Exiting loop.
[original][Tablet - Chrome] 🔘 [Mobile] Submitting form
💾 [Mobile] Setting hidden debt fields to: 500
[original][Tablet - Chrome] ⏳ [Mobile] Waiting for submission navigation to complete
[vts-ne-branded][Tablet - Chrome] [STDERR] ⚠️  Attempt 2: Second API returned no DBID. Response: {"status":false,"message":"No record found for cake_id: 09B8311D"}
[vts-ne-branded][Tablet - Chrome] ⏳ Retrying in 1 second to allow database synchronization...
[vts-ne-branded][Tablet - Chrome] 📡 VTS Original (via Everest) Custom Second API Payload: cake_id=09B8311D, domain_name=https://everesttaxrelief.net
[vts-ne-branded][Tablet - Chrome] [STDERR] ⚠️  Attempt 3: Second API returned no DBID. Response: {"status":false,"message":"No record found for cake_id: 09B8311D"}
[vts-ne-branded][Tablet - Chrome] ⏳ Retrying in 1 second to allow database synchronization...
[original][Android - Chrome] [STDERR] ⚠️ [Mobile] Standard submit buttons not found, consulting AI Agent...
[original][Android - Chrome] 🤖 [AI Agent] Analyzing Submit button for global...
[original][Android - Chrome] ⏳ [Mobile] Waiting for final Thank You page redirection...
[original][Android - Chrome] ✅ [Mobile] Targeted final redirect URL achieved!
[original][Android - Chrome] ✅ [Mobile] Final Thank You URL: https://www.1800freshtax.com/thankyou.php
[original][Android - Chrome] 📋 [Pre-Fix] Thank-you URL before debt correction: https://www.1800freshtax.com/thankyou.php
💾 [Debt Debug] formPage.selectedSliderAmount = "500"
💾 [Debt Debug] selectedDebtNum (numeric) = "500"
[original][Android - Chrome] 🔧 [Debt Fix] Current debt in URL: null, Should be: 500
🔧 [Debt Fix] Correcting debt parameter: null → 500
[original][Android - Chrome] ✅ [Debt Fix] Updated thank-you URL: https://www.1800freshtax.com/thankyou.php?debt=500
[original][Android - Chrome] 📱 [Mobile Diagnostic] Full Thank You URL Parameters: {"debt":"500"}
[original][Android - Chrome] 🔍 [Mobile DOM Deep-Scan] URL ID missing or non-standard (e.g. numeric reqid). Searching for Hex-8 or GUID IDs...
[original][Android - Chrome] ✅ [Mobile] Extracted Lead ID: f85520705f5111f19a37ef201cabb92e
[original][Android - Chrome] 📱 Device Type detected: Android - Chrome
[original][Android - Chrome] [STDERR] ❌ Invalid Lead ID format detected: f85520705f5111f19a37ef201cabb92e. Expected 8-char alphanumeric with letters and digits (example: ACAAA01E).
[original][Android - Chrome] ✅ Lead captured: f85520705f5111f19a37ef201cabb92e
[original][Android - Chrome] 🔧 [URL Fix] Appending leadid=f85520705f5111f19a37ef201cabb92e to Thank You URL
[original][Android - Chrome] 📡 Fetching First API data for Lead ID: f85520705f5111f19a37ef201cabb92e...
[original][Android - Chrome] [STDERR] ❌ First API Attempt 1 failed: Invalid URL
[original][Android - Chrome] ⏳ Retrying in 1 second...
[vts-ne-branded][Tablet - Chrome] 📡 VTS Original (via Everest) Custom Second API Payload: cake_id=09B8311D, domain_name=https://everesttaxrelief.net
[vts-ne-branded][Tablet - Chrome] [STDERR] ⚠️  Attempt 4: Second API returned no DBID. Response: {"status":false,"message":"No record found for cake_id: 09B8311D"}
[vts-ne-branded][Tablet - Chrome] ⏳ Retrying in 1 second to allow database synchronization...
[original][Android - Chrome] [STDERR] ❌ First API Attempt 2 failed: Invalid URL
[original][Android - Chrome] ⏳ Retrying in 1 second...
[vts-ne-branded][Tablet - Chrome] 📡 VTS Original (via Everest) Custom Second API Payload: cake_id=09B8311D, domain_name=https://everesttaxrelief.net
[vts-ne-branded][Tablet - Chrome] [STDERR] ⚠️  Attempt 5: Second API returned no DBID. Response: {"status":false,"message":"No record found for cake_id: 09B8311D"}
[vts-ne-branded][Tablet - Chrome] 📡 [Rest-Assurance] Verifying Lead ID: 09B8311D via Backend...
[vts-ne-branded][Tablet - Chrome] [STDERR] 🛡️  [Rest-Assurance] VERIFICATION_FAILED: Invalid URL
[original][Android - Chrome] [STDERR] ❌ First API Attempt 3 failed: Invalid URL
[original][Android - Chrome] 📡 Fetching Second API data for Lead ID: f85520705f5111f19a37ef201cabb92e...
[original][Android - Chrome] 📡 Standard Second API Payload: cake_id=f85520705f5111f19a37ef201cabb92e, domain_name=https://fidelity-tax-defense.net
[original][Android - Chrome] [STDERR] ❌ Second API Attempt 1 failed: Invalid URL
[original][Android - Chrome] ⏳ Retrying in 1 second to allow database synchronization...
[original][Android - Chrome] 📡 Standard Second API Payload: cake_id=f85520705f5111f19a37ef201cabb92e, domain_name=https://fidelity-tax-defense.net
[original][Android - Chrome] [STDERR] ❌ Second API Attempt 2 failed: Invalid URL
[original][Android - Chrome] ⏳ Retrying in 1 second to allow database synchronization...
[vts-ne-branded][Tablet - Chrome] ✅ Row appended successfully to sheet: VTS-NE-Branded
[original][Android - Chrome] 📡 Standard Second API Payload: cake_id=f85520705f5111f19a37ef201cabb92e, domain_name=https://fidelity-tax-defense.net
[original][Android - Chrome] [STDERR] ❌ Second API Attempt 3 failed: Invalid URL
[original][Android - Chrome] ⏳ Retrying in 1 second to allow database synchronization...
[vts-ne-branded][Tablet - Chrome] ✨ Professional formatting applied to VTS-NE-Branded
[vts-ne-branded][Tablet - Chrome] 🤖 [AI Agent Audit] Status: FAIL
🤖 [AI Agent Audit] Details: MISMATCH DETECTED: UI 7,860 Expected 7,500 but API got undefined
[vts-ne-branded][Tablet - Chrome] [STDERR] 🚨 [AI Agent] Data mismatch detected for VTS-NE-Branded Tablet. Please review Google Sheet.
[vts-ne-branded][Tablet - Chrome] ✅ Lead processed successfully for VTS-NE-Branded Tablet
[original][Android - Chrome] 📡 Standard Second API Payload: cake_id=f85520705f5111f19a37ef201cabb92e, domain_name=https://fidelity-tax-defense.net
[original][Android - Chrome] [STDERR] ❌ Second API Attempt 4 failed: Invalid URL
[original][Android - Chrome] ⏳ Retrying in 1 second to allow database synchronization...
[original][Android - Chrome] 📡 Standard Second API Payload: cake_id=f85520705f5111f19a37ef201cabb92e, domain_name=https://fidelity-tax-defense.net
[original][Android - Chrome] [STDERR] ❌ Second API Attempt 5 failed: Invalid URL
[original][Android - Chrome] 📡 [Rest-Assurance] Verifying Lead ID: f85520705f5111f19a37ef201cabb92e via Backend...
[original][Android - Chrome] [STDERR] 🛡️  [Rest-Assurance] VERIFICATION_FAILED: Invalid URL
[vts-ne-branded][Desktop - Chrome] [STDERR] ⚠️ [Mobile] Standard submit buttons not found, consulting AI Agent...
[vts-ne-branded][Desktop - Chrome] 🤖 [AI Agent] Analyzing Submit button for global...
[vts-ne-branded][Desktop - Chrome] ⏳ [Mobile] Waiting for final Thank You page redirection...
[vts-ne-branded][Desktop - Chrome] ✅ [Mobile] Targeted final redirect URL achieved!
[vts-ne-branded][Desktop - Chrome] ✅ [Mobile] Final Thank You URL: https://www.veteranstaxservices.com/thankyou_ts_checklist.php?debt=7831&leadid=253CA648&affid=659&reqid=26858631&subid=#s1#
📋 [Pre-Fix] Thank-you URL before debt correction: https://www.veteranstaxservices.com/thankyou_ts_checklist.php?debt=7831&leadid=253CA648&affid=659&reqid=26858631&subid=#s1#
💾 [Debt Debug] formPage.selectedSliderAmount = "7,831"
💾 [Debt Debug] selectedDebtNum (numeric) = "7831"
🔧 [Debt Fix] Current debt in URL: 7831, Should be: 7831
✅ [Debt Fix] Debt parameter already correct
[vts-ne-branded][Desktop - Chrome] 📱 [Mobile Diagnostic] Full Thank You URL Parameters: {"debt":"7831","leadid":"253CA648","affid":"659","reqid":"26858631","subid":""}
[vts-ne-branded][Desktop - Chrome] ✅ [Mobile] Extracted Lead ID: 253CA648
[vts-ne-branded][Desktop - Chrome] 📱 Device Type detected: Desktop - Chrome
✅ Lead captured: 253CA648
[vts-ne-branded][Desktop - Chrome] 📡 Fetching First API data for Lead ID: 253CA648...
[original][Android - Chrome] [STDERR] (node:1072) Warning: Setting the NODE_TLS_REJECT_UNAUTHORIZED environment variable to '0' makes TLS connections and HTTPS requests insecure by disabling certificate verification.
(Use `node --trace-warnings ...` to show where the warning was created)
[vts-ne-branded][Tablet - Chrome] 🎥 Video saved successfully: traces/videos/VTS-NE-Branded_VTS-NE-Branded_Tablet.webm
[vts-ne-branded][Tablet - Chrome] 
✅ Execution successfully processed! { success: true, leadId: '09B8311D', brand: 'VTS-NE-Branded Tablet' }
[vts-ne-branded][Desktop - Chrome] [STDERR] ❌ First API Attempt 1 failed: Invalid URL
[vts-ne-branded][Desktop - Chrome] ⏳ Retrying in 1 second...
[vts-ne-branded][Tablet - Chrome] 📋 Trace report successfully saved: traces/vts-ne-branded_tablet.zip
✅ [3/6/2026, 7:12:17 pm] COMPLETED: vts-ne-branded [Tablet - Chrome][CHROMIUM]

================================================================
🚀 [3/6/2026, 7:12:17 pm] RUNNING: Original [DESKTOP - CHROME]
🔗 Target URL: https://mlf-1800-trk.com/?a=659&oc=337&c=617&s1=
================================================================
[original][Desktop - Chrome] 🔌 [Browser Interceptor] Intercepting and optimizing engine: CHROMIUM
[original][Desktop - Chrome] ◇ injected env (0) from .env // tip: ⌘ enable debugging { debug: true }
[original][Desktop - Chrome] ◇ injected env (0) from .env // tip: ⌘ enable debugging { debug: true }
[original][Desktop - Chrome] ◇ injected env (0) from .env // tip: ◈ secrets for agents [www.dotenvx.com]
[original][Android - Chrome] ✅ Row appended successfully to sheet: Original
[vts-ne-branded][Desktop - Chrome] [STDERR] ❌ First API Attempt 2 failed: Invalid URL
[vts-ne-branded][Desktop - Chrome] ⏳ Retrying in 1 second...
[original][Desktop - Chrome] ◇ injected env (0) from .env // tip: ⌘ multiple files { path: ['.env.local', '.env'] }
[original][Desktop - Chrome] ◇ injected env (0) from .env // tip: ⌘ multiple files { path: ['.env.local', '.env'] }
[original][Desktop - Chrome] 
🤖 ================================================================
🤖 MASTER RUNNER: LAUNCHING ORIGINAL
🤖 Mode:            DESKTOP
[original][Desktop - Chrome] 🤖 Tracking URL:     https://mlf-1800-trk.com/?a=659&oc=337&c=617&s1=
[original][Desktop - Chrome] 🤖 Target Sheet:    Original
🤖 ================================================================
[original][Desktop - Chrome] 🔌 [Browser Interceptor] Intercepting and optimizing engine: CHROMIUM
[original][Desktop - Chrome] 💻 Emulated Device Profile: DESKTOP - [Desktop - Chrome]
[original][Desktop - Chrome] 🔄 Processing lead for brand: Original
[original][Desktop - Chrome] 📊 Campaign execution run index: 68
📅 [Rotational Logic] Week 1 Day 3. Target Range: 500-500 (Max allowed by URL: 500)
[original][Desktop - Chrome] 🔗 [Mobile] Navigating to: https://mlf-1800-trk.com/?a=659&oc=337&c=617&s1=
[original][Android - Chrome] ✨ Professional formatting applied to Original
[original][Android - Chrome] 🤖 [AI Agent Audit] Status: FAIL
[original][Android - Chrome] [STDERR] 🚨 [AI Agent] Data mismatch detected for Original Mobile. Please review Google Sheet.
[original][Android - Chrome] 🤖 [AI Agent Audit] Details: MISMATCH DETECTED: UI 500 Expected 5,000 but API got undefined
[original][Android - Chrome] [STDERR] ❌ Failed processing Original Mobile: Invalid Lead ID format: f85520705f5111f19a37ef201cabb92e
[original][Android - Chrome] 
✅ Execution successfully processed! {
  success: false,
  error: 'Invalid Lead ID format: f85520705f5111f19a37ef201cabb92e',
  brand: 'Original Mobile'
}
[original][Android - Chrome] 📋 Trace report successfully saved: traces/original_mobile.zip
[vts-ne-branded][Desktop - Chrome] [STDERR] ❌ First API Attempt 3 failed: Invalid URL
[vts-ne-branded][Desktop - Chrome] 📡 Fetching Second API data for Lead ID: 253CA648...
[vts-ne-branded][Desktop - Chrome] 📡 VTS Original (via Everest) Custom Second API Payload: cake_id=253CA648, domain_name=https://everesttaxrelief.net
[vts-ne-branded][Desktop - Chrome] [STDERR] (node:27348) Warning: Setting the NODE_TLS_REJECT_UNAUTHORIZED environment variable to '0' makes TLS connections and HTTPS requests insecure by disabling certificate verification.
(Use `node --trace-warnings ...` to show where the warning was created)
[vts-ne-branded][Desktop - Chrome] [STDERR] ⚠️  Attempt 1: Second API returned no DBID. Response: {"status":false,"message":"No record found for cake_id: 253CA648"}
[vts-ne-branded][Desktop - Chrome] ⏳ Retrying in 1 second to allow database synchronization...
[vts-ne-branded][Desktop - Chrome] 📡 VTS Original (via Everest) Custom Second API Payload: cake_id=253CA648, domain_name=https://everesttaxrelief.net
[vts-ne-branded][Desktop - Chrome] [STDERR] ⚠️  Attempt 2: Second API returned no DBID. Response: {"status":false,"message":"No record found for cake_id: 253CA648"}
[vts-ne-branded][Desktop - Chrome] ⏳ Retrying in 1 second to allow database synchronization...
[vts-ne-branded][Desktop - Chrome] 📡 VTS Original (via Everest) Custom Second API Payload: cake_id=253CA648, domain_name=https://everesttaxrelief.net
[original][Desktop - Chrome] ✅ [Mobile] Page loaded successfully
[original][Desktop - Chrome] 💻 [Tablet] Injecting high-fidelity glossy iPad Pro mockup frame...
[original][Desktop - Chrome] 💻 [Tablet] Injecting high-fidelity glossy iPad Pro mockup frame...
[original][Desktop - Chrome] 📝 [Mobile] Starting mobile-specific form filling...
[original][Desktop - Chrome] 🔘 [Mobile] Step 1: Selecting Debt Amount (500)
[original][Desktop - Chrome] 🔘 [Mobile] Found jQuery UI Slider #slider. Setting value via jQuery and DOM evaluation...
[original][Desktop - Chrome] ✅ [Mobile] Set jQuery UI Slider #slider to 500
[vts-ne-branded][Desktop - Chrome] [STDERR] ⚠️  Attempt 3: Second API returned no DBID. Response: {"status":false,"message":"No record found for cake_id: 253CA648"}
[vts-ne-branded][Desktop - Chrome] ⏳ Retrying in 1 second to allow database synchronization...
[original][Desktop - Chrome] 🔘 [Mobile] Clicking active visible button: .next-btn1:visible, .btn-next:visible
[original][Desktop - Chrome] ✅ [Mobile] Clicked: .next-btn1:visible, .btn-next:visible
[vts-ne-branded][Desktop - Chrome] 📡 VTS Original (via Everest) Custom Second API Payload: cake_id=253CA648, domain_name=https://everesttaxrelief.net
✅ [3/6/2026, 7:12:23 pm] COMPLETED: original [Android - Chrome][CHROMIUM]

================================================================
🚀 [3/6/2026, 7:12:23 pm] RUNNING: 1800 Fresh Tax (X) Main [ANDROID - CHROME]
🔗 Target URL: https://flmtrk.com/?a=659&oc=696&c=1867&s1=
================================================================
[vts-ne-branded][Desktop - Chrome] [STDERR] ⚠️  Attempt 4: Second API returned no DBID. Response: {"status":false,"message":"No record found for cake_id: 253CA648"}
[vts-ne-branded][Desktop - Chrome] ⏳ Retrying in 1 second to allow database synchronization...
[1800-fresh-tax-x-main][Android - Chrome] 🔌 [Browser Interceptor] Intercepting and optimizing engine: CHROMIUM
[1800-fresh-tax-x-main][Android - Chrome] ◇ injected env (0) from .env // tip: ⌘ custom filepath { path: '/custom/path/.env' }
[1800-fresh-tax-x-main][Android - Chrome] ◇ injected env (0) from .env // tip: ⌘ suppress logs { quiet: true }
[1800-fresh-tax-x-main][Android - Chrome] ◇ injected env (0) from .env // tip: ⌘ enable debugging { debug: true }
[original][Desktop - Chrome] 💻 [Tablet] Injecting high-fidelity glossy iPad Pro mockup frame...
[original][Desktop - Chrome] 🔘 [Mobile Rotation] Selected: "Both IRS & Gujarat Tax Debt"
[1800-fresh-tax-x-main][Android - Chrome] ◇ injected env (0) from .env // tip: ◈ encrypted .env [www.dotenvx.com]
[1800-fresh-tax-x-main][Android - Chrome] ◇ injected env (0) from .env // tip: ⌁ auth for agents [www.vestauth.com]
[1800-fresh-tax-x-main][Android - Chrome] 
🤖 ================================================================
[1800-fresh-tax-x-main][Android - Chrome] 🤖 MASTER RUNNER: LAUNCHING 1800 FRESH TAX (X) MAIN
🤖 Mode:            MOBILE
[1800-fresh-tax-x-main][Android - Chrome] 🤖 Tracking URL:     https://flmtrk.com/?a=659&oc=696&c=1867&s1=
[1800-fresh-tax-x-main][Android - Chrome] 🤖 Target Sheet:    1800 Fresh Tax (X) Main
🤖 ================================================================
[1800-fresh-tax-x-main][Android - Chrome] 🔌 [Browser Interceptor] Intercepting and optimizing engine: CHROMIUM
[vts-ne-branded][Desktop - Chrome] 📡 VTS Original (via Everest) Custom Second API Payload: cake_id=253CA648, domain_name=https://everesttaxrelief.net
[1800-fresh-tax-x-main][Android - Chrome] 📋 Emulated Device Profile: MOBILE (Pixel 7) - [Android - Chrome]
[1800-fresh-tax-x-main][Android - Chrome] ⏳ Delaying 200ms to allow responsive layouts to mount...
[vts-ne-branded][Desktop - Chrome] [STDERR] ⚠️  Attempt 5: Second API returned no DBID. Response: {"status":false,"message":"No record found for cake_id: 253CA648"}
[vts-ne-branded][Desktop - Chrome] 📡 [Rest-Assurance] Verifying Lead ID: 253CA648 via Backend...
[vts-ne-branded][Desktop - Chrome] [STDERR] 🛡️  [Rest-Assurance] VERIFICATION_FAILED: Invalid URL
[1800-fresh-tax-x-main][Android - Chrome] 🔄 Processing lead for brand: 1800 Fresh Tax (X) Main Mobile
[1800-fresh-tax-x-main][Android - Chrome] 📊 Campaign execution run index: 67
[1800-fresh-tax-x-main][Android - Chrome] 📅 [Rotational Logic] Week 1 Day 3. Target Range: 7500-10000 (Max allowed by URL: 12000)
[1800-fresh-tax-x-main][Android - Chrome] 🔗 [Mobile] Navigating to: https://flmtrk.com/?a=659&oc=696&c=1867&s1=
[original][Desktop - Chrome] 🔘 [Mobile Rotation] Selected: "Unemployed"
[original][Desktop - Chrome] ✅ [Mobile] Reached a recognized terminal step. Stopping dynamic traversal.
[original][Desktop - Chrome] 🔘 [Mobile] Step 3: Filling Contact Info (Dynamic Loop)...
[original][Desktop - Chrome] 💻 [Tablet] Injecting high-fidelity glossy iPad Pro mockup frame...
[original][Desktop - Chrome] ✅ [Mobile] Filled First Name: ckmtestpixel
[original][Desktop - Chrome] ✅ [Mobile] Filled Last Name: ckmtestpixel
[original][Desktop - Chrome] ✅ [Mobile] Filled Email: ckmtestpixel@gmail.com
[original][Desktop - Chrome] ✅ [Mobile] Filled Phone: 401-247-1068
[original][Desktop - Chrome] 🔘 [Mobile] Clicking active contact NEXT/SUBMIT button...
[vts-ne-branded][Desktop - Chrome] ✅ Row appended successfully to sheet: VTS-NE-Branded
[vts-ne-branded][Desktop - Chrome] ✨ Professional formatting applied to VTS-NE-Branded
[vts-ne-branded][Desktop - Chrome] 🤖 [AI Agent Audit] Status: FAIL
🤖 [AI Agent Audit] Details: MISMATCH DETECTED: UI 7,831 Expected 7,500 but API got undefined
[vts-ne-branded][Desktop - Chrome] [STDERR] 🚨 [AI Agent] Data mismatch detected for VTS-NE-Branded. Please review Google Sheet.
[vts-ne-branded][Desktop - Chrome] ✅ Lead processed successfully for VTS-NE-Branded
[original][Tablet - Chrome] [STDERR] ⚠️ [Mobile] Standard submit buttons not found, consulting AI Agent...
[original][Tablet - Chrome] 🤖 [AI Agent] Analyzing Submit button for global...
[original][Tablet - Chrome] ⏳ [Mobile] Waiting for final Thank You page redirection...
[original][Tablet - Chrome] ✅ [Mobile] Targeted final redirect URL achieved!
[original][Tablet - Chrome] ✅ [Mobile] Final Thank You URL: https://www.1800freshtax.com/thankyou.php
[original][Tablet - Chrome] 📋 [Pre-Fix] Thank-you URL before debt correction: https://www.1800freshtax.com/thankyou.php
[original][Tablet - Chrome] 💾 [Debt Debug] formPage.selectedSliderAmount = "500"
💾 [Debt Debug] selectedDebtNum (numeric) = "500"
[original][Tablet - Chrome] 🔧 [Debt Fix] Current debt in URL: null, Should be: 500
🔧 [Debt Fix] Correcting debt parameter: null → 500
[original][Tablet - Chrome] ✅ [Debt Fix] Updated thank-you URL: https://www.1800freshtax.com/thankyou.php?debt=500
[original][Tablet - Chrome] 📱 [Mobile Diagnostic] Full Thank You URL Parameters: {"debt":"500"}
[original][Tablet - Chrome] 🔍 [Mobile DOM Deep-Scan] URL ID missing or non-standard (e.g. numeric reqid). Searching for Hex-8 or GUID IDs...
[original][Tablet - Chrome] ✅ [Mobile] Extracted Lead ID: 03176b705f5211f195c8b1d0bad97920
📱 Device Type detected: Tablet - Chrome
[original][Tablet - Chrome] [STDERR] ❌ Invalid Lead ID format detected: 03176b705f5211f195c8b1d0bad97920. Expected 8-char alphanumeric with letters and digits (example: ACAAA01E).
[original][Tablet - Chrome] ✅ Lead captured: 03176b705f5211f195c8b1d0bad97920
[original][Tablet - Chrome] 🔧 [URL Fix] Appending leadid=03176b705f5211f195c8b1d0bad97920 to Thank You URL
[original][Tablet - Chrome] 📡 Fetching First API data for Lead ID: 03176b705f5211f195c8b1d0bad97920...
[original][Desktop - Chrome] 💻 [Tablet] Injecting high-fidelity glossy iPad Pro mockup frame...
[original][Desktop - Chrome] ✅ [Mobile] Thank you page or lead id detected in URL during contact loop. Exiting contact loop.
🔘 [Mobile] Scanning for additional dynamic steps...
[original][Desktop - Chrome] ✅ [Mobile] Thank you page detected during adaptive submit loop. Exiting loop.
[original][Desktop - Chrome] 🔘 [Mobile] Submitting form
💾 [Mobile] Setting hidden debt fields to: 500
[original][Desktop - Chrome] ⏳ [Mobile] Waiting for submission navigation to complete
[original][Tablet - Chrome] [STDERR] ❌ First API Attempt 1 failed: Invalid URL
[original][Tablet - Chrome] ⏳ Retrying in 1 second...
[1800-fresh-tax-x-main][Android - Chrome] ✅ [Mobile] Page loaded successfully
[1800-fresh-tax-x-main][Android - Chrome] 📱 [Mobile] Injecting high-fidelity glossy Natural Titanium iPhone 17 Pro mockup frame...
[1800-fresh-tax-x-main][Android - Chrome] 📱 [Mobile] Injecting high-fidelity glossy Natural Titanium iPhone 17 Pro mockup frame...
[1800-fresh-tax-x-main][Android - Chrome] 📝 [Mobile] Starting mobile-specific form filling...
[1800-fresh-tax-x-main][Android - Chrome] 🔘 [Mobile] Step 1: Selecting Debt Amount (9,210)
[1800-fresh-tax-x-main][Android - Chrome] 🔘 [Mobile] Found jQuery UI Slider #slider. Setting value via jQuery and DOM evaluation...
[1800-fresh-tax-x-main][Android - Chrome] ✅ [Mobile] Set jQuery UI Slider #slider to 9,210
[vts-ne-branded][Desktop - Chrome] 🎥 Video saved successfully: traces/videos/VTS-NE-Branded_VTS-NE-Branded.webm
[vts-ne-branded][Desktop - Chrome] 
✅ Execution successfully processed! { success: true, leadId: '253CA648', brand: 'VTS-NE-Branded' }
[original][Tablet - Chrome] [STDERR] ❌ First API Attempt 2 failed: Invalid URL
[original][Tablet - Chrome] ⏳ Retrying in 1 second...
[1800-fresh-tax-x-main][Android - Chrome] 🔘 [Mobile] Clicking active visible button: .next-btn1:visible, .btn-next:visible
[1800-fresh-tax-x-main][Android - Chrome] ✅ [Mobile] Clicked: .next-btn1:visible, .btn-next:visible
[vts-ne-branded][Desktop - Chrome] 📋 Trace report successfully saved: traces/vts-ne-branded_desktop.zip
✅ [3/6/2026, 7:12:29 pm] COMPLETED: vts-ne-branded [Desktop - Chrome][CHROMIUM]

================================================================
🚀 [3/6/2026, 7:12:29 pm] RUNNING: 1800 Fresh Tax (X) Main [TABLET - CHROME]
🔗 Target URL: https://flmtrk.com/?a=659&oc=696&c=1867&s1=
================================================================
[1800-fresh-tax-x-main][Tablet - Chrome] 🔌 [Browser Interceptor] Intercepting and optimizing engine: CHROMIUM
[1800-fresh-tax-x-main][Tablet - Chrome] ◇ injected env (0) from .env // tip: ⌘ override existing { override: true }
[1800-fresh-tax-x-main][Tablet - Chrome] ◇ injected env (0) from .env // tip: ⌘ enable debugging { debug: true }
[original][Tablet - Chrome] [STDERR] ❌ First API Attempt 3 failed: Invalid URL
[original][Tablet - Chrome] 📡 Fetching Second API data for Lead ID: 03176b705f5211f195c8b1d0bad97920...
[original][Tablet - Chrome] 📡 Standard Second API Payload: cake_id=03176b705f5211f195c8b1d0bad97920, domain_name=https://fidelity-tax-defense.net
[original][Tablet - Chrome] [STDERR] ❌ Second API Attempt 1 failed: Invalid URL
[original][Tablet - Chrome] ⏳ Retrying in 1 second to allow database synchronization...
[1800-fresh-tax-x-main][Tablet - Chrome] ◇ injected env (0) from .env // tip: ⌁ auth for agents [www.vestauth.com]
[1800-fresh-tax-x-main][Android - Chrome] 📱 [Mobile] Injecting high-fidelity glossy Natural Titanium iPhone 17 Pro mockup frame...
[1800-fresh-tax-x-main][Tablet - Chrome] ◇ injected env (0) from .env // tip: ◈ encrypted .env [www.dotenvx.com]
[1800-fresh-tax-x-main][Tablet - Chrome] ◇ injected env (0) from .env // tip: ⌘ suppress logs { quiet: true }
[1800-fresh-tax-x-main][Tablet - Chrome] 
🤖 ================================================================
[1800-fresh-tax-x-main][Tablet - Chrome] 🤖 MASTER RUNNER: LAUNCHING 1800 FRESH TAX (X) MAIN
🤖 Mode:            TABLET
🤖 Tracking URL:     https://flmtrk.com/?a=659&oc=696&c=1867&s1=
[1800-fresh-tax-x-main][Tablet - Chrome] 🤖 Target Sheet:    1800 Fresh Tax (X) Main
🤖 ================================================================
[1800-fresh-tax-x-main][Tablet - Chrome] 🔌 [Browser Interceptor] Intercepting and optimizing engine: CHROMIUM
[1800-fresh-tax-x-main][Tablet - Chrome] 📋 Emulated Device Profile: TABLET (iPad Pro 11) - [Tablet - Chrome]
[original][Tablet - Chrome] 📡 Standard Second API Payload: cake_id=03176b705f5211f195c8b1d0bad97920, domain_name=https://fidelity-tax-defense.net
[original][Tablet - Chrome] [STDERR] ❌ Second API Attempt 2 failed: Invalid URL
[original][Tablet - Chrome] ⏳ Retrying in 1 second to allow database synchronization...
[1800-fresh-tax-x-main][Tablet - Chrome] ⏳ Delaying 200ms to allow responsive layouts to mount...
[1800-fresh-tax-x-main][Android - Chrome] 🔘 [Mobile Rotation] Selected: "Other"
[1800-fresh-tax-x-main][Tablet - Chrome] 🔄 Processing lead for brand: 1800 Fresh Tax (X) Main Tablet
[1800-fresh-tax-x-main][Tablet - Chrome] 📊 Campaign execution run index: 68
[1800-fresh-tax-x-main][Tablet - Chrome] 📅 [Rotational Logic] Week 1 Day 3. Target Range: 7500-10000 (Max allowed by URL: 12000)
[1800-fresh-tax-x-main][Tablet - Chrome] 🔗 [Mobile] Navigating to: https://flmtrk.com/?a=659&oc=696&c=1867&s1=
[1800-fresh-tax-x-main][Android - Chrome] 🔘 [Mobile Rotation] Selected: "More than $5,000"
[original][Tablet - Chrome] 📡 Standard Second API Payload: cake_id=03176b705f5211f195c8b1d0bad97920, domain_name=https://fidelity-tax-defense.net
[original][Tablet - Chrome] [STDERR] ❌ Second API Attempt 3 failed: Invalid URL
[original][Tablet - Chrome] ⏳ Retrying in 1 second to allow database synchronization...
[1800-fresh-tax-x-main][Android - Chrome] ✅ [Mobile] Reached a recognized terminal step. Stopping dynamic traversal.
[1800-fresh-tax-x-main][Android - Chrome] 🔘 [Mobile] Step 2: Selecting State
[1800-fresh-tax-x-main][Android - Chrome] ✅ [Mobile] Selected state dynamically: "Louisiana"
📝 [Mobile] step3 column set to State: "Louisiana"
[1800-fresh-tax-x-main][Android - Chrome] 🔘 [Mobile] Clicking active visible button: .next-btn:visible, .next-btn2:visible, .btn-next:visible
[1800-fresh-tax-x-main][Android - Chrome] ✅ [Mobile] Clicked: .next-btn:visible, .next-btn2:visible, .btn-next:visible
[original][Tablet - Chrome] 📡 Standard Second API Payload: cake_id=03176b705f5211f195c8b1d0bad97920, domain_name=https://fidelity-tax-defense.net
[original][Tablet - Chrome] [STDERR] ❌ Second API Attempt 4 failed: Invalid URL
[original][Tablet - Chrome] ⏳ Retrying in 1 second to allow database synchronization...
[original][Tablet - Chrome] 📡 Standard Second API Payload: cake_id=03176b705f5211f195c8b1d0bad97920, domain_name=https://fidelity-tax-defense.net
[original][Tablet - Chrome] [STDERR] ❌ Second API Attempt 5 failed: Invalid URL
[original][Tablet - Chrome] 📡 [Rest-Assurance] Verifying Lead ID: 03176b705f5211f195c8b1d0bad97920 via Backend...
[original][Tablet - Chrome] [STDERR] 🛡️  [Rest-Assurance] VERIFICATION_FAILED: Invalid URL
[original][Tablet - Chrome] [STDERR] (node:24296) Warning: Setting the NODE_TLS_REJECT_UNAUTHORIZED environment variable to '0' makes TLS connections and HTTPS requests insecure by disabling certificate verification.
(Use `node --trace-warnings ...` to show where the warning was created)
[1800-fresh-tax-x-main][Android - Chrome] 📱 [Mobile] Injecting high-fidelity glossy Natural Titanium iPhone 17 Pro mockup frame...
[1800-fresh-tax-x-main][Android - Chrome] 🔘 [Mobile] Step 3: Filling Contact Info (Dynamic Loop)...
[1800-fresh-tax-x-main][Android - Chrome] 📱 [Mobile] Injecting high-fidelity glossy Natural Titanium iPhone 17 Pro mockup frame...
[1800-fresh-tax-x-main][Android - Chrome] ✅ [Mobile] Filled First Name: ckmtestpixel
[1800-fresh-tax-x-main][Android - Chrome] ✅ [Mobile] Filled Last Name: ckmtestpixel
[1800-fresh-tax-x-main][Android - Chrome] 🔘 [Mobile] Clicking active contact NEXT/SUBMIT button...
[1800-fresh-tax-x-main][Tablet - Chrome] ✅ [Mobile] Page loaded successfully
[1800-fresh-tax-x-main][Tablet - Chrome] 💻 [Tablet] Injecting high-fidelity glossy iPad Pro mockup frame...
[1800-fresh-tax-x-main][Tablet - Chrome] 💻 [Tablet] Injecting high-fidelity glossy iPad Pro mockup frame...
[1800-fresh-tax-x-main][Tablet - Chrome] 📝 [Mobile] Starting mobile-specific form filling...
[1800-fresh-tax-x-main][Tablet - Chrome] 🔘 [Mobile] Step 1: Selecting Debt Amount (8,093)
[1800-fresh-tax-x-main][Tablet - Chrome] 🔘 [Mobile] Found jQuery UI Slider #slider. Setting value via jQuery and DOM evaluation...
[1800-fresh-tax-x-main][Tablet - Chrome] ✅ [Mobile] Set jQuery UI Slider #slider to 8,093
[1800-fresh-tax-x-main][Tablet - Chrome] 🔘 [Mobile] Clicking active visible button: .next-btn1:visible, .btn-next:visible
[1800-fresh-tax-x-main][Tablet - Chrome] ✅ [Mobile] Clicked: .next-btn1:visible, .btn-next:visible
[1800-fresh-tax-x-main][Android - Chrome] 📱 [Mobile] Injecting high-fidelity glossy Natural Titanium iPhone 17 Pro mockup frame...
[1800-fresh-tax-x-main][Android - Chrome] ✅ [Mobile] Filled Email: ckmtestpixel@gmail.com
[1800-fresh-tax-x-main][Android - Chrome] 🔘 [Mobile] Clicking active contact NEXT/SUBMIT button...
[1800-fresh-tax-x-main][Tablet - Chrome] 💻 [Tablet] Injecting high-fidelity glossy iPad Pro mockup frame...
[1800-fresh-tax-x-main][Tablet - Chrome] 🔘 [Mobile Rotation] Selected: "Both IRS & Gujarat Tax Debt"
[1800-fresh-tax-x-main][Tablet - Chrome] 🔘 [Mobile Rotation] Selected: "GET HELP TODAY!"
[original][Tablet - Chrome] ✅ Row appended successfully to sheet: Original
[1800-fresh-tax-x-main][Android - Chrome] 📱 [Mobile] Injecting high-fidelity glossy Natural Titanium iPhone 17 Pro mockup frame...
[1800-fresh-tax-x-main][Android - Chrome] ✅ [Mobile] Filled Phone: 401-247-1067
[1800-fresh-tax-x-main][Android - Chrome] 🔘 [Mobile] Clicking active contact NEXT/SUBMIT button...
[1800-fresh-tax-x-main][Tablet - Chrome] 🔘 [Mobile Rotation] Selected: "Less than $3,000"
[original][Tablet - Chrome] ✨ Professional formatting applied to Original
[original][Tablet - Chrome] 🤖 [AI Agent Audit] Status: FAIL
🤖 [AI Agent Audit] Details: MISMATCH DETECTED: UI 500 Expected 5,000 but API got undefined
[original][Tablet - Chrome] [STDERR] 🚨 [AI Agent] Data mismatch detected for Original Tablet. Please review Google Sheet.
[original][Tablet - Chrome] [STDERR] ❌ Failed processing Original Tablet: Invalid Lead ID format: 03176b705f5211f195c8b1d0bad97920
[original][Tablet - Chrome] 
✅ Execution successfully processed! {
  success: false,
  error: 'Invalid Lead ID format: 03176b705f5211f195c8b1d0bad97920',
  brand: 'Original Tablet'
}
[1800-fresh-tax-x-main][Tablet - Chrome] ✅ [Mobile] Reached a recognized terminal step. Stopping dynamic traversal.
[1800-fresh-tax-x-main][Tablet - Chrome] 🔘 [Mobile] Step 2: Selecting State
[1800-fresh-tax-x-main][Tablet - Chrome] ✅ [Mobile] Selected state dynamically: "Maine"
[1800-fresh-tax-x-main][Tablet - Chrome] 🔘 [Mobile] Clicking active visible button: .next-btn:visible, .next-btn2:visible, .btn-next:visible
[original][Tablet - Chrome] 📋 Trace report successfully saved: traces/original_tablet.zip
[1800-fresh-tax-x-main][Tablet - Chrome] ✅ [Mobile] Clicked: .next-btn:visible, .next-btn2:visible, .btn-next:visible
[1800-fresh-tax-x-main][Tablet - Chrome] 💻 [Tablet] Injecting high-fidelity glossy iPad Pro mockup frame...
[1800-fresh-tax-x-main][Tablet - Chrome] 🔘 [Mobile] Step 3: Filling Contact Info (Dynamic Loop)...
[1800-fresh-tax-x-main][Tablet - Chrome] 💻 [Tablet] Injecting high-fidelity glossy iPad Pro mockup frame...
[1800-fresh-tax-x-main][Tablet - Chrome] ✅ [Mobile] Filled First Name: ckmtestpixel
[1800-fresh-tax-x-main][Tablet - Chrome] ✅ [Mobile] Filled Last Name: ckmtestpixel
[1800-fresh-tax-x-main][Tablet - Chrome] 🔘 [Mobile] Clicking active contact NEXT/SUBMIT button...
[1800-fresh-tax-x-main][Android - Chrome] 📱 [Mobile] Injecting high-fidelity glossy Natural Titanium iPhone 17 Pro mockup frame...
[1800-fresh-tax-x-main][Android - Chrome] [STDERR] ⚠️ [Mobile] Failed to apply glossy iPhone 17 Pro mockup frame overlay: page.evaluate: TypeError: Cannot read properties of null (reading 'appendChild')
    at eval (eval at evaluate (:302:30), <anonymous>:133:23)
    at UtilityScript.evaluate (<anonymous>:304:16)
    at UtilityScript.<anonymous> (<anonymous>:1:44)
[1800-fresh-tax-x-main][Android - Chrome] ✅ [Mobile] Thank you page or lead id detected in URL during contact loop. Exiting contact loop.
🔘 [Mobile] Scanning for additional dynamic steps...
[1800-fresh-tax-x-main][Android - Chrome] ✅ [Mobile] Thank you page detected during adaptive submit loop. Exiting loop.
[1800-fresh-tax-x-main][Android - Chrome] 🔘 [Mobile] Submitting form
[1800-fresh-tax-x-main][Android - Chrome] 💾 [Mobile] Setting hidden debt fields to: 9210
[1800-fresh-tax-x-main][Android - Chrome] ⏳ [Mobile] Waiting for submission navigation to complete
[1800-fresh-tax-x-main][Tablet - Chrome] 💻 [Tablet] Injecting high-fidelity glossy iPad Pro mockup frame...
[1800-fresh-tax-x-main][Tablet - Chrome] ✅ [Mobile] Filled Email: ckmtestpixel@gmail.com
[1800-fresh-tax-x-main][Tablet - Chrome] 🔘 [Mobile] Clicking active contact NEXT/SUBMIT button...
✅ [3/6/2026, 7:12:45 pm] COMPLETED: original [Tablet - Chrome][CHROMIUM]

================================================================
🚀 [3/6/2026, 7:12:45 pm] RUNNING: 1800 Fresh Tax (X) Main [DESKTOP - CHROME]
🔗 Target URL: https://flmtrk.com/?a=659&oc=696&c=1867&s1=
================================================================
[1800-fresh-tax-x-main][Tablet - Chrome] 💻 [Tablet] Injecting high-fidelity glossy iPad Pro mockup frame...
[1800-fresh-tax-x-main][Desktop - Chrome] 🔌 [Browser Interceptor] Intercepting and optimizing engine: CHROMIUM
[1800-fresh-tax-x-main][Desktop - Chrome] ◇ injected env (0) from .env // tip: ◈ encrypted .env [www.dotenvx.com]
[1800-fresh-tax-x-main][Desktop - Chrome] ◇ injected env (0) from .env // tip: ⌘ enable debugging { debug: true }
[1800-fresh-tax-x-main][Tablet - Chrome] ✅ [Mobile] Filled Phone: 401-247-1068
[1800-fresh-tax-x-main][Tablet - Chrome] 🔘 [Mobile] Clicking active contact NEXT/SUBMIT button...
[1800-fresh-tax-x-main][Desktop - Chrome] ◇ injected env (0) from .env // tip: ⌁ auth for agents [www.vestauth.com]
[1800-fresh-tax-x-main][Desktop - Chrome] ◇ injected env (0) from .env // tip: ⌘ multiple files { path: ['.env.local', '.env'] }
[1800-fresh-tax-x-main][Desktop - Chrome] ◇ injected env (0) from .env // tip: ⌁ auth for agents [www.vestauth.com]
[1800-fresh-tax-x-main][Desktop - Chrome] 
🤖 ================================================================
🤖 MASTER RUNNER: LAUNCHING 1800 FRESH TAX (X) MAIN
[1800-fresh-tax-x-main][Desktop - Chrome] 🤖 Mode:            DESKTOP
🤖 Tracking URL:     https://flmtrk.com/?a=659&oc=696&c=1867&s1=
🤖 Target Sheet:    1800 Fresh Tax (X) Main
🤖 ================================================================
[1800-fresh-tax-x-main][Desktop - Chrome] 🔌 [Browser Interceptor] Intercepting and optimizing engine: CHROMIUM
[1800-fresh-tax-x-main][Desktop - Chrome] 💻 Emulated Device Profile: DESKTOP - [Desktop - Chrome]
[original][Desktop - Chrome] [STDERR] ⚠️ [Mobile] Standard submit buttons not found, consulting AI Agent...
[original][Desktop - Chrome] 🤖 [AI Agent] Analyzing Submit button for global...
[original][Desktop - Chrome] ⏳ [Mobile] Waiting for final Thank You page redirection...
[original][Desktop - Chrome] ✅ [Mobile] Targeted final redirect URL achieved!
[original][Desktop - Chrome] ✅ [Mobile] Final Thank You URL: https://www.1800freshtax.com/thankyou.php
[original][Desktop - Chrome] 📋 [Pre-Fix] Thank-you URL before debt correction: https://www.1800freshtax.com/thankyou.php
[original][Desktop - Chrome] 💾 [Debt Debug] formPage.selectedSliderAmount = "500"
[original][Desktop - Chrome] 💾 [Debt Debug] selectedDebtNum (numeric) = "500"
[original][Desktop - Chrome] 🔧 [Debt Fix] Current debt in URL: null, Should be: 500
[original][Desktop - Chrome] 🔧 [Debt Fix] Correcting debt parameter: null → 500
[original][Desktop - Chrome] ✅ [Debt Fix] Updated thank-you URL: https://www.1800freshtax.com/thankyou.php?debt=500
[original][Desktop - Chrome] 📱 [Mobile Diagnostic] Full Thank You URL Parameters: {"debt":"500"}
[original][Desktop - Chrome] 🔍 [Mobile DOM Deep-Scan] URL ID missing or non-standard (e.g. numeric reqid). Searching for Hex-8 or GUID IDs...
[original][Desktop - Chrome] ✅ [Mobile] Extracted Lead ID: 0f8f44005f5211f1be1e3f3a5b22cf8d
[original][Desktop - Chrome] 📱 Device Type detected: Desktop - Chrome
[original][Desktop - Chrome] [STDERR] ❌ Invalid Lead ID format detected: 0f8f44005f5211f1be1e3f3a5b22cf8d. Expected 8-char alphanumeric with letters and digits (example: ACAAA01E).
[original][Desktop - Chrome] ✅ Lead captured: 0f8f44005f5211f1be1e3f3a5b22cf8d
[original][Desktop - Chrome] 🔧 [URL Fix] Appending leadid=0f8f44005f5211f1be1e3f3a5b22cf8d to Thank You URL
[original][Desktop - Chrome] 📡 Fetching First API data for Lead ID: 0f8f44005f5211f1be1e3f3a5b22cf8d...
[1800-fresh-tax-x-main][Desktop - Chrome] 🔄 Processing lead for brand: 1800 Fresh Tax (X) Main
[1800-fresh-tax-x-main][Desktop - Chrome] 📊 Campaign execution run index: 69
[1800-fresh-tax-x-main][Desktop - Chrome] 📅 [Rotational Logic] Week 1 Day 3. Target Range: 7500-10000 (Max allowed by URL: 12000)
[1800-fresh-tax-x-main][Desktop - Chrome] 🔗 [Mobile] Navigating to: https://flmtrk.com/?a=659&oc=696&c=1867&s1=
[original][Desktop - Chrome] [STDERR] ❌ First API Attempt 1 failed: Invalid URL
[original][Desktop - Chrome] ⏳ Retrying in 1 second...
[1800-fresh-tax-x-main][Tablet - Chrome] 💻 [Tablet] Injecting high-fidelity glossy iPad Pro mockup frame...
[1800-fresh-tax-x-main][Tablet - Chrome] [STDERR] ⚠️ [Tablet] Failed to apply glossy iPad Pro mockup frame overlay: page.evaluate: TypeError: Cannot read properties of null (reading 'appendChild')
    at eval (eval at evaluate (:302:30), <anonymous>:104:23)
    at UtilityScript.evaluate (<anonymous>:304:16)
    at UtilityScript.<anonymous> (<anonymous>:1:44)
[1800-fresh-tax-x-main][Tablet - Chrome] ✅ [Mobile] Thank you page or lead id detected in URL during contact loop. Exiting contact loop.
🔘 [Mobile] Scanning for additional dynamic steps...
[1800-fresh-tax-x-main][Tablet - Chrome] ✅ [Mobile] Thank you page detected during adaptive submit loop. Exiting loop.
[1800-fresh-tax-x-main][Tablet - Chrome] 🔘 [Mobile] Submitting form
💾 [Mobile] Setting hidden debt fields to: 8093
[original][Desktop - Chrome] [STDERR] ❌ First API Attempt 2 failed: Invalid URL
[original][Desktop - Chrome] ⏳ Retrying in 1 second...
[1800-fresh-tax-x-main][Tablet - Chrome] ⏳ [Mobile] Waiting for submission navigation to complete
[original][Desktop - Chrome] [STDERR] ❌ First API Attempt 3 failed: Invalid URL
[original][Desktop - Chrome] 📡 Fetching Second API data for Lead ID: 0f8f44005f5211f1be1e3f3a5b22cf8d...
[original][Desktop - Chrome] 📡 Standard Second API Payload: cake_id=0f8f44005f5211f1be1e3f3a5b22cf8d, domain_name=https://fidelity-tax-defense.net
[original][Desktop - Chrome] [STDERR] ❌ Second API Attempt 1 failed: Invalid URL
[original][Desktop - Chrome] ⏳ Retrying in 1 second to allow database synchronization...
[original][Desktop - Chrome] 📡 Standard Second API Payload: cake_id=0f8f44005f5211f1be1e3f3a5b22cf8d, domain_name=https://fidelity-tax-defense.net
[original][Desktop - Chrome] [STDERR] ❌ Second API Attempt 2 failed: Invalid URL
[original][Desktop - Chrome] ⏳ Retrying in 1 second to allow database synchronization...
[1800-fresh-tax-x-main][Desktop - Chrome] ✅ [Mobile] Page loaded successfully
[1800-fresh-tax-x-main][Desktop - Chrome] 💻 [Tablet] Injecting high-fidelity glossy iPad Pro mockup frame...
[1800-fresh-tax-x-main][Desktop - Chrome] 💻 [Tablet] Injecting high-fidelity glossy iPad Pro mockup frame...
[1800-fresh-tax-x-main][Desktop - Chrome] 📝 [Mobile] Starting mobile-specific form filling...
[1800-fresh-tax-x-main][Desktop - Chrome] 🔘 [Mobile] Step 1: Selecting Debt Amount (9,398)
[1800-fresh-tax-x-main][Desktop - Chrome] 🔘 [Mobile] Found jQuery UI Slider #slider. Setting value via jQuery and DOM evaluation...
[1800-fresh-tax-x-main][Desktop - Chrome] ✅ [Mobile] Set jQuery UI Slider #slider to 9,398
[1800-fresh-tax-x-main][Desktop - Chrome] 🔘 [Mobile] Clicking active visible button: .next-btn1:visible, .btn-next:visible
[1800-fresh-tax-x-main][Desktop - Chrome] ✅ [Mobile] Clicked: .next-btn1:visible, .btn-next:visible
[original][Desktop - Chrome] 📡 Standard Second API Payload: cake_id=0f8f44005f5211f1be1e3f3a5b22cf8d, domain_name=https://fidelity-tax-defense.net
[original][Desktop - Chrome] [STDERR] ❌ Second API Attempt 3 failed: Invalid URL
[original][Desktop - Chrome] ⏳ Retrying in 1 second to allow database synchronization...
[original][Desktop - Chrome] 📡 Standard Second API Payload: cake_id=0f8f44005f5211f1be1e3f3a5b22cf8d, domain_name=https://fidelity-tax-defense.net
[original][Desktop - Chrome] [STDERR] ❌ Second API Attempt 4 failed: Invalid URL
[original][Desktop - Chrome] ⏳ Retrying in 1 second to allow database synchronization...
[1800-fresh-tax-x-main][Desktop - Chrome] 💻 [Tablet] Injecting high-fidelity glossy iPad Pro mockup frame...
[1800-fresh-tax-x-main][Desktop - Chrome] 🔘 [Mobile Rotation] Selected: "IRS Tax Debt"
[original][Desktop - Chrome] 📡 Standard Second API Payload: cake_id=0f8f44005f5211f1be1e3f3a5b22cf8d, domain_name=https://fidelity-tax-defense.net
[original][Desktop - Chrome] [STDERR] ❌ Second API Attempt 5 failed: Invalid URL
[original][Desktop - Chrome] 📡 [Rest-Assurance] Verifying Lead ID: 0f8f44005f5211f1be1e3f3a5b22cf8d via Backend...
[original][Desktop - Chrome] [STDERR] 🛡️  [Rest-Assurance] VERIFICATION_FAILED: Invalid URL
[original][Desktop - Chrome] [STDERR] (node:29480) Warning: Setting the NODE_TLS_REJECT_UNAUTHORIZED environment variable to '0' makes TLS connections and HTTPS requests insecure by disabling certificate verification.
(Use `node --trace-warnings ...` to show where the warning was created)
[1800-fresh-tax-x-main][Desktop - Chrome] 🔘 [Mobile Rotation] Selected: "Both IRS & Gujarat Tax Debt"
[1800-fresh-tax-x-main][Desktop - Chrome] 🔘 [Mobile Rotation] Selected: "Learn More About Your Tax Debt Relief Options"
[original][Desktop - Chrome] ✅ Row appended successfully to sheet: Original
[1800-fresh-tax-x-main][Desktop - Chrome] 🔘 [Mobile Rotation] Selected: "$3,000 - $5,000"
[1800-fresh-tax-x-main][Desktop - Chrome] ✅ [Mobile] Reached a recognized terminal step. Stopping dynamic traversal.
[1800-fresh-tax-x-main][Desktop - Chrome] 🔘 [Mobile] Step 2: Selecting State
[1800-fresh-tax-x-main][Desktop - Chrome] ✅ [Mobile] Selected state dynamically: "Maryland"
[1800-fresh-tax-x-main][Desktop - Chrome] 🔘 [Mobile] Clicking active visible button: .next-btn:visible, .next-btn2:visible, .btn-next:visible
[1800-fresh-tax-x-main][Desktop - Chrome] ✅ [Mobile] Clicked: .next-btn:visible, .next-btn2:visible, .btn-next:visible
[original][Desktop - Chrome] ✨ Professional formatting applied to Original
[original][Desktop - Chrome] 🤖 [AI Agent Audit] Status: FAIL
🤖 [AI Agent Audit] Details: MISMATCH DETECTED: UI 500 Expected 5,000 but API got undefined
[original][Desktop - Chrome] [STDERR] 🚨 [AI Agent] Data mismatch detected for Original. Please review Google Sheet.
[original][Desktop - Chrome] [STDERR] ❌ Failed processing Original: Invalid Lead ID format: 0f8f44005f5211f1be1e3f3a5b22cf8d
[original][Desktop - Chrome] 
✅ Execution successfully processed! {
  success: false,
  error: 'Invalid Lead ID format: 0f8f44005f5211f1be1e3f3a5b22cf8d',
  brand: 'Original'
}
[original][Desktop - Chrome] 📋 Trace report successfully saved: traces/original_desktop.zip
[1800-fresh-tax-x-main][Desktop - Chrome] 💻 [Tablet] Injecting high-fidelity glossy iPad Pro mockup frame...
[1800-fresh-tax-x-main][Desktop - Chrome] 🔘 [Mobile] Step 3: Filling Contact Info (Dynamic Loop)...
[1800-fresh-tax-x-main][Desktop - Chrome] 💻 [Tablet] Injecting high-fidelity glossy iPad Pro mockup frame...
[1800-fresh-tax-x-main][Desktop - Chrome] ✅ [Mobile] Filled First Name: ckmtestpixel
[1800-fresh-tax-x-main][Desktop - Chrome] ✅ [Mobile] Filled Last Name: ckmtestpixel
[1800-fresh-tax-x-main][Desktop - Chrome] 🔘 [Mobile] Clicking active contact NEXT/SUBMIT button...
[1800-fresh-tax-x-main][Desktop - Chrome] 💻 [Tablet] Injecting high-fidelity glossy iPad Pro mockup frame...
[1800-fresh-tax-x-main][Desktop - Chrome] ✅ [Mobile] Filled Email: ckmtestpixel@gmail.com
[1800-fresh-tax-x-main][Desktop - Chrome] 🔘 [Mobile] Clicking active contact NEXT/SUBMIT button...
✅ [3/6/2026, 7:13:02 pm] COMPLETED: original [Desktop - Chrome][CHROMIUM]

================================================================
🚀 [3/6/2026, 7:13:02 pm] RUNNING: FSI - MAIN [ANDROID - CHROME]
🔗 Target URL: https://fsimlf-trk.com/?a=659&oc=159&c=111&s1=
================================================================
[fsi-main][Android - Chrome] 🔌 [Browser Interceptor] Intercepting and optimizing engine: CHROMIUM
[fsi-main][Android - Chrome] ◇ injected env (0) from .env // tip: ⌘ suppress logs { quiet: true }
[fsi-main][Android - Chrome] ◇ injected env (0) from .env // tip: ◈ encrypted .env [www.dotenvx.com]
[1800-fresh-tax-x-main][Android - Chrome] [STDERR] ⚠️ [Mobile] Standard submit buttons not found, consulting AI Agent...
[1800-fresh-tax-x-main][Android - Chrome] 🤖 [AI Agent] Analyzing Submit button for global...
[1800-fresh-tax-x-main][Android - Chrome] ⏳ [Mobile] Waiting for final Thank You page redirection...
[1800-fresh-tax-x-main][Android - Chrome] ✅ [Mobile] Targeted final redirect URL achieved!
[1800-fresh-tax-x-main][Android - Chrome] ✅ [Mobile] Final Thank You URL: https://www.1800freshtax.com/thankyou_ts_checklist.php?debt=9210&leadid=E33E1B15&reqid=26858636&affid=659&subid=#s1#
📋 [Pre-Fix] Thank-you URL before debt correction: https://www.1800freshtax.com/thankyou_ts_checklist.php?debt=9210&leadid=E33E1B15&reqid=26858636&affid=659&subid=#s1#
💾 [Debt Debug] formPage.selectedSliderAmount = "9,210"
💾 [Debt Debug] selectedDebtNum (numeric) = "9210"
[1800-fresh-tax-x-main][Android - Chrome] 🔧 [Debt Fix] Current debt in URL: 9210, Should be: 9210
✅ [Debt Fix] Debt parameter already correct
[1800-fresh-tax-x-main][Android - Chrome] 📱 [Mobile Diagnostic] Full Thank You URL Parameters: {"debt":"9210","leadid":"E33E1B15","reqid":"26858636","affid":"659","subid":""}
[1800-fresh-tax-x-main][Android - Chrome] ✅ [Mobile] Extracted Lead ID: E33E1B15
[1800-fresh-tax-x-main][Android - Chrome] 📱 Device Type detected: Android - Chrome
[1800-fresh-tax-x-main][Android - Chrome] ✅ Lead captured: E33E1B15
[1800-fresh-tax-x-main][Android - Chrome] 📡 Fetching First API data for Lead ID: E33E1B15...
[fsi-main][Android - Chrome] ◇ injected env (0) from .env // tip: ⌘ custom filepath { path: '/custom/path/.env' }
[1800-fresh-tax-x-main][Desktop - Chrome] 💻 [Tablet] Injecting high-fidelity glossy iPad Pro mockup frame...
[1800-fresh-tax-x-main][Desktop - Chrome] ✅ [Mobile] Filled Phone: 401-247-1069
[1800-fresh-tax-x-main][Desktop - Chrome] 🔘 [Mobile] Clicking active contact NEXT/SUBMIT button...
[1800-fresh-tax-x-main][Android - Chrome] [STDERR] ❌ First API Attempt 1 failed: Invalid URL
[1800-fresh-tax-x-main][Android - Chrome] ⏳ Retrying in 1 second...
[fsi-main][Android - Chrome] ◇ injected env (0) from .env // tip: ⌘ override existing { override: true }
[fsi-main][Android - Chrome] ◇ injected env (0) from .env // tip: ⌘ enable debugging { debug: true }
[fsi-main][Android - Chrome] 
🤖 ================================================================
[fsi-main][Android - Chrome] 🤖 MASTER RUNNER: LAUNCHING FSI - MAIN
🤖 Mode:            MOBILE
[fsi-main][Android - Chrome] 🤖 Tracking URL:     https://fsimlf-trk.com/?a=659&oc=159&c=111&s1=
[fsi-main][Android - Chrome] 🤖 Target Sheet:    FSI - MAIN
[fsi-main][Android - Chrome] 🤖 ================================================================
[fsi-main][Android - Chrome] 🔌 [Browser Interceptor] Intercepting and optimizing engine: CHROMIUM
[fsi-main][Android - Chrome] 📋 Emulated Device Profile: MOBILE (Pixel 7) - [Android - Chrome]
[fsi-main][Android - Chrome] ⏳ Delaying 200ms to allow responsive layouts to mount...
[fsi-main][Android - Chrome] 🔄 Processing lead for brand: FSI - MAIN Mobile
[fsi-main][Android - Chrome] 📊 Campaign execution run index: 66
[fsi-main][Android - Chrome] 📅 [Rotational Logic] Week 1 Day 3. Target Range: 7500-10000 (Max allowed by URL: 25000)
[fsi-main][Android - Chrome] 🔗 [Mobile] Navigating to: https://fsimlf-trk.com/?a=659&oc=159&c=111&s1=
[1800-fresh-tax-x-main][Android - Chrome] [STDERR] ❌ First API Attempt 2 failed: Invalid URL
[1800-fresh-tax-x-main][Android - Chrome] ⏳ Retrying in 1 second...
[1800-fresh-tax-x-main][Android - Chrome] [STDERR] ❌ First API Attempt 3 failed: Invalid URL
[1800-fresh-tax-x-main][Android - Chrome] 📡 Fetching Second API data for Lead ID: E33E1B15...
[1800-fresh-tax-x-main][Android - Chrome] 📡 Standard Second API Payload: cake_id=E33E1B15, domain_name=https://www.1800freshtax.com
[1800-fresh-tax-x-main][Android - Chrome] [STDERR] ❌ Second API Attempt 1 failed: Invalid URL
[1800-fresh-tax-x-main][Android - Chrome] ⏳ Retrying in 1 second to allow database synchronization...
[1800-fresh-tax-x-main][Android - Chrome] 📡 Standard Second API Payload: cake_id=E33E1B15, domain_name=https://www.1800freshtax.com
[1800-fresh-tax-x-main][Android - Chrome] [STDERR] ❌ Second API Attempt 2 failed: Invalid URL
[1800-fresh-tax-x-main][Android - Chrome] ⏳ Retrying in 1 second to allow database synchronization...
[1800-fresh-tax-x-main][Desktop - Chrome] 💻 [Tablet] Injecting high-fidelity glossy iPad Pro mockup frame...
[1800-fresh-tax-x-main][Desktop - Chrome] [STDERR] ⚠️ [Tablet] Failed to apply glossy iPad Pro mockup frame overlay: page.evaluate: TypeError: Cannot read properties of null (reading 'appendChild')
    at eval (eval at evaluate (:302:30), <anonymous>:104:23)
    at UtilityScript.evaluate (<anonymous>:304:16)
    at UtilityScript.<anonymous> (<anonymous>:1:44)
[1800-fresh-tax-x-main][Desktop - Chrome] ✅ [Mobile] Thank you page or lead id detected in URL during contact loop. Exiting contact loop.
🔘 [Mobile] Scanning for additional dynamic steps...
[1800-fresh-tax-x-main][Desktop - Chrome] ✅ [Mobile] Thank you page detected during adaptive submit loop. Exiting loop.
[1800-fresh-tax-x-main][Desktop - Chrome] 🔘 [Mobile] Submitting form
💾 [Mobile] Setting hidden debt fields to: 9398
[1800-fresh-tax-x-main][Desktop - Chrome] ⏳ [Mobile] Waiting for submission navigation to complete
[1800-fresh-tax-x-main][Android - Chrome] 📡 Standard Second API Payload: cake_id=E33E1B15, domain_name=https://www.1800freshtax.com
[1800-fresh-tax-x-main][Android - Chrome] [STDERR] ❌ Second API Attempt 3 failed: Invalid URL
[1800-fresh-tax-x-main][Android - Chrome] ⏳ Retrying in 1 second to allow database synchronization...
[1800-fresh-tax-x-main][Android - Chrome] 📡 Standard Second API Payload: cake_id=E33E1B15, domain_name=https://www.1800freshtax.com
[1800-fresh-tax-x-main][Android - Chrome] [STDERR] ❌ Second API Attempt 4 failed: Invalid URL
[1800-fresh-tax-x-main][Android - Chrome] ⏳ Retrying in 1 second to allow database synchronization...
[fsi-main][Android - Chrome] ✅ [Mobile] Page loaded successfully
[fsi-main][Android - Chrome] 📱 [Mobile] Injecting high-fidelity glossy Natural Titanium iPhone 17 Pro mockup frame...
[fsi-main][Android - Chrome] 📱 [Mobile] Injecting high-fidelity glossy Natural Titanium iPhone 17 Pro mockup frame...
[fsi-main][Android - Chrome] 📝 [Mobile] Starting mobile-specific form filling...
[fsi-main][Android - Chrome] 🔘 [Mobile] Step 1: Selecting Debt Amount (9,135)
[fsi-main][Android - Chrome] 🔘 [Mobile] Found jQuery UI Slider #slider. Setting value via jQuery and DOM evaluation...
[fsi-main][Android - Chrome] ✅ [Mobile] Set jQuery UI Slider #slider to 9,135
[1800-fresh-tax-x-main][Android - Chrome] 📡 Standard Second API Payload: cake_id=E33E1B15, domain_name=https://www.1800freshtax.com
[1800-fresh-tax-x-main][Android - Chrome] [STDERR] ❌ Second API Attempt 5 failed: Invalid URL
[1800-fresh-tax-x-main][Android - Chrome] 📡 [Rest-Assurance] Verifying Lead ID: E33E1B15 via Backend...
[1800-fresh-tax-x-main][Android - Chrome] [STDERR] 🛡️  [Rest-Assurance] VERIFICATION_FAILED: Invalid URL
[1800-fresh-tax-x-main][Android - Chrome] [STDERR] (node:29716) Warning: Setting the NODE_TLS_REJECT_UNAUTHORIZED environment variable to '0' makes TLS connections and HTTPS requests insecure by disabling certificate verification.
(Use `node --trace-warnings ...` to show where the warning was created)
[fsi-main][Android - Chrome] 🔘 [Mobile] Clicking fallback button: button:has-text("NEXT"):visible
[fsi-main][Android - Chrome] ✅ [Mobile] Clicked fallback: button:has-text("NEXT"):visible
[1800-fresh-tax-x-main][Tablet - Chrome] [STDERR] ⚠️ [Mobile] Standard submit buttons not found, consulting AI Agent...
[1800-fresh-tax-x-main][Tablet - Chrome] 🤖 [AI Agent] Analyzing Submit button for global...
[1800-fresh-tax-x-main][Tablet - Chrome] ⏳ [Mobile] Waiting for final Thank You page redirection...
[1800-fresh-tax-x-main][Tablet - Chrome] ✅ [Mobile] Targeted final redirect URL achieved!
[1800-fresh-tax-x-main][Tablet - Chrome] ✅ [Mobile] Final Thank You URL: https://www.1800freshtax.com/thankyou_ts_checklist.php?debt=8093&leadid=6F9B5DA8&reqid=26858637&affid=659&subid=#s1#
📋 [Pre-Fix] Thank-you URL before debt correction: https://www.1800freshtax.com/thankyou_ts_checklist.php?debt=8093&leadid=6F9B5DA8&reqid=26858637&affid=659&subid=#s1#
[1800-fresh-tax-x-main][Tablet - Chrome] 💾 [Debt Debug] formPage.selectedSliderAmount = "8,093"
💾 [Debt Debug] selectedDebtNum (numeric) = "8093"
[1800-fresh-tax-x-main][Tablet - Chrome] 🔧 [Debt Fix] Current debt in URL: 8093, Should be: 8093
✅ [Debt Fix] Debt parameter already correct
[1800-fresh-tax-x-main][Tablet - Chrome] 📱 [Mobile Diagnostic] Full Thank You URL Parameters: {"debt":"8093","leadid":"6F9B5DA8","reqid":"26858637","affid":"659","subid":""}
[1800-fresh-tax-x-main][Tablet - Chrome] ✅ [Mobile] Extracted Lead ID: 6F9B5DA8
[1800-fresh-tax-x-main][Tablet - Chrome] 📱 Device Type detected: Tablet - Chrome
[1800-fresh-tax-x-main][Tablet - Chrome] ✅ Lead captured: 6F9B5DA8
[1800-fresh-tax-x-main][Tablet - Chrome] 📡 Fetching First API data for Lead ID: 6F9B5DA8...
[1800-fresh-tax-x-main][Tablet - Chrome] [STDERR] ❌ First API Attempt 1 failed: Invalid URL
[1800-fresh-tax-x-main][Tablet - Chrome] ⏳ Retrying in 1 second...
[1800-fresh-tax-x-main][Android - Chrome] ✅ Row appended successfully to sheet: 1800 Fresh Tax (X) Main
[fsi-main][Android - Chrome] 📱 [Mobile] Injecting high-fidelity glossy Natural Titanium iPhone 17 Pro mockup frame...
[fsi-main][Android - Chrome] 🔘 [Mobile Rotation] Selected: "IRS & State Back Taxes"
[1800-fresh-tax-x-main][Tablet - Chrome] [STDERR] ❌ First API Attempt 2 failed: Invalid URL
[1800-fresh-tax-x-main][Tablet - Chrome] ⏳ Retrying in 1 second...
[1800-fresh-tax-x-main][Android - Chrome] ✨ Professional formatting applied to 1800 Fresh Tax (X) Main
[1800-fresh-tax-x-main][Android - Chrome] 🤖 [AI Agent Audit] Status: FAIL
🤖 [AI Agent Audit] Details: MISMATCH DETECTED: UI 9,210 Expected 7,500 but API got undefined
✅ Lead processed successfully for 1800 Fresh Tax (X) Main Mobile
[1800-fresh-tax-x-main][Android - Chrome] [STDERR] 🚨 [AI Agent] Data mismatch detected for 1800 Fresh Tax (X) Main Mobile. Please review Google Sheet.
[fsi-main][Android - Chrome] 🔘 [Mobile Rotation] Selected: "Employed (Full/Part Time)"
[1800-fresh-tax-x-main][Tablet - Chrome] [STDERR] ❌ First API Attempt 3 failed: Invalid URL
[1800-fresh-tax-x-main][Tablet - Chrome] 📡 Fetching Second API data for Lead ID: 6F9B5DA8...
[1800-fresh-tax-x-main][Tablet - Chrome] 📡 Standard Second API Payload: cake_id=6F9B5DA8, domain_name=https://www.1800freshtax.com
[1800-fresh-tax-x-main][Tablet - Chrome] [STDERR] ❌ Second API Attempt 1 failed: Invalid URL
[1800-fresh-tax-x-main][Tablet - Chrome] ⏳ Retrying in 1 second to allow database synchronization...
[fsi-main][Android - Chrome] ✅ [Mobile] Reached a recognized terminal step. Stopping dynamic traversal.
[fsi-main][Android - Chrome] 🔘 [Mobile] Step 2: Selecting State
[fsi-main][Android - Chrome] ✅ [Mobile] Selected state dynamically: "Kentucky"
📝 [Mobile] step3 column set to State: "Kentucky"
[fsi-main][Android - Chrome] 🔘 [Mobile] Clicking active visible button: .next-btn:visible, .next-btn2:visible, .btn-next:visible
[fsi-main][Android - Chrome] ✅ [Mobile] Clicked: .next-btn:visible, .next-btn2:visible, .btn-next:visible
[1800-fresh-tax-x-main][Android - Chrome] 🎥 Video saved successfully: traces/videos/1800 Fresh Tax (X) Main_1800_Fresh_Tax_(X)_Main_Mobile.webm
[1800-fresh-tax-x-main][Android - Chrome] 
✅ Execution successfully processed! {
  success: true,
  leadId: 'E33E1B15',
  brand: '1800 Fresh Tax (X) Main Mobile'
}
[1800-fresh-tax-x-main][Tablet - Chrome] 📡 Standard Second API Payload: cake_id=6F9B5DA8, domain_name=https://www.1800freshtax.com
[1800-fresh-tax-x-main][Tablet - Chrome] [STDERR] ❌ Second API Attempt 2 failed: Invalid URL
[1800-fresh-tax-x-main][Tablet - Chrome] ⏳ Retrying in 1 second to allow database synchronization...
[1800-fresh-tax-x-main][Android - Chrome] 📋 Trace report successfully saved: traces/1800-fresh-tax-x-main_mobile.zip
✅ [3/6/2026, 7:13:13 pm] COMPLETED: 1800-fresh-tax-x-main [Android - Chrome][CHROMIUM]

================================================================
🚀 [3/6/2026, 7:13:13 pm] RUNNING: FSI - MAIN [TABLET - CHROME]
🔗 Target URL: https://fsimlf-trk.com/?a=659&oc=159&c=111&s1=
================================================================
[1800-fresh-tax-x-main][Tablet - Chrome] 📡 Standard Second API Payload: cake_id=6F9B5DA8, domain_name=https://www.1800freshtax.com
[1800-fresh-tax-x-main][Tablet - Chrome] [STDERR] ❌ Second API Attempt 3 failed: Invalid URL
[1800-fresh-tax-x-main][Tablet - Chrome] ⏳ Retrying in 1 second to allow database synchronization...
[fsi-main][Android - Chrome] 📱 [Mobile] Injecting high-fidelity glossy Natural Titanium iPhone 17 Pro mockup frame...
[fsi-main][Tablet - Chrome] 🔌 [Browser Interceptor] Intercepting and optimizing engine: CHROMIUM
[fsi-main][Tablet - Chrome] ◇ injected env (0) from .env // tip: ⌘ multiple files { path: ['.env.local', '.env'] }
[fsi-main][Tablet - Chrome] ◇ injected env (0) from .env // tip: ⌘ multiple files { path: ['.env.local', '.env'] }
[fsi-main][Android - Chrome] 🔘 [Mobile] Step 3: Filling Contact Info (Dynamic Loop)...
[fsi-main][Android - Chrome] 📱 [Mobile] Injecting high-fidelity glossy Natural Titanium iPhone 17 Pro mockup frame...
[fsi-main][Tablet - Chrome] ◇ injected env (0) from .env // tip: ⌘ suppress logs { quiet: true }
[fsi-main][Android - Chrome] ✅ [Mobile] Filled First Name: ckmtestpixel
[fsi-main][Android - Chrome] ✅ [Mobile] Filled Last Name: ckmtestpixel
[fsi-main][Android - Chrome] 🔘 [Mobile] Clicking active contact NEXT/SUBMIT button...
[1800-fresh-tax-x-main][Tablet - Chrome] 📡 Standard Second API Payload: cake_id=6F9B5DA8, domain_name=https://www.1800freshtax.com
[1800-fresh-tax-x-main][Tablet - Chrome] [STDERR] ❌ Second API Attempt 4 failed: Invalid URL
[1800-fresh-tax-x-main][Tablet - Chrome] ⏳ Retrying in 1 second to allow database synchronization...
[fsi-main][Tablet - Chrome] ◇ injected env (0) from .env // tip: ⌘ multiple files { path: ['.env.local', '.env'] }
[fsi-main][Tablet - Chrome] ◇ injected env (0) from .env // tip: ⌁ auth for agents [www.vestauth.com]
[fsi-main][Tablet - Chrome] 
🤖 ================================================================
🤖 MASTER RUNNER: LAUNCHING FSI - MAIN
[fsi-main][Tablet - Chrome] 🤖 Mode:            TABLET
🤖 Tracking URL:     https://fsimlf-trk.com/?a=659&oc=159&c=111&s1=
[fsi-main][Tablet - Chrome] 🤖 Target Sheet:    FSI - MAIN
[fsi-main][Tablet - Chrome] 🤖 ================================================================
[fsi-main][Tablet - Chrome] 🔌 [Browser Interceptor] Intercepting and optimizing engine: CHROMIUM
[fsi-main][Tablet - Chrome] 📋 Emulated Device Profile: TABLET (iPad Pro 11) - [Tablet - Chrome]
[fsi-main][Tablet - Chrome] ⏳ Delaying 200ms to allow responsive layouts to mount...
[fsi-main][Tablet - Chrome] 🔄 Processing lead for brand: FSI - MAIN Tablet
[fsi-main][Tablet - Chrome] 📊 Campaign execution run index: 67
[fsi-main][Tablet - Chrome] 📅 [Rotational Logic] Week 1 Day 3. Target Range: 7500-10000 (Max allowed by URL: 25000)
[fsi-main][Tablet - Chrome] 🔗 [Mobile] Navigating to: https://fsimlf-trk.com/?a=659&oc=159&c=111&s1=
[1800-fresh-tax-x-main][Tablet - Chrome] 📡 Standard Second API Payload: cake_id=6F9B5DA8, domain_name=https://www.1800freshtax.com
[1800-fresh-tax-x-main][Tablet - Chrome] [STDERR] ❌ Second API Attempt 5 failed: Invalid URL
[1800-fresh-tax-x-main][Tablet - Chrome] 📡 [Rest-Assurance] Verifying Lead ID: 6F9B5DA8 via Backend...
[1800-fresh-tax-x-main][Tablet - Chrome] [STDERR] 🛡️  [Rest-Assurance] VERIFICATION_FAILED: Invalid URL
[1800-fresh-tax-x-main][Tablet - Chrome] [STDERR] (node:24364) Warning: Setting the NODE_TLS_REJECT_UNAUTHORIZED environment variable to '0' makes TLS connections and HTTPS requests insecure by disabling certificate verification.
(Use `node --trace-warnings ...` to show where the warning was created)
[fsi-main][Android - Chrome] 📱 [Mobile] Injecting high-fidelity glossy Natural Titanium iPhone 17 Pro mockup frame...
[fsi-main][Android - Chrome] ✅ [Mobile] Filled Email: ckmtestpixel@gmail.com
[fsi-main][Android - Chrome] 🔘 [Mobile] Clicking active contact NEXT/SUBMIT button...
[1800-fresh-tax-x-main][Tablet - Chrome] ✅ Row appended successfully to sheet: 1800 Fresh Tax (X) Main
[1800-fresh-tax-x-main][Tablet - Chrome] ✨ Professional formatting applied to 1800 Fresh Tax (X) Main
[1800-fresh-tax-x-main][Tablet - Chrome] 🤖 [AI Agent Audit] Status: FAIL
🤖 [AI Agent Audit] Details: MISMATCH DETECTED: UI 8,093 Expected 7,500 but API got undefined
[1800-fresh-tax-x-main][Tablet - Chrome] [STDERR] 🚨 [AI Agent] Data mismatch detected for 1800 Fresh Tax (X) Main Tablet. Please review Google Sheet.
[1800-fresh-tax-x-main][Tablet - Chrome] ✅ Lead processed successfully for 1800 Fresh Tax (X) Main Tablet
[fsi-main][Android - Chrome] 📱 [Mobile] Injecting high-fidelity glossy Natural Titanium iPhone 17 Pro mockup frame...
[fsi-main][Android - Chrome] ✅ [Mobile] Filled Phone: 401-247-1066
[fsi-main][Android - Chrome] 🔘 [Mobile] Clicking active contact NEXT/SUBMIT button...
[fsi-main][Tablet - Chrome] ✅ [Mobile] Page loaded successfully
[fsi-main][Tablet - Chrome] 💻 [Tablet] Injecting high-fidelity glossy iPad Pro mockup frame...
[fsi-main][Tablet - Chrome] 💻 [Tablet] Injecting high-fidelity glossy iPad Pro mockup frame...
[fsi-main][Tablet - Chrome] 📝 [Mobile] Starting mobile-specific form filling...
[fsi-main][Tablet - Chrome] 🔘 [Mobile] Step 1: Selecting Debt Amount (8,536)
[fsi-main][Tablet - Chrome] 🔘 [Mobile] Found jQuery UI Slider #slider. Setting value via jQuery and DOM evaluation...
[fsi-main][Tablet - Chrome] ✅ [Mobile] Set jQuery UI Slider #slider to 8,536
[fsi-main][Tablet - Chrome] 🔘 [Mobile] Clicking fallback button: button:has-text("NEXT"):visible
[fsi-main][Tablet - Chrome] ✅ [Mobile] Clicked fallback: button:has-text("NEXT"):visible
[1800-fresh-tax-x-main][Tablet - Chrome] 🎥 Video saved successfully: traces/videos/1800 Fresh Tax (X) Main_1800_Fresh_Tax_(X)_Main_Tablet.webm
[1800-fresh-tax-x-main][Tablet - Chrome] 
✅ Execution successfully processed! {
  success: true,
  leadId: '6F9B5DA8',
  brand: '1800 Fresh Tax (X) Main Tablet'
}
[fsi-main][Android - Chrome] 📱 [Mobile] Injecting high-fidelity glossy Natural Titanium iPhone 17 Pro mockup frame...
[fsi-main][Android - Chrome] [STDERR] ⚠️ [Mobile] Failed to apply glossy iPhone 17 Pro mockup frame overlay: page.evaluate: TypeError: Cannot read properties of null (reading 'appendChild')
    at eval (eval at evaluate (:302:30), <anonymous>:133:23)
    at UtilityScript.evaluate (<anonymous>:304:16)
    at UtilityScript.<anonymous> (<anonymous>:1:44)
[fsi-main][Android - Chrome] ✅ [Mobile] Thank you page or lead id detected in URL during contact loop. Exiting contact loop.
🔘 [Mobile] Scanning for additional dynamic steps...
[fsi-main][Android - Chrome] ✅ [Mobile] Thank you page detected during adaptive submit loop. Exiting loop.
[fsi-main][Android - Chrome] 🔘 [Mobile] Submitting form
[fsi-main][Android - Chrome] 💾 [Mobile] Setting hidden debt fields to: 9135
[fsi-main][Android - Chrome] ⏳ [Mobile] Waiting for submission navigation to complete
[fsi-main][Tablet - Chrome] 💻 [Tablet] Injecting high-fidelity glossy iPad Pro mockup frame...
[fsi-main][Tablet - Chrome] 🔘 [Mobile Rotation] Selected: "Other"
[1800-fresh-tax-x-main][Tablet - Chrome] 📋 Trace report successfully saved: traces/1800-fresh-tax-x-main_tablet.zip
✅ [3/6/2026, 7:13:23 pm] COMPLETED: 1800-fresh-tax-x-main [Tablet - Chrome][CHROMIUM]

================================================================
🚀 [3/6/2026, 7:13:23 pm] RUNNING: FSI - MAIN [DESKTOP - CHROME]
🔗 Target URL: https://fsimlf-trk.com/?a=659&oc=159&c=111&s1=
================================================================
[fsi-main][Tablet - Chrome] 🔘 [Mobile Rotation] Selected: "Self-Employed"
[fsi-main][Desktop - Chrome] 🔌 [Browser Interceptor] Intercepting and optimizing engine: CHROMIUM
[fsi-main][Desktop - Chrome] ◇ injected env (0) from .env // tip: ◈ encrypted .env [www.dotenvx.com]
[fsi-main][Desktop - Chrome] ◇ injected env (0) from .env // tip: ◈ secrets for agents [www.dotenvx.com]
[fsi-main][Desktop - Chrome] ◇ injected env (0) from .env // tip: ⌘ suppress logs { quiet: true }
[fsi-main][Tablet - Chrome] ✅ [Mobile] Reached a recognized terminal step. Stopping dynamic traversal.
[fsi-main][Tablet - Chrome] 🔘 [Mobile] Step 2: Selecting State
[fsi-main][Tablet - Chrome] ✅ [Mobile] Selected state dynamically: "Louisiana"
📝 [Mobile] step3 column set to State: "Louisiana"
[fsi-main][Tablet - Chrome] 🔘 [Mobile] Clicking active visible button: .next-btn:visible, .next-btn2:visible, .btn-next:visible
[fsi-main][Tablet - Chrome] ✅ [Mobile] Clicked: .next-btn:visible, .next-btn2:visible, .btn-next:visible
[fsi-main][Desktop - Chrome] ◇ injected env (0) from .env // tip: ⌘ override existing { override: true }
[fsi-main][Desktop - Chrome] ◇ injected env (0) from .env // tip: ◈ secrets for agents [www.dotenvx.com]
[fsi-main][Desktop - Chrome] 
🤖 ================================================================
[fsi-main][Desktop - Chrome] 🤖 MASTER RUNNER: LAUNCHING FSI - MAIN
🤖 Mode:            DESKTOP
[fsi-main][Desktop - Chrome] 🤖 Tracking URL:     https://fsimlf-trk.com/?a=659&oc=159&c=111&s1=
[fsi-main][Desktop - Chrome] 🤖 Target Sheet:    FSI - MAIN
🤖 ================================================================
[fsi-main][Desktop - Chrome] 🔌 [Browser Interceptor] Intercepting and optimizing engine: CHROMIUM
[fsi-main][Desktop - Chrome] 💻 Emulated Device Profile: DESKTOP - [Desktop - Chrome]
[fsi-main][Desktop - Chrome] 🔄 Processing lead for brand: FSI - MAIN
[fsi-main][Desktop - Chrome] 📊 Campaign execution run index: 68
[fsi-main][Desktop - Chrome] 📅 [Rotational Logic] Week 1 Day 3. Target Range: 7500-10000 (Max allowed by URL: 25000)
[fsi-main][Desktop - Chrome] 🔗 [Mobile] Navigating to: https://fsimlf-trk.com/?a=659&oc=159&c=111&s1=
[fsi-main][Tablet - Chrome] 💻 [Tablet] Injecting high-fidelity glossy iPad Pro mockup frame...
[1800-fresh-tax-x-main][Desktop - Chrome] [STDERR] ⚠️ [Mobile] Standard submit buttons not found, consulting AI Agent...
[1800-fresh-tax-x-main][Desktop - Chrome] 🤖 [AI Agent] Analyzing Submit button for global...
[fsi-main][Tablet - Chrome] 🔘 [Mobile] Step 3: Filling Contact Info (Dynamic Loop)...
[fsi-main][Tablet - Chrome] 💻 [Tablet] Injecting high-fidelity glossy iPad Pro mockup frame...
[1800-fresh-tax-x-main][Desktop - Chrome] ⏳ [Mobile] Waiting for final Thank You page redirection...
[1800-fresh-tax-x-main][Desktop - Chrome] ✅ [Mobile] Targeted final redirect URL achieved!
[1800-fresh-tax-x-main][Desktop - Chrome] ✅ [Mobile] Final Thank You URL: https://www.1800freshtax.com/thankyou_ts_checklist.php?debt=9398&leadid=AE6ACB38&reqid=26858641&affid=659&subid=#s1#
📋 [Pre-Fix] Thank-you URL before debt correction: https://www.1800freshtax.com/thankyou_ts_checklist.php?debt=9398&leadid=AE6ACB38&reqid=26858641&affid=659&subid=#s1#
[1800-fresh-tax-x-main][Desktop - Chrome] 💾 [Debt Debug] formPage.selectedSliderAmount = "9,398"
[1800-fresh-tax-x-main][Desktop - Chrome] 💾 [Debt Debug] selectedDebtNum (numeric) = "9398"
[1800-fresh-tax-x-main][Desktop - Chrome] 🔧 [Debt Fix] Current debt in URL: 9398, Should be: 9398
✅ [Debt Fix] Debt parameter already correct
[1800-fresh-tax-x-main][Desktop - Chrome] 📱 [Mobile Diagnostic] Full Thank You URL Parameters: {"debt":"9398","leadid":"AE6ACB38","reqid":"26858641","affid":"659","subid":""}
[1800-fresh-tax-x-main][Desktop - Chrome] ✅ [Mobile] Extracted Lead ID: AE6ACB38
📱 Device Type detected: Desktop - Chrome
[1800-fresh-tax-x-main][Desktop - Chrome] ✅ Lead captured: AE6ACB38
[1800-fresh-tax-x-main][Desktop - Chrome] 📡 Fetching First API data for Lead ID: AE6ACB38...
[fsi-main][Tablet - Chrome] ✅ [Mobile] Filled First Name: ckmtestpixel
[fsi-main][Tablet - Chrome] ✅ [Mobile] Filled Last Name: ckmtestpixel
[fsi-main][Tablet - Chrome] 🔘 [Mobile] Clicking active contact NEXT/SUBMIT button...
[1800-fresh-tax-x-main][Desktop - Chrome] [STDERR] ❌ First API Attempt 1 failed: Invalid URL
[1800-fresh-tax-x-main][Desktop - Chrome] ⏳ Retrying in 1 second...
[1800-fresh-tax-x-main][Desktop - Chrome] [STDERR] ❌ First API Attempt 2 failed: Invalid URL
[1800-fresh-tax-x-main][Desktop - Chrome] ⏳ Retrying in 1 second...
[fsi-main][Tablet - Chrome] 💻 [Tablet] Injecting high-fidelity glossy iPad Pro mockup frame...
[fsi-main][Tablet - Chrome] ✅ [Mobile] Filled Email: ckmtestpixel@gmail.com
[fsi-main][Tablet - Chrome] 🔘 [Mobile] Clicking active contact NEXT/SUBMIT button...
[1800-fresh-tax-x-main][Desktop - Chrome] [STDERR] ❌ First API Attempt 3 failed: Invalid URL
[1800-fresh-tax-x-main][Desktop - Chrome] 📡 Fetching Second API data for Lead ID: AE6ACB38...
[1800-fresh-tax-x-main][Desktop - Chrome] 📡 Standard Second API Payload: cake_id=AE6ACB38, domain_name=https://www.1800freshtax.com
[1800-fresh-tax-x-main][Desktop - Chrome] [STDERR] ❌ Second API Attempt 1 failed: Invalid URL
[1800-fresh-tax-x-main][Desktop - Chrome] ⏳ Retrying in 1 second to allow database synchronization...
[fsi-main][Desktop - Chrome] ✅ [Mobile] Page loaded successfully
[fsi-main][Desktop - Chrome] 💻 [Tablet] Injecting high-fidelity glossy iPad Pro mockup frame...
[fsi-main][Desktop - Chrome] 💻 [Tablet] Injecting high-fidelity glossy iPad Pro mockup frame...
[fsi-main][Desktop - Chrome] 📝 [Mobile] Starting mobile-specific form filling...
[fsi-main][Desktop - Chrome] 🔘 [Mobile] Step 1: Selecting Debt Amount (9,848)
[fsi-main][Desktop - Chrome] 🔘 [Mobile] Found jQuery UI Slider #slider. Setting value via jQuery and DOM evaluation...
[fsi-main][Desktop - Chrome] ✅ [Mobile] Set jQuery UI Slider #slider to 9,848
[fsi-main][Desktop - Chrome] 🔘 [Mobile] Clicking fallback button: button:has-text("NEXT"):visible
[fsi-main][Desktop - Chrome] ✅ [Mobile] Clicked fallback: button:has-text("NEXT"):visible
[1800-fresh-tax-x-main][Desktop - Chrome] 📡 Standard Second API Payload: cake_id=AE6ACB38, domain_name=https://www.1800freshtax.com
[1800-fresh-tax-x-main][Desktop - Chrome] [STDERR] ❌ Second API Attempt 2 failed: Invalid URL
[1800-fresh-tax-x-main][Desktop - Chrome] ⏳ Retrying in 1 second to allow database synchronization...
[fsi-main][Tablet - Chrome] 💻 [Tablet] Injecting high-fidelity glossy iPad Pro mockup frame...
[fsi-main][Tablet - Chrome] ✅ [Mobile] Filled Phone: 401-247-1067
[fsi-main][Tablet - Chrome] 🔘 [Mobile] Clicking active contact NEXT/SUBMIT button...
[1800-fresh-tax-x-main][Desktop - Chrome] 📡 Standard Second API Payload: cake_id=AE6ACB38, domain_name=https://www.1800freshtax.com
[1800-fresh-tax-x-main][Desktop - Chrome] [STDERR] ❌ Second API Attempt 3 failed: Invalid URL
[1800-fresh-tax-x-main][Desktop - Chrome] ⏳ Retrying in 1 second to allow database synchronization...
[fsi-main][Desktop - Chrome] 💻 [Tablet] Injecting high-fidelity glossy iPad Pro mockup frame...
[fsi-main][Desktop - Chrome] 🔘 [Mobile Rotation] Selected: "IRS Back Tax"
[1800-fresh-tax-x-main][Desktop - Chrome] 📡 Standard Second API Payload: cake_id=AE6ACB38, domain_name=https://www.1800freshtax.com
[1800-fresh-tax-x-main][Desktop - Chrome] [STDERR] ❌ Second API Attempt 4 failed: Invalid URL
[1800-fresh-tax-x-main][Desktop - Chrome] ⏳ Retrying in 1 second to allow database synchronization...
[fsi-main][Desktop - Chrome] 🔘 [Mobile Rotation] Selected: "Unemployed"
[1800-fresh-tax-x-main][Desktop - Chrome] 📡 Standard Second API Payload: cake_id=AE6ACB38, domain_name=https://www.1800freshtax.com
[1800-fresh-tax-x-main][Desktop - Chrome] [STDERR] ❌ Second API Attempt 5 failed: Invalid URL
[1800-fresh-tax-x-main][Desktop - Chrome] 📡 [Rest-Assurance] Verifying Lead ID: AE6ACB38 via Backend...
[1800-fresh-tax-x-main][Desktop - Chrome] [STDERR] 🛡️  [Rest-Assurance] VERIFICATION_FAILED: Invalid URL
[fsi-main][Desktop - Chrome] ✅ [Mobile] Reached a recognized terminal step. Stopping dynamic traversal.
[fsi-main][Desktop - Chrome] 🔘 [Mobile] Step 2: Selecting State
[1800-fresh-tax-x-main][Desktop - Chrome] [STDERR] (node:21768) Warning: Setting the NODE_TLS_REJECT_UNAUTHORIZED environment variable to '0' makes TLS connections and HTTPS requests insecure by disabling certificate verification.
(Use `node --trace-warnings ...` to show where the warning was created)
[fsi-main][Desktop - Chrome] ✅ [Mobile] Selected state dynamically: "Maine"
📝 [Mobile] step3 column set to State: "Maine"
[fsi-main][Desktop - Chrome] 🔘 [Mobile] Clicking active visible button: .next-btn:visible, .next-btn2:visible, .btn-next:visible
[fsi-main][Desktop - Chrome] ✅ [Mobile] Clicked: .next-btn:visible, .next-btn2:visible, .btn-next:visible
[fsi-main][Tablet - Chrome] 💻 [Tablet] Injecting high-fidelity glossy iPad Pro mockup frame...
[fsi-main][Tablet - Chrome] [STDERR] ⚠️ [Tablet] Failed to apply glossy iPad Pro mockup frame overlay: page.evaluate: TypeError: Cannot read properties of null (reading 'appendChild')
    at eval (eval at evaluate (:302:30), <anonymous>:104:23)
    at UtilityScript.evaluate (<anonymous>:304:16)
    at UtilityScript.<anonymous> (<anonymous>:1:44)
[fsi-main][Tablet - Chrome] ✅ [Mobile] Thank you page or lead id detected in URL during contact loop. Exiting contact loop.
🔘 [Mobile] Scanning for additional dynamic steps...
[fsi-main][Tablet - Chrome] ✅ [Mobile] Thank you page detected during adaptive submit loop. Exiting loop.
[fsi-main][Tablet - Chrome] 🔘 [Mobile] Submitting form
[fsi-main][Tablet - Chrome] 💾 [Mobile] Setting hidden debt fields to: 8536
[fsi-main][Tablet - Chrome] ⏳ [Mobile] Waiting for submission navigation to complete
[fsi-main][Desktop - Chrome] 💻 [Tablet] Injecting high-fidelity glossy iPad Pro mockup frame...
[fsi-main][Desktop - Chrome] 🔘 [Mobile] Step 3: Filling Contact Info (Dynamic Loop)...
[fsi-main][Desktop - Chrome] 💻 [Tablet] Injecting high-fidelity glossy iPad Pro mockup frame...
[fsi-main][Desktop - Chrome] ✅ [Mobile] Filled First Name: ckmtestpixel
[fsi-main][Desktop - Chrome] ✅ [Mobile] Filled Last Name: ckmtestpixel
[fsi-main][Desktop - Chrome] 🔘 [Mobile] Clicking active contact NEXT/SUBMIT button...
[1800-fresh-tax-x-main][Desktop - Chrome] ✅ Row appended successfully to sheet: 1800 Fresh Tax (X) Main
[1800-fresh-tax-x-main][Desktop - Chrome] ✨ Professional formatting applied to 1800 Fresh Tax (X) Main
[1800-fresh-tax-x-main][Desktop - Chrome] 🤖 [AI Agent Audit] Status: FAIL
🤖 [AI Agent Audit] Details: MISMATCH DETECTED: UI 9,398 Expected 7,500 but API got undefined
[1800-fresh-tax-x-main][Desktop - Chrome] [STDERR] 🚨 [AI Agent] Data mismatch detected for 1800 Fresh Tax (X) Main. Please review Google Sheet.
[1800-fresh-tax-x-main][Desktop - Chrome] ✅ Lead processed successfully for 1800 Fresh Tax (X) Main
[fsi-main][Desktop - Chrome] 💻 [Tablet] Injecting high-fidelity glossy iPad Pro mockup frame...
[fsi-main][Desktop - Chrome] ✅ [Mobile] Filled Email: ckmtestpixel@gmail.com
[fsi-main][Desktop - Chrome] 🔘 [Mobile] Clicking active contact NEXT/SUBMIT button...
[1800-fresh-tax-x-main][Desktop - Chrome] 🎥 Video saved successfully: traces/videos/1800 Fresh Tax (X) Main_1800_Fresh_Tax_(X)_Main.webm
[1800-fresh-tax-x-main][Desktop - Chrome] 
✅ Execution successfully processed! { success: true, leadId: 'AE6ACB38', brand: '1800 Fresh Tax (X) Main' }
[1800-fresh-tax-x-main][Desktop - Chrome] 📋 Trace report successfully saved: traces/1800-fresh-tax-x-main_desktop.zip
✅ [3/6/2026, 7:13:39 pm] COMPLETED: 1800-fresh-tax-x-main [Desktop - Chrome][CHROMIUM]
[fsi-main][Desktop - Chrome] 💻 [Tablet] Injecting high-fidelity glossy iPad Pro mockup frame...
[fsi-main][Desktop - Chrome] ✅ [Mobile] Filled Phone: 401-247-1068
[fsi-main][Desktop - Chrome] 🔘 [Mobile] Clicking active contact NEXT/SUBMIT button...
[fsi-main][Desktop - Chrome] 💻 [Tablet] Injecting high-fidelity glossy iPad Pro mockup frame...
[fsi-main][Desktop - Chrome] [STDERR] ⚠️ [Tablet] Failed to apply glossy iPad Pro mockup frame overlay: page.evaluate: TypeError: Cannot read properties of null (reading 'appendChild')
    at eval (eval at evaluate (:302:30), <anonymous>:104:23)
    at UtilityScript.evaluate (<anonymous>:304:16)
    at UtilityScript.<anonymous> (<anonymous>:1:44)
[fsi-main][Desktop - Chrome] ✅ [Mobile] Thank you page or lead id detected in URL during contact loop. Exiting contact loop.
🔘 [Mobile] Scanning for additional dynamic steps...
[fsi-main][Desktop - Chrome] ✅ [Mobile] Thank you page detected during adaptive submit loop. Exiting loop.
[fsi-main][Desktop - Chrome] 🔘 [Mobile] Submitting form
[fsi-main][Desktop - Chrome] 💾 [Mobile] Setting hidden debt fields to: 9848
[fsi-main][Android - Chrome] [STDERR] ⚠️ [Mobile] Standard submit buttons not found, consulting AI Agent...
[fsi-main][Android - Chrome] 🤖 [AI Agent] Analyzing Submit button for global...
[fsi-main][Android - Chrome] ⏳ [Mobile] Waiting for final Thank You page redirection...
[fsi-main][Android - Chrome] ✅ [Mobile] Targeted final redirect URL achieved!
[fsi-main][Android - Chrome] ✅ [Mobile] Final Thank You URL: https://www.fresh-start-initiative.com/ty.rs/?debt=9135&leadid=9448719D&reqid=26858642&affid=659&subid=#s1#
📋 [Pre-Fix] Thank-you URL before debt correction: https://www.fresh-start-initiative.com/ty.rs/?debt=9135&leadid=9448719D&reqid=26858642&affid=659&subid=#s1#
[fsi-main][Android - Chrome] 💾 [Debt Debug] formPage.selectedSliderAmount = "9,135"
[fsi-main][Android - Chrome] 💾 [Debt Debug] selectedDebtNum (numeric) = "9135"
[fsi-main][Android - Chrome] 🔧 [Debt Fix] Current debt in URL: 9135, Should be: 9135
[fsi-main][Android - Chrome] ✅ [Debt Fix] Debt parameter already correct
[fsi-main][Android - Chrome] 📱 [Mobile Diagnostic] Full Thank You URL Parameters: {"debt":"9135","leadid":"9448719D","reqid":"26858642","affid":"659","subid":""}
[fsi-main][Android - Chrome] ✅ [Mobile] Extracted Lead ID: 9448719D
[fsi-main][Android - Chrome] 📱 Device Type detected: Android - Chrome
[fsi-main][Android - Chrome] ✅ Lead captured: 9448719D
[fsi-main][Android - Chrome] 📡 Fetching First API data for Lead ID: 9448719D...
[fsi-main][Desktop - Chrome] ⏳ [Mobile] Waiting for submission navigation to complete
[fsi-main][Android - Chrome] [STDERR] ❌ First API Attempt 1 failed: Invalid URL
[fsi-main][Android - Chrome] ⏳ Retrying in 1 second...
[fsi-main][Android - Chrome] [STDERR] ❌ First API Attempt 2 failed: Invalid URL
[fsi-main][Android - Chrome] ⏳ Retrying in 1 second...
[fsi-main][Android - Chrome] [STDERR] ❌ First API Attempt 3 failed: Invalid URL
[fsi-main][Android - Chrome] 📡 Fetching Second API data for Lead ID: 9448719D...
[fsi-main][Android - Chrome] 📡 Standard Second API Payload: cake_id=9448719D, domain_name=https://www.freshstartinitiative.com
[fsi-main][Android - Chrome] [STDERR] ❌ Second API Attempt 1 failed: Invalid URL
[fsi-main][Android - Chrome] ⏳ Retrying in 1 second to allow database synchronization...
[fsi-main][Android - Chrome] 📡 Standard Second API Payload: cake_id=9448719D, domain_name=https://www.freshstartinitiative.com
[fsi-main][Android - Chrome] [STDERR] ❌ Second API Attempt 2 failed: Invalid URL
[fsi-main][Android - Chrome] ⏳ Retrying in 1 second to allow database synchronization...
[fsi-main][Android - Chrome] 📡 Standard Second API Payload: cake_id=9448719D, domain_name=https://www.freshstartinitiative.com
[fsi-main][Android - Chrome] [STDERR] ❌ Second API Attempt 3 failed: Invalid URL
[fsi-main][Android - Chrome] ⏳ Retrying in 1 second to allow database synchronization...
[fsi-main][Android - Chrome] 📡 Standard Second API Payload: cake_id=9448719D, domain_name=https://www.freshstartinitiative.com
[fsi-main][Android - Chrome] [STDERR] ❌ Second API Attempt 4 failed: Invalid URL
[fsi-main][Android - Chrome] ⏳ Retrying in 1 second to allow database synchronization...
[fsi-main][Android - Chrome] 📡 Standard Second API Payload: cake_id=9448719D, domain_name=https://www.freshstartinitiative.com
[fsi-main][Android - Chrome] [STDERR] ❌ Second API Attempt 5 failed: Invalid URL
[fsi-main][Android - Chrome] 📡 [Rest-Assurance] Verifying Lead ID: 9448719D via Backend...
[fsi-main][Android - Chrome] [STDERR] 🛡️  [Rest-Assurance] VERIFICATION_FAILED: Invalid URL
[fsi-main][Android - Chrome] [STDERR] (node:34460) Warning: Setting the NODE_TLS_REJECT_UNAUTHORIZED environment variable to '0' makes TLS connections and HTTPS requests insecure by disabling certificate verification.
(Use `node --trace-warnings ...` to show where the warning was created)
[fsi-main][Android - Chrome] ✅ Row appended successfully to sheet: FSI - MAIN
[fsi-main][Android - Chrome] ✨ Professional formatting applied to FSI - MAIN
[fsi-main][Android - Chrome] 🤖 [AI Agent Audit] Status: FAIL
🤖 [AI Agent Audit] Details: MISMATCH DETECTED: UI 9,135 Expected 7,500 but API got undefined
[fsi-main][Android - Chrome] [STDERR] 🚨 [AI Agent] Data mismatch detected for FSI - MAIN Mobile. Please review Google Sheet.
[fsi-main][Android - Chrome] ✅ Lead processed successfully for FSI - MAIN Mobile
[fsi-main][Tablet - Chrome] [STDERR] ⚠️ [Mobile] Standard submit buttons not found, consulting AI Agent...
[fsi-main][Tablet - Chrome] 🤖 [AI Agent] Analyzing Submit button for global...
[fsi-main][Tablet - Chrome] ⏳ [Mobile] Waiting for final Thank You page redirection...
[fsi-main][Tablet - Chrome] ✅ [Mobile] Targeted final redirect URL achieved!
[fsi-main][Tablet - Chrome] ✅ [Mobile] Final Thank You URL: https://www.fresh-start-initiative.com/ty.rs/?debt=8536&leadid=94E42E1D&reqid=26858644&affid=659&subid=#s1#
📋 [Pre-Fix] Thank-you URL before debt correction: https://www.fresh-start-initiative.com/ty.rs/?debt=8536&leadid=94E42E1D&reqid=26858644&affid=659&subid=#s1#
[fsi-main][Tablet - Chrome] 💾 [Debt Debug] formPage.selectedSliderAmount = "8,536"
💾 [Debt Debug] selectedDebtNum (numeric) = "8536"
[fsi-main][Tablet - Chrome] 🔧 [Debt Fix] Current debt in URL: 8536, Should be: 8536
✅ [Debt Fix] Debt parameter already correct
[fsi-main][Tablet - Chrome] 📱 [Mobile Diagnostic] Full Thank You URL Parameters: {"debt":"8536","leadid":"94E42E1D","reqid":"26858644","affid":"659","subid":""}
[fsi-main][Tablet - Chrome] ✅ [Mobile] Extracted Lead ID: 94E42E1D
[fsi-main][Tablet - Chrome] 📱 Device Type detected: Tablet - Chrome
[fsi-main][Tablet - Chrome] ✅ Lead captured: 94E42E1D
[fsi-main][Tablet - Chrome] 📡 Fetching First API data for Lead ID: 94E42E1D...
[fsi-main][Tablet - Chrome] [STDERR] ❌ First API Attempt 1 failed: Invalid URL
[fsi-main][Tablet - Chrome] ⏳ Retrying in 1 second...
[fsi-main][Tablet - Chrome] [STDERR] ❌ First API Attempt 2 failed: Invalid URL
[fsi-main][Tablet - Chrome] ⏳ Retrying in 1 second...
[fsi-main][Android - Chrome] 🎥 Video saved successfully: traces/videos/FSI - MAIN_FSI_-_MAIN_Mobile.webm
[fsi-main][Android - Chrome] 
✅ Execution successfully processed! { success: true, leadId: '9448719D', brand: 'FSI - MAIN Mobile' }
[fsi-main][Tablet - Chrome] [STDERR] ❌ First API Attempt 3 failed: Invalid URL
[fsi-main][Tablet - Chrome] 📡 Fetching Second API data for Lead ID: 94E42E1D...
[fsi-main][Tablet - Chrome] 📡 Standard Second API Payload: cake_id=94E42E1D, domain_name=https://www.freshstartinitiative.com
[fsi-main][Tablet - Chrome] [STDERR] ❌ Second API Attempt 1 failed: Invalid URL
[fsi-main][Tablet - Chrome] ⏳ Retrying in 1 second to allow database synchronization...
[fsi-main][Tablet - Chrome] 📡 Standard Second API Payload: cake_id=94E42E1D, domain_name=https://www.freshstartinitiative.com
[fsi-main][Tablet - Chrome] [STDERR] ❌ Second API Attempt 2 failed: Invalid URL
[fsi-main][Tablet - Chrome] ⏳ Retrying in 1 second to allow database synchronization...
[fsi-main][Android - Chrome] 📋 Trace report successfully saved: traces/fsi-main_mobile.zip
[fsi-main][Tablet - Chrome] 📡 Standard Second API Payload: cake_id=94E42E1D, domain_name=https://www.freshstartinitiative.com
[fsi-main][Tablet - Chrome] [STDERR] ❌ Second API Attempt 3 failed: Invalid URL
[fsi-main][Tablet - Chrome] ⏳ Retrying in 1 second to allow database synchronization...
✅ [3/6/2026, 7:13:58 pm] COMPLETED: fsi-main [Android - Chrome][CHROMIUM]
[fsi-main][Tablet - Chrome] 📡 Standard Second API Payload: cake_id=94E42E1D, domain_name=https://www.freshstartinitiative.com
[fsi-main][Tablet - Chrome] [STDERR] ❌ Second API Attempt 4 failed: Invalid URL
[fsi-main][Tablet - Chrome] ⏳ Retrying in 1 second to allow database synchronization...
[fsi-main][Tablet - Chrome] 📡 Standard Second API Payload: cake_id=94E42E1D, domain_name=https://www.freshstartinitiative.com
[fsi-main][Tablet - Chrome] [STDERR] ❌ Second API Attempt 5 failed: Invalid URL
[fsi-main][Tablet - Chrome] 📡 [Rest-Assurance] Verifying Lead ID: 94E42E1D via Backend...
[fsi-main][Tablet - Chrome] [STDERR] 🛡️  [Rest-Assurance] VERIFICATION_FAILED: Invalid URL
[fsi-main][Tablet - Chrome] [STDERR] (node:16420) Warning: Setting the NODE_TLS_REJECT_UNAUTHORIZED environment variable to '0' makes TLS connections and HTTPS requests insecure by disabling certificate verification.
(Use `node --trace-warnings ...` to show where the warning was created)
[fsi-main][Tablet - Chrome] ✅ Row appended successfully to sheet: FSI - MAIN
[fsi-main][Desktop - Chrome] [STDERR] ⚠️ [Mobile] Standard submit buttons not found, consulting AI Agent...
[fsi-main][Desktop - Chrome] 🤖 [AI Agent] Analyzing Submit button for global...
[fsi-main][Desktop - Chrome] ⏳ [Mobile] Waiting for final Thank You page redirection...
[fsi-main][Desktop - Chrome] ✅ [Mobile] Targeted final redirect URL achieved!
[fsi-main][Desktop - Chrome] ✅ [Mobile] Final Thank You URL: https://www.fresh-start-initiative.com/ty.rs/?debt=9848&leadid=24C426FC&reqid=26858645&affid=659&subid=#s1#
📋 [Pre-Fix] Thank-you URL before debt correction: https://www.fresh-start-initiative.com/ty.rs/?debt=9848&leadid=24C426FC&reqid=26858645&affid=659&subid=#s1#
[fsi-main][Desktop - Chrome] 💾 [Debt Debug] formPage.selectedSliderAmount = "9,848"
💾 [Debt Debug] selectedDebtNum (numeric) = "9848"
[fsi-main][Desktop - Chrome] 🔧 [Debt Fix] Current debt in URL: 9848, Should be: 9848
✅ [Debt Fix] Debt parameter already correct
[fsi-main][Desktop - Chrome] 📱 [Mobile Diagnostic] Full Thank You URL Parameters: {"debt":"9848","leadid":"24C426FC","reqid":"26858645","affid":"659","subid":""}
[fsi-main][Desktop - Chrome] ✅ [Mobile] Extracted Lead ID: 24C426FC
📱 Device Type detected: Desktop - Chrome
[fsi-main][Desktop - Chrome] ✅ Lead captured: 24C426FC
[fsi-main][Desktop - Chrome] 📡 Fetching First API data for Lead ID: 24C426FC...
[fsi-main][Desktop - Chrome] [STDERR] ❌ First API Attempt 1 failed: Invalid URL
[fsi-main][Desktop - Chrome] ⏳ Retrying in 1 second...
[fsi-main][Tablet - Chrome] ✨ Professional formatting applied to FSI - MAIN
[fsi-main][Tablet - Chrome] 🤖 [AI Agent Audit] Status: FAIL
🤖 [AI Agent Audit] Details: MISMATCH DETECTED: UI 8,536 Expected 7,500 but API got undefined
[fsi-main][Tablet - Chrome] [STDERR] 🚨 [AI Agent] Data mismatch detected for FSI - MAIN Tablet. Please review Google Sheet.
[fsi-main][Tablet - Chrome] ✅ Lead processed successfully for FSI - MAIN Tablet
[fsi-main][Desktop - Chrome] [STDERR] ❌ First API Attempt 2 failed: Invalid URL
[fsi-main][Desktop - Chrome] ⏳ Retrying in 1 second...
[fsi-main][Desktop - Chrome] [STDERR] ❌ First API Attempt 3 failed: Invalid URL
[fsi-main][Desktop - Chrome] 📡 Fetching Second API data for Lead ID: 24C426FC...
[fsi-main][Desktop - Chrome] 📡 Standard Second API Payload: cake_id=24C426FC, domain_name=https://www.freshstartinitiative.com
[fsi-main][Desktop - Chrome] [STDERR] ❌ Second API Attempt 1 failed: Invalid URL
[fsi-main][Desktop - Chrome] ⏳ Retrying in 1 second to allow database synchronization...
[fsi-main][Desktop - Chrome] 📡 Standard Second API Payload: cake_id=24C426FC, domain_name=https://www.freshstartinitiative.com
[fsi-main][Desktop - Chrome] [STDERR] ❌ Second API Attempt 2 failed: Invalid URL
[fsi-main][Desktop - Chrome] ⏳ Retrying in 1 second to allow database synchronization...
[fsi-main][Desktop - Chrome] 📡 Standard Second API Payload: cake_id=24C426FC, domain_name=https://www.freshstartinitiative.com
[fsi-main][Desktop - Chrome] [STDERR] ❌ Second API Attempt 3 failed: Invalid URL
[fsi-main][Desktop - Chrome] ⏳ Retrying in 1 second to allow database synchronization...
[fsi-main][Tablet - Chrome] 🎥 Video saved successfully: traces/videos/FSI - MAIN_FSI_-_MAIN_Tablet.webm
[fsi-main][Tablet - Chrome] 
✅ Execution successfully processed! { success: true, leadId: '94E42E1D', brand: 'FSI - MAIN Tablet' }
[fsi-main][Desktop - Chrome] 📡 Standard Second API Payload: cake_id=24C426FC, domain_name=https://www.freshstartinitiative.com
[fsi-main][Desktop - Chrome] [STDERR] ❌ Second API Attempt 4 failed: Invalid URL
[fsi-main][Desktop - Chrome] ⏳ Retrying in 1 second to allow database synchronization...
[fsi-main][Desktop - Chrome] 📡 Standard Second API Payload: cake_id=24C426FC, domain_name=https://www.freshstartinitiative.com
[fsi-main][Desktop - Chrome] [STDERR] ❌ Second API Attempt 5 failed: Invalid URL
[fsi-main][Desktop - Chrome] 📡 [Rest-Assurance] Verifying Lead ID: 24C426FC via Backend...
[fsi-main][Desktop - Chrome] [STDERR] 🛡️  [Rest-Assurance] VERIFICATION_FAILED: Invalid URL
[fsi-main][Desktop - Chrome] [STDERR] (node:33288) Warning: Setting the NODE_TLS_REJECT_UNAUTHORIZED environment variable to '0' makes TLS connections and HTTPS requests insecure by disabling certificate verification.
(Use `node --trace-warnings ...` to show where the warning was created)
[fsi-main][Tablet - Chrome] 📋 Trace report successfully saved: traces/fsi-main_tablet.zip
✅ [3/6/2026, 7:14:10 pm] COMPLETED: fsi-main [Tablet - Chrome][CHROMIUM]
[fsi-main][Desktop - Chrome] ✅ Row appended successfully to sheet: FSI - MAIN
[fsi-main][Desktop - Chrome] ✨ Professional formatting applied to FSI - MAIN
[fsi-main][Desktop - Chrome] 🤖 [AI Agent Audit] Status: FAIL
🤖 [AI Agent Audit] Details: MISMATCH DETECTED: UI 9,848 Expected 7,500 but API got undefined
[fsi-main][Desktop - Chrome] [STDERR] 🚨 [AI Agent] Data mismatch detected for FSI - MAIN. Please review Google Sheet.
[fsi-main][Desktop - Chrome] ✅ Lead processed successfully for FSI - MAIN
[fsi-main][Desktop - Chrome] 🎥 Video saved successfully: traces/videos/FSI - MAIN_FSI_-_MAIN.webm
[fsi-main][Desktop - Chrome] 
✅ Execution successfully processed! { success: true, leadId: '24C426FC', brand: 'FSI - MAIN' }
[fsi-main][Desktop - Chrome] 📋 Trace report successfully saved: traces/fsi-main_desktop.zip
✅ [3/6/2026, 7:14:18 pm] COMPLETED: fsi-main [Desktop - Chrome][CHROMIUM]

📊 ================================================================
📊 BATCH COMPLETED IN 14.29 MINUTES
📊 Total Runners Executed: 53
📊 Succeeded:              51
📊 Failed:                 2
📊 ================================================================
🕕 [Scheduler] Dispatching Batch Intelligence Report...
===================================================== 
SCHEDULER FINISHED AT: 03-06-2026 19:14:19.22 
===================================================== 
