===================================================== 
SCHEDULER STARTED AT: 18-05-2026 13:18:35.21 
===================================================== 
Cleaning up existing browser processes... 
Running Playwright batch scheduler... 
◇ injected env (17) from .env // tip: ◈ secrets for agents [www.dotenvx.com]
◇ injected env (0) from .env // tip: ⌁ auth for agents [www.vestauth.com]

🤖 ================================================================
🤖 STARTING LEADS AUTOMATION BATCH RUN [18/5/2026, 1:18:39 pm]
🤖 Interval configured: every 3 hours
🤖 ================================================================

🤖 [FLM Agent] Starting Global URL Health Verification...
🤖 [FLM Agent] Pre-flight check: Verifying health for FTD-X...
🔴 [FLM Agent] FTD-X is DOWN: getaddrinfo ENOTFOUND mlfftd.com
🤖 [FLM Agent] Pre-flight check: Verifying health for FSI-PPC2...
🔴 [FLM Agent] FSI-PPC2 is DOWN: getaddrinfo ENOTFOUND fsimlf-trk.com
🤖 [FLM Agent] Pre-flight check: Verifying health for TRA-CPL...
🔴 [FLM Agent] TRA-CPL is DOWN: getaddrinfo ENOTFOUND flmtra.com
🤖 [FLM Agent] Pre-flight check: Verifying health for TRA-D3...
🔴 [FLM Agent] TRA-D3 is DOWN: getaddrinfo ENOTFOUND flmtra.com
🤖 [FLM Agent] Pre-flight check: Verifying health for PPC-ST...
🔴 [FLM Agent] PPC-ST is DOWN: getaddrinfo ENOTFOUND flmtra.com
🤖 [FLM Agent] Pre-flight check: Verifying health for PPC-ST2...
🔴 [FLM Agent] PPC-ST2 is DOWN: getaddrinfo ENOTFOUND flmtra.com
🤖 [FLM Agent] Pre-flight check: Verifying health for PPC-M-CA...
🔴 [FLM Agent] PPC-M-CA is DOWN: getaddrinfo ENOTFOUND flmtra.com
🤖 [FLM Agent] Pre-flight check: Verifying health for PPC CR...
🔴 [FLM Agent] PPC CR is DOWN: getaddrinfo ENOTFOUND flmtra.com
🤖 [FLM Agent] Pre-flight check: Verifying health for PPC FS...
🔴 [FLM Agent] PPC FS is DOWN: getaddrinfo ENOTFOUND flmtra.com
🤖 [FLM Agent] Pre-flight check: Verifying health for PPC...
🔴 [FLM Agent] PPC is DOWN: getaddrinfo ENOTFOUND flmtra.com
🤖 [FLM Agent] Pre-flight check: Verifying health for TRA-CPM...
🔴 [FLM Agent] TRA-CPM is DOWN: getaddrinfo ENOTFOUND flmtra.com
🤖 [FLM Agent] Pre-flight check: Verifying health for FTH-X...
🔴 [FLM Agent] FTH-X is DOWN: getaddrinfo ENOTFOUND fthmlf-trk.com
🤖 [FLM Agent] Pre-flight check: Verifying health for Everest Tax Releif(X)...
🔴 [FLM Agent] Everest Tax Releif(X) is DOWN: getaddrinfo ENOTFOUND mlf-trk.com
🤖 [FLM Agent] Pre-flight check: Verifying health for VTS Original...
🔴 [FLM Agent] VTS Original is DOWN: getaddrinfo ENOTFOUND mlfvts-trk.com
🤖 [FLM Agent] Pre-flight check: Verifying health for 1800 Fresh Tax (X) Main...
🔴 [FLM Agent] 1800 Fresh Tax (X) Main is DOWN: getaddrinfo ENOTFOUND flmtrk.com
🤖 [FLM Agent] Pre-flight check: Verifying health for FSI - MAIN...
🔴 [FLM Agent] FSI - MAIN is DOWN: getaddrinfo ENOTFOUND fsimlf-trk.com
🤖 [FLM Agent] Global Health Verification Complete.


================================================================
⚡ Processing Campaign Matrix: [FTD-X]
================================================================

================================================================
🚀 [18/5/2026, 1:18:40 pm] RUNNING: FTD-X [ANDROID - CHROME]
🔗 Target URL: https://mlfftd.com/?a=659&oc=656&c=167&s1=
================================================================
[ftd-x][Android - Chrome] 🔌 [Browser Interceptor] Intercepting and optimizing engine: CHROMIUM
[ftd-x][Android - Chrome] ◇ injected env (0) from .env // tip: ⌘ override existing { override: true }
[ftd-x][Android - Chrome] ◇ injected env (0) from .env // tip: ⌘ custom filepath { path: '/custom/path/.env' }
[ftd-x][Android - Chrome] ◇ injected env (0) from .env // tip: ⌁ auth for agents [www.vestauth.com]
[ftd-x][Android - Chrome] ◇ injected env (0) from .env // tip: ◈ encrypted .env [www.dotenvx.com]
[ftd-x][Android - Chrome] ◇ injected env (0) from .env // tip: ⌁ auth for agents [www.vestauth.com]
[ftd-x][Android - Chrome] 
🤖 ================================================================
🤖 MASTER RUNNER: LAUNCHING FTD-X
[ftd-x][Android - Chrome] 🤖 Mode:            MOBILE
🤖 Tracking URL:     https://mlfftd.com/?a=659&oc=656&c=167&s1=
🤖 Target Sheet:    FTD-X
🤖 ================================================================
[ftd-x][Android - Chrome] 🔌 [Browser Interceptor] Intercepting and optimizing engine: CHROMIUM
[ftd-x][Android - Chrome] 📋 Emulated Device Profile: MOBILE (Pixel 7) - [Android - Chrome]
[ftd-x][Android - Chrome] ⏳ Delaying 200ms to allow responsive layouts to mount...
[ftd-x][Android - Chrome] 🔄 Processing lead for brand: FTD-X Mobile
[ftd-x][Android - Chrome] 📊 Campaign execution run index: 76
[ftd-x][Android - Chrome] 🎯 Enforcing dynamic credentials & parameters:
   - First Name:   ckmtestpixel
   - Last Name:    ckmtestpixel
   - Email:        ckmtestpixel@gmail.com
[ftd-x][Android - Chrome]    - Phone Number: 401-247-1076
   - Slider Value: 1,15,253
   - State Value:  Nebraska (NE)
[ftd-x][Android - Chrome] 🔗 [Mobile] Navigating to: https://mlfftd.com/?a=659&oc=656&c=167&s1=
[ftd-x][Android - Chrome] [STDERR] ❌ Failed processing FTD-X Mobile: page.goto: net::ERR_INTERNET_DISCONNECTED at https://mlfftd.com/?a=659&oc=656&c=167&s1=
Call log:
[2m  - navigating to "https://mlfftd.com/?a=659&oc=656&c=167&s1=", waiting until "networkidle"[22m

[ftd-x][Android - Chrome] 
✅ Execution successfully processed! {
  success: false,
  error: 'page.goto: net::ERR_INTERNET_DISCONNECTED at https://mlfftd.com/?a=659&oc=656&c=167&s1=\n' +
    'Call log:\n' +
    '\x1B[2m  - navigating to "https://mlfftd.com/?a=659&oc=656&c=167&s1=", waiting until "networkidle"\x1B[22m\n',
  brand: 'FTD-X Mobile'
}
[ftd-x][Android - Chrome] 📋 Trace report successfully saved: traces/ftd-x_mobile.zip
✅ [18/5/2026, 1:19:12 pm] COMPLETED: ftd-x [Android - Chrome][CHROMIUM]

================================================================
🚀 [18/5/2026, 1:19:12 pm] RUNNING: FTD-X [ANDROID - FIREFOX]
🔗 Target URL: https://mlfftd.com/?a=659&oc=656&c=167&s1=
================================================================
[ftd-x][Android - Firefox] 🔌 [Browser Interceptor] Intercepting and optimizing engine: FIREFOX
[ftd-x][Android - Firefox] ◇ injected env (0) from .env // tip: ◈ encrypted .env [www.dotenvx.com]
[ftd-x][Android - Firefox] ◇ injected env (0) from .env // tip: ⌘ custom filepath { path: '/custom/path/.env' }
[ftd-x][Android - Firefox] ◇ injected env (0) from .env // tip: ⌁ auth for agents [www.vestauth.com]
[ftd-x][Android - Firefox] ◇ injected env (0) from .env // tip: ⌘ multiple files { path: ['.env.local', '.env'] }
[ftd-x][Android - Firefox] ◇ injected env (0) from .env // tip: ◈ encrypted .env [www.dotenvx.com]
[ftd-x][Android - Firefox] 
🤖 ================================================================
[ftd-x][Android - Firefox] 🤖 MASTER RUNNER: LAUNCHING FTD-X
🤖 Mode:            MOBILE
🤖 Tracking URL:     https://mlfftd.com/?a=659&oc=656&c=167&s1=
🤖 Target Sheet:    FTD-X
🤖 ================================================================
[ftd-x][Android - Firefox] 🔌 [Browser Interceptor] Intercepting and optimizing engine: FIREFOX
[ftd-x][Android - Firefox] 📋 Emulated Device Profile: MOBILE (Pixel 7) - [Android - Firefox]
🔌 [Browser Interceptor] Sanitizing mobile context options for Firefox emulation...
🔌 [Browser Interceptor] Sanitizing mobile context options for Firefox emulation...
[ftd-x][Android - Firefox] ⏳ Delaying 200ms to allow responsive layouts to mount...
[ftd-x][Android - Firefox] 🔄 Processing lead for brand: FTD-X Mobile
[ftd-x][Android - Firefox] 📊 Campaign execution run index: 77
[ftd-x][Android - Firefox] 🎯 Enforcing dynamic credentials & parameters:
   - First Name:   ckmtestpixel
[ftd-x][Android - Firefox]    - Last Name:    ckmtestpixel
   - Email:        ckmtestpixel@gmail.com
   - Phone Number: 401-247-1077
   - Slider Value: 4,170
   - State Value:  Nevada (NV)
[ftd-x][Android - Firefox] 🔗 [Mobile] Navigating to: https://mlfftd.com/?a=659&oc=656&c=167&s1=
[ftd-x][Android - Firefox] [STDERR] ❌ Failed processing FTD-X Mobile: page.goto: NS_ERROR_UNKNOWN_HOST
Call log:
[2m  - navigating to "https://mlfftd.com/?a=659&oc=656&c=167&s1=", waiting until "networkidle"[22m

[ftd-x][Android - Firefox] 
✅ Execution successfully processed! {
  success: false,
  error: 'page.goto: NS_ERROR_UNKNOWN_HOST\n' +
    'Call log:\n' +
    '\x1B[2m  - navigating to "https://mlfftd.com/?a=659&oc=656&c=167&s1=", waiting until "networkidle"\x1B[22m\n',
  brand: 'FTD-X Mobile'
}
[ftd-x][Android - Firefox] 📋 Trace report successfully saved: traces/ftd-x_mobile.zip
✅ [18/5/2026, 1:19:45 pm] COMPLETED: ftd-x [Android - Firefox][FIREFOX]

================================================================
🚀 [18/5/2026, 1:19:45 pm] RUNNING: FTD-X [IOS - CHROME]
🔗 Target URL: https://mlfftd.com/?a=659&oc=656&c=167&s1=
================================================================
[ftd-x][iOS - Chrome] 🔌 [Browser Interceptor] Intercepting and optimizing engine: CHROMIUM
[ftd-x][iOS - Chrome] ◇ injected env (0) from .env // tip: ⌘ enable debugging { debug: true }
[ftd-x][iOS - Chrome] ◇ injected env (0) from .env // tip: ⌘ custom filepath { path: '/custom/path/.env' }
[ftd-x][iOS - Chrome] ◇ injected env (0) from .env // tip: ◈ secrets for agents [www.dotenvx.com]
[ftd-x][iOS - Chrome] ◇ injected env (0) from .env // tip: ◈ secrets for agents [www.dotenvx.com]
[ftd-x][iOS - Chrome] ◇ injected env (0) from .env // tip: ⌘ custom filepath { path: '/custom/path/.env' }
[ftd-x][iOS - Chrome] 
🤖 ================================================================
[ftd-x][iOS - Chrome] 🤖 MASTER RUNNER: LAUNCHING FTD-X
🤖 Mode:            MOBILE
🤖 Tracking URL:     https://mlfftd.com/?a=659&oc=656&c=167&s1=
🤖 Target Sheet:    FTD-X
🤖 ================================================================
[ftd-x][iOS - Chrome] 🔌 [Browser Interceptor] Intercepting and optimizing engine: CHROMIUM
[ftd-x][iOS - Chrome] 📋 Emulated Device Profile: MOBILE (iPhone 17 Pro Mode) - [iOS - Chrome]
[ftd-x][iOS - Chrome] ⏳ Delaying 200ms to allow responsive layouts to mount...
[ftd-x][iOS - Chrome] 🔄 Processing lead for brand: FTD-X Mobile
[ftd-x][iOS - Chrome] 📊 Campaign execution run index: 78
[ftd-x][iOS - Chrome] 🎯 Enforcing dynamic credentials & parameters:
   - First Name:   ckmtestpixel
   - Last Name:    ckmtestpixel
   - Email:        ckmtestpixel@gmail.com
   - Phone Number: 401-247-1078
   - Slider Value: 7,251
   - State Value:  New Hampshire (NH)
[ftd-x][iOS - Chrome] 🔗 [Mobile] Navigating to: https://mlfftd.com/?a=659&oc=656&c=167&s1=
[ftd-x][iOS - Chrome] [STDERR] ❌ Failed processing FTD-X Mobile: page.goto: net::ERR_INTERNET_DISCONNECTED at https://mlfftd.com/?a=659&oc=656&c=167&s1=
Call log:
[2m  - navigating to "https://mlfftd.com/?a=659&oc=656&c=167&s1=", waiting until "networkidle"[22m

[ftd-x][iOS - Chrome] 
✅ Execution successfully processed! {
  success: false,
  error: 'page.goto: net::ERR_INTERNET_DISCONNECTED at https://mlfftd.com/?a=659&oc=656&c=167&s1=\n' +
    'Call log:\n' +
    '\x1B[2m  - navigating to "https://mlfftd.com/?a=659&oc=656&c=167&s1=", waiting until "networkidle"\x1B[22m\n',
  brand: 'FTD-X Mobile'
}
[ftd-x][iOS - Chrome] 📋 Trace report successfully saved: traces/ftd-x_mobile.zip
✅ [18/5/2026, 1:19:51 pm] COMPLETED: ftd-x [iOS - Chrome][CHROMIUM]

================================================================
🚀 [18/5/2026, 1:19:51 pm] RUNNING: FTD-X [IOS - SAFARI]
🔗 Target URL: https://mlfftd.com/?a=659&oc=656&c=167&s1=
================================================================
[ftd-x][iOS - Safari] 🔌 [Browser Interceptor] Intercepting and optimizing engine: WEBKIT
[ftd-x][iOS - Safari] ◇ injected env (0) from .env // tip: ◈ encrypted .env [www.dotenvx.com]
[ftd-x][iOS - Safari] ◇ injected env (0) from .env // tip: ◈ encrypted .env [www.dotenvx.com]
[ftd-x][iOS - Safari] ◇ injected env (0) from .env // tip: ⌘ multiple files { path: ['.env.local', '.env'] }
[ftd-x][iOS - Safari] ◇ injected env (0) from .env // tip: ⌘ suppress logs { quiet: true }
[ftd-x][iOS - Safari] ◇ injected env (0) from .env // tip: ◈ encrypted .env [www.dotenvx.com]
[ftd-x][iOS - Safari] 
🤖 ================================================================
🤖 MASTER RUNNER: LAUNCHING FTD-X
[ftd-x][iOS - Safari] 🤖 Mode:            MOBILE
🤖 Tracking URL:     https://mlfftd.com/?a=659&oc=656&c=167&s1=
🤖 Target Sheet:    FTD-X
🤖 ================================================================
[ftd-x][iOS - Safari] 🔌 [Browser Interceptor] Intercepting and optimizing engine: WEBKIT
[ftd-x][iOS - Safari] 📋 Emulated Device Profile: MOBILE (iPhone 17 Pro Mode) - [iOS - Safari]
[ftd-x][iOS - Safari] ⏳ Delaying 200ms to allow responsive layouts to mount...
[ftd-x][iOS - Safari] 🔄 Processing lead for brand: FTD-X Mobile
[ftd-x][iOS - Safari] 📊 Campaign execution run index: 79
[ftd-x][iOS - Safari] 🎯 Enforcing dynamic credentials & parameters:
   - First Name:   ckmtestpixel
[ftd-x][iOS - Safari]    - Last Name:    ckmtestpixel
   - Email:        ckmtestpixel@gmail.com
   - Phone Number: 401-247-1079
   - Slider Value: 7,642
   - State Value:  New Jersey (NJ)
[ftd-x][iOS - Safari] 🔗 [Mobile] Navigating to: https://mlfftd.com/?a=659&oc=656&c=167&s1=
[ftd-x][iOS - Safari] [STDERR] ❌ Failed processing FTD-X Mobile: page.goto: Could not resolve hostname
Call log:
[2m  - navigating to "https://mlfftd.com/?a=659&oc=656&c=167&s1=", waiting until "networkidle"[22m

[ftd-x][iOS - Safari] 
✅ Execution successfully processed! {
  success: false,
  error: 'page.goto: Could not resolve hostname\n' +
    'Call log:\n' +
    '\x1B[2m  - navigating to "https://mlfftd.com/?a=659&oc=656&c=167&s1=", waiting until "networkidle"\x1B[22m\n',
  brand: 'FTD-X Mobile'
}
[ftd-x][iOS - Safari] 📋 Trace report successfully saved: traces/ftd-x_mobile.zip
✅ [18/5/2026, 1:20:07 pm] COMPLETED: ftd-x [iOS - Safari][WEBKIT]

================================================================
🚀 [18/5/2026, 1:20:08 pm] RUNNING: FTD-X [TABLET - SAFARI]
🔗 Target URL: https://mlfftd.com/?a=659&oc=656&c=167&s1=
================================================================
[ftd-x][Tablet - Safari] 🔌 [Browser Interceptor] Intercepting and optimizing engine: WEBKIT
[ftd-x][Tablet - Safari] ◇ injected env (0) from .env // tip: ⌘ multiple files { path: ['.env.local', '.env'] }
[ftd-x][Tablet - Safari] ◇ injected env (0) from .env // tip: ⌁ auth for agents [www.vestauth.com]
[ftd-x][Tablet - Safari] ◇ injected env (0) from .env // tip: ⌘ enable debugging { debug: true }
[ftd-x][Tablet - Safari] ◇ injected env (0) from .env // tip: ⌘ suppress logs { quiet: true }
[ftd-x][Tablet - Safari] ◇ injected env (0) from .env // tip: ◈ secrets for agents [www.dotenvx.com]
[ftd-x][Tablet - Safari] 
🤖 ================================================================
🤖 MASTER RUNNER: LAUNCHING FTD-X
[ftd-x][Tablet - Safari] 🤖 Mode:            TABLET
🤖 Tracking URL:     https://mlfftd.com/?a=659&oc=656&c=167&s1=
🤖 Target Sheet:    FTD-X
[ftd-x][Tablet - Safari] 🤖 ================================================================
[ftd-x][Tablet - Safari] 🔌 [Browser Interceptor] Intercepting and optimizing engine: WEBKIT
[ftd-x][Tablet - Safari] 📋 Emulated Device Profile: TABLET (iPad Pro 11) - [Tablet - Safari]
[ftd-x][Tablet - Safari] ⏳ Delaying 200ms to allow responsive layouts to mount...
[ftd-x][Tablet - Safari] 🔄 Processing lead for brand: FTD-X Tablet
[ftd-x][Tablet - Safari] 📊 Campaign execution run index: 80
[ftd-x][Tablet - Safari] 🎯 Enforcing dynamic credentials & parameters:
   - First Name:   ckmtestpixel
   - Last Name:    ckmtestpixel
   - Email:        ckmtestpixel@gmail.com
   - Phone Number: 401-247-1080
   - Slider Value: 14,358
   - State Value:  New Mexico (NM)
[ftd-x][Tablet - Safari] 🔗 [Mobile] Navigating to: https://mlfftd.com/?a=659&oc=656&c=167&s1=
[ftd-x][Tablet - Safari] [STDERR] ❌ Failed processing FTD-X Tablet: page.goto: Could not resolve hostname
Call log:
[2m  - navigating to "https://mlfftd.com/?a=659&oc=656&c=167&s1=", waiting until "networkidle"[22m

[ftd-x][Tablet - Safari] 
✅ Execution successfully processed! {
  success: false,
  error: 'page.goto: Could not resolve hostname\n' +
    'Call log:\n' +
    '\x1B[2m  - navigating to "https://mlfftd.com/?a=659&oc=656&c=167&s1=", waiting until "networkidle"\x1B[22m\n',
  brand: 'FTD-X Tablet'
}
[ftd-x][Tablet - Safari] 📋 Trace report successfully saved: traces/ftd-x_tablet.zip
✅ [18/5/2026, 1:20:14 pm] COMPLETED: ftd-x [Tablet - Safari][WEBKIT]

================================================================
🚀 [18/5/2026, 1:20:14 pm] RUNNING: FTD-X [TABLET - CHROME]
🔗 Target URL: https://mlfftd.com/?a=659&oc=656&c=167&s1=
================================================================
[ftd-x][Tablet - Chrome] 🔌 [Browser Interceptor] Intercepting and optimizing engine: CHROMIUM
[ftd-x][Tablet - Chrome] ◇ injected env (0) from .env // tip: ⌘ enable debugging { debug: true }
[ftd-x][Tablet - Chrome] ◇ injected env (0) from .env // tip: ⌘ suppress logs { quiet: true }
[ftd-x][Tablet - Chrome] ◇ injected env (0) from .env // tip: ⌘ multiple files { path: ['.env.local', '.env'] }
[ftd-x][Tablet - Chrome] ◇ injected env (0) from .env // tip: ◈ encrypted .env [www.dotenvx.com]
[ftd-x][Tablet - Chrome] ◇ injected env (0) from .env // tip: ⌘ override existing { override: true }
[ftd-x][Tablet - Chrome] 
🤖 ================================================================
🤖 MASTER RUNNER: LAUNCHING FTD-X
[ftd-x][Tablet - Chrome] 🤖 Mode:            TABLET
🤖 Tracking URL:     https://mlfftd.com/?a=659&oc=656&c=167&s1=
🤖 Target Sheet:    FTD-X
🤖 ================================================================
[ftd-x][Tablet - Chrome] 🔌 [Browser Interceptor] Intercepting and optimizing engine: CHROMIUM
[ftd-x][Tablet - Chrome] 📋 Emulated Device Profile: TABLET (iPad Pro 11) - [Tablet - Chrome]
[ftd-x][Tablet - Chrome] ⏳ Delaying 200ms to allow responsive layouts to mount...
[ftd-x][Tablet - Chrome] 🔄 Processing lead for brand: FTD-X Tablet
[ftd-x][Tablet - Chrome] 📊 Campaign execution run index: 81
[ftd-x][Tablet - Chrome] 🎯 Enforcing dynamic credentials & parameters:
   - First Name:   ckmtestpixel
   - Last Name:    ckmtestpixel
   - Email:        ckmtestpixel@gmail.com
   - Phone Number: 401-247-1081
   - Slider Value: 21,453
   - State Value:  New York (NY)
[ftd-x][Tablet - Chrome] 🔗 [Mobile] Navigating to: https://mlfftd.com/?a=659&oc=656&c=167&s1=
[ftd-x][Tablet - Chrome] [STDERR] ❌ Failed processing FTD-X Tablet: page.goto: net::ERR_INTERNET_DISCONNECTED at https://mlfftd.com/?a=659&oc=656&c=167&s1=
Call log:
[2m  - navigating to "https://mlfftd.com/?a=659&oc=656&c=167&s1=", waiting until "networkidle"[22m

[ftd-x][Tablet - Chrome] 
✅ Execution successfully processed! {
  success: false,
  error: 'page.goto: net::ERR_INTERNET_DISCONNECTED at https://mlfftd.com/?a=659&oc=656&c=167&s1=\n' +
    'Call log:\n' +
    '\x1B[2m  - navigating to "https://mlfftd.com/?a=659&oc=656&c=167&s1=", waiting until "networkidle"\x1B[22m\n',
  brand: 'FTD-X Tablet'
}
[ftd-x][Tablet - Chrome] 📋 Trace report successfully saved: traces/ftd-x_tablet.zip
✅ [18/5/2026, 1:20:20 pm] COMPLETED: ftd-x [Tablet - Chrome][CHROMIUM]

================================================================
🚀 [18/5/2026, 1:20:21 pm] RUNNING: FTD-X [WINDOWS - CHROME]
🔗 Target URL: https://mlfftd.com/?a=659&oc=656&c=167&s1=
================================================================
[ftd-x][Windows - Chrome] 🔌 [Browser Interceptor] Intercepting and optimizing engine: CHROMIUM
[ftd-x][Windows - Chrome] ◇ injected env (0) from .env // tip: ⌘ override existing { override: true }
[ftd-x][Windows - Chrome] ◇ injected env (0) from .env // tip: ⌘ override existing { override: true }
[ftd-x][Windows - Chrome] ◇ injected env (0) from .env // tip: ◈ secrets for agents [www.dotenvx.com]
[ftd-x][Windows - Chrome] ◇ injected env (0) from .env // tip: ⌘ custom filepath { path: '/custom/path/.env' }
[ftd-x][Windows - Chrome] ◇ injected env (0) from .env // tip: ◈ encrypted .env [www.dotenvx.com]
[ftd-x][Windows - Chrome] 
🤖 ================================================================
🤖 MASTER RUNNER: LAUNCHING FTD-X
[ftd-x][Windows - Chrome] 🤖 Mode:            DESKTOP
🤖 Tracking URL:     https://mlfftd.com/?a=659&oc=656&c=167&s1=
🤖 Target Sheet:    FTD-X
🤖 ================================================================
[ftd-x][Windows - Chrome] 🔌 [Browser Interceptor] Intercepting and optimizing engine: CHROMIUM
[ftd-x][Windows - Chrome] 💻 Emulated Device Profile: DESKTOP - [Windows - Chrome]
[ftd-x][Windows - Chrome] 🔄 Processing lead for brand: FTD-X
[ftd-x][Windows - Chrome] 📊 Campaign execution run index: 82
[ftd-x][Windows - Chrome] 🎯 Enforcing dynamic credentials & parameters:
   - First Name:   ckmtestpixel
   - Last Name:    ckmtestpixel
   - Email:        ckmtestpixel@gmail.com
   - Phone Number: 401-247-1082
   - Slider Value: 96,746
   - State Value:  North Carolina (NC)
[ftd-x][Windows - Chrome] 🔗 Navigating to: https://mlfftd.com/?a=659&oc=656&c=167&s1=
[ftd-x][Windows - Chrome] [STDERR] ❌ Failed processing FTD-X: page.goto: net::ERR_INTERNET_DISCONNECTED at https://mlfftd.com/?a=659&oc=656&c=167&s1=
Call log:
[2m  - navigating to "https://mlfftd.com/?a=659&oc=656&c=167&s1=", waiting until "networkidle"[22m

[ftd-x][Windows - Chrome] 
✅ Execution successfully processed! {
  success: false,
  error: 'page.goto: net::ERR_INTERNET_DISCONNECTED at https://mlfftd.com/?a=659&oc=656&c=167&s1=\n' +
    'Call log:\n' +
    '\x1B[2m  - navigating to "https://mlfftd.com/?a=659&oc=656&c=167&s1=", waiting until "networkidle"\x1B[22m\n',
  brand: 'FTD-X'
}
[ftd-x][Windows - Chrome] 📋 Trace report successfully saved: traces/ftd-x_desktop.zip
✅ [18/5/2026, 1:20:27 pm] COMPLETED: ftd-x [Windows - Chrome][CHROMIUM]

================================================================
🚀 [18/5/2026, 1:20:27 pm] RUNNING: FTD-X [WINDOWS - FIREFOX]
🔗 Target URL: https://mlfftd.com/?a=659&oc=656&c=167&s1=
================================================================
[ftd-x][Windows - Firefox] 🔌 [Browser Interceptor] Intercepting and optimizing engine: FIREFOX
[ftd-x][Windows - Firefox] ◇ injected env (0) from .env // tip: ⌘ multiple files { path: ['.env.local', '.env'] }
[ftd-x][Windows - Firefox] ◇ injected env (0) from .env // tip: ⌁ auth for agents [www.vestauth.com]
[ftd-x][Windows - Firefox] ◇ injected env (0) from .env // tip: ◈ encrypted .env [www.dotenvx.com]
[ftd-x][Windows - Firefox] ◇ injected env (0) from .env // tip: ⌘ custom filepath { path: '/custom/path/.env' }
[ftd-x][Windows - Firefox] ◇ injected env (0) from .env // tip: ◈ encrypted .env [www.dotenvx.com]
[ftd-x][Windows - Firefox] 
🤖 ================================================================
🤖 MASTER RUNNER: LAUNCHING FTD-X
[ftd-x][Windows - Firefox] 🤖 Mode:            DESKTOP
🤖 Tracking URL:     https://mlfftd.com/?a=659&oc=656&c=167&s1=
🤖 Target Sheet:    FTD-X
🤖 ================================================================
[ftd-x][Windows - Firefox] 🔌 [Browser Interceptor] Intercepting and optimizing engine: FIREFOX
[ftd-x][Windows - Firefox] 💻 Emulated Device Profile: DESKTOP - [Windows - Firefox]
[ftd-x][Windows - Firefox] 🔌 [Browser Interceptor] Sanitizing mobile context options for Firefox emulation...
🔌 [Browser Interceptor] Sanitizing mobile context options for Firefox emulation...
[ftd-x][Windows - Firefox] 🔄 Processing lead for brand: FTD-X
[ftd-x][Windows - Firefox] 📊 Campaign execution run index: 83
[ftd-x][Windows - Firefox] 🎯 Enforcing dynamic credentials & parameters:
[ftd-x][Windows - Firefox]    - First Name:   ckmtestpixel
[ftd-x][Windows - Firefox]    - Last Name:    ckmtestpixel
[ftd-x][Windows - Firefox]    - Email:        ckmtestpixel@gmail.com
[ftd-x][Windows - Firefox]    - Phone Number: 401-247-1083
   - Slider Value: 1,14,491
   - State Value:  North Dakota (ND)
[ftd-x][Windows - Firefox] 🔗 Navigating to: https://mlfftd.com/?a=659&oc=656&c=167&s1=
[ftd-x][Windows - Firefox] [STDERR] ❌ Failed processing FTD-X: page.goto: NS_ERROR_UNKNOWN_HOST
Call log:
[2m  - navigating to "https://mlfftd.com/?a=659&oc=656&c=167&s1=", waiting until "networkidle"[22m

[ftd-x][Windows - Firefox] 
✅ Execution successfully processed! {
  success: false,
  error: 'page.goto: NS_ERROR_UNKNOWN_HOST\n' +
    'Call log:\n' +
    '\x1B[2m  - navigating to "https://mlfftd.com/?a=659&oc=656&c=167&s1=", waiting until "networkidle"\x1B[22m\n',
  brand: 'FTD-X'
}
[ftd-x][Windows - Firefox] 📋 Trace report successfully saved: traces/ftd-x_desktop.zip
✅ [18/5/2026, 1:20:34 pm] COMPLETED: ftd-x [Windows - Firefox][FIREFOX]

================================================================
🚀 [18/5/2026, 1:20:34 pm] RUNNING: FTD-X [MAC - SAFARI]
🔗 Target URL: https://mlfftd.com/?a=659&oc=656&c=167&s1=
================================================================
[ftd-x][MAC - Safari] 🔌 [Browser Interceptor] Intercepting and optimizing engine: WEBKIT
[ftd-x][MAC - Safari] ◇ injected env (0) from .env // tip: ⌘ override existing { override: true }
[ftd-x][MAC - Safari] ◇ injected env (0) from .env // tip: ⌘ suppress logs { quiet: true }
[ftd-x][MAC - Safari] ◇ injected env (0) from .env // tip: ⌘ custom filepath { path: '/custom/path/.env' }
[ftd-x][MAC - Safari] ◇ injected env (0) from .env // tip: ⌘ custom filepath { path: '/custom/path/.env' }
[ftd-x][MAC - Safari] ◇ injected env (0) from .env // tip: ⌘ enable debugging { debug: true }
[ftd-x][MAC - Safari] 
🤖 ================================================================
🤖 MASTER RUNNER: LAUNCHING FTD-X
[ftd-x][MAC - Safari] 🤖 Mode:            DESKTOP
🤖 Tracking URL:     https://mlfftd.com/?a=659&oc=656&c=167&s1=
[ftd-x][MAC - Safari] 🤖 Target Sheet:    FTD-X
🤖 ================================================================
[ftd-x][MAC - Safari] 🔌 [Browser Interceptor] Intercepting and optimizing engine: WEBKIT
[ftd-x][MAC - Safari] 💻 Emulated Device Profile: DESKTOP - [MAC - Safari]
[ftd-x][MAC - Safari] 🔄 Processing lead for brand: FTD-X
[ftd-x][MAC - Safari] 📊 Campaign execution run index: 84
[ftd-x][MAC - Safari] 🎯 Enforcing dynamic credentials & parameters:
   - First Name:   ckmtestpixel
   - Last Name:    ckmtestpixel
   - Email:        ckmtestpixel@gmail.com
[ftd-x][MAC - Safari]    - Phone Number: 401-247-1084
   - Slider Value: 4,066
   - State Value:  Ohio (OH)
[ftd-x][MAC - Safari] 🔗 Navigating to: https://mlfftd.com/?a=659&oc=656&c=167&s1=
[ftd-x][MAC - Safari] [STDERR] ❌ Failed processing FTD-X: page.goto: Could not resolve hostname
Call log:
[2m  - navigating to "https://mlfftd.com/?a=659&oc=656&c=167&s1=", waiting until "networkidle"[22m

[ftd-x][MAC - Safari] 
✅ Execution successfully processed! {
  success: false,
  error: 'page.goto: Could not resolve hostname\n' +
    'Call log:\n' +
    '\x1B[2m  - navigating to "https://mlfftd.com/?a=659&oc=656&c=167&s1=", waiting until "networkidle"\x1B[22m\n',
  brand: 'FTD-X'
}
[ftd-x][MAC - Safari] 📋 Trace report successfully saved: traces/ftd-x_desktop.zip
✅ [18/5/2026, 1:20:40 pm] COMPLETED: ftd-x [MAC - Safari][WEBKIT]

================================================================
🚀 [18/5/2026, 1:20:40 pm] RUNNING: FTD-X [MAC - CHROME]
🔗 Target URL: https://mlfftd.com/?a=659&oc=656&c=167&s1=
================================================================
[ftd-x][MAC - Chrome] 🔌 [Browser Interceptor] Intercepting and optimizing engine: CHROMIUM
[ftd-x][MAC - Chrome] ◇ injected env (0) from .env // tip: ⌘ suppress logs { quiet: true }
[ftd-x][MAC - Chrome] ◇ injected env (0) from .env // tip: ◈ secrets for agents [www.dotenvx.com]
[ftd-x][MAC - Chrome] ◇ injected env (0) from .env // tip: ◈ encrypted .env [www.dotenvx.com]
[ftd-x][MAC - Chrome] ◇ injected env (0) from .env // tip: ⌘ multiple files { path: ['.env.local', '.env'] }
[ftd-x][MAC - Chrome] ◇ injected env (0) from .env // tip: ⌁ auth for agents [www.vestauth.com]
[ftd-x][MAC - Chrome] 
🤖 ================================================================
🤖 MASTER RUNNER: LAUNCHING FTD-X
[ftd-x][MAC - Chrome] 🤖 Mode:            DESKTOP
🤖 Tracking URL:     https://mlfftd.com/?a=659&oc=656&c=167&s1=
🤖 Target Sheet:    FTD-X
🤖 ================================================================
[ftd-x][MAC - Chrome] 🔌 [Browser Interceptor] Intercepting and optimizing engine: CHROMIUM
[ftd-x][MAC - Chrome] 💻 Emulated Device Profile: DESKTOP - [MAC - Chrome]
[ftd-x][MAC - Chrome] 🔄 Processing lead for brand: FTD-X
[ftd-x][MAC - Chrome] 📊 Campaign execution run index: 85
[ftd-x][MAC - Chrome] 🎯 Enforcing dynamic credentials & parameters:
   - First Name:   ckmtestpixel
   - Last Name:    ckmtestpixel
   - Email:        ckmtestpixel@gmail.com
   - Phone Number: 401-247-1085
   - Slider Value: 5,348
   - State Value:  Oklahoma (OK)
[ftd-x][MAC - Chrome] 🔗 Navigating to: https://mlfftd.com/?a=659&oc=656&c=167&s1=
[ftd-x][MAC - Chrome] [STDERR] ❌ Failed processing FTD-X: page.goto: net::ERR_INTERNET_DISCONNECTED at https://mlfftd.com/?a=659&oc=656&c=167&s1=
Call log:
[2m  - navigating to "https://mlfftd.com/?a=659&oc=656&c=167&s1=", waiting until "networkidle"[22m

[ftd-x][MAC - Chrome] 
✅ Execution successfully processed! {
  success: false,
  error: 'page.goto: net::ERR_INTERNET_DISCONNECTED at https://mlfftd.com/?a=659&oc=656&c=167&s1=\n' +
    'Call log:\n' +
    '\x1B[2m  - navigating to "https://mlfftd.com/?a=659&oc=656&c=167&s1=", waiting until "networkidle"\x1B[22m\n',
  brand: 'FTD-X'
}
[ftd-x][MAC - Chrome] 📋 Trace report successfully saved: traces/ftd-x_desktop.zip
✅ [18/5/2026, 1:20:46 pm] COMPLETED: ftd-x [MAC - Chrome][CHROMIUM]

================================================================
⚡ Processing Campaign Matrix: [FSI-PPC2]
================================================================

================================================================
🚀 [18/5/2026, 1:20:46 pm] RUNNING: FSI-PPC2 [ANDROID - CHROME]
🔗 Target URL: https://fsimlf-trk.com/?a=659&oc=750&c=143&s1=
================================================================
[fsi-ppc2][Android - Chrome] 🔌 [Browser Interceptor] Intercepting and optimizing engine: CHROMIUM
[fsi-ppc2][Android - Chrome] ◇ injected env (0) from .env // tip: ◈ secrets for agents [www.dotenvx.com]
[fsi-ppc2][Android - Chrome] ◇ injected env (0) from .env // tip: ⌁ auth for agents [www.vestauth.com]
[fsi-ppc2][Android - Chrome] ◇ injected env (0) from .env // tip: ◈ secrets for agents [www.dotenvx.com]
[fsi-ppc2][Android - Chrome] ◇ injected env (0) from .env // tip: ◈ secrets for agents [www.dotenvx.com]
[fsi-ppc2][Android - Chrome] ◇ injected env (0) from .env // tip: ⌘ override existing { override: true }
[fsi-ppc2][Android - Chrome] 
🤖 ================================================================
🤖 MASTER RUNNER: LAUNCHING FSI-PPC2
[fsi-ppc2][Android - Chrome] 🤖 Mode:            MOBILE
🤖 Tracking URL:     https://fsimlf-trk.com/?a=659&oc=750&c=143&s1=
🤖 Target Sheet:    FSI-PPC2
🤖 ================================================================
[fsi-ppc2][Android - Chrome] 🔌 [Browser Interceptor] Intercepting and optimizing engine: CHROMIUM
[fsi-ppc2][Android - Chrome] 📋 Emulated Device Profile: MOBILE (Pixel 7) - [Android - Chrome]
[fsi-ppc2][Android - Chrome] ⏳ Delaying 200ms to allow responsive layouts to mount...
[fsi-ppc2][Android - Chrome] 🔄 Processing lead for brand: FSI-PPC2 Mobile
[fsi-ppc2][Android - Chrome] 📊 Campaign execution run index: 77
[fsi-ppc2][Android - Chrome] 🎯 Enforcing dynamic credentials & parameters:
   - First Name:   ckmtestpixel
   - Last Name:    ckmtestpixel
   - Email:        ckmtestpixel@gmail.com
   - Phone Number: 401-247-1077
   - Slider Value: 15,000
   - State Value:  Nevada (NV)
[fsi-ppc2][Android - Chrome] 🔗 [Mobile] Navigating to: https://fsimlf-trk.com/?a=659&oc=750&c=143&s1=
[fsi-ppc2][Android - Chrome] [STDERR] ❌ Failed processing FSI-PPC2 Mobile: page.goto: net::ERR_INTERNET_DISCONNECTED at https://fsimlf-trk.com/?a=659&oc=750&c=143&s1=
Call log:
[2m  - navigating to "https://fsimlf-trk.com/?a=659&oc=750&c=143&s1=", waiting until "networkidle"[22m

[fsi-ppc2][Android - Chrome] 
✅ Execution successfully processed! {
  success: false,
  error: 'page.goto: net::ERR_INTERNET_DISCONNECTED at https://fsimlf-trk.com/?a=659&oc=750&c=143&s1=\n' +
    'Call log:\n' +
    '\x1B[2m  - navigating to "https://fsimlf-trk.com/?a=659&oc=750&c=143&s1=", waiting until "networkidle"\x1B[22m\n',
  brand: 'FSI-PPC2 Mobile'
}
[fsi-ppc2][Android - Chrome] 📋 Trace report successfully saved: traces/fsi-ppc2_mobile.zip
✅ [18/5/2026, 1:20:52 pm] COMPLETED: fsi-ppc2 [Android - Chrome][CHROMIUM]

================================================================
🚀 [18/5/2026, 1:20:52 pm] RUNNING: FSI-PPC2 [ANDROID - FIREFOX]
🔗 Target URL: https://fsimlf-trk.com/?a=659&oc=750&c=143&s1=
================================================================
[fsi-ppc2][Android - Firefox] 🔌 [Browser Interceptor] Intercepting and optimizing engine: FIREFOX
[fsi-ppc2][Android - Firefox] ◇ injected env (0) from .env // tip: ⌁ auth for agents [www.vestauth.com]
[fsi-ppc2][Android - Firefox] ◇ injected env (0) from .env // tip: ⌘ enable debugging { debug: true }
[fsi-ppc2][Android - Firefox] ◇ injected env (0) from .env // tip: ⌘ suppress logs { quiet: true }
[fsi-ppc2][Android - Firefox] ◇ injected env (0) from .env // tip: ◈ encrypted .env [www.dotenvx.com]
[fsi-ppc2][Android - Firefox] ◇ injected env (0) from .env // tip: ⌘ enable debugging { debug: true }
[fsi-ppc2][Android - Firefox] 
🤖 ================================================================
[fsi-ppc2][Android - Firefox] 🤖 MASTER RUNNER: LAUNCHING FSI-PPC2
[fsi-ppc2][Android - Firefox] 🤖 Mode:            MOBILE
[fsi-ppc2][Android - Firefox] 🤖 Tracking URL:     https://fsimlf-trk.com/?a=659&oc=750&c=143&s1=
[fsi-ppc2][Android - Firefox] 🤖 Target Sheet:    FSI-PPC2
🤖 ================================================================
[fsi-ppc2][Android - Firefox] 🔌 [Browser Interceptor] Intercepting and optimizing engine: FIREFOX
[fsi-ppc2][Android - Firefox] 📋 Emulated Device Profile: MOBILE (Pixel 7) - [Android - Firefox]
[fsi-ppc2][Android - Firefox] 🔌 [Browser Interceptor] Sanitizing mobile context options for Firefox emulation...
🔌 [Browser Interceptor] Sanitizing mobile context options for Firefox emulation...
[fsi-ppc2][Android - Firefox] ⏳ Delaying 200ms to allow responsive layouts to mount...
[fsi-ppc2][Android - Firefox] 🔄 Processing lead for brand: FSI-PPC2 Mobile
[fsi-ppc2][Android - Firefox] 📊 Campaign execution run index: 78
[fsi-ppc2][Android - Firefox] 🎯 Enforcing dynamic credentials & parameters:
   - First Name:   ckmtestpixel
[fsi-ppc2][Android - Firefox]    - Last Name:    ckmtestpixel
   - Email:        ckmtestpixel@gmail.com
   - Phone Number: 401-247-1078
   - Slider Value: 35,000
[fsi-ppc2][Android - Firefox]    - State Value:  New Hampshire (NH)
[fsi-ppc2][Android - Firefox] 🔗 [Mobile] Navigating to: https://fsimlf-trk.com/?a=659&oc=750&c=143&s1=
[fsi-ppc2][Android - Firefox] [STDERR] ❌ Failed processing FSI-PPC2 Mobile: page.goto: NS_ERROR_UNKNOWN_HOST
Call log:
[2m  - navigating to "https://fsimlf-trk.com/?a=659&oc=750&c=143&s1=", waiting until "networkidle"[22m

[fsi-ppc2][Android - Firefox] 
✅ Execution successfully processed! {
  success: false,
  error: 'page.goto: NS_ERROR_UNKNOWN_HOST\n' +
    'Call log:\n' +
    '\x1B[2m  - navigating to "https://fsimlf-trk.com/?a=659&oc=750&c=143&s1=", waiting until "networkidle"\x1B[22m\n',
  brand: 'FSI-PPC2 Mobile'
}
[fsi-ppc2][Android - Firefox] 📋 Trace report successfully saved: traces/fsi-ppc2_mobile.zip
✅ [18/5/2026, 1:21:01 pm] COMPLETED: fsi-ppc2 [Android - Firefox][FIREFOX]

================================================================
🚀 [18/5/2026, 1:21:01 pm] RUNNING: FSI-PPC2 [IOS - CHROME]
🔗 Target URL: https://fsimlf-trk.com/?a=659&oc=750&c=143&s1=
================================================================
[fsi-ppc2][iOS - Chrome] 🔌 [Browser Interceptor] Intercepting and optimizing engine: CHROMIUM
[fsi-ppc2][iOS - Chrome] ◇ injected env (0) from .env // tip: ⌘ override existing { override: true }
[fsi-ppc2][iOS - Chrome] ◇ injected env (0) from .env // tip: ⌘ multiple files { path: ['.env.local', '.env'] }
[fsi-ppc2][iOS - Chrome] ◇ injected env (0) from .env // tip: ⌘ override existing { override: true }
[fsi-ppc2][iOS - Chrome] ◇ injected env (0) from .env // tip: ⌁ auth for agents [www.vestauth.com]
[fsi-ppc2][iOS - Chrome] ◇ injected env (0) from .env // tip: ⌘ enable debugging { debug: true }
[fsi-ppc2][iOS - Chrome] 
🤖 ================================================================
[fsi-ppc2][iOS - Chrome] 🤖 MASTER RUNNER: LAUNCHING FSI-PPC2
🤖 Mode:            MOBILE
[fsi-ppc2][iOS - Chrome] 🤖 Tracking URL:     https://fsimlf-trk.com/?a=659&oc=750&c=143&s1=
[fsi-ppc2][iOS - Chrome] 🤖 Target Sheet:    FSI-PPC2
[fsi-ppc2][iOS - Chrome] 🤖 ================================================================
[fsi-ppc2][iOS - Chrome] 🔌 [Browser Interceptor] Intercepting and optimizing engine: CHROMIUM
[fsi-ppc2][iOS - Chrome] 📋 Emulated Device Profile: MOBILE (iPhone 17 Pro Mode) - [iOS - Chrome]
[fsi-ppc2][iOS - Chrome] ⏳ Delaying 200ms to allow responsive layouts to mount...
[fsi-ppc2][iOS - Chrome] 🔄 Processing lead for brand: FSI-PPC2 Mobile
[fsi-ppc2][iOS - Chrome] 📊 Campaign execution run index: 79
[fsi-ppc2][iOS - Chrome] 🎯 Enforcing dynamic credentials & parameters:
   - First Name:   ckmtestpixel
   - Last Name:    ckmtestpixel
   - Email:        ckmtestpixel@gmail.com
   - Phone Number: 401-247-1079
   - Slider Value: 75,000
   - State Value:  New Jersey (NJ)
[fsi-ppc2][iOS - Chrome] 🔗 [Mobile] Navigating to: https://fsimlf-trk.com/?a=659&oc=750&c=143&s1=
[fsi-ppc2][iOS - Chrome] [STDERR] ❌ Failed processing FSI-PPC2 Mobile: page.goto: net::ERR_INTERNET_DISCONNECTED at https://fsimlf-trk.com/?a=659&oc=750&c=143&s1=
Call log:
[2m  - navigating to "https://fsimlf-trk.com/?a=659&oc=750&c=143&s1=", waiting until "networkidle"[22m

[fsi-ppc2][iOS - Chrome] 
✅ Execution successfully processed! {
  success: false,
  error: 'page.goto: net::ERR_INTERNET_DISCONNECTED at https://fsimlf-trk.com/?a=659&oc=750&c=143&s1=\n' +
    'Call log:\n' +
    '\x1B[2m  - navigating to "https://fsimlf-trk.com/?a=659&oc=750&c=143&s1=", waiting until "networkidle"\x1B[22m\n',
  brand: 'FSI-PPC2 Mobile'
}
[fsi-ppc2][iOS - Chrome] 📋 Trace report successfully saved: traces/fsi-ppc2_mobile.zip
✅ [18/5/2026, 1:21:07 pm] COMPLETED: fsi-ppc2 [iOS - Chrome][CHROMIUM]

================================================================
🚀 [18/5/2026, 1:21:07 pm] RUNNING: FSI-PPC2 [IOS - SAFARI]
🔗 Target URL: https://fsimlf-trk.com/?a=659&oc=750&c=143&s1=
================================================================
[fsi-ppc2][iOS - Safari] 🔌 [Browser Interceptor] Intercepting and optimizing engine: WEBKIT
[fsi-ppc2][iOS - Safari] ◇ injected env (0) from .env // tip: ⌘ enable debugging { debug: true }
[fsi-ppc2][iOS - Safari] ◇ injected env (0) from .env // tip: ⌘ enable debugging { debug: true }
[fsi-ppc2][iOS - Safari] ◇ injected env (0) from .env // tip: ◈ encrypted .env [www.dotenvx.com]
[fsi-ppc2][iOS - Safari] ◇ injected env (0) from .env // tip: ⌘ multiple files { path: ['.env.local', '.env'] }
[fsi-ppc2][iOS - Safari] ◇ injected env (0) from .env // tip: ⌘ multiple files { path: ['.env.local', '.env'] }
[fsi-ppc2][iOS - Safari] 
🤖 ================================================================
🤖 MASTER RUNNER: LAUNCHING FSI-PPC2
[fsi-ppc2][iOS - Safari] 🤖 Mode:            MOBILE
🤖 Tracking URL:     https://fsimlf-trk.com/?a=659&oc=750&c=143&s1=
🤖 Target Sheet:    FSI-PPC2
[fsi-ppc2][iOS - Safari] 🤖 ================================================================
[fsi-ppc2][iOS - Safari] 🔌 [Browser Interceptor] Intercepting and optimizing engine: WEBKIT
[fsi-ppc2][iOS - Safari] 📋 Emulated Device Profile: MOBILE (iPhone 17 Pro Mode) - [iOS - Safari]
[fsi-ppc2][iOS - Safari] ⏳ Delaying 200ms to allow responsive layouts to mount...
[fsi-ppc2][iOS - Safari] 🔄 Processing lead for brand: FSI-PPC2 Mobile
[fsi-ppc2][iOS - Safari] 📊 Campaign execution run index: 80
[fsi-ppc2][iOS - Safari] 🎯 Enforcing dynamic credentials & parameters:
   - First Name:   ckmtestpixel
[fsi-ppc2][iOS - Safari]    - Last Name:    ckmtestpixel
   - Email:        ckmtestpixel@gmail.com
   - Phone Number: 401-247-1080
   - Slider Value: 5,000
   - State Value:  New Mexico (NM)
[fsi-ppc2][iOS - Safari] 🔗 [Mobile] Navigating to: https://fsimlf-trk.com/?a=659&oc=750&c=143&s1=
[fsi-ppc2][iOS - Safari] [STDERR] ❌ Failed processing FSI-PPC2 Mobile: page.goto: Could not resolve hostname
Call log:
[2m  - navigating to "https://fsimlf-trk.com/?a=659&oc=750&c=143&s1=", waiting until "networkidle"[22m

[fsi-ppc2][iOS - Safari] 
✅ Execution successfully processed! {
  success: false,
  error: 'page.goto: Could not resolve hostname\n' +
    'Call log:\n' +
    '\x1B[2m  - navigating to "https://fsimlf-trk.com/?a=659&oc=750&c=143&s1=", waiting until "networkidle"\x1B[22m\n',
  brand: 'FSI-PPC2 Mobile'
}
[fsi-ppc2][iOS - Safari] 📋 Trace report successfully saved: traces/fsi-ppc2_mobile.zip
✅ [18/5/2026, 1:21:14 pm] COMPLETED: fsi-ppc2 [iOS - Safari][WEBKIT]

================================================================
🚀 [18/5/2026, 1:21:14 pm] RUNNING: FSI-PPC2 [TABLET - SAFARI]
🔗 Target URL: https://fsimlf-trk.com/?a=659&oc=750&c=143&s1=
================================================================
[fsi-ppc2][Tablet - Safari] 🔌 [Browser Interceptor] Intercepting and optimizing engine: WEBKIT
[fsi-ppc2][Tablet - Safari] ◇ injected env (0) from .env // tip: ⌘ enable debugging { debug: true }
[fsi-ppc2][Tablet - Safari] ◇ injected env (0) from .env // tip: ⌘ suppress logs { quiet: true }
[fsi-ppc2][Tablet - Safari] ◇ injected env (0) from .env // tip: ◈ secrets for agents [www.dotenvx.com]
[fsi-ppc2][Tablet - Safari] ◇ injected env (0) from .env // tip: ◈ secrets for agents [www.dotenvx.com]
[fsi-ppc2][Tablet - Safari] ◇ injected env (0) from .env // tip: ⌘ multiple files { path: ['.env.local', '.env'] }
[fsi-ppc2][Tablet - Safari] 
🤖 ================================================================
🤖 MASTER RUNNER: LAUNCHING FSI-PPC2
[fsi-ppc2][Tablet - Safari] 🤖 Mode:            TABLET
🤖 Tracking URL:     https://fsimlf-trk.com/?a=659&oc=750&c=143&s1=
🤖 Target Sheet:    FSI-PPC2
🤖 ================================================================
[fsi-ppc2][Tablet - Safari] 🔌 [Browser Interceptor] Intercepting and optimizing engine: WEBKIT
[fsi-ppc2][Tablet - Safari] 📋 Emulated Device Profile: TABLET (iPad Pro 11) - [Tablet - Safari]
[fsi-ppc2][Tablet - Safari] ⏳ Delaying 200ms to allow responsive layouts to mount...
[fsi-ppc2][Tablet - Safari] 🔄 Processing lead for brand: FSI-PPC2 Tablet
[fsi-ppc2][Tablet - Safari] 📊 Campaign execution run index: 81
[fsi-ppc2][Tablet - Safari] 🎯 Enforcing dynamic credentials & parameters:
[fsi-ppc2][Tablet - Safari]    - First Name:   ckmtestpixel
   - Last Name:    ckmtestpixel
   - Email:        ckmtestpixel@gmail.com
   - Phone Number: 401-247-1081
   - Slider Value: 15,000
   - State Value:  New York (NY)
[fsi-ppc2][Tablet - Safari] 🔗 [Mobile] Navigating to: https://fsimlf-trk.com/?a=659&oc=750&c=143&s1=
[fsi-ppc2][Tablet - Safari] [STDERR] ❌ Failed processing FSI-PPC2 Tablet: page.goto: Could not resolve hostname
Call log:
[2m  - navigating to "https://fsimlf-trk.com/?a=659&oc=750&c=143&s1=", waiting until "networkidle"[22m

[fsi-ppc2][Tablet - Safari] 
✅ Execution successfully processed! {
  success: false,
  error: 'page.goto: Could not resolve hostname\n' +
    'Call log:\n' +
    '\x1B[2m  - navigating to "https://fsimlf-trk.com/?a=659&oc=750&c=143&s1=", waiting until "networkidle"\x1B[22m\n',
  brand: 'FSI-PPC2 Tablet'
}
[fsi-ppc2][Tablet - Safari] 📋 Trace report successfully saved: traces/fsi-ppc2_tablet.zip
✅ [18/5/2026, 1:21:20 pm] COMPLETED: fsi-ppc2 [Tablet - Safari][WEBKIT]

================================================================
🚀 [18/5/2026, 1:21:20 pm] RUNNING: FSI-PPC2 [TABLET - CHROME]
🔗 Target URL: https://fsimlf-trk.com/?a=659&oc=750&c=143&s1=
================================================================
[fsi-ppc2][Tablet - Chrome] 🔌 [Browser Interceptor] Intercepting and optimizing engine: CHROMIUM
[fsi-ppc2][Tablet - Chrome] ◇ injected env (0) from .env // tip: ⌘ override existing { override: true }
[fsi-ppc2][Tablet - Chrome] ◇ injected env (0) from .env // tip: ◈ encrypted .env [www.dotenvx.com]
[fsi-ppc2][Tablet - Chrome] ◇ injected env (0) from .env // tip: ⌘ custom filepath { path: '/custom/path/.env' }
[fsi-ppc2][Tablet - Chrome] ◇ injected env (0) from .env // tip: ◈ encrypted .env [www.dotenvx.com]
[fsi-ppc2][Tablet - Chrome] ◇ injected env (0) from .env // tip: ◈ encrypted .env [www.dotenvx.com]
[fsi-ppc2][Tablet - Chrome] 
🤖 ================================================================
🤖 MASTER RUNNER: LAUNCHING FSI-PPC2
[fsi-ppc2][Tablet - Chrome] 🤖 Mode:            TABLET
[fsi-ppc2][Tablet - Chrome] 🤖 Tracking URL:     https://fsimlf-trk.com/?a=659&oc=750&c=143&s1=
[fsi-ppc2][Tablet - Chrome] 🤖 Target Sheet:    FSI-PPC2
[fsi-ppc2][Tablet - Chrome] 🤖 ================================================================
[fsi-ppc2][Tablet - Chrome] 🔌 [Browser Interceptor] Intercepting and optimizing engine: CHROMIUM
[fsi-ppc2][Tablet - Chrome] 📋 Emulated Device Profile: TABLET (iPad Pro 11) - [Tablet - Chrome]
[fsi-ppc2][Tablet - Chrome] ⏳ Delaying 200ms to allow responsive layouts to mount...
[fsi-ppc2][Tablet - Chrome] 🔄 Processing lead for brand: FSI-PPC2 Tablet
[fsi-ppc2][Tablet - Chrome] 📊 Campaign execution run index: 82
[fsi-ppc2][Tablet - Chrome] 🎯 Enforcing dynamic credentials & parameters:
   - First Name:   ckmtestpixel
   - Last Name:    ckmtestpixel
   - Email:        ckmtestpixel@gmail.com
   - Phone Number: 401-247-1082
   - Slider Value: 35,000
   - State Value:  North Carolina (NC)
[fsi-ppc2][Tablet - Chrome] 🔗 [Mobile] Navigating to: https://fsimlf-trk.com/?a=659&oc=750&c=143&s1=
[fsi-ppc2][Tablet - Chrome] [STDERR] ❌ Failed processing FSI-PPC2 Tablet: page.goto: net::ERR_INTERNET_DISCONNECTED at https://fsimlf-trk.com/?a=659&oc=750&c=143&s1=
Call log:
[2m  - navigating to "https://fsimlf-trk.com/?a=659&oc=750&c=143&s1=", waiting until "networkidle"[22m

[fsi-ppc2][Tablet - Chrome] 
✅ Execution successfully processed! {
  success: false,
  error: 'page.goto: net::ERR_INTERNET_DISCONNECTED at https://fsimlf-trk.com/?a=659&oc=750&c=143&s1=\n' +
    'Call log:\n' +
    '\x1B[2m  - navigating to "https://fsimlf-trk.com/?a=659&oc=750&c=143&s1=", waiting until "networkidle"\x1B[22m\n',
  brand: 'FSI-PPC2 Tablet'
}
[fsi-ppc2][Tablet - Chrome] 📋 Trace report successfully saved: traces/fsi-ppc2_tablet.zip
✅ [18/5/2026, 1:21:26 pm] COMPLETED: fsi-ppc2 [Tablet - Chrome][CHROMIUM]

================================================================
🚀 [18/5/2026, 1:21:27 pm] RUNNING: FSI-PPC2 [WINDOWS - CHROME]
🔗 Target URL: https://fsimlf-trk.com/?a=659&oc=750&c=143&s1=
================================================================
[fsi-ppc2][Windows - Chrome] 🔌 [Browser Interceptor] Intercepting and optimizing engine: CHROMIUM
[fsi-ppc2][Windows - Chrome] ◇ injected env (0) from .env // tip: ⌘ enable debugging { debug: true }
[fsi-ppc2][Windows - Chrome] ◇ injected env (0) from .env // tip: ⌘ suppress logs { quiet: true }
[fsi-ppc2][Windows - Chrome] ◇ injected env (0) from .env // tip: ⌘ enable debugging { debug: true }
[fsi-ppc2][Windows - Chrome] ◇ injected env (0) from .env // tip: ◈ secrets for agents [www.dotenvx.com]
[fsi-ppc2][Windows - Chrome] ◇ injected env (0) from .env // tip: ⌘ custom filepath { path: '/custom/path/.env' }
[fsi-ppc2][Windows - Chrome] 
🤖 ================================================================
[fsi-ppc2][Windows - Chrome] 🤖 MASTER RUNNER: LAUNCHING FSI-PPC2
🤖 Mode:            DESKTOP
[fsi-ppc2][Windows - Chrome] 🤖 Tracking URL:     https://fsimlf-trk.com/?a=659&oc=750&c=143&s1=
[fsi-ppc2][Windows - Chrome] 🤖 Target Sheet:    FSI-PPC2
🤖 ================================================================
[fsi-ppc2][Windows - Chrome] 🔌 [Browser Interceptor] Intercepting and optimizing engine: CHROMIUM
[fsi-ppc2][Windows - Chrome] 💻 Emulated Device Profile: DESKTOP - [Windows - Chrome]
[fsi-ppc2][Windows - Chrome] 🔄 Processing lead for brand: FSI-PPC2
[fsi-ppc2][Windows - Chrome] 📊 Campaign execution run index: 83
[fsi-ppc2][Windows - Chrome] 🎯 Enforcing dynamic credentials & parameters:
   - First Name:   ckmtestpixel
   - Last Name:    ckmtestpixel
   - Email:        ckmtestpixel@gmail.com
   - Phone Number: 401-247-1083
   - Slider Value: 75,000
   - State Value:  North Dakota (ND)
[fsi-ppc2][Windows - Chrome] 🔗 Navigating to: https://fsimlf-trk.com/?a=659&oc=750&c=143&s1=
[fsi-ppc2][Windows - Chrome] [STDERR] ❌ Failed processing FSI-PPC2: page.goto: net::ERR_INTERNET_DISCONNECTED at https://fsimlf-trk.com/?a=659&oc=750&c=143&s1=
Call log:
[2m  - navigating to "https://fsimlf-trk.com/?a=659&oc=750&c=143&s1=", waiting until "networkidle"[22m

[fsi-ppc2][Windows - Chrome] 
✅ Execution successfully processed! {
  success: false,
  error: 'page.goto: net::ERR_INTERNET_DISCONNECTED at https://fsimlf-trk.com/?a=659&oc=750&c=143&s1=\n' +
    'Call log:\n' +
    '\x1B[2m  - navigating to "https://fsimlf-trk.com/?a=659&oc=750&c=143&s1=", waiting until "networkidle"\x1B[22m\n',
  brand: 'FSI-PPC2'
}
[fsi-ppc2][Windows - Chrome] 📋 Trace report successfully saved: traces/fsi-ppc2_desktop.zip
✅ [18/5/2026, 1:21:32 pm] COMPLETED: fsi-ppc2 [Windows - Chrome][CHROMIUM]

================================================================
🚀 [18/5/2026, 1:21:33 pm] RUNNING: FSI-PPC2 [WINDOWS - FIREFOX]
🔗 Target URL: https://fsimlf-trk.com/?a=659&oc=750&c=143&s1=
================================================================
[fsi-ppc2][Windows - Firefox] 🔌 [Browser Interceptor] Intercepting and optimizing engine: FIREFOX
[fsi-ppc2][Windows - Firefox] ◇ injected env (0) from .env // tip: ⌘ multiple files { path: ['.env.local', '.env'] }
[fsi-ppc2][Windows - Firefox] ◇ injected env (0) from .env // tip: ◈ encrypted .env [www.dotenvx.com]
[fsi-ppc2][Windows - Firefox] ◇ injected env (0) from .env // tip: ⌘ suppress logs { quiet: true }
[fsi-ppc2][Windows - Firefox] ◇ injected env (0) from .env // tip: ⌘ enable debugging { debug: true }
[fsi-ppc2][Windows - Firefox] ◇ injected env (0) from .env // tip: ◈ secrets for agents [www.dotenvx.com]
[fsi-ppc2][Windows - Firefox] 
🤖 ================================================================
🤖 MASTER RUNNER: LAUNCHING FSI-PPC2
[fsi-ppc2][Windows - Firefox] 🤖 Mode:            DESKTOP
🤖 Tracking URL:     https://fsimlf-trk.com/?a=659&oc=750&c=143&s1=
🤖 Target Sheet:    FSI-PPC2
🤖 ================================================================
[fsi-ppc2][Windows - Firefox] 🔌 [Browser Interceptor] Intercepting and optimizing engine: FIREFOX
[fsi-ppc2][Windows - Firefox] 💻 Emulated Device Profile: DESKTOP - [Windows - Firefox]
[fsi-ppc2][Windows - Firefox] 🔌 [Browser Interceptor] Sanitizing mobile context options for Firefox emulation...
🔌 [Browser Interceptor] Sanitizing mobile context options for Firefox emulation...
[fsi-ppc2][Windows - Firefox] 🔄 Processing lead for brand: FSI-PPC2
[fsi-ppc2][Windows - Firefox] 📊 Campaign execution run index: 84
[fsi-ppc2][Windows - Firefox] 🎯 Enforcing dynamic credentials & parameters:
   - First Name:   ckmtestpixel
   - Last Name:    ckmtestpixel
   - Email:        ckmtestpixel@gmail.com
   - Phone Number: 401-247-1084
   - Slider Value: 5,000
   - State Value:  Ohio (OH)
🔗 Navigating to: https://fsimlf-trk.com/?a=659&oc=750&c=143&s1=
[fsi-ppc2][Windows - Firefox] [STDERR] ❌ Failed processing FSI-PPC2: page.goto: NS_ERROR_UNKNOWN_HOST
Call log:
[2m  - navigating to "https://fsimlf-trk.com/?a=659&oc=750&c=143&s1=", waiting until "networkidle"[22m

[fsi-ppc2][Windows - Firefox] 
✅ Execution successfully processed! {
  success: false,
  error: 'page.goto: NS_ERROR_UNKNOWN_HOST\n' +
    'Call log:\n' +
    '\x1B[2m  - navigating to "https://fsimlf-trk.com/?a=659&oc=750&c=143&s1=", waiting until "networkidle"\x1B[22m\n',
  brand: 'FSI-PPC2'
}
[fsi-ppc2][Windows - Firefox] 📋 Trace report successfully saved: traces/fsi-ppc2_desktop.zip
✅ [18/5/2026, 1:21:41 pm] COMPLETED: fsi-ppc2 [Windows - Firefox][FIREFOX]

================================================================
🚀 [18/5/2026, 1:21:42 pm] RUNNING: FSI-PPC2 [MAC - SAFARI]
🔗 Target URL: https://fsimlf-trk.com/?a=659&oc=750&c=143&s1=
================================================================
[fsi-ppc2][MAC - Safari] 🔌 [Browser Interceptor] Intercepting and optimizing engine: WEBKIT
[fsi-ppc2][MAC - Safari] ◇ injected env (0) from .env // tip: ⌘ suppress logs { quiet: true }
[fsi-ppc2][MAC - Safari] ◇ injected env (0) from .env // tip: ⌘ multiple files { path: ['.env.local', '.env'] }
[fsi-ppc2][MAC - Safari] ◇ injected env (0) from .env // tip: ⌘ override existing { override: true }
[fsi-ppc2][MAC - Safari] ◇ injected env (0) from .env // tip: ⌁ auth for agents [www.vestauth.com]
[fsi-ppc2][MAC - Safari] ◇ injected env (0) from .env // tip: ⌁ auth for agents [www.vestauth.com]
[fsi-ppc2][MAC - Safari] 
🤖 ================================================================
[fsi-ppc2][MAC - Safari] 🤖 MASTER RUNNER: LAUNCHING FSI-PPC2
🤖 Mode:            DESKTOP
[fsi-ppc2][MAC - Safari] 🤖 Tracking URL:     https://fsimlf-trk.com/?a=659&oc=750&c=143&s1=
[fsi-ppc2][MAC - Safari] 🤖 Target Sheet:    FSI-PPC2
🤖 ================================================================
[fsi-ppc2][MAC - Safari] 🔌 [Browser Interceptor] Intercepting and optimizing engine: WEBKIT
[fsi-ppc2][MAC - Safari] 💻 Emulated Device Profile: DESKTOP - [MAC - Safari]
[fsi-ppc2][MAC - Safari] 🔄 Processing lead for brand: FSI-PPC2
[fsi-ppc2][MAC - Safari] 📊 Campaign execution run index: 85
[fsi-ppc2][MAC - Safari] 🎯 Enforcing dynamic credentials & parameters:
   - First Name:   ckmtestpixel
   - Last Name:    ckmtestpixel
   - Email:        ckmtestpixel@gmail.com
   - Phone Number: 401-247-1085
   - Slider Value: 15,000
   - State Value:  Oklahoma (OK)
[fsi-ppc2][MAC - Safari] 🔗 Navigating to: https://fsimlf-trk.com/?a=659&oc=750&c=143&s1=
[fsi-ppc2][MAC - Safari] [STDERR] ❌ Failed processing FSI-PPC2: page.goto: Could not resolve hostname
Call log:
[2m  - navigating to "https://fsimlf-trk.com/?a=659&oc=750&c=143&s1=", waiting until "networkidle"[22m

[fsi-ppc2][MAC - Safari] 
✅ Execution successfully processed! {
  success: false,
  error: 'page.goto: Could not resolve hostname\n' +
    'Call log:\n' +
    '\x1B[2m  - navigating to "https://fsimlf-trk.com/?a=659&oc=750&c=143&s1=", waiting until "networkidle"\x1B[22m\n',
  brand: 'FSI-PPC2'
}
[fsi-ppc2][MAC - Safari] 📋 Trace report successfully saved: traces/fsi-ppc2_desktop.zip
✅ [18/5/2026, 1:21:47 pm] COMPLETED: fsi-ppc2 [MAC - Safari][WEBKIT]

================================================================
🚀 [18/5/2026, 1:21:48 pm] RUNNING: FSI-PPC2 [MAC - CHROME]
🔗 Target URL: https://fsimlf-trk.com/?a=659&oc=750&c=143&s1=
================================================================
[fsi-ppc2][MAC - Chrome] 🔌 [Browser Interceptor] Intercepting and optimizing engine: CHROMIUM
[fsi-ppc2][MAC - Chrome] ◇ injected env (0) from .env // tip: ⌘ custom filepath { path: '/custom/path/.env' }
[fsi-ppc2][MAC - Chrome] ◇ injected env (0) from .env // tip: ⌘ custom filepath { path: '/custom/path/.env' }
[fsi-ppc2][MAC - Chrome] ◇ injected env (0) from .env // tip: ◈ secrets for agents [www.dotenvx.com]
[fsi-ppc2][MAC - Chrome] ◇ injected env (0) from .env // tip: ⌘ enable debugging { debug: true }
[fsi-ppc2][MAC - Chrome] ◇ injected env (0) from .env // tip: ⌘ suppress logs { quiet: true }
[fsi-ppc2][MAC - Chrome] 
🤖 ================================================================
🤖 MASTER RUNNER: LAUNCHING FSI-PPC2
[fsi-ppc2][MAC - Chrome] 🤖 Mode:            DESKTOP
🤖 Tracking URL:     https://fsimlf-trk.com/?a=659&oc=750&c=143&s1=
[fsi-ppc2][MAC - Chrome] 🤖 Target Sheet:    FSI-PPC2
🤖 ================================================================
[fsi-ppc2][MAC - Chrome] 🔌 [Browser Interceptor] Intercepting and optimizing engine: CHROMIUM
[fsi-ppc2][MAC - Chrome] 💻 Emulated Device Profile: DESKTOP - [MAC - Chrome]
[fsi-ppc2][MAC - Chrome] 🔄 Processing lead for brand: FSI-PPC2
[fsi-ppc2][MAC - Chrome] 📊 Campaign execution run index: 86
[fsi-ppc2][MAC - Chrome] 🎯 Enforcing dynamic credentials & parameters:
   - First Name:   ckmtestpixel
[fsi-ppc2][MAC - Chrome]    - Last Name:    ckmtestpixel
   - Email:        ckmtestpixel@gmail.com
   - Phone Number: 401-247-1086
   - Slider Value: 35,000
   - State Value:  Oregon (OR)
[fsi-ppc2][MAC - Chrome] 🔗 Navigating to: https://fsimlf-trk.com/?a=659&oc=750&c=143&s1=
[fsi-ppc2][MAC - Chrome] [STDERR] ❌ Failed processing FSI-PPC2: page.goto: net::ERR_INTERNET_DISCONNECTED at https://fsimlf-trk.com/?a=659&oc=750&c=143&s1=
Call log:
[2m  - navigating to "https://fsimlf-trk.com/?a=659&oc=750&c=143&s1=", waiting until "networkidle"[22m

[fsi-ppc2][MAC - Chrome] 
✅ Execution successfully processed! {
  success: false,
  error: 'page.goto: net::ERR_INTERNET_DISCONNECTED at https://fsimlf-trk.com/?a=659&oc=750&c=143&s1=\n' +
    'Call log:\n' +
    '\x1B[2m  - navigating to "https://fsimlf-trk.com/?a=659&oc=750&c=143&s1=", waiting until "networkidle"\x1B[22m\n',
  brand: 'FSI-PPC2'
}
[fsi-ppc2][MAC - Chrome] 📋 Trace report successfully saved: traces/fsi-ppc2_desktop.zip
✅ [18/5/2026, 1:21:53 pm] COMPLETED: fsi-ppc2 [MAC - Chrome][CHROMIUM]

================================================================
⚡ Processing Campaign Matrix: [TRA-CPL]
================================================================

================================================================
🚀 [18/5/2026, 1:21:54 pm] RUNNING: TRA-CPL [ANDROID - CHROME]
🔗 Target URL: https://flmtra.com/?a=659&oc=756&c=2210&s1=
================================================================
[tra-cpl][Android - Chrome] 🔌 [Browser Interceptor] Intercepting and optimizing engine: CHROMIUM
[tra-cpl][Android - Chrome] ◇ injected env (0) from .env // tip: ◈ secrets for agents [www.dotenvx.com]
[tra-cpl][Android - Chrome] ◇ injected env (0) from .env // tip: ⌘ custom filepath { path: '/custom/path/.env' }
[tra-cpl][Android - Chrome] ◇ injected env (0) from .env // tip: ⌁ auth for agents [www.vestauth.com]
[tra-cpl][Android - Chrome] ◇ injected env (0) from .env // tip: ⌁ auth for agents [www.vestauth.com]
[tra-cpl][Android - Chrome] ◇ injected env (0) from .env // tip: ⌘ suppress logs { quiet: true }
[tra-cpl][Android - Chrome] 
🤖 ================================================================
🤖 MASTER RUNNER: LAUNCHING TRA-CPL
[tra-cpl][Android - Chrome] 🤖 Mode:            MOBILE
🤖 Tracking URL:     https://flmtra.com/?a=659&oc=756&c=2210&s1=
🤖 Target Sheet:    TRA-CPL
🤖 ================================================================
[tra-cpl][Android - Chrome] 🔌 [Browser Interceptor] Intercepting and optimizing engine: CHROMIUM
[tra-cpl][Android - Chrome] 📋 Emulated Device Profile: MOBILE (Pixel 7) - [Android - Chrome]
[tra-cpl][Android - Chrome] ⏳ Delaying 200ms to allow responsive layouts to mount...
[tra-cpl][Android - Chrome] 🔄 Processing lead for brand: TRA-CPL Mobile
[tra-cpl][Android - Chrome] 📊 Campaign execution run index: 75
[tra-cpl][Android - Chrome] 🎯 Enforcing dynamic credentials & parameters:
   - First Name:   ckmtestpixel
   - Last Name:    ckmtestpixel
   - Email:        ckmtestpixel@gmail.com
   - Phone Number: 401-247-1075
   - Slider Value: 88,404
   - State Value:  Montana (MT)
[tra-cpl][Android - Chrome] 🔗 [Mobile] Navigating to: https://flmtra.com/?a=659&oc=756&c=2210&s1=
[tra-cpl][Android - Chrome] [STDERR] ❌ Failed processing TRA-CPL Mobile: page.goto: net::ERR_INTERNET_DISCONNECTED at https://flmtra.com/?a=659&oc=756&c=2210&s1=
Call log:
[2m  - navigating to "https://flmtra.com/?a=659&oc=756&c=2210&s1=", waiting until "networkidle"[22m

[tra-cpl][Android - Chrome] 
✅ Execution successfully processed! {
  success: false,
  error: 'page.goto: net::ERR_INTERNET_DISCONNECTED at https://flmtra.com/?a=659&oc=756&c=2210&s1=\n' +
    'Call log:\n' +
    '\x1B[2m  - navigating to "https://flmtra.com/?a=659&oc=756&c=2210&s1=", waiting until "networkidle"\x1B[22m\n',
  brand: 'TRA-CPL Mobile'
}
[tra-cpl][Android - Chrome] 📋 Trace report successfully saved: traces/tra-cpl_mobile.zip
✅ [18/5/2026, 1:22:00 pm] COMPLETED: tra-cpl [Android - Chrome][CHROMIUM]

================================================================
🚀 [18/5/2026, 1:22:00 pm] RUNNING: TRA-CPL [ANDROID - FIREFOX]
🔗 Target URL: https://flmtra.com/?a=659&oc=756&c=2210&s1=
================================================================
[tra-cpl][Android - Firefox] 🔌 [Browser Interceptor] Intercepting and optimizing engine: FIREFOX
[tra-cpl][Android - Firefox] ◇ injected env (0) from .env // tip: ⌁ auth for agents [www.vestauth.com]
[tra-cpl][Android - Firefox] ◇ injected env (0) from .env // tip: ⌁ auth for agents [www.vestauth.com]
[tra-cpl][Android - Firefox] ◇ injected env (0) from .env // tip: ⌘ custom filepath { path: '/custom/path/.env' }
[tra-cpl][Android - Firefox] ◇ injected env (0) from .env // tip: ⌘ enable debugging { debug: true }
[tra-cpl][Android - Firefox] ◇ injected env (0) from .env // tip: ⌘ enable debugging { debug: true }
[tra-cpl][Android - Firefox] 
🤖 ================================================================
[tra-cpl][Android - Firefox] 🤖 MASTER RUNNER: LAUNCHING TRA-CPL
🤖 Mode:            MOBILE
[tra-cpl][Android - Firefox] 🤖 Tracking URL:     https://flmtra.com/?a=659&oc=756&c=2210&s1=
[tra-cpl][Android - Firefox] 🤖 Target Sheet:    TRA-CPL
🤖 ================================================================
[tra-cpl][Android - Firefox] 🔌 [Browser Interceptor] Intercepting and optimizing engine: FIREFOX
[tra-cpl][Android - Firefox] 📋 Emulated Device Profile: MOBILE (Pixel 7) - [Android - Firefox]
[tra-cpl][Android - Firefox] 🔌 [Browser Interceptor] Sanitizing mobile context options for Firefox emulation...
🔌 [Browser Interceptor] Sanitizing mobile context options for Firefox emulation...
[tra-cpl][Android - Firefox] ⏳ Delaying 200ms to allow responsive layouts to mount...
[tra-cpl][Android - Firefox] 🔄 Processing lead for brand: TRA-CPL Mobile
[tra-cpl][Android - Firefox] 📊 Campaign execution run index: 76
[tra-cpl][Android - Firefox] 🎯 Enforcing dynamic credentials & parameters:
[tra-cpl][Android - Firefox]    - First Name:   ckmtestpixel
   - Last Name:    ckmtestpixel
   - Email:        ckmtestpixel@gmail.com
   - Phone Number: 401-247-1076
[tra-cpl][Android - Firefox]    - Slider Value: 1,30,464
[tra-cpl][Android - Firefox]    - State Value:  Nebraska (NE)
[tra-cpl][Android - Firefox] 🔗 [Mobile] Navigating to: https://flmtra.com/?a=659&oc=756&c=2210&s1=
[tra-cpl][Android - Firefox] [STDERR] ❌ Failed processing TRA-CPL Mobile: page.goto: NS_ERROR_UNKNOWN_HOST
Call log:
[2m  - navigating to "https://flmtra.com/?a=659&oc=756&c=2210&s1=", waiting until "networkidle"[22m

[tra-cpl][Android - Firefox] 
✅ Execution successfully processed! {
  success: false,
  error: 'page.goto: NS_ERROR_UNKNOWN_HOST\n' +
    'Call log:\n' +
    '\x1B[2m  - navigating to "https://flmtra.com/?a=659&oc=756&c=2210&s1=", waiting until "networkidle"\x1B[22m\n',
  brand: 'TRA-CPL Mobile'
}
[tra-cpl][Android - Firefox] 📋 Trace report successfully saved: traces/tra-cpl_mobile.zip
✅ [18/5/2026, 1:22:09 pm] COMPLETED: tra-cpl [Android - Firefox][FIREFOX]

================================================================
🚀 [18/5/2026, 1:22:09 pm] RUNNING: TRA-CPL [IOS - CHROME]
🔗 Target URL: https://flmtra.com/?a=659&oc=756&c=2210&s1=
================================================================
[tra-cpl][iOS - Chrome] 🔌 [Browser Interceptor] Intercepting and optimizing engine: CHROMIUM
[tra-cpl][iOS - Chrome] ◇ injected env (0) from .env // tip: ⌘ custom filepath { path: '/custom/path/.env' }
[tra-cpl][iOS - Chrome] ◇ injected env (0) from .env // tip: ◈ secrets for agents [www.dotenvx.com]
[tra-cpl][iOS - Chrome] ◇ injected env (0) from .env // tip: ⌘ multiple files { path: ['.env.local', '.env'] }
[tra-cpl][iOS - Chrome] ◇ injected env (0) from .env // tip: ⌘ multiple files { path: ['.env.local', '.env'] }
[tra-cpl][iOS - Chrome] ◇ injected env (0) from .env // tip: ⌘ override existing { override: true }
[tra-cpl][iOS - Chrome] 
🤖 ================================================================
[tra-cpl][iOS - Chrome] 🤖 MASTER RUNNER: LAUNCHING TRA-CPL
[tra-cpl][iOS - Chrome] 🤖 Mode:            MOBILE
[tra-cpl][iOS - Chrome] 🤖 Tracking URL:     https://flmtra.com/?a=659&oc=756&c=2210&s1=
[tra-cpl][iOS - Chrome] 🤖 Target Sheet:    TRA-CPL
🤖 ================================================================
[tra-cpl][iOS - Chrome] 🔌 [Browser Interceptor] Intercepting and optimizing engine: CHROMIUM
[tra-cpl][iOS - Chrome] 📋 Emulated Device Profile: MOBILE (iPhone 17 Pro Mode) - [iOS - Chrome]
[tra-cpl][iOS - Chrome] ⏳ Delaying 200ms to allow responsive layouts to mount...
[tra-cpl][iOS - Chrome] 🔄 Processing lead for brand: TRA-CPL Mobile
[tra-cpl][iOS - Chrome] 📊 Campaign execution run index: 77
[tra-cpl][iOS - Chrome] 🎯 Enforcing dynamic credentials & parameters:
   - First Name:   ckmtestpixel
   - Last Name:    ckmtestpixel
   - Email:        ckmtestpixel@gmail.com
   - Phone Number: 401-247-1077
   - Slider Value: 2,874
   - State Value:  Nevada (NV)
[tra-cpl][iOS - Chrome] 🔗 [Mobile] Navigating to: https://flmtra.com/?a=659&oc=756&c=2210&s1=
[tra-cpl][iOS - Chrome] [STDERR] ❌ Failed processing TRA-CPL Mobile: page.goto: net::ERR_INTERNET_DISCONNECTED at https://flmtra.com/?a=659&oc=756&c=2210&s1=
Call log:
[2m  - navigating to "https://flmtra.com/?a=659&oc=756&c=2210&s1=", waiting until "networkidle"[22m

[tra-cpl][iOS - Chrome] 
✅ Execution successfully processed! {
  success: false,
  error: 'page.goto: net::ERR_INTERNET_DISCONNECTED at https://flmtra.com/?a=659&oc=756&c=2210&s1=\n' +
    'Call log:\n' +
    '\x1B[2m  - navigating to "https://flmtra.com/?a=659&oc=756&c=2210&s1=", waiting until "networkidle"\x1B[22m\n',
  brand: 'TRA-CPL Mobile'
}
[tra-cpl][iOS - Chrome] 📋 Trace report successfully saved: traces/tra-cpl_mobile.zip
✅ [18/5/2026, 1:22:15 pm] COMPLETED: tra-cpl [iOS - Chrome][CHROMIUM]

================================================================
🚀 [18/5/2026, 1:22:15 pm] RUNNING: TRA-CPL [IOS - SAFARI]
🔗 Target URL: https://flmtra.com/?a=659&oc=756&c=2210&s1=
================================================================
[tra-cpl][iOS - Safari] 🔌 [Browser Interceptor] Intercepting and optimizing engine: WEBKIT
[tra-cpl][iOS - Safari] ◇ injected env (0) from .env // tip: ◈ encrypted .env [www.dotenvx.com]
[tra-cpl][iOS - Safari] ◇ injected env (0) from .env // tip: ◈ secrets for agents [www.dotenvx.com]
[tra-cpl][iOS - Safari] ◇ injected env (0) from .env // tip: ⌘ enable debugging { debug: true }
[tra-cpl][iOS - Safari] ◇ injected env (0) from .env // tip: ⌘ multiple files { path: ['.env.local', '.env'] }
[tra-cpl][iOS - Safari] ◇ injected env (0) from .env // tip: ⌘ multiple files { path: ['.env.local', '.env'] }
[tra-cpl][iOS - Safari] 
🤖 ================================================================
[tra-cpl][iOS - Safari] 🤖 MASTER RUNNER: LAUNCHING TRA-CPL
🤖 Mode:            MOBILE
[tra-cpl][iOS - Safari] 🤖 Tracking URL:     https://flmtra.com/?a=659&oc=756&c=2210&s1=
[tra-cpl][iOS - Safari] 🤖 Target Sheet:    TRA-CPL
🤖 ================================================================
🔌 [Browser Interceptor] Intercepting and optimizing engine: WEBKIT
[tra-cpl][iOS - Safari] 📋 Emulated Device Profile: MOBILE (iPhone 17 Pro Mode) - [iOS - Safari]
[tra-cpl][iOS - Safari] ⏳ Delaying 200ms to allow responsive layouts to mount...
[tra-cpl][iOS - Safari] 🔄 Processing lead for brand: TRA-CPL Mobile
[tra-cpl][iOS - Safari] 📊 Campaign execution run index: 78
[tra-cpl][iOS - Safari] 🎯 Enforcing dynamic credentials & parameters:
   - First Name:   ckmtestpixel
   - Last Name:    ckmtestpixel
   - Email:        ckmtestpixel@gmail.com
   - Phone Number: 401-247-1078
   - Slider Value: 5,133
   - State Value:  New Hampshire (NH)
[tra-cpl][iOS - Safari] 🔗 [Mobile] Navigating to: https://flmtra.com/?a=659&oc=756&c=2210&s1=
[tra-cpl][iOS - Safari] [STDERR] ❌ Failed processing TRA-CPL Mobile: page.goto: Could not resolve hostname
Call log:
[2m  - navigating to "https://flmtra.com/?a=659&oc=756&c=2210&s1=", waiting until "networkidle"[22m

[tra-cpl][iOS - Safari] 
✅ Execution successfully processed! {
  success: false,
  error: 'page.goto: Could not resolve hostname\n' +
    'Call log:\n' +
    '\x1B[2m  - navigating to "https://flmtra.com/?a=659&oc=756&c=2210&s1=", waiting until "networkidle"\x1B[22m\n',
  brand: 'TRA-CPL Mobile'
}
[tra-cpl][iOS - Safari] 📋 Trace report successfully saved: traces/tra-cpl_mobile.zip
✅ [18/5/2026, 1:22:21 pm] COMPLETED: tra-cpl [iOS - Safari][WEBKIT]

================================================================
🚀 [18/5/2026, 1:22:21 pm] RUNNING: TRA-CPL [TABLET - SAFARI]
🔗 Target URL: https://flmtra.com/?a=659&oc=756&c=2210&s1=
================================================================
[tra-cpl][Tablet - Safari] 🔌 [Browser Interceptor] Intercepting and optimizing engine: WEBKIT
[tra-cpl][Tablet - Safari] ◇ injected env (0) from .env // tip: ◈ secrets for agents [www.dotenvx.com]
[tra-cpl][Tablet - Safari] ◇ injected env (0) from .env // tip: ◈ secrets for agents [www.dotenvx.com]
[tra-cpl][Tablet - Safari] ◇ injected env (0) from .env // tip: ⌁ auth for agents [www.vestauth.com]
[tra-cpl][Tablet - Safari] ◇ injected env (0) from .env // tip: ⌘ enable debugging { debug: true }
[tra-cpl][Tablet - Safari] ◇ injected env (0) from .env // tip: ⌘ enable debugging { debug: true }
[tra-cpl][Tablet - Safari] 
🤖 ================================================================
[tra-cpl][Tablet - Safari] 🤖 MASTER RUNNER: LAUNCHING TRA-CPL
🤖 Mode:            TABLET
[tra-cpl][Tablet - Safari] 🤖 Tracking URL:     https://flmtra.com/?a=659&oc=756&c=2210&s1=
[tra-cpl][Tablet - Safari] 🤖 Target Sheet:    TRA-CPL
[tra-cpl][Tablet - Safari] 🤖 ================================================================
[tra-cpl][Tablet - Safari] 🔌 [Browser Interceptor] Intercepting and optimizing engine: WEBKIT
[tra-cpl][Tablet - Safari] 📋 Emulated Device Profile: TABLET (iPad Pro 11) - [Tablet - Safari]
[tra-cpl][Tablet - Safari] ⏳ Delaying 200ms to allow responsive layouts to mount...
[tra-cpl][Tablet - Safari] 🔄 Processing lead for brand: TRA-CPL Tablet
[tra-cpl][Tablet - Safari] 📊 Campaign execution run index: 79
[tra-cpl][Tablet - Safari] 🎯 Enforcing dynamic credentials & parameters:
   - First Name:   ckmtestpixel
   - Last Name:    ckmtestpixel
   - Email:        ckmtestpixel@gmail.com
   - Phone Number: 401-247-1079
   - Slider Value: 8,607
   - State Value:  New Jersey (NJ)
[tra-cpl][Tablet - Safari] 🔗 [Mobile] Navigating to: https://flmtra.com/?a=659&oc=756&c=2210&s1=
[tra-cpl][Tablet - Safari] [STDERR] ❌ Failed processing TRA-CPL Tablet: page.goto: Could not resolve hostname
Call log:
[2m  - navigating to "https://flmtra.com/?a=659&oc=756&c=2210&s1=", waiting until "networkidle"[22m

[tra-cpl][Tablet - Safari] 
✅ Execution successfully processed! {
  success: false,
  error: 'page.goto: Could not resolve hostname\n' +
    'Call log:\n' +
    '\x1B[2m  - navigating to "https://flmtra.com/?a=659&oc=756&c=2210&s1=", waiting until "networkidle"\x1B[22m\n',
  brand: 'TRA-CPL Tablet'
}
[tra-cpl][Tablet - Safari] 📋 Trace report successfully saved: traces/tra-cpl_tablet.zip
✅ [18/5/2026, 1:22:28 pm] COMPLETED: tra-cpl [Tablet - Safari][WEBKIT]

================================================================
🚀 [18/5/2026, 1:22:28 pm] RUNNING: TRA-CPL [TABLET - CHROME]
🔗 Target URL: https://flmtra.com/?a=659&oc=756&c=2210&s1=
================================================================
[tra-cpl][Tablet - Chrome] 🔌 [Browser Interceptor] Intercepting and optimizing engine: CHROMIUM
[tra-cpl][Tablet - Chrome] ◇ injected env (0) from .env // tip: ◈ encrypted .env [www.dotenvx.com]
[tra-cpl][Tablet - Chrome] ◇ injected env (0) from .env // tip: ⌘ suppress logs { quiet: true }
[tra-cpl][Tablet - Chrome] ◇ injected env (0) from .env // tip: ◈ encrypted .env [www.dotenvx.com]
[tra-cpl][Tablet - Chrome] ◇ injected env (0) from .env // tip: ⌘ suppress logs { quiet: true }
[tra-cpl][Tablet - Chrome] ◇ injected env (0) from .env // tip: ⌘ override existing { override: true }
[tra-cpl][Tablet - Chrome] 
🤖 ================================================================
🤖 MASTER RUNNER: LAUNCHING TRA-CPL
[tra-cpl][Tablet - Chrome] 🤖 Mode:            TABLET
🤖 Tracking URL:     https://flmtra.com/?a=659&oc=756&c=2210&s1=
[tra-cpl][Tablet - Chrome] 🤖 Target Sheet:    TRA-CPL
🤖 ================================================================
[tra-cpl][Tablet - Chrome] 🔌 [Browser Interceptor] Intercepting and optimizing engine: CHROMIUM
[tra-cpl][Tablet - Chrome] 📋 Emulated Device Profile: TABLET (iPad Pro 11) - [Tablet - Chrome]
[tra-cpl][Tablet - Chrome] ⏳ Delaying 200ms to allow responsive layouts to mount...
[tra-cpl][Tablet - Chrome] 🔄 Processing lead for brand: TRA-CPL Tablet
[tra-cpl][Tablet - Chrome] 📊 Campaign execution run index: 80
[tra-cpl][Tablet - Chrome] 🎯 Enforcing dynamic credentials & parameters:
   - First Name:   ckmtestpixel
   - Last Name:    ckmtestpixel
   - Email:        ckmtestpixel@gmail.com
   - Phone Number: 401-247-1080
   - Slider Value: 18,455
   - State Value:  New Mexico (NM)
[tra-cpl][Tablet - Chrome] 🔗 [Mobile] Navigating to: https://flmtra.com/?a=659&oc=756&c=2210&s1=
[tra-cpl][Tablet - Chrome] [STDERR] ❌ Failed processing TRA-CPL Tablet: page.goto: net::ERR_INTERNET_DISCONNECTED at https://flmtra.com/?a=659&oc=756&c=2210&s1=
Call log:
[2m  - navigating to "https://flmtra.com/?a=659&oc=756&c=2210&s1=", waiting until "networkidle"[22m

[tra-cpl][Tablet - Chrome] 
✅ Execution successfully processed! {
  success: false,
  error: 'page.goto: net::ERR_INTERNET_DISCONNECTED at https://flmtra.com/?a=659&oc=756&c=2210&s1=\n' +
    'Call log:\n' +
    '\x1B[2m  - navigating to "https://flmtra.com/?a=659&oc=756&c=2210&s1=", waiting until "networkidle"\x1B[22m\n',
  brand: 'TRA-CPL Tablet'
}
[tra-cpl][Tablet - Chrome] 📋 Trace report successfully saved: traces/tra-cpl_tablet.zip
✅ [18/5/2026, 1:22:34 pm] COMPLETED: tra-cpl [Tablet - Chrome][CHROMIUM]

================================================================
🚀 [18/5/2026, 1:22:34 pm] RUNNING: TRA-CPL [WINDOWS - CHROME]
🔗 Target URL: https://flmtra.com/?a=659&oc=756&c=2210&s1=
================================================================
[tra-cpl][Windows - Chrome] 🔌 [Browser Interceptor] Intercepting and optimizing engine: CHROMIUM
[tra-cpl][Windows - Chrome] ◇ injected env (0) from .env // tip: ⌘ suppress logs { quiet: true }
[tra-cpl][Windows - Chrome] ◇ injected env (0) from .env // tip: ⌘ enable debugging { debug: true }
[tra-cpl][Windows - Chrome] ◇ injected env (0) from .env // tip: ⌘ enable debugging { debug: true }
[tra-cpl][Windows - Chrome] ◇ injected env (0) from .env // tip: ◈ secrets for agents [www.dotenvx.com]
[tra-cpl][Windows - Chrome] ◇ injected env (0) from .env // tip: ⌘ override existing { override: true }
[tra-cpl][Windows - Chrome] 
🤖 ================================================================
🤖 MASTER RUNNER: LAUNCHING TRA-CPL
🤖 Mode:            DESKTOP
[tra-cpl][Windows - Chrome] 🤖 Tracking URL:     https://flmtra.com/?a=659&oc=756&c=2210&s1=
🤖 Target Sheet:    TRA-CPL
🤖 ================================================================
[tra-cpl][Windows - Chrome] 🔌 [Browser Interceptor] Intercepting and optimizing engine: CHROMIUM
[tra-cpl][Windows - Chrome] 💻 Emulated Device Profile: DESKTOP - [Windows - Chrome]
[tra-cpl][Windows - Chrome] 🔄 Processing lead for brand: TRA-CPL
[tra-cpl][Windows - Chrome] 📊 Campaign execution run index: 81
[tra-cpl][Windows - Chrome] 🎯 Enforcing dynamic credentials & parameters:
   - First Name:   ckmtestpixel
   - Last Name:    ckmtestpixel
   - Email:        ckmtestpixel@gmail.com
   - Phone Number: 401-247-1081
   - Slider Value: 48,906
   - State Value:  New York (NY)
[tra-cpl][Windows - Chrome] 🔗 Navigating to: https://flmtra.com/?a=659&oc=756&c=2210&s1=
[tra-cpl][Windows - Chrome] [STDERR] ❌ Failed processing TRA-CPL: page.goto: net::ERR_INTERNET_DISCONNECTED at https://flmtra.com/?a=659&oc=756&c=2210&s1=
Call log:
[2m  - navigating to "https://flmtra.com/?a=659&oc=756&c=2210&s1=", waiting until "networkidle"[22m

[tra-cpl][Windows - Chrome] 
✅ Execution successfully processed! {
  success: false,
  error: 'page.goto: net::ERR_INTERNET_DISCONNECTED at https://flmtra.com/?a=659&oc=756&c=2210&s1=\n' +
    'Call log:\n' +
    '\x1B[2m  - navigating to "https://flmtra.com/?a=659&oc=756&c=2210&s1=", waiting until "networkidle"\x1B[22m\n',
  brand: 'TRA-CPL'
}
[tra-cpl][Windows - Chrome] 📋 Trace report successfully saved: traces/tra-cpl_desktop.zip
✅ [18/5/2026, 1:22:40 pm] COMPLETED: tra-cpl [Windows - Chrome][CHROMIUM]

================================================================
🚀 [18/5/2026, 1:22:40 pm] RUNNING: TRA-CPL [WINDOWS - FIREFOX]
🔗 Target URL: https://flmtra.com/?a=659&oc=756&c=2210&s1=
================================================================
[tra-cpl][Windows - Firefox] 🔌 [Browser Interceptor] Intercepting and optimizing engine: FIREFOX
[tra-cpl][Windows - Firefox] ◇ injected env (0) from .env // tip: ⌘ custom filepath { path: '/custom/path/.env' }
[tra-cpl][Windows - Firefox] ◇ injected env (0) from .env // tip: ⌘ multiple files { path: ['.env.local', '.env'] }
[tra-cpl][Windows - Firefox] ◇ injected env (0) from .env // tip: ⌁ auth for agents [www.vestauth.com]
[tra-cpl][Windows - Firefox] ◇ injected env (0) from .env // tip: ◈ secrets for agents [www.dotenvx.com]
[tra-cpl][Windows - Firefox] ◇ injected env (0) from .env // tip: ⌘ suppress logs { quiet: true }
[tra-cpl][Windows - Firefox] 
🤖 ================================================================
🤖 MASTER RUNNER: LAUNCHING TRA-CPL
[tra-cpl][Windows - Firefox] 🤖 Mode:            DESKTOP
🤖 Tracking URL:     https://flmtra.com/?a=659&oc=756&c=2210&s1=
[tra-cpl][Windows - Firefox] 🤖 Target Sheet:    TRA-CPL
🤖 ================================================================
[tra-cpl][Windows - Firefox] 🔌 [Browser Interceptor] Intercepting and optimizing engine: FIREFOX
[tra-cpl][Windows - Firefox] 💻 Emulated Device Profile: DESKTOP - [Windows - Firefox]
[tra-cpl][Windows - Firefox] 🔌 [Browser Interceptor] Sanitizing mobile context options for Firefox emulation...
🔌 [Browser Interceptor] Sanitizing mobile context options for Firefox emulation...
[tra-cpl][Windows - Firefox] 🔄 Processing lead for brand: TRA-CPL
[tra-cpl][Windows - Firefox] 📊 Campaign execution run index: 82
[tra-cpl][Windows - Firefox] 🎯 Enforcing dynamic credentials & parameters:
[tra-cpl][Windows - Firefox]    - First Name:   ckmtestpixel
[tra-cpl][Windows - Firefox]    - Last Name:    ckmtestpixel
[tra-cpl][Windows - Firefox]    - Email:        ckmtestpixel@gmail.com
[tra-cpl][Windows - Firefox]    - Phone Number: 401-247-1082
[tra-cpl][Windows - Firefox]    - Slider Value: 81,570
[tra-cpl][Windows - Firefox]    - State Value:  North Carolina (NC)
[tra-cpl][Windows - Firefox] 🔗 Navigating to: https://flmtra.com/?a=659&oc=756&c=2210&s1=
[tra-cpl][Windows - Firefox] [STDERR] ❌ Failed processing TRA-CPL: page.goto: NS_ERROR_UNKNOWN_HOST
Call log:
[2m  - navigating to "https://flmtra.com/?a=659&oc=756&c=2210&s1=", waiting until "networkidle"[22m

[tra-cpl][Windows - Firefox] 
✅ Execution successfully processed! {
  success: false,
  error: 'page.goto: NS_ERROR_UNKNOWN_HOST\n' +
    'Call log:\n' +
    '\x1B[2m  - navigating to "https://flmtra.com/?a=659&oc=756&c=2210&s1=", waiting until "networkidle"\x1B[22m\n',
  brand: 'TRA-CPL'
}
[tra-cpl][Windows - Firefox] 📋 Trace report successfully saved: traces/tra-cpl_desktop.zip
✅ [18/5/2026, 1:22:49 pm] COMPLETED: tra-cpl [Windows - Firefox][FIREFOX]

================================================================
🚀 [18/5/2026, 1:22:49 pm] RUNNING: TRA-CPL [MAC - SAFARI]
🔗 Target URL: https://flmtra.com/?a=659&oc=756&c=2210&s1=
================================================================
[tra-cpl][MAC - Safari] 🔌 [Browser Interceptor] Intercepting and optimizing engine: WEBKIT
[tra-cpl][MAC - Safari] ◇ injected env (0) from .env // tip: ⌘ suppress logs { quiet: true }
[tra-cpl][MAC - Safari] ◇ injected env (0) from .env // tip: ◈ secrets for agents [www.dotenvx.com]
[tra-cpl][MAC - Safari] ◇ injected env (0) from .env // tip: ⌘ enable debugging { debug: true }
[tra-cpl][MAC - Safari] ◇ injected env (0) from .env // tip: ◈ encrypted .env [www.dotenvx.com]
[tra-cpl][MAC - Safari] ◇ injected env (0) from .env // tip: ⌘ custom filepath { path: '/custom/path/.env' }
[tra-cpl][MAC - Safari] 
🤖 ================================================================
[tra-cpl][MAC - Safari] 🤖 MASTER RUNNER: LAUNCHING TRA-CPL
🤖 Mode:            DESKTOP
[tra-cpl][MAC - Safari] 🤖 Tracking URL:     https://flmtra.com/?a=659&oc=756&c=2210&s1=
[tra-cpl][MAC - Safari] 🤖 Target Sheet:    TRA-CPL
🤖 ================================================================
[tra-cpl][MAC - Safari] 🔌 [Browser Interceptor] Intercepting and optimizing engine: WEBKIT
[tra-cpl][MAC - Safari] 💻 Emulated Device Profile: DESKTOP - [MAC - Safari]
[tra-cpl][MAC - Safari] 🔄 Processing lead for brand: TRA-CPL
[tra-cpl][MAC - Safari] 📊 Campaign execution run index: 83
[tra-cpl][MAC - Safari] 🎯 Enforcing dynamic credentials & parameters:
   - First Name:   ckmtestpixel
   - Last Name:    ckmtestpixel
[tra-cpl][MAC - Safari]    - Email:        ckmtestpixel@gmail.com
   - Phone Number: 401-247-1083
   - Slider Value: 1,40,761
   - State Value:  North Dakota (ND)
[tra-cpl][MAC - Safari] 🔗 Navigating to: https://flmtra.com/?a=659&oc=756&c=2210&s1=
[tra-cpl][MAC - Safari] [STDERR] ❌ Failed processing TRA-CPL: page.goto: Could not resolve hostname
Call log:
[2m  - navigating to "https://flmtra.com/?a=659&oc=756&c=2210&s1=", waiting until "networkidle"[22m

[tra-cpl][MAC - Safari] 
✅ Execution successfully processed! {
  success: false,
  error: 'page.goto: Could not resolve hostname\n' +
    'Call log:\n' +
    '\x1B[2m  - navigating to "https://flmtra.com/?a=659&oc=756&c=2210&s1=", waiting until "networkidle"\x1B[22m\n',
  brand: 'TRA-CPL'
}
[tra-cpl][MAC - Safari] 📋 Trace report successfully saved: traces/tra-cpl_desktop.zip
✅ [18/5/2026, 1:22:55 pm] COMPLETED: tra-cpl [MAC - Safari][WEBKIT]

================================================================
🚀 [18/5/2026, 1:22:55 pm] RUNNING: TRA-CPL [MAC - CHROME]
🔗 Target URL: https://flmtra.com/?a=659&oc=756&c=2210&s1=
================================================================
[tra-cpl][MAC - Chrome] 🔌 [Browser Interceptor] Intercepting and optimizing engine: CHROMIUM
[tra-cpl][MAC - Chrome] ◇ injected env (0) from .env // tip: ⌘ custom filepath { path: '/custom/path/.env' }
[tra-cpl][MAC - Chrome] ◇ injected env (0) from .env // tip: ⌁ auth for agents [www.vestauth.com]
[tra-cpl][MAC - Chrome] ◇ injected env (0) from .env // tip: ⌘ override existing { override: true }
[tra-cpl][MAC - Chrome] ◇ injected env (0) from .env // tip: ⌁ auth for agents [www.vestauth.com]
[tra-cpl][MAC - Chrome] ◇ injected env (0) from .env // tip: ⌘ enable debugging { debug: true }
[tra-cpl][MAC - Chrome] 
🤖 ================================================================
🤖 MASTER RUNNER: LAUNCHING TRA-CPL
🤖 Mode:            DESKTOP
[tra-cpl][MAC - Chrome] 🤖 Tracking URL:     https://flmtra.com/?a=659&oc=756&c=2210&s1=
🤖 Target Sheet:    TRA-CPL
🤖 ================================================================
[tra-cpl][MAC - Chrome] 🔌 [Browser Interceptor] Intercepting and optimizing engine: CHROMIUM
[tra-cpl][MAC - Chrome] 💻 Emulated Device Profile: DESKTOP - [MAC - Chrome]
[tra-cpl][MAC - Chrome] 🔄 Processing lead for brand: TRA-CPL
[tra-cpl][MAC - Chrome] 📊 Campaign execution run index: 84
[tra-cpl][MAC - Chrome] 🎯 Enforcing dynamic credentials & parameters:
   - First Name:   ckmtestpixel
   - Last Name:    ckmtestpixel
   - Email:        ckmtestpixel@gmail.com
   - Phone Number: 401-247-1084
   - Slider Value: 4,405
[tra-cpl][MAC - Chrome]    - State Value:  Ohio (OH)
[tra-cpl][MAC - Chrome] 🔗 Navigating to: https://flmtra.com/?a=659&oc=756&c=2210&s1=
[tra-cpl][MAC - Chrome] [STDERR] ❌ Failed processing TRA-CPL: page.goto: net::ERR_INTERNET_DISCONNECTED at https://flmtra.com/?a=659&oc=756&c=2210&s1=
Call log:
[2m  - navigating to "https://flmtra.com/?a=659&oc=756&c=2210&s1=", waiting until "networkidle"[22m

[tra-cpl][MAC - Chrome] 
✅ Execution successfully processed! {
  success: false,
  error: 'page.goto: net::ERR_INTERNET_DISCONNECTED at https://flmtra.com/?a=659&oc=756&c=2210&s1=\n' +
    'Call log:\n' +
    '\x1B[2m  - navigating to "https://flmtra.com/?a=659&oc=756&c=2210&s1=", waiting until "networkidle"\x1B[22m\n',
  brand: 'TRA-CPL'
}
[tra-cpl][MAC - Chrome] 📋 Trace report successfully saved: traces/tra-cpl_desktop.zip
✅ [18/5/2026, 1:23:01 pm] COMPLETED: tra-cpl [MAC - Chrome][CHROMIUM]

================================================================
⚡ Processing Campaign Matrix: [TRA-D3]
================================================================

================================================================
🚀 [18/5/2026, 1:23:02 pm] RUNNING: TRA-D3 [ANDROID - CHROME]
🔗 Target URL: https://flmtra.com/?a=659&oc=792&c=2386&s1=
================================================================
[tra-d3][Android - Chrome] 🔌 [Browser Interceptor] Intercepting and optimizing engine: CHROMIUM
[tra-d3][Android - Chrome] ◇ injected env (0) from .env // tip: ◈ encrypted .env [www.dotenvx.com]
[tra-d3][Android - Chrome] ◇ injected env (0) from .env // tip: ⌘ custom filepath { path: '/custom/path/.env' }
[tra-d3][Android - Chrome] ◇ injected env (0) from .env // tip: ⌘ custom filepath { path: '/custom/path/.env' }
[tra-d3][Android - Chrome] ◇ injected env (0) from .env // tip: ◈ encrypted .env [www.dotenvx.com]
[tra-d3][Android - Chrome] ◇ injected env (0) from .env // tip: ⌘ custom filepath { path: '/custom/path/.env' }
[tra-d3][Android - Chrome] 
🤖 ================================================================
🤖 MASTER RUNNER: LAUNCHING TRA-D3
[tra-d3][Android - Chrome] 🤖 Mode:            MOBILE
🤖 Tracking URL:     https://flmtra.com/?a=659&oc=792&c=2386&s1=
🤖 Target Sheet:    TRA-DT3
🤖 ================================================================
[tra-d3][Android - Chrome] 🔌 [Browser Interceptor] Intercepting and optimizing engine: CHROMIUM
[tra-d3][Android - Chrome] 📋 Emulated Device Profile: MOBILE (Pixel 7) - [Android - Chrome]
[tra-d3][Android - Chrome] ⏳ Delaying 200ms to allow responsive layouts to mount...
[tra-d3][Android - Chrome] 🔄 Processing lead for brand: TRA-D3 Mobile
[tra-d3][Android - Chrome] 📊 Campaign execution run index: 68
[tra-d3][Android - Chrome] 🎯 Enforcing dynamic credentials & parameters:
   - First Name:   ckmtestpixel
   - Last Name:    ckmtestpixel
   - Email:        ckmtestpixel@gmail.com
   - Phone Number: 401-247-1068
   - Slider Value: 94,138
   - State Value:  Maine (ME)
[tra-d3][Android - Chrome] 🔗 [Mobile] Navigating to: https://flmtra.com/?a=659&oc=792&c=2386&s1=
[tra-d3][Android - Chrome] [STDERR] ❌ Failed processing TRA-D3 Mobile: page.goto: net::ERR_INTERNET_DISCONNECTED at https://flmtra.com/?a=659&oc=792&c=2386&s1=
Call log:
[2m  - navigating to "https://flmtra.com/?a=659&oc=792&c=2386&s1=", waiting until "networkidle"[22m

[tra-d3][Android - Chrome] 
✅ Execution successfully processed! {
  success: false,
  error: 'page.goto: net::ERR_INTERNET_DISCONNECTED at https://flmtra.com/?a=659&oc=792&c=2386&s1=\n' +
    'Call log:\n' +
    '\x1B[2m  - navigating to "https://flmtra.com/?a=659&oc=792&c=2386&s1=", waiting until "networkidle"\x1B[22m\n',
  brand: 'TRA-D3 Mobile'
}
[tra-d3][Android - Chrome] 📋 Trace report successfully saved: traces/tra-d3_mobile.zip
✅ [18/5/2026, 1:23:07 pm] COMPLETED: tra-d3 [Android - Chrome][CHROMIUM]

================================================================
🚀 [18/5/2026, 1:23:08 pm] RUNNING: TRA-D3 [ANDROID - FIREFOX]
🔗 Target URL: https://flmtra.com/?a=659&oc=792&c=2386&s1=
================================================================
[tra-d3][Android - Firefox] 🔌 [Browser Interceptor] Intercepting and optimizing engine: FIREFOX
[tra-d3][Android - Firefox] ◇ injected env (0) from .env // tip: ⌁ auth for agents [www.vestauth.com]
[tra-d3][Android - Firefox] ◇ injected env (0) from .env // tip: ⌁ auth for agents [www.vestauth.com]
[tra-d3][Android - Firefox] ◇ injected env (0) from .env // tip: ⌘ custom filepath { path: '/custom/path/.env' }
[tra-d3][Android - Firefox] ◇ injected env (0) from .env // tip: ⌘ multiple files { path: ['.env.local', '.env'] }
[tra-d3][Android - Firefox] ◇ injected env (0) from .env // tip: ⌘ custom filepath { path: '/custom/path/.env' }
[tra-d3][Android - Firefox] 
🤖 ================================================================
🤖 MASTER RUNNER: LAUNCHING TRA-D3
🤖 Mode:            MOBILE
🤖 Tracking URL:     https://flmtra.com/?a=659&oc=792&c=2386&s1=
🤖 Target Sheet:    TRA-DT3
🤖 ================================================================
🔌 [Browser Interceptor] Intercepting and optimizing engine: FIREFOX
[tra-d3][Android - Firefox] 📋 Emulated Device Profile: MOBILE (Pixel 7) - [Android - Firefox]
[tra-d3][Android - Firefox] 🔌 [Browser Interceptor] Sanitizing mobile context options for Firefox emulation...
🔌 [Browser Interceptor] Sanitizing mobile context options for Firefox emulation...
[tra-d3][Android - Firefox] ⏳ Delaying 200ms to allow responsive layouts to mount...
[tra-d3][Android - Firefox] 🔄 Processing lead for brand: TRA-D3 Mobile
[tra-d3][Android - Firefox] 📊 Campaign execution run index: 69
[tra-d3][Android - Firefox] 🎯 Enforcing dynamic credentials & parameters:
   - First Name:   ckmtestpixel
   - Last Name:    ckmtestpixel
   - Email:        ckmtestpixel@gmail.com
[tra-d3][Android - Firefox]    - Phone Number: 401-247-1069
   - Slider Value: 1,08,217
   - State Value:  Maryland (MD)
[tra-d3][Android - Firefox] 🔗 [Mobile] Navigating to: https://flmtra.com/?a=659&oc=792&c=2386&s1=
[tra-d3][Android - Firefox] [STDERR] ❌ Failed processing TRA-D3 Mobile: page.goto: NS_ERROR_UNKNOWN_HOST
Call log:
[2m  - navigating to "https://flmtra.com/?a=659&oc=792&c=2386&s1=", waiting until "networkidle"[22m

[tra-d3][Android - Firefox] 
✅ Execution successfully processed! {
  success: false,
  error: 'page.goto: NS_ERROR_UNKNOWN_HOST\n' +
    'Call log:\n' +
    '\x1B[2m  - navigating to "https://flmtra.com/?a=659&oc=792&c=2386&s1=", waiting until "networkidle"\x1B[22m\n',
  brand: 'TRA-D3 Mobile'
}
[tra-d3][Android - Firefox] 📋 Trace report successfully saved: traces/tra-d3_mobile.zip
✅ [18/5/2026, 1:23:17 pm] COMPLETED: tra-d3 [Android - Firefox][FIREFOX]

================================================================
🚀 [18/5/2026, 1:23:17 pm] RUNNING: TRA-D3 [IOS - CHROME]
🔗 Target URL: https://flmtra.com/?a=659&oc=792&c=2386&s1=
================================================================
[tra-d3][iOS - Chrome] 🔌 [Browser Interceptor] Intercepting and optimizing engine: CHROMIUM
[tra-d3][iOS - Chrome] ◇ injected env (0) from .env // tip: ⌘ override existing { override: true }
[tra-d3][iOS - Chrome] ◇ injected env (0) from .env // tip: ⌘ suppress logs { quiet: true }
[tra-d3][iOS - Chrome] ◇ injected env (0) from .env // tip: ⌁ auth for agents [www.vestauth.com]
[tra-d3][iOS - Chrome] ◇ injected env (0) from .env // tip: ⌘ override existing { override: true }
[tra-d3][iOS - Chrome] ◇ injected env (0) from .env // tip: ◈ encrypted .env [www.dotenvx.com]
[tra-d3][iOS - Chrome] 
🤖 ================================================================
🤖 MASTER RUNNER: LAUNCHING TRA-D3
[tra-d3][iOS - Chrome] 🤖 Mode:            MOBILE
🤖 Tracking URL:     https://flmtra.com/?a=659&oc=792&c=2386&s1=
🤖 Target Sheet:    TRA-DT3
🤖 ================================================================
[tra-d3][iOS - Chrome] 🔌 [Browser Interceptor] Intercepting and optimizing engine: CHROMIUM
[tra-d3][iOS - Chrome] 📋 Emulated Device Profile: MOBILE (iPhone 17 Pro Mode) - [iOS - Chrome]
[tra-d3][iOS - Chrome] ⏳ Delaying 200ms to allow responsive layouts to mount...
[tra-d3][iOS - Chrome] 🔄 Processing lead for brand: TRA-D3 Mobile
[tra-d3][iOS - Chrome] 📊 Campaign execution run index: 70
[tra-d3][iOS - Chrome] 🎯 Enforcing dynamic credentials & parameters:
   - First Name:   ckmtestpixel
[tra-d3][iOS - Chrome]    - Last Name:    ckmtestpixel
   - Email:        ckmtestpixel@gmail.com
   - Phone Number: 401-247-1070
   - Slider Value: 2,747
   - State Value:  Massachusetts (MA)
[tra-d3][iOS - Chrome] 🔗 [Mobile] Navigating to: https://flmtra.com/?a=659&oc=792&c=2386&s1=
[tra-d3][iOS - Chrome] [STDERR] ❌ Failed processing TRA-D3 Mobile: page.goto: net::ERR_INTERNET_DISCONNECTED at https://flmtra.com/?a=659&oc=792&c=2386&s1=
Call log:
[2m  - navigating to "https://flmtra.com/?a=659&oc=792&c=2386&s1=", waiting until "networkidle"[22m

[tra-d3][iOS - Chrome] 
✅ Execution successfully processed! {
  success: false,
  error: 'page.goto: net::ERR_INTERNET_DISCONNECTED at https://flmtra.com/?a=659&oc=792&c=2386&s1=\n' +
    'Call log:\n' +
    '\x1B[2m  - navigating to "https://flmtra.com/?a=659&oc=792&c=2386&s1=", waiting until "networkidle"\x1B[22m\n',
  brand: 'TRA-D3 Mobile'
}
[tra-d3][iOS - Chrome] 📋 Trace report successfully saved: traces/tra-d3_mobile.zip
✅ [18/5/2026, 1:23:23 pm] COMPLETED: tra-d3 [iOS - Chrome][CHROMIUM]

================================================================
🚀 [18/5/2026, 1:23:23 pm] RUNNING: TRA-D3 [IOS - SAFARI]
🔗 Target URL: https://flmtra.com/?a=659&oc=792&c=2386&s1=
================================================================
[tra-d3][iOS - Safari] 🔌 [Browser Interceptor] Intercepting and optimizing engine: WEBKIT
[tra-d3][iOS - Safari] ◇ injected env (0) from .env // tip: ⌘ override existing { override: true }
[tra-d3][iOS - Safari] ◇ injected env (0) from .env // tip: ⌘ suppress logs { quiet: true }
[tra-d3][iOS - Safari] ◇ injected env (0) from .env // tip: ◈ secrets for agents [www.dotenvx.com]
[tra-d3][iOS - Safari] ◇ injected env (0) from .env // tip: ◈ secrets for agents [www.dotenvx.com]
[tra-d3][iOS - Safari] ◇ injected env (0) from .env // tip: ⌁ auth for agents [www.vestauth.com]
[tra-d3][iOS - Safari] 
🤖 ================================================================
🤖 MASTER RUNNER: LAUNCHING TRA-D3
🤖 Mode:            MOBILE
[tra-d3][iOS - Safari] 🤖 Tracking URL:     https://flmtra.com/?a=659&oc=792&c=2386&s1=
🤖 Target Sheet:    TRA-DT3
🤖 ================================================================
[tra-d3][iOS - Safari] 🔌 [Browser Interceptor] Intercepting and optimizing engine: WEBKIT
[tra-d3][iOS - Safari] 📋 Emulated Device Profile: MOBILE (iPhone 17 Pro Mode) - [iOS - Safari]
[tra-d3][iOS - Safari] ⏳ Delaying 200ms to allow responsive layouts to mount...
[tra-d3][iOS - Safari] 🔄 Processing lead for brand: TRA-D3 Mobile
[tra-d3][iOS - Safari] 📊 Campaign execution run index: 71
[tra-d3][iOS - Safari] 🎯 Enforcing dynamic credentials & parameters:
   - First Name:   ckmtestpixel
   - Last Name:    ckmtestpixel
[tra-d3][iOS - Safari]    - Email:        ckmtestpixel@gmail.com
   - Phone Number: 401-247-1071
   - Slider Value: 7,447
   - State Value:  Michigan (MI)
[tra-d3][iOS - Safari] 🔗 [Mobile] Navigating to: https://flmtra.com/?a=659&oc=792&c=2386&s1=
[tra-d3][iOS - Safari] [STDERR] ❌ Failed processing TRA-D3 Mobile: page.goto: Could not resolve hostname
Call log:
[2m  - navigating to "https://flmtra.com/?a=659&oc=792&c=2386&s1=", waiting until "networkidle"[22m

[tra-d3][iOS - Safari] 
✅ Execution successfully processed! {
  success: false,
  error: 'page.goto: Could not resolve hostname\n' +
    'Call log:\n' +
    '\x1B[2m  - navigating to "https://flmtra.com/?a=659&oc=792&c=2386&s1=", waiting until "networkidle"\x1B[22m\n',
  brand: 'TRA-D3 Mobile'
}
[tra-d3][iOS - Safari] 📋 Trace report successfully saved: traces/tra-d3_mobile.zip
✅ [18/5/2026, 1:23:29 pm] COMPLETED: tra-d3 [iOS - Safari][WEBKIT]

================================================================
🚀 [18/5/2026, 1:23:29 pm] RUNNING: TRA-D3 [TABLET - SAFARI]
🔗 Target URL: https://flmtra.com/?a=659&oc=792&c=2386&s1=
================================================================
[tra-d3][Tablet - Safari] 🔌 [Browser Interceptor] Intercepting and optimizing engine: WEBKIT
[tra-d3][Tablet - Safari] ◇ injected env (0) from .env // tip: ⌘ custom filepath { path: '/custom/path/.env' }
[tra-d3][Tablet - Safari] ◇ injected env (0) from .env // tip: ⌘ suppress logs { quiet: true }
[tra-d3][Tablet - Safari] ◇ injected env (0) from .env // tip: ⌘ custom filepath { path: '/custom/path/.env' }
[tra-d3][Tablet - Safari] ◇ injected env (0) from .env // tip: ⌘ suppress logs { quiet: true }
[tra-d3][Tablet - Safari] ◇ injected env (0) from .env // tip: ⌘ multiple files { path: ['.env.local', '.env'] }
[tra-d3][Tablet - Safari] 
🤖 ================================================================
🤖 MASTER RUNNER: LAUNCHING TRA-D3
[tra-d3][Tablet - Safari] 🤖 Mode:            TABLET
🤖 Tracking URL:     https://flmtra.com/?a=659&oc=792&c=2386&s1=
🤖 Target Sheet:    TRA-DT3
🤖 ================================================================
[tra-d3][Tablet - Safari] 🔌 [Browser Interceptor] Intercepting and optimizing engine: WEBKIT
[tra-d3][Tablet - Safari] 📋 Emulated Device Profile: TABLET (iPad Pro 11) - [Tablet - Safari]
[tra-d3][Tablet - Safari] ⏳ Delaying 200ms to allow responsive layouts to mount...
[tra-d3][Tablet - Safari] 🔄 Processing lead for brand: TRA-D3 Tablet
[tra-d3][Tablet - Safari] 📊 Campaign execution run index: 72
[tra-d3][Tablet - Safari] 🎯 Enforcing dynamic credentials & parameters:
   - First Name:   ckmtestpixel
   - Last Name:    ckmtestpixel
   - Email:        ckmtestpixel@gmail.com
   - Phone Number: 401-247-1072
   - Slider Value: 9,904
   - State Value:  Minnesota (MN)
[tra-d3][Tablet - Safari] 🔗 [Mobile] Navigating to: https://flmtra.com/?a=659&oc=792&c=2386&s1=
[tra-d3][Tablet - Safari] [STDERR] ❌ Failed processing TRA-D3 Tablet: page.goto: Could not resolve hostname
Call log:
[2m  - navigating to "https://flmtra.com/?a=659&oc=792&c=2386&s1=", waiting until "networkidle"[22m

[tra-d3][Tablet - Safari] 
✅ Execution successfully processed! {
  success: false,
  error: 'page.goto: Could not resolve hostname\n' +
    'Call log:\n' +
    '\x1B[2m  - navigating to "https://flmtra.com/?a=659&oc=792&c=2386&s1=", waiting until "networkidle"\x1B[22m\n',
  brand: 'TRA-D3 Tablet'
}
[tra-d3][Tablet - Safari] 📋 Trace report successfully saved: traces/tra-d3_tablet.zip
✅ [18/5/2026, 1:23:35 pm] COMPLETED: tra-d3 [Tablet - Safari][WEBKIT]

================================================================
🚀 [18/5/2026, 1:23:35 pm] RUNNING: TRA-D3 [TABLET - CHROME]
🔗 Target URL: https://flmtra.com/?a=659&oc=792&c=2386&s1=
================================================================
[tra-d3][Tablet - Chrome] 🔌 [Browser Interceptor] Intercepting and optimizing engine: CHROMIUM
[tra-d3][Tablet - Chrome] ◇ injected env (0) from .env // tip: ⌘ override existing { override: true }
[tra-d3][Tablet - Chrome] ◇ injected env (0) from .env // tip: ◈ encrypted .env [www.dotenvx.com]
[tra-d3][Tablet - Chrome] ◇ injected env (0) from .env // tip: ⌘ suppress logs { quiet: true }
[tra-d3][Tablet - Chrome] ◇ injected env (0) from .env // tip: ⌘ override existing { override: true }
[tra-d3][Tablet - Chrome] ◇ injected env (0) from .env // tip: ◈ encrypted .env [www.dotenvx.com]
[tra-d3][Tablet - Chrome] 
🤖 ================================================================
🤖 MASTER RUNNER: LAUNCHING TRA-D3
[tra-d3][Tablet - Chrome] 🤖 Mode:            TABLET
🤖 Tracking URL:     https://flmtra.com/?a=659&oc=792&c=2386&s1=
🤖 Target Sheet:    TRA-DT3
🤖 ================================================================
[tra-d3][Tablet - Chrome] 🔌 [Browser Interceptor] Intercepting and optimizing engine: CHROMIUM
[tra-d3][Tablet - Chrome] 📋 Emulated Device Profile: TABLET (iPad Pro 11) - [Tablet - Chrome]
[tra-d3][Tablet - Chrome] ⏳ Delaying 200ms to allow responsive layouts to mount...
[tra-d3][Tablet - Chrome] 🔄 Processing lead for brand: TRA-D3 Tablet
[tra-d3][Tablet - Chrome] 📊 Campaign execution run index: 73
[tra-d3][Tablet - Chrome] 🎯 Enforcing dynamic credentials & parameters:
   - First Name:   ckmtestpixel
   - Last Name:    ckmtestpixel
   - Email:        ckmtestpixel@gmail.com
   - Phone Number: 401-247-1073
   - Slider Value: 15,547
   - State Value:  Mississippi (MS)
[tra-d3][Tablet - Chrome] 🔗 [Mobile] Navigating to: https://flmtra.com/?a=659&oc=792&c=2386&s1=
[tra-d3][Tablet - Chrome] [STDERR] ❌ Failed processing TRA-D3 Tablet: page.goto: net::ERR_INTERNET_DISCONNECTED at https://flmtra.com/?a=659&oc=792&c=2386&s1=
Call log:
[2m  - navigating to "https://flmtra.com/?a=659&oc=792&c=2386&s1=", waiting until "networkidle"[22m

[tra-d3][Tablet - Chrome] 
✅ Execution successfully processed! {
  success: false,
  error: 'page.goto: net::ERR_INTERNET_DISCONNECTED at https://flmtra.com/?a=659&oc=792&c=2386&s1=\n' +
    'Call log:\n' +
    '\x1B[2m  - navigating to "https://flmtra.com/?a=659&oc=792&c=2386&s1=", waiting until "networkidle"\x1B[22m\n',
  brand: 'TRA-D3 Tablet'
}
[tra-d3][Tablet - Chrome] 📋 Trace report successfully saved: traces/tra-d3_tablet.zip
✅ [18/5/2026, 1:23:42 pm] COMPLETED: tra-d3 [Tablet - Chrome][CHROMIUM]

================================================================
🚀 [18/5/2026, 1:23:42 pm] RUNNING: TRA-D3 [WINDOWS - CHROME]
🔗 Target URL: https://flmtra.com/?a=659&oc=792&c=2386&s1=
================================================================
[tra-d3][Windows - Chrome] 🔌 [Browser Interceptor] Intercepting and optimizing engine: CHROMIUM
[tra-d3][Windows - Chrome] ◇ injected env (0) from .env // tip: ◈ secrets for agents [www.dotenvx.com]
[tra-d3][Windows - Chrome] ◇ injected env (0) from .env // tip: ◈ secrets for agents [www.dotenvx.com]
[tra-d3][Windows - Chrome] ◇ injected env (0) from .env // tip: ⌘ multiple files { path: ['.env.local', '.env'] }
[tra-d3][Windows - Chrome] ◇ injected env (0) from .env // tip: ◈ encrypted .env [www.dotenvx.com]
[tra-d3][Windows - Chrome] ◇ injected env (0) from .env // tip: ⌁ auth for agents [www.vestauth.com]
[tra-d3][Windows - Chrome] 
🤖 ================================================================
🤖 MASTER RUNNER: LAUNCHING TRA-D3
[tra-d3][Windows - Chrome] 🤖 Mode:            DESKTOP
🤖 Tracking URL:     https://flmtra.com/?a=659&oc=792&c=2386&s1=
🤖 Target Sheet:    TRA-DT3
[tra-d3][Windows - Chrome] 🤖 ================================================================
[tra-d3][Windows - Chrome] 🔌 [Browser Interceptor] Intercepting and optimizing engine: CHROMIUM
[tra-d3][Windows - Chrome] 💻 Emulated Device Profile: DESKTOP - [Windows - Chrome]
[tra-d3][Windows - Chrome] 🔄 Processing lead for brand: TRA-D3
[tra-d3][Windows - Chrome] 📊 Campaign execution run index: 74
[tra-d3][Windows - Chrome] 🎯 Enforcing dynamic credentials & parameters:
   - First Name:   ckmtestpixel
   - Last Name:    ckmtestpixel
   - Email:        ckmtestpixel@gmail.com
   - Phone Number: 401-247-1074
   - Slider Value: 47,060
[tra-d3][Windows - Chrome]    - State Value:  Missouri (MO)
[tra-d3][Windows - Chrome] 🔗 Navigating to: https://flmtra.com/?a=659&oc=792&c=2386&s1=
[tra-d3][Windows - Chrome] [STDERR] ❌ Failed processing TRA-D3: page.goto: net::ERR_INTERNET_DISCONNECTED at https://flmtra.com/?a=659&oc=792&c=2386&s1=
Call log:
[2m  - navigating to "https://flmtra.com/?a=659&oc=792&c=2386&s1=", waiting until "networkidle"[22m

[tra-d3][Windows - Chrome] 
✅ Execution successfully processed! {
  success: false,
  error: 'page.goto: net::ERR_INTERNET_DISCONNECTED at https://flmtra.com/?a=659&oc=792&c=2386&s1=\n' +
    'Call log:\n' +
    '\x1B[2m  - navigating to "https://flmtra.com/?a=659&oc=792&c=2386&s1=", waiting until "networkidle"\x1B[22m\n',
  brand: 'TRA-D3'
}
[tra-d3][Windows - Chrome] 📋 Trace report successfully saved: traces/tra-d3_desktop.zip
✅ [18/5/2026, 1:23:48 pm] COMPLETED: tra-d3 [Windows - Chrome][CHROMIUM]

================================================================
🚀 [18/5/2026, 1:23:48 pm] RUNNING: TRA-D3 [WINDOWS - FIREFOX]
🔗 Target URL: https://flmtra.com/?a=659&oc=792&c=2386&s1=
================================================================
[tra-d3][Windows - Firefox] 🔌 [Browser Interceptor] Intercepting and optimizing engine: FIREFOX
[tra-d3][Windows - Firefox] ◇ injected env (0) from .env // tip: ⌘ override existing { override: true }
[tra-d3][Windows - Firefox] ◇ injected env (0) from .env // tip: ◈ secrets for agents [www.dotenvx.com]
[tra-d3][Windows - Firefox] ◇ injected env (0) from .env // tip: ⌘ override existing { override: true }
[tra-d3][Windows - Firefox] ◇ injected env (0) from .env // tip: ⌘ multiple files { path: ['.env.local', '.env'] }
[tra-d3][Windows - Firefox] ◇ injected env (0) from .env // tip: ⌘ multiple files { path: ['.env.local', '.env'] }
[tra-d3][Windows - Firefox] 
🤖 ================================================================
[tra-d3][Windows - Firefox] 🤖 MASTER RUNNER: LAUNCHING TRA-D3
🤖 Mode:            DESKTOP
[tra-d3][Windows - Firefox] 🤖 Tracking URL:     https://flmtra.com/?a=659&oc=792&c=2386&s1=
[tra-d3][Windows - Firefox] 🤖 Target Sheet:    TRA-DT3
[tra-d3][Windows - Firefox] 🤖 ================================================================
[tra-d3][Windows - Firefox] 🔌 [Browser Interceptor] Intercepting and optimizing engine: FIREFOX
[tra-d3][Windows - Firefox] 💻 Emulated Device Profile: DESKTOP - [Windows - Firefox]
[tra-d3][Windows - Firefox] 🔌 [Browser Interceptor] Sanitizing mobile context options for Firefox emulation...
🔌 [Browser Interceptor] Sanitizing mobile context options for Firefox emulation...
[tra-d3][Windows - Firefox] 🔄 Processing lead for brand: TRA-D3
[tra-d3][Windows - Firefox] 📊 Campaign execution run index: 75
[tra-d3][Windows - Firefox] 🎯 Enforcing dynamic credentials & parameters:
   - First Name:   ckmtestpixel
[tra-d3][Windows - Firefox]    - Last Name:    ckmtestpixel
   - Email:        ckmtestpixel@gmail.com
   - Phone Number: 401-247-1075
   - Slider Value: 54,137
   - State Value:  Montana (MT)
[tra-d3][Windows - Firefox] 🔗 Navigating to: https://flmtra.com/?a=659&oc=792&c=2386&s1=
[tra-d3][Windows - Firefox] [STDERR] ❌ Failed processing TRA-D3: page.goto: NS_ERROR_UNKNOWN_HOST
Call log:
[2m  - navigating to "https://flmtra.com/?a=659&oc=792&c=2386&s1=", waiting until "networkidle"[22m

[tra-d3][Windows - Firefox] 
✅ Execution successfully processed! {
  success: false,
  error: 'page.goto: NS_ERROR_UNKNOWN_HOST\n' +
    'Call log:\n' +
    '\x1B[2m  - navigating to "https://flmtra.com/?a=659&oc=792&c=2386&s1=", waiting until "networkidle"\x1B[22m\n',
  brand: 'TRA-D3'
}
[tra-d3][Windows - Firefox] 📋 Trace report successfully saved: traces/tra-d3_desktop.zip
✅ [18/5/2026, 1:23:57 pm] COMPLETED: tra-d3 [Windows - Firefox][FIREFOX]

================================================================
🚀 [18/5/2026, 1:23:57 pm] RUNNING: TRA-D3 [MAC - SAFARI]
🔗 Target URL: https://flmtra.com/?a=659&oc=792&c=2386&s1=
================================================================
[tra-d3][MAC - Safari] 🔌 [Browser Interceptor] Intercepting and optimizing engine: WEBKIT
[tra-d3][MAC - Safari] ◇ injected env (0) from .env // tip: ⌘ enable debugging { debug: true }
[tra-d3][MAC - Safari] ◇ injected env (0) from .env // tip: ⌘ enable debugging { debug: true }
[tra-d3][MAC - Safari] ◇ injected env (0) from .env // tip: ⌘ custom filepath { path: '/custom/path/.env' }
[tra-d3][MAC - Safari] ◇ injected env (0) from .env // tip: ⌘ custom filepath { path: '/custom/path/.env' }
[tra-d3][MAC - Safari] ◇ injected env (0) from .env // tip: ⌘ suppress logs { quiet: true }
[tra-d3][MAC - Safari] 
🤖 ================================================================
🤖 MASTER RUNNER: LAUNCHING TRA-D3
[tra-d3][MAC - Safari] 🤖 Mode:            DESKTOP
🤖 Tracking URL:     https://flmtra.com/?a=659&oc=792&c=2386&s1=
🤖 Target Sheet:    TRA-DT3
🤖 ================================================================
[tra-d3][MAC - Safari] 🔌 [Browser Interceptor] Intercepting and optimizing engine: WEBKIT
[tra-d3][MAC - Safari] 💻 Emulated Device Profile: DESKTOP - [MAC - Safari]
[tra-d3][MAC - Safari] 🔄 Processing lead for brand: TRA-D3
[tra-d3][MAC - Safari] 📊 Campaign execution run index: 76
[tra-d3][MAC - Safari] 🎯 Enforcing dynamic credentials & parameters:
   - First Name:   ckmtestpixel
   - Last Name:    ckmtestpixel
   - Email:        ckmtestpixel@gmail.com
[tra-d3][MAC - Safari]    - Phone Number: 401-247-1076
   - Slider Value: 1,01,299
   - State Value:  Nebraska (NE)
[tra-d3][MAC - Safari] 🔗 Navigating to: https://flmtra.com/?a=659&oc=792&c=2386&s1=
[tra-d3][MAC - Safari] [STDERR] ❌ Failed processing TRA-D3: page.goto: Could not resolve hostname
Call log:
[2m  - navigating to "https://flmtra.com/?a=659&oc=792&c=2386&s1=", waiting until "networkidle"[22m

[tra-d3][MAC - Safari] 
✅ Execution successfully processed! {
  success: false,
  error: 'page.goto: Could not resolve hostname\n' +
    'Call log:\n' +
    '\x1B[2m  - navigating to "https://flmtra.com/?a=659&oc=792&c=2386&s1=", waiting until "networkidle"\x1B[22m\n',
  brand: 'TRA-D3'
}
[tra-d3][MAC - Safari] 📋 Trace report successfully saved: traces/tra-d3_desktop.zip
✅ [18/5/2026, 1:24:03 pm] COMPLETED: tra-d3 [MAC - Safari][WEBKIT]

================================================================
🚀 [18/5/2026, 1:24:03 pm] RUNNING: TRA-D3 [MAC - CHROME]
🔗 Target URL: https://flmtra.com/?a=659&oc=792&c=2386&s1=
================================================================
[tra-d3][MAC - Chrome] 🔌 [Browser Interceptor] Intercepting and optimizing engine: CHROMIUM
[tra-d3][MAC - Chrome] ◇ injected env (0) from .env // tip: ⌘ suppress logs { quiet: true }
[tra-d3][MAC - Chrome] ◇ injected env (0) from .env // tip: ⌘ suppress logs { quiet: true }
[tra-d3][MAC - Chrome] ◇ injected env (0) from .env // tip: ⌘ multiple files { path: ['.env.local', '.env'] }
[tra-d3][MAC - Chrome] ◇ injected env (0) from .env // tip: ⌘ enable debugging { debug: true }
[tra-d3][MAC - Chrome] ◇ injected env (0) from .env // tip: ◈ encrypted .env [www.dotenvx.com]
[tra-d3][MAC - Chrome] 
🤖 ================================================================
🤖 MASTER RUNNER: LAUNCHING TRA-D3
[tra-d3][MAC - Chrome] 🤖 Mode:            DESKTOP
🤖 Tracking URL:     https://flmtra.com/?a=659&oc=792&c=2386&s1=
🤖 Target Sheet:    TRA-DT3
🤖 ================================================================
[tra-d3][MAC - Chrome] 🔌 [Browser Interceptor] Intercepting and optimizing engine: CHROMIUM
[tra-d3][MAC - Chrome] 💻 Emulated Device Profile: DESKTOP - [MAC - Chrome]
[tra-d3][MAC - Chrome] 🔄 Processing lead for brand: TRA-D3
[tra-d3][MAC - Chrome] 📊 Campaign execution run index: 77
[tra-d3][MAC - Chrome] 🎯 Enforcing dynamic credentials & parameters:
   - First Name:   ckmtestpixel
   - Last Name:    ckmtestpixel
   - Email:        ckmtestpixel@gmail.com
   - Phone Number: 401-247-1077
   - Slider Value: 4,045
   - State Value:  Nevada (NV)
[tra-d3][MAC - Chrome] 🔗 Navigating to: https://flmtra.com/?a=659&oc=792&c=2386&s1=
[tra-d3][MAC - Chrome] [STDERR] ❌ Failed processing TRA-D3: page.goto: net::ERR_INTERNET_DISCONNECTED at https://flmtra.com/?a=659&oc=792&c=2386&s1=
Call log:
[2m  - navigating to "https://flmtra.com/?a=659&oc=792&c=2386&s1=", waiting until "networkidle"[22m

[tra-d3][MAC - Chrome] 
✅ Execution successfully processed! {
  success: false,
  error: 'page.goto: net::ERR_INTERNET_DISCONNECTED at https://flmtra.com/?a=659&oc=792&c=2386&s1=\n' +
    'Call log:\n' +
    '\x1B[2m  - navigating to "https://flmtra.com/?a=659&oc=792&c=2386&s1=", waiting until "networkidle"\x1B[22m\n',
  brand: 'TRA-D3'
}
[tra-d3][MAC - Chrome] 📋 Trace report successfully saved: traces/tra-d3_desktop.zip
✅ [18/5/2026, 1:24:09 pm] COMPLETED: tra-d3 [MAC - Chrome][CHROMIUM]

================================================================
⚡ Processing Campaign Matrix: [PPC-ST]
================================================================

================================================================
🚀 [18/5/2026, 1:24:09 pm] RUNNING: PPC-ST [ANDROID - CHROME]
🔗 Target URL: https://flmtra.com/?a=659&oc=837&c=2210&s1=
================================================================
[ppc-st][Android - Chrome] 🔌 [Browser Interceptor] Intercepting and optimizing engine: CHROMIUM
[ppc-st][Android - Chrome] ◇ injected env (0) from .env // tip: ⌘ enable debugging { debug: true }
[ppc-st][Android - Chrome] ◇ injected env (0) from .env // tip: ⌘ custom filepath { path: '/custom/path/.env' }
[ppc-st][Android - Chrome] ◇ injected env (0) from .env // tip: ⌘ enable debugging { debug: true }
[ppc-st][Android - Chrome] ◇ injected env (0) from .env // tip: ⌁ auth for agents [www.vestauth.com]
[ppc-st][Android - Chrome] ◇ injected env (0) from .env // tip: ◈ encrypted .env [www.dotenvx.com]
[ppc-st][Android - Chrome] 
🤖 ================================================================
[ppc-st][Android - Chrome] 🤖 MASTER RUNNER: LAUNCHING PPC-ST
🤖 Mode:            MOBILE
[ppc-st][Android - Chrome] 🤖 Tracking URL:     https://flmtra.com/?a=659&oc=837&c=2210&s1=
[ppc-st][Android - Chrome] 🤖 Target Sheet:    PPC-ST
🤖 ================================================================
[ppc-st][Android - Chrome] 🔌 [Browser Interceptor] Intercepting and optimizing engine: CHROMIUM
[ppc-st][Android - Chrome] 📋 Emulated Device Profile: MOBILE (Pixel 7) - [Android - Chrome]
[ppc-st][Android - Chrome] ⏳ Delaying 200ms to allow responsive layouts to mount...
[ppc-st][Android - Chrome] 🔄 Processing lead for brand: PPC-ST Mobile
[ppc-st][Android - Chrome] 📊 Campaign execution run index: 83
[ppc-st][Android - Chrome] 🎯 Enforcing dynamic credentials & parameters:
   - First Name:   ckmtestpixel
   - Last Name:    ckmtestpixel
   - Email:        ckmtestpixel@gmail.com
   - Phone Number: 401-247-1083
   - Slider Value: 1,12,891
   - State Value:  North Dakota (ND)
[ppc-st][Android - Chrome] 🔗 [Mobile] Navigating to: https://flmtra.com/?a=659&oc=837&c=2210&s1=
[ppc-st][Android - Chrome] [STDERR] ❌ Failed processing PPC-ST Mobile: page.goto: net::ERR_INTERNET_DISCONNECTED at https://flmtra.com/?a=659&oc=837&c=2210&s1=
Call log:
[2m  - navigating to "https://flmtra.com/?a=659&oc=837&c=2210&s1=", waiting until "networkidle"[22m

[ppc-st][Android - Chrome] 
✅ Execution successfully processed! {
  success: false,
  error: 'page.goto: net::ERR_INTERNET_DISCONNECTED at https://flmtra.com/?a=659&oc=837&c=2210&s1=\n' +
    'Call log:\n' +
    '\x1B[2m  - navigating to "https://flmtra.com/?a=659&oc=837&c=2210&s1=", waiting until "networkidle"\x1B[22m\n',
  brand: 'PPC-ST Mobile'
}
[ppc-st][Android - Chrome] 📋 Trace report successfully saved: traces/ppc-st_mobile.zip
✅ [18/5/2026, 1:24:15 pm] COMPLETED: ppc-st [Android - Chrome][CHROMIUM]

================================================================
🚀 [18/5/2026, 1:24:15 pm] RUNNING: PPC-ST [ANDROID - FIREFOX]
🔗 Target URL: https://flmtra.com/?a=659&oc=837&c=2210&s1=
================================================================
[ppc-st][Android - Firefox] 🔌 [Browser Interceptor] Intercepting and optimizing engine: FIREFOX
[ppc-st][Android - Firefox] ◇ injected env (0) from .env // tip: ◈ secrets for agents [www.dotenvx.com]
[ppc-st][Android - Firefox] ◇ injected env (0) from .env // tip: ⌘ custom filepath { path: '/custom/path/.env' }
[ppc-st][Android - Firefox] ◇ injected env (0) from .env // tip: ◈ secrets for agents [www.dotenvx.com]
[ppc-st][Android - Firefox] ◇ injected env (0) from .env // tip: ⌘ multiple files { path: ['.env.local', '.env'] }
[ppc-st][Android - Firefox] ◇ injected env (0) from .env // tip: ◈ secrets for agents [www.dotenvx.com]
[ppc-st][Android - Firefox] 
🤖 ================================================================
[ppc-st][Android - Firefox] 🤖 MASTER RUNNER: LAUNCHING PPC-ST
🤖 Mode:            MOBILE
[ppc-st][Android - Firefox] 🤖 Tracking URL:     https://flmtra.com/?a=659&oc=837&c=2210&s1=
[ppc-st][Android - Firefox] 🤖 Target Sheet:    PPC-ST
[ppc-st][Android - Firefox] 🤖 ================================================================
[ppc-st][Android - Firefox] 🔌 [Browser Interceptor] Intercepting and optimizing engine: FIREFOX
[ppc-st][Android - Firefox] 📋 Emulated Device Profile: MOBILE (Pixel 7) - [Android - Firefox]
🔌 [Browser Interceptor] Sanitizing mobile context options for Firefox emulation...
🔌 [Browser Interceptor] Sanitizing mobile context options for Firefox emulation...
[ppc-st][Android - Firefox] ⏳ Delaying 200ms to allow responsive layouts to mount...
[ppc-st][Android - Firefox] 🔄 Processing lead for brand: PPC-ST Mobile
[ppc-st][Android - Firefox] 📊 Campaign execution run index: 84
[ppc-st][Android - Firefox] 🎯 Enforcing dynamic credentials & parameters:
   - First Name:   ckmtestpixel
[ppc-st][Android - Firefox]    - Last Name:    ckmtestpixel
   - Email:        ckmtestpixel@gmail.com
   - Phone Number: 401-247-1084
   - Slider Value: 4,253
   - State Value:  Ohio (OH)
[ppc-st][Android - Firefox] 🔗 [Mobile] Navigating to: https://flmtra.com/?a=659&oc=837&c=2210&s1=
[ppc-st][Android - Firefox] [STDERR] ❌ Failed processing PPC-ST Mobile: page.goto: NS_ERROR_UNKNOWN_HOST
Call log:
[2m  - navigating to "https://flmtra.com/?a=659&oc=837&c=2210&s1=", waiting until "networkidle"[22m

[ppc-st][Android - Firefox] 
✅ Execution successfully processed! {
  success: false,
  error: 'page.goto: NS_ERROR_UNKNOWN_HOST\n' +
    'Call log:\n' +
    '\x1B[2m  - navigating to "https://flmtra.com/?a=659&oc=837&c=2210&s1=", waiting until "networkidle"\x1B[22m\n',
  brand: 'PPC-ST Mobile'
}
[ppc-st][Android - Firefox] 📋 Trace report successfully saved: traces/ppc-st_mobile.zip
✅ [18/5/2026, 1:24:24 pm] COMPLETED: ppc-st [Android - Firefox][FIREFOX]

================================================================
🚀 [18/5/2026, 1:24:24 pm] RUNNING: PPC-ST [IOS - CHROME]
🔗 Target URL: https://flmtra.com/?a=659&oc=837&c=2210&s1=
================================================================
[ppc-st][iOS - Chrome] 🔌 [Browser Interceptor] Intercepting and optimizing engine: CHROMIUM
[ppc-st][iOS - Chrome] ◇ injected env (0) from .env // tip: ⌘ multiple files { path: ['.env.local', '.env'] }
[ppc-st][iOS - Chrome] ◇ injected env (0) from .env // tip: ⌘ custom filepath { path: '/custom/path/.env' }
[ppc-st][iOS - Chrome] ◇ injected env (0) from .env // tip: ⌘ override existing { override: true }
[ppc-st][iOS - Chrome] ◇ injected env (0) from .env // tip: ⌘ enable debugging { debug: true }
[ppc-st][iOS - Chrome] ◇ injected env (0) from .env // tip: ⌁ auth for agents [www.vestauth.com]
[ppc-st][iOS - Chrome] 
🤖 ================================================================
[ppc-st][iOS - Chrome] 🤖 MASTER RUNNER: LAUNCHING PPC-ST
🤖 Mode:            MOBILE
[ppc-st][iOS - Chrome] 🤖 Tracking URL:     https://flmtra.com/?a=659&oc=837&c=2210&s1=
🤖 Target Sheet:    PPC-ST
[ppc-st][iOS - Chrome] 🤖 ================================================================
[ppc-st][iOS - Chrome] 🔌 [Browser Interceptor] Intercepting and optimizing engine: CHROMIUM
[ppc-st][iOS - Chrome] 📋 Emulated Device Profile: MOBILE (iPhone 17 Pro Mode) - [iOS - Chrome]
[ppc-st][iOS - Chrome] ⏳ Delaying 200ms to allow responsive layouts to mount...
[ppc-st][iOS - Chrome] 🔄 Processing lead for brand: PPC-ST Mobile
[ppc-st][iOS - Chrome] 📊 Campaign execution run index: 85
[ppc-st][iOS - Chrome] 🎯 Enforcing dynamic credentials & parameters:
   - First Name:   ckmtestpixel
   - Last Name:    ckmtestpixel
   - Email:        ckmtestpixel@gmail.com
   - Phone Number: 401-247-1085
   - Slider Value: 7,262
   - State Value:  Oklahoma (OK)
[ppc-st][iOS - Chrome] 🔗 [Mobile] Navigating to: https://flmtra.com/?a=659&oc=837&c=2210&s1=
[ppc-st][iOS - Chrome] [STDERR] ❌ Failed processing PPC-ST Mobile: page.goto: net::ERR_INTERNET_DISCONNECTED at https://flmtra.com/?a=659&oc=837&c=2210&s1=
Call log:
[2m  - navigating to "https://flmtra.com/?a=659&oc=837&c=2210&s1=", waiting until "networkidle"[22m

[ppc-st][iOS - Chrome] 
✅ Execution successfully processed! {
  success: false,
  error: 'page.goto: net::ERR_INTERNET_DISCONNECTED at https://flmtra.com/?a=659&oc=837&c=2210&s1=\n' +
    'Call log:\n' +
    '\x1B[2m  - navigating to "https://flmtra.com/?a=659&oc=837&c=2210&s1=", waiting until "networkidle"\x1B[22m\n',
  brand: 'PPC-ST Mobile'
}
[ppc-st][iOS - Chrome] 📋 Trace report successfully saved: traces/ppc-st_mobile.zip
✅ [18/5/2026, 1:24:30 pm] COMPLETED: ppc-st [iOS - Chrome][CHROMIUM]

================================================================
🚀 [18/5/2026, 1:24:30 pm] RUNNING: PPC-ST [IOS - SAFARI]
🔗 Target URL: https://flmtra.com/?a=659&oc=837&c=2210&s1=
================================================================
[ppc-st][iOS - Safari] 🔌 [Browser Interceptor] Intercepting and optimizing engine: WEBKIT
[ppc-st][iOS - Safari] ◇ injected env (0) from .env // tip: ⌘ enable debugging { debug: true }
[ppc-st][iOS - Safari] ◇ injected env (0) from .env // tip: ◈ encrypted .env [www.dotenvx.com]
[ppc-st][iOS - Safari] ◇ injected env (0) from .env // tip: ◈ encrypted .env [www.dotenvx.com]
[ppc-st][iOS - Safari] ◇ injected env (0) from .env // tip: ⌘ suppress logs { quiet: true }
[ppc-st][iOS - Safari] ◇ injected env (0) from .env // tip: ⌘ suppress logs { quiet: true }
[ppc-st][iOS - Safari] 
🤖 ================================================================
🤖 MASTER RUNNER: LAUNCHING PPC-ST
[ppc-st][iOS - Safari] 🤖 Mode:            MOBILE
[ppc-st][iOS - Safari] 🤖 Tracking URL:     https://flmtra.com/?a=659&oc=837&c=2210&s1=
[ppc-st][iOS - Safari] 🤖 Target Sheet:    PPC-ST
[ppc-st][iOS - Safari] 🤖 ================================================================
[ppc-st][iOS - Safari] 🔌 [Browser Interceptor] Intercepting and optimizing engine: WEBKIT
[ppc-st][iOS - Safari] 📋 Emulated Device Profile: MOBILE (iPhone 17 Pro Mode) - [iOS - Safari]
[ppc-st][iOS - Safari] ⏳ Delaying 200ms to allow responsive layouts to mount...
[ppc-st][iOS - Safari] 🔄 Processing lead for brand: PPC-ST Mobile
[ppc-st][iOS - Safari] 📊 Campaign execution run index: 86
[ppc-st][iOS - Safari] 🎯 Enforcing dynamic credentials & parameters:
   - First Name:   ckmtestpixel
   - Last Name:    ckmtestpixel
   - Email:        ckmtestpixel@gmail.com
   - Phone Number: 401-247-1086
   - Slider Value: 8,693
   - State Value:  Oregon (OR)
[ppc-st][iOS - Safari] 🔗 [Mobile] Navigating to: https://flmtra.com/?a=659&oc=837&c=2210&s1=
[ppc-st][iOS - Safari] [STDERR] ❌ Failed processing PPC-ST Mobile: page.goto: Could not resolve hostname
Call log:
[2m  - navigating to "https://flmtra.com/?a=659&oc=837&c=2210&s1=", waiting until "networkidle"[22m

[ppc-st][iOS - Safari] 
✅ Execution successfully processed! {
  success: false,
  error: 'page.goto: Could not resolve hostname\n' +
    'Call log:\n' +
    '\x1B[2m  - navigating to "https://flmtra.com/?a=659&oc=837&c=2210&s1=", waiting until "networkidle"\x1B[22m\n',
  brand: 'PPC-ST Mobile'
}
[ppc-st][iOS - Safari] 📋 Trace report successfully saved: traces/ppc-st_mobile.zip
✅ [18/5/2026, 1:24:36 pm] COMPLETED: ppc-st [iOS - Safari][WEBKIT]

================================================================
🚀 [18/5/2026, 1:24:37 pm] RUNNING: PPC-ST [TABLET - SAFARI]
🔗 Target URL: https://flmtra.com/?a=659&oc=837&c=2210&s1=
================================================================
[ppc-st][Tablet - Safari] 🔌 [Browser Interceptor] Intercepting and optimizing engine: WEBKIT
[ppc-st][Tablet - Safari] ◇ injected env (0) from .env // tip: ⌘ suppress logs { quiet: true }
[ppc-st][Tablet - Safari] ◇ injected env (0) from .env // tip: ◈ secrets for agents [www.dotenvx.com]
[ppc-st][Tablet - Safari] ◇ injected env (0) from .env // tip: ⌘ multiple files { path: ['.env.local', '.env'] }
[ppc-st][Tablet - Safari] ◇ injected env (0) from .env // tip: ⌘ override existing { override: true }
[ppc-st][Tablet - Safari] ◇ injected env (0) from .env // tip: ⌘ enable debugging { debug: true }
[ppc-st][Tablet - Safari] 
🤖 ================================================================
🤖 MASTER RUNNER: LAUNCHING PPC-ST
[ppc-st][Tablet - Safari] 🤖 Mode:            TABLET
🤖 Tracking URL:     https://flmtra.com/?a=659&oc=837&c=2210&s1=
[ppc-st][Tablet - Safari] 🤖 Target Sheet:    PPC-ST
🤖 ================================================================
[ppc-st][Tablet - Safari] 🔌 [Browser Interceptor] Intercepting and optimizing engine: WEBKIT
[ppc-st][Tablet - Safari] 📋 Emulated Device Profile: TABLET (iPad Pro 11) - [Tablet - Safari]
[ppc-st][Tablet - Safari] ⏳ Delaying 200ms to allow responsive layouts to mount...
[ppc-st][Tablet - Safari] 🔄 Processing lead for brand: PPC-ST Tablet
[ppc-st][Tablet - Safari] 📊 Campaign execution run index: 87
[ppc-st][Tablet - Safari] 🎯 Enforcing dynamic credentials & parameters:
   - First Name:   ckmtestpixel
   - Last Name:    ckmtestpixel
[ppc-st][Tablet - Safari]    - Email:        ckmtestpixel@gmail.com
   - Phone Number: 401-247-1087
   - Slider Value: 15,828
   - State Value:  Pennsylvania (PA)
[ppc-st][Tablet - Safari] 🔗 [Mobile] Navigating to: https://flmtra.com/?a=659&oc=837&c=2210&s1=
[ppc-st][Tablet - Safari] [STDERR] ❌ Failed processing PPC-ST Tablet: page.goto: Could not resolve hostname
Call log:
[2m  - navigating to "https://flmtra.com/?a=659&oc=837&c=2210&s1=", waiting until "networkidle"[22m

[ppc-st][Tablet - Safari] 
✅ Execution successfully processed! {
  success: false,
  error: 'page.goto: Could not resolve hostname\n' +
    'Call log:\n' +
    '\x1B[2m  - navigating to "https://flmtra.com/?a=659&oc=837&c=2210&s1=", waiting until "networkidle"\x1B[22m\n',
  brand: 'PPC-ST Tablet'
}
[ppc-st][Tablet - Safari] 📋 Trace report successfully saved: traces/ppc-st_tablet.zip
✅ [18/5/2026, 1:24:43 pm] COMPLETED: ppc-st [Tablet - Safari][WEBKIT]

================================================================
🚀 [18/5/2026, 1:24:43 pm] RUNNING: PPC-ST [TABLET - CHROME]
🔗 Target URL: https://flmtra.com/?a=659&oc=837&c=2210&s1=
================================================================
[ppc-st][Tablet - Chrome] 🔌 [Browser Interceptor] Intercepting and optimizing engine: CHROMIUM
[ppc-st][Tablet - Chrome] ◇ injected env (0) from .env // tip: ⌘ custom filepath { path: '/custom/path/.env' }
[ppc-st][Tablet - Chrome] ◇ injected env (0) from .env // tip: ⌘ enable debugging { debug: true }
[ppc-st][Tablet - Chrome] ◇ injected env (0) from .env // tip: ◈ encrypted .env [www.dotenvx.com]
[ppc-st][Tablet - Chrome] ◇ injected env (0) from .env // tip: ⌁ auth for agents [www.vestauth.com]
[ppc-st][Tablet - Chrome] ◇ injected env (0) from .env // tip: ⌘ multiple files { path: ['.env.local', '.env'] }
[ppc-st][Tablet - Chrome] 
🤖 ================================================================
🤖 MASTER RUNNER: LAUNCHING PPC-ST
🤖 Mode:            TABLET
[ppc-st][Tablet - Chrome] 🤖 Tracking URL:     https://flmtra.com/?a=659&oc=837&c=2210&s1=
🤖 Target Sheet:    PPC-ST
🤖 ================================================================
[ppc-st][Tablet - Chrome] 🔌 [Browser Interceptor] Intercepting and optimizing engine: CHROMIUM
[ppc-st][Tablet - Chrome] 📋 Emulated Device Profile: TABLET (iPad Pro 11) - [Tablet - Chrome]
[ppc-st][Tablet - Chrome] ⏳ Delaying 200ms to allow responsive layouts to mount...
[ppc-st][Tablet - Chrome] 🔄 Processing lead for brand: PPC-ST Tablet
[ppc-st][Tablet - Chrome] 📊 Campaign execution run index: 88
[ppc-st][Tablet - Chrome] 🎯 Enforcing dynamic credentials & parameters:
   - First Name:   ckmtestpixel
   - Last Name:    ckmtestpixel
   - Email:        ckmtestpixel@gmail.com
   - Phone Number: 401-247-1088
   - Slider Value: 41,848
   - State Value:  Rhode Island (RI)
[ppc-st][Tablet - Chrome] 🔗 [Mobile] Navigating to: https://flmtra.com/?a=659&oc=837&c=2210&s1=
[ppc-st][Tablet - Chrome] [STDERR] ❌ Failed processing PPC-ST Tablet: page.goto: net::ERR_INTERNET_DISCONNECTED at https://flmtra.com/?a=659&oc=837&c=2210&s1=
Call log:
[2m  - navigating to "https://flmtra.com/?a=659&oc=837&c=2210&s1=", waiting until "networkidle"[22m

[ppc-st][Tablet - Chrome] 
✅ Execution successfully processed! {
  success: false,
  error: 'page.goto: net::ERR_INTERNET_DISCONNECTED at https://flmtra.com/?a=659&oc=837&c=2210&s1=\n' +
    'Call log:\n' +
    '\x1B[2m  - navigating to "https://flmtra.com/?a=659&oc=837&c=2210&s1=", waiting until "networkidle"\x1B[22m\n',
  brand: 'PPC-ST Tablet'
}
[ppc-st][Tablet - Chrome] 📋 Trace report successfully saved: traces/ppc-st_tablet.zip
✅ [18/5/2026, 1:24:49 pm] COMPLETED: ppc-st [Tablet - Chrome][CHROMIUM]

================================================================
🚀 [18/5/2026, 1:24:49 pm] RUNNING: PPC-ST [WINDOWS - CHROME]
🔗 Target URL: https://flmtra.com/?a=659&oc=837&c=2210&s1=
================================================================
[ppc-st][Windows - Chrome] 🔌 [Browser Interceptor] Intercepting and optimizing engine: CHROMIUM
[ppc-st][Windows - Chrome] ◇ injected env (0) from .env // tip: ◈ encrypted .env [www.dotenvx.com]
[ppc-st][Windows - Chrome] ◇ injected env (0) from .env // tip: ⌘ multiple files { path: ['.env.local', '.env'] }
[ppc-st][Windows - Chrome] ◇ injected env (0) from .env // tip: ⌘ suppress logs { quiet: true }
[ppc-st][Windows - Chrome] ◇ injected env (0) from .env // tip: ⌘ suppress logs { quiet: true }
[ppc-st][Windows - Chrome] ◇ injected env (0) from .env // tip: ⌘ custom filepath { path: '/custom/path/.env' }
[ppc-st][Windows - Chrome] 
🤖 ================================================================
🤖 MASTER RUNNER: LAUNCHING PPC-ST
[ppc-st][Windows - Chrome] 🤖 Mode:            DESKTOP
🤖 Tracking URL:     https://flmtra.com/?a=659&oc=837&c=2210&s1=
🤖 Target Sheet:    PPC-ST
🤖 ================================================================
[ppc-st][Windows - Chrome] 🔌 [Browser Interceptor] Intercepting and optimizing engine: CHROMIUM
[ppc-st][Windows - Chrome] 💻 Emulated Device Profile: DESKTOP - [Windows - Chrome]
[ppc-st][Windows - Chrome] 🔄 Processing lead for brand: PPC-ST
[ppc-st][Windows - Chrome] 📊 Campaign execution run index: 89
[ppc-st][Windows - Chrome] 🎯 Enforcing dynamic credentials & parameters:
   - First Name:   ckmtestpixel
   - Last Name:    ckmtestpixel
   - Email:        ckmtestpixel@gmail.com
   - Phone Number: 401-247-1089
   - Slider Value: 95,547
   - State Value:  South Carolina (SC)
[ppc-st][Windows - Chrome] 🔗 Navigating to: https://flmtra.com/?a=659&oc=837&c=2210&s1=
[ppc-st][Windows - Chrome] [STDERR] ❌ Failed processing PPC-ST: page.goto: net::ERR_INTERNET_DISCONNECTED at https://flmtra.com/?a=659&oc=837&c=2210&s1=
Call log:
[2m  - navigating to "https://flmtra.com/?a=659&oc=837&c=2210&s1=", waiting until "networkidle"[22m

[ppc-st][Windows - Chrome] 
✅ Execution successfully processed! {
  success: false,
  error: 'page.goto: net::ERR_INTERNET_DISCONNECTED at https://flmtra.com/?a=659&oc=837&c=2210&s1=\n' +
    'Call log:\n' +
    '\x1B[2m  - navigating to "https://flmtra.com/?a=659&oc=837&c=2210&s1=", waiting until "networkidle"\x1B[22m\n',
  brand: 'PPC-ST'
}
[ppc-st][Windows - Chrome] 📋 Trace report successfully saved: traces/ppc-st_desktop.zip
✅ [18/5/2026, 1:24:55 pm] COMPLETED: ppc-st [Windows - Chrome][CHROMIUM]

================================================================
🚀 [18/5/2026, 1:24:55 pm] RUNNING: PPC-ST [WINDOWS - FIREFOX]
🔗 Target URL: https://flmtra.com/?a=659&oc=837&c=2210&s1=
================================================================
[ppc-st][Windows - Firefox] 🔌 [Browser Interceptor] Intercepting and optimizing engine: FIREFOX
[ppc-st][Windows - Firefox] ◇ injected env (0) from .env // tip: ⌘ custom filepath { path: '/custom/path/.env' }
[ppc-st][Windows - Firefox] ◇ injected env (0) from .env // tip: ◈ secrets for agents [www.dotenvx.com]
[ppc-st][Windows - Firefox] ◇ injected env (0) from .env // tip: ⌘ enable debugging { debug: true }
[ppc-st][Windows - Firefox] ◇ injected env (0) from .env // tip: ⌘ custom filepath { path: '/custom/path/.env' }
[ppc-st][Windows - Firefox] ◇ injected env (0) from .env // tip: ⌘ override existing { override: true }
[ppc-st][Windows - Firefox] 
🤖 ================================================================
🤖 MASTER RUNNER: LAUNCHING PPC-ST
[ppc-st][Windows - Firefox] 🤖 Mode:            DESKTOP
🤖 Tracking URL:     https://flmtra.com/?a=659&oc=837&c=2210&s1=
[ppc-st][Windows - Firefox] 🤖 Target Sheet:    PPC-ST
🤖 ================================================================
[ppc-st][Windows - Firefox] 🔌 [Browser Interceptor] Intercepting and optimizing engine: FIREFOX
[ppc-st][Windows - Firefox] 💻 Emulated Device Profile: DESKTOP - [Windows - Firefox]
[ppc-st][Windows - Firefox] 🔌 [Browser Interceptor] Sanitizing mobile context options for Firefox emulation...
🔌 [Browser Interceptor] Sanitizing mobile context options for Firefox emulation...
[ppc-st][Windows - Firefox] 🔄 Processing lead for brand: PPC-ST
[ppc-st][Windows - Firefox] 📊 Campaign execution run index: 90
[ppc-st][Windows - Firefox] 🎯 Enforcing dynamic credentials & parameters:
   - First Name:   ckmtestpixel
[ppc-st][Windows - Firefox]    - Last Name:    ckmtestpixel
   - Email:        ckmtestpixel@gmail.com
   - Phone Number: 401-247-1090
   - Slider Value: 1,35,912
   - State Value:  South Dakota (SD)
[ppc-st][Windows - Firefox] 🔗 Navigating to: https://flmtra.com/?a=659&oc=837&c=2210&s1=
[ppc-st][Windows - Firefox] [STDERR] ❌ Failed processing PPC-ST: page.goto: NS_ERROR_UNKNOWN_HOST
Call log:
[2m  - navigating to "https://flmtra.com/?a=659&oc=837&c=2210&s1=", waiting until "networkidle"[22m

[ppc-st][Windows - Firefox] 
✅ Execution successfully processed! {
  success: false,
  error: 'page.goto: NS_ERROR_UNKNOWN_HOST\n' +
    'Call log:\n' +
    '\x1B[2m  - navigating to "https://flmtra.com/?a=659&oc=837&c=2210&s1=", waiting until "networkidle"\x1B[22m\n',
  brand: 'PPC-ST'
}
[ppc-st][Windows - Firefox] 📋 Trace report successfully saved: traces/ppc-st_desktop.zip
✅ [18/5/2026, 1:25:04 pm] COMPLETED: ppc-st [Windows - Firefox][FIREFOX]

================================================================
🚀 [18/5/2026, 1:25:04 pm] RUNNING: PPC-ST [MAC - SAFARI]
🔗 Target URL: https://flmtra.com/?a=659&oc=837&c=2210&s1=
================================================================
[ppc-st][MAC - Safari] 🔌 [Browser Interceptor] Intercepting and optimizing engine: WEBKIT
[ppc-st][MAC - Safari] ◇ injected env (0) from .env // tip: ⌘ suppress logs { quiet: true }
[ppc-st][MAC - Safari] ◇ injected env (0) from .env // tip: ⌘ multiple files { path: ['.env.local', '.env'] }
[ppc-st][MAC - Safari] ◇ injected env (0) from .env // tip: ⌘ multiple files { path: ['.env.local', '.env'] }
[ppc-st][MAC - Safari] ◇ injected env (0) from .env // tip: ⌁ auth for agents [www.vestauth.com]
[ppc-st][MAC - Safari] ◇ injected env (0) from .env // tip: ⌘ enable debugging { debug: true }
[ppc-st][MAC - Safari] 
🤖 ================================================================
[ppc-st][MAC - Safari] 🤖 MASTER RUNNER: LAUNCHING PPC-ST
🤖 Mode:            DESKTOP
🤖 Tracking URL:     https://flmtra.com/?a=659&oc=837&c=2210&s1=
[ppc-st][MAC - Safari] 🤖 Target Sheet:    PPC-ST
🤖 ================================================================
[ppc-st][MAC - Safari] 🔌 [Browser Interceptor] Intercepting and optimizing engine: WEBKIT
[ppc-st][MAC - Safari] 💻 Emulated Device Profile: DESKTOP - [MAC - Safari]
[ppc-st][MAC - Safari] 🔄 Processing lead for brand: PPC-ST
[ppc-st][MAC - Safari] 📊 Campaign execution run index: 91
[ppc-st][MAC - Safari] 🎯 Enforcing dynamic credentials & parameters:
   - First Name:   ckmtestpixel
   - Last Name:    ckmtestpixel
   - Email:        ckmtestpixel@gmail.com
[ppc-st][MAC - Safari]    - Phone Number: 401-247-1091
   - Slider Value: 4,290
   - State Value:  Tennessee (TN)
[ppc-st][MAC - Safari] 🔗 Navigating to: https://flmtra.com/?a=659&oc=837&c=2210&s1=
[ppc-st][MAC - Safari] [STDERR] ❌ Failed processing PPC-ST: page.goto: Could not resolve hostname
Call log:
[2m  - navigating to "https://flmtra.com/?a=659&oc=837&c=2210&s1=", waiting until "networkidle"[22m

[ppc-st][MAC - Safari] 
✅ Execution successfully processed! {
  success: false,
  error: 'page.goto: Could not resolve hostname\n' +
    'Call log:\n' +
    '\x1B[2m  - navigating to "https://flmtra.com/?a=659&oc=837&c=2210&s1=", waiting until "networkidle"\x1B[22m\n',
  brand: 'PPC-ST'
}
[ppc-st][MAC - Safari] 📋 Trace report successfully saved: traces/ppc-st_desktop.zip
✅ [18/5/2026, 1:25:10 pm] COMPLETED: ppc-st [MAC - Safari][WEBKIT]

================================================================
🚀 [18/5/2026, 1:25:10 pm] RUNNING: PPC-ST [MAC - CHROME]
🔗 Target URL: https://flmtra.com/?a=659&oc=837&c=2210&s1=
================================================================
[ppc-st][MAC - Chrome] 🔌 [Browser Interceptor] Intercepting and optimizing engine: CHROMIUM
[ppc-st][MAC - Chrome] ◇ injected env (0) from .env // tip: ⌁ auth for agents [www.vestauth.com]
[ppc-st][MAC - Chrome] ◇ injected env (0) from .env // tip: ◈ secrets for agents [www.dotenvx.com]
[ppc-st][MAC - Chrome] ◇ injected env (0) from .env // tip: ⌘ custom filepath { path: '/custom/path/.env' }
[ppc-st][MAC - Chrome] ◇ injected env (0) from .env // tip: ⌘ override existing { override: true }
[ppc-st][MAC - Chrome] ◇ injected env (0) from .env // tip: ⌘ override existing { override: true }
[ppc-st][MAC - Chrome] 
🤖 ================================================================
🤖 MASTER RUNNER: LAUNCHING PPC-ST
[ppc-st][MAC - Chrome] 🤖 Mode:            DESKTOP
🤖 Tracking URL:     https://flmtra.com/?a=659&oc=837&c=2210&s1=
🤖 Target Sheet:    PPC-ST
🤖 ================================================================
[ppc-st][MAC - Chrome] 🔌 [Browser Interceptor] Intercepting and optimizing engine: CHROMIUM
[ppc-st][MAC - Chrome] 💻 Emulated Device Profile: DESKTOP - [MAC - Chrome]
[ppc-st][MAC - Chrome] 🔄 Processing lead for brand: PPC-ST
[ppc-st][MAC - Chrome] 📊 Campaign execution run index: 92
[ppc-st][MAC - Chrome] 🎯 Enforcing dynamic credentials & parameters:
   - First Name:   ckmtestpixel
   - Last Name:    ckmtestpixel
   - Email:        ckmtestpixel@gmail.com
   - Phone Number: 401-247-1092
[ppc-st][MAC - Chrome]    - Slider Value: 5,035
   - State Value:  Texas (TX)
[ppc-st][MAC - Chrome] 🔗 Navigating to: https://flmtra.com/?a=659&oc=837&c=2210&s1=
[ppc-st][MAC - Chrome] [STDERR] ❌ Failed processing PPC-ST: page.goto: net::ERR_INTERNET_DISCONNECTED at https://flmtra.com/?a=659&oc=837&c=2210&s1=
Call log:
[2m  - navigating to "https://flmtra.com/?a=659&oc=837&c=2210&s1=", waiting until "networkidle"[22m

[ppc-st][MAC - Chrome] 
✅ Execution successfully processed! {
  success: false,
  error: 'page.goto: net::ERR_INTERNET_DISCONNECTED at https://flmtra.com/?a=659&oc=837&c=2210&s1=\n' +
    'Call log:\n' +
    '\x1B[2m  - navigating to "https://flmtra.com/?a=659&oc=837&c=2210&s1=", waiting until "networkidle"\x1B[22m\n',
  brand: 'PPC-ST'
}
[ppc-st][MAC - Chrome] 📋 Trace report successfully saved: traces/ppc-st_desktop.zip
✅ [18/5/2026, 1:25:16 pm] COMPLETED: ppc-st [MAC - Chrome][CHROMIUM]

================================================================
⚡ Processing Campaign Matrix: [PPC-ST2]
================================================================

================================================================
🚀 [18/5/2026, 1:25:16 pm] RUNNING: PPC-ST2 [ANDROID - CHROME]
🔗 Target URL: https://flmtra.com/?a=659&oc=858&c=2210&s1=
================================================================
[ppc-st2][Android - Chrome] 🔌 [Browser Interceptor] Intercepting and optimizing engine: CHROMIUM
[ppc-st2][Android - Chrome] ◇ injected env (0) from .env // tip: ⌘ custom filepath { path: '/custom/path/.env' }
[ppc-st2][Android - Chrome] ◇ injected env (0) from .env // tip: ⌘ suppress logs { quiet: true }
[ppc-st2][Android - Chrome] ◇ injected env (0) from .env // tip: ⌘ override existing { override: true }
[ppc-st2][Android - Chrome] ◇ injected env (0) from .env // tip: ⌘ override existing { override: true }
[ppc-st2][Android - Chrome] ◇ injected env (0) from .env // tip: ⌘ override existing { override: true }
[ppc-st2][Android - Chrome] 
🤖 ================================================================
🤖 MASTER RUNNER: LAUNCHING PPC-ST2
🤖 Mode:            MOBILE
[ppc-st2][Android - Chrome] 🤖 Tracking URL:     https://flmtra.com/?a=659&oc=858&c=2210&s1=
🤖 Target Sheet:    PPC-ST2
🤖 ================================================================
[ppc-st2][Android - Chrome] 🔌 [Browser Interceptor] Intercepting and optimizing engine: CHROMIUM
[ppc-st2][Android - Chrome] 📋 Emulated Device Profile: MOBILE (Pixel 7) - [Android - Chrome]
[ppc-st2][Android - Chrome] ⏳ Delaying 200ms to allow responsive layouts to mount...
[ppc-st2][Android - Chrome] 🔄 Processing lead for brand: PPC-ST2 Mobile
[ppc-st2][Android - Chrome] 📊 Campaign execution run index: 93
[ppc-st2][Android - Chrome] 🎯 Enforcing dynamic credentials & parameters:
   - First Name:   ckmtestpixel
   - Last Name:    ckmtestpixel
   - Email:        ckmtestpixel@gmail.com
   - Phone Number: 401-247-1093
   - Slider Value: 9,386
   - State Value:  Utah (UT)
[ppc-st2][Android - Chrome] 🔗 [Mobile] Navigating to: https://flmtra.com/?a=659&oc=858&c=2210&s1=
[ppc-st2][Android - Chrome] [STDERR] ❌ Failed processing PPC-ST2 Mobile: page.goto: net::ERR_INTERNET_DISCONNECTED at https://flmtra.com/?a=659&oc=858&c=2210&s1=
Call log:
[2m  - navigating to "https://flmtra.com/?a=659&oc=858&c=2210&s1=", waiting until "networkidle"[22m

[ppc-st2][Android - Chrome] 
✅ Execution successfully processed! {
  success: false,
  error: 'page.goto: net::ERR_INTERNET_DISCONNECTED at https://flmtra.com/?a=659&oc=858&c=2210&s1=\n' +
    'Call log:\n' +
    '\x1B[2m  - navigating to "https://flmtra.com/?a=659&oc=858&c=2210&s1=", waiting until "networkidle"\x1B[22m\n',
  brand: 'PPC-ST2 Mobile'
}
[ppc-st2][Android - Chrome] 📋 Trace report successfully saved: traces/ppc-st2_mobile.zip
✅ [18/5/2026, 1:25:22 pm] COMPLETED: ppc-st2 [Android - Chrome][CHROMIUM]

================================================================
🚀 [18/5/2026, 1:25:22 pm] RUNNING: PPC-ST2 [ANDROID - FIREFOX]
🔗 Target URL: https://flmtra.com/?a=659&oc=858&c=2210&s1=
================================================================
[ppc-st2][Android - Firefox] 🔌 [Browser Interceptor] Intercepting and optimizing engine: FIREFOX
[ppc-st2][Android - Firefox] ◇ injected env (0) from .env // tip: ⌁ auth for agents [www.vestauth.com]
[ppc-st2][Android - Firefox] ◇ injected env (0) from .env // tip: ◈ secrets for agents [www.dotenvx.com]
[ppc-st2][Android - Firefox] ◇ injected env (0) from .env // tip: ⌘ suppress logs { quiet: true }
[ppc-st2][Android - Firefox] ◇ injected env (0) from .env // tip: ⌘ custom filepath { path: '/custom/path/.env' }
[ppc-st2][Android - Firefox] ◇ injected env (0) from .env // tip: ◈ encrypted .env [www.dotenvx.com]
[ppc-st2][Android - Firefox] 
🤖 ================================================================
🤖 MASTER RUNNER: LAUNCHING PPC-ST2
[ppc-st2][Android - Firefox] 🤖 Mode:            MOBILE
🤖 Tracking URL:     https://flmtra.com/?a=659&oc=858&c=2210&s1=
[ppc-st2][Android - Firefox] 🤖 Target Sheet:    PPC-ST2
🤖 ================================================================
[ppc-st2][Android - Firefox] 🔌 [Browser Interceptor] Intercepting and optimizing engine: FIREFOX
[ppc-st2][Android - Firefox] 📋 Emulated Device Profile: MOBILE (Pixel 7) - [Android - Firefox]
🔌 [Browser Interceptor] Sanitizing mobile context options for Firefox emulation...
🔌 [Browser Interceptor] Sanitizing mobile context options for Firefox emulation...
[ppc-st2][Android - Firefox] ⏳ Delaying 200ms to allow responsive layouts to mount...
[ppc-st2][Android - Firefox] 🔄 Processing lead for brand: PPC-ST2 Mobile
[ppc-st2][Android - Firefox] 📊 Campaign execution run index: 94
[ppc-st2][Android - Firefox] 🎯 Enforcing dynamic credentials & parameters:
   - First Name:   ckmtestpixel
   - Last Name:    ckmtestpixel
   - Email:        ckmtestpixel@gmail.com
[ppc-st2][Android - Firefox]    - Phone Number: 401-247-1094
   - Slider Value: 12,117
   - State Value:  Vermont (VT)
[ppc-st2][Android - Firefox] 🔗 [Mobile] Navigating to: https://flmtra.com/?a=659&oc=858&c=2210&s1=
[ppc-st2][Android - Firefox] [STDERR] ❌ Failed processing PPC-ST2 Mobile: page.goto: NS_ERROR_UNKNOWN_HOST
Call log:
[2m  - navigating to "https://flmtra.com/?a=659&oc=858&c=2210&s1=", waiting until "networkidle"[22m

[ppc-st2][Android - Firefox] 
✅ Execution successfully processed! {
  success: false,
  error: 'page.goto: NS_ERROR_UNKNOWN_HOST\n' +
    'Call log:\n' +
    '\x1B[2m  - navigating to "https://flmtra.com/?a=659&oc=858&c=2210&s1=", waiting until "networkidle"\x1B[22m\n',
  brand: 'PPC-ST2 Mobile'
}
[ppc-st2][Android - Firefox] 📋 Trace report successfully saved: traces/ppc-st2_mobile.zip
✅ [18/5/2026, 1:25:31 pm] COMPLETED: ppc-st2 [Android - Firefox][FIREFOX]

================================================================
🚀 [18/5/2026, 1:25:31 pm] RUNNING: PPC-ST2 [IOS - CHROME]
🔗 Target URL: https://flmtra.com/?a=659&oc=858&c=2210&s1=
================================================================
[ppc-st2][iOS - Chrome] 🔌 [Browser Interceptor] Intercepting and optimizing engine: CHROMIUM
[ppc-st2][iOS - Chrome] ◇ injected env (0) from .env // tip: ◈ encrypted .env [www.dotenvx.com]
[ppc-st2][iOS - Chrome] ◇ injected env (0) from .env // tip: ⌘ custom filepath { path: '/custom/path/.env' }
[ppc-st2][iOS - Chrome] ◇ injected env (0) from .env // tip: ⌘ custom filepath { path: '/custom/path/.env' }
[ppc-st2][iOS - Chrome] ◇ injected env (0) from .env // tip: ⌘ override existing { override: true }
[ppc-st2][iOS - Chrome] ◇ injected env (0) from .env // tip: ⌘ enable debugging { debug: true }
[ppc-st2][iOS - Chrome] 
🤖 ================================================================
🤖 MASTER RUNNER: LAUNCHING PPC-ST2
[ppc-st2][iOS - Chrome] 🤖 Mode:            MOBILE
🤖 Tracking URL:     https://flmtra.com/?a=659&oc=858&c=2210&s1=
🤖 Target Sheet:    PPC-ST2
🤖 ================================================================
[ppc-st2][iOS - Chrome] 🔌 [Browser Interceptor] Intercepting and optimizing engine: CHROMIUM
[ppc-st2][iOS - Chrome] 📋 Emulated Device Profile: MOBILE (iPhone 17 Pro Mode) - [iOS - Chrome]
[ppc-st2][iOS - Chrome] ⏳ Delaying 200ms to allow responsive layouts to mount...
[ppc-st2][iOS - Chrome] 🔄 Processing lead for brand: PPC-ST2 Mobile
[ppc-st2][iOS - Chrome] 📊 Campaign execution run index: 95
[ppc-st2][iOS - Chrome] 🎯 Enforcing dynamic credentials & parameters:
   - First Name:   ckmtestpixel
   - Last Name:    ckmtestpixel
   - Email:        ckmtestpixel@gmail.com
   - Phone Number: 401-247-1095
   - Slider Value: 45,571
   - State Value:  Virginia (VA)
[ppc-st2][iOS - Chrome] 🔗 [Mobile] Navigating to: https://flmtra.com/?a=659&oc=858&c=2210&s1=
[ppc-st2][iOS - Chrome] [STDERR] ❌ Failed processing PPC-ST2 Mobile: page.goto: net::ERR_INTERNET_DISCONNECTED at https://flmtra.com/?a=659&oc=858&c=2210&s1=
Call log:
[2m  - navigating to "https://flmtra.com/?a=659&oc=858&c=2210&s1=", waiting until "networkidle"[22m

[ppc-st2][iOS - Chrome] 
✅ Execution successfully processed! {
  success: false,
  error: 'page.goto: net::ERR_INTERNET_DISCONNECTED at https://flmtra.com/?a=659&oc=858&c=2210&s1=\n' +
    'Call log:\n' +
    '\x1B[2m  - navigating to "https://flmtra.com/?a=659&oc=858&c=2210&s1=", waiting until "networkidle"\x1B[22m\n',
  brand: 'PPC-ST2 Mobile'
}
[ppc-st2][iOS - Chrome] 📋 Trace report successfully saved: traces/ppc-st2_mobile.zip
✅ [18/5/2026, 1:25:37 pm] COMPLETED: ppc-st2 [iOS - Chrome][CHROMIUM]

================================================================
🚀 [18/5/2026, 1:25:37 pm] RUNNING: PPC-ST2 [IOS - SAFARI]
🔗 Target URL: https://flmtra.com/?a=659&oc=858&c=2210&s1=
================================================================
[ppc-st2][iOS - Safari] 🔌 [Browser Interceptor] Intercepting and optimizing engine: WEBKIT
[ppc-st2][iOS - Safari] ◇ injected env (0) from .env // tip: ⌘ custom filepath { path: '/custom/path/.env' }
[ppc-st2][iOS - Safari] ◇ injected env (0) from .env // tip: ⌘ suppress logs { quiet: true }
[ppc-st2][iOS - Safari] ◇ injected env (0) from .env // tip: ⌘ multiple files { path: ['.env.local', '.env'] }
[ppc-st2][iOS - Safari] ◇ injected env (0) from .env // tip: ⌁ auth for agents [www.vestauth.com]
[ppc-st2][iOS - Safari] ◇ injected env (0) from .env // tip: ⌘ multiple files { path: ['.env.local', '.env'] }
[ppc-st2][iOS - Safari] 
🤖 ================================================================
[ppc-st2][iOS - Safari] 🤖 MASTER RUNNER: LAUNCHING PPC-ST2
🤖 Mode:            MOBILE
🤖 Tracking URL:     https://flmtra.com/?a=659&oc=858&c=2210&s1=
🤖 Target Sheet:    PPC-ST2
🤖 ================================================================
[ppc-st2][iOS - Safari] 🔌 [Browser Interceptor] Intercepting and optimizing engine: WEBKIT
[ppc-st2][iOS - Safari] 📋 Emulated Device Profile: MOBILE (iPhone 17 Pro Mode) - [iOS - Safari]
[ppc-st2][iOS - Safari] ⏳ Delaying 200ms to allow responsive layouts to mount...
[ppc-st2][iOS - Safari] 🔄 Processing lead for brand: PPC-ST2 Mobile
[ppc-st2][iOS - Safari] 📊 Campaign execution run index: 96
[ppc-st2][iOS - Safari] 🎯 Enforcing dynamic credentials & parameters:
   - First Name:   ckmtestpixel
   - Last Name:    ckmtestpixel
   - Email:        ckmtestpixel@gmail.com
   - Phone Number: 401-247-1096
   - Slider Value: 86,312
   - State Value:  Washington (WA)
[ppc-st2][iOS - Safari] 🔗 [Mobile] Navigating to: https://flmtra.com/?a=659&oc=858&c=2210&s1=
[ppc-st2][iOS - Safari] [STDERR] ❌ Failed processing PPC-ST2 Mobile: page.goto: Could not resolve hostname
Call log:
[2m  - navigating to "https://flmtra.com/?a=659&oc=858&c=2210&s1=", waiting until "networkidle"[22m

[ppc-st2][iOS - Safari] 
✅ Execution successfully processed! {
  success: false,
  error: 'page.goto: Could not resolve hostname\n' +
    'Call log:\n' +
    '\x1B[2m  - navigating to "https://flmtra.com/?a=659&oc=858&c=2210&s1=", waiting until "networkidle"\x1B[22m\n',
  brand: 'PPC-ST2 Mobile'
}
[ppc-st2][iOS - Safari] 📋 Trace report successfully saved: traces/ppc-st2_mobile.zip
✅ [18/5/2026, 1:25:43 pm] COMPLETED: ppc-st2 [iOS - Safari][WEBKIT]

================================================================
🚀 [18/5/2026, 1:25:43 pm] RUNNING: PPC-ST2 [TABLET - SAFARI]
🔗 Target URL: https://flmtra.com/?a=659&oc=858&c=2210&s1=
================================================================
[ppc-st2][Tablet - Safari] 🔌 [Browser Interceptor] Intercepting and optimizing engine: WEBKIT
[ppc-st2][Tablet - Safari] ◇ injected env (0) from .env // tip: ⌘ suppress logs { quiet: true }
[ppc-st2][Tablet - Safari] ◇ injected env (0) from .env // tip: ⌁ auth for agents [www.vestauth.com]
[ppc-st2][Tablet - Safari] ◇ injected env (0) from .env // tip: ◈ secrets for agents [www.dotenvx.com]
[ppc-st2][Tablet - Safari] ◇ injected env (0) from .env // tip: ⌘ multiple files { path: ['.env.local', '.env'] }
[ppc-st2][Tablet - Safari] ◇ injected env (0) from .env // tip: ⌘ suppress logs { quiet: true }
[ppc-st2][Tablet - Safari] 
🤖 ================================================================
🤖 MASTER RUNNER: LAUNCHING PPC-ST2
[ppc-st2][Tablet - Safari] 🤖 Mode:            TABLET
🤖 Tracking URL:     https://flmtra.com/?a=659&oc=858&c=2210&s1=
🤖 Target Sheet:    PPC-ST2
[ppc-st2][Tablet - Safari] 🤖 ================================================================
[ppc-st2][Tablet - Safari] 🔌 [Browser Interceptor] Intercepting and optimizing engine: WEBKIT
[ppc-st2][Tablet - Safari] 📋 Emulated Device Profile: TABLET (iPad Pro 11) - [Tablet - Safari]
[ppc-st2][Tablet - Safari] ⏳ Delaying 200ms to allow responsive layouts to mount...
[ppc-st2][Tablet - Safari] 🔄 Processing lead for brand: PPC-ST2 Tablet
[ppc-st2][Tablet - Safari] 📊 Campaign execution run index: 97
[ppc-st2][Tablet - Safari] 🎯 Enforcing dynamic credentials & parameters:
   - First Name:   ckmtestpixel
   - Last Name:    ckmtestpixel
   - Email:        ckmtestpixel@gmail.com
   - Phone Number: 401-247-1097
   - Slider Value: 1,42,945
   - State Value:  West Virginia (WV)
[ppc-st2][Tablet - Safari] 🔗 [Mobile] Navigating to: https://flmtra.com/?a=659&oc=858&c=2210&s1=
[ppc-st2][Tablet - Safari] [STDERR] ❌ Failed processing PPC-ST2 Tablet: page.goto: Could not resolve hostname
Call log:
[2m  - navigating to "https://flmtra.com/?a=659&oc=858&c=2210&s1=", waiting until "networkidle"[22m

[ppc-st2][Tablet - Safari] 
✅ Execution successfully processed! {
  success: false,
  error: 'page.goto: Could not resolve hostname\n' +
    'Call log:\n' +
    '\x1B[2m  - navigating to "https://flmtra.com/?a=659&oc=858&c=2210&s1=", waiting until "networkidle"\x1B[22m\n',
  brand: 'PPC-ST2 Tablet'
}
[ppc-st2][Tablet - Safari] 📋 Trace report successfully saved: traces/ppc-st2_tablet.zip
✅ [18/5/2026, 1:25:50 pm] COMPLETED: ppc-st2 [Tablet - Safari][WEBKIT]

================================================================
🚀 [18/5/2026, 1:25:50 pm] RUNNING: PPC-ST2 [TABLET - CHROME]
🔗 Target URL: https://flmtra.com/?a=659&oc=858&c=2210&s1=
================================================================
[ppc-st2][Tablet - Chrome] 🔌 [Browser Interceptor] Intercepting and optimizing engine: CHROMIUM
[ppc-st2][Tablet - Chrome] ◇ injected env (0) from .env // tip: ⌘ custom filepath { path: '/custom/path/.env' }
[ppc-st2][Tablet - Chrome] ◇ injected env (0) from .env // tip: ◈ encrypted .env [www.dotenvx.com]
[ppc-st2][Tablet - Chrome] ◇ injected env (0) from .env // tip: ⌘ custom filepath { path: '/custom/path/.env' }
[ppc-st2][Tablet - Chrome] ◇ injected env (0) from .env // tip: ⌁ auth for agents [www.vestauth.com]
[ppc-st2][Tablet - Chrome] ◇ injected env (0) from .env // tip: ⌘ enable debugging { debug: true }
[ppc-st2][Tablet - Chrome] 
🤖 ================================================================
🤖 MASTER RUNNER: LAUNCHING PPC-ST2
[ppc-st2][Tablet - Chrome] 🤖 Mode:            TABLET
🤖 Tracking URL:     https://flmtra.com/?a=659&oc=858&c=2210&s1=
🤖 Target Sheet:    PPC-ST2
[ppc-st2][Tablet - Chrome] 🤖 ================================================================
[ppc-st2][Tablet - Chrome] 🔌 [Browser Interceptor] Intercepting and optimizing engine: CHROMIUM
[ppc-st2][Tablet - Chrome] 📋 Emulated Device Profile: TABLET (iPad Pro 11) - [Tablet - Chrome]
[ppc-st2][Tablet - Chrome] ⏳ Delaying 200ms to allow responsive layouts to mount...
[ppc-st2][Tablet - Chrome] 🔄 Processing lead for brand: PPC-ST2 Tablet
[ppc-st2][Tablet - Chrome] 📊 Campaign execution run index: 98
[ppc-st2][Tablet - Chrome] 🎯 Enforcing dynamic credentials & parameters:
   - First Name:   ckmtestpixel
   - Last Name:    ckmtestpixel
   - Email:        ckmtestpixel@gmail.com
   - Phone Number: 401-247-1098
   - Slider Value: 4,624
   - State Value:  Wisconsin (WI)
[ppc-st2][Tablet - Chrome] 🔗 [Mobile] Navigating to: https://flmtra.com/?a=659&oc=858&c=2210&s1=
[ppc-st2][Tablet - Chrome] [STDERR] ❌ Failed processing PPC-ST2 Tablet: page.goto: net::ERR_INTERNET_DISCONNECTED at https://flmtra.com/?a=659&oc=858&c=2210&s1=
Call log:
[2m  - navigating to "https://flmtra.com/?a=659&oc=858&c=2210&s1=", waiting until "networkidle"[22m

[ppc-st2][Tablet - Chrome] 
✅ Execution successfully processed! {
  success: false,
  error: 'page.goto: net::ERR_INTERNET_DISCONNECTED at https://flmtra.com/?a=659&oc=858&c=2210&s1=\n' +
    'Call log:\n' +
    '\x1B[2m  - navigating to "https://flmtra.com/?a=659&oc=858&c=2210&s1=", waiting until "networkidle"\x1B[22m\n',
  brand: 'PPC-ST2 Tablet'
}
[ppc-st2][Tablet - Chrome] 📋 Trace report successfully saved: traces/ppc-st2_tablet.zip
✅ [18/5/2026, 1:25:56 pm] COMPLETED: ppc-st2 [Tablet - Chrome][CHROMIUM]

================================================================
🚀 [18/5/2026, 1:25:56 pm] RUNNING: PPC-ST2 [WINDOWS - CHROME]
🔗 Target URL: https://flmtra.com/?a=659&oc=858&c=2210&s1=
================================================================
[ppc-st2][Windows - Chrome] 🔌 [Browser Interceptor] Intercepting and optimizing engine: CHROMIUM
[ppc-st2][Windows - Chrome] ◇ injected env (0) from .env // tip: ⌘ custom filepath { path: '/custom/path/.env' }
[ppc-st2][Windows - Chrome] ◇ injected env (0) from .env // tip: ⌘ custom filepath { path: '/custom/path/.env' }
[ppc-st2][Windows - Chrome] ◇ injected env (0) from .env // tip: ⌘ enable debugging { debug: true }
[ppc-st2][Windows - Chrome] ◇ injected env (0) from .env // tip: ⌘ custom filepath { path: '/custom/path/.env' }
[ppc-st2][Windows - Chrome] ◇ injected env (0) from .env // tip: ◈ secrets for agents [www.dotenvx.com]
[ppc-st2][Windows - Chrome] 
🤖 ================================================================
🤖 MASTER RUNNER: LAUNCHING PPC-ST2
[ppc-st2][Windows - Chrome] 🤖 Mode:            DESKTOP
🤖 Tracking URL:     https://flmtra.com/?a=659&oc=858&c=2210&s1=
🤖 Target Sheet:    PPC-ST2
🤖 ================================================================
[ppc-st2][Windows - Chrome] 🔌 [Browser Interceptor] Intercepting and optimizing engine: CHROMIUM
[ppc-st2][Windows - Chrome] 💻 Emulated Device Profile: DESKTOP - [Windows - Chrome]
[ppc-st2][Windows - Chrome] 🔄 Processing lead for brand: PPC-ST2
[ppc-st2][Windows - Chrome] 📊 Campaign execution run index: 99
[ppc-st2][Windows - Chrome] 🎯 Enforcing dynamic credentials & parameters:
   - First Name:   ckmtestpixel
   - Last Name:    ckmtestpixel
   - Email:        ckmtestpixel@gmail.com
[ppc-st2][Windows - Chrome]    - Phone Number: 401-247-1099
   - Slider Value: 6,231
   - State Value:  Wyoming (WY)
[ppc-st2][Windows - Chrome] 🔗 Navigating to: https://flmtra.com/?a=659&oc=858&c=2210&s1=
[ppc-st2][Windows - Chrome] [STDERR] ❌ Failed processing PPC-ST2: page.goto: net::ERR_INTERNET_DISCONNECTED at https://flmtra.com/?a=659&oc=858&c=2210&s1=
Call log:
[2m  - navigating to "https://flmtra.com/?a=659&oc=858&c=2210&s1=", waiting until "networkidle"[22m

[ppc-st2][Windows - Chrome] 
✅ Execution successfully processed! {
  success: false,
  error: 'page.goto: net::ERR_INTERNET_DISCONNECTED at https://flmtra.com/?a=659&oc=858&c=2210&s1=\n' +
    'Call log:\n' +
    '\x1B[2m  - navigating to "https://flmtra.com/?a=659&oc=858&c=2210&s1=", waiting until "networkidle"\x1B[22m\n',
  brand: 'PPC-ST2'
}
[ppc-st2][Windows - Chrome] 📋 Trace report successfully saved: traces/ppc-st2_desktop.zip
✅ [18/5/2026, 1:26:02 pm] COMPLETED: ppc-st2 [Windows - Chrome][CHROMIUM]

================================================================
🚀 [18/5/2026, 1:26:02 pm] RUNNING: PPC-ST2 [WINDOWS - FIREFOX]
🔗 Target URL: https://flmtra.com/?a=659&oc=858&c=2210&s1=
================================================================
[ppc-st2][Windows - Firefox] 🔌 [Browser Interceptor] Intercepting and optimizing engine: FIREFOX
[ppc-st2][Windows - Firefox] ◇ injected env (0) from .env // tip: ⌘ override existing { override: true }
[ppc-st2][Windows - Firefox] ◇ injected env (0) from .env // tip: ⌘ multiple files { path: ['.env.local', '.env'] }
[ppc-st2][Windows - Firefox] ◇ injected env (0) from .env // tip: ⌘ multiple files { path: ['.env.local', '.env'] }
[ppc-st2][Windows - Firefox] ◇ injected env (0) from .env // tip: ⌘ suppress logs { quiet: true }
[ppc-st2][Windows - Firefox] ◇ injected env (0) from .env // tip: ⌘ suppress logs { quiet: true }
[ppc-st2][Windows - Firefox] 
🤖 ================================================================
[ppc-st2][Windows - Firefox] 🤖 MASTER RUNNER: LAUNCHING PPC-ST2
🤖 Mode:            DESKTOP
[ppc-st2][Windows - Firefox] 🤖 Tracking URL:     https://flmtra.com/?a=659&oc=858&c=2210&s1=
[ppc-st2][Windows - Firefox] 🤖 Target Sheet:    PPC-ST2
[ppc-st2][Windows - Firefox] 🤖 ================================================================
[ppc-st2][Windows - Firefox] 🔌 [Browser Interceptor] Intercepting and optimizing engine: FIREFOX
[ppc-st2][Windows - Firefox] 💻 Emulated Device Profile: DESKTOP - [Windows - Firefox]
[ppc-st2][Windows - Firefox] 🔌 [Browser Interceptor] Sanitizing mobile context options for Firefox emulation...
🔌 [Browser Interceptor] Sanitizing mobile context options for Firefox emulation...
[ppc-st2][Windows - Firefox] 🔄 Processing lead for brand: PPC-ST2
[ppc-st2][Windows - Firefox] 📊 Campaign execution run index: 100
[ppc-st2][Windows - Firefox] 🎯 Enforcing dynamic credentials & parameters:
   - First Name:   ckmtestpixel
[ppc-st2][Windows - Firefox]    - Last Name:    ckmtestpixel
   - Email:        ckmtestpixel@gmail.com
   - Phone Number: 401-247-1100
   - Slider Value: 9,727
   - State Value:  Alabama (AL)
[ppc-st2][Windows - Firefox] 🔗 Navigating to: https://flmtra.com/?a=659&oc=858&c=2210&s1=
[ppc-st2][Windows - Firefox] [STDERR] ❌ Failed processing PPC-ST2: page.goto: NS_ERROR_UNKNOWN_HOST
Call log:
[2m  - navigating to "https://flmtra.com/?a=659&oc=858&c=2210&s1=", waiting until "networkidle"[22m

[ppc-st2][Windows - Firefox] 
✅ Execution successfully processed! {
  success: false,
  error: 'page.goto: NS_ERROR_UNKNOWN_HOST\n' +
    'Call log:\n' +
    '\x1B[2m  - navigating to "https://flmtra.com/?a=659&oc=858&c=2210&s1=", waiting until "networkidle"\x1B[22m\n',
  brand: 'PPC-ST2'
}
[ppc-st2][Windows - Firefox] 📋 Trace report successfully saved: traces/ppc-st2_desktop.zip
✅ [18/5/2026, 1:26:11 pm] COMPLETED: ppc-st2 [Windows - Firefox][FIREFOX]

================================================================
🚀 [18/5/2026, 1:26:11 pm] RUNNING: PPC-ST2 [MAC - SAFARI]
🔗 Target URL: https://flmtra.com/?a=659&oc=858&c=2210&s1=
================================================================
[ppc-st2][MAC - Safari] 🔌 [Browser Interceptor] Intercepting and optimizing engine: WEBKIT
[ppc-st2][MAC - Safari] ◇ injected env (0) from .env // tip: ⌘ suppress logs { quiet: true }
[ppc-st2][MAC - Safari] ◇ injected env (0) from .env // tip: ⌘ suppress logs { quiet: true }
[ppc-st2][MAC - Safari] ◇ injected env (0) from .env // tip: ⌘ enable debugging { debug: true }
[ppc-st2][MAC - Safari] ◇ injected env (0) from .env // tip: ⌘ suppress logs { quiet: true }
[ppc-st2][MAC - Safari] ◇ injected env (0) from .env // tip: ⌘ suppress logs { quiet: true }
[ppc-st2][MAC - Safari] 
🤖 ================================================================
🤖 MASTER RUNNER: LAUNCHING PPC-ST2
[ppc-st2][MAC - Safari] 🤖 Mode:            DESKTOP
🤖 Tracking URL:     https://flmtra.com/?a=659&oc=858&c=2210&s1=
[ppc-st2][MAC - Safari] 🤖 Target Sheet:    PPC-ST2
🤖 ================================================================
[ppc-st2][MAC - Safari] 🔌 [Browser Interceptor] Intercepting and optimizing engine: WEBKIT
[ppc-st2][MAC - Safari] 💻 Emulated Device Profile: DESKTOP - [MAC - Safari]
[ppc-st2][MAC - Safari] 🔄 Processing lead for brand: PPC-ST2
[ppc-st2][MAC - Safari] 📊 Campaign execution run index: 101
[ppc-st2][MAC - Safari] 🎯 Enforcing dynamic credentials & parameters:
   - First Name:   ckmtestpixel
[ppc-st2][MAC - Safari]    - Last Name:    ckmtestpixel
   - Email:        ckmtestpixel@gmail.com
   - Phone Number: 401-247-1101
   - Slider Value: 19,653
   - State Value:  Alaska (AK)
[ppc-st2][MAC - Safari] 🔗 Navigating to: https://flmtra.com/?a=659&oc=858&c=2210&s1=
[ppc-st2][MAC - Safari] [STDERR] ❌ Failed processing PPC-ST2: page.goto: Could not resolve hostname
Call log:
[2m  - navigating to "https://flmtra.com/?a=659&oc=858&c=2210&s1=", waiting until "networkidle"[22m

[ppc-st2][MAC - Safari] 
✅ Execution successfully processed! {
  success: false,
  error: 'page.goto: Could not resolve hostname\n' +
    'Call log:\n' +
    '\x1B[2m  - navigating to "https://flmtra.com/?a=659&oc=858&c=2210&s1=", waiting until "networkidle"\x1B[22m\n',
  brand: 'PPC-ST2'
}
[ppc-st2][MAC - Safari] 📋 Trace report successfully saved: traces/ppc-st2_desktop.zip
✅ [18/5/2026, 1:26:17 pm] COMPLETED: ppc-st2 [MAC - Safari][WEBKIT]

================================================================
🚀 [18/5/2026, 1:26:17 pm] RUNNING: PPC-ST2 [MAC - CHROME]
🔗 Target URL: https://flmtra.com/?a=659&oc=858&c=2210&s1=
================================================================
[ppc-st2][MAC - Chrome] 🔌 [Browser Interceptor] Intercepting and optimizing engine: CHROMIUM
[ppc-st2][MAC - Chrome] ◇ injected env (0) from .env // tip: ⌘ override existing { override: true }
[ppc-st2][MAC - Chrome] ◇ injected env (0) from .env // tip: ⌘ suppress logs { quiet: true }
[ppc-st2][MAC - Chrome] ◇ injected env (0) from .env // tip: ◈ encrypted .env [www.dotenvx.com]
[ppc-st2][MAC - Chrome] ◇ injected env (0) from .env // tip: ⌁ auth for agents [www.vestauth.com]
[ppc-st2][MAC - Chrome] ◇ injected env (0) from .env // tip: ◈ secrets for agents [www.dotenvx.com]
[ppc-st2][MAC - Chrome] 
🤖 ================================================================
🤖 MASTER RUNNER: LAUNCHING PPC-ST2
[ppc-st2][MAC - Chrome] 🤖 Mode:            DESKTOP
🤖 Tracking URL:     https://flmtra.com/?a=659&oc=858&c=2210&s1=
🤖 Target Sheet:    PPC-ST2
[ppc-st2][MAC - Chrome] 🤖 ================================================================
[ppc-st2][MAC - Chrome] 🔌 [Browser Interceptor] Intercepting and optimizing engine: CHROMIUM
[ppc-st2][MAC - Chrome] 💻 Emulated Device Profile: DESKTOP - [MAC - Chrome]
[ppc-st2][MAC - Chrome] 🔄 Processing lead for brand: PPC-ST2
[ppc-st2][MAC - Chrome] 📊 Campaign execution run index: 102
[ppc-st2][MAC - Chrome] 🎯 Enforcing dynamic credentials & parameters:
   - First Name:   ckmtestpixel
   - Last Name:    ckmtestpixel
   - Email:        ckmtestpixel@gmail.com
   - Phone Number: 401-247-1102
   - Slider Value: 22,677
   - State Value:  Arizona (AZ)
[ppc-st2][MAC - Chrome] 🔗 Navigating to: https://flmtra.com/?a=659&oc=858&c=2210&s1=
[ppc-st2][MAC - Chrome] [STDERR] ❌ Failed processing PPC-ST2: page.goto: net::ERR_INTERNET_DISCONNECTED at https://flmtra.com/?a=659&oc=858&c=2210&s1=
Call log:
[2m  - navigating to "https://flmtra.com/?a=659&oc=858&c=2210&s1=", waiting until "networkidle"[22m

[ppc-st2][MAC - Chrome] 
✅ Execution successfully processed! {
  success: false,
  error: 'page.goto: net::ERR_INTERNET_DISCONNECTED at https://flmtra.com/?a=659&oc=858&c=2210&s1=\n' +
    'Call log:\n' +
    '\x1B[2m  - navigating to "https://flmtra.com/?a=659&oc=858&c=2210&s1=", waiting until "networkidle"\x1B[22m\n',
  brand: 'PPC-ST2'
}
[ppc-st2][MAC - Chrome] 📋 Trace report successfully saved: traces/ppc-st2_desktop.zip
✅ [18/5/2026, 1:26:23 pm] COMPLETED: ppc-st2 [MAC - Chrome][CHROMIUM]

================================================================
🚀 [18/5/2026, 1:26:23 pm] RUNNING: PPC-ST2 [DIRECT API]
🔗 Target URL: https://flmtra.com/?a=659&oc=858&c=2210&s1=
================================================================
[ppc-st2][Direct API] 🔌 [Browser Interceptor] Intercepting and optimizing engine: CHROMIUM
[ppc-st2][Direct API] ◇ injected env (0) from .env // tip: ◈ secrets for agents [www.dotenvx.com]
[ppc-st2][Direct API] ◇ injected env (0) from .env // tip: ⌘ suppress logs { quiet: true }
[ppc-st2][Direct API] ◇ injected env (0) from .env // tip: ⌘ override existing { override: true }
[ppc-st2][Direct API] ◇ injected env (0) from .env // tip: ⌁ auth for agents [www.vestauth.com]
[ppc-st2][Direct API] ◇ injected env (0) from .env // tip: ◈ secrets for agents [www.dotenvx.com]
[ppc-st2][Direct API] 
🤖 ================================================================
[ppc-st2][Direct API] 🤖 MASTER RUNNER: LAUNCHING PPC-ST2
🤖 Mode:            API
[ppc-st2][Direct API] 🤖 Tracking URL:     https://flmtra.com/?a=659&oc=858&c=2210&s1=
[ppc-st2][Direct API] 🤖 Target Sheet:    PPC-ST2
[ppc-st2][Direct API] 🤖 ================================================================
[ppc-st2][Direct API] 🔌 [Browser Interceptor] Intercepting and optimizing engine: CHROMIUM
[ppc-st2][Direct API] 📡 Initializing direct HTTP automation context (NO BROWSER)...
[ppc-st2][Direct API] 📡 Dispatching direct API POST request payload...
[ppc-st2][Direct API] 📡 [API Mode] Executing direct headless form processor for PPC-ST2...
[ppc-st2][Direct API] 🔌 [Browser Interceptor] Intercepting and optimizing engine: CHROMIUM
[ppc-st2][Direct API] 🔄 Processing lead for brand: PPC-ST2
[ppc-st2][Direct API] 📊 Campaign execution run index: 14
[ppc-st2][Direct API] 🎯 Enforcing dynamic credentials & parameters:
   - First Name:   ckmtestpixel
   - Last Name:    ckmtestpixel
   - Email:        ckmtestpixel@gmail.com
   - Phone Number: 401-247-1014
[ppc-st2][Direct API]    - Slider Value: 3,455
   - State Value:  Iowa (IA)
[ppc-st2][Direct API] 🔗 Navigating to: https://flmtra.com/?a=659&oc=858&c=2210&s1=
[ppc-st2][Direct API] [STDERR] ❌ Failed processing PPC-ST2: page.goto: net::ERR_INTERNET_DISCONNECTED at https://flmtra.com/?a=659&oc=858&c=2210&s1=
Call log:
[2m  - navigating to "https://flmtra.com/?a=659&oc=858&c=2210&s1=", waiting until "networkidle"[22m

[ppc-st2][Direct API] 
✅ Direct API Automation Completed Successfully!
[ppc-st2][Direct API] 📋 Response Object: {
  "success": false,
  "error": "page.goto: net::ERR_INTERNET_DISCONNECTED at https://flmtra.com/?a=659&oc=858&c=2210&s1=\nCall log:\n\u001b[2m  - navigating to \"https://flmtra.com/?a=659&oc=858&c=2210&s1=\", waiting until \"networkidle\"\u001b[22m\n",
  "brand": "PPC-ST2"
}
✅ [18/5/2026, 1:26:25 pm] COMPLETED: ppc-st2 [Direct API][CHROMIUM]

================================================================
⚡ Processing Campaign Matrix: [PPC-M-CA]
================================================================

================================================================
🚀 [18/5/2026, 1:26:25 pm] RUNNING: PPC-M-CA [ANDROID - CHROME]
🔗 Target URL: https://flmtra.com/?a=659&oc=822&c=2210&s1=
================================================================
[ppc-m-ca][Android - Chrome] 🔌 [Browser Interceptor] Intercepting and optimizing engine: CHROMIUM
[ppc-m-ca][Android - Chrome] ◇ injected env (0) from .env // tip: ⌁ auth for agents [www.vestauth.com]
[ppc-m-ca][Android - Chrome] ◇ injected env (0) from .env // tip: ⌁ auth for agents [www.vestauth.com]
[ppc-m-ca][Android - Chrome] ◇ injected env (0) from .env // tip: ⌘ custom filepath { path: '/custom/path/.env' }
[ppc-m-ca][Android - Chrome] ◇ injected env (0) from .env // tip: ◈ secrets for agents [www.dotenvx.com]
[ppc-m-ca][Android - Chrome] ◇ injected env (0) from .env // tip: ⌘ override existing { override: true }
[ppc-m-ca][Android - Chrome] 
🤖 ================================================================
🤖 MASTER RUNNER: LAUNCHING PPC-M-CA
[ppc-m-ca][Android - Chrome] 🤖 Mode:            MOBILE
🤖 Tracking URL:     https://flmtra.com/?a=659&oc=822&c=2210&s1=
[ppc-m-ca][Android - Chrome] 🤖 Target Sheet:    PPC-M/CA
🤖 ================================================================
[ppc-m-ca][Android - Chrome] 🔌 [Browser Interceptor] Intercepting and optimizing engine: CHROMIUM
[ppc-m-ca][Android - Chrome] 📋 Emulated Device Profile: MOBILE (Pixel 7) - [Android - Chrome]
[ppc-m-ca][Android - Chrome] ⏳ Delaying 200ms to allow responsive layouts to mount...
[ppc-m-ca][Android - Chrome] 🔄 Processing lead for brand: PPC-M-CA Mobile
[ppc-m-ca][Android - Chrome] 📊 Campaign execution run index: 60
[ppc-m-ca][Android - Chrome] 🎯 Enforcing dynamic credentials & parameters:
   - First Name:   ckmtestpixel
   - Last Name:    ckmtestpixel
   - Email:        ckmtestpixel@gmail.com
   - Phone Number: 401-247-1060
   - Slider Value: 42,677
   - State Value:  Hawaii (HI)
[ppc-m-ca][Android - Chrome] 🔗 [Mobile] Navigating to: https://flmtra.com/?a=659&oc=822&c=2210&s1=
[ppc-m-ca][Android - Chrome] [STDERR] ❌ Failed processing PPC-M-CA Mobile: page.goto: net::ERR_INTERNET_DISCONNECTED at https://flmtra.com/?a=659&oc=822&c=2210&s1=
Call log:
[2m  - navigating to "https://flmtra.com/?a=659&oc=822&c=2210&s1=", waiting until "networkidle"[22m

[ppc-m-ca][Android - Chrome] 
✅ Execution successfully processed! {
  success: false,
  error: 'page.goto: net::ERR_INTERNET_DISCONNECTED at https://flmtra.com/?a=659&oc=822&c=2210&s1=\n' +
    'Call log:\n' +
    '\x1B[2m  - navigating to "https://flmtra.com/?a=659&oc=822&c=2210&s1=", waiting until "networkidle"\x1B[22m\n',
  brand: 'PPC-M-CA Mobile'
}
[ppc-m-ca][Android - Chrome] 📋 Trace report successfully saved: traces/ppc-m-ca_mobile.zip
✅ [18/5/2026, 1:26:31 pm] COMPLETED: ppc-m-ca [Android - Chrome][CHROMIUM]

================================================================
🚀 [18/5/2026, 1:26:31 pm] RUNNING: PPC-M-CA [ANDROID - FIREFOX]
🔗 Target URL: https://flmtra.com/?a=659&oc=822&c=2210&s1=
================================================================
[ppc-m-ca][Android - Firefox] 🔌 [Browser Interceptor] Intercepting and optimizing engine: FIREFOX
[ppc-m-ca][Android - Firefox] ◇ injected env (0) from .env // tip: ⌁ auth for agents [www.vestauth.com]
[ppc-m-ca][Android - Firefox] ◇ injected env (0) from .env // tip: ⌘ custom filepath { path: '/custom/path/.env' }
[ppc-m-ca][Android - Firefox] ◇ injected env (0) from .env // tip: ⌘ custom filepath { path: '/custom/path/.env' }
[ppc-m-ca][Android - Firefox] ◇ injected env (0) from .env // tip: ⌘ custom filepath { path: '/custom/path/.env' }
[ppc-m-ca][Android - Firefox] ◇ injected env (0) from .env // tip: ⌘ custom filepath { path: '/custom/path/.env' }
[ppc-m-ca][Android - Firefox] 
🤖 ================================================================
[ppc-m-ca][Android - Firefox] 🤖 MASTER RUNNER: LAUNCHING PPC-M-CA
🤖 Mode:            MOBILE
🤖 Tracking URL:     https://flmtra.com/?a=659&oc=822&c=2210&s1=
[ppc-m-ca][Android - Firefox] 🤖 Target Sheet:    PPC-M/CA
🤖 ================================================================
[ppc-m-ca][Android - Firefox] 🔌 [Browser Interceptor] Intercepting and optimizing engine: FIREFOX
[ppc-m-ca][Android - Firefox] 📋 Emulated Device Profile: MOBILE (Pixel 7) - [Android - Firefox]
[ppc-m-ca][Android - Firefox] 🔌 [Browser Interceptor] Sanitizing mobile context options for Firefox emulation...
🔌 [Browser Interceptor] Sanitizing mobile context options for Firefox emulation...
[ppc-m-ca][Android - Firefox] ⏳ Delaying 200ms to allow responsive layouts to mount...
[ppc-m-ca][Android - Firefox] 🔄 Processing lead for brand: PPC-M-CA Mobile
[ppc-m-ca][Android - Firefox] 📊 Campaign execution run index: 61
[ppc-m-ca][Android - Firefox] 🎯 Enforcing dynamic credentials & parameters:
   - First Name:   ckmtestpixel
[ppc-m-ca][Android - Firefox]    - Last Name:    ckmtestpixel
   - Email:        ckmtestpixel@gmail.com
   - Phone Number: 401-247-1061
   - Slider Value: 94,016
   - State Value:  Idaho (ID)
[ppc-m-ca][Android - Firefox] 🔗 [Mobile] Navigating to: https://flmtra.com/?a=659&oc=822&c=2210&s1=
[ppc-m-ca][Android - Firefox] [STDERR] ❌ Failed processing PPC-M-CA Mobile: page.goto: NS_ERROR_UNKNOWN_HOST
Call log:
[2m  - navigating to "https://flmtra.com/?a=659&oc=822&c=2210&s1=", waiting until "networkidle"[22m

[ppc-m-ca][Android - Firefox] 
✅ Execution successfully processed! {
  success: false,
  error: 'page.goto: NS_ERROR_UNKNOWN_HOST\n' +
    'Call log:\n' +
    '\x1B[2m  - navigating to "https://flmtra.com/?a=659&oc=822&c=2210&s1=", waiting until "networkidle"\x1B[22m\n',
  brand: 'PPC-M-CA Mobile'
}
[ppc-m-ca][Android - Firefox] 📋 Trace report successfully saved: traces/ppc-m-ca_mobile.zip
✅ [18/5/2026, 1:26:40 pm] COMPLETED: ppc-m-ca [Android - Firefox][FIREFOX]

================================================================
🚀 [18/5/2026, 1:26:40 pm] RUNNING: PPC-M-CA [IOS - CHROME]
🔗 Target URL: https://flmtra.com/?a=659&oc=822&c=2210&s1=
================================================================
[ppc-m-ca][iOS - Chrome] 🔌 [Browser Interceptor] Intercepting and optimizing engine: CHROMIUM
[ppc-m-ca][iOS - Chrome] ◇ injected env (0) from .env // tip: ⌘ custom filepath { path: '/custom/path/.env' }
[ppc-m-ca][iOS - Chrome] ◇ injected env (0) from .env // tip: ⌘ multiple files { path: ['.env.local', '.env'] }
[ppc-m-ca][iOS - Chrome] ◇ injected env (0) from .env // tip: ⌁ auth for agents [www.vestauth.com]
[ppc-m-ca][iOS - Chrome] ◇ injected env (0) from .env // tip: ⌘ custom filepath { path: '/custom/path/.env' }
[ppc-m-ca][iOS - Chrome] ◇ injected env (0) from .env // tip: ⌘ multiple files { path: ['.env.local', '.env'] }
[ppc-m-ca][iOS - Chrome] 
🤖 ================================================================
[ppc-m-ca][iOS - Chrome] 🤖 MASTER RUNNER: LAUNCHING PPC-M-CA
🤖 Mode:            MOBILE
[ppc-m-ca][iOS - Chrome] 🤖 Tracking URL:     https://flmtra.com/?a=659&oc=822&c=2210&s1=
🤖 Target Sheet:    PPC-M/CA
🤖 ================================================================
[ppc-m-ca][iOS - Chrome] 🔌 [Browser Interceptor] Intercepting and optimizing engine: CHROMIUM
[ppc-m-ca][iOS - Chrome] 📋 Emulated Device Profile: MOBILE (iPhone 17 Pro Mode) - [iOS - Chrome]
[ppc-m-ca][iOS - Chrome] ⏳ Delaying 200ms to allow responsive layouts to mount...
[ppc-m-ca][iOS - Chrome] 🔄 Processing lead for brand: PPC-M-CA Mobile
[ppc-m-ca][iOS - Chrome] 📊 Campaign execution run index: 62
[ppc-m-ca][iOS - Chrome] 🎯 Enforcing dynamic credentials & parameters:
   - First Name:   ckmtestpixel
   - Last Name:    ckmtestpixel
   - Email:        ckmtestpixel@gmail.com
   - Phone Number: 401-247-1062
   - Slider Value: 1,12,876
   - State Value:  Illinois (IL)
[ppc-m-ca][iOS - Chrome] 🔗 [Mobile] Navigating to: https://flmtra.com/?a=659&oc=822&c=2210&s1=
[ppc-m-ca][iOS - Chrome] [STDERR] ❌ Failed processing PPC-M-CA Mobile: page.goto: net::ERR_INTERNET_DISCONNECTED at https://flmtra.com/?a=659&oc=822&c=2210&s1=
Call log:
[2m  - navigating to "https://flmtra.com/?a=659&oc=822&c=2210&s1=", waiting until "networkidle"[22m

[ppc-m-ca][iOS - Chrome] 
✅ Execution successfully processed! {
  success: false,
  error: 'page.goto: net::ERR_INTERNET_DISCONNECTED at https://flmtra.com/?a=659&oc=822&c=2210&s1=\n' +
    'Call log:\n' +
    '\x1B[2m  - navigating to "https://flmtra.com/?a=659&oc=822&c=2210&s1=", waiting until "networkidle"\x1B[22m\n',
  brand: 'PPC-M-CA Mobile'
}
[ppc-m-ca][iOS - Chrome] 📋 Trace report successfully saved: traces/ppc-m-ca_mobile.zip
✅ [18/5/2026, 1:26:46 pm] COMPLETED: ppc-m-ca [iOS - Chrome][CHROMIUM]

================================================================
🚀 [18/5/2026, 1:26:46 pm] RUNNING: PPC-M-CA [IOS - SAFARI]
🔗 Target URL: https://flmtra.com/?a=659&oc=822&c=2210&s1=
================================================================
[ppc-m-ca][iOS - Safari] 🔌 [Browser Interceptor] Intercepting and optimizing engine: WEBKIT
[ppc-m-ca][iOS - Safari] ◇ injected env (0) from .env // tip: ⌘ suppress logs { quiet: true }
[ppc-m-ca][iOS - Safari] ◇ injected env (0) from .env // tip: ⌁ auth for agents [www.vestauth.com]
[ppc-m-ca][iOS - Safari] ◇ injected env (0) from .env // tip: ⌘ suppress logs { quiet: true }
[ppc-m-ca][iOS - Safari] ◇ injected env (0) from .env // tip: ⌘ multiple files { path: ['.env.local', '.env'] }
[ppc-m-ca][iOS - Safari] ◇ injected env (0) from .env // tip: ⌘ override existing { override: true }
[ppc-m-ca][iOS - Safari] 
🤖 ================================================================
🤖 MASTER RUNNER: LAUNCHING PPC-M-CA
[ppc-m-ca][iOS - Safari] 🤖 Mode:            MOBILE
🤖 Tracking URL:     https://flmtra.com/?a=659&oc=822&c=2210&s1=
🤖 Target Sheet:    PPC-M/CA
[ppc-m-ca][iOS - Safari] 🤖 ================================================================
[ppc-m-ca][iOS - Safari] 🔌 [Browser Interceptor] Intercepting and optimizing engine: WEBKIT
[ppc-m-ca][iOS - Safari] 📋 Emulated Device Profile: MOBILE (iPhone 17 Pro Mode) - [iOS - Safari]
[ppc-m-ca][iOS - Safari] ⏳ Delaying 200ms to allow responsive layouts to mount...
[ppc-m-ca][iOS - Safari] 🔄 Processing lead for brand: PPC-M-CA Mobile
[ppc-m-ca][iOS - Safari] 📊 Campaign execution run index: 63
[ppc-m-ca][iOS - Safari] 🎯 Enforcing dynamic credentials & parameters:
   - First Name:   ckmtestpixel
   - Last Name:    ckmtestpixel
   - Email:        ckmtestpixel@gmail.com
[ppc-m-ca][iOS - Safari]    - Phone Number: 401-247-1063
   - Slider Value: 1,689
   - State Value:  Indiana (IN)
[ppc-m-ca][iOS - Safari] 🔗 [Mobile] Navigating to: https://flmtra.com/?a=659&oc=822&c=2210&s1=
[ppc-m-ca][iOS - Safari] [STDERR] ❌ Failed processing PPC-M-CA Mobile: page.goto: Could not resolve hostname
Call log:
[2m  - navigating to "https://flmtra.com/?a=659&oc=822&c=2210&s1=", waiting until "networkidle"[22m

[ppc-m-ca][iOS - Safari] 
✅ Execution successfully processed! {
  success: false,
  error: 'page.goto: Could not resolve hostname\n' +
    'Call log:\n' +
    '\x1B[2m  - navigating to "https://flmtra.com/?a=659&oc=822&c=2210&s1=", waiting until "networkidle"\x1B[22m\n',
  brand: 'PPC-M-CA Mobile'
}
[ppc-m-ca][iOS - Safari] 📋 Trace report successfully saved: traces/ppc-m-ca_mobile.zip
✅ [18/5/2026, 1:26:52 pm] COMPLETED: ppc-m-ca [iOS - Safari][WEBKIT]

================================================================
🚀 [18/5/2026, 1:26:52 pm] RUNNING: PPC-M-CA [TABLET - SAFARI]
🔗 Target URL: https://flmtra.com/?a=659&oc=822&c=2210&s1=
================================================================
[ppc-m-ca][Tablet - Safari] 🔌 [Browser Interceptor] Intercepting and optimizing engine: WEBKIT
[ppc-m-ca][Tablet - Safari] ◇ injected env (0) from .env // tip: ◈ encrypted .env [www.dotenvx.com]
[ppc-m-ca][Tablet - Safari] ◇ injected env (0) from .env // tip: ⌘ custom filepath { path: '/custom/path/.env' }
[ppc-m-ca][Tablet - Safari] ◇ injected env (0) from .env // tip: ◈ encrypted .env [www.dotenvx.com]
[ppc-m-ca][Tablet - Safari] ◇ injected env (0) from .env // tip: ⌁ auth for agents [www.vestauth.com]
[ppc-m-ca][Tablet - Safari] ◇ injected env (0) from .env // tip: ⌘ override existing { override: true }
[ppc-m-ca][Tablet - Safari] 
🤖 ================================================================
🤖 MASTER RUNNER: LAUNCHING PPC-M-CA
[ppc-m-ca][Tablet - Safari] 🤖 Mode:            TABLET
🤖 Tracking URL:     https://flmtra.com/?a=659&oc=822&c=2210&s1=
🤖 Target Sheet:    PPC-M/CA
🤖 ================================================================
[ppc-m-ca][Tablet - Safari] 🔌 [Browser Interceptor] Intercepting and optimizing engine: WEBKIT
[ppc-m-ca][Tablet - Safari] 📋 Emulated Device Profile: TABLET (iPad Pro 11) - [Tablet - Safari]
[ppc-m-ca][Tablet - Safari] ⏳ Delaying 200ms to allow responsive layouts to mount...
[ppc-m-ca][Tablet - Safari] 🔄 Processing lead for brand: PPC-M-CA Tablet
[ppc-m-ca][Tablet - Safari] 📊 Campaign execution run index: 64
[ppc-m-ca][Tablet - Safari] 🎯 Enforcing dynamic credentials & parameters:
   - First Name:   ckmtestpixel
   - Last Name:    ckmtestpixel
   - Email:        ckmtestpixel@gmail.com
   - Phone Number: 401-247-1064
   - Slider Value: 6,435
   - State Value:  Iowa (IA)
[ppc-m-ca][Tablet - Safari] 🔗 [Mobile] Navigating to: https://flmtra.com/?a=659&oc=822&c=2210&s1=
[ppc-m-ca][Tablet - Safari] [STDERR] ❌ Failed processing PPC-M-CA Tablet: page.goto: Could not resolve hostname
Call log:
[2m  - navigating to "https://flmtra.com/?a=659&oc=822&c=2210&s1=", waiting until "networkidle"[22m

[ppc-m-ca][Tablet - Safari] 
✅ Execution successfully processed! {
  success: false,
  error: 'page.goto: Could not resolve hostname\n' +
    'Call log:\n' +
    '\x1B[2m  - navigating to "https://flmtra.com/?a=659&oc=822&c=2210&s1=", waiting until "networkidle"\x1B[22m\n',
  brand: 'PPC-M-CA Tablet'
}
[ppc-m-ca][Tablet - Safari] 📋 Trace report successfully saved: traces/ppc-m-ca_tablet.zip
✅ [18/5/2026, 1:26:59 pm] COMPLETED: ppc-m-ca [Tablet - Safari][WEBKIT]

================================================================
🚀 [18/5/2026, 1:26:59 pm] RUNNING: PPC-M-CA [TABLET - CHROME]
🔗 Target URL: https://flmtra.com/?a=659&oc=822&c=2210&s1=
================================================================
[ppc-m-ca][Tablet - Chrome] 🔌 [Browser Interceptor] Intercepting and optimizing engine: CHROMIUM
[ppc-m-ca][Tablet - Chrome] ◇ injected env (0) from .env // tip: ⌁ auth for agents [www.vestauth.com]
[ppc-m-ca][Tablet - Chrome] ◇ injected env (0) from .env // tip: ⌘ custom filepath { path: '/custom/path/.env' }
[ppc-m-ca][Tablet - Chrome] ◇ injected env (0) from .env // tip: ⌁ auth for agents [www.vestauth.com]
[ppc-m-ca][Tablet - Chrome] ◇ injected env (0) from .env // tip: ⌘ custom filepath { path: '/custom/path/.env' }
[ppc-m-ca][Tablet - Chrome] ◇ injected env (0) from .env // tip: ⌘ custom filepath { path: '/custom/path/.env' }
[ppc-m-ca][Tablet - Chrome] 
🤖 ================================================================
🤖 MASTER RUNNER: LAUNCHING PPC-M-CA
[ppc-m-ca][Tablet - Chrome] 🤖 Mode:            TABLET
🤖 Tracking URL:     https://flmtra.com/?a=659&oc=822&c=2210&s1=
[ppc-m-ca][Tablet - Chrome] 🤖 Target Sheet:    PPC-M/CA
🤖 ================================================================
[ppc-m-ca][Tablet - Chrome] 🔌 [Browser Interceptor] Intercepting and optimizing engine: CHROMIUM
[ppc-m-ca][Tablet - Chrome] 📋 Emulated Device Profile: TABLET (iPad Pro 11) - [Tablet - Chrome]
[ppc-m-ca][Tablet - Chrome] ⏳ Delaying 200ms to allow responsive layouts to mount...
[ppc-m-ca][Tablet - Chrome] 🔄 Processing lead for brand: PPC-M-CA Tablet
[ppc-m-ca][Tablet - Chrome] 📊 Campaign execution run index: 65
[ppc-m-ca][Tablet - Chrome] 🎯 Enforcing dynamic credentials & parameters:
   - First Name:   ckmtestpixel
   - Last Name:    ckmtestpixel
   - Email:        ckmtestpixel@gmail.com
   - Phone Number: 401-247-1065
   - Slider Value: 9,882
   - State Value:  Kansas (KS)
[ppc-m-ca][Tablet - Chrome] 🔗 [Mobile] Navigating to: https://flmtra.com/?a=659&oc=822&c=2210&s1=
[ppc-m-ca][Tablet - Chrome] [STDERR] ❌ Failed processing PPC-M-CA Tablet: page.goto: net::ERR_INTERNET_DISCONNECTED at https://flmtra.com/?a=659&oc=822&c=2210&s1=
Call log:
[2m  - navigating to "https://flmtra.com/?a=659&oc=822&c=2210&s1=", waiting until "networkidle"[22m

[ppc-m-ca][Tablet - Chrome] 
✅ Execution successfully processed! {
  success: false,
  error: 'page.goto: net::ERR_INTERNET_DISCONNECTED at https://flmtra.com/?a=659&oc=822&c=2210&s1=\n' +
    'Call log:\n' +
    '\x1B[2m  - navigating to "https://flmtra.com/?a=659&oc=822&c=2210&s1=", waiting until "networkidle"\x1B[22m\n',
  brand: 'PPC-M-CA Tablet'
}
[ppc-m-ca][Tablet - Chrome] 📋 Trace report successfully saved: traces/ppc-m-ca_tablet.zip
✅ [18/5/2026, 1:27:05 pm] COMPLETED: ppc-m-ca [Tablet - Chrome][CHROMIUM]

================================================================
🚀 [18/5/2026, 1:27:05 pm] RUNNING: PPC-M-CA [WINDOWS - CHROME]
🔗 Target URL: https://flmtra.com/?a=659&oc=822&c=2210&s1=
================================================================
[ppc-m-ca][Windows - Chrome] 🔌 [Browser Interceptor] Intercepting and optimizing engine: CHROMIUM
[ppc-m-ca][Windows - Chrome] ◇ injected env (0) from .env // tip: ⌘ suppress logs { quiet: true }
[ppc-m-ca][Windows - Chrome] ◇ injected env (0) from .env // tip: ◈ secrets for agents [www.dotenvx.com]
[ppc-m-ca][Windows - Chrome] ◇ injected env (0) from .env // tip: ◈ encrypted .env [www.dotenvx.com]
[ppc-m-ca][Windows - Chrome] ◇ injected env (0) from .env // tip: ⌘ override existing { override: true }
[ppc-m-ca][Windows - Chrome] ◇ injected env (0) from .env // tip: ⌘ custom filepath { path: '/custom/path/.env' }
[ppc-m-ca][Windows - Chrome] 
🤖 ================================================================
🤖 MASTER RUNNER: LAUNCHING PPC-M-CA
[ppc-m-ca][Windows - Chrome] 🤖 Mode:            DESKTOP
🤖 Tracking URL:     https://flmtra.com/?a=659&oc=822&c=2210&s1=
🤖 Target Sheet:    PPC-M/CA
🤖 ================================================================
[ppc-m-ca][Windows - Chrome] 🔌 [Browser Interceptor] Intercepting and optimizing engine: CHROMIUM
[ppc-m-ca][Windows - Chrome] 💻 Emulated Device Profile: DESKTOP - [Windows - Chrome]
[ppc-m-ca][Windows - Chrome] 🔄 Processing lead for brand: PPC-M-CA
[ppc-m-ca][Windows - Chrome] 📊 Campaign execution run index: 66
[ppc-m-ca][Windows - Chrome] 🎯 Enforcing dynamic credentials & parameters:
   - First Name:   ckmtestpixel
   - Last Name:    ckmtestpixel
   - Email:        ckmtestpixel@gmail.com
   - Phone Number: 401-247-1066
   - Slider Value: 12,478
[ppc-m-ca][Windows - Chrome]    - State Value:  Kentucky (KY)
[ppc-m-ca][Windows - Chrome] 🔗 Navigating to: https://flmtra.com/?a=659&oc=822&c=2210&s1=
[ppc-m-ca][Windows - Chrome] [STDERR] ❌ Failed processing PPC-M-CA: page.goto: net::ERR_INTERNET_DISCONNECTED at https://flmtra.com/?a=659&oc=822&c=2210&s1=
Call log:
[2m  - navigating to "https://flmtra.com/?a=659&oc=822&c=2210&s1=", waiting until "networkidle"[22m

[ppc-m-ca][Windows - Chrome] 
✅ Execution successfully processed! {
  success: false,
  error: 'page.goto: net::ERR_INTERNET_DISCONNECTED at https://flmtra.com/?a=659&oc=822&c=2210&s1=\n' +
    'Call log:\n' +
    '\x1B[2m  - navigating to "https://flmtra.com/?a=659&oc=822&c=2210&s1=", waiting until "networkidle"\x1B[22m\n',
  brand: 'PPC-M-CA'
}
[ppc-m-ca][Windows - Chrome] 📋 Trace report successfully saved: traces/ppc-m-ca_desktop.zip
✅ [18/5/2026, 1:27:11 pm] COMPLETED: ppc-m-ca [Windows - Chrome][CHROMIUM]

================================================================
🚀 [18/5/2026, 1:27:11 pm] RUNNING: PPC-M-CA [WINDOWS - FIREFOX]
🔗 Target URL: https://flmtra.com/?a=659&oc=822&c=2210&s1=
================================================================
[ppc-m-ca][Windows - Firefox] 🔌 [Browser Interceptor] Intercepting and optimizing engine: FIREFOX
[ppc-m-ca][Windows - Firefox] ◇ injected env (0) from .env // tip: ◈ encrypted .env [www.dotenvx.com]
[ppc-m-ca][Windows - Firefox] ◇ injected env (0) from .env // tip: ⌘ multiple files { path: ['.env.local', '.env'] }
[ppc-m-ca][Windows - Firefox] ◇ injected env (0) from .env // tip: ⌘ multiple files { path: ['.env.local', '.env'] }
[ppc-m-ca][Windows - Firefox] ◇ injected env (0) from .env // tip: ⌘ override existing { override: true }
[ppc-m-ca][Windows - Firefox] ◇ injected env (0) from .env // tip: ◈ encrypted .env [www.dotenvx.com]
[ppc-m-ca][Windows - Firefox] 
🤖 ================================================================
🤖 MASTER RUNNER: LAUNCHING PPC-M-CA
[ppc-m-ca][Windows - Firefox] 🤖 Mode:            DESKTOP
🤖 Tracking URL:     https://flmtra.com/?a=659&oc=822&c=2210&s1=
[ppc-m-ca][Windows - Firefox] 🤖 Target Sheet:    PPC-M/CA
🤖 ================================================================
[ppc-m-ca][Windows - Firefox] 🔌 [Browser Interceptor] Intercepting and optimizing engine: FIREFOX
[ppc-m-ca][Windows - Firefox] 💻 Emulated Device Profile: DESKTOP - [Windows - Firefox]
[ppc-m-ca][Windows - Firefox] 🔌 [Browser Interceptor] Sanitizing mobile context options for Firefox emulation...
🔌 [Browser Interceptor] Sanitizing mobile context options for Firefox emulation...
[ppc-m-ca][Windows - Firefox] 🔄 Processing lead for brand: PPC-M-CA
[ppc-m-ca][Windows - Firefox] 📊 Campaign execution run index: 67
[ppc-m-ca][Windows - Firefox] 🎯 Enforcing dynamic credentials & parameters:
   - First Name:   ckmtestpixel
   - Last Name:    ckmtestpixel
   - Email:        ckmtestpixel@gmail.com
[ppc-m-ca][Windows - Firefox]    - Phone Number: 401-247-1067
   - Slider Value: 43,109
   - State Value:  Louisiana (LA)
[ppc-m-ca][Windows - Firefox] 🔗 Navigating to: https://flmtra.com/?a=659&oc=822&c=2210&s1=
[ppc-m-ca][Windows - Firefox] [STDERR] ❌ Failed processing PPC-M-CA: page.goto: NS_ERROR_UNKNOWN_HOST
Call log:
[2m  - navigating to "https://flmtra.com/?a=659&oc=822&c=2210&s1=", waiting until "networkidle"[22m

[ppc-m-ca][Windows - Firefox] 
✅ Execution successfully processed! {
  success: false,
  error: 'page.goto: NS_ERROR_UNKNOWN_HOST\n' +
    'Call log:\n' +
    '\x1B[2m  - navigating to "https://flmtra.com/?a=659&oc=822&c=2210&s1=", waiting until "networkidle"\x1B[22m\n',
  brand: 'PPC-M-CA'
}
[ppc-m-ca][Windows - Firefox] 📋 Trace report successfully saved: traces/ppc-m-ca_desktop.zip
✅ [18/5/2026, 1:27:20 pm] COMPLETED: ppc-m-ca [Windows - Firefox][FIREFOX]

================================================================
🚀 [18/5/2026, 1:27:20 pm] RUNNING: PPC-M-CA [MAC - SAFARI]
🔗 Target URL: https://flmtra.com/?a=659&oc=822&c=2210&s1=
================================================================
[ppc-m-ca][MAC - Safari] 🔌 [Browser Interceptor] Intercepting and optimizing engine: WEBKIT
[ppc-m-ca][MAC - Safari] ◇ injected env (0) from .env // tip: ⌘ suppress logs { quiet: true }
[ppc-m-ca][MAC - Safari] ◇ injected env (0) from .env // tip: ⌘ override existing { override: true }
[ppc-m-ca][MAC - Safari] ◇ injected env (0) from .env // tip: ◈ secrets for agents [www.dotenvx.com]
[ppc-m-ca][MAC - Safari] ◇ injected env (0) from .env // tip: ◈ secrets for agents [www.dotenvx.com]
[ppc-m-ca][MAC - Safari] ◇ injected env (0) from .env // tip: ⌘ suppress logs { quiet: true }
[ppc-m-ca][MAC - Safari] 
🤖 ================================================================
🤖 MASTER RUNNER: LAUNCHING PPC-M-CA
[ppc-m-ca][MAC - Safari] 🤖 Mode:            DESKTOP
🤖 Tracking URL:     https://flmtra.com/?a=659&oc=822&c=2210&s1=
🤖 Target Sheet:    PPC-M/CA
🤖 ================================================================
[ppc-m-ca][MAC - Safari] 🔌 [Browser Interceptor] Intercepting and optimizing engine: WEBKIT
[ppc-m-ca][MAC - Safari] 💻 Emulated Device Profile: DESKTOP - [MAC - Safari]
[ppc-m-ca][MAC - Safari] 🔄 Processing lead for brand: PPC-M-CA
[ppc-m-ca][MAC - Safari] 📊 Campaign execution run index: 68
[ppc-m-ca][MAC - Safari] 🎯 Enforcing dynamic credentials & parameters:
   - First Name:   ckmtestpixel
   - Last Name:    ckmtestpixel
   - Email:        ckmtestpixel@gmail.com
   - Phone Number: 401-247-1068
   - Slider Value: 77,509
   - State Value:  Maine (ME)
[ppc-m-ca][MAC - Safari] 🔗 Navigating to: https://flmtra.com/?a=659&oc=822&c=2210&s1=
[ppc-m-ca][MAC - Safari] [STDERR] ❌ Failed processing PPC-M-CA: page.goto: Could not resolve hostname
Call log:
[2m  - navigating to "https://flmtra.com/?a=659&oc=822&c=2210&s1=", waiting until "networkidle"[22m

[ppc-m-ca][MAC - Safari] 
✅ Execution successfully processed! {
  success: false,
  error: 'page.goto: Could not resolve hostname\n' +
    'Call log:\n' +
    '\x1B[2m  - navigating to "https://flmtra.com/?a=659&oc=822&c=2210&s1=", waiting until "networkidle"\x1B[22m\n',
  brand: 'PPC-M-CA'
}
[ppc-m-ca][MAC - Safari] 📋 Trace report successfully saved: traces/ppc-m-ca_desktop.zip
✅ [18/5/2026, 1:27:26 pm] COMPLETED: ppc-m-ca [MAC - Safari][WEBKIT]

================================================================
🚀 [18/5/2026, 1:27:26 pm] RUNNING: PPC-M-CA [MAC - CHROME]
🔗 Target URL: https://flmtra.com/?a=659&oc=822&c=2210&s1=
================================================================
[ppc-m-ca][MAC - Chrome] 🔌 [Browser Interceptor] Intercepting and optimizing engine: CHROMIUM
[ppc-m-ca][MAC - Chrome] ◇ injected env (0) from .env // tip: ⌘ custom filepath { path: '/custom/path/.env' }
[ppc-m-ca][MAC - Chrome] ◇ injected env (0) from .env // tip: ⌘ custom filepath { path: '/custom/path/.env' }
[ppc-m-ca][MAC - Chrome] ◇ injected env (0) from .env // tip: ⌁ auth for agents [www.vestauth.com]
[ppc-m-ca][MAC - Chrome] ◇ injected env (0) from .env // tip: ◈ encrypted .env [www.dotenvx.com]
[ppc-m-ca][MAC - Chrome] ◇ injected env (0) from .env // tip: ⌘ multiple files { path: ['.env.local', '.env'] }
[ppc-m-ca][MAC - Chrome] 
🤖 ================================================================
🤖 MASTER RUNNER: LAUNCHING PPC-M-CA
[ppc-m-ca][MAC - Chrome] 🤖 Mode:            DESKTOP
🤖 Tracking URL:     https://flmtra.com/?a=659&oc=822&c=2210&s1=
🤖 Target Sheet:    PPC-M/CA
🤖 ================================================================
[ppc-m-ca][MAC - Chrome] 🔌 [Browser Interceptor] Intercepting and optimizing engine: CHROMIUM
[ppc-m-ca][MAC - Chrome] 💻 Emulated Device Profile: DESKTOP - [MAC - Chrome]
[ppc-m-ca][MAC - Chrome] 🔄 Processing lead for brand: PPC-M-CA
[ppc-m-ca][MAC - Chrome] 📊 Campaign execution run index: 69
[ppc-m-ca][MAC - Chrome] 🎯 Enforcing dynamic credentials & parameters:
   - First Name:   ckmtestpixel
   - Last Name:    ckmtestpixel
   - Email:        ckmtestpixel@gmail.com
   - Phone Number: 401-247-1069
   - Slider Value: 1,31,385
   - State Value:  Maryland (MD)
[ppc-m-ca][MAC - Chrome] 🔗 Navigating to: https://flmtra.com/?a=659&oc=822&c=2210&s1=
[ppc-m-ca][MAC - Chrome] [STDERR] ❌ Failed processing PPC-M-CA: page.goto: net::ERR_INTERNET_DISCONNECTED at https://flmtra.com/?a=659&oc=822&c=2210&s1=
Call log:
[2m  - navigating to "https://flmtra.com/?a=659&oc=822&c=2210&s1=", waiting until "networkidle"[22m

[ppc-m-ca][MAC - Chrome] 
✅ Execution successfully processed! {
  success: false,
  error: 'page.goto: net::ERR_INTERNET_DISCONNECTED at https://flmtra.com/?a=659&oc=822&c=2210&s1=\n' +
    'Call log:\n' +
    '\x1B[2m  - navigating to "https://flmtra.com/?a=659&oc=822&c=2210&s1=", waiting until "networkidle"\x1B[22m\n',
  brand: 'PPC-M-CA'
}
[ppc-m-ca][MAC - Chrome] 📋 Trace report successfully saved: traces/ppc-m-ca_desktop.zip
✅ [18/5/2026, 1:27:32 pm] COMPLETED: ppc-m-ca [MAC - Chrome][CHROMIUM]

================================================================
⚡ Processing Campaign Matrix: [PPC-CR]
================================================================

================================================================
🚀 [18/5/2026, 1:27:32 pm] RUNNING: PPC CR [ANDROID - CHROME]
🔗 Target URL: https://flmtra.com/?a=659&oc=848&c=2210&s1=
================================================================
[ppc-cr][Android - Chrome] 🔌 [Browser Interceptor] Intercepting and optimizing engine: CHROMIUM
[ppc-cr][Android - Chrome] ◇ injected env (0) from .env // tip: ◈ encrypted .env [www.dotenvx.com]
[ppc-cr][Android - Chrome] ◇ injected env (0) from .env // tip: ⌘ multiple files { path: ['.env.local', '.env'] }
[ppc-cr][Android - Chrome] ◇ injected env (0) from .env // tip: ◈ encrypted .env [www.dotenvx.com]
[ppc-cr][Android - Chrome] ◇ injected env (0) from .env // tip: ◈ secrets for agents [www.dotenvx.com]
[ppc-cr][Android - Chrome] ◇ injected env (0) from .env // tip: ◈ secrets for agents [www.dotenvx.com]
[ppc-cr][Android - Chrome] 
🤖 ================================================================
[ppc-cr][Android - Chrome] 🤖 MASTER RUNNER: LAUNCHING PPC CR
🤖 Mode:            MOBILE
[ppc-cr][Android - Chrome] 🤖 Tracking URL:     https://flmtra.com/?a=659&oc=848&c=2210&s1=
[ppc-cr][Android - Chrome] 🤖 Target Sheet:    PPC-CR
[ppc-cr][Android - Chrome] 🤖 ================================================================
[ppc-cr][Android - Chrome] 🔌 [Browser Interceptor] Intercepting and optimizing engine: CHROMIUM
[ppc-cr][Android - Chrome] 📋 Emulated Device Profile: MOBILE (Pixel 7) - [Android - Chrome]
[ppc-cr][Android - Chrome] ⏳ Delaying 200ms to allow responsive layouts to mount...
[ppc-cr][Android - Chrome] 🔄 Processing lead for brand: PPC CR Mobile
[ppc-cr][Android - Chrome] 📊 Campaign execution run index: 52
[ppc-cr][Android - Chrome] 🎯 Enforcing dynamic credentials & parameters:
   - First Name:   ckmtestpixel
   - Last Name:    ckmtestpixel
   - Email:        ckmtestpixel@gmail.com
   - Phone Number: 401-247-1052
   - Slider Value: 13,272
   - State Value:  Arizona (AZ)
[ppc-cr][Android - Chrome] 🔗 [Mobile] Navigating to: https://flmtra.com/?a=659&oc=848&c=2210&s1=
[ppc-cr][Android - Chrome] [STDERR] ❌ Failed processing PPC CR Mobile: page.goto: net::ERR_INTERNET_DISCONNECTED at https://flmtra.com/?a=659&oc=848&c=2210&s1=
Call log:
[2m  - navigating to "https://flmtra.com/?a=659&oc=848&c=2210&s1=", waiting until "networkidle"[22m

[ppc-cr][Android - Chrome] 
✅ Execution successfully processed! {
  success: false,
  error: 'page.goto: net::ERR_INTERNET_DISCONNECTED at https://flmtra.com/?a=659&oc=848&c=2210&s1=\n' +
    'Call log:\n' +
    '\x1B[2m  - navigating to "https://flmtra.com/?a=659&oc=848&c=2210&s1=", waiting until "networkidle"\x1B[22m\n',
  brand: 'PPC CR Mobile'
}
[ppc-cr][Android - Chrome] 📋 Trace report successfully saved: traces/ppc-cr_mobile.zip
✅ [18/5/2026, 1:27:38 pm] COMPLETED: ppc-cr [Android - Chrome][CHROMIUM]

================================================================
🚀 [18/5/2026, 1:27:38 pm] RUNNING: PPC CR [ANDROID - FIREFOX]
🔗 Target URL: https://flmtra.com/?a=659&oc=848&c=2210&s1=
================================================================
[ppc-cr][Android - Firefox] 🔌 [Browser Interceptor] Intercepting and optimizing engine: FIREFOX
[ppc-cr][Android - Firefox] ◇ injected env (0) from .env // tip: ⌘ suppress logs { quiet: true }
[ppc-cr][Android - Firefox] ◇ injected env (0) from .env // tip: ⌘ enable debugging { debug: true }
[ppc-cr][Android - Firefox] ◇ injected env (0) from .env // tip: ⌘ enable debugging { debug: true }
[ppc-cr][Android - Firefox] ◇ injected env (0) from .env // tip: ◈ secrets for agents [www.dotenvx.com]
[ppc-cr][Android - Firefox] ◇ injected env (0) from .env // tip: ⌘ override existing { override: true }
[ppc-cr][Android - Firefox] 
🤖 ================================================================
🤖 MASTER RUNNER: LAUNCHING PPC CR
🤖 Mode:            MOBILE
[ppc-cr][Android - Firefox] 🤖 Tracking URL:     https://flmtra.com/?a=659&oc=848&c=2210&s1=
🤖 Target Sheet:    PPC-CR
🤖 ================================================================
[ppc-cr][Android - Firefox] 🔌 [Browser Interceptor] Intercepting and optimizing engine: FIREFOX
[ppc-cr][Android - Firefox] 📋 Emulated Device Profile: MOBILE (Pixel 7) - [Android - Firefox]
[ppc-cr][Android - Firefox] 🔌 [Browser Interceptor] Sanitizing mobile context options for Firefox emulation...
🔌 [Browser Interceptor] Sanitizing mobile context options for Firefox emulation...
[ppc-cr][Android - Firefox] ⏳ Delaying 200ms to allow responsive layouts to mount...
[ppc-cr][Android - Firefox] 🔄 Processing lead for brand: PPC CR Mobile
[ppc-cr][Android - Firefox] 📊 Campaign execution run index: 53
[ppc-cr][Android - Firefox] 🎯 Enforcing dynamic credentials & parameters:
[ppc-cr][Android - Firefox]    - First Name:   ckmtestpixel
   - Last Name:    ckmtestpixel
   - Email:        ckmtestpixel@gmail.com
   - Phone Number: 401-247-1053
   - Slider Value: 23,213
   - State Value:  Arkansas (AR)
[ppc-cr][Android - Firefox] 🔗 [Mobile] Navigating to: https://flmtra.com/?a=659&oc=848&c=2210&s1=
[ppc-cr][Android - Firefox] [STDERR] ❌ Failed processing PPC CR Mobile: page.goto: NS_ERROR_UNKNOWN_HOST
Call log:
[2m  - navigating to "https://flmtra.com/?a=659&oc=848&c=2210&s1=", waiting until "networkidle"[22m

[ppc-cr][Android - Firefox] 
✅ Execution successfully processed! {
  success: false,
  error: 'page.goto: NS_ERROR_UNKNOWN_HOST\n' +
    'Call log:\n' +
    '\x1B[2m  - navigating to "https://flmtra.com/?a=659&oc=848&c=2210&s1=", waiting until "networkidle"\x1B[22m\n',
  brand: 'PPC CR Mobile'
}
[ppc-cr][Android - Firefox] 📋 Trace report successfully saved: traces/ppc-cr_mobile.zip
✅ [18/5/2026, 1:27:47 pm] COMPLETED: ppc-cr [Android - Firefox][FIREFOX]

================================================================
🚀 [18/5/2026, 1:27:47 pm] RUNNING: PPC CR [IOS - CHROME]
🔗 Target URL: https://flmtra.com/?a=659&oc=848&c=2210&s1=
================================================================
[ppc-cr][iOS - Chrome] 🔌 [Browser Interceptor] Intercepting and optimizing engine: CHROMIUM
[ppc-cr][iOS - Chrome] ◇ injected env (0) from .env // tip: ⌘ multiple files { path: ['.env.local', '.env'] }
[ppc-cr][iOS - Chrome] ◇ injected env (0) from .env // tip: ◈ secrets for agents [www.dotenvx.com]
[ppc-cr][iOS - Chrome] ◇ injected env (0) from .env // tip: ◈ encrypted .env [www.dotenvx.com]
[ppc-cr][iOS - Chrome] ◇ injected env (0) from .env // tip: ⌘ enable debugging { debug: true }
[ppc-cr][iOS - Chrome] ◇ injected env (0) from .env // tip: ⌘ custom filepath { path: '/custom/path/.env' }
[ppc-cr][iOS - Chrome] 
🤖 ================================================================
🤖 MASTER RUNNER: LAUNCHING PPC CR
[ppc-cr][iOS - Chrome] 🤖 Mode:            MOBILE
🤖 Tracking URL:     https://flmtra.com/?a=659&oc=848&c=2210&s1=
🤖 Target Sheet:    PPC-CR
🤖 ================================================================
[ppc-cr][iOS - Chrome] 🔌 [Browser Interceptor] Intercepting and optimizing engine: CHROMIUM
[ppc-cr][iOS - Chrome] 📋 Emulated Device Profile: MOBILE (iPhone 17 Pro Mode) - [iOS - Chrome]
[ppc-cr][iOS - Chrome] ⏳ Delaying 200ms to allow responsive layouts to mount...
[ppc-cr][iOS - Chrome] 🔄 Processing lead for brand: PPC CR Mobile
[ppc-cr][iOS - Chrome] 📊 Campaign execution run index: 54
[ppc-cr][iOS - Chrome] 🎯 Enforcing dynamic credentials & parameters:
   - First Name:   ckmtestpixel
   - Last Name:    ckmtestpixel
   - Email:        ckmtestpixel@gmail.com
   - Phone Number: 401-247-1054
   - Slider Value: 65,524
   - State Value:  California (CA)
[ppc-cr][iOS - Chrome] 🔗 [Mobile] Navigating to: https://flmtra.com/?a=659&oc=848&c=2210&s1=
[ppc-cr][iOS - Chrome] [STDERR] ❌ Failed processing PPC CR Mobile: page.goto: net::ERR_INTERNET_DISCONNECTED at https://flmtra.com/?a=659&oc=848&c=2210&s1=
Call log:
[2m  - navigating to "https://flmtra.com/?a=659&oc=848&c=2210&s1=", waiting until "networkidle"[22m

[ppc-cr][iOS - Chrome] 
✅ Execution successfully processed! {
  success: false,
  error: 'page.goto: net::ERR_INTERNET_DISCONNECTED at https://flmtra.com/?a=659&oc=848&c=2210&s1=\n' +
    'Call log:\n' +
    '\x1B[2m  - navigating to "https://flmtra.com/?a=659&oc=848&c=2210&s1=", waiting until "networkidle"\x1B[22m\n',
  brand: 'PPC CR Mobile'
}
[ppc-cr][iOS - Chrome] 📋 Trace report successfully saved: traces/ppc-cr_mobile.zip
✅ [18/5/2026, 1:27:53 pm] COMPLETED: ppc-cr [iOS - Chrome][CHROMIUM]

================================================================
🚀 [18/5/2026, 1:27:54 pm] RUNNING: PPC CR [IOS - SAFARI]
🔗 Target URL: https://flmtra.com/?a=659&oc=848&c=2210&s1=
================================================================
[ppc-cr][iOS - Safari] 🔌 [Browser Interceptor] Intercepting and optimizing engine: WEBKIT
[ppc-cr][iOS - Safari] ◇ injected env (0) from .env // tip: ⌘ enable debugging { debug: true }
[ppc-cr][iOS - Safari] ◇ injected env (0) from .env // tip: ⌘ multiple files { path: ['.env.local', '.env'] }
[ppc-cr][iOS - Safari] ◇ injected env (0) from .env // tip: ⌘ enable debugging { debug: true }
[ppc-cr][iOS - Safari] ◇ injected env (0) from .env // tip: ⌁ auth for agents [www.vestauth.com]
[ppc-cr][iOS - Safari] ◇ injected env (0) from .env // tip: ⌁ auth for agents [www.vestauth.com]
[ppc-cr][iOS - Safari] 
🤖 ================================================================
🤖 MASTER RUNNER: LAUNCHING PPC CR
[ppc-cr][iOS - Safari] 🤖 Mode:            MOBILE
🤖 Tracking URL:     https://flmtra.com/?a=659&oc=848&c=2210&s1=
🤖 Target Sheet:    PPC-CR
🤖 ================================================================
[ppc-cr][iOS - Safari] 🔌 [Browser Interceptor] Intercepting and optimizing engine: WEBKIT
[ppc-cr][iOS - Safari] 📋 Emulated Device Profile: MOBILE (iPhone 17 Pro Mode) - [iOS - Safari]
[ppc-cr][iOS - Safari] ⏳ Delaying 200ms to allow responsive layouts to mount...
[ppc-cr][iOS - Safari] 🔄 Processing lead for brand: PPC CR Mobile
[ppc-cr][iOS - Safari] 📊 Campaign execution run index: 55
[ppc-cr][iOS - Safari] 🎯 Enforcing dynamic credentials & parameters:
   - First Name:   ckmtestpixel
   - Last Name:    ckmtestpixel
   - Email:        ckmtestpixel@gmail.com
   - Phone Number: 401-247-1055
   - Slider Value: 1,44,288
   - State Value:  Colorado (CO)
[ppc-cr][iOS - Safari] 🔗 [Mobile] Navigating to: https://flmtra.com/?a=659&oc=848&c=2210&s1=
[ppc-cr][iOS - Safari] [STDERR] ❌ Failed processing PPC CR Mobile: page.goto: Could not resolve hostname
Call log:
[2m  - navigating to "https://flmtra.com/?a=659&oc=848&c=2210&s1=", waiting until "networkidle"[22m

[ppc-cr][iOS - Safari] 
✅ Execution successfully processed! {
  success: false,
  error: 'page.goto: Could not resolve hostname\n' +
    'Call log:\n' +
    '\x1B[2m  - navigating to "https://flmtra.com/?a=659&oc=848&c=2210&s1=", waiting until "networkidle"\x1B[22m\n',
  brand: 'PPC CR Mobile'
}
[ppc-cr][iOS - Safari] 📋 Trace report successfully saved: traces/ppc-cr_mobile.zip
✅ [18/5/2026, 1:28:00 pm] COMPLETED: ppc-cr [iOS - Safari][WEBKIT]

================================================================
🚀 [18/5/2026, 1:28:00 pm] RUNNING: PPC CR [TABLET - SAFARI]
🔗 Target URL: https://flmtra.com/?a=659&oc=848&c=2210&s1=
================================================================
[ppc-cr][Tablet - Safari] 🔌 [Browser Interceptor] Intercepting and optimizing engine: WEBKIT
[ppc-cr][Tablet - Safari] ◇ injected env (0) from .env // tip: ⌘ enable debugging { debug: true }
[ppc-cr][Tablet - Safari] ◇ injected env (0) from .env // tip: ◈ encrypted .env [www.dotenvx.com]
[ppc-cr][Tablet - Safari] ◇ injected env (0) from .env // tip: ⌁ auth for agents [www.vestauth.com]
[ppc-cr][Tablet - Safari] ◇ injected env (0) from .env // tip: ⌘ custom filepath { path: '/custom/path/.env' }
[ppc-cr][Tablet - Safari] ◇ injected env (0) from .env // tip: ⌘ custom filepath { path: '/custom/path/.env' }
[ppc-cr][Tablet - Safari] 
🤖 ================================================================
[ppc-cr][Tablet - Safari] 🤖 MASTER RUNNER: LAUNCHING PPC CR
🤖 Mode:            TABLET
[ppc-cr][Tablet - Safari] 🤖 Tracking URL:     https://flmtra.com/?a=659&oc=848&c=2210&s1=
[ppc-cr][Tablet - Safari] 🤖 Target Sheet:    PPC-CR
[ppc-cr][Tablet - Safari] 🤖 ================================================================
[ppc-cr][Tablet - Safari] 🔌 [Browser Interceptor] Intercepting and optimizing engine: WEBKIT
[ppc-cr][Tablet - Safari] 📋 Emulated Device Profile: TABLET (iPad Pro 11) - [Tablet - Safari]
[ppc-cr][Tablet - Safari] ⏳ Delaying 200ms to allow responsive layouts to mount...
[ppc-cr][Tablet - Safari] 🔄 Processing lead for brand: PPC CR Tablet
[ppc-cr][Tablet - Safari] 📊 Campaign execution run index: 56
[ppc-cr][Tablet - Safari] 🎯 Enforcing dynamic credentials & parameters:
[ppc-cr][Tablet - Safari]    - First Name:   ckmtestpixel
   - Last Name:    ckmtestpixel
   - Email:        ckmtestpixel@gmail.com
   - Phone Number: 401-247-1056
   - Slider Value: 2,065
   - State Value:  Connecticut (CT)
[ppc-cr][Tablet - Safari] 🔗 [Mobile] Navigating to: https://flmtra.com/?a=659&oc=848&c=2210&s1=
[ppc-cr][Tablet - Safari] [STDERR] ❌ Failed processing PPC CR Tablet: page.goto: Could not resolve hostname
Call log:
[2m  - navigating to "https://flmtra.com/?a=659&oc=848&c=2210&s1=", waiting until "networkidle"[22m

[ppc-cr][Tablet - Safari] 
✅ Execution successfully processed! {
  success: false,
  error: 'page.goto: Could not resolve hostname\n' +
    'Call log:\n' +
    '\x1B[2m  - navigating to "https://flmtra.com/?a=659&oc=848&c=2210&s1=", waiting until "networkidle"\x1B[22m\n',
  brand: 'PPC CR Tablet'
}
[ppc-cr][Tablet - Safari] 📋 Trace report successfully saved: traces/ppc-cr_tablet.zip
✅ [18/5/2026, 1:28:06 pm] COMPLETED: ppc-cr [Tablet - Safari][WEBKIT]

================================================================
🚀 [18/5/2026, 1:28:06 pm] RUNNING: PPC CR [TABLET - CHROME]
🔗 Target URL: https://flmtra.com/?a=659&oc=848&c=2210&s1=
================================================================
[ppc-cr][Tablet - Chrome] 🔌 [Browser Interceptor] Intercepting and optimizing engine: CHROMIUM
[ppc-cr][Tablet - Chrome] ◇ injected env (0) from .env // tip: ◈ encrypted .env [www.dotenvx.com]
[ppc-cr][Tablet - Chrome] ◇ injected env (0) from .env // tip: ◈ secrets for agents [www.dotenvx.com]
[ppc-cr][Tablet - Chrome] ◇ injected env (0) from .env // tip: ⌘ enable debugging { debug: true }
[ppc-cr][Tablet - Chrome] ◇ injected env (0) from .env // tip: ◈ secrets for agents [www.dotenvx.com]
[ppc-cr][Tablet - Chrome] ◇ injected env (0) from .env // tip: ⌘ override existing { override: true }
[ppc-cr][Tablet - Chrome] 
🤖 ================================================================
🤖 MASTER RUNNER: LAUNCHING PPC CR
[ppc-cr][Tablet - Chrome] 🤖 Mode:            TABLET
🤖 Tracking URL:     https://flmtra.com/?a=659&oc=848&c=2210&s1=
[ppc-cr][Tablet - Chrome] 🤖 Target Sheet:    PPC-CR
🤖 ================================================================
[ppc-cr][Tablet - Chrome] 🔌 [Browser Interceptor] Intercepting and optimizing engine: CHROMIUM
[ppc-cr][Tablet - Chrome] 📋 Emulated Device Profile: TABLET (iPad Pro 11) - [Tablet - Chrome]
[ppc-cr][Tablet - Chrome] ⏳ Delaying 200ms to allow responsive layouts to mount...
[ppc-cr][Tablet - Chrome] 🔄 Processing lead for brand: PPC CR Tablet
[ppc-cr][Tablet - Chrome] 📊 Campaign execution run index: 57
[ppc-cr][Tablet - Chrome] 🎯 Enforcing dynamic credentials & parameters:
   - First Name:   ckmtestpixel
   - Last Name:    ckmtestpixel
   - Email:        ckmtestpixel@gmail.com
   - Phone Number: 401-247-1057
   - Slider Value: 5,564
[ppc-cr][Tablet - Chrome]    - State Value:  Delaware (DE)
[ppc-cr][Tablet - Chrome] 🔗 [Mobile] Navigating to: https://flmtra.com/?a=659&oc=848&c=2210&s1=
[ppc-cr][Tablet - Chrome] [STDERR] ❌ Failed processing PPC CR Tablet: page.goto: net::ERR_INTERNET_DISCONNECTED at https://flmtra.com/?a=659&oc=848&c=2210&s1=
Call log:
[2m  - navigating to "https://flmtra.com/?a=659&oc=848&c=2210&s1=", waiting until "networkidle"[22m

[ppc-cr][Tablet - Chrome] 
✅ Execution successfully processed! {
  success: false,
  error: 'page.goto: net::ERR_INTERNET_DISCONNECTED at https://flmtra.com/?a=659&oc=848&c=2210&s1=\n' +
    'Call log:\n' +
    '\x1B[2m  - navigating to "https://flmtra.com/?a=659&oc=848&c=2210&s1=", waiting until "networkidle"\x1B[22m\n',
  brand: 'PPC CR Tablet'
}
[ppc-cr][Tablet - Chrome] 📋 Trace report successfully saved: traces/ppc-cr_tablet.zip
✅ [18/5/2026, 1:28:13 pm] COMPLETED: ppc-cr [Tablet - Chrome][CHROMIUM]

================================================================
🚀 [18/5/2026, 1:28:13 pm] RUNNING: PPC CR [WINDOWS - CHROME]
🔗 Target URL: https://flmtra.com/?a=659&oc=848&c=2210&s1=
================================================================
[ppc-cr][Windows - Chrome] 🔌 [Browser Interceptor] Intercepting and optimizing engine: CHROMIUM
[ppc-cr][Windows - Chrome] ◇ injected env (0) from .env // tip: ⌘ enable debugging { debug: true }
[ppc-cr][Windows - Chrome] ◇ injected env (0) from .env // tip: ◈ secrets for agents [www.dotenvx.com]
[ppc-cr][Windows - Chrome] ◇ injected env (0) from .env // tip: ⌘ custom filepath { path: '/custom/path/.env' }
[ppc-cr][Windows - Chrome] ◇ injected env (0) from .env // tip: ⌘ override existing { override: true }
[ppc-cr][Windows - Chrome] ◇ injected env (0) from .env // tip: ⌘ suppress logs { quiet: true }
[ppc-cr][Windows - Chrome] 
🤖 ================================================================
🤖 MASTER RUNNER: LAUNCHING PPC CR
🤖 Mode:            DESKTOP
[ppc-cr][Windows - Chrome] 🤖 Tracking URL:     https://flmtra.com/?a=659&oc=848&c=2210&s1=
🤖 Target Sheet:    PPC-CR
🤖 ================================================================
[ppc-cr][Windows - Chrome] 🔌 [Browser Interceptor] Intercepting and optimizing engine: CHROMIUM
[ppc-cr][Windows - Chrome] 💻 Emulated Device Profile: DESKTOP - [Windows - Chrome]
[ppc-cr][Windows - Chrome] 🔄 Processing lead for brand: PPC CR
[ppc-cr][Windows - Chrome] 📊 Campaign execution run index: 58
[ppc-cr][Windows - Chrome] 🎯 Enforcing dynamic credentials & parameters:
   - First Name:   ckmtestpixel
   - Last Name:    ckmtestpixel
   - Email:        ckmtestpixel@gmail.com
   - Phone Number: 401-247-1058
   - Slider Value: 9,264
   - State Value:  Florida (FL)
[ppc-cr][Windows - Chrome] 🔗 Navigating to: https://flmtra.com/?a=659&oc=848&c=2210&s1=
[ppc-cr][Windows - Chrome] [STDERR] ❌ Failed processing PPC CR: page.goto: net::ERR_INTERNET_DISCONNECTED at https://flmtra.com/?a=659&oc=848&c=2210&s1=
Call log:
[2m  - navigating to "https://flmtra.com/?a=659&oc=848&c=2210&s1=", waiting until "networkidle"[22m

[ppc-cr][Windows - Chrome] 
✅ Execution successfully processed! {
  success: false,
  error: 'page.goto: net::ERR_INTERNET_DISCONNECTED at https://flmtra.com/?a=659&oc=848&c=2210&s1=\n' +
    'Call log:\n' +
    '\x1B[2m  - navigating to "https://flmtra.com/?a=659&oc=848&c=2210&s1=", waiting until "networkidle"\x1B[22m\n',
  brand: 'PPC CR'
}
[ppc-cr][Windows - Chrome] 📋 Trace report successfully saved: traces/ppc-cr_desktop.zip
✅ [18/5/2026, 1:28:19 pm] COMPLETED: ppc-cr [Windows - Chrome][CHROMIUM]

================================================================
🚀 [18/5/2026, 1:28:19 pm] RUNNING: PPC CR [WINDOWS - FIREFOX]
🔗 Target URL: https://flmtra.com/?a=659&oc=848&c=2210&s1=
================================================================
[ppc-cr][Windows - Firefox] 🔌 [Browser Interceptor] Intercepting and optimizing engine: FIREFOX
[ppc-cr][Windows - Firefox] ◇ injected env (0) from .env // tip: ⌘ enable debugging { debug: true }
[ppc-cr][Windows - Firefox] ◇ injected env (0) from .env // tip: ◈ encrypted .env [www.dotenvx.com]
[ppc-cr][Windows - Firefox] ◇ injected env (0) from .env // tip: ⌘ suppress logs { quiet: true }
[ppc-cr][Windows - Firefox] ◇ injected env (0) from .env // tip: ⌘ enable debugging { debug: true }
[ppc-cr][Windows - Firefox] ◇ injected env (0) from .env // tip: ⌘ multiple files { path: ['.env.local', '.env'] }
[ppc-cr][Windows - Firefox] 
🤖 ================================================================
[ppc-cr][Windows - Firefox] 🤖 MASTER RUNNER: LAUNCHING PPC CR
🤖 Mode:            DESKTOP
🤖 Tracking URL:     https://flmtra.com/?a=659&oc=848&c=2210&s1=
[ppc-cr][Windows - Firefox] 🤖 Target Sheet:    PPC-CR
🤖 ================================================================
[ppc-cr][Windows - Firefox] 🔌 [Browser Interceptor] Intercepting and optimizing engine: FIREFOX
[ppc-cr][Windows - Firefox] 💻 Emulated Device Profile: DESKTOP - [Windows - Firefox]
[ppc-cr][Windows - Firefox] 🔌 [Browser Interceptor] Sanitizing mobile context options for Firefox emulation...
🔌 [Browser Interceptor] Sanitizing mobile context options for Firefox emulation...
[ppc-cr][Windows - Firefox] 🔄 Processing lead for brand: PPC CR
[ppc-cr][Windows - Firefox] 📊 Campaign execution run index: 59
[ppc-cr][Windows - Firefox] 🎯 Enforcing dynamic credentials & parameters:
[ppc-cr][Windows - Firefox]    - First Name:   ckmtestpixel
   - Last Name:    ckmtestpixel
   - Email:        ckmtestpixel@gmail.com
   - Phone Number: 401-247-1059
   - Slider Value: 18,522
   - State Value:  Georgia (GA)
[ppc-cr][Windows - Firefox] 🔗 Navigating to: https://flmtra.com/?a=659&oc=848&c=2210&s1=
[ppc-cr][Windows - Firefox] [STDERR] ❌ Failed processing PPC CR: page.goto: NS_ERROR_UNKNOWN_HOST
Call log:
[2m  - navigating to "https://flmtra.com/?a=659&oc=848&c=2210&s1=", waiting until "networkidle"[22m

[ppc-cr][Windows - Firefox] 
✅ Execution successfully processed! {
  success: false,
  error: 'page.goto: NS_ERROR_UNKNOWN_HOST\n' +
    'Call log:\n' +
    '\x1B[2m  - navigating to "https://flmtra.com/?a=659&oc=848&c=2210&s1=", waiting until "networkidle"\x1B[22m\n',
  brand: 'PPC CR'
}
[ppc-cr][Windows - Firefox] 📋 Trace report successfully saved: traces/ppc-cr_desktop.zip
✅ [18/5/2026, 1:28:27 pm] COMPLETED: ppc-cr [Windows - Firefox][FIREFOX]

================================================================
🚀 [18/5/2026, 1:28:28 pm] RUNNING: PPC CR [MAC - SAFARI]
🔗 Target URL: https://flmtra.com/?a=659&oc=848&c=2210&s1=
================================================================
[ppc-cr][MAC - Safari] 🔌 [Browser Interceptor] Intercepting and optimizing engine: WEBKIT
[ppc-cr][MAC - Safari] ◇ injected env (0) from .env // tip: ⌁ auth for agents [www.vestauth.com]
[ppc-cr][MAC - Safari] ◇ injected env (0) from .env // tip: ⌘ suppress logs { quiet: true }
[ppc-cr][MAC - Safari] ◇ injected env (0) from .env // tip: ⌘ enable debugging { debug: true }
[ppc-cr][MAC - Safari] ◇ injected env (0) from .env // tip: ⌘ override existing { override: true }
[ppc-cr][MAC - Safari] ◇ injected env (0) from .env // tip: ⌘ suppress logs { quiet: true }
[ppc-cr][MAC - Safari] 
🤖 ================================================================
🤖 MASTER RUNNER: LAUNCHING PPC CR
[ppc-cr][MAC - Safari] 🤖 Mode:            DESKTOP
🤖 Tracking URL:     https://flmtra.com/?a=659&oc=848&c=2210&s1=
🤖 Target Sheet:    PPC-CR
🤖 ================================================================
[ppc-cr][MAC - Safari] 🔌 [Browser Interceptor] Intercepting and optimizing engine: WEBKIT
[ppc-cr][MAC - Safari] 💻 Emulated Device Profile: DESKTOP - [MAC - Safari]
[ppc-cr][MAC - Safari] 🔄 Processing lead for brand: PPC CR
[ppc-cr][MAC - Safari] 📊 Campaign execution run index: 60
[ppc-cr][MAC - Safari] 🎯 Enforcing dynamic credentials & parameters:
   - First Name:   ckmtestpixel
   - Last Name:    ckmtestpixel
   - Email:        ckmtestpixel@gmail.com
   - Phone Number: 401-247-1060
   - Slider Value: 23,483
   - State Value:  Hawaii (HI)
[ppc-cr][MAC - Safari] 🔗 Navigating to: https://flmtra.com/?a=659&oc=848&c=2210&s1=
[ppc-cr][MAC - Safari] [STDERR] ❌ Failed processing PPC CR: page.goto: Could not resolve hostname
Call log:
[2m  - navigating to "https://flmtra.com/?a=659&oc=848&c=2210&s1=", waiting until "networkidle"[22m

[ppc-cr][MAC - Safari] 
✅ Execution successfully processed! {
  success: false,
  error: 'page.goto: Could not resolve hostname\n' +
    'Call log:\n' +
    '\x1B[2m  - navigating to "https://flmtra.com/?a=659&oc=848&c=2210&s1=", waiting until "networkidle"\x1B[22m\n',
  brand: 'PPC CR'
}
[ppc-cr][MAC - Safari] 📋 Trace report successfully saved: traces/ppc-cr_desktop.zip
✅ [18/5/2026, 1:28:33 pm] COMPLETED: ppc-cr [MAC - Safari][WEBKIT]

================================================================
🚀 [18/5/2026, 1:28:34 pm] RUNNING: PPC CR [MAC - CHROME]
🔗 Target URL: https://flmtra.com/?a=659&oc=848&c=2210&s1=
================================================================
[ppc-cr][MAC - Chrome] 🔌 [Browser Interceptor] Intercepting and optimizing engine: CHROMIUM
[ppc-cr][MAC - Chrome] ◇ injected env (0) from .env // tip: ⌘ custom filepath { path: '/custom/path/.env' }
[ppc-cr][MAC - Chrome] ◇ injected env (0) from .env // tip: ◈ encrypted .env [www.dotenvx.com]
[ppc-cr][MAC - Chrome] ◇ injected env (0) from .env // tip: ⌘ enable debugging { debug: true }
[ppc-cr][MAC - Chrome] ◇ injected env (0) from .env // tip: ◈ secrets for agents [www.dotenvx.com]
[ppc-cr][MAC - Chrome] ◇ injected env (0) from .env // tip: ◈ encrypted .env [www.dotenvx.com]
[ppc-cr][MAC - Chrome] 
🤖 ================================================================
🤖 MASTER RUNNER: LAUNCHING PPC CR
[ppc-cr][MAC - Chrome] 🤖 Mode:            DESKTOP
🤖 Tracking URL:     https://flmtra.com/?a=659&oc=848&c=2210&s1=
🤖 Target Sheet:    PPC-CR
🤖 ================================================================
[ppc-cr][MAC - Chrome] 🔌 [Browser Interceptor] Intercepting and optimizing engine: CHROMIUM
[ppc-cr][MAC - Chrome] 💻 Emulated Device Profile: DESKTOP - [MAC - Chrome]
[ppc-cr][MAC - Chrome] 🔄 Processing lead for brand: PPC CR
[ppc-cr][MAC - Chrome] 📊 Campaign execution run index: 61
[ppc-cr][MAC - Chrome] 🎯 Enforcing dynamic credentials & parameters:
   - First Name:   ckmtestpixel
   - Last Name:    ckmtestpixel
   - Email:        ckmtestpixel@gmail.com
   - Phone Number: 401-247-1061
   - Slider Value: 60,993
   - State Value:  Idaho (ID)
[ppc-cr][MAC - Chrome] 🔗 Navigating to: https://flmtra.com/?a=659&oc=848&c=2210&s1=
[ppc-cr][MAC - Chrome] [STDERR] ❌ Failed processing PPC CR: page.goto: net::ERR_INTERNET_DISCONNECTED at https://flmtra.com/?a=659&oc=848&c=2210&s1=
Call log:
[2m  - navigating to "https://flmtra.com/?a=659&oc=848&c=2210&s1=", waiting until "networkidle"[22m

[ppc-cr][MAC - Chrome] 
✅ Execution successfully processed! {
  success: false,
  error: 'page.goto: net::ERR_INTERNET_DISCONNECTED at https://flmtra.com/?a=659&oc=848&c=2210&s1=\n' +
    'Call log:\n' +
    '\x1B[2m  - navigating to "https://flmtra.com/?a=659&oc=848&c=2210&s1=", waiting until "networkidle"\x1B[22m\n',
  brand: 'PPC CR'
}
[ppc-cr][MAC - Chrome] 📋 Trace report successfully saved: traces/ppc-cr_desktop.zip
✅ [18/5/2026, 1:28:39 pm] COMPLETED: ppc-cr [MAC - Chrome][CHROMIUM]

================================================================
⚡ Processing Campaign Matrix: [PPC-FS]
================================================================

================================================================
🚀 [18/5/2026, 1:28:40 pm] RUNNING: PPC FS [ANDROID - CHROME]
🔗 Target URL: https://flmtra.com/?a=659&oc=841&c=2210&s1=
================================================================
[ppc-fs][Android - Chrome] 🔌 [Browser Interceptor] Intercepting and optimizing engine: CHROMIUM
[ppc-fs][Android - Chrome] ◇ injected env (0) from .env // tip: ⌘ override existing { override: true }
[ppc-fs][Android - Chrome] ◇ injected env (0) from .env // tip: ⌘ custom filepath { path: '/custom/path/.env' }
[ppc-fs][Android - Chrome] ◇ injected env (0) from .env // tip: ◈ encrypted .env [www.dotenvx.com]
[ppc-fs][Android - Chrome] ◇ injected env (0) from .env // tip: ⌘ custom filepath { path: '/custom/path/.env' }
[ppc-fs][Android - Chrome] ◇ injected env (0) from .env // tip: ⌘ custom filepath { path: '/custom/path/.env' }
[ppc-fs][Android - Chrome] 
🤖 ================================================================
🤖 MASTER RUNNER: LAUNCHING PPC FS
[ppc-fs][Android - Chrome] 🤖 Mode:            MOBILE
🤖 Tracking URL:     https://flmtra.com/?a=659&oc=841&c=2210&s1=
🤖 Target Sheet:    PPC FS
🤖 ================================================================
[ppc-fs][Android - Chrome] 🔌 [Browser Interceptor] Intercepting and optimizing engine: CHROMIUM
[ppc-fs][Android - Chrome] 📋 Emulated Device Profile: MOBILE (Pixel 7) - [Android - Chrome]
[ppc-fs][Android - Chrome] ⏳ Delaying 200ms to allow responsive layouts to mount...
[ppc-fs][Android - Chrome] 🔄 Processing lead for brand: PPC FS Mobile
[ppc-fs][Android - Chrome] 📊 Campaign execution run index: 55
[ppc-fs][Android - Chrome] 🎯 Enforcing dynamic credentials & parameters:
   - First Name:   ckmtestpixel
   - Last Name:    ckmtestpixel
   - Email:        ckmtestpixel@gmail.com
   - Phone Number: 401-247-1055
   - Slider Value: 1,45,412
   - State Value:  Colorado (CO)
[ppc-fs][Android - Chrome] 🔗 [Mobile] Navigating to: https://flmtra.com/?a=659&oc=841&c=2210&s1=
[ppc-fs][Android - Chrome] [STDERR] ❌ Failed processing PPC FS Mobile: page.goto: net::ERR_INTERNET_DISCONNECTED at https://flmtra.com/?a=659&oc=841&c=2210&s1=
Call log:
[2m  - navigating to "https://flmtra.com/?a=659&oc=841&c=2210&s1=", waiting until "networkidle"[22m

[ppc-fs][Android - Chrome] 
✅ Execution successfully processed! {
  success: false,
  error: 'page.goto: net::ERR_INTERNET_DISCONNECTED at https://flmtra.com/?a=659&oc=841&c=2210&s1=\n' +
    'Call log:\n' +
    '\x1B[2m  - navigating to "https://flmtra.com/?a=659&oc=841&c=2210&s1=", waiting until "networkidle"\x1B[22m\n',
  brand: 'PPC FS Mobile'
}
[ppc-fs][Android - Chrome] 📋 Trace report successfully saved: traces/ppc-fs_mobile.zip
✅ [18/5/2026, 1:28:45 pm] COMPLETED: ppc-fs [Android - Chrome][CHROMIUM]

================================================================
🚀 [18/5/2026, 1:28:46 pm] RUNNING: PPC FS [ANDROID - FIREFOX]
🔗 Target URL: https://flmtra.com/?a=659&oc=841&c=2210&s1=
================================================================
[ppc-fs][Android - Firefox] 🔌 [Browser Interceptor] Intercepting and optimizing engine: FIREFOX
[ppc-fs][Android - Firefox] ◇ injected env (0) from .env // tip: ⌘ multiple files { path: ['.env.local', '.env'] }
[ppc-fs][Android - Firefox] ◇ injected env (0) from .env // tip: ⌘ multiple files { path: ['.env.local', '.env'] }
[ppc-fs][Android - Firefox] ◇ injected env (0) from .env // tip: ⌁ auth for agents [www.vestauth.com]
[ppc-fs][Android - Firefox] ◇ injected env (0) from .env // tip: ⌘ suppress logs { quiet: true }
[ppc-fs][Android - Firefox] ◇ injected env (0) from .env // tip: ⌘ override existing { override: true }
[ppc-fs][Android - Firefox] 
🤖 ================================================================
🤖 MASTER RUNNER: LAUNCHING PPC FS
[ppc-fs][Android - Firefox] 🤖 Mode:            MOBILE
🤖 Tracking URL:     https://flmtra.com/?a=659&oc=841&c=2210&s1=
🤖 Target Sheet:    PPC FS
🤖 ================================================================
[ppc-fs][Android - Firefox] 🔌 [Browser Interceptor] Intercepting and optimizing engine: FIREFOX
[ppc-fs][Android - Firefox] 📋 Emulated Device Profile: MOBILE (Pixel 7) - [Android - Firefox]
[ppc-fs][Android - Firefox] 🔌 [Browser Interceptor] Sanitizing mobile context options for Firefox emulation...
🔌 [Browser Interceptor] Sanitizing mobile context options for Firefox emulation...
[ppc-fs][Android - Firefox] ⏳ Delaying 200ms to allow responsive layouts to mount...
[ppc-fs][Android - Firefox] 🔄 Processing lead for brand: PPC FS Mobile
[ppc-fs][Android - Firefox] 📊 Campaign execution run index: 56
[ppc-fs][Android - Firefox] 🎯 Enforcing dynamic credentials & parameters:
   - First Name:   ckmtestpixel
[ppc-fs][Android - Firefox]    - Last Name:    ckmtestpixel
   - Email:        ckmtestpixel@gmail.com
   - Phone Number: 401-247-1056
   - Slider Value: 3,449
   - State Value:  Connecticut (CT)
[ppc-fs][Android - Firefox] 🔗 [Mobile] Navigating to: https://flmtra.com/?a=659&oc=841&c=2210&s1=
[ppc-fs][Android - Firefox] [STDERR] ❌ Failed processing PPC FS Mobile: page.goto: NS_ERROR_UNKNOWN_HOST
Call log:
[2m  - navigating to "https://flmtra.com/?a=659&oc=841&c=2210&s1=", waiting until "networkidle"[22m

[ppc-fs][Android - Firefox] 
✅ Execution successfully processed! {
  success: false,
  error: 'page.goto: NS_ERROR_UNKNOWN_HOST\n' +
    'Call log:\n' +
    '\x1B[2m  - navigating to "https://flmtra.com/?a=659&oc=841&c=2210&s1=", waiting until "networkidle"\x1B[22m\n',
  brand: 'PPC FS Mobile'
}
[ppc-fs][Android - Firefox] 📋 Trace report successfully saved: traces/ppc-fs_mobile.zip
✅ [18/5/2026, 1:28:54 pm] COMPLETED: ppc-fs [Android - Firefox][FIREFOX]

================================================================
🚀 [18/5/2026, 1:28:55 pm] RUNNING: PPC FS [IOS - CHROME]
🔗 Target URL: https://flmtra.com/?a=659&oc=841&c=2210&s1=
================================================================
[ppc-fs][iOS - Chrome] 🔌 [Browser Interceptor] Intercepting and optimizing engine: CHROMIUM
[ppc-fs][iOS - Chrome] ◇ injected env (0) from .env // tip: ⌘ enable debugging { debug: true }
[ppc-fs][iOS - Chrome] ◇ injected env (0) from .env // tip: ◈ secrets for agents [www.dotenvx.com]
[ppc-fs][iOS - Chrome] ◇ injected env (0) from .env // tip: ⌘ multiple files { path: ['.env.local', '.env'] }
[ppc-fs][iOS - Chrome] ◇ injected env (0) from .env // tip: ◈ encrypted .env [www.dotenvx.com]
[ppc-fs][iOS - Chrome] ◇ injected env (0) from .env // tip: ⌁ auth for agents [www.vestauth.com]
[ppc-fs][iOS - Chrome] 
🤖 ================================================================
🤖 MASTER RUNNER: LAUNCHING PPC FS
🤖 Mode:            MOBILE
[ppc-fs][iOS - Chrome] 🤖 Tracking URL:     https://flmtra.com/?a=659&oc=841&c=2210&s1=
🤖 Target Sheet:    PPC FS
🤖 ================================================================
[ppc-fs][iOS - Chrome] 🔌 [Browser Interceptor] Intercepting and optimizing engine: CHROMIUM
[ppc-fs][iOS - Chrome] 📋 Emulated Device Profile: MOBILE (iPhone 17 Pro Mode) - [iOS - Chrome]
[ppc-fs][iOS - Chrome] ⏳ Delaying 200ms to allow responsive layouts to mount...
[ppc-fs][iOS - Chrome] 🔄 Processing lead for brand: PPC FS Mobile
[ppc-fs][iOS - Chrome] 📊 Campaign execution run index: 57
[ppc-fs][iOS - Chrome] 🎯 Enforcing dynamic credentials & parameters:
   - First Name:   ckmtestpixel
   - Last Name:    ckmtestpixel
   - Email:        ckmtestpixel@gmail.com
   - Phone Number: 401-247-1057
   - Slider Value: 5,551
   - State Value:  Delaware (DE)
[ppc-fs][iOS - Chrome] 🔗 [Mobile] Navigating to: https://flmtra.com/?a=659&oc=841&c=2210&s1=
[ppc-fs][iOS - Chrome] [STDERR] ❌ Failed processing PPC FS Mobile: page.goto: net::ERR_INTERNET_DISCONNECTED at https://flmtra.com/?a=659&oc=841&c=2210&s1=
Call log:
[2m  - navigating to "https://flmtra.com/?a=659&oc=841&c=2210&s1=", waiting until "networkidle"[22m

[ppc-fs][iOS - Chrome] 
✅ Execution successfully processed! {
  success: false,
  error: 'page.goto: net::ERR_INTERNET_DISCONNECTED at https://flmtra.com/?a=659&oc=841&c=2210&s1=\n' +
    'Call log:\n' +
    '\x1B[2m  - navigating to "https://flmtra.com/?a=659&oc=841&c=2210&s1=", waiting until "networkidle"\x1B[22m\n',
  brand: 'PPC FS Mobile'
}
[ppc-fs][iOS - Chrome] 📋 Trace report successfully saved: traces/ppc-fs_mobile.zip
✅ [18/5/2026, 1:29:00 pm] COMPLETED: ppc-fs [iOS - Chrome][CHROMIUM]

================================================================
🚀 [18/5/2026, 1:29:01 pm] RUNNING: PPC FS [IOS - SAFARI]
🔗 Target URL: https://flmtra.com/?a=659&oc=841&c=2210&s1=
================================================================
[ppc-fs][iOS - Safari] 🔌 [Browser Interceptor] Intercepting and optimizing engine: WEBKIT
[ppc-fs][iOS - Safari] ◇ injected env (0) from .env // tip: ⌁ auth for agents [www.vestauth.com]
[ppc-fs][iOS - Safari] ◇ injected env (0) from .env // tip: ⌘ override existing { override: true }
[ppc-fs][iOS - Safari] ◇ injected env (0) from .env // tip: ⌘ enable debugging { debug: true }
[ppc-fs][iOS - Safari] ◇ injected env (0) from .env // tip: ◈ secrets for agents [www.dotenvx.com]
[ppc-fs][iOS - Safari] ◇ injected env (0) from .env // tip: ⌘ custom filepath { path: '/custom/path/.env' }
[ppc-fs][iOS - Safari] 
🤖 ================================================================
[ppc-fs][iOS - Safari] 🤖 MASTER RUNNER: LAUNCHING PPC FS
🤖 Mode:            MOBILE
🤖 Tracking URL:     https://flmtra.com/?a=659&oc=841&c=2210&s1=
🤖 Target Sheet:    PPC FS
[ppc-fs][iOS - Safari] 🤖 ================================================================
[ppc-fs][iOS - Safari] 🔌 [Browser Interceptor] Intercepting and optimizing engine: WEBKIT
[ppc-fs][iOS - Safari] 📋 Emulated Device Profile: MOBILE (iPhone 17 Pro Mode) - [iOS - Safari]
[ppc-fs][iOS - Safari] ⏳ Delaying 200ms to allow responsive layouts to mount...
[ppc-fs][iOS - Safari] 🔄 Processing lead for brand: PPC FS Mobile
[ppc-fs][iOS - Safari] 📊 Campaign execution run index: 58
[ppc-fs][iOS - Safari] 🎯 Enforcing dynamic credentials & parameters:
   - First Name:   ckmtestpixel
   - Last Name:    ckmtestpixel
   - Email:        ckmtestpixel@gmail.com
   - Phone Number: 401-247-1058
   - Slider Value: 8,845
   - State Value:  Florida (FL)
[ppc-fs][iOS - Safari] 🔗 [Mobile] Navigating to: https://flmtra.com/?a=659&oc=841&c=2210&s1=
[ppc-fs][iOS - Safari] [STDERR] ❌ Failed processing PPC FS Mobile: page.goto: Could not resolve hostname
Call log:
[2m  - navigating to "https://flmtra.com/?a=659&oc=841&c=2210&s1=", waiting until "networkidle"[22m

[ppc-fs][iOS - Safari] 
✅ Execution successfully processed! {
  success: false,
  error: 'page.goto: Could not resolve hostname\n' +
    'Call log:\n' +
    '\x1B[2m  - navigating to "https://flmtra.com/?a=659&oc=841&c=2210&s1=", waiting until "networkidle"\x1B[22m\n',
  brand: 'PPC FS Mobile'
}
[ppc-fs][iOS - Safari] 📋 Trace report successfully saved: traces/ppc-fs_mobile.zip
✅ [18/5/2026, 1:29:07 pm] COMPLETED: ppc-fs [iOS - Safari][WEBKIT]

================================================================
🚀 [18/5/2026, 1:29:07 pm] RUNNING: PPC FS [TABLET - SAFARI]
🔗 Target URL: https://flmtra.com/?a=659&oc=841&c=2210&s1=
================================================================
[ppc-fs][Tablet - Safari] 🔌 [Browser Interceptor] Intercepting and optimizing engine: WEBKIT
[ppc-fs][Tablet - Safari] ◇ injected env (0) from .env // tip: ◈ encrypted .env [www.dotenvx.com]
[ppc-fs][Tablet - Safari] ◇ injected env (0) from .env // tip: ◈ encrypted .env [www.dotenvx.com]
[ppc-fs][Tablet - Safari] ◇ injected env (0) from .env // tip: ⌁ auth for agents [www.vestauth.com]
[ppc-fs][Tablet - Safari] ◇ injected env (0) from .env // tip: ◈ encrypted .env [www.dotenvx.com]
[ppc-fs][Tablet - Safari] ◇ injected env (0) from .env // tip: ⌁ auth for agents [www.vestauth.com]
[ppc-fs][Tablet - Safari] 
🤖 ================================================================
[ppc-fs][Tablet - Safari] 🤖 MASTER RUNNER: LAUNCHING PPC FS
🤖 Mode:            TABLET
🤖 Tracking URL:     https://flmtra.com/?a=659&oc=841&c=2210&s1=
[ppc-fs][Tablet - Safari] 🤖 Target Sheet:    PPC FS
[ppc-fs][Tablet - Safari] 🤖 ================================================================
[ppc-fs][Tablet - Safari] 🔌 [Browser Interceptor] Intercepting and optimizing engine: WEBKIT
[ppc-fs][Tablet - Safari] 📋 Emulated Device Profile: TABLET (iPad Pro 11) - [Tablet - Safari]
[ppc-fs][Tablet - Safari] ⏳ Delaying 200ms to allow responsive layouts to mount...
[ppc-fs][Tablet - Safari] 🔄 Processing lead for brand: PPC FS Tablet
[ppc-fs][Tablet - Safari] 📊 Campaign execution run index: 59
[ppc-fs][Tablet - Safari] 🎯 Enforcing dynamic credentials & parameters:
   - First Name:   ckmtestpixel
[ppc-fs][Tablet - Safari]    - Last Name:    ckmtestpixel
   - Email:        ckmtestpixel@gmail.com
   - Phone Number: 401-247-1059
   - Slider Value: 14,416
   - State Value:  Georgia (GA)
[ppc-fs][Tablet - Safari] 🔗 [Mobile] Navigating to: https://flmtra.com/?a=659&oc=841&c=2210&s1=
[ppc-fs][Tablet - Safari] [STDERR] ❌ Failed processing PPC FS Tablet: page.goto: Could not resolve hostname
Call log:
[2m  - navigating to "https://flmtra.com/?a=659&oc=841&c=2210&s1=", waiting until "networkidle"[22m

[ppc-fs][Tablet - Safari] 
✅ Execution successfully processed! {
  success: false,
  error: 'page.goto: Could not resolve hostname\n' +
    'Call log:\n' +
    '\x1B[2m  - navigating to "https://flmtra.com/?a=659&oc=841&c=2210&s1=", waiting until "networkidle"\x1B[22m\n',
  brand: 'PPC FS Tablet'
}
[ppc-fs][Tablet - Safari] 📋 Trace report successfully saved: traces/ppc-fs_tablet.zip
✅ [18/5/2026, 1:29:13 pm] COMPLETED: ppc-fs [Tablet - Safari][WEBKIT]

================================================================
🚀 [18/5/2026, 1:29:13 pm] RUNNING: PPC FS [TABLET - CHROME]
🔗 Target URL: https://flmtra.com/?a=659&oc=841&c=2210&s1=
================================================================
[ppc-fs][Tablet - Chrome] 🔌 [Browser Interceptor] Intercepting and optimizing engine: CHROMIUM
[ppc-fs][Tablet - Chrome] ◇ injected env (0) from .env // tip: ⌘ suppress logs { quiet: true }
[ppc-fs][Tablet - Chrome] ◇ injected env (0) from .env // tip: ⌘ override existing { override: true }
[ppc-fs][Tablet - Chrome] ◇ injected env (0) from .env // tip: ◈ secrets for agents [www.dotenvx.com]
[ppc-fs][Tablet - Chrome] ◇ injected env (0) from .env // tip: ⌁ auth for agents [www.vestauth.com]
[ppc-fs][Tablet - Chrome] ◇ injected env (0) from .env // tip: ⌘ suppress logs { quiet: true }
[ppc-fs][Tablet - Chrome] 
🤖 ================================================================
🤖 MASTER RUNNER: LAUNCHING PPC FS
[ppc-fs][Tablet - Chrome] 🤖 Mode:            TABLET
🤖 Tracking URL:     https://flmtra.com/?a=659&oc=841&c=2210&s1=
[ppc-fs][Tablet - Chrome] 🤖 Target Sheet:    PPC FS
🤖 ================================================================
[ppc-fs][Tablet - Chrome] 🔌 [Browser Interceptor] Intercepting and optimizing engine: CHROMIUM
[ppc-fs][Tablet - Chrome] 📋 Emulated Device Profile: TABLET (iPad Pro 11) - [Tablet - Chrome]
[ppc-fs][Tablet - Chrome] ⏳ Delaying 200ms to allow responsive layouts to mount...
[ppc-fs][Tablet - Chrome] 🔄 Processing lead for brand: PPC FS Tablet
[ppc-fs][Tablet - Chrome] 📊 Campaign execution run index: 60
[ppc-fs][Tablet - Chrome] 🎯 Enforcing dynamic credentials & parameters:
   - First Name:   ckmtestpixel
   - Last Name:    ckmtestpixel
   - Email:        ckmtestpixel@gmail.com
   - Phone Number: 401-247-1060
   - Slider Value: 48,283
   - State Value:  Hawaii (HI)
[ppc-fs][Tablet - Chrome] 🔗 [Mobile] Navigating to: https://flmtra.com/?a=659&oc=841&c=2210&s1=
[ppc-fs][Tablet - Chrome] [STDERR] ❌ Failed processing PPC FS Tablet: page.goto: net::ERR_INTERNET_DISCONNECTED at https://flmtra.com/?a=659&oc=841&c=2210&s1=
Call log:
[2m  - navigating to "https://flmtra.com/?a=659&oc=841&c=2210&s1=", waiting until "networkidle"[22m

[ppc-fs][Tablet - Chrome] 
✅ Execution successfully processed! {
  success: false,
  error: 'page.goto: net::ERR_INTERNET_DISCONNECTED at https://flmtra.com/?a=659&oc=841&c=2210&s1=\n' +
    'Call log:\n' +
    '\x1B[2m  - navigating to "https://flmtra.com/?a=659&oc=841&c=2210&s1=", waiting until "networkidle"\x1B[22m\n',
  brand: 'PPC FS Tablet'
}
[ppc-fs][Tablet - Chrome] 📋 Trace report successfully saved: traces/ppc-fs_tablet.zip
✅ [18/5/2026, 1:29:19 pm] COMPLETED: ppc-fs [Tablet - Chrome][CHROMIUM]

================================================================
🚀 [18/5/2026, 1:29:20 pm] RUNNING: PPC FS [WINDOWS - CHROME]
🔗 Target URL: https://flmtra.com/?a=659&oc=841&c=2210&s1=
================================================================
[ppc-fs][Windows - Chrome] 🔌 [Browser Interceptor] Intercepting and optimizing engine: CHROMIUM
[ppc-fs][Windows - Chrome] ◇ injected env (0) from .env // tip: ◈ secrets for agents [www.dotenvx.com]
[ppc-fs][Windows - Chrome] ◇ injected env (0) from .env // tip: ⌘ custom filepath { path: '/custom/path/.env' }
[ppc-fs][Windows - Chrome] ◇ injected env (0) from .env // tip: ◈ encrypted .env [www.dotenvx.com]
[ppc-fs][Windows - Chrome] ◇ injected env (0) from .env // tip: ⌁ auth for agents [www.vestauth.com]
[ppc-fs][Windows - Chrome] ◇ injected env (0) from .env // tip: ⌁ auth for agents [www.vestauth.com]
[ppc-fs][Windows - Chrome] 
🤖 ================================================================
🤖 MASTER RUNNER: LAUNCHING PPC FS
[ppc-fs][Windows - Chrome] 🤖 Mode:            DESKTOP
🤖 Tracking URL:     https://flmtra.com/?a=659&oc=841&c=2210&s1=
🤖 Target Sheet:    PPC FS
🤖 ================================================================
[ppc-fs][Windows - Chrome] 🔌 [Browser Interceptor] Intercepting and optimizing engine: CHROMIUM
[ppc-fs][Windows - Chrome] 💻 Emulated Device Profile: DESKTOP - [Windows - Chrome]
[ppc-fs][Windows - Chrome] 🔄 Processing lead for brand: PPC FS
[ppc-fs][Windows - Chrome] 📊 Campaign execution run index: 61
[ppc-fs][Windows - Chrome] 🎯 Enforcing dynamic credentials & parameters:
   - First Name:   ckmtestpixel
   - Last Name:    ckmtestpixel
   - Email:        ckmtestpixel@gmail.com
   - Phone Number: 401-247-1061
   - Slider Value: 60,364
   - State Value:  Idaho (ID)
[ppc-fs][Windows - Chrome] 🔗 Navigating to: https://flmtra.com/?a=659&oc=841&c=2210&s1=
[ppc-fs][Windows - Chrome] [STDERR] ❌ Failed processing PPC FS: page.goto: net::ERR_INTERNET_DISCONNECTED at https://flmtra.com/?a=659&oc=841&c=2210&s1=
Call log:
[2m  - navigating to "https://flmtra.com/?a=659&oc=841&c=2210&s1=", waiting until "networkidle"[22m

[ppc-fs][Windows - Chrome] 
✅ Execution successfully processed! {
  success: false,
  error: 'page.goto: net::ERR_INTERNET_DISCONNECTED at https://flmtra.com/?a=659&oc=841&c=2210&s1=\n' +
    'Call log:\n' +
    '\x1B[2m  - navigating to "https://flmtra.com/?a=659&oc=841&c=2210&s1=", waiting until "networkidle"\x1B[22m\n',
  brand: 'PPC FS'
}
[ppc-fs][Windows - Chrome] 📋 Trace report successfully saved: traces/ppc-fs_desktop.zip
✅ [18/5/2026, 1:29:25 pm] COMPLETED: ppc-fs [Windows - Chrome][CHROMIUM]

================================================================
🚀 [18/5/2026, 1:29:26 pm] RUNNING: PPC FS [WINDOWS - FIREFOX]
🔗 Target URL: https://flmtra.com/?a=659&oc=841&c=2210&s1=
================================================================
[ppc-fs][Windows - Firefox] 🔌 [Browser Interceptor] Intercepting and optimizing engine: FIREFOX
[ppc-fs][Windows - Firefox] ◇ injected env (0) from .env // tip: ◈ secrets for agents [www.dotenvx.com]
[ppc-fs][Windows - Firefox] ◇ injected env (0) from .env // tip: ⌘ suppress logs { quiet: true }
[ppc-fs][Windows - Firefox] ◇ injected env (0) from .env // tip: ⌘ override existing { override: true }
[ppc-fs][Windows - Firefox] ◇ injected env (0) from .env // tip: ⌘ suppress logs { quiet: true }
[ppc-fs][Windows - Firefox] ◇ injected env (0) from .env // tip: ⌁ auth for agents [www.vestauth.com]
[ppc-fs][Windows - Firefox] 
🤖 ================================================================
🤖 MASTER RUNNER: LAUNCHING PPC FS
[ppc-fs][Windows - Firefox] 🤖 Mode:            DESKTOP
🤖 Tracking URL:     https://flmtra.com/?a=659&oc=841&c=2210&s1=
🤖 Target Sheet:    PPC FS
🤖 ================================================================
[ppc-fs][Windows - Firefox] 🔌 [Browser Interceptor] Intercepting and optimizing engine: FIREFOX
[ppc-fs][Windows - Firefox] 💻 Emulated Device Profile: DESKTOP - [Windows - Firefox]
[ppc-fs][Windows - Firefox] 🔌 [Browser Interceptor] Sanitizing mobile context options for Firefox emulation...
🔌 [Browser Interceptor] Sanitizing mobile context options for Firefox emulation...
[ppc-fs][Windows - Firefox] 🔄 Processing lead for brand: PPC FS
[ppc-fs][Windows - Firefox] 📊 Campaign execution run index: 62
[ppc-fs][Windows - Firefox] 🎯 Enforcing dynamic credentials & parameters:
   - First Name:   ckmtestpixel
   - Last Name:    ckmtestpixel
   - Email:        ckmtestpixel@gmail.com
   - Phone Number: 401-247-1062
   - Slider Value: 1,22,555
[ppc-fs][Windows - Firefox]    - State Value:  Illinois (IL)
[ppc-fs][Windows - Firefox] 🔗 Navigating to: https://flmtra.com/?a=659&oc=841&c=2210&s1=
[ppc-fs][Windows - Firefox] [STDERR] ❌ Failed processing PPC FS: page.goto: NS_ERROR_UNKNOWN_HOST
Call log:
[2m  - navigating to "https://flmtra.com/?a=659&oc=841&c=2210&s1=", waiting until "networkidle"[22m

[ppc-fs][Windows - Firefox] 
✅ Execution successfully processed! {
  success: false,
  error: 'page.goto: NS_ERROR_UNKNOWN_HOST\n' +
    'Call log:\n' +
    '\x1B[2m  - navigating to "https://flmtra.com/?a=659&oc=841&c=2210&s1=", waiting until "networkidle"\x1B[22m\n',
  brand: 'PPC FS'
}
[ppc-fs][Windows - Firefox] 📋 Trace report successfully saved: traces/ppc-fs_desktop.zip
✅ [18/5/2026, 1:29:35 pm] COMPLETED: ppc-fs [Windows - Firefox][FIREFOX]

================================================================
🚀 [18/5/2026, 1:29:35 pm] RUNNING: PPC FS [MAC - SAFARI]
🔗 Target URL: https://flmtra.com/?a=659&oc=841&c=2210&s1=
================================================================
[ppc-fs][MAC - Safari] 🔌 [Browser Interceptor] Intercepting and optimizing engine: WEBKIT
[ppc-fs][MAC - Safari] ◇ injected env (0) from .env // tip: ⌘ override existing { override: true }
[ppc-fs][MAC - Safari] ◇ injected env (0) from .env // tip: ◈ encrypted .env [www.dotenvx.com]
[ppc-fs][MAC - Safari] ◇ injected env (0) from .env // tip: ⌘ enable debugging { debug: true }
[ppc-fs][MAC - Safari] ◇ injected env (0) from .env // tip: ◈ secrets for agents [www.dotenvx.com]
[ppc-fs][MAC - Safari] ◇ injected env (0) from .env // tip: ⌘ suppress logs { quiet: true }
[ppc-fs][MAC - Safari] 
🤖 ================================================================
🤖 MASTER RUNNER: LAUNCHING PPC FS
[ppc-fs][MAC - Safari] 🤖 Mode:            DESKTOP
🤖 Tracking URL:     https://flmtra.com/?a=659&oc=841&c=2210&s1=
🤖 Target Sheet:    PPC FS
🤖 ================================================================
[ppc-fs][MAC - Safari] 🔌 [Browser Interceptor] Intercepting and optimizing engine: WEBKIT
[ppc-fs][MAC - Safari] 💻 Emulated Device Profile: DESKTOP - [MAC - Safari]
[ppc-fs][MAC - Safari] 🔄 Processing lead for brand: PPC FS
[ppc-fs][MAC - Safari] 📊 Campaign execution run index: 63
[ppc-fs][MAC - Safari] 🎯 Enforcing dynamic credentials & parameters:
   - First Name:   ckmtestpixel
   - Last Name:    ckmtestpixel
   - Email:        ckmtestpixel@gmail.com
   - Phone Number: 401-247-1063
   - Slider Value: 3,894
   - State Value:  Indiana (IN)
[ppc-fs][MAC - Safari] 🔗 Navigating to: https://flmtra.com/?a=659&oc=841&c=2210&s1=
[ppc-fs][MAC - Safari] [STDERR] ❌ Failed processing PPC FS: page.goto: Could not resolve hostname
Call log:
[2m  - navigating to "https://flmtra.com/?a=659&oc=841&c=2210&s1=", waiting until "networkidle"[22m

[ppc-fs][MAC - Safari] 
✅ Execution successfully processed! {
  success: false,
  error: 'page.goto: Could not resolve hostname\n' +
    'Call log:\n' +
    '\x1B[2m  - navigating to "https://flmtra.com/?a=659&oc=841&c=2210&s1=", waiting until "networkidle"\x1B[22m\n',
  brand: 'PPC FS'
}
[ppc-fs][MAC - Safari] 📋 Trace report successfully saved: traces/ppc-fs_desktop.zip
✅ [18/5/2026, 1:29:41 pm] COMPLETED: ppc-fs [MAC - Safari][WEBKIT]

================================================================
🚀 [18/5/2026, 1:29:41 pm] RUNNING: PPC FS [MAC - CHROME]
🔗 Target URL: https://flmtra.com/?a=659&oc=841&c=2210&s1=
================================================================
[ppc-fs][MAC - Chrome] 🔌 [Browser Interceptor] Intercepting and optimizing engine: CHROMIUM
[ppc-fs][MAC - Chrome] ◇ injected env (0) from .env // tip: ⌘ enable debugging { debug: true }
[ppc-fs][MAC - Chrome] ◇ injected env (0) from .env // tip: ⌘ enable debugging { debug: true }
[ppc-fs][MAC - Chrome] ◇ injected env (0) from .env // tip: ⌘ multiple files { path: ['.env.local', '.env'] }
[ppc-fs][MAC - Chrome] ◇ injected env (0) from .env // tip: ◈ encrypted .env [www.dotenvx.com]
[ppc-fs][MAC - Chrome] ◇ injected env (0) from .env // tip: ⌘ suppress logs { quiet: true }
[ppc-fs][MAC - Chrome] 
🤖 ================================================================
🤖 MASTER RUNNER: LAUNCHING PPC FS
[ppc-fs][MAC - Chrome] 🤖 Mode:            DESKTOP
🤖 Tracking URL:     https://flmtra.com/?a=659&oc=841&c=2210&s1=
🤖 Target Sheet:    PPC FS
🤖 ================================================================
[ppc-fs][MAC - Chrome] 🔌 [Browser Interceptor] Intercepting and optimizing engine: CHROMIUM
[ppc-fs][MAC - Chrome] 💻 Emulated Device Profile: DESKTOP - [MAC - Chrome]
[ppc-fs][MAC - Chrome] 🔄 Processing lead for brand: PPC FS
[ppc-fs][MAC - Chrome] 📊 Campaign execution run index: 64
[ppc-fs][MAC - Chrome] 🎯 Enforcing dynamic credentials & parameters:
   - First Name:   ckmtestpixel
   - Last Name:    ckmtestpixel
   - Email:        ckmtestpixel@gmail.com
   - Phone Number: 401-247-1064
   - Slider Value: 6,566
   - State Value:  Iowa (IA)
[ppc-fs][MAC - Chrome] 🔗 Navigating to: https://flmtra.com/?a=659&oc=841&c=2210&s1=
[ppc-fs][MAC - Chrome] [STDERR] ❌ Failed processing PPC FS: page.goto: net::ERR_INTERNET_DISCONNECTED at https://flmtra.com/?a=659&oc=841&c=2210&s1=
Call log:
[2m  - navigating to "https://flmtra.com/?a=659&oc=841&c=2210&s1=", waiting until "networkidle"[22m

[ppc-fs][MAC - Chrome] 
✅ Execution successfully processed! {
  success: false,
  error: 'page.goto: net::ERR_INTERNET_DISCONNECTED at https://flmtra.com/?a=659&oc=841&c=2210&s1=\n' +
    'Call log:\n' +
    '\x1B[2m  - navigating to "https://flmtra.com/?a=659&oc=841&c=2210&s1=", waiting until "networkidle"\x1B[22m\n',
  brand: 'PPC FS'
}
[ppc-fs][MAC - Chrome] 📋 Trace report successfully saved: traces/ppc-fs_desktop.zip
✅ [18/5/2026, 1:29:47 pm] COMPLETED: ppc-fs [MAC - Chrome][CHROMIUM]

================================================================
⚡ Processing Campaign Matrix: [PPC]
================================================================

================================================================
🚀 [18/5/2026, 1:29:47 pm] RUNNING: PPC [ANDROID - CHROME]
🔗 Target URL: https://flmtra.com/?a=659&oc=782&c=2210&s1=
================================================================
[ppc][Android - Chrome] 🔌 [Browser Interceptor] Intercepting and optimizing engine: CHROMIUM
[ppc][Android - Chrome] ◇ injected env (0) from .env // tip: ⌘ override existing { override: true }
[ppc][Android - Chrome] ◇ injected env (0) from .env // tip: ⌘ enable debugging { debug: true }
[ppc][Android - Chrome] ◇ injected env (0) from .env // tip: ⌘ enable debugging { debug: true }
[ppc][Android - Chrome] ◇ injected env (0) from .env // tip: ⌁ auth for agents [www.vestauth.com]
[ppc][Android - Chrome] ◇ injected env (0) from .env // tip: ⌘ custom filepath { path: '/custom/path/.env' }
[ppc][Android - Chrome] 
🤖 ================================================================
[ppc][Android - Chrome] 🤖 MASTER RUNNER: LAUNCHING PPC
🤖 Mode:            MOBILE
[ppc][Android - Chrome] 🤖 Tracking URL:     https://flmtra.com/?a=659&oc=782&c=2210&s1=
[ppc][Android - Chrome] 🤖 Target Sheet:    PPC
🤖 ================================================================
[ppc][Android - Chrome] 🔌 [Browser Interceptor] Intercepting and optimizing engine: CHROMIUM
[ppc][Android - Chrome] 📋 Emulated Device Profile: MOBILE (Pixel 7) - [Android - Chrome]
[ppc][Android - Chrome] ⏳ Delaying 200ms to allow responsive layouts to mount...
[ppc][Android - Chrome] 🔄 Processing lead for brand: PPC Mobile
[ppc][Android - Chrome] 📊 Campaign execution run index: 46
[ppc][Android - Chrome] 🎯 Enforcing dynamic credentials & parameters:
   - First Name:   ckmtestpixel
   - Last Name:    ckmtestpixel
   - Email:        ckmtestpixel@gmail.com
   - Phone Number: 401-247-1046
   - Slider Value: 45,934
   - State Value:  Washington (WA)
[ppc][Android - Chrome] 🔗 [Mobile] Navigating to: https://flmtra.com/?a=659&oc=782&c=2210&s1=
[ppc][Android - Chrome] [STDERR] ❌ Failed processing PPC Mobile: page.goto: net::ERR_INTERNET_DISCONNECTED at https://flmtra.com/?a=659&oc=782&c=2210&s1=
Call log:
[2m  - navigating to "https://flmtra.com/?a=659&oc=782&c=2210&s1=", waiting until "networkidle"[22m

[ppc][Android - Chrome] 
✅ Execution successfully processed! {
  success: false,
  error: 'page.goto: net::ERR_INTERNET_DISCONNECTED at https://flmtra.com/?a=659&oc=782&c=2210&s1=\n' +
    'Call log:\n' +
    '\x1B[2m  - navigating to "https://flmtra.com/?a=659&oc=782&c=2210&s1=", waiting until "networkidle"\x1B[22m\n',
  brand: 'PPC Mobile'
}
[ppc][Android - Chrome] 📋 Trace report successfully saved: traces/ppc_mobile.zip
✅ [18/5/2026, 1:29:53 pm] COMPLETED: ppc [Android - Chrome][CHROMIUM]

================================================================
🚀 [18/5/2026, 1:29:53 pm] RUNNING: PPC [ANDROID - FIREFOX]
🔗 Target URL: https://flmtra.com/?a=659&oc=782&c=2210&s1=
================================================================
[ppc][Android - Firefox] 🔌 [Browser Interceptor] Intercepting and optimizing engine: FIREFOX
[ppc][Android - Firefox] ◇ injected env (0) from .env // tip: ⌘ suppress logs { quiet: true }
[ppc][Android - Firefox] ◇ injected env (0) from .env // tip: ⌁ auth for agents [www.vestauth.com]
[ppc][Android - Firefox] ◇ injected env (0) from .env // tip: ⌘ override existing { override: true }
[ppc][Android - Firefox] ◇ injected env (0) from .env // tip: ⌘ override existing { override: true }
[ppc][Android - Firefox] ◇ injected env (0) from .env // tip: ◈ secrets for agents [www.dotenvx.com]
[ppc][Android - Firefox] 
🤖 ================================================================
[ppc][Android - Firefox] 🤖 MASTER RUNNER: LAUNCHING PPC
🤖 Mode:            MOBILE
[ppc][Android - Firefox] 🤖 Tracking URL:     https://flmtra.com/?a=659&oc=782&c=2210&s1=
[ppc][Android - Firefox] 🤖 Target Sheet:    PPC
[ppc][Android - Firefox] 🤖 ================================================================
[ppc][Android - Firefox] 🔌 [Browser Interceptor] Intercepting and optimizing engine: FIREFOX
[ppc][Android - Firefox] 📋 Emulated Device Profile: MOBILE (Pixel 7) - [Android - Firefox]
[ppc][Android - Firefox] 🔌 [Browser Interceptor] Sanitizing mobile context options for Firefox emulation...
🔌 [Browser Interceptor] Sanitizing mobile context options for Firefox emulation...
[ppc][Android - Firefox] ⏳ Delaying 200ms to allow responsive layouts to mount...
[ppc][Android - Firefox] 🔄 Processing lead for brand: PPC Mobile
[ppc][Android - Firefox] 📊 Campaign execution run index: 47
[ppc][Android - Firefox] 🎯 Enforcing dynamic credentials & parameters:
   - First Name:   ckmtestpixel
[ppc][Android - Firefox]    - Last Name:    ckmtestpixel
   - Email:        ckmtestpixel@gmail.com
   - Phone Number: 401-247-1047
   - Slider Value: 66,259
   - State Value:  West Virginia (WV)
[ppc][Android - Firefox] 🔗 [Mobile] Navigating to: https://flmtra.com/?a=659&oc=782&c=2210&s1=
[ppc][Android - Firefox] [STDERR] ❌ Failed processing PPC Mobile: page.goto: NS_ERROR_UNKNOWN_HOST
Call log:
[2m  - navigating to "https://flmtra.com/?a=659&oc=782&c=2210&s1=", waiting until "networkidle"[22m

[ppc][Android - Firefox] 
✅ Execution successfully processed! {
  success: false,
  error: 'page.goto: NS_ERROR_UNKNOWN_HOST\n' +
    'Call log:\n' +
    '\x1B[2m  - navigating to "https://flmtra.com/?a=659&oc=782&c=2210&s1=", waiting until "networkidle"\x1B[22m\n',
  brand: 'PPC Mobile'
}
[ppc][Android - Firefox] 📋 Trace report successfully saved: traces/ppc_mobile.zip
✅ [18/5/2026, 1:30:02 pm] COMPLETED: ppc [Android - Firefox][FIREFOX]

================================================================
🚀 [18/5/2026, 1:30:02 pm] RUNNING: PPC [IOS - CHROME]
🔗 Target URL: https://flmtra.com/?a=659&oc=782&c=2210&s1=
================================================================
[ppc][iOS - Chrome] 🔌 [Browser Interceptor] Intercepting and optimizing engine: CHROMIUM
[ppc][iOS - Chrome] ◇ injected env (0) from .env // tip: ⌘ custom filepath { path: '/custom/path/.env' }
[ppc][iOS - Chrome] ◇ injected env (0) from .env // tip: ⌘ enable debugging { debug: true }
[ppc][iOS - Chrome] ◇ injected env (0) from .env // tip: ⌘ enable debugging { debug: true }
[ppc][iOS - Chrome] ◇ injected env (0) from .env // tip: ⌘ override existing { override: true }
[ppc][iOS - Chrome] ◇ injected env (0) from .env // tip: ⌘ multiple files { path: ['.env.local', '.env'] }
[ppc][iOS - Chrome] 
🤖 ================================================================
🤖 MASTER RUNNER: LAUNCHING PPC
[ppc][iOS - Chrome] 🤖 Mode:            MOBILE
🤖 Tracking URL:     https://flmtra.com/?a=659&oc=782&c=2210&s1=
🤖 Target Sheet:    PPC
🤖 ================================================================
[ppc][iOS - Chrome] 🔌 [Browser Interceptor] Intercepting and optimizing engine: CHROMIUM
[ppc][iOS - Chrome] 📋 Emulated Device Profile: MOBILE (iPhone 17 Pro Mode) - [iOS - Chrome]
[ppc][iOS - Chrome] ⏳ Delaying 200ms to allow responsive layouts to mount...
[ppc][iOS - Chrome] 🔄 Processing lead for brand: PPC Mobile
[ppc][iOS - Chrome] 📊 Campaign execution run index: 48
[ppc][iOS - Chrome] 🎯 Enforcing dynamic credentials & parameters:
   - First Name:   ckmtestpixel
   - Last Name:    ckmtestpixel
   - Email:        ckmtestpixel@gmail.com
   - Phone Number: 401-247-1048
   - Slider Value: 1,12,523
   - State Value:  Wisconsin (WI)
[ppc][iOS - Chrome] 🔗 [Mobile] Navigating to: https://flmtra.com/?a=659&oc=782&c=2210&s1=
[ppc][iOS - Chrome] [STDERR] ❌ Failed processing PPC Mobile: page.goto: net::ERR_INTERNET_DISCONNECTED at https://flmtra.com/?a=659&oc=782&c=2210&s1=
Call log:
[2m  - navigating to "https://flmtra.com/?a=659&oc=782&c=2210&s1=", waiting until "networkidle"[22m

[ppc][iOS - Chrome] 
✅ Execution successfully processed! {
  success: false,
  error: 'page.goto: net::ERR_INTERNET_DISCONNECTED at https://flmtra.com/?a=659&oc=782&c=2210&s1=\n' +
    'Call log:\n' +
    '\x1B[2m  - navigating to "https://flmtra.com/?a=659&oc=782&c=2210&s1=", waiting until "networkidle"\x1B[22m\n',
  brand: 'PPC Mobile'
}
[ppc][iOS - Chrome] 📋 Trace report successfully saved: traces/ppc_mobile.zip
✅ [18/5/2026, 1:30:08 pm] COMPLETED: ppc [iOS - Chrome][CHROMIUM]

================================================================
🚀 [18/5/2026, 1:30:08 pm] RUNNING: PPC [IOS - SAFARI]
🔗 Target URL: https://flmtra.com/?a=659&oc=782&c=2210&s1=
================================================================
[ppc][iOS - Safari] 🔌 [Browser Interceptor] Intercepting and optimizing engine: WEBKIT
[ppc][iOS - Safari] ◇ injected env (0) from .env // tip: ⌁ auth for agents [www.vestauth.com]
[ppc][iOS - Safari] ◇ injected env (0) from .env // tip: ⌘ override existing { override: true }
[ppc][iOS - Safari] ◇ injected env (0) from .env // tip: ⌘ override existing { override: true }
[ppc][iOS - Safari] ◇ injected env (0) from .env // tip: ⌘ enable debugging { debug: true }
[ppc][iOS - Safari] ◇ injected env (0) from .env // tip: ◈ encrypted .env [www.dotenvx.com]
[ppc][iOS - Safari] 
🤖 ================================================================
🤖 MASTER RUNNER: LAUNCHING PPC
🤖 Mode:            MOBILE
[ppc][iOS - Safari] 🤖 Tracking URL:     https://flmtra.com/?a=659&oc=782&c=2210&s1=
🤖 Target Sheet:    PPC
🤖 ================================================================
[ppc][iOS - Safari] 🔌 [Browser Interceptor] Intercepting and optimizing engine: WEBKIT
[ppc][iOS - Safari] 📋 Emulated Device Profile: MOBILE (iPhone 17 Pro Mode) - [iOS - Safari]
[ppc][iOS - Safari] ⏳ Delaying 200ms to allow responsive layouts to mount...
[ppc][iOS - Safari] 🔄 Processing lead for brand: PPC Mobile
[ppc][iOS - Safari] 📊 Campaign execution run index: 49
[ppc][iOS - Safari] 🎯 Enforcing dynamic credentials & parameters:
   - First Name:   ckmtestpixel
[ppc][iOS - Safari]    - Last Name:    ckmtestpixel
   - Email:        ckmtestpixel@gmail.com
   - Phone Number: 401-247-1049
   - Slider Value: 1,720
   - State Value:  Wyoming (WY)
[ppc][iOS - Safari] 🔗 [Mobile] Navigating to: https://flmtra.com/?a=659&oc=782&c=2210&s1=
[ppc][iOS - Safari] [STDERR] ❌ Failed processing PPC Mobile: page.goto: Could not resolve hostname
Call log:
[2m  - navigating to "https://flmtra.com/?a=659&oc=782&c=2210&s1=", waiting until "networkidle"[22m

[ppc][iOS - Safari] 
✅ Execution successfully processed! {
  success: false,
  error: 'page.goto: Could not resolve hostname\n' +
    'Call log:\n' +
    '\x1B[2m  - navigating to "https://flmtra.com/?a=659&oc=782&c=2210&s1=", waiting until "networkidle"\x1B[22m\n',
  brand: 'PPC Mobile'
}
[ppc][iOS - Safari] 📋 Trace report successfully saved: traces/ppc_mobile.zip
✅ [18/5/2026, 1:30:14 pm] COMPLETED: ppc [iOS - Safari][WEBKIT]

================================================================
🚀 [18/5/2026, 1:30:14 pm] RUNNING: PPC [TABLET - SAFARI]
🔗 Target URL: https://flmtra.com/?a=659&oc=782&c=2210&s1=
================================================================
[ppc][Tablet - Safari] 🔌 [Browser Interceptor] Intercepting and optimizing engine: WEBKIT
[ppc][Tablet - Safari] ◇ injected env (0) from .env // tip: ⌘ suppress logs { quiet: true }
[ppc][Tablet - Safari] ◇ injected env (0) from .env // tip: ⌘ override existing { override: true }
[ppc][Tablet - Safari] ◇ injected env (0) from .env // tip: ⌘ custom filepath { path: '/custom/path/.env' }
[ppc][Tablet - Safari] ◇ injected env (0) from .env // tip: ⌘ multiple files { path: ['.env.local', '.env'] }
[ppc][Tablet - Safari] ◇ injected env (0) from .env // tip: ⌘ override existing { override: true }
[ppc][Tablet - Safari] 
🤖 ================================================================
🤖 MASTER RUNNER: LAUNCHING PPC
[ppc][Tablet - Safari] 🤖 Mode:            TABLET
🤖 Tracking URL:     https://flmtra.com/?a=659&oc=782&c=2210&s1=
🤖 Target Sheet:    PPC
🤖 ================================================================
[ppc][Tablet - Safari] 🔌 [Browser Interceptor] Intercepting and optimizing engine: WEBKIT
[ppc][Tablet - Safari] 📋 Emulated Device Profile: TABLET (iPad Pro 11) - [Tablet - Safari]
[ppc][Tablet - Safari] ⏳ Delaying 200ms to allow responsive layouts to mount...
[ppc][Tablet - Safari] 🔄 Processing lead for brand: PPC Tablet
[ppc][Tablet - Safari] 📊 Campaign execution run index: 50
[ppc][Tablet - Safari] 🎯 Enforcing dynamic credentials & parameters:
   - First Name:   ckmtestpixel
   - Last Name:    ckmtestpixel
   - Email:        ckmtestpixel@gmail.com
   - Phone Number: 401-247-1050
   - Slider Value: 6,812
   - State Value:  Alabama (AL)
[ppc][Tablet - Safari] 🔗 [Mobile] Navigating to: https://flmtra.com/?a=659&oc=782&c=2210&s1=
[ppc][Tablet - Safari] [STDERR] ❌ Failed processing PPC Tablet: page.goto: Could not resolve hostname
Call log:
[2m  - navigating to "https://flmtra.com/?a=659&oc=782&c=2210&s1=", waiting until "networkidle"[22m

[ppc][Tablet - Safari] 
✅ Execution successfully processed! {
  success: false,
  error: 'page.goto: Could not resolve hostname\n' +
    'Call log:\n' +
    '\x1B[2m  - navigating to "https://flmtra.com/?a=659&oc=782&c=2210&s1=", waiting until "networkidle"\x1B[22m\n',
  brand: 'PPC Tablet'
}
[ppc][Tablet - Safari] 📋 Trace report successfully saved: traces/ppc_tablet.zip
✅ [18/5/2026, 1:30:20 pm] COMPLETED: ppc [Tablet - Safari][WEBKIT]

================================================================
🚀 [18/5/2026, 1:30:20 pm] RUNNING: PPC [TABLET - CHROME]
🔗 Target URL: https://flmtra.com/?a=659&oc=782&c=2210&s1=
================================================================
[ppc][Tablet - Chrome] 🔌 [Browser Interceptor] Intercepting and optimizing engine: CHROMIUM
[ppc][Tablet - Chrome] ◇ injected env (0) from .env // tip: ⌘ multiple files { path: ['.env.local', '.env'] }
[ppc][Tablet - Chrome] ◇ injected env (0) from .env // tip: ⌘ custom filepath { path: '/custom/path/.env' }
[ppc][Tablet - Chrome] ◇ injected env (0) from .env // tip: ◈ secrets for agents [www.dotenvx.com]
[ppc][Tablet - Chrome] ◇ injected env (0) from .env // tip: ◈ encrypted .env [www.dotenvx.com]
[ppc][Tablet - Chrome] ◇ injected env (0) from .env // tip: ◈ encrypted .env [www.dotenvx.com]
[ppc][Tablet - Chrome] 
🤖 ================================================================
🤖 MASTER RUNNER: LAUNCHING PPC
[ppc][Tablet - Chrome] 🤖 Mode:            TABLET
🤖 Tracking URL:     https://flmtra.com/?a=659&oc=782&c=2210&s1=
[ppc][Tablet - Chrome] 🤖 Target Sheet:    PPC
🤖 ================================================================
[ppc][Tablet - Chrome] 🔌 [Browser Interceptor] Intercepting and optimizing engine: CHROMIUM
[ppc][Tablet - Chrome] 📋 Emulated Device Profile: TABLET (iPad Pro 11) - [Tablet - Chrome]
[ppc][Tablet - Chrome] ⏳ Delaying 200ms to allow responsive layouts to mount...
[ppc][Tablet - Chrome] 🔄 Processing lead for brand: PPC Tablet
[ppc][Tablet - Chrome] 📊 Campaign execution run index: 51
[ppc][Tablet - Chrome] 🎯 Enforcing dynamic credentials & parameters:
   - First Name:   ckmtestpixel
   - Last Name:    ckmtestpixel
   - Email:        ckmtestpixel@gmail.com
   - Phone Number: 401-247-1051
   - Slider Value: 7,814
   - State Value:  Alaska (AK)
[ppc][Tablet - Chrome] 🔗 [Mobile] Navigating to: https://flmtra.com/?a=659&oc=782&c=2210&s1=
[ppc][Tablet - Chrome] [STDERR] ❌ Failed processing PPC Tablet: page.goto: net::ERR_INTERNET_DISCONNECTED at https://flmtra.com/?a=659&oc=782&c=2210&s1=
Call log:
[2m  - navigating to "https://flmtra.com/?a=659&oc=782&c=2210&s1=", waiting until "networkidle"[22m

[ppc][Tablet - Chrome] 
✅ Execution successfully processed! {
  success: false,
  error: 'page.goto: net::ERR_INTERNET_DISCONNECTED at https://flmtra.com/?a=659&oc=782&c=2210&s1=\n' +
    'Call log:\n' +
    '\x1B[2m  - navigating to "https://flmtra.com/?a=659&oc=782&c=2210&s1=", waiting until "networkidle"\x1B[22m\n',
  brand: 'PPC Tablet'
}
[ppc][Tablet - Chrome] 📋 Trace report successfully saved: traces/ppc_tablet.zip
✅ [18/5/2026, 1:30:27 pm] COMPLETED: ppc [Tablet - Chrome][CHROMIUM]

================================================================
🚀 [18/5/2026, 1:30:27 pm] RUNNING: PPC [WINDOWS - CHROME]
🔗 Target URL: https://flmtra.com/?a=659&oc=782&c=2210&s1=
================================================================
[ppc][Windows - Chrome] 🔌 [Browser Interceptor] Intercepting and optimizing engine: CHROMIUM
[ppc][Windows - Chrome] ◇ injected env (0) from .env // tip: ◈ secrets for agents [www.dotenvx.com]
[ppc][Windows - Chrome] ◇ injected env (0) from .env // tip: ◈ secrets for agents [www.dotenvx.com]
[ppc][Windows - Chrome] ◇ injected env (0) from .env // tip: ◈ encrypted .env [www.dotenvx.com]
[ppc][Windows - Chrome] ◇ injected env (0) from .env // tip: ⌘ custom filepath { path: '/custom/path/.env' }
[ppc][Windows - Chrome] ◇ injected env (0) from .env // tip: ◈ secrets for agents [www.dotenvx.com]
[ppc][Windows - Chrome] 
🤖 ================================================================
🤖 MASTER RUNNER: LAUNCHING PPC
[ppc][Windows - Chrome] 🤖 Mode:            DESKTOP
🤖 Tracking URL:     https://flmtra.com/?a=659&oc=782&c=2210&s1=
🤖 Target Sheet:    PPC
[ppc][Windows - Chrome] 🤖 ================================================================
[ppc][Windows - Chrome] 🔌 [Browser Interceptor] Intercepting and optimizing engine: CHROMIUM
[ppc][Windows - Chrome] 💻 Emulated Device Profile: DESKTOP - [Windows - Chrome]
[ppc][Windows - Chrome] 🔄 Processing lead for brand: PPC
[ppc][Windows - Chrome] 📊 Campaign execution run index: 52
[ppc][Windows - Chrome] 🎯 Enforcing dynamic credentials & parameters:
   - First Name:   ckmtestpixel
   - Last Name:    ckmtestpixel
   - Email:        ckmtestpixel@gmail.com
   - Phone Number: 401-247-1052
   - Slider Value: 13,016
   - State Value:  Arizona (AZ)
[ppc][Windows - Chrome] 🔗 Navigating to: https://flmtra.com/?a=659&oc=782&c=2210&s1=
[ppc][Windows - Chrome] [STDERR] ❌ Failed processing PPC: page.goto: net::ERR_INTERNET_DISCONNECTED at https://flmtra.com/?a=659&oc=782&c=2210&s1=
Call log:
[2m  - navigating to "https://flmtra.com/?a=659&oc=782&c=2210&s1=", waiting until "networkidle"[22m

[ppc][Windows - Chrome] 
✅ Execution successfully processed! {
  success: false,
  error: 'page.goto: net::ERR_INTERNET_DISCONNECTED at https://flmtra.com/?a=659&oc=782&c=2210&s1=\n' +
    'Call log:\n' +
    '\x1B[2m  - navigating to "https://flmtra.com/?a=659&oc=782&c=2210&s1=", waiting until "networkidle"\x1B[22m\n',
  brand: 'PPC'
}
[ppc][Windows - Chrome] 📋 Trace report successfully saved: traces/ppc_desktop.zip
✅ [18/5/2026, 1:30:33 pm] COMPLETED: ppc [Windows - Chrome][CHROMIUM]

================================================================
🚀 [18/5/2026, 1:30:33 pm] RUNNING: PPC [WINDOWS - FIREFOX]
🔗 Target URL: https://flmtra.com/?a=659&oc=782&c=2210&s1=
================================================================
[ppc][Windows - Firefox] 🔌 [Browser Interceptor] Intercepting and optimizing engine: FIREFOX
[ppc][Windows - Firefox] ◇ injected env (0) from .env // tip: ◈ encrypted .env [www.dotenvx.com]
[ppc][Windows - Firefox] ◇ injected env (0) from .env // tip: ⌘ custom filepath { path: '/custom/path/.env' }
[ppc][Windows - Firefox] ◇ injected env (0) from .env // tip: ⌘ suppress logs { quiet: true }
[ppc][Windows - Firefox] ◇ injected env (0) from .env // tip: ◈ encrypted .env [www.dotenvx.com]
[ppc][Windows - Firefox] ◇ injected env (0) from .env // tip: ⌘ custom filepath { path: '/custom/path/.env' }
[ppc][Windows - Firefox] 
🤖 ================================================================
[ppc][Windows - Firefox] 🤖 MASTER RUNNER: LAUNCHING PPC
🤖 Mode:            DESKTOP
[ppc][Windows - Firefox] 🤖 Tracking URL:     https://flmtra.com/?a=659&oc=782&c=2210&s1=
[ppc][Windows - Firefox] 🤖 Target Sheet:    PPC
🤖 ================================================================
[ppc][Windows - Firefox] 🔌 [Browser Interceptor] Intercepting and optimizing engine: FIREFOX
[ppc][Windows - Firefox] 💻 Emulated Device Profile: DESKTOP - [Windows - Firefox]
[ppc][Windows - Firefox] 🔌 [Browser Interceptor] Sanitizing mobile context options for Firefox emulation...
🔌 [Browser Interceptor] Sanitizing mobile context options for Firefox emulation...
[ppc][Windows - Firefox] 🔄 Processing lead for brand: PPC
[ppc][Windows - Firefox] 📊 Campaign execution run index: 53
[ppc][Windows - Firefox] 🎯 Enforcing dynamic credentials & parameters:
   - First Name:   ckmtestpixel
[ppc][Windows - Firefox]    - Last Name:    ckmtestpixel
[ppc][Windows - Firefox]    - Email:        ckmtestpixel@gmail.com
   - Phone Number: 401-247-1053
[ppc][Windows - Firefox]    - Slider Value: 42,514
   - State Value:  Arkansas (AR)
[ppc][Windows - Firefox] 🔗 Navigating to: https://flmtra.com/?a=659&oc=782&c=2210&s1=
[ppc][Windows - Firefox] [STDERR] ❌ Failed processing PPC: page.goto: NS_ERROR_UNKNOWN_HOST
Call log:
[2m  - navigating to "https://flmtra.com/?a=659&oc=782&c=2210&s1=", waiting until "networkidle"[22m

[ppc][Windows - Firefox] 
✅ Execution successfully processed! {
  success: false,
  error: 'page.goto: NS_ERROR_UNKNOWN_HOST\n' +
    'Call log:\n' +
    '\x1B[2m  - navigating to "https://flmtra.com/?a=659&oc=782&c=2210&s1=", waiting until "networkidle"\x1B[22m\n',
  brand: 'PPC'
}
[ppc][Windows - Firefox] 📋 Trace report successfully saved: traces/ppc_desktop.zip
✅ [18/5/2026, 1:30:41 pm] COMPLETED: ppc [Windows - Firefox][FIREFOX]

================================================================
🚀 [18/5/2026, 1:30:42 pm] RUNNING: PPC [MAC - SAFARI]
🔗 Target URL: https://flmtra.com/?a=659&oc=782&c=2210&s1=
================================================================
[ppc][MAC - Safari] 🔌 [Browser Interceptor] Intercepting and optimizing engine: WEBKIT
[ppc][MAC - Safari] ◇ injected env (0) from .env // tip: ◈ secrets for agents [www.dotenvx.com]
[ppc][MAC - Safari] ◇ injected env (0) from .env // tip: ⌘ multiple files { path: ['.env.local', '.env'] }
[ppc][MAC - Safari] ◇ injected env (0) from .env // tip: ◈ secrets for agents [www.dotenvx.com]
[ppc][MAC - Safari] ◇ injected env (0) from .env // tip: ⌘ multiple files { path: ['.env.local', '.env'] }
[ppc][MAC - Safari] ◇ injected env (0) from .env // tip: ⌘ multiple files { path: ['.env.local', '.env'] }
[ppc][MAC - Safari] 
🤖 ================================================================
🤖 MASTER RUNNER: LAUNCHING PPC
[ppc][MAC - Safari] 🤖 Mode:            DESKTOP
🤖 Tracking URL:     https://flmtra.com/?a=659&oc=782&c=2210&s1=
[ppc][MAC - Safari] 🤖 Target Sheet:    PPC
🤖 ================================================================
[ppc][MAC - Safari] 🔌 [Browser Interceptor] Intercepting and optimizing engine: WEBKIT
[ppc][MAC - Safari] 💻 Emulated Device Profile: DESKTOP - [MAC - Safari]
[ppc][MAC - Safari] 🔄 Processing lead for brand: PPC
[ppc][MAC - Safari] 📊 Campaign execution run index: 54
[ppc][MAC - Safari] 🎯 Enforcing dynamic credentials & parameters:
   - First Name:   ckmtestpixel
   - Last Name:    ckmtestpixel
[ppc][MAC - Safari]    - Email:        ckmtestpixel@gmail.com
   - Phone Number: 401-247-1054
   - Slider Value: 51,437
   - State Value:  California (CA)
[ppc][MAC - Safari] 🔗 Navigating to: https://flmtra.com/?a=659&oc=782&c=2210&s1=
[ppc][MAC - Safari] [STDERR] ❌ Failed processing PPC: page.goto: Could not resolve hostname
Call log:
[2m  - navigating to "https://flmtra.com/?a=659&oc=782&c=2210&s1=", waiting until "networkidle"[22m

[ppc][MAC - Safari] 
✅ Execution successfully processed! {
  success: false,
  error: 'page.goto: Could not resolve hostname\n' +
    'Call log:\n' +
    '\x1B[2m  - navigating to "https://flmtra.com/?a=659&oc=782&c=2210&s1=", waiting until "networkidle"\x1B[22m\n',
  brand: 'PPC'
}
[ppc][MAC - Safari] 📋 Trace report successfully saved: traces/ppc_desktop.zip
✅ [18/5/2026, 1:30:47 pm] COMPLETED: ppc [MAC - Safari][WEBKIT]

================================================================
🚀 [18/5/2026, 1:30:48 pm] RUNNING: PPC [MAC - CHROME]
🔗 Target URL: https://flmtra.com/?a=659&oc=782&c=2210&s1=
================================================================
[ppc][MAC - Chrome] 🔌 [Browser Interceptor] Intercepting and optimizing engine: CHROMIUM
[ppc][MAC - Chrome] ◇ injected env (0) from .env // tip: ◈ secrets for agents [www.dotenvx.com]
[ppc][MAC - Chrome] ◇ injected env (0) from .env // tip: ◈ encrypted .env [www.dotenvx.com]
[ppc][MAC - Chrome] ◇ injected env (0) from .env // tip: ⌁ auth for agents [www.vestauth.com]
[ppc][MAC - Chrome] ◇ injected env (0) from .env // tip: ⌘ enable debugging { debug: true }
[ppc][MAC - Chrome] ◇ injected env (0) from .env // tip: ◈ encrypted .env [www.dotenvx.com]
[ppc][MAC - Chrome] 
🤖 ================================================================
[ppc][MAC - Chrome] 🤖 MASTER RUNNER: LAUNCHING PPC
🤖 Mode:            DESKTOP
[ppc][MAC - Chrome] 🤖 Tracking URL:     https://flmtra.com/?a=659&oc=782&c=2210&s1=
🤖 Target Sheet:    PPC
[ppc][MAC - Chrome] 🤖 ================================================================
[ppc][MAC - Chrome] 🔌 [Browser Interceptor] Intercepting and optimizing engine: CHROMIUM
[ppc][MAC - Chrome] 💻 Emulated Device Profile: DESKTOP - [MAC - Chrome]
[ppc][MAC - Chrome] 🔄 Processing lead for brand: PPC
[ppc][MAC - Chrome] 📊 Campaign execution run index: 55
[ppc][MAC - Chrome] 🎯 Enforcing dynamic credentials & parameters:
   - First Name:   ckmtestpixel
   - Last Name:    ckmtestpixel
   - Email:        ckmtestpixel@gmail.com
   - Phone Number: 401-247-1055
[ppc][MAC - Chrome]    - Slider Value: 1,42,088
   - State Value:  Colorado (CO)
[ppc][MAC - Chrome] 🔗 Navigating to: https://flmtra.com/?a=659&oc=782&c=2210&s1=
[ppc][MAC - Chrome] [STDERR] ❌ Failed processing PPC: page.goto: net::ERR_INTERNET_DISCONNECTED at https://flmtra.com/?a=659&oc=782&c=2210&s1=
Call log:
[2m  - navigating to "https://flmtra.com/?a=659&oc=782&c=2210&s1=", waiting until "networkidle"[22m

[ppc][MAC - Chrome] 
✅ Execution successfully processed! {
  success: false,
  error: 'page.goto: net::ERR_INTERNET_DISCONNECTED at https://flmtra.com/?a=659&oc=782&c=2210&s1=\n' +
    'Call log:\n' +
    '\x1B[2m  - navigating to "https://flmtra.com/?a=659&oc=782&c=2210&s1=", waiting until "networkidle"\x1B[22m\n',
  brand: 'PPC'
}
[ppc][MAC - Chrome] 📋 Trace report successfully saved: traces/ppc_desktop.zip
✅ [18/5/2026, 1:30:54 pm] COMPLETED: ppc [MAC - Chrome][CHROMIUM]

================================================================
⚡ Processing Campaign Matrix: [TRA-CPM]
================================================================

================================================================
🚀 [18/5/2026, 1:30:54 pm] RUNNING: TRA-CPM [ANDROID - CHROME]
🔗 Target URL: https://flmtra.com/?a=659&oc=763&c=2225&s1=
================================================================
[tra-cpm][Android - Chrome] 🔌 [Browser Interceptor] Intercepting and optimizing engine: CHROMIUM
[tra-cpm][Android - Chrome] ◇ injected env (0) from .env // tip: ⌘ enable debugging { debug: true }
[tra-cpm][Android - Chrome] ◇ injected env (0) from .env // tip: ⌘ override existing { override: true }
[tra-cpm][Android - Chrome] ◇ injected env (0) from .env // tip: ◈ secrets for agents [www.dotenvx.com]
[tra-cpm][Android - Chrome] ◇ injected env (0) from .env // tip: ⌘ custom filepath { path: '/custom/path/.env' }
[tra-cpm][Android - Chrome] ◇ injected env (0) from .env // tip: ◈ encrypted .env [www.dotenvx.com]
[tra-cpm][Android - Chrome] 
🤖 ================================================================
🤖 MASTER RUNNER: LAUNCHING TRA-CPM
[tra-cpm][Android - Chrome] 🤖 Mode:            MOBILE
🤖 Tracking URL:     https://flmtra.com/?a=659&oc=763&c=2225&s1=
[tra-cpm][Android - Chrome] 🤖 Target Sheet:    TRA-CPM
🤖 ================================================================
[tra-cpm][Android - Chrome] 🔌 [Browser Interceptor] Intercepting and optimizing engine: CHROMIUM
[tra-cpm][Android - Chrome] 📋 Emulated Device Profile: MOBILE (Pixel 7) - [Android - Chrome]
[tra-cpm][Android - Chrome] ⏳ Delaying 200ms to allow responsive layouts to mount...
[tra-cpm][Android - Chrome] 🔄 Processing lead for brand: TRA-CPM Mobile
[tra-cpm][Android - Chrome] 📊 Campaign execution run index: 41
[tra-cpm][Android - Chrome] 🎯 Enforcing dynamic credentials & parameters:
   - First Name:   ckmtestpixel
   - Last Name:    ckmtestpixel
   - Email:        ckmtestpixel@gmail.com
   - Phone Number: 401-247-1041
   - Slider Value: 1,07,671
   - State Value:  Tennessee (TN)
[tra-cpm][Android - Chrome] 🔗 [Mobile] Navigating to: https://flmtra.com/?a=659&oc=763&c=2225&s1=
[tra-cpm][Android - Chrome] [STDERR] ❌ Failed processing TRA-CPM Mobile: page.goto: net::ERR_INTERNET_DISCONNECTED at https://flmtra.com/?a=659&oc=763&c=2225&s1=
Call log:
[2m  - navigating to "https://flmtra.com/?a=659&oc=763&c=2225&s1=", waiting until "networkidle"[22m

[tra-cpm][Android - Chrome] 
✅ Execution successfully processed! {
  success: false,
  error: 'page.goto: net::ERR_INTERNET_DISCONNECTED at https://flmtra.com/?a=659&oc=763&c=2225&s1=\n' +
    'Call log:\n' +
    '\x1B[2m  - navigating to "https://flmtra.com/?a=659&oc=763&c=2225&s1=", waiting until "networkidle"\x1B[22m\n',
  brand: 'TRA-CPM Mobile'
}
[tra-cpm][Android - Chrome] 📋 Trace report successfully saved: traces/tra-cpm_mobile.zip
✅ [18/5/2026, 1:31:00 pm] COMPLETED: tra-cpm [Android - Chrome][CHROMIUM]

================================================================
🚀 [18/5/2026, 1:31:00 pm] RUNNING: TRA-CPM [ANDROID - FIREFOX]
🔗 Target URL: https://flmtra.com/?a=659&oc=763&c=2225&s1=
================================================================
[tra-cpm][Android - Firefox] 🔌 [Browser Interceptor] Intercepting and optimizing engine: FIREFOX
[tra-cpm][Android - Firefox] ◇ injected env (0) from .env // tip: ◈ secrets for agents [www.dotenvx.com]
[tra-cpm][Android - Firefox] ◇ injected env (0) from .env // tip: ⌘ custom filepath { path: '/custom/path/.env' }
[tra-cpm][Android - Firefox] ◇ injected env (0) from .env // tip: ⌘ multiple files { path: ['.env.local', '.env'] }
[tra-cpm][Android - Firefox] ◇ injected env (0) from .env // tip: ⌘ multiple files { path: ['.env.local', '.env'] }
[tra-cpm][Android - Firefox] ◇ injected env (0) from .env // tip: ◈ secrets for agents [www.dotenvx.com]
[tra-cpm][Android - Firefox] 
🤖 ================================================================
[tra-cpm][Android - Firefox] 🤖 MASTER RUNNER: LAUNCHING TRA-CPM
🤖 Mode:            MOBILE
[tra-cpm][Android - Firefox] 🤖 Tracking URL:     https://flmtra.com/?a=659&oc=763&c=2225&s1=
[tra-cpm][Android - Firefox] 🤖 Target Sheet:    TRA-CPM
[tra-cpm][Android - Firefox] 🤖 ================================================================
[tra-cpm][Android - Firefox] 🔌 [Browser Interceptor] Intercepting and optimizing engine: FIREFOX
[tra-cpm][Android - Firefox] 📋 Emulated Device Profile: MOBILE (Pixel 7) - [Android - Firefox]
[tra-cpm][Android - Firefox] 🔌 [Browser Interceptor] Sanitizing mobile context options for Firefox emulation...
🔌 [Browser Interceptor] Sanitizing mobile context options for Firefox emulation...
[tra-cpm][Android - Firefox] ⏳ Delaying 200ms to allow responsive layouts to mount...
[tra-cpm][Android - Firefox] 🔄 Processing lead for brand: TRA-CPM Mobile
[tra-cpm][Android - Firefox] 📊 Campaign execution run index: 42
[tra-cpm][Android - Firefox] 🎯 Enforcing dynamic credentials & parameters:
   - First Name:   ckmtestpixel
   - Last Name:    ckmtestpixel
[tra-cpm][Android - Firefox]    - Email:        ckmtestpixel@gmail.com
   - Phone Number: 401-247-1042
   - Slider Value: 3,178
   - State Value:  Texas (TX)
[tra-cpm][Android - Firefox] 🔗 [Mobile] Navigating to: https://flmtra.com/?a=659&oc=763&c=2225&s1=
[tra-cpm][Android - Firefox] [STDERR] ❌ Failed processing TRA-CPM Mobile: page.goto: NS_ERROR_UNKNOWN_HOST
Call log:
[2m  - navigating to "https://flmtra.com/?a=659&oc=763&c=2225&s1=", waiting until "networkidle"[22m

[tra-cpm][Android - Firefox] 
✅ Execution successfully processed! {
  success: false,
  error: 'page.goto: NS_ERROR_UNKNOWN_HOST\n' +
    'Call log:\n' +
    '\x1B[2m  - navigating to "https://flmtra.com/?a=659&oc=763&c=2225&s1=", waiting until "networkidle"\x1B[22m\n',
  brand: 'TRA-CPM Mobile'
}
[tra-cpm][Android - Firefox] 📋 Trace report successfully saved: traces/tra-cpm_mobile.zip
✅ [18/5/2026, 1:31:09 pm] COMPLETED: tra-cpm [Android - Firefox][FIREFOX]

================================================================
🚀 [18/5/2026, 1:31:10 pm] RUNNING: TRA-CPM [IOS - CHROME]
🔗 Target URL: https://flmtra.com/?a=659&oc=763&c=2225&s1=
================================================================
[tra-cpm][iOS - Chrome] 🔌 [Browser Interceptor] Intercepting and optimizing engine: CHROMIUM
[tra-cpm][iOS - Chrome] ◇ injected env (0) from .env // tip: ◈ secrets for agents [www.dotenvx.com]
[tra-cpm][iOS - Chrome] ◇ injected env (0) from .env // tip: ◈ secrets for agents [www.dotenvx.com]
[tra-cpm][iOS - Chrome] ◇ injected env (0) from .env // tip: ⌘ enable debugging { debug: true }
[tra-cpm][iOS - Chrome] ◇ injected env (0) from .env // tip: ⌘ multiple files { path: ['.env.local', '.env'] }
[tra-cpm][iOS - Chrome] ◇ injected env (0) from .env // tip: ⌁ auth for agents [www.vestauth.com]
[tra-cpm][iOS - Chrome] 
🤖 ================================================================
[tra-cpm][iOS - Chrome] 🤖 MASTER RUNNER: LAUNCHING TRA-CPM
🤖 Mode:            MOBILE
🤖 Tracking URL:     https://flmtra.com/?a=659&oc=763&c=2225&s1=
🤖 Target Sheet:    TRA-CPM
[tra-cpm][iOS - Chrome] 🤖 ================================================================
[tra-cpm][iOS - Chrome] 🔌 [Browser Interceptor] Intercepting and optimizing engine: CHROMIUM
[tra-cpm][iOS - Chrome] 📋 Emulated Device Profile: MOBILE (iPhone 17 Pro Mode) - [iOS - Chrome]
[tra-cpm][iOS - Chrome] ⏳ Delaying 200ms to allow responsive layouts to mount...
[tra-cpm][iOS - Chrome] 🔄 Processing lead for brand: TRA-CPM Mobile
[tra-cpm][iOS - Chrome] 📊 Campaign execution run index: 43
[tra-cpm][iOS - Chrome] 🎯 Enforcing dynamic credentials & parameters:
   - First Name:   ckmtestpixel
   - Last Name:    ckmtestpixel
   - Email:        ckmtestpixel@gmail.com
   - Phone Number: 401-247-1043
   - Slider Value: 5,184
   - State Value:  Utah (UT)
[tra-cpm][iOS - Chrome] 🔗 [Mobile] Navigating to: https://flmtra.com/?a=659&oc=763&c=2225&s1=
[tra-cpm][iOS - Chrome] [STDERR] ❌ Failed processing TRA-CPM Mobile: page.goto: net::ERR_INTERNET_DISCONNECTED at https://flmtra.com/?a=659&oc=763&c=2225&s1=
Call log:
[2m  - navigating to "https://flmtra.com/?a=659&oc=763&c=2225&s1=", waiting until "networkidle"[22m

[tra-cpm][iOS - Chrome] 
✅ Execution successfully processed! {
  success: false,
  error: 'page.goto: net::ERR_INTERNET_DISCONNECTED at https://flmtra.com/?a=659&oc=763&c=2225&s1=\n' +
    'Call log:\n' +
    '\x1B[2m  - navigating to "https://flmtra.com/?a=659&oc=763&c=2225&s1=", waiting until "networkidle"\x1B[22m\n',
  brand: 'TRA-CPM Mobile'
}
[tra-cpm][iOS - Chrome] 📋 Trace report successfully saved: traces/tra-cpm_mobile.zip
✅ [18/5/2026, 1:31:15 pm] COMPLETED: tra-cpm [iOS - Chrome][CHROMIUM]

================================================================
🚀 [18/5/2026, 1:31:16 pm] RUNNING: TRA-CPM [IOS - SAFARI]
🔗 Target URL: https://flmtra.com/?a=659&oc=763&c=2225&s1=
================================================================
[tra-cpm][iOS - Safari] 🔌 [Browser Interceptor] Intercepting and optimizing engine: WEBKIT
[tra-cpm][iOS - Safari] ◇ injected env (0) from .env // tip: ◈ encrypted .env [www.dotenvx.com]
[tra-cpm][iOS - Safari] ◇ injected env (0) from .env // tip: ⌘ custom filepath { path: '/custom/path/.env' }
[tra-cpm][iOS - Safari] ◇ injected env (0) from .env // tip: ⌁ auth for agents [www.vestauth.com]
[tra-cpm][iOS - Safari] ◇ injected env (0) from .env // tip: ⌘ override existing { override: true }
[tra-cpm][iOS - Safari] ◇ injected env (0) from .env // tip: ⌘ multiple files { path: ['.env.local', '.env'] }
[tra-cpm][iOS - Safari] 
🤖 ================================================================
🤖 MASTER RUNNER: LAUNCHING TRA-CPM
[tra-cpm][iOS - Safari] 🤖 Mode:            MOBILE
🤖 Tracking URL:     https://flmtra.com/?a=659&oc=763&c=2225&s1=
🤖 Target Sheet:    TRA-CPM
🤖 ================================================================
[tra-cpm][iOS - Safari] 🔌 [Browser Interceptor] Intercepting and optimizing engine: WEBKIT
[tra-cpm][iOS - Safari] 📋 Emulated Device Profile: MOBILE (iPhone 17 Pro Mode) - [iOS - Safari]
[tra-cpm][iOS - Safari] ⏳ Delaying 200ms to allow responsive layouts to mount...
[tra-cpm][iOS - Safari] 🔄 Processing lead for brand: TRA-CPM Mobile
[tra-cpm][iOS - Safari] 📊 Campaign execution run index: 44
[tra-cpm][iOS - Safari] 🎯 Enforcing dynamic credentials & parameters:
   - First Name:   ckmtestpixel
   - Last Name:    ckmtestpixel
   - Email:        ckmtestpixel@gmail.com
   - Phone Number: 401-247-1044
   - Slider Value: 8,980
   - State Value:  Vermont (VT)
[tra-cpm][iOS - Safari] 🔗 [Mobile] Navigating to: https://flmtra.com/?a=659&oc=763&c=2225&s1=
[tra-cpm][iOS - Safari] [STDERR] ❌ Failed processing TRA-CPM Mobile: page.goto: Could not resolve hostname
Call log:
[2m  - navigating to "https://flmtra.com/?a=659&oc=763&c=2225&s1=", waiting until "networkidle"[22m

[tra-cpm][iOS - Safari] 
✅ Execution successfully processed! {
  success: false,
  error: 'page.goto: Could not resolve hostname\n' +
    'Call log:\n' +
    '\x1B[2m  - navigating to "https://flmtra.com/?a=659&oc=763&c=2225&s1=", waiting until "networkidle"\x1B[22m\n',
  brand: 'TRA-CPM Mobile'
}
[tra-cpm][iOS - Safari] 📋 Trace report successfully saved: traces/tra-cpm_mobile.zip
✅ [18/5/2026, 1:31:22 pm] COMPLETED: tra-cpm [iOS - Safari][WEBKIT]

================================================================
🚀 [18/5/2026, 1:31:22 pm] RUNNING: TRA-CPM [TABLET - SAFARI]
🔗 Target URL: https://flmtra.com/?a=659&oc=763&c=2225&s1=
================================================================
[tra-cpm][Tablet - Safari] 🔌 [Browser Interceptor] Intercepting and optimizing engine: WEBKIT
[tra-cpm][Tablet - Safari] ◇ injected env (0) from .env // tip: ⌘ suppress logs { quiet: true }
[tra-cpm][Tablet - Safari] ◇ injected env (0) from .env // tip: ⌘ multiple files { path: ['.env.local', '.env'] }
[tra-cpm][Tablet - Safari] ◇ injected env (0) from .env // tip: ⌘ enable debugging { debug: true }
[tra-cpm][Tablet - Safari] ◇ injected env (0) from .env // tip: ◈ encrypted .env [www.dotenvx.com]
[tra-cpm][Tablet - Safari] ◇ injected env (0) from .env // tip: ⌘ override existing { override: true }
[tra-cpm][Tablet - Safari] 
🤖 ================================================================
🤖 MASTER RUNNER: LAUNCHING TRA-CPM
🤖 Mode:            TABLET
[tra-cpm][Tablet - Safari] 🤖 Tracking URL:     https://flmtra.com/?a=659&oc=763&c=2225&s1=
🤖 Target Sheet:    TRA-CPM
🤖 ================================================================
[tra-cpm][Tablet - Safari] 🔌 [Browser Interceptor] Intercepting and optimizing engine: WEBKIT
[tra-cpm][Tablet - Safari] 📋 Emulated Device Profile: TABLET (iPad Pro 11) - [Tablet - Safari]
[tra-cpm][Tablet - Safari] ⏳ Delaying 200ms to allow responsive layouts to mount...
[tra-cpm][Tablet - Safari] 🔄 Processing lead for brand: TRA-CPM Tablet
[tra-cpm][Tablet - Safari] 📊 Campaign execution run index: 45
[tra-cpm][Tablet - Safari] 🎯 Enforcing dynamic credentials & parameters:
[tra-cpm][Tablet - Safari]    - First Name:   ckmtestpixel
   - Last Name:    ckmtestpixel
   - Email:        ckmtestpixel@gmail.com
   - Phone Number: 401-247-1045
   - Slider Value: 19,402
   - State Value:  Virginia (VA)
[tra-cpm][Tablet - Safari] 🔗 [Mobile] Navigating to: https://flmtra.com/?a=659&oc=763&c=2225&s1=
[tra-cpm][Tablet - Safari] [STDERR] ❌ Failed processing TRA-CPM Tablet: page.goto: Could not resolve hostname
Call log:
[2m  - navigating to "https://flmtra.com/?a=659&oc=763&c=2225&s1=", waiting until "networkidle"[22m

[tra-cpm][Tablet - Safari] 
✅ Execution successfully processed! {
  success: false,
  error: 'page.goto: Could not resolve hostname\n' +
    'Call log:\n' +
    '\x1B[2m  - navigating to "https://flmtra.com/?a=659&oc=763&c=2225&s1=", waiting until "networkidle"\x1B[22m\n',
  brand: 'TRA-CPM Tablet'
}
[tra-cpm][Tablet - Safari] 📋 Trace report successfully saved: traces/tra-cpm_tablet.zip
✅ [18/5/2026, 1:31:28 pm] COMPLETED: tra-cpm [Tablet - Safari][WEBKIT]

================================================================
🚀 [18/5/2026, 1:31:28 pm] RUNNING: TRA-CPM [TABLET - CHROME]
🔗 Target URL: https://flmtra.com/?a=659&oc=763&c=2225&s1=
================================================================
[tra-cpm][Tablet - Chrome] 🔌 [Browser Interceptor] Intercepting and optimizing engine: CHROMIUM
[tra-cpm][Tablet - Chrome] ◇ injected env (0) from .env // tip: ◈ secrets for agents [www.dotenvx.com]
[tra-cpm][Tablet - Chrome] ◇ injected env (0) from .env // tip: ⌘ suppress logs { quiet: true }
[tra-cpm][Tablet - Chrome] ◇ injected env (0) from .env // tip: ◈ encrypted .env [www.dotenvx.com]
[tra-cpm][Tablet - Chrome] ◇ injected env (0) from .env // tip: ⌘ enable debugging { debug: true }
[tra-cpm][Tablet - Chrome] ◇ injected env (0) from .env // tip: ⌘ override existing { override: true }
[tra-cpm][Tablet - Chrome] 
🤖 ================================================================
🤖 MASTER RUNNER: LAUNCHING TRA-CPM
[tra-cpm][Tablet - Chrome] 🤖 Mode:            TABLET
🤖 Tracking URL:     https://flmtra.com/?a=659&oc=763&c=2225&s1=
🤖 Target Sheet:    TRA-CPM
[tra-cpm][Tablet - Chrome] 🤖 ================================================================
[tra-cpm][Tablet - Chrome] 🔌 [Browser Interceptor] Intercepting and optimizing engine: CHROMIUM
[tra-cpm][Tablet - Chrome] 📋 Emulated Device Profile: TABLET (iPad Pro 11) - [Tablet - Chrome]
[tra-cpm][Tablet - Chrome] ⏳ Delaying 200ms to allow responsive layouts to mount...
[tra-cpm][Tablet - Chrome] 🔄 Processing lead for brand: TRA-CPM Tablet
[tra-cpm][Tablet - Chrome] 📊 Campaign execution run index: 46
[tra-cpm][Tablet - Chrome] 🎯 Enforcing dynamic credentials & parameters:
   - First Name:   ckmtestpixel
   - Last Name:    ckmtestpixel
   - Email:        ckmtestpixel@gmail.com
   - Phone Number: 401-247-1046
   - Slider Value: 39,828
   - State Value:  Washington (WA)
[tra-cpm][Tablet - Chrome] 🔗 [Mobile] Navigating to: https://flmtra.com/?a=659&oc=763&c=2225&s1=
[tra-cpm][Tablet - Chrome] [STDERR] ❌ Failed processing TRA-CPM Tablet: page.goto: net::ERR_INTERNET_DISCONNECTED at https://flmtra.com/?a=659&oc=763&c=2225&s1=
Call log:
[2m  - navigating to "https://flmtra.com/?a=659&oc=763&c=2225&s1=", waiting until "networkidle"[22m

[tra-cpm][Tablet - Chrome] 
✅ Execution successfully processed! {
  success: false,
  error: 'page.goto: net::ERR_INTERNET_DISCONNECTED at https://flmtra.com/?a=659&oc=763&c=2225&s1=\n' +
    'Call log:\n' +
    '\x1B[2m  - navigating to "https://flmtra.com/?a=659&oc=763&c=2225&s1=", waiting until "networkidle"\x1B[22m\n',
  brand: 'TRA-CPM Tablet'
}
[tra-cpm][Tablet - Chrome] 📋 Trace report successfully saved: traces/tra-cpm_tablet.zip
✅ [18/5/2026, 1:31:35 pm] COMPLETED: tra-cpm [Tablet - Chrome][CHROMIUM]

================================================================
🚀 [18/5/2026, 1:31:35 pm] RUNNING: TRA-CPM [WINDOWS - CHROME]
🔗 Target URL: https://flmtra.com/?a=659&oc=763&c=2225&s1=
================================================================
[tra-cpm][Windows - Chrome] 🔌 [Browser Interceptor] Intercepting and optimizing engine: CHROMIUM
[tra-cpm][Windows - Chrome] ◇ injected env (0) from .env // tip: ⌁ auth for agents [www.vestauth.com]
[tra-cpm][Windows - Chrome] ◇ injected env (0) from .env // tip: ⌘ enable debugging { debug: true }
[tra-cpm][Windows - Chrome] ◇ injected env (0) from .env // tip: ⌘ custom filepath { path: '/custom/path/.env' }
[tra-cpm][Windows - Chrome] ◇ injected env (0) from .env // tip: ◈ secrets for agents [www.dotenvx.com]
[tra-cpm][Windows - Chrome] ◇ injected env (0) from .env // tip: ◈ encrypted .env [www.dotenvx.com]
[tra-cpm][Windows - Chrome] 
🤖 ================================================================
[tra-cpm][Windows - Chrome] 🤖 MASTER RUNNER: LAUNCHING TRA-CPM
🤖 Mode:            DESKTOP
🤖 Tracking URL:     https://flmtra.com/?a=659&oc=763&c=2225&s1=
[tra-cpm][Windows - Chrome] 🤖 Target Sheet:    TRA-CPM
🤖 ================================================================
[tra-cpm][Windows - Chrome] 🔌 [Browser Interceptor] Intercepting and optimizing engine: CHROMIUM
[tra-cpm][Windows - Chrome] 💻 Emulated Device Profile: DESKTOP - [Windows - Chrome]
[tra-cpm][Windows - Chrome] 🔄 Processing lead for brand: TRA-CPM
[tra-cpm][Windows - Chrome] 📊 Campaign execution run index: 47
[tra-cpm][Windows - Chrome] 🎯 Enforcing dynamic credentials & parameters:
   - First Name:   ckmtestpixel
   - Last Name:    ckmtestpixel
   - Email:        ckmtestpixel@gmail.com
   - Phone Number: 401-247-1047
   - Slider Value: 95,969
[tra-cpm][Windows - Chrome]    - State Value:  West Virginia (WV)
[tra-cpm][Windows - Chrome] 🔗 Navigating to: https://flmtra.com/?a=659&oc=763&c=2225&s1=
[tra-cpm][Windows - Chrome] [STDERR] ❌ Failed processing TRA-CPM: page.goto: net::ERR_INTERNET_DISCONNECTED at https://flmtra.com/?a=659&oc=763&c=2225&s1=
Call log:
[2m  - navigating to "https://flmtra.com/?a=659&oc=763&c=2225&s1=", waiting until "networkidle"[22m

[tra-cpm][Windows - Chrome] 
✅ Execution successfully processed! {
  success: false,
  error: 'page.goto: net::ERR_INTERNET_DISCONNECTED at https://flmtra.com/?a=659&oc=763&c=2225&s1=\n' +
    'Call log:\n' +
    '\x1B[2m  - navigating to "https://flmtra.com/?a=659&oc=763&c=2225&s1=", waiting until "networkidle"\x1B[22m\n',
  brand: 'TRA-CPM'
}
[tra-cpm][Windows - Chrome] 📋 Trace report successfully saved: traces/tra-cpm_desktop.zip
✅ [18/5/2026, 1:31:41 pm] COMPLETED: tra-cpm [Windows - Chrome][CHROMIUM]

================================================================
🚀 [18/5/2026, 1:31:41 pm] RUNNING: TRA-CPM [WINDOWS - FIREFOX]
🔗 Target URL: https://flmtra.com/?a=659&oc=763&c=2225&s1=
================================================================
[tra-cpm][Windows - Firefox] 🔌 [Browser Interceptor] Intercepting and optimizing engine: FIREFOX
[tra-cpm][Windows - Firefox] ◇ injected env (0) from .env // tip: ◈ secrets for agents [www.dotenvx.com]
[tra-cpm][Windows - Firefox] ◇ injected env (0) from .env // tip: ◈ secrets for agents [www.dotenvx.com]
[tra-cpm][Windows - Firefox] ◇ injected env (0) from .env // tip: ⌘ suppress logs { quiet: true }
[tra-cpm][Windows - Firefox] ◇ injected env (0) from .env // tip: ◈ encrypted .env [www.dotenvx.com]
[tra-cpm][Windows - Firefox] ◇ injected env (0) from .env // tip: ⌁ auth for agents [www.vestauth.com]
[tra-cpm][Windows - Firefox] 
🤖 ================================================================
🤖 MASTER RUNNER: LAUNCHING TRA-CPM
[tra-cpm][Windows - Firefox] 🤖 Mode:            DESKTOP
🤖 Tracking URL:     https://flmtra.com/?a=659&oc=763&c=2225&s1=
[tra-cpm][Windows - Firefox] 🤖 Target Sheet:    TRA-CPM
🤖 ================================================================
[tra-cpm][Windows - Firefox] 🔌 [Browser Interceptor] Intercepting and optimizing engine: FIREFOX
[tra-cpm][Windows - Firefox] 💻 Emulated Device Profile: DESKTOP - [Windows - Firefox]
[tra-cpm][Windows - Firefox] 🔌 [Browser Interceptor] Sanitizing mobile context options for Firefox emulation...
🔌 [Browser Interceptor] Sanitizing mobile context options for Firefox emulation...
[tra-cpm][Windows - Firefox] 🔄 Processing lead for brand: TRA-CPM
[tra-cpm][Windows - Firefox] 📊 Campaign execution run index: 48
[tra-cpm][Windows - Firefox] 🎯 Enforcing dynamic credentials & parameters:
[tra-cpm][Windows - Firefox]    - First Name:   ckmtestpixel
   - Last Name:    ckmtestpixel
   - Email:        ckmtestpixel@gmail.com
   - Phone Number: 401-247-1048
   - Slider Value: 1,40,245
   - State Value:  Wisconsin (WI)
[tra-cpm][Windows - Firefox] 🔗 Navigating to: https://flmtra.com/?a=659&oc=763&c=2225&s1=
[tra-cpm][Windows - Firefox] [STDERR] ❌ Failed processing TRA-CPM: page.goto: NS_ERROR_UNKNOWN_HOST
Call log:
[2m  - navigating to "https://flmtra.com/?a=659&oc=763&c=2225&s1=", waiting until "networkidle"[22m

[tra-cpm][Windows - Firefox] 
✅ Execution successfully processed! {
  success: false,
  error: 'page.goto: NS_ERROR_UNKNOWN_HOST\n' +
    'Call log:\n' +
    '\x1B[2m  - navigating to "https://flmtra.com/?a=659&oc=763&c=2225&s1=", waiting until "networkidle"\x1B[22m\n',
  brand: 'TRA-CPM'
}
[tra-cpm][Windows - Firefox] 📋 Trace report successfully saved: traces/tra-cpm_desktop.zip
✅ [18/5/2026, 1:31:50 pm] COMPLETED: tra-cpm [Windows - Firefox][FIREFOX]

================================================================
🚀 [18/5/2026, 1:31:50 pm] RUNNING: TRA-CPM [MAC - SAFARI]
🔗 Target URL: https://flmtra.com/?a=659&oc=763&c=2225&s1=
================================================================
[tra-cpm][MAC - Safari] 🔌 [Browser Interceptor] Intercepting and optimizing engine: WEBKIT
[tra-cpm][MAC - Safari] ◇ injected env (0) from .env // tip: ⌘ suppress logs { quiet: true }
[tra-cpm][MAC - Safari] ◇ injected env (0) from .env // tip: ⌁ auth for agents [www.vestauth.com]
[tra-cpm][MAC - Safari] ◇ injected env (0) from .env // tip: ⌘ multiple files { path: ['.env.local', '.env'] }
[tra-cpm][MAC - Safari] ◇ injected env (0) from .env // tip: ⌘ suppress logs { quiet: true }
[tra-cpm][MAC - Safari] ◇ injected env (0) from .env // tip: ⌁ auth for agents [www.vestauth.com]
[tra-cpm][MAC - Safari] 
🤖 ================================================================
[tra-cpm][MAC - Safari] 🤖 MASTER RUNNER: LAUNCHING TRA-CPM
🤖 Mode:            DESKTOP
[tra-cpm][MAC - Safari] 🤖 Tracking URL:     https://flmtra.com/?a=659&oc=763&c=2225&s1=
[tra-cpm][MAC - Safari] 🤖 Target Sheet:    TRA-CPM
[tra-cpm][MAC - Safari] 🤖 ================================================================
[tra-cpm][MAC - Safari] 🔌 [Browser Interceptor] Intercepting and optimizing engine: WEBKIT
[tra-cpm][MAC - Safari] 💻 Emulated Device Profile: DESKTOP - [MAC - Safari]
[tra-cpm][MAC - Safari] 🔄 Processing lead for brand: TRA-CPM
[tra-cpm][MAC - Safari] 📊 Campaign execution run index: 49
[tra-cpm][MAC - Safari] 🎯 Enforcing dynamic credentials & parameters:
   - First Name:   ckmtestpixel
   - Last Name:    ckmtestpixel
   - Email:        ckmtestpixel@gmail.com
   - Phone Number: 401-247-1049
   - Slider Value: 2,298
   - State Value:  Wyoming (WY)
[tra-cpm][MAC - Safari] 🔗 Navigating to: https://flmtra.com/?a=659&oc=763&c=2225&s1=
[tra-cpm][MAC - Safari] [STDERR] ❌ Failed processing TRA-CPM: page.goto: Could not resolve hostname
Call log:
[2m  - navigating to "https://flmtra.com/?a=659&oc=763&c=2225&s1=", waiting until "networkidle"[22m

[tra-cpm][MAC - Safari] 
✅ Execution successfully processed! {
  success: false,
  error: 'page.goto: Could not resolve hostname\n' +
    'Call log:\n' +
    '\x1B[2m  - navigating to "https://flmtra.com/?a=659&oc=763&c=2225&s1=", waiting until "networkidle"\x1B[22m\n',
  brand: 'TRA-CPM'
}
[tra-cpm][MAC - Safari] 📋 Trace report successfully saved: traces/tra-cpm_desktop.zip
✅ [18/5/2026, 1:31:56 pm] COMPLETED: tra-cpm [MAC - Safari][WEBKIT]

================================================================
🚀 [18/5/2026, 1:31:57 pm] RUNNING: TRA-CPM [MAC - CHROME]
🔗 Target URL: https://flmtra.com/?a=659&oc=763&c=2225&s1=
================================================================
[tra-cpm][MAC - Chrome] 🔌 [Browser Interceptor] Intercepting and optimizing engine: CHROMIUM
[tra-cpm][MAC - Chrome] ◇ injected env (0) from .env // tip: ⌘ enable debugging { debug: true }
[tra-cpm][MAC - Chrome] ◇ injected env (0) from .env // tip: ⌘ override existing { override: true }
[tra-cpm][MAC - Chrome] ◇ injected env (0) from .env // tip: ⌘ multiple files { path: ['.env.local', '.env'] }
[tra-cpm][MAC - Chrome] ◇ injected env (0) from .env // tip: ⌁ auth for agents [www.vestauth.com]
[tra-cpm][MAC - Chrome] ◇ injected env (0) from .env // tip: ⌘ multiple files { path: ['.env.local', '.env'] }
[tra-cpm][MAC - Chrome] 
🤖 ================================================================
🤖 MASTER RUNNER: LAUNCHING TRA-CPM
🤖 Mode:            DESKTOP
[tra-cpm][MAC - Chrome] 🤖 Tracking URL:     https://flmtra.com/?a=659&oc=763&c=2225&s1=
[tra-cpm][MAC - Chrome] 🤖 Target Sheet:    TRA-CPM
🤖 ================================================================
[tra-cpm][MAC - Chrome] 🔌 [Browser Interceptor] Intercepting and optimizing engine: CHROMIUM
[tra-cpm][MAC - Chrome] 💻 Emulated Device Profile: DESKTOP - [MAC - Chrome]
[tra-cpm][MAC - Chrome] 🔄 Processing lead for brand: TRA-CPM
[tra-cpm][MAC - Chrome] 📊 Campaign execution run index: 50
[tra-cpm][MAC - Chrome] 🎯 Enforcing dynamic credentials & parameters:
   - First Name:   ckmtestpixel
   - Last Name:    ckmtestpixel
   - Email:        ckmtestpixel@gmail.com
   - Phone Number: 401-247-1050
   - Slider Value: 5,985
   - State Value:  Alabama (AL)
[tra-cpm][MAC - Chrome] 🔗 Navigating to: https://flmtra.com/?a=659&oc=763&c=2225&s1=
[tra-cpm][MAC - Chrome] [STDERR] ❌ Failed processing TRA-CPM: page.goto: net::ERR_INTERNET_DISCONNECTED at https://flmtra.com/?a=659&oc=763&c=2225&s1=
Call log:
[2m  - navigating to "https://flmtra.com/?a=659&oc=763&c=2225&s1=", waiting until "networkidle"[22m

[tra-cpm][MAC - Chrome] 
✅ Execution successfully processed! {
  success: false,
  error: 'page.goto: net::ERR_INTERNET_DISCONNECTED at https://flmtra.com/?a=659&oc=763&c=2225&s1=\n' +
    'Call log:\n' +
    '\x1B[2m  - navigating to "https://flmtra.com/?a=659&oc=763&c=2225&s1=", waiting until "networkidle"\x1B[22m\n',
  brand: 'TRA-CPM'
}
[tra-cpm][MAC - Chrome] 📋 Trace report successfully saved: traces/tra-cpm_desktop.zip
✅ [18/5/2026, 1:32:03 pm] COMPLETED: tra-cpm [MAC - Chrome][CHROMIUM]

================================================================
⚡ Processing Campaign Matrix: [FTH-X]
================================================================

================================================================
🚀 [18/5/2026, 1:32:03 pm] RUNNING: FTH-X [ANDROID - CHROME]
🔗 Target URL: https://fthmlf-trk.com/?a=659&oc=821&c=81&s1=
================================================================
[fth-x][Android - Chrome] 🔌 [Browser Interceptor] Intercepting and optimizing engine: CHROMIUM
[fth-x][Android - Chrome] ◇ injected env (0) from .env // tip: ⌁ auth for agents [www.vestauth.com]
[fth-x][Android - Chrome] ◇ injected env (0) from .env // tip: ⌘ override existing { override: true }
[fth-x][Android - Chrome] ◇ injected env (0) from .env // tip: ⌘ suppress logs { quiet: true }
[fth-x][Android - Chrome] ◇ injected env (0) from .env // tip: ◈ secrets for agents [www.dotenvx.com]
[fth-x][Android - Chrome] ◇ injected env (0) from .env // tip: ⌁ auth for agents [www.vestauth.com]
[fth-x][Android - Chrome] 
🤖 ================================================================
🤖 MASTER RUNNER: LAUNCHING FTH-X
[fth-x][Android - Chrome] 🤖 Mode:            MOBILE
🤖 Tracking URL:     https://fthmlf-trk.com/?a=659&oc=821&c=81&s1=
🤖 Target Sheet:    FTH-X
[fth-x][Android - Chrome] 🤖 ================================================================
[fth-x][Android - Chrome] 🔌 [Browser Interceptor] Intercepting and optimizing engine: CHROMIUM
[fth-x][Android - Chrome] 📋 Emulated Device Profile: MOBILE (Pixel 7) - [Android - Chrome]
[fth-x][Android - Chrome] ⏳ Delaying 200ms to allow responsive layouts to mount...
[fth-x][Android - Chrome] 🔄 Processing lead for brand: FTH-X Mobile
[fth-x][Android - Chrome] 📊 Campaign execution run index: 43
[fth-x][Android - Chrome] 🎯 Enforcing dynamic credentials & parameters:
   - First Name:   ckmtestpixel
   - Last Name:    ckmtestpixel
   - Email:        ckmtestpixel@gmail.com
   - Phone Number: 401-247-1043
   - Slider Value: 5,664
   - State Value:  Utah (UT)
[fth-x][Android - Chrome] 🔗 [Mobile] Navigating to: https://fthmlf-trk.com/?a=659&oc=821&c=81&s1=
[fth-x][Android - Chrome] [STDERR] ❌ Failed processing FTH-X Mobile: page.goto: net::ERR_INTERNET_DISCONNECTED at https://fthmlf-trk.com/?a=659&oc=821&c=81&s1=
Call log:
[2m  - navigating to "https://fthmlf-trk.com/?a=659&oc=821&c=81&s1=", waiting until "networkidle"[22m

[fth-x][Android - Chrome] 
✅ Execution successfully processed! {
  success: false,
  error: 'page.goto: net::ERR_INTERNET_DISCONNECTED at https://fthmlf-trk.com/?a=659&oc=821&c=81&s1=\n' +
    'Call log:\n' +
    '\x1B[2m  - navigating to "https://fthmlf-trk.com/?a=659&oc=821&c=81&s1=", waiting until "networkidle"\x1B[22m\n',
  brand: 'FTH-X Mobile'
}
[fth-x][Android - Chrome] 📋 Trace report successfully saved: traces/fth-x_mobile.zip
✅ [18/5/2026, 1:32:09 pm] COMPLETED: fth-x [Android - Chrome][CHROMIUM]

================================================================
🚀 [18/5/2026, 1:32:09 pm] RUNNING: FTH-X [ANDROID - FIREFOX]
🔗 Target URL: https://fthmlf-trk.com/?a=659&oc=821&c=81&s1=
================================================================
[fth-x][Android - Firefox] 🔌 [Browser Interceptor] Intercepting and optimizing engine: FIREFOX
[fth-x][Android - Firefox] ◇ injected env (0) from .env // tip: ⌘ custom filepath { path: '/custom/path/.env' }
[fth-x][Android - Firefox] ◇ injected env (0) from .env // tip: ⌘ custom filepath { path: '/custom/path/.env' }
[fth-x][Android - Firefox] ◇ injected env (0) from .env // tip: ◈ encrypted .env [www.dotenvx.com]
[fth-x][Android - Firefox] ◇ injected env (0) from .env // tip: ◈ secrets for agents [www.dotenvx.com]
[fth-x][Android - Firefox] ◇ injected env (0) from .env // tip: ◈ encrypted .env [www.dotenvx.com]
[fth-x][Android - Firefox] 
🤖 ================================================================
🤖 MASTER RUNNER: LAUNCHING FTH-X
[fth-x][Android - Firefox] 🤖 Mode:            MOBILE
🤖 Tracking URL:     https://fthmlf-trk.com/?a=659&oc=821&c=81&s1=
🤖 Target Sheet:    FTH-X
🤖 ================================================================
[fth-x][Android - Firefox] 🔌 [Browser Interceptor] Intercepting and optimizing engine: FIREFOX
[fth-x][Android - Firefox] 📋 Emulated Device Profile: MOBILE (Pixel 7) - [Android - Firefox]
[fth-x][Android - Firefox] 🔌 [Browser Interceptor] Sanitizing mobile context options for Firefox emulation...
🔌 [Browser Interceptor] Sanitizing mobile context options for Firefox emulation...
[fth-x][Android - Firefox] ⏳ Delaying 200ms to allow responsive layouts to mount...
[fth-x][Android - Firefox] 🔄 Processing lead for brand: FTH-X Mobile
[fth-x][Android - Firefox] 📊 Campaign execution run index: 44
[fth-x][Android - Firefox] 🎯 Enforcing dynamic credentials & parameters:
[fth-x][Android - Firefox]    - First Name:   ckmtestpixel
   - Last Name:    ckmtestpixel
   - Email:        ckmtestpixel@gmail.com
[fth-x][Android - Firefox]    - Phone Number: 401-247-1044
[fth-x][Android - Firefox]    - Slider Value: 8,308
[fth-x][Android - Firefox]    - State Value:  Vermont (VT)
[fth-x][Android - Firefox] 🔗 [Mobile] Navigating to: https://fthmlf-trk.com/?a=659&oc=821&c=81&s1=
[fth-x][Android - Firefox] [STDERR] ❌ Failed processing FTH-X Mobile: page.goto: NS_ERROR_UNKNOWN_HOST
Call log:
[2m  - navigating to "https://fthmlf-trk.com/?a=659&oc=821&c=81&s1=", waiting until "networkidle"[22m

[fth-x][Android - Firefox] 
✅ Execution successfully processed! {
  success: false,
  error: 'page.goto: NS_ERROR_UNKNOWN_HOST\n' +
    'Call log:\n' +
    '\x1B[2m  - navigating to "https://fthmlf-trk.com/?a=659&oc=821&c=81&s1=", waiting until "networkidle"\x1B[22m\n',
  brand: 'FTH-X Mobile'
}
[fth-x][Android - Firefox] 📋 Trace report successfully saved: traces/fth-x_mobile.zip
✅ [18/5/2026, 1:32:18 pm] COMPLETED: fth-x [Android - Firefox][FIREFOX]

================================================================
🚀 [18/5/2026, 1:32:18 pm] RUNNING: FTH-X [IOS - CHROME]
🔗 Target URL: https://fthmlf-trk.com/?a=659&oc=821&c=81&s1=
================================================================
[fth-x][iOS - Chrome] 🔌 [Browser Interceptor] Intercepting and optimizing engine: CHROMIUM
[fth-x][iOS - Chrome] ◇ injected env (0) from .env // tip: ⌘ suppress logs { quiet: true }
[fth-x][iOS - Chrome] ◇ injected env (0) from .env // tip: ⌘ override existing { override: true }
[fth-x][iOS - Chrome] ◇ injected env (0) from .env // tip: ◈ encrypted .env [www.dotenvx.com]
[fth-x][iOS - Chrome] ◇ injected env (0) from .env // tip: ◈ encrypted .env [www.dotenvx.com]
[fth-x][iOS - Chrome] ◇ injected env (0) from .env // tip: ⌘ custom filepath { path: '/custom/path/.env' }
[fth-x][iOS - Chrome] 
🤖 ================================================================
🤖 MASTER RUNNER: LAUNCHING FTH-X
🤖 Mode:            MOBILE
[fth-x][iOS - Chrome] 🤖 Tracking URL:     https://fthmlf-trk.com/?a=659&oc=821&c=81&s1=
[fth-x][iOS - Chrome] 🤖 Target Sheet:    FTH-X
[fth-x][iOS - Chrome] 🤖 ================================================================
[fth-x][iOS - Chrome] 🔌 [Browser Interceptor] Intercepting and optimizing engine: CHROMIUM
[fth-x][iOS - Chrome] 📋 Emulated Device Profile: MOBILE (iPhone 17 Pro Mode) - [iOS - Chrome]
[fth-x][iOS - Chrome] ⏳ Delaying 200ms to allow responsive layouts to mount...
[fth-x][iOS - Chrome] 🔄 Processing lead for brand: FTH-X Mobile
[fth-x][iOS - Chrome] 📊 Campaign execution run index: 45
[fth-x][iOS - Chrome] 🎯 Enforcing dynamic credentials & parameters:
   - First Name:   ckmtestpixel
   - Last Name:    ckmtestpixel
   - Email:        ckmtestpixel@gmail.com
   - Phone Number: 401-247-1045
   - Slider Value: 16,792
   - State Value:  Virginia (VA)
[fth-x][iOS - Chrome] 🔗 [Mobile] Navigating to: https://fthmlf-trk.com/?a=659&oc=821&c=81&s1=
[fth-x][iOS - Chrome] [STDERR] ❌ Failed processing FTH-X Mobile: page.goto: net::ERR_INTERNET_DISCONNECTED at https://fthmlf-trk.com/?a=659&oc=821&c=81&s1=
Call log:
[2m  - navigating to "https://fthmlf-trk.com/?a=659&oc=821&c=81&s1=", waiting until "networkidle"[22m

[fth-x][iOS - Chrome] 
✅ Execution successfully processed! {
  success: false,
  error: 'page.goto: net::ERR_INTERNET_DISCONNECTED at https://fthmlf-trk.com/?a=659&oc=821&c=81&s1=\n' +
    'Call log:\n' +
    '\x1B[2m  - navigating to "https://fthmlf-trk.com/?a=659&oc=821&c=81&s1=", waiting until "networkidle"\x1B[22m\n',
  brand: 'FTH-X Mobile'
}
[fth-x][iOS - Chrome] 📋 Trace report successfully saved: traces/fth-x_mobile.zip
✅ [18/5/2026, 1:32:24 pm] COMPLETED: fth-x [iOS - Chrome][CHROMIUM]

================================================================
🚀 [18/5/2026, 1:32:24 pm] RUNNING: FTH-X [IOS - SAFARI]
🔗 Target URL: https://fthmlf-trk.com/?a=659&oc=821&c=81&s1=
================================================================
[fth-x][iOS - Safari] 🔌 [Browser Interceptor] Intercepting and optimizing engine: WEBKIT
[fth-x][iOS - Safari] ◇ injected env (0) from .env // tip: ⌘ suppress logs { quiet: true }
[fth-x][iOS - Safari] ◇ injected env (0) from .env // tip: ⌘ multiple files { path: ['.env.local', '.env'] }
[fth-x][iOS - Safari] ◇ injected env (0) from .env // tip: ⌘ multiple files { path: ['.env.local', '.env'] }
[fth-x][iOS - Safari] ◇ injected env (0) from .env // tip: ◈ secrets for agents [www.dotenvx.com]
[fth-x][iOS - Safari] ◇ injected env (0) from .env // tip: ⌘ custom filepath { path: '/custom/path/.env' }
[fth-x][iOS - Safari] 
🤖 ================================================================
🤖 MASTER RUNNER: LAUNCHING FTH-X
🤖 Mode:            MOBILE
[fth-x][iOS - Safari] 🤖 Tracking URL:     https://fthmlf-trk.com/?a=659&oc=821&c=81&s1=
🤖 Target Sheet:    FTH-X
🤖 ================================================================
[fth-x][iOS - Safari] 🔌 [Browser Interceptor] Intercepting and optimizing engine: WEBKIT
[fth-x][iOS - Safari] 📋 Emulated Device Profile: MOBILE (iPhone 17 Pro Mode) - [iOS - Safari]
[fth-x][iOS - Safari] ⏳ Delaying 200ms to allow responsive layouts to mount...
[fth-x][iOS - Safari] 🔄 Processing lead for brand: FTH-X Mobile
[fth-x][iOS - Safari] 📊 Campaign execution run index: 46
[fth-x][iOS - Safari] 🎯 Enforcing dynamic credentials & parameters:
   - First Name:   ckmtestpixel
   - Last Name:    ckmtestpixel
   - Email:        ckmtestpixel@gmail.com
   - Phone Number: 401-247-1046
   - Slider Value: 40,963
   - State Value:  Washington (WA)
[fth-x][iOS - Safari] 🔗 [Mobile] Navigating to: https://fthmlf-trk.com/?a=659&oc=821&c=81&s1=
[fth-x][iOS - Safari] [STDERR] ❌ Failed processing FTH-X Mobile: page.goto: Could not resolve hostname
Call log:
[2m  - navigating to "https://fthmlf-trk.com/?a=659&oc=821&c=81&s1=", waiting until "networkidle"[22m

[fth-x][iOS - Safari] 
✅ Execution successfully processed! {
  success: false,
  error: 'page.goto: Could not resolve hostname\n' +
    'Call log:\n' +
    '\x1B[2m  - navigating to "https://fthmlf-trk.com/?a=659&oc=821&c=81&s1=", waiting until "networkidle"\x1B[22m\n',
  brand: 'FTH-X Mobile'
}
[fth-x][iOS - Safari] 📋 Trace report successfully saved: traces/fth-x_mobile.zip
✅ [18/5/2026, 1:32:31 pm] COMPLETED: fth-x [iOS - Safari][WEBKIT]

================================================================
🚀 [18/5/2026, 1:32:31 pm] RUNNING: FTH-X [TABLET - SAFARI]
🔗 Target URL: https://fthmlf-trk.com/?a=659&oc=821&c=81&s1=
================================================================
[fth-x][Tablet - Safari] 🔌 [Browser Interceptor] Intercepting and optimizing engine: WEBKIT
[fth-x][Tablet - Safari] ◇ injected env (0) from .env // tip: ◈ encrypted .env [www.dotenvx.com]
[fth-x][Tablet - Safari] ◇ injected env (0) from .env // tip: ⌘ multiple files { path: ['.env.local', '.env'] }
[fth-x][Tablet - Safari] ◇ injected env (0) from .env // tip: ⌘ custom filepath { path: '/custom/path/.env' }
[fth-x][Tablet - Safari] ◇ injected env (0) from .env // tip: ◈ secrets for agents [www.dotenvx.com]
[fth-x][Tablet - Safari] ◇ injected env (0) from .env // tip: ◈ secrets for agents [www.dotenvx.com]
[fth-x][Tablet - Safari] 
🤖 ================================================================
[fth-x][Tablet - Safari] 🤖 MASTER RUNNER: LAUNCHING FTH-X
[fth-x][Tablet - Safari] 🤖 Mode:            TABLET
[fth-x][Tablet - Safari] 🤖 Tracking URL:     https://fthmlf-trk.com/?a=659&oc=821&c=81&s1=
[fth-x][Tablet - Safari] 🤖 Target Sheet:    FTH-X
🤖 ================================================================
[fth-x][Tablet - Safari] 🔌 [Browser Interceptor] Intercepting and optimizing engine: WEBKIT
[fth-x][Tablet - Safari] 📋 Emulated Device Profile: TABLET (iPad Pro 11) - [Tablet - Safari]
[fth-x][Tablet - Safari] ⏳ Delaying 200ms to allow responsive layouts to mount...
[fth-x][Tablet - Safari] 🔄 Processing lead for brand: FTH-X Tablet
[fth-x][Tablet - Safari] 📊 Campaign execution run index: 47
[fth-x][Tablet - Safari] 🎯 Enforcing dynamic credentials & parameters:
   - First Name:   ckmtestpixel
   - Last Name:    ckmtestpixel
   - Email:        ckmtestpixel@gmail.com
   - Phone Number: 401-247-1047
   - Slider Value: 82,943
   - State Value:  West Virginia (WV)
[fth-x][Tablet - Safari] 🔗 [Mobile] Navigating to: https://fthmlf-trk.com/?a=659&oc=821&c=81&s1=
[fth-x][Tablet - Safari] [STDERR] ❌ Failed processing FTH-X Tablet: page.goto: Could not resolve hostname
Call log:
[2m  - navigating to "https://fthmlf-trk.com/?a=659&oc=821&c=81&s1=", waiting until "networkidle"[22m

[fth-x][Tablet - Safari] 
✅ Execution successfully processed! {
  success: false,
  error: 'page.goto: Could not resolve hostname\n' +
    'Call log:\n' +
    '\x1B[2m  - navigating to "https://fthmlf-trk.com/?a=659&oc=821&c=81&s1=", waiting until "networkidle"\x1B[22m\n',
  brand: 'FTH-X Tablet'
}
[fth-x][Tablet - Safari] 📋 Trace report successfully saved: traces/fth-x_tablet.zip
✅ [18/5/2026, 1:32:37 pm] COMPLETED: fth-x [Tablet - Safari][WEBKIT]

================================================================
🚀 [18/5/2026, 1:32:37 pm] RUNNING: FTH-X [TABLET - CHROME]
🔗 Target URL: https://fthmlf-trk.com/?a=659&oc=821&c=81&s1=
================================================================
[fth-x][Tablet - Chrome] 🔌 [Browser Interceptor] Intercepting and optimizing engine: CHROMIUM
[fth-x][Tablet - Chrome] ◇ injected env (0) from .env // tip: ⌘ override existing { override: true }
[fth-x][Tablet - Chrome] ◇ injected env (0) from .env // tip: ⌁ auth for agents [www.vestauth.com]
[fth-x][Tablet - Chrome] ◇ injected env (0) from .env // tip: ◈ secrets for agents [www.dotenvx.com]
[fth-x][Tablet - Chrome] ◇ injected env (0) from .env // tip: ⌘ override existing { override: true }
[fth-x][Tablet - Chrome] ◇ injected env (0) from .env // tip: ⌘ custom filepath { path: '/custom/path/.env' }
[fth-x][Tablet - Chrome] 
🤖 ================================================================
🤖 MASTER RUNNER: LAUNCHING FTH-X
[fth-x][Tablet - Chrome] 🤖 Mode:            TABLET
🤖 Tracking URL:     https://fthmlf-trk.com/?a=659&oc=821&c=81&s1=
🤖 Target Sheet:    FTH-X
🤖 ================================================================
[fth-x][Tablet - Chrome] 🔌 [Browser Interceptor] Intercepting and optimizing engine: CHROMIUM
[fth-x][Tablet - Chrome] 📋 Emulated Device Profile: TABLET (iPad Pro 11) - [Tablet - Chrome]
[fth-x][Tablet - Chrome] ⏳ Delaying 200ms to allow responsive layouts to mount...
[fth-x][Tablet - Chrome] 🔄 Processing lead for brand: FTH-X Tablet
[fth-x][Tablet - Chrome] 📊 Campaign execution run index: 48
[fth-x][Tablet - Chrome] 🎯 Enforcing dynamic credentials & parameters:
   - First Name:   ckmtestpixel
   - Last Name:    ckmtestpixel
   - Email:        ckmtestpixel@gmail.com
   - Phone Number: 401-247-1048
   - Slider Value: 1,47,200
   - State Value:  Wisconsin (WI)
[fth-x][Tablet - Chrome] 🔗 [Mobile] Navigating to: https://fthmlf-trk.com/?a=659&oc=821&c=81&s1=
[fth-x][Tablet - Chrome] [STDERR] ❌ Failed processing FTH-X Tablet: page.goto: net::ERR_INTERNET_DISCONNECTED at https://fthmlf-trk.com/?a=659&oc=821&c=81&s1=
Call log:
[2m  - navigating to "https://fthmlf-trk.com/?a=659&oc=821&c=81&s1=", waiting until "networkidle"[22m

[fth-x][Tablet - Chrome] 
✅ Execution successfully processed! {
  success: false,
  error: 'page.goto: net::ERR_INTERNET_DISCONNECTED at https://fthmlf-trk.com/?a=659&oc=821&c=81&s1=\n' +
    'Call log:\n' +
    '\x1B[2m  - navigating to "https://fthmlf-trk.com/?a=659&oc=821&c=81&s1=", waiting until "networkidle"\x1B[22m\n',
  brand: 'FTH-X Tablet'
}
[fth-x][Tablet - Chrome] 📋 Trace report successfully saved: traces/fth-x_tablet.zip
✅ [18/5/2026, 1:32:44 pm] COMPLETED: fth-x [Tablet - Chrome][CHROMIUM]

================================================================
🚀 [18/5/2026, 1:32:44 pm] RUNNING: FTH-X [WINDOWS - CHROME]
🔗 Target URL: https://fthmlf-trk.com/?a=659&oc=821&c=81&s1=
================================================================
[fth-x][Windows - Chrome] 🔌 [Browser Interceptor] Intercepting and optimizing engine: CHROMIUM
[fth-x][Windows - Chrome] ◇ injected env (0) from .env // tip: ⌘ suppress logs { quiet: true }
[fth-x][Windows - Chrome] ◇ injected env (0) from .env // tip: ⌘ suppress logs { quiet: true }
[fth-x][Windows - Chrome] ◇ injected env (0) from .env // tip: ⌘ custom filepath { path: '/custom/path/.env' }
[fth-x][Windows - Chrome] ◇ injected env (0) from .env // tip: ⌘ multiple files { path: ['.env.local', '.env'] }
[fth-x][Windows - Chrome] ◇ injected env (0) from .env // tip: ⌁ auth for agents [www.vestauth.com]
[fth-x][Windows - Chrome] 
🤖 ================================================================
🤖 MASTER RUNNER: LAUNCHING FTH-X
[fth-x][Windows - Chrome] 🤖 Mode:            DESKTOP
🤖 Tracking URL:     https://fthmlf-trk.com/?a=659&oc=821&c=81&s1=
🤖 Target Sheet:    FTH-X
🤖 ================================================================
[fth-x][Windows - Chrome] 🔌 [Browser Interceptor] Intercepting and optimizing engine: CHROMIUM
[fth-x][Windows - Chrome] 💻 Emulated Device Profile: DESKTOP - [Windows - Chrome]
[fth-x][Windows - Chrome] 🔄 Processing lead for brand: FTH-X
[fth-x][Windows - Chrome] 📊 Campaign execution run index: 49
[fth-x][Windows - Chrome] 🎯 Enforcing dynamic credentials & parameters:
   - First Name:   ckmtestpixel
   - Last Name:    ckmtestpixel
   - Email:        ckmtestpixel@gmail.com
   - Phone Number: 401-247-1049
   - Slider Value: 4,309
   - State Value:  Wyoming (WY)
[fth-x][Windows - Chrome] 🔗 Navigating to: https://fthmlf-trk.com/?a=659&oc=821&c=81&s1=
[fth-x][Windows - Chrome] [STDERR] ❌ Failed processing FTH-X: page.goto: net::ERR_INTERNET_DISCONNECTED at https://fthmlf-trk.com/?a=659&oc=821&c=81&s1=
Call log:
[2m  - navigating to "https://fthmlf-trk.com/?a=659&oc=821&c=81&s1=", waiting until "networkidle"[22m

[fth-x][Windows - Chrome] 
✅ Execution successfully processed! {
  success: false,
  error: 'page.goto: net::ERR_INTERNET_DISCONNECTED at https://fthmlf-trk.com/?a=659&oc=821&c=81&s1=\n' +
    'Call log:\n' +
    '\x1B[2m  - navigating to "https://fthmlf-trk.com/?a=659&oc=821&c=81&s1=", waiting until "networkidle"\x1B[22m\n',
  brand: 'FTH-X'
}
[fth-x][Windows - Chrome] 📋 Trace report successfully saved: traces/fth-x_desktop.zip
✅ [18/5/2026, 1:32:50 pm] COMPLETED: fth-x [Windows - Chrome][CHROMIUM]

================================================================
🚀 [18/5/2026, 1:32:50 pm] RUNNING: FTH-X [WINDOWS - FIREFOX]
🔗 Target URL: https://fthmlf-trk.com/?a=659&oc=821&c=81&s1=
================================================================
[fth-x][Windows - Firefox] 🔌 [Browser Interceptor] Intercepting and optimizing engine: FIREFOX
[fth-x][Windows - Firefox] ◇ injected env (0) from .env // tip: ⌘ enable debugging { debug: true }
[fth-x][Windows - Firefox] ◇ injected env (0) from .env // tip: ◈ secrets for agents [www.dotenvx.com]
[fth-x][Windows - Firefox] ◇ injected env (0) from .env // tip: ◈ secrets for agents [www.dotenvx.com]
[fth-x][Windows - Firefox] ◇ injected env (0) from .env // tip: ⌘ multiple files { path: ['.env.local', '.env'] }
[fth-x][Windows - Firefox] ◇ injected env (0) from .env // tip: ⌁ auth for agents [www.vestauth.com]
[fth-x][Windows - Firefox] 
🤖 ================================================================
[fth-x][Windows - Firefox] 🤖 MASTER RUNNER: LAUNCHING FTH-X
🤖 Mode:            DESKTOP
[fth-x][Windows - Firefox] 🤖 Tracking URL:     https://fthmlf-trk.com/?a=659&oc=821&c=81&s1=
[fth-x][Windows - Firefox] 🤖 Target Sheet:    FTH-X
[fth-x][Windows - Firefox] 🤖 ================================================================
[fth-x][Windows - Firefox] 🔌 [Browser Interceptor] Intercepting and optimizing engine: FIREFOX
[fth-x][Windows - Firefox] 💻 Emulated Device Profile: DESKTOP - [Windows - Firefox]
[fth-x][Windows - Firefox] 🔌 [Browser Interceptor] Sanitizing mobile context options for Firefox emulation...
🔌 [Browser Interceptor] Sanitizing mobile context options for Firefox emulation...
[fth-x][Windows - Firefox] 🔄 Processing lead for brand: FTH-X
[fth-x][Windows - Firefox] 📊 Campaign execution run index: 50
[fth-x][Windows - Firefox] 🎯 Enforcing dynamic credentials & parameters:
[fth-x][Windows - Firefox]    - First Name:   ckmtestpixel
   - Last Name:    ckmtestpixel
[fth-x][Windows - Firefox]    - Email:        ckmtestpixel@gmail.com
   - Phone Number: 401-247-1050
   - Slider Value: 7,316
   - State Value:  Alabama (AL)
[fth-x][Windows - Firefox] 🔗 Navigating to: https://fthmlf-trk.com/?a=659&oc=821&c=81&s1=
[fth-x][Windows - Firefox] [STDERR] ❌ Failed processing FTH-X: page.goto: NS_ERROR_UNKNOWN_HOST
Call log:
[2m  - navigating to "https://fthmlf-trk.com/?a=659&oc=821&c=81&s1=", waiting until "networkidle"[22m

[fth-x][Windows - Firefox] 
✅ Execution successfully processed! {
  success: false,
  error: 'page.goto: NS_ERROR_UNKNOWN_HOST\n' +
    'Call log:\n' +
    '\x1B[2m  - navigating to "https://fthmlf-trk.com/?a=659&oc=821&c=81&s1=", waiting until "networkidle"\x1B[22m\n',
  brand: 'FTH-X'
}
[fth-x][Windows - Firefox] 📋 Trace report successfully saved: traces/fth-x_desktop.zip
✅ [18/5/2026, 1:32:59 pm] COMPLETED: fth-x [Windows - Firefox][FIREFOX]

================================================================
🚀 [18/5/2026, 1:32:59 pm] RUNNING: FTH-X [MAC - SAFARI]
🔗 Target URL: https://fthmlf-trk.com/?a=659&oc=821&c=81&s1=
================================================================
[fth-x][MAC - Safari] 🔌 [Browser Interceptor] Intercepting and optimizing engine: WEBKIT
[fth-x][MAC - Safari] ◇ injected env (0) from .env // tip: ◈ encrypted .env [www.dotenvx.com]
[fth-x][MAC - Safari] ◇ injected env (0) from .env // tip: ⌁ auth for agents [www.vestauth.com]
[fth-x][MAC - Safari] ◇ injected env (0) from .env // tip: ⌁ auth for agents [www.vestauth.com]
[fth-x][MAC - Safari] ◇ injected env (0) from .env // tip: ⌘ suppress logs { quiet: true }
[fth-x][MAC - Safari] ◇ injected env (0) from .env // tip: ◈ encrypted .env [www.dotenvx.com]
[fth-x][MAC - Safari] 
🤖 ================================================================
[fth-x][MAC - Safari] 🤖 MASTER RUNNER: LAUNCHING FTH-X
🤖 Mode:            DESKTOP
[fth-x][MAC - Safari] 🤖 Tracking URL:     https://fthmlf-trk.com/?a=659&oc=821&c=81&s1=
[fth-x][MAC - Safari] 🤖 Target Sheet:    FTH-X
🤖 ================================================================
[fth-x][MAC - Safari] 🔌 [Browser Interceptor] Intercepting and optimizing engine: WEBKIT
[fth-x][MAC - Safari] 💻 Emulated Device Profile: DESKTOP - [MAC - Safari]
[fth-x][MAC - Safari] 🔄 Processing lead for brand: FTH-X
[fth-x][MAC - Safari] 📊 Campaign execution run index: 51
[fth-x][MAC - Safari] 🎯 Enforcing dynamic credentials & parameters:
   - First Name:   ckmtestpixel
   - Last Name:    ckmtestpixel
   - Email:        ckmtestpixel@gmail.com
   - Phone Number: 401-247-1051
   - Slider Value: 8,187
   - State Value:  Alaska (AK)
[fth-x][MAC - Safari] 🔗 Navigating to: https://fthmlf-trk.com/?a=659&oc=821&c=81&s1=
[fth-x][MAC - Safari] [STDERR] ❌ Failed processing FTH-X: page.goto: Could not resolve hostname
Call log:
[2m  - navigating to "https://fthmlf-trk.com/?a=659&oc=821&c=81&s1=", waiting until "networkidle"[22m

[fth-x][MAC - Safari] 
✅ Execution successfully processed! {
  success: false,
  error: 'page.goto: Could not resolve hostname\n' +
    'Call log:\n' +
    '\x1B[2m  - navigating to "https://fthmlf-trk.com/?a=659&oc=821&c=81&s1=", waiting until "networkidle"\x1B[22m\n',
  brand: 'FTH-X'
}
[fth-x][MAC - Safari] 📋 Trace report successfully saved: traces/fth-x_desktop.zip
✅ [18/5/2026, 1:33:05 pm] COMPLETED: fth-x [MAC - Safari][WEBKIT]

================================================================
🚀 [18/5/2026, 1:33:06 pm] RUNNING: FTH-X [MAC - CHROME]
🔗 Target URL: https://fthmlf-trk.com/?a=659&oc=821&c=81&s1=
================================================================
[fth-x][MAC - Chrome] 🔌 [Browser Interceptor] Intercepting and optimizing engine: CHROMIUM
[fth-x][MAC - Chrome] ◇ injected env (0) from .env // tip: ◈ encrypted .env [www.dotenvx.com]
[fth-x][MAC - Chrome] ◇ injected env (0) from .env // tip: ⌘ multiple files { path: ['.env.local', '.env'] }
[fth-x][MAC - Chrome] ◇ injected env (0) from .env // tip: ⌘ suppress logs { quiet: true }
[fth-x][MAC - Chrome] ◇ injected env (0) from .env // tip: ⌁ auth for agents [www.vestauth.com]
[fth-x][MAC - Chrome] ◇ injected env (0) from .env // tip: ⌘ multiple files { path: ['.env.local', '.env'] }
[fth-x][MAC - Chrome] 
🤖 ================================================================
[fth-x][MAC - Chrome] 🤖 MASTER RUNNER: LAUNCHING FTH-X
🤖 Mode:            DESKTOP
🤖 Tracking URL:     https://fthmlf-trk.com/?a=659&oc=821&c=81&s1=
🤖 Target Sheet:    FTH-X
[fth-x][MAC - Chrome] 🤖 ================================================================
[fth-x][MAC - Chrome] 🔌 [Browser Interceptor] Intercepting and optimizing engine: CHROMIUM
[fth-x][MAC - Chrome] 💻 Emulated Device Profile: DESKTOP - [MAC - Chrome]
[fth-x][MAC - Chrome] 🔄 Processing lead for brand: FTH-X
[fth-x][MAC - Chrome] 📊 Campaign execution run index: 52
[fth-x][MAC - Chrome] 🎯 Enforcing dynamic credentials & parameters:
   - First Name:   ckmtestpixel
   - Last Name:    ckmtestpixel
   - Email:        ckmtestpixel@gmail.com
   - Phone Number: 401-247-1052
   - Slider Value: 10,235
   - State Value:  Arizona (AZ)
[fth-x][MAC - Chrome] 🔗 Navigating to: https://fthmlf-trk.com/?a=659&oc=821&c=81&s1=
[fth-x][MAC - Chrome] [STDERR] ❌ Failed processing FTH-X: page.goto: net::ERR_INTERNET_DISCONNECTED at https://fthmlf-trk.com/?a=659&oc=821&c=81&s1=
Call log:
[2m  - navigating to "https://fthmlf-trk.com/?a=659&oc=821&c=81&s1=", waiting until "networkidle"[22m

[fth-x][MAC - Chrome] 
✅ Execution successfully processed! {
  success: false,
  error: 'page.goto: net::ERR_INTERNET_DISCONNECTED at https://fthmlf-trk.com/?a=659&oc=821&c=81&s1=\n' +
    'Call log:\n' +
    '\x1B[2m  - navigating to "https://fthmlf-trk.com/?a=659&oc=821&c=81&s1=", waiting until "networkidle"\x1B[22m\n',
  brand: 'FTH-X'
}
[fth-x][MAC - Chrome] 📋 Trace report successfully saved: traces/fth-x_desktop.zip
✅ [18/5/2026, 1:33:12 pm] COMPLETED: fth-x [MAC - Chrome][CHROMIUM]

================================================================
⚡ Processing Campaign Matrix: [EVEREST-TR-X]
================================================================

================================================================
🚀 [18/5/2026, 1:33:12 pm] RUNNING: Everest Tax Releif(X) [ANDROID - CHROME]
🔗 Target URL: https://mlf-trk.com/?a=659&oc=812&c=2498&s1=
================================================================
[everest-tr-x][Android - Chrome] 🔌 [Browser Interceptor] Intercepting and optimizing engine: CHROMIUM
[everest-tr-x][Android - Chrome] ◇ injected env (0) from .env // tip: ⌘ multiple files { path: ['.env.local', '.env'] }
[everest-tr-x][Android - Chrome] ◇ injected env (0) from .env // tip: ◈ encrypted .env [www.dotenvx.com]
[everest-tr-x][Android - Chrome] ◇ injected env (0) from .env // tip: ⌘ suppress logs { quiet: true }
[everest-tr-x][Android - Chrome] ◇ injected env (0) from .env // tip: ⌘ custom filepath { path: '/custom/path/.env' }
[everest-tr-x][Android - Chrome] ◇ injected env (0) from .env // tip: ◈ encrypted .env [www.dotenvx.com]
[everest-tr-x][Android - Chrome] 
🤖 ================================================================
[everest-tr-x][Android - Chrome] 🤖 MASTER RUNNER: LAUNCHING EVEREST TAX RELEIF(X)
🤖 Mode:            MOBILE
[everest-tr-x][Android - Chrome] 🤖 Tracking URL:     https://mlf-trk.com/?a=659&oc=812&c=2498&s1=
[everest-tr-x][Android - Chrome] 🤖 Target Sheet:    Everest Tax Releif(X)
[everest-tr-x][Android - Chrome] 🤖 ================================================================
[everest-tr-x][Android - Chrome] 🔌 [Browser Interceptor] Intercepting and optimizing engine: CHROMIUM
[everest-tr-x][Android - Chrome] 📋 Emulated Device Profile: MOBILE (Pixel 7) - [Android - Chrome]
[everest-tr-x][Android - Chrome] ⏳ Delaying 200ms to allow responsive layouts to mount...
[everest-tr-x][Android - Chrome] 🔄 Processing lead for brand: Everest Tax Releif(X) Mobile
[everest-tr-x][Android - Chrome] 📊 Campaign execution run index: 52
[everest-tr-x][Android - Chrome] 🎯 Enforcing dynamic credentials & parameters:
   - First Name:   ckmtestpixel
   - Last Name:    ckmtestpixel
   - Email:        ckmtestpixel@gmail.com
   - Phone Number: 401-247-1052
   - Slider Value: 14,749
   - State Value:  Arizona (AZ)
[everest-tr-x][Android - Chrome] 🔗 [Mobile] Navigating to: https://mlf-trk.com/?a=659&oc=812&c=2498&s1=
[everest-tr-x][Android - Chrome] [STDERR] ❌ Failed processing Everest Tax Releif(X) Mobile: page.goto: net::ERR_INTERNET_DISCONNECTED at https://mlf-trk.com/?a=659&oc=812&c=2498&s1=
Call log:
[2m  - navigating to "https://mlf-trk.com/?a=659&oc=812&c=2498&s1=", waiting until "networkidle"[22m

[everest-tr-x][Android - Chrome] 
✅ Execution successfully processed! {
  success: false,
  error: 'page.goto: net::ERR_INTERNET_DISCONNECTED at https://mlf-trk.com/?a=659&oc=812&c=2498&s1=\n' +
    'Call log:\n' +
    '\x1B[2m  - navigating to "https://mlf-trk.com/?a=659&oc=812&c=2498&s1=", waiting until "networkidle"\x1B[22m\n',
  brand: 'Everest Tax Releif(X) Mobile'
}
[everest-tr-x][Android - Chrome] 📋 Trace report successfully saved: traces/everest-tr-x_mobile.zip
✅ [18/5/2026, 1:33:18 pm] COMPLETED: everest-tr-x [Android - Chrome][CHROMIUM]

================================================================
🚀 [18/5/2026, 1:33:18 pm] RUNNING: Everest Tax Releif(X) [ANDROID - FIREFOX]
🔗 Target URL: https://mlf-trk.com/?a=659&oc=812&c=2498&s1=
================================================================
[everest-tr-x][Android - Firefox] 🔌 [Browser Interceptor] Intercepting and optimizing engine: FIREFOX
[everest-tr-x][Android - Firefox] ◇ injected env (0) from .env // tip: ◈ encrypted .env [www.dotenvx.com]
[everest-tr-x][Android - Firefox] ◇ injected env (0) from .env // tip: ◈ secrets for agents [www.dotenvx.com]
[everest-tr-x][Android - Firefox] ◇ injected env (0) from .env // tip: ⌁ auth for agents [www.vestauth.com]
[everest-tr-x][Android - Firefox] ◇ injected env (0) from .env // tip: ⌘ override existing { override: true }
[everest-tr-x][Android - Firefox] ◇ injected env (0) from .env // tip: ⌘ custom filepath { path: '/custom/path/.env' }
[everest-tr-x][Android - Firefox] 
🤖 ================================================================
🤖 MASTER RUNNER: LAUNCHING EVEREST TAX RELEIF(X)
🤖 Mode:            MOBILE
[everest-tr-x][Android - Firefox] 🤖 Tracking URL:     https://mlf-trk.com/?a=659&oc=812&c=2498&s1=
[everest-tr-x][Android - Firefox] 🤖 Target Sheet:    Everest Tax Releif(X)
🤖 ================================================================
[everest-tr-x][Android - Firefox] 🔌 [Browser Interceptor] Intercepting and optimizing engine: FIREFOX
[everest-tr-x][Android - Firefox] 📋 Emulated Device Profile: MOBILE (Pixel 7) - [Android - Firefox]
[everest-tr-x][Android - Firefox] 🔌 [Browser Interceptor] Sanitizing mobile context options for Firefox emulation...
🔌 [Browser Interceptor] Sanitizing mobile context options for Firefox emulation...
[everest-tr-x][Android - Firefox] ⏳ Delaying 200ms to allow responsive layouts to mount...
[everest-tr-x][Android - Firefox] 🔄 Processing lead for brand: Everest Tax Releif(X) Mobile
[everest-tr-x][Android - Firefox] 📊 Campaign execution run index: 53
[everest-tr-x][Android - Firefox] 🎯 Enforcing dynamic credentials & parameters:
   - First Name:   ckmtestpixel
   - Last Name:    ckmtestpixel
[everest-tr-x][Android - Firefox]    - Email:        ckmtestpixel@gmail.com
   - Phone Number: 401-247-1053
   - Slider Value: 35,428
   - State Value:  Arkansas (AR)
[everest-tr-x][Android - Firefox] 🔗 [Mobile] Navigating to: https://mlf-trk.com/?a=659&oc=812&c=2498&s1=
[everest-tr-x][Android - Firefox] [STDERR] ❌ Failed processing Everest Tax Releif(X) Mobile: page.goto: NS_ERROR_UNKNOWN_HOST
Call log:
[2m  - navigating to "https://mlf-trk.com/?a=659&oc=812&c=2498&s1=", waiting until "networkidle"[22m

[everest-tr-x][Android - Firefox] 
✅ Execution successfully processed! {
  success: false,
  error: 'page.goto: NS_ERROR_UNKNOWN_HOST\n' +
    'Call log:\n' +
    '\x1B[2m  - navigating to "https://mlf-trk.com/?a=659&oc=812&c=2498&s1=", waiting until "networkidle"\x1B[22m\n',
  brand: 'Everest Tax Releif(X) Mobile'
}
[everest-tr-x][Android - Firefox] 📋 Trace report successfully saved: traces/everest-tr-x_mobile.zip
✅ [18/5/2026, 1:33:27 pm] COMPLETED: everest-tr-x [Android - Firefox][FIREFOX]

================================================================
🚀 [18/5/2026, 1:33:27 pm] RUNNING: Everest Tax Releif(X) [IOS - CHROME]
🔗 Target URL: https://mlf-trk.com/?a=659&oc=812&c=2498&s1=
================================================================
[everest-tr-x][iOS - Chrome] 🔌 [Browser Interceptor] Intercepting and optimizing engine: CHROMIUM
[everest-tr-x][iOS - Chrome] ◇ injected env (0) from .env // tip: ⌘ enable debugging { debug: true }
[everest-tr-x][iOS - Chrome] ◇ injected env (0) from .env // tip: ⌘ enable debugging { debug: true }
[everest-tr-x][iOS - Chrome] ◇ injected env (0) from .env // tip: ⌘ custom filepath { path: '/custom/path/.env' }
[everest-tr-x][iOS - Chrome] ◇ injected env (0) from .env // tip: ⌘ override existing { override: true }
[everest-tr-x][iOS - Chrome] ◇ injected env (0) from .env // tip: ⌘ enable debugging { debug: true }
[everest-tr-x][iOS - Chrome] 
🤖 ================================================================
🤖 MASTER RUNNER: LAUNCHING EVEREST TAX RELEIF(X)
🤖 Mode:            MOBILE
[everest-tr-x][iOS - Chrome] 🤖 Tracking URL:     https://mlf-trk.com/?a=659&oc=812&c=2498&s1=
🤖 Target Sheet:    Everest Tax Releif(X)
🤖 ================================================================
[everest-tr-x][iOS - Chrome] 🔌 [Browser Interceptor] Intercepting and optimizing engine: CHROMIUM
[everest-tr-x][iOS - Chrome] 📋 Emulated Device Profile: MOBILE (iPhone 17 Pro Mode) - [iOS - Chrome]
[everest-tr-x][iOS - Chrome] ⏳ Delaying 200ms to allow responsive layouts to mount...
[everest-tr-x][iOS - Chrome] 🔄 Processing lead for brand: Everest Tax Releif(X) Mobile
[everest-tr-x][iOS - Chrome] 📊 Campaign execution run index: 54
[everest-tr-x][iOS - Chrome] 🎯 Enforcing dynamic credentials & parameters:
   - First Name:   ckmtestpixel
   - Last Name:    ckmtestpixel
   - Email:        ckmtestpixel@gmail.com
   - Phone Number: 401-247-1054
   - Slider Value: 87,367
   - State Value:  California (CA)
[everest-tr-x][iOS - Chrome] 🔗 [Mobile] Navigating to: https://mlf-trk.com/?a=659&oc=812&c=2498&s1=
[everest-tr-x][iOS - Chrome] [STDERR] ❌ Failed processing Everest Tax Releif(X) Mobile: page.goto: net::ERR_INTERNET_DISCONNECTED at https://mlf-trk.com/?a=659&oc=812&c=2498&s1=
Call log:
[2m  - navigating to "https://mlf-trk.com/?a=659&oc=812&c=2498&s1=", waiting until "networkidle"[22m

[everest-tr-x][iOS - Chrome] 
✅ Execution successfully processed! {
  success: false,
  error: 'page.goto: net::ERR_INTERNET_DISCONNECTED at https://mlf-trk.com/?a=659&oc=812&c=2498&s1=\n' +
    'Call log:\n' +
    '\x1B[2m  - navigating to "https://mlf-trk.com/?a=659&oc=812&c=2498&s1=", waiting until "networkidle"\x1B[22m\n',
  brand: 'Everest Tax Releif(X) Mobile'
}
[everest-tr-x][iOS - Chrome] 📋 Trace report successfully saved: traces/everest-tr-x_mobile.zip
✅ [18/5/2026, 1:33:33 pm] COMPLETED: everest-tr-x [iOS - Chrome][CHROMIUM]

================================================================
🚀 [18/5/2026, 1:33:33 pm] RUNNING: Everest Tax Releif(X) [IOS - SAFARI]
🔗 Target URL: https://mlf-trk.com/?a=659&oc=812&c=2498&s1=
================================================================
[everest-tr-x][iOS - Safari] 🔌 [Browser Interceptor] Intercepting and optimizing engine: WEBKIT
[everest-tr-x][iOS - Safari] ◇ injected env (0) from .env // tip: ⌘ multiple files { path: ['.env.local', '.env'] }
[everest-tr-x][iOS - Safari] ◇ injected env (0) from .env // tip: ⌘ suppress logs { quiet: true }
[everest-tr-x][iOS - Safari] ◇ injected env (0) from .env // tip: ⌁ auth for agents [www.vestauth.com]
[everest-tr-x][iOS - Safari] ◇ injected env (0) from .env // tip: ⌘ suppress logs { quiet: true }
[everest-tr-x][iOS - Safari] ◇ injected env (0) from .env // tip: ⌘ multiple files { path: ['.env.local', '.env'] }
[everest-tr-x][iOS - Safari] 
🤖 ================================================================
🤖 MASTER RUNNER: LAUNCHING EVEREST TAX RELEIF(X)
🤖 Mode:            MOBILE
[everest-tr-x][iOS - Safari] 🤖 Tracking URL:     https://mlf-trk.com/?a=659&oc=812&c=2498&s1=
🤖 Target Sheet:    Everest Tax Releif(X)
🤖 ================================================================
[everest-tr-x][iOS - Safari] 🔌 [Browser Interceptor] Intercepting and optimizing engine: WEBKIT
[everest-tr-x][iOS - Safari] 📋 Emulated Device Profile: MOBILE (iPhone 17 Pro Mode) - [iOS - Safari]
[everest-tr-x][iOS - Safari] ⏳ Delaying 200ms to allow responsive layouts to mount...
[everest-tr-x][iOS - Safari] 🔄 Processing lead for brand: Everest Tax Releif(X) Mobile
[everest-tr-x][iOS - Safari] 📊 Campaign execution run index: 55
[everest-tr-x][iOS - Safari] 🎯 Enforcing dynamic credentials & parameters:
   - First Name:   ckmtestpixel
   - Last Name:    ckmtestpixel
[everest-tr-x][iOS - Safari]    - Email:        ckmtestpixel@gmail.com
   - Phone Number: 401-247-1055
   - Slider Value: 1,07,770
   - State Value:  Colorado (CO)
[everest-tr-x][iOS - Safari] 🔗 [Mobile] Navigating to: https://mlf-trk.com/?a=659&oc=812&c=2498&s1=
[everest-tr-x][iOS - Safari] [STDERR] ❌ Failed processing Everest Tax Releif(X) Mobile: page.goto: Could not resolve hostname
Call log:
[2m  - navigating to "https://mlf-trk.com/?a=659&oc=812&c=2498&s1=", waiting until "networkidle"[22m

[everest-tr-x][iOS - Safari] 
✅ Execution successfully processed! {
  success: false,
  error: 'page.goto: Could not resolve hostname\n' +
    'Call log:\n' +
    '\x1B[2m  - navigating to "https://mlf-trk.com/?a=659&oc=812&c=2498&s1=", waiting until "networkidle"\x1B[22m\n',
  brand: 'Everest Tax Releif(X) Mobile'
}
[everest-tr-x][iOS - Safari] 📋 Trace report successfully saved: traces/everest-tr-x_mobile.zip
✅ [18/5/2026, 1:33:39 pm] COMPLETED: everest-tr-x [iOS - Safari][WEBKIT]

================================================================
🚀 [18/5/2026, 1:33:40 pm] RUNNING: Everest Tax Releif(X) [TABLET - SAFARI]
🔗 Target URL: https://mlf-trk.com/?a=659&oc=812&c=2498&s1=
================================================================
[everest-tr-x][Tablet - Safari] 🔌 [Browser Interceptor] Intercepting and optimizing engine: WEBKIT
[everest-tr-x][Tablet - Safari] ◇ injected env (0) from .env // tip: ◈ encrypted .env [www.dotenvx.com]
[everest-tr-x][Tablet - Safari] ◇ injected env (0) from .env // tip: ⌘ multiple files { path: ['.env.local', '.env'] }
[everest-tr-x][Tablet - Safari] ◇ injected env (0) from .env // tip: ⌁ auth for agents [www.vestauth.com]
[everest-tr-x][Tablet - Safari] ◇ injected env (0) from .env // tip: ⌘ override existing { override: true }
[everest-tr-x][Tablet - Safari] ◇ injected env (0) from .env // tip: ⌘ custom filepath { path: '/custom/path/.env' }
[everest-tr-x][Tablet - Safari] 
🤖 ================================================================
🤖 MASTER RUNNER: LAUNCHING EVEREST TAX RELEIF(X)
[everest-tr-x][Tablet - Safari] 🤖 Mode:            TABLET
🤖 Tracking URL:     https://mlf-trk.com/?a=659&oc=812&c=2498&s1=
🤖 Target Sheet:    Everest Tax Releif(X)
🤖 ================================================================
[everest-tr-x][Tablet - Safari] 🔌 [Browser Interceptor] Intercepting and optimizing engine: WEBKIT
[everest-tr-x][Tablet - Safari] 📋 Emulated Device Profile: TABLET (iPad Pro 11) - [Tablet - Safari]
[everest-tr-x][Tablet - Safari] ⏳ Delaying 200ms to allow responsive layouts to mount...
[everest-tr-x][Tablet - Safari] 🔄 Processing lead for brand: Everest Tax Releif(X) Tablet
[everest-tr-x][Tablet - Safari] 📊 Campaign execution run index: 56
[everest-tr-x][Tablet - Safari] 🎯 Enforcing dynamic credentials & parameters:
   - First Name:   ckmtestpixel
   - Last Name:    ckmtestpixel
[everest-tr-x][Tablet - Safari]    - Email:        ckmtestpixel@gmail.com
   - Phone Number: 401-247-1056
   - Slider Value: 1,810
   - State Value:  Connecticut (CT)
[everest-tr-x][Tablet - Safari] 🔗 [Mobile] Navigating to: https://mlf-trk.com/?a=659&oc=812&c=2498&s1=
[everest-tr-x][Tablet - Safari] [STDERR] ❌ Failed processing Everest Tax Releif(X) Tablet: page.goto: Could not resolve hostname
Call log:
[2m  - navigating to "https://mlf-trk.com/?a=659&oc=812&c=2498&s1=", waiting until "networkidle"[22m

[everest-tr-x][Tablet - Safari] 
✅ Execution successfully processed! {
  success: false,
  error: 'page.goto: Could not resolve hostname\n' +
    'Call log:\n' +
    '\x1B[2m  - navigating to "https://mlf-trk.com/?a=659&oc=812&c=2498&s1=", waiting until "networkidle"\x1B[22m\n',
  brand: 'Everest Tax Releif(X) Tablet'
}
[everest-tr-x][Tablet - Safari] 📋 Trace report successfully saved: traces/everest-tr-x_tablet.zip
✅ [18/5/2026, 1:33:46 pm] COMPLETED: everest-tr-x [Tablet - Safari][WEBKIT]

================================================================
🚀 [18/5/2026, 1:33:46 pm] RUNNING: Everest Tax Releif(X) [TABLET - CHROME]
🔗 Target URL: https://mlf-trk.com/?a=659&oc=812&c=2498&s1=
================================================================
[everest-tr-x][Tablet - Chrome] 🔌 [Browser Interceptor] Intercepting and optimizing engine: CHROMIUM
[everest-tr-x][Tablet - Chrome] ◇ injected env (0) from .env // tip: ⌘ multiple files { path: ['.env.local', '.env'] }
[everest-tr-x][Tablet - Chrome] ◇ injected env (0) from .env // tip: ⌘ custom filepath { path: '/custom/path/.env' }
[everest-tr-x][Tablet - Chrome] ◇ injected env (0) from .env // tip: ⌘ multiple files { path: ['.env.local', '.env'] }
[everest-tr-x][Tablet - Chrome] ◇ injected env (0) from .env // tip: ⌁ auth for agents [www.vestauth.com]
[everest-tr-x][Tablet - Chrome] ◇ injected env (0) from .env // tip: ⌘ suppress logs { quiet: true }
[everest-tr-x][Tablet - Chrome] 
🤖 ================================================================
[everest-tr-x][Tablet - Chrome] 🤖 MASTER RUNNER: LAUNCHING EVEREST TAX RELEIF(X)
🤖 Mode:            TABLET
[everest-tr-x][Tablet - Chrome] 🤖 Tracking URL:     https://mlf-trk.com/?a=659&oc=812&c=2498&s1=
[everest-tr-x][Tablet - Chrome] 🤖 Target Sheet:    Everest Tax Releif(X)
🤖 ================================================================
[everest-tr-x][Tablet - Chrome] 🔌 [Browser Interceptor] Intercepting and optimizing engine: CHROMIUM
[everest-tr-x][Tablet - Chrome] 📋 Emulated Device Profile: TABLET (iPad Pro 11) - [Tablet - Chrome]
[everest-tr-x][Tablet - Chrome] ⏳ Delaying 200ms to allow responsive layouts to mount...
[everest-tr-x][Tablet - Chrome] 🔄 Processing lead for brand: Everest Tax Releif(X) Tablet
[everest-tr-x][Tablet - Chrome] 📊 Campaign execution run index: 57
[everest-tr-x][Tablet - Chrome] 🎯 Enforcing dynamic credentials & parameters:
   - First Name:   ckmtestpixel
   - Last Name:    ckmtestpixel
[everest-tr-x][Tablet - Chrome]    - Email:        ckmtestpixel@gmail.com
   - Phone Number: 401-247-1057
   - Slider Value: 5,013
   - State Value:  Delaware (DE)
[everest-tr-x][Tablet - Chrome] 🔗 [Mobile] Navigating to: https://mlf-trk.com/?a=659&oc=812&c=2498&s1=
[everest-tr-x][Tablet - Chrome] [STDERR] ❌ Failed processing Everest Tax Releif(X) Tablet: page.goto: net::ERR_INTERNET_DISCONNECTED at https://mlf-trk.com/?a=659&oc=812&c=2498&s1=
Call log:
[2m  - navigating to "https://mlf-trk.com/?a=659&oc=812&c=2498&s1=", waiting until "networkidle"[22m

[everest-tr-x][Tablet - Chrome] 
✅ Execution successfully processed! {
  success: false,
  error: 'page.goto: net::ERR_INTERNET_DISCONNECTED at https://mlf-trk.com/?a=659&oc=812&c=2498&s1=\n' +
    'Call log:\n' +
    '\x1B[2m  - navigating to "https://mlf-trk.com/?a=659&oc=812&c=2498&s1=", waiting until "networkidle"\x1B[22m\n',
  brand: 'Everest Tax Releif(X) Tablet'
}
[everest-tr-x][Tablet - Chrome] 📋 Trace report successfully saved: traces/everest-tr-x_tablet.zip
✅ [18/5/2026, 1:33:53 pm] COMPLETED: everest-tr-x [Tablet - Chrome][CHROMIUM]

================================================================
🚀 [18/5/2026, 1:33:53 pm] RUNNING: Everest Tax Releif(X) [WINDOWS - CHROME]
🔗 Target URL: https://mlf-trk.com/?a=659&oc=812&c=2498&s1=
================================================================
[everest-tr-x][Windows - Chrome] 🔌 [Browser Interceptor] Intercepting and optimizing engine: CHROMIUM
[everest-tr-x][Windows - Chrome] ◇ injected env (0) from .env // tip: ⌘ multiple files { path: ['.env.local', '.env'] }
[everest-tr-x][Windows - Chrome] ◇ injected env (0) from .env // tip: ⌘ suppress logs { quiet: true }
[everest-tr-x][Windows - Chrome] ◇ injected env (0) from .env // tip: ⌘ multiple files { path: ['.env.local', '.env'] }
[everest-tr-x][Windows - Chrome] ◇ injected env (0) from .env // tip: ⌘ custom filepath { path: '/custom/path/.env' }
[everest-tr-x][Windows - Chrome] ◇ injected env (0) from .env // tip: ⌘ override existing { override: true }
[everest-tr-x][Windows - Chrome] 
🤖 ================================================================
🤖 MASTER RUNNER: LAUNCHING EVEREST TAX RELEIF(X)
🤖 Mode:            DESKTOP
[everest-tr-x][Windows - Chrome] 🤖 Tracking URL:     https://mlf-trk.com/?a=659&oc=812&c=2498&s1=
🤖 Target Sheet:    Everest Tax Releif(X)
🤖 ================================================================
[everest-tr-x][Windows - Chrome] 🔌 [Browser Interceptor] Intercepting and optimizing engine: CHROMIUM
[everest-tr-x][Windows - Chrome] 💻 Emulated Device Profile: DESKTOP - [Windows - Chrome]
[everest-tr-x][Windows - Chrome] 🔄 Processing lead for brand: Everest Tax Releif(X)
[everest-tr-x][Windows - Chrome] 📊 Campaign execution run index: 58
[everest-tr-x][Windows - Chrome] 🎯 Enforcing dynamic credentials & parameters:
   - First Name:   ckmtestpixel
   - Last Name:    ckmtestpixel
   - Email:        ckmtestpixel@gmail.com
   - Phone Number: 401-247-1058
   - Slider Value: 8,052
   - State Value:  Florida (FL)
[everest-tr-x][Windows - Chrome] 🔗 Navigating to: https://mlf-trk.com/?a=659&oc=812&c=2498&s1=
[everest-tr-x][Windows - Chrome] [STDERR] ❌ Failed processing Everest Tax Releif(X): page.goto: net::ERR_INTERNET_DISCONNECTED at https://mlf-trk.com/?a=659&oc=812&c=2498&s1=
Call log:
[2m  - navigating to "https://mlf-trk.com/?a=659&oc=812&c=2498&s1=", waiting until "networkidle"[22m

[everest-tr-x][Windows - Chrome] 
✅ Execution successfully processed! {
  success: false,
  error: 'page.goto: net::ERR_INTERNET_DISCONNECTED at https://mlf-trk.com/?a=659&oc=812&c=2498&s1=\n' +
    'Call log:\n' +
    '\x1B[2m  - navigating to "https://mlf-trk.com/?a=659&oc=812&c=2498&s1=", waiting until "networkidle"\x1B[22m\n',
  brand: 'Everest Tax Releif(X)'
}
[everest-tr-x][Windows - Chrome] 📋 Trace report successfully saved: traces/everest-tr-x_desktop.zip
✅ [18/5/2026, 1:33:59 pm] COMPLETED: everest-tr-x [Windows - Chrome][CHROMIUM]

================================================================
🚀 [18/5/2026, 1:33:59 pm] RUNNING: Everest Tax Releif(X) [WINDOWS - FIREFOX]
🔗 Target URL: https://mlf-trk.com/?a=659&oc=812&c=2498&s1=
================================================================
[everest-tr-x][Windows - Firefox] 🔌 [Browser Interceptor] Intercepting and optimizing engine: FIREFOX
[everest-tr-x][Windows - Firefox] ◇ injected env (0) from .env // tip: ⌘ suppress logs { quiet: true }
◇ injected env (0) from .env // tip: ⌘ custom filepath { path: '/custom/path/.env' }
[everest-tr-x][Windows - Firefox] ◇ injected env (0) from .env // tip: ⌘ suppress logs { quiet: true }
[everest-tr-x][Windows - Firefox] ◇ injected env (0) from .env // tip: ◈ encrypted .env [www.dotenvx.com]
[everest-tr-x][Windows - Firefox] ◇ injected env (0) from .env // tip: ⌁ auth for agents [www.vestauth.com]
[everest-tr-x][Windows - Firefox] 
🤖 ================================================================
🤖 MASTER RUNNER: LAUNCHING EVEREST TAX RELEIF(X)
[everest-tr-x][Windows - Firefox] 🤖 Mode:            DESKTOP
🤖 Tracking URL:     https://mlf-trk.com/?a=659&oc=812&c=2498&s1=
[everest-tr-x][Windows - Firefox] 🤖 Target Sheet:    Everest Tax Releif(X)
🤖 ================================================================
[everest-tr-x][Windows - Firefox] 🔌 [Browser Interceptor] Intercepting and optimizing engine: FIREFOX
[everest-tr-x][Windows - Firefox] 💻 Emulated Device Profile: DESKTOP - [Windows - Firefox]
[everest-tr-x][Windows - Firefox] 🔌 [Browser Interceptor] Sanitizing mobile context options for Firefox emulation...
🔌 [Browser Interceptor] Sanitizing mobile context options for Firefox emulation...
[everest-tr-x][Windows - Firefox] 🔄 Processing lead for brand: Everest Tax Releif(X)
[everest-tr-x][Windows - Firefox] 📊 Campaign execution run index: 59
[everest-tr-x][Windows - Firefox] 🎯 Enforcing dynamic credentials & parameters:
   - First Name:   ckmtestpixel
   - Last Name:    ckmtestpixel
   - Email:        ckmtestpixel@gmail.com
   - Phone Number: 401-247-1059
   - Slider Value: 17,323
   - State Value:  Georgia (GA)
[everest-tr-x][Windows - Firefox] 🔗 Navigating to: https://mlf-trk.com/?a=659&oc=812&c=2498&s1=
[everest-tr-x][Windows - Firefox] [STDERR] ❌ Failed processing Everest Tax Releif(X): page.goto: NS_ERROR_UNKNOWN_HOST
Call log:
[2m  - navigating to "https://mlf-trk.com/?a=659&oc=812&c=2498&s1=", waiting until "networkidle"[22m

[everest-tr-x][Windows - Firefox] 
✅ Execution successfully processed! {
  success: false,
  error: 'page.goto: NS_ERROR_UNKNOWN_HOST\n' +
    'Call log:\n' +
    '\x1B[2m  - navigating to "https://mlf-trk.com/?a=659&oc=812&c=2498&s1=", waiting until "networkidle"\x1B[22m\n',
  brand: 'Everest Tax Releif(X)'
}
[everest-tr-x][Windows - Firefox] 📋 Trace report successfully saved: traces/everest-tr-x_desktop.zip
✅ [18/5/2026, 1:34:08 pm] COMPLETED: everest-tr-x [Windows - Firefox][FIREFOX]

================================================================
🚀 [18/5/2026, 1:34:08 pm] RUNNING: Everest Tax Releif(X) [MAC - SAFARI]
🔗 Target URL: https://mlf-trk.com/?a=659&oc=812&c=2498&s1=
================================================================
[everest-tr-x][MAC - Safari] 🔌 [Browser Interceptor] Intercepting and optimizing engine: WEBKIT
[everest-tr-x][MAC - Safari] ◇ injected env (0) from .env // tip: ⌁ auth for agents [www.vestauth.com]
[everest-tr-x][MAC - Safari] ◇ injected env (0) from .env // tip: ◈ secrets for agents [www.dotenvx.com]
[everest-tr-x][MAC - Safari] ◇ injected env (0) from .env // tip: ⌘ custom filepath { path: '/custom/path/.env' }
[everest-tr-x][MAC - Safari] ◇ injected env (0) from .env // tip: ◈ secrets for agents [www.dotenvx.com]
[everest-tr-x][MAC - Safari] ◇ injected env (0) from .env // tip: ◈ secrets for agents [www.dotenvx.com]
[everest-tr-x][MAC - Safari] 
🤖 ================================================================
🤖 MASTER RUNNER: LAUNCHING EVEREST TAX RELEIF(X)
🤖 Mode:            DESKTOP
[everest-tr-x][MAC - Safari] 🤖 Tracking URL:     https://mlf-trk.com/?a=659&oc=812&c=2498&s1=
🤖 Target Sheet:    Everest Tax Releif(X)
🤖 ================================================================
[everest-tr-x][MAC - Safari] 🔌 [Browser Interceptor] Intercepting and optimizing engine: WEBKIT
[everest-tr-x][MAC - Safari] 💻 Emulated Device Profile: DESKTOP - [MAC - Safari]
[everest-tr-x][MAC - Safari] 🔄 Processing lead for brand: Everest Tax Releif(X)
[everest-tr-x][MAC - Safari] 📊 Campaign execution run index: 60
[everest-tr-x][MAC - Safari] 🎯 Enforcing dynamic credentials & parameters:
   - First Name:   ckmtestpixel
   - Last Name:    ckmtestpixel
   - Email:        ckmtestpixel@gmail.com
   - Phone Number: 401-247-1060
   - Slider Value: 23,725
   - State Value:  Hawaii (HI)
[everest-tr-x][MAC - Safari] 🔗 Navigating to: https://mlf-trk.com/?a=659&oc=812&c=2498&s1=
[everest-tr-x][MAC - Safari] [STDERR] ❌ Failed processing Everest Tax Releif(X): page.goto: Could not resolve hostname
Call log:
[2m  - navigating to "https://mlf-trk.com/?a=659&oc=812&c=2498&s1=", waiting until "networkidle"[22m

[everest-tr-x][MAC - Safari] 
✅ Execution successfully processed! {
  success: false,
  error: 'page.goto: Could not resolve hostname\n' +
    'Call log:\n' +
    '\x1B[2m  - navigating to "https://mlf-trk.com/?a=659&oc=812&c=2498&s1=", waiting until "networkidle"\x1B[22m\n',
  brand: 'Everest Tax Releif(X)'
}
[everest-tr-x][MAC - Safari] 📋 Trace report successfully saved: traces/everest-tr-x_desktop.zip
✅ [18/5/2026, 1:34:14 pm] COMPLETED: everest-tr-x [MAC - Safari][WEBKIT]

================================================================
🚀 [18/5/2026, 1:34:15 pm] RUNNING: Everest Tax Releif(X) [MAC - CHROME]
🔗 Target URL: https://mlf-trk.com/?a=659&oc=812&c=2498&s1=
================================================================
[everest-tr-x][MAC - Chrome] 🔌 [Browser Interceptor] Intercepting and optimizing engine: CHROMIUM
[everest-tr-x][MAC - Chrome] ◇ injected env (0) from .env // tip: ⌘ custom filepath { path: '/custom/path/.env' }
[everest-tr-x][MAC - Chrome] ◇ injected env (0) from .env // tip: ◈ encrypted .env [www.dotenvx.com]
[everest-tr-x][MAC - Chrome] ◇ injected env (0) from .env // tip: ◈ secrets for agents [www.dotenvx.com]
[everest-tr-x][MAC - Chrome] ◇ injected env (0) from .env // tip: ⌘ override existing { override: true }
[everest-tr-x][MAC - Chrome] ◇ injected env (0) from .env // tip: ⌘ enable debugging { debug: true }
[everest-tr-x][MAC - Chrome] 
🤖 ================================================================
🤖 MASTER RUNNER: LAUNCHING EVEREST TAX RELEIF(X)
🤖 Mode:            DESKTOP
[everest-tr-x][MAC - Chrome] 🤖 Tracking URL:     https://mlf-trk.com/?a=659&oc=812&c=2498&s1=
🤖 Target Sheet:    Everest Tax Releif(X)
🤖 ================================================================
[everest-tr-x][MAC - Chrome] 🔌 [Browser Interceptor] Intercepting and optimizing engine: CHROMIUM
[everest-tr-x][MAC - Chrome] 💻 Emulated Device Profile: DESKTOP - [MAC - Chrome]
[everest-tr-x][MAC - Chrome] 🔄 Processing lead for brand: Everest Tax Releif(X)
[everest-tr-x][MAC - Chrome] 📊 Campaign execution run index: 61
[everest-tr-x][MAC - Chrome] 🎯 Enforcing dynamic credentials & parameters:
   - First Name:   ckmtestpixel
   - Last Name:    ckmtestpixel
   - Email:        ckmtestpixel@gmail.com
   - Phone Number: 401-247-1061
   - Slider Value: 93,760
   - State Value:  Idaho (ID)
[everest-tr-x][MAC - Chrome] 🔗 Navigating to: https://mlf-trk.com/?a=659&oc=812&c=2498&s1=
[everest-tr-x][MAC - Chrome] [STDERR] ❌ Failed processing Everest Tax Releif(X): page.goto: net::ERR_INTERNET_DISCONNECTED at https://mlf-trk.com/?a=659&oc=812&c=2498&s1=
Call log:
[2m  - navigating to "https://mlf-trk.com/?a=659&oc=812&c=2498&s1=", waiting until "networkidle"[22m

[everest-tr-x][MAC - Chrome] 
✅ Execution successfully processed! {
  success: false,
  error: 'page.goto: net::ERR_INTERNET_DISCONNECTED at https://mlf-trk.com/?a=659&oc=812&c=2498&s1=\n' +
    'Call log:\n' +
    '\x1B[2m  - navigating to "https://mlf-trk.com/?a=659&oc=812&c=2498&s1=", waiting until "networkidle"\x1B[22m\n',
  brand: 'Everest Tax Releif(X)'
}
[everest-tr-x][MAC - Chrome] 📋 Trace report successfully saved: traces/everest-tr-x_desktop.zip
✅ [18/5/2026, 1:34:21 pm] COMPLETED: everest-tr-x [MAC - Chrome][CHROMIUM]

================================================================
⚡ Processing Campaign Matrix: [VTS-ORIGINAL]
================================================================

================================================================
🚀 [18/5/2026, 1:34:21 pm] RUNNING: VTS Original [ANDROID - CHROME]
🔗 Target URL: https://mlfvts-trk.com/?a=659&oc=323&c=569&s1=
================================================================
[vts-original][Android - Chrome] 🔌 [Browser Interceptor] Intercepting and optimizing engine: CHROMIUM
[vts-original][Android - Chrome] ◇ injected env (0) from .env // tip: ◈ encrypted .env [www.dotenvx.com]
[vts-original][Android - Chrome] ◇ injected env (0) from .env // tip: ⌘ enable debugging { debug: true }
[vts-original][Android - Chrome] ◇ injected env (0) from .env // tip: ⌁ auth for agents [www.vestauth.com]
[vts-original][Android - Chrome] ◇ injected env (0) from .env // tip: ⌘ multiple files { path: ['.env.local', '.env'] }
[vts-original][Android - Chrome] ◇ injected env (0) from .env // tip: ⌘ override existing { override: true }
[vts-original][Android - Chrome] 
🤖 ================================================================
[vts-original][Android - Chrome] 🤖 MASTER RUNNER: LAUNCHING VTS ORIGINAL
🤖 Mode:            MOBILE
[vts-original][Android - Chrome] 🤖 Tracking URL:     https://mlfvts-trk.com/?a=659&oc=323&c=569&s1=
[vts-original][Android - Chrome] 🤖 Target Sheet:    VTS-Original
[vts-original][Android - Chrome] 🤖 ================================================================
[vts-original][Android - Chrome] 🔌 [Browser Interceptor] Intercepting and optimizing engine: CHROMIUM
[vts-original][Android - Chrome] 📋 Emulated Device Profile: MOBILE (Pixel 7) - [Android - Chrome]
[vts-original][Android - Chrome] ⏳ Delaying 200ms to allow responsive layouts to mount...
[vts-original][Android - Chrome] 🔄 Processing lead for brand: VTS Original Mobile
[vts-original][Android - Chrome] 📊 Campaign execution run index: 64
[vts-original][Android - Chrome] 🎯 Enforcing dynamic credentials & parameters:
   - First Name:   ckmtestpixel
   - Last Name:    ckmtestpixel
   - Email:        ckmtestpixel@gmail.com
   - Phone Number: 401-247-1064
   - Slider Value: 6,754
   - State Value:  Iowa (IA)
[vts-original][Android - Chrome] 🔗 [Mobile] Navigating to: https://mlfvts-trk.com/?a=659&oc=323&c=569&s1=
[vts-original][Android - Chrome] [STDERR] ❌ Failed processing VTS Original Mobile: page.goto: net::ERR_INTERNET_DISCONNECTED at https://mlfvts-trk.com/?a=659&oc=323&c=569&s1=
Call log:
[2m  - navigating to "https://mlfvts-trk.com/?a=659&oc=323&c=569&s1=", waiting until "networkidle"[22m

[vts-original][Android - Chrome] 
✅ Execution successfully processed! {
  success: false,
  error: 'page.goto: net::ERR_INTERNET_DISCONNECTED at https://mlfvts-trk.com/?a=659&oc=323&c=569&s1=\n' +
    'Call log:\n' +
    '\x1B[2m  - navigating to "https://mlfvts-trk.com/?a=659&oc=323&c=569&s1=", waiting until "networkidle"\x1B[22m\n',
  brand: 'VTS Original Mobile'
}
[vts-original][Android - Chrome] 📋 Trace report successfully saved: traces/vts-original_mobile.zip
✅ [18/5/2026, 1:34:27 pm] COMPLETED: vts-original [Android - Chrome][CHROMIUM]

================================================================
🚀 [18/5/2026, 1:34:27 pm] RUNNING: VTS Original [ANDROID - FIREFOX]
🔗 Target URL: https://mlfvts-trk.com/?a=659&oc=323&c=569&s1=
================================================================
[vts-original][Android - Firefox] 🔌 [Browser Interceptor] Intercepting and optimizing engine: FIREFOX
[vts-original][Android - Firefox] ◇ injected env (0) from .env // tip: ◈ encrypted .env [www.dotenvx.com]
[vts-original][Android - Firefox] ◇ injected env (0) from .env // tip: ⌘ custom filepath { path: '/custom/path/.env' }
[vts-original][Android - Firefox] ◇ injected env (0) from .env // tip: ⌁ auth for agents [www.vestauth.com]
[vts-original][Android - Firefox] ◇ injected env (0) from .env // tip: ◈ encrypted .env [www.dotenvx.com]
[vts-original][Android - Firefox] ◇ injected env (0) from .env // tip: ⌘ suppress logs { quiet: true }
[vts-original][Android - Firefox] 
🤖 ================================================================
🤖 MASTER RUNNER: LAUNCHING VTS ORIGINAL
[vts-original][Android - Firefox] 🤖 Mode:            MOBILE
🤖 Tracking URL:     https://mlfvts-trk.com/?a=659&oc=323&c=569&s1=
🤖 Target Sheet:    VTS-Original
🤖 ================================================================
[vts-original][Android - Firefox] 🔌 [Browser Interceptor] Intercepting and optimizing engine: FIREFOX
[vts-original][Android - Firefox] 📋 Emulated Device Profile: MOBILE (Pixel 7) - [Android - Firefox]
[vts-original][Android - Firefox] 🔌 [Browser Interceptor] Sanitizing mobile context options for Firefox emulation...
🔌 [Browser Interceptor] Sanitizing mobile context options for Firefox emulation...
[vts-original][Android - Firefox] ⏳ Delaying 200ms to allow responsive layouts to mount...
[vts-original][Android - Firefox] 🔄 Processing lead for brand: VTS Original Mobile
[vts-original][Android - Firefox] 📊 Campaign execution run index: 65
[vts-original][Android - Firefox] 🎯 Enforcing dynamic credentials & parameters:
   - First Name:   ckmtestpixel
   - Last Name:    ckmtestpixel
[vts-original][Android - Firefox]    - Email:        ckmtestpixel@gmail.com
   - Phone Number: 401-247-1065
   - Slider Value: 8,115
   - State Value:  Kansas (KS)
[vts-original][Android - Firefox] 🔗 [Mobile] Navigating to: https://mlfvts-trk.com/?a=659&oc=323&c=569&s1=
[vts-original][Android - Firefox] [STDERR] ❌ Failed processing VTS Original Mobile: page.goto: NS_ERROR_UNKNOWN_HOST
Call log:
[2m  - navigating to "https://mlfvts-trk.com/?a=659&oc=323&c=569&s1=", waiting until "networkidle"[22m

[vts-original][Android - Firefox] 
✅ Execution successfully processed! {
  success: false,
  error: 'page.goto: NS_ERROR_UNKNOWN_HOST\n' +
    'Call log:\n' +
    '\x1B[2m  - navigating to "https://mlfvts-trk.com/?a=659&oc=323&c=569&s1=", waiting until "networkidle"\x1B[22m\n',
  brand: 'VTS Original Mobile'
}
[vts-original][Android - Firefox] 📋 Trace report successfully saved: traces/vts-original_mobile.zip
✅ [18/5/2026, 1:34:36 pm] COMPLETED: vts-original [Android - Firefox][FIREFOX]

================================================================
🚀 [18/5/2026, 1:34:36 pm] RUNNING: VTS Original [IOS - CHROME]
🔗 Target URL: https://mlfvts-trk.com/?a=659&oc=323&c=569&s1=
================================================================
[vts-original][iOS - Chrome] 🔌 [Browser Interceptor] Intercepting and optimizing engine: CHROMIUM
[vts-original][iOS - Chrome] ◇ injected env (0) from .env // tip: ⌘ override existing { override: true }
[vts-original][iOS - Chrome] ◇ injected env (0) from .env // tip: ⌘ custom filepath { path: '/custom/path/.env' }
[vts-original][iOS - Chrome] ◇ injected env (0) from .env // tip: ⌘ suppress logs { quiet: true }
[vts-original][iOS - Chrome] ◇ injected env (0) from .env // tip: ◈ encrypted .env [www.dotenvx.com]
[vts-original][iOS - Chrome] ◇ injected env (0) from .env // tip: ◈ encrypted .env [www.dotenvx.com]
[vts-original][iOS - Chrome] 
🤖 ================================================================
🤖 MASTER RUNNER: LAUNCHING VTS ORIGINAL
[vts-original][iOS - Chrome] 🤖 Mode:            MOBILE
🤖 Tracking URL:     https://mlfvts-trk.com/?a=659&oc=323&c=569&s1=
🤖 Target Sheet:    VTS-Original
🤖 ================================================================
[vts-original][iOS - Chrome] 🔌 [Browser Interceptor] Intercepting and optimizing engine: CHROMIUM
[vts-original][iOS - Chrome] 📋 Emulated Device Profile: MOBILE (iPhone 17 Pro Mode) - [iOS - Chrome]
[vts-original][iOS - Chrome] ⏳ Delaying 200ms to allow responsive layouts to mount...
[vts-original][iOS - Chrome] 🔄 Processing lead for brand: VTS Original Mobile
[vts-original][iOS - Chrome] 📊 Campaign execution run index: 66
[vts-original][iOS - Chrome] 🎯 Enforcing dynamic credentials & parameters:
   - First Name:   ckmtestpixel
   - Last Name:    ckmtestpixel
   - Email:        ckmtestpixel@gmail.com
   - Phone Number: 401-247-1066
   - Slider Value: 16,385
   - State Value:  Kentucky (KY)
[vts-original][iOS - Chrome] 🔗 [Mobile] Navigating to: https://mlfvts-trk.com/?a=659&oc=323&c=569&s1=
[vts-original][iOS - Chrome] [STDERR] ❌ Failed processing VTS Original Mobile: page.goto: net::ERR_INTERNET_DISCONNECTED at https://mlfvts-trk.com/?a=659&oc=323&c=569&s1=
Call log:
[2m  - navigating to "https://mlfvts-trk.com/?a=659&oc=323&c=569&s1=", waiting until "networkidle"[22m

[vts-original][iOS - Chrome] 
✅ Execution successfully processed! {
  success: false,
  error: 'page.goto: net::ERR_INTERNET_DISCONNECTED at https://mlfvts-trk.com/?a=659&oc=323&c=569&s1=\n' +
    'Call log:\n' +
    '\x1B[2m  - navigating to "https://mlfvts-trk.com/?a=659&oc=323&c=569&s1=", waiting until "networkidle"\x1B[22m\n',
  brand: 'VTS Original Mobile'
}
[vts-original][iOS - Chrome] 📋 Trace report successfully saved: traces/vts-original_mobile.zip
✅ [18/5/2026, 1:34:42 pm] COMPLETED: vts-original [iOS - Chrome][CHROMIUM]

================================================================
🚀 [18/5/2026, 1:34:42 pm] RUNNING: VTS Original [IOS - SAFARI]
🔗 Target URL: https://mlfvts-trk.com/?a=659&oc=323&c=569&s1=
================================================================
[vts-original][iOS - Safari] 🔌 [Browser Interceptor] Intercepting and optimizing engine: WEBKIT
[vts-original][iOS - Safari] ◇ injected env (0) from .env // tip: ◈ secrets for agents [www.dotenvx.com]
[vts-original][iOS - Safari] ◇ injected env (0) from .env // tip: ⌘ enable debugging { debug: true }
[vts-original][iOS - Safari] ◇ injected env (0) from .env // tip: ⌘ suppress logs { quiet: true }
[vts-original][iOS - Safari] ◇ injected env (0) from .env // tip: ◈ secrets for agents [www.dotenvx.com]
[vts-original][iOS - Safari] ◇ injected env (0) from .env // tip: ⌘ multiple files { path: ['.env.local', '.env'] }
[vts-original][iOS - Safari] 
🤖 ================================================================
🤖 MASTER RUNNER: LAUNCHING VTS ORIGINAL
[vts-original][iOS - Safari] 🤖 Mode:            MOBILE
[vts-original][iOS - Safari] 🤖 Tracking URL:     https://mlfvts-trk.com/?a=659&oc=323&c=569&s1=
[vts-original][iOS - Safari] 🤖 Target Sheet:    VTS-Original
🤖 ================================================================
[vts-original][iOS - Safari] 🔌 [Browser Interceptor] Intercepting and optimizing engine: WEBKIT
[vts-original][iOS - Safari] 📋 Emulated Device Profile: MOBILE (iPhone 17 Pro Mode) - [iOS - Safari]
[vts-original][iOS - Safari] ⏳ Delaying 200ms to allow responsive layouts to mount...
[vts-original][iOS - Safari] 🔄 Processing lead for brand: VTS Original Mobile
[vts-original][iOS - Safari] 📊 Campaign execution run index: 67
[vts-original][iOS - Safari] 🎯 Enforcing dynamic credentials & parameters:
   - First Name:   ckmtestpixel
[vts-original][iOS - Safari]    - Last Name:    ckmtestpixel
   - Email:        ckmtestpixel@gmail.com
   - Phone Number: 401-247-1067
   - Slider Value: 26,369
   - State Value:  Louisiana (LA)
[vts-original][iOS - Safari] 🔗 [Mobile] Navigating to: https://mlfvts-trk.com/?a=659&oc=323&c=569&s1=
[vts-original][iOS - Safari] [STDERR] ❌ Failed processing VTS Original Mobile: page.goto: Could not resolve hostname
Call log:
[2m  - navigating to "https://mlfvts-trk.com/?a=659&oc=323&c=569&s1=", waiting until "networkidle"[22m

[vts-original][iOS - Safari] 
✅ Execution successfully processed! {
  success: false,
  error: 'page.goto: Could not resolve hostname\n' +
    'Call log:\n' +
    '\x1B[2m  - navigating to "https://mlfvts-trk.com/?a=659&oc=323&c=569&s1=", waiting until "networkidle"\x1B[22m\n',
  brand: 'VTS Original Mobile'
}
[vts-original][iOS - Safari] 📋 Trace report successfully saved: traces/vts-original_mobile.zip
✅ [18/5/2026, 1:34:49 pm] COMPLETED: vts-original [iOS - Safari][WEBKIT]

================================================================
🚀 [18/5/2026, 1:34:49 pm] RUNNING: VTS Original [TABLET - SAFARI]
🔗 Target URL: https://mlfvts-trk.com/?a=659&oc=323&c=569&s1=
================================================================
[vts-original][Tablet - Safari] 🔌 [Browser Interceptor] Intercepting and optimizing engine: WEBKIT
[vts-original][Tablet - Safari] ◇ injected env (0) from .env // tip: ⌘ suppress logs { quiet: true }
[vts-original][Tablet - Safari] ◇ injected env (0) from .env // tip: ⌘ custom filepath { path: '/custom/path/.env' }
[vts-original][Tablet - Safari] ◇ injected env (0) from .env // tip: ⌘ enable debugging { debug: true }
[vts-original][Tablet - Safari] ◇ injected env (0) from .env // tip: ⌘ custom filepath { path: '/custom/path/.env' }
[vts-original][Tablet - Safari] ◇ injected env (0) from .env // tip: ⌘ multiple files { path: ['.env.local', '.env'] }
[vts-original][Tablet - Safari] 
🤖 ================================================================
🤖 MASTER RUNNER: LAUNCHING VTS ORIGINAL
[vts-original][Tablet - Safari] 🤖 Mode:            TABLET
[vts-original][Tablet - Safari] 🤖 Tracking URL:     https://mlfvts-trk.com/?a=659&oc=323&c=569&s1=
[vts-original][Tablet - Safari] 🤖 Target Sheet:    VTS-Original
🤖 ================================================================
[vts-original][Tablet - Safari] 🔌 [Browser Interceptor] Intercepting and optimizing engine: WEBKIT
[vts-original][Tablet - Safari] 📋 Emulated Device Profile: TABLET (iPad Pro 11) - [Tablet - Safari]
[vts-original][Tablet - Safari] ⏳ Delaying 200ms to allow responsive layouts to mount...
[vts-original][Tablet - Safari] 🔄 Processing lead for brand: VTS Original Tablet
[vts-original][Tablet - Safari] 📊 Campaign execution run index: 68
[vts-original][Tablet - Safari] 🎯 Enforcing dynamic credentials & parameters:
   - First Name:   ckmtestpixel
[vts-original][Tablet - Safari]    - Last Name:    ckmtestpixel
   - Email:        ckmtestpixel@gmail.com
   - Phone Number: 401-247-1068
   - Slider Value: 92,966
   - State Value:  Maine (ME)
[vts-original][Tablet - Safari] 🔗 [Mobile] Navigating to: https://mlfvts-trk.com/?a=659&oc=323&c=569&s1=
[vts-original][Tablet - Safari] [STDERR] ❌ Failed processing VTS Original Tablet: page.goto: Could not resolve hostname
Call log:
[2m  - navigating to "https://mlfvts-trk.com/?a=659&oc=323&c=569&s1=", waiting until "networkidle"[22m

[vts-original][Tablet - Safari] 
✅ Execution successfully processed! {
  success: false,
  error: 'page.goto: Could not resolve hostname\n' +
    'Call log:\n' +
    '\x1B[2m  - navigating to "https://mlfvts-trk.com/?a=659&oc=323&c=569&s1=", waiting until "networkidle"\x1B[22m\n',
  brand: 'VTS Original Tablet'
}
[vts-original][Tablet - Safari] 📋 Trace report successfully saved: traces/vts-original_tablet.zip
✅ [18/5/2026, 1:34:55 pm] COMPLETED: vts-original [Tablet - Safari][WEBKIT]

================================================================
🚀 [18/5/2026, 1:34:55 pm] RUNNING: VTS Original [TABLET - CHROME]
🔗 Target URL: https://mlfvts-trk.com/?a=659&oc=323&c=569&s1=
================================================================
[vts-original][Tablet - Chrome] 🔌 [Browser Interceptor] Intercepting and optimizing engine: CHROMIUM
[vts-original][Tablet - Chrome] ◇ injected env (0) from .env // tip: ◈ secrets for agents [www.dotenvx.com]
[vts-original][Tablet - Chrome] ◇ injected env (0) from .env // tip: ⌘ custom filepath { path: '/custom/path/.env' }
[vts-original][Tablet - Chrome] ◇ injected env (0) from .env // tip: ◈ secrets for agents [www.dotenvx.com]
[vts-original][Tablet - Chrome] ◇ injected env (0) from .env // tip: ⌘ custom filepath { path: '/custom/path/.env' }
[vts-original][Tablet - Chrome] ◇ injected env (0) from .env // tip: ⌘ custom filepath { path: '/custom/path/.env' }
[vts-original][Tablet - Chrome] 
🤖 ================================================================
[vts-original][Tablet - Chrome] 🤖 MASTER RUNNER: LAUNCHING VTS ORIGINAL
🤖 Mode:            TABLET
[vts-original][Tablet - Chrome] 🤖 Tracking URL:     https://mlfvts-trk.com/?a=659&oc=323&c=569&s1=
[vts-original][Tablet - Chrome] 🤖 Target Sheet:    VTS-Original
[vts-original][Tablet - Chrome] 🤖 ================================================================
[vts-original][Tablet - Chrome] 🔌 [Browser Interceptor] Intercepting and optimizing engine: CHROMIUM
[vts-original][Tablet - Chrome] 📋 Emulated Device Profile: TABLET (iPad Pro 11) - [Tablet - Chrome]
[vts-original][Tablet - Chrome] ⏳ Delaying 200ms to allow responsive layouts to mount...
[vts-original][Tablet - Chrome] 🔄 Processing lead for brand: VTS Original Tablet
[vts-original][Tablet - Chrome] 📊 Campaign execution run index: 69
[vts-original][Tablet - Chrome] 🎯 Enforcing dynamic credentials & parameters:
   - First Name:   ckmtestpixel
   - Last Name:    ckmtestpixel
   - Email:        ckmtestpixel@gmail.com
   - Phone Number: 401-247-1069
   - Slider Value: 1,49,633
   - State Value:  Maryland (MD)
[vts-original][Tablet - Chrome] 🔗 [Mobile] Navigating to: https://mlfvts-trk.com/?a=659&oc=323&c=569&s1=
[vts-original][Tablet - Chrome] [STDERR] ❌ Failed processing VTS Original Tablet: page.goto: net::ERR_INTERNET_DISCONNECTED at https://mlfvts-trk.com/?a=659&oc=323&c=569&s1=
Call log:
[2m  - navigating to "https://mlfvts-trk.com/?a=659&oc=323&c=569&s1=", waiting until "networkidle"[22m

[vts-original][Tablet - Chrome] 
✅ Execution successfully processed! {
  success: false,
  error: 'page.goto: net::ERR_INTERNET_DISCONNECTED at https://mlfvts-trk.com/?a=659&oc=323&c=569&s1=\n' +
    'Call log:\n' +
    '\x1B[2m  - navigating to "https://mlfvts-trk.com/?a=659&oc=323&c=569&s1=", waiting until "networkidle"\x1B[22m\n',
  brand: 'VTS Original Tablet'
}
[vts-original][Tablet - Chrome] 📋 Trace report successfully saved: traces/vts-original_tablet.zip
✅ [18/5/2026, 1:35:01 pm] COMPLETED: vts-original [Tablet - Chrome][CHROMIUM]

================================================================
🚀 [18/5/2026, 1:35:02 pm] RUNNING: VTS Original [WINDOWS - CHROME]
🔗 Target URL: https://mlfvts-trk.com/?a=659&oc=323&c=569&s1=
================================================================
[vts-original][Windows - Chrome] 🔌 [Browser Interceptor] Intercepting and optimizing engine: CHROMIUM
[vts-original][Windows - Chrome] ◇ injected env (0) from .env // tip: ◈ encrypted .env [www.dotenvx.com]
[vts-original][Windows - Chrome] ◇ injected env (0) from .env // tip: ⌘ multiple files { path: ['.env.local', '.env'] }
[vts-original][Windows - Chrome] ◇ injected env (0) from .env // tip: ◈ secrets for agents [www.dotenvx.com]
[vts-original][Windows - Chrome] ◇ injected env (0) from .env // tip: ⌘ custom filepath { path: '/custom/path/.env' }
[vts-original][Windows - Chrome] ◇ injected env (0) from .env // tip: ⌘ custom filepath { path: '/custom/path/.env' }
[vts-original][Windows - Chrome] 
🤖 ================================================================
🤖 MASTER RUNNER: LAUNCHING VTS ORIGINAL
[vts-original][Windows - Chrome] 🤖 Mode:            DESKTOP
🤖 Tracking URL:     https://mlfvts-trk.com/?a=659&oc=323&c=569&s1=
[vts-original][Windows - Chrome] 🤖 Target Sheet:    VTS-Original
🤖 ================================================================
[vts-original][Windows - Chrome] 🔌 [Browser Interceptor] Intercepting and optimizing engine: CHROMIUM
[vts-original][Windows - Chrome] 💻 Emulated Device Profile: DESKTOP - [Windows - Chrome]
[vts-original][Windows - Chrome] 🔄 Processing lead for brand: VTS Original
[vts-original][Windows - Chrome] 📊 Campaign execution run index: 70
[vts-original][Windows - Chrome] 🎯 Enforcing dynamic credentials & parameters:
   - First Name:   ckmtestpixel
   - Last Name:    ckmtestpixel
   - Email:        ckmtestpixel@gmail.com
   - Phone Number: 401-247-1070
   - Slider Value: 3,907
   - State Value:  Massachusetts (MA)
🔗 Navigating to: https://mlfvts-trk.com/?a=659&oc=323&c=569&s1=
[vts-original][Windows - Chrome] [STDERR] ❌ Failed processing VTS Original: page.goto: net::ERR_INTERNET_DISCONNECTED at https://mlfvts-trk.com/?a=659&oc=323&c=569&s1=
Call log:
[2m  - navigating to "https://mlfvts-trk.com/?a=659&oc=323&c=569&s1=", waiting until "networkidle"[22m

[vts-original][Windows - Chrome] 
✅ Execution successfully processed! {
  success: false,
  error: 'page.goto: net::ERR_INTERNET_DISCONNECTED at https://mlfvts-trk.com/?a=659&oc=323&c=569&s1=\n' +
    'Call log:\n' +
    '\x1B[2m  - navigating to "https://mlfvts-trk.com/?a=659&oc=323&c=569&s1=", waiting until "networkidle"\x1B[22m\n',
  brand: 'VTS Original'
}
[vts-original][Windows - Chrome] 📋 Trace report successfully saved: traces/vts-original_desktop.zip
✅ [18/5/2026, 1:35:08 pm] COMPLETED: vts-original [Windows - Chrome][CHROMIUM]

================================================================
🚀 [18/5/2026, 1:35:08 pm] RUNNING: VTS Original [WINDOWS - FIREFOX]
🔗 Target URL: https://mlfvts-trk.com/?a=659&oc=323&c=569&s1=
================================================================
[vts-original][Windows - Firefox] 🔌 [Browser Interceptor] Intercepting and optimizing engine: FIREFOX
[vts-original][Windows - Firefox] ◇ injected env (0) from .env // tip: ⌘ custom filepath { path: '/custom/path/.env' }
[vts-original][Windows - Firefox] ◇ injected env (0) from .env // tip: ⌘ override existing { override: true }
[vts-original][Windows - Firefox] ◇ injected env (0) from .env // tip: ⌁ auth for agents [www.vestauth.com]
[vts-original][Windows - Firefox] ◇ injected env (0) from .env // tip: ◈ secrets for agents [www.dotenvx.com]
[vts-original][Windows - Firefox] ◇ injected env (0) from .env // tip: ⌘ override existing { override: true }
[vts-original][Windows - Firefox] 
🤖 ================================================================
🤖 MASTER RUNNER: LAUNCHING VTS ORIGINAL
[vts-original][Windows - Firefox] 🤖 Mode:            DESKTOP
🤖 Tracking URL:     https://mlfvts-trk.com/?a=659&oc=323&c=569&s1=
🤖 Target Sheet:    VTS-Original
🤖 ================================================================
[vts-original][Windows - Firefox] 🔌 [Browser Interceptor] Intercepting and optimizing engine: FIREFOX
[vts-original][Windows - Firefox] 💻 Emulated Device Profile: DESKTOP - [Windows - Firefox]
[vts-original][Windows - Firefox] 🔌 [Browser Interceptor] Sanitizing mobile context options for Firefox emulation...
🔌 [Browser Interceptor] Sanitizing mobile context options for Firefox emulation...
[vts-original][Windows - Firefox] 🔄 Processing lead for brand: VTS Original
[vts-original][Windows - Firefox] 📊 Campaign execution run index: 71
[vts-original][Windows - Firefox] 🎯 Enforcing dynamic credentials & parameters:
[vts-original][Windows - Firefox]    - First Name:   ckmtestpixel
[vts-original][Windows - Firefox]    - Last Name:    ckmtestpixel
[vts-original][Windows - Firefox]    - Email:        ckmtestpixel@gmail.com
[vts-original][Windows - Firefox]    - Phone Number: 401-247-1071
[vts-original][Windows - Firefox]    - Slider Value: 5,815
[vts-original][Windows - Firefox]    - State Value:  Michigan (MI)
[vts-original][Windows - Firefox] 🔗 Navigating to: https://mlfvts-trk.com/?a=659&oc=323&c=569&s1=
[vts-original][Windows - Firefox] [STDERR] ❌ Failed processing VTS Original: page.goto: NS_ERROR_UNKNOWN_HOST
Call log:
[2m  - navigating to "https://mlfvts-trk.com/?a=659&oc=323&c=569&s1=", waiting until "networkidle"[22m

[vts-original][Windows - Firefox] 
✅ Execution successfully processed! {
  success: false,
  error: 'page.goto: NS_ERROR_UNKNOWN_HOST\n' +
    'Call log:\n' +
    '\x1B[2m  - navigating to "https://mlfvts-trk.com/?a=659&oc=323&c=569&s1=", waiting until "networkidle"\x1B[22m\n',
  brand: 'VTS Original'
}
[vts-original][Windows - Firefox] 📋 Trace report successfully saved: traces/vts-original_desktop.zip
✅ [18/5/2026, 1:35:17 pm] COMPLETED: vts-original [Windows - Firefox][FIREFOX]

================================================================
🚀 [18/5/2026, 1:35:17 pm] RUNNING: VTS Original [MAC - SAFARI]
🔗 Target URL: https://mlfvts-trk.com/?a=659&oc=323&c=569&s1=
================================================================
[vts-original][MAC - Safari] 🔌 [Browser Interceptor] Intercepting and optimizing engine: WEBKIT
[vts-original][MAC - Safari] ◇ injected env (0) from .env // tip: ⌁ auth for agents [www.vestauth.com]
[vts-original][MAC - Safari] ◇ injected env (0) from .env // tip: ⌁ auth for agents [www.vestauth.com]
[vts-original][MAC - Safari] ◇ injected env (0) from .env // tip: ⌘ enable debugging { debug: true }
[vts-original][MAC - Safari] ◇ injected env (0) from .env // tip: ⌁ auth for agents [www.vestauth.com]
[vts-original][MAC - Safari] ◇ injected env (0) from .env // tip: ⌘ multiple files { path: ['.env.local', '.env'] }
[vts-original][MAC - Safari] 
🤖 ================================================================
🤖 MASTER RUNNER: LAUNCHING VTS ORIGINAL
[vts-original][MAC - Safari] 🤖 Mode:            DESKTOP
🤖 Tracking URL:     https://mlfvts-trk.com/?a=659&oc=323&c=569&s1=
🤖 Target Sheet:    VTS-Original
🤖 ================================================================
[vts-original][MAC - Safari] 🔌 [Browser Interceptor] Intercepting and optimizing engine: WEBKIT
[vts-original][MAC - Safari] 💻 Emulated Device Profile: DESKTOP - [MAC - Safari]
[vts-original][MAC - Safari] 🔄 Processing lead for brand: VTS Original
[vts-original][MAC - Safari] 📊 Campaign execution run index: 72
[vts-original][MAC - Safari] 🎯 Enforcing dynamic credentials & parameters:
   - First Name:   ckmtestpixel
   - Last Name:    ckmtestpixel
   - Email:        ckmtestpixel@gmail.com
   - Phone Number: 401-247-1072
   - Slider Value: 8,686
[vts-original][MAC - Safari]    - State Value:  Minnesota (MN)
[vts-original][MAC - Safari] 🔗 Navigating to: https://mlfvts-trk.com/?a=659&oc=323&c=569&s1=
[vts-original][MAC - Safari] [STDERR] ❌ Failed processing VTS Original: page.goto: Could not resolve hostname
Call log:
[2m  - navigating to "https://mlfvts-trk.com/?a=659&oc=323&c=569&s1=", waiting until "networkidle"[22m

[vts-original][MAC - Safari] 
✅ Execution successfully processed! {
  success: false,
  error: 'page.goto: Could not resolve hostname\n' +
    'Call log:\n' +
    '\x1B[2m  - navigating to "https://mlfvts-trk.com/?a=659&oc=323&c=569&s1=", waiting until "networkidle"\x1B[22m\n',
  brand: 'VTS Original'
}
[vts-original][MAC - Safari] 📋 Trace report successfully saved: traces/vts-original_desktop.zip
✅ [18/5/2026, 1:35:23 pm] COMPLETED: vts-original [MAC - Safari][WEBKIT]

================================================================
🚀 [18/5/2026, 1:35:23 pm] RUNNING: VTS Original [MAC - CHROME]
🔗 Target URL: https://mlfvts-trk.com/?a=659&oc=323&c=569&s1=
================================================================
[vts-original][MAC - Chrome] 🔌 [Browser Interceptor] Intercepting and optimizing engine: CHROMIUM
[vts-original][MAC - Chrome] ◇ injected env (0) from .env // tip: ⌁ auth for agents [www.vestauth.com]
[vts-original][MAC - Chrome] ◇ injected env (0) from .env // tip: ⌘ custom filepath { path: '/custom/path/.env' }
[vts-original][MAC - Chrome] ◇ injected env (0) from .env // tip: ⌘ multiple files { path: ['.env.local', '.env'] }
[vts-original][MAC - Chrome] ◇ injected env (0) from .env // tip: ⌘ multiple files { path: ['.env.local', '.env'] }
[vts-original][MAC - Chrome] ◇ injected env (0) from .env // tip: ⌁ auth for agents [www.vestauth.com]
[vts-original][MAC - Chrome] 
🤖 ================================================================
🤖 MASTER RUNNER: LAUNCHING VTS ORIGINAL
[vts-original][MAC - Chrome] 🤖 Mode:            DESKTOP
🤖 Tracking URL:     https://mlfvts-trk.com/?a=659&oc=323&c=569&s1=
🤖 Target Sheet:    VTS-Original
🤖 ================================================================
[vts-original][MAC - Chrome] 🔌 [Browser Interceptor] Intercepting and optimizing engine: CHROMIUM
[vts-original][MAC - Chrome] 💻 Emulated Device Profile: DESKTOP - [MAC - Chrome]
[vts-original][MAC - Chrome] 🔄 Processing lead for brand: VTS Original
[vts-original][MAC - Chrome] 📊 Campaign execution run index: 73
[vts-original][MAC - Chrome] 🎯 Enforcing dynamic credentials & parameters:
   - First Name:   ckmtestpixel
   - Last Name:    ckmtestpixel
   - Email:        ckmtestpixel@gmail.com
   - Phone Number: 401-247-1073
   - Slider Value: 11,309
   - State Value:  Mississippi (MS)
[vts-original][MAC - Chrome] 🔗 Navigating to: https://mlfvts-trk.com/?a=659&oc=323&c=569&s1=
[vts-original][MAC - Chrome] [STDERR] ❌ Failed processing VTS Original: page.goto: net::ERR_INTERNET_DISCONNECTED at https://mlfvts-trk.com/?a=659&oc=323&c=569&s1=
Call log:
[2m  - navigating to "https://mlfvts-trk.com/?a=659&oc=323&c=569&s1=", waiting until "networkidle"[22m

[vts-original][MAC - Chrome] 
✅ Execution successfully processed! {
  success: false,
  error: 'page.goto: net::ERR_INTERNET_DISCONNECTED at https://mlfvts-trk.com/?a=659&oc=323&c=569&s1=\n' +
    'Call log:\n' +
    '\x1B[2m  - navigating to "https://mlfvts-trk.com/?a=659&oc=323&c=569&s1=", waiting until "networkidle"\x1B[22m\n',
  brand: 'VTS Original'
}
[vts-original][MAC - Chrome] 📋 Trace report successfully saved: traces/vts-original_desktop.zip
✅ [18/5/2026, 1:35:29 pm] COMPLETED: vts-original [MAC - Chrome][CHROMIUM]

================================================================
⚡ Processing Campaign Matrix: [1800-FRESH-TAX-X-MAIN]
================================================================

================================================================
🚀 [18/5/2026, 1:35:29 pm] RUNNING: 1800 Fresh Tax (X) Main [ANDROID - CHROME]
🔗 Target URL: https://flmtrk.com/?a=659&oc=696&c=1867&s1=
================================================================
[1800-fresh-tax-x-main][Android - Chrome] 🔌 [Browser Interceptor] Intercepting and optimizing engine: CHROMIUM
[1800-fresh-tax-x-main][Android - Chrome] ◇ injected env (0) from .env // tip: ⌘ multiple files { path: ['.env.local', '.env'] }
[1800-fresh-tax-x-main][Android - Chrome] ◇ injected env (0) from .env // tip: ◈ secrets for agents [www.dotenvx.com]
[1800-fresh-tax-x-main][Android - Chrome] ◇ injected env (0) from .env // tip: ◈ secrets for agents [www.dotenvx.com]
[1800-fresh-tax-x-main][Android - Chrome] ◇ injected env (0) from .env // tip: ⌘ suppress logs { quiet: true }
[1800-fresh-tax-x-main][Android - Chrome] ◇ injected env (0) from .env // tip: ⌘ override existing { override: true }
[1800-fresh-tax-x-main][Android - Chrome] 
🤖 ================================================================
🤖 MASTER RUNNER: LAUNCHING 1800 FRESH TAX (X) MAIN
🤖 Mode:            MOBILE
[1800-fresh-tax-x-main][Android - Chrome] 🤖 Tracking URL:     https://flmtrk.com/?a=659&oc=696&c=1867&s1=
🤖 Target Sheet:    1800 Fresh Tax (X) Main
[1800-fresh-tax-x-main][Android - Chrome] 🤖 ================================================================
[1800-fresh-tax-x-main][Android - Chrome] 🔌 [Browser Interceptor] Intercepting and optimizing engine: CHROMIUM
[1800-fresh-tax-x-main][Android - Chrome] 📋 Emulated Device Profile: MOBILE (Pixel 7) - [Android - Chrome]
[1800-fresh-tax-x-main][Android - Chrome] ⏳ Delaying 200ms to allow responsive layouts to mount...
[1800-fresh-tax-x-main][Android - Chrome] 🔄 Processing lead for brand: 1800 Fresh Tax (X) Main Mobile
[1800-fresh-tax-x-main][Android - Chrome] 📊 Campaign execution run index: 49
[1800-fresh-tax-x-main][Android - Chrome] 🎯 Enforcing dynamic credentials & parameters:
   - First Name:   ckmtestpixel
   - Last Name:    ckmtestpixel
   - Email:        ckmtestpixel@gmail.com
   - Phone Number: 401-247-1049
   - Slider Value: 2,232
   - State Value:  Wyoming (WY)
[1800-fresh-tax-x-main][Android - Chrome] 🔗 [Mobile] Navigating to: https://flmtrk.com/?a=659&oc=696&c=1867&s1=
[1800-fresh-tax-x-main][Android - Chrome] [STDERR] ❌ Failed processing 1800 Fresh Tax (X) Main Mobile: page.goto: net::ERR_INTERNET_DISCONNECTED at https://flmtrk.com/?a=659&oc=696&c=1867&s1=
Call log:
[2m  - navigating to "https://flmtrk.com/?a=659&oc=696&c=1867&s1=", waiting until "networkidle"[22m

[1800-fresh-tax-x-main][Android - Chrome] 
✅ Execution successfully processed! {
  success: false,
  error: 'page.goto: net::ERR_INTERNET_DISCONNECTED at https://flmtrk.com/?a=659&oc=696&c=1867&s1=\n' +
    'Call log:\n' +
    '\x1B[2m  - navigating to "https://flmtrk.com/?a=659&oc=696&c=1867&s1=", waiting until "networkidle"\x1B[22m\n',
  brand: '1800 Fresh Tax (X) Main Mobile'
}
[1800-fresh-tax-x-main][Android - Chrome] 📋 Trace report successfully saved: traces/1800-fresh-tax-x-main_mobile.zip
✅ [18/5/2026, 1:35:35 pm] COMPLETED: 1800-fresh-tax-x-main [Android - Chrome][CHROMIUM]

================================================================
🚀 [18/5/2026, 1:35:36 pm] RUNNING: 1800 Fresh Tax (X) Main [ANDROID - FIREFOX]
🔗 Target URL: https://flmtrk.com/?a=659&oc=696&c=1867&s1=
================================================================
[1800-fresh-tax-x-main][Android - Firefox] 🔌 [Browser Interceptor] Intercepting and optimizing engine: FIREFOX
[1800-fresh-tax-x-main][Android - Firefox] ◇ injected env (0) from .env // tip: ⌘ custom filepath { path: '/custom/path/.env' }
[1800-fresh-tax-x-main][Android - Firefox] ◇ injected env (0) from .env // tip: ⌘ override existing { override: true }
[1800-fresh-tax-x-main][Android - Firefox] ◇ injected env (0) from .env // tip: ⌘ enable debugging { debug: true }
[1800-fresh-tax-x-main][Android - Firefox] ◇ injected env (0) from .env // tip: ⌘ suppress logs { quiet: true }
[1800-fresh-tax-x-main][Android - Firefox] ◇ injected env (0) from .env // tip: ⌘ suppress logs { quiet: true }
[1800-fresh-tax-x-main][Android - Firefox] 
🤖 ================================================================
🤖 MASTER RUNNER: LAUNCHING 1800 FRESH TAX (X) MAIN
🤖 Mode:            MOBILE
[1800-fresh-tax-x-main][Android - Firefox] 🤖 Tracking URL:     https://flmtrk.com/?a=659&oc=696&c=1867&s1=
🤖 Target Sheet:    1800 Fresh Tax (X) Main
🤖 ================================================================
[1800-fresh-tax-x-main][Android - Firefox] 🔌 [Browser Interceptor] Intercepting and optimizing engine: FIREFOX
[1800-fresh-tax-x-main][Android - Firefox] 📋 Emulated Device Profile: MOBILE (Pixel 7) - [Android - Firefox]
[1800-fresh-tax-x-main][Android - Firefox] 🔌 [Browser Interceptor] Sanitizing mobile context options for Firefox emulation...
🔌 [Browser Interceptor] Sanitizing mobile context options for Firefox emulation...
[1800-fresh-tax-x-main][Android - Firefox] ⏳ Delaying 200ms to allow responsive layouts to mount...
[1800-fresh-tax-x-main][Android - Firefox] 🔄 Processing lead for brand: 1800 Fresh Tax (X) Main Mobile
[1800-fresh-tax-x-main][Android - Firefox] 📊 Campaign execution run index: 50
[1800-fresh-tax-x-main][Android - Firefox] 🎯 Enforcing dynamic credentials & parameters:
   - First Name:   ckmtestpixel
[1800-fresh-tax-x-main][Android - Firefox]    - Last Name:    ckmtestpixel
   - Email:        ckmtestpixel@gmail.com
   - Phone Number: 401-247-1050
   - Slider Value: 5,201
   - State Value:  Alabama (AL)
[1800-fresh-tax-x-main][Android - Firefox] 🔗 [Mobile] Navigating to: https://flmtrk.com/?a=659&oc=696&c=1867&s1=
[1800-fresh-tax-x-main][Android - Firefox] [STDERR] ❌ Failed processing 1800 Fresh Tax (X) Main Mobile: page.goto: NS_ERROR_UNKNOWN_HOST
Call log:
[2m  - navigating to "https://flmtrk.com/?a=659&oc=696&c=1867&s1=", waiting until "networkidle"[22m

[1800-fresh-tax-x-main][Android - Firefox] 
✅ Execution successfully processed! {
  success: false,
  error: 'page.goto: NS_ERROR_UNKNOWN_HOST\n' +
    'Call log:\n' +
    '\x1B[2m  - navigating to "https://flmtrk.com/?a=659&oc=696&c=1867&s1=", waiting until "networkidle"\x1B[22m\n',
  brand: '1800 Fresh Tax (X) Main Mobile'
}
[1800-fresh-tax-x-main][Android - Firefox] 📋 Trace report successfully saved: traces/1800-fresh-tax-x-main_mobile.zip
✅ [18/5/2026, 1:35:45 pm] COMPLETED: 1800-fresh-tax-x-main [Android - Firefox][FIREFOX]

================================================================
🚀 [18/5/2026, 1:35:45 pm] RUNNING: 1800 Fresh Tax (X) Main [IOS - CHROME]
🔗 Target URL: https://flmtrk.com/?a=659&oc=696&c=1867&s1=
================================================================
[1800-fresh-tax-x-main][iOS - Chrome] 🔌 [Browser Interceptor] Intercepting and optimizing engine: CHROMIUM
[1800-fresh-tax-x-main][iOS - Chrome] ◇ injected env (0) from .env // tip: ⌁ auth for agents [www.vestauth.com]
[1800-fresh-tax-x-main][iOS - Chrome] ◇ injected env (0) from .env // tip: ⌘ multiple files { path: ['.env.local', '.env'] }
[1800-fresh-tax-x-main][iOS - Chrome] ◇ injected env (0) from .env // tip: ⌘ suppress logs { quiet: true }
[1800-fresh-tax-x-main][iOS - Chrome] ◇ injected env (0) from .env // tip: ⌘ multiple files { path: ['.env.local', '.env'] }
[1800-fresh-tax-x-main][iOS - Chrome] ◇ injected env (0) from .env // tip: ⌘ suppress logs { quiet: true }
[1800-fresh-tax-x-main][iOS - Chrome] 
🤖 ================================================================
🤖 MASTER RUNNER: LAUNCHING 1800 FRESH TAX (X) MAIN
[1800-fresh-tax-x-main][iOS - Chrome] 🤖 Mode:            MOBILE
🤖 Tracking URL:     https://flmtrk.com/?a=659&oc=696&c=1867&s1=
🤖 Target Sheet:    1800 Fresh Tax (X) Main
[1800-fresh-tax-x-main][iOS - Chrome] 🤖 ================================================================
[1800-fresh-tax-x-main][iOS - Chrome] 🔌 [Browser Interceptor] Intercepting and optimizing engine: CHROMIUM
[1800-fresh-tax-x-main][iOS - Chrome] 📋 Emulated Device Profile: MOBILE (iPhone 17 Pro Mode) - [iOS - Chrome]
[1800-fresh-tax-x-main][iOS - Chrome] ⏳ Delaying 200ms to allow responsive layouts to mount...
[1800-fresh-tax-x-main][iOS - Chrome] 🔄 Processing lead for brand: 1800 Fresh Tax (X) Main Mobile
[1800-fresh-tax-x-main][iOS - Chrome] 📊 Campaign execution run index: 51
[1800-fresh-tax-x-main][iOS - Chrome] 🎯 Enforcing dynamic credentials & parameters:
   - First Name:   ckmtestpixel
   - Last Name:    ckmtestpixel
   - Email:        ckmtestpixel@gmail.com
   - Phone Number: 401-247-1051
   - Slider Value: 7,827
   - State Value:  Alaska (AK)
[1800-fresh-tax-x-main][iOS - Chrome] 🔗 [Mobile] Navigating to: https://flmtrk.com/?a=659&oc=696&c=1867&s1=
[1800-fresh-tax-x-main][iOS - Chrome] [STDERR] ❌ Failed processing 1800 Fresh Tax (X) Main Mobile: page.goto: net::ERR_INTERNET_DISCONNECTED at https://flmtrk.com/?a=659&oc=696&c=1867&s1=
Call log:
[2m  - navigating to "https://flmtrk.com/?a=659&oc=696&c=1867&s1=", waiting until "networkidle"[22m

[1800-fresh-tax-x-main][iOS - Chrome] 
✅ Execution successfully processed! {
  success: false,
  error: 'page.goto: net::ERR_INTERNET_DISCONNECTED at https://flmtrk.com/?a=659&oc=696&c=1867&s1=\n' +
    'Call log:\n' +
    '\x1B[2m  - navigating to "https://flmtrk.com/?a=659&oc=696&c=1867&s1=", waiting until "networkidle"\x1B[22m\n',
  brand: '1800 Fresh Tax (X) Main Mobile'
}
[1800-fresh-tax-x-main][iOS - Chrome] 📋 Trace report successfully saved: traces/1800-fresh-tax-x-main_mobile.zip
✅ [18/5/2026, 1:35:51 pm] COMPLETED: 1800-fresh-tax-x-main [iOS - Chrome][CHROMIUM]

================================================================
🚀 [18/5/2026, 1:35:51 pm] RUNNING: 1800 Fresh Tax (X) Main [IOS - SAFARI]
🔗 Target URL: https://flmtrk.com/?a=659&oc=696&c=1867&s1=
================================================================
[1800-fresh-tax-x-main][iOS - Safari] 🔌 [Browser Interceptor] Intercepting and optimizing engine: WEBKIT
[1800-fresh-tax-x-main][iOS - Safari] ◇ injected env (0) from .env // tip: ◈ secrets for agents [www.dotenvx.com]
[1800-fresh-tax-x-main][iOS - Safari] ◇ injected env (0) from .env // tip: ◈ encrypted .env [www.dotenvx.com]
[1800-fresh-tax-x-main][iOS - Safari] ◇ injected env (0) from .env // tip: ⌘ custom filepath { path: '/custom/path/.env' }
[1800-fresh-tax-x-main][iOS - Safari] ◇ injected env (0) from .env // tip: ⌘ suppress logs { quiet: true }
[1800-fresh-tax-x-main][iOS - Safari] ◇ injected env (0) from .env // tip: ⌁ auth for agents [www.vestauth.com]
[1800-fresh-tax-x-main][iOS - Safari] 
🤖 ================================================================
🤖 MASTER RUNNER: LAUNCHING 1800 FRESH TAX (X) MAIN
[1800-fresh-tax-x-main][iOS - Safari] 🤖 Mode:            MOBILE
🤖 Tracking URL:     https://flmtrk.com/?a=659&oc=696&c=1867&s1=
[1800-fresh-tax-x-main][iOS - Safari] 🤖 Target Sheet:    1800 Fresh Tax (X) Main
🤖 ================================================================
[1800-fresh-tax-x-main][iOS - Safari] 🔌 [Browser Interceptor] Intercepting and optimizing engine: WEBKIT
[1800-fresh-tax-x-main][iOS - Safari] 📋 Emulated Device Profile: MOBILE (iPhone 17 Pro Mode) - [iOS - Safari]
[1800-fresh-tax-x-main][iOS - Safari] ⏳ Delaying 200ms to allow responsive layouts to mount...
[1800-fresh-tax-x-main][iOS - Safari] 🔄 Processing lead for brand: 1800 Fresh Tax (X) Main Mobile
[1800-fresh-tax-x-main][iOS - Safari] 📊 Campaign execution run index: 52
[1800-fresh-tax-x-main][iOS - Safari] 🎯 Enforcing dynamic credentials & parameters:
   - First Name:   ckmtestpixel
[1800-fresh-tax-x-main][iOS - Safari]    - Last Name:    ckmtestpixel
   - Email:        ckmtestpixel@gmail.com
   - Phone Number: 401-247-1052
   - Slider Value: 14,040
   - State Value:  Arizona (AZ)
[1800-fresh-tax-x-main][iOS - Safari] 🔗 [Mobile] Navigating to: https://flmtrk.com/?a=659&oc=696&c=1867&s1=
[1800-fresh-tax-x-main][iOS - Safari] [STDERR] ❌ Failed processing 1800 Fresh Tax (X) Main Mobile: page.goto: Could not resolve hostname
Call log:
[2m  - navigating to "https://flmtrk.com/?a=659&oc=696&c=1867&s1=", waiting until "networkidle"[22m

[1800-fresh-tax-x-main][iOS - Safari] 
✅ Execution successfully processed! {
  success: false,
  error: 'page.goto: Could not resolve hostname\n' +
    'Call log:\n' +
    '\x1B[2m  - navigating to "https://flmtrk.com/?a=659&oc=696&c=1867&s1=", waiting until "networkidle"\x1B[22m\n',
  brand: '1800 Fresh Tax (X) Main Mobile'
}
[1800-fresh-tax-x-main][iOS - Safari] 📋 Trace report successfully saved: traces/1800-fresh-tax-x-main_mobile.zip
✅ [18/5/2026, 1:35:57 pm] COMPLETED: 1800-fresh-tax-x-main [iOS - Safari][WEBKIT]

================================================================
🚀 [18/5/2026, 1:35:57 pm] RUNNING: 1800 Fresh Tax (X) Main [TABLET - SAFARI]
🔗 Target URL: https://flmtrk.com/?a=659&oc=696&c=1867&s1=
================================================================
[1800-fresh-tax-x-main][Tablet - Safari] 🔌 [Browser Interceptor] Intercepting and optimizing engine: WEBKIT
[1800-fresh-tax-x-main][Tablet - Safari] ◇ injected env (0) from .env // tip: ⌘ override existing { override: true }
[1800-fresh-tax-x-main][Tablet - Safari] ◇ injected env (0) from .env // tip: ⌘ suppress logs { quiet: true }
[1800-fresh-tax-x-main][Tablet - Safari] ◇ injected env (0) from .env // tip: ⌘ suppress logs { quiet: true }
[1800-fresh-tax-x-main][Tablet - Safari] ◇ injected env (0) from .env // tip: ⌘ override existing { override: true }
[1800-fresh-tax-x-main][Tablet - Safari] ◇ injected env (0) from .env // tip: ⌘ custom filepath { path: '/custom/path/.env' }
[1800-fresh-tax-x-main][Tablet - Safari] 
🤖 ================================================================
🤖 MASTER RUNNER: LAUNCHING 1800 FRESH TAX (X) MAIN
🤖 Mode:            TABLET
[1800-fresh-tax-x-main][Tablet - Safari] 🤖 Tracking URL:     https://flmtrk.com/?a=659&oc=696&c=1867&s1=
🤖 Target Sheet:    1800 Fresh Tax (X) Main
🤖 ================================================================
[1800-fresh-tax-x-main][Tablet - Safari] 🔌 [Browser Interceptor] Intercepting and optimizing engine: WEBKIT
[1800-fresh-tax-x-main][Tablet - Safari] 📋 Emulated Device Profile: TABLET (iPad Pro 11) - [Tablet - Safari]
[1800-fresh-tax-x-main][Tablet - Safari] ⏳ Delaying 200ms to allow responsive layouts to mount...
[1800-fresh-tax-x-main][Tablet - Safari] 🔄 Processing lead for brand: 1800 Fresh Tax (X) Main Tablet
[1800-fresh-tax-x-main][Tablet - Safari] 📊 Campaign execution run index: 53
[1800-fresh-tax-x-main][Tablet - Safari] 🎯 Enforcing dynamic credentials & parameters:
   - First Name:   ckmtestpixel
   - Last Name:    ckmtestpixel
   - Email:        ckmtestpixel@gmail.com
[1800-fresh-tax-x-main][Tablet - Safari]    - Phone Number: 401-247-1053
   - Slider Value: 40,038
   - State Value:  Arkansas (AR)
[1800-fresh-tax-x-main][Tablet - Safari] 🔗 [Mobile] Navigating to: https://flmtrk.com/?a=659&oc=696&c=1867&s1=
[1800-fresh-tax-x-main][Tablet - Safari] [STDERR] ❌ Failed processing 1800 Fresh Tax (X) Main Tablet: page.goto: Could not resolve hostname
Call log:
[2m  - navigating to "https://flmtrk.com/?a=659&oc=696&c=1867&s1=", waiting until "networkidle"[22m

[1800-fresh-tax-x-main][Tablet - Safari] 
✅ Execution successfully processed! {
  success: false,
  error: 'page.goto: Could not resolve hostname\n' +
    'Call log:\n' +
    '\x1B[2m  - navigating to "https://flmtrk.com/?a=659&oc=696&c=1867&s1=", waiting until "networkidle"\x1B[22m\n',
  brand: '1800 Fresh Tax (X) Main Tablet'
}
[1800-fresh-tax-x-main][Tablet - Safari] 📋 Trace report successfully saved: traces/1800-fresh-tax-x-main_tablet.zip
✅ [18/5/2026, 1:36:04 pm] COMPLETED: 1800-fresh-tax-x-main [Tablet - Safari][WEBKIT]

================================================================
🚀 [18/5/2026, 1:36:04 pm] RUNNING: 1800 Fresh Tax (X) Main [TABLET - CHROME]
🔗 Target URL: https://flmtrk.com/?a=659&oc=696&c=1867&s1=
================================================================
[1800-fresh-tax-x-main][Tablet - Chrome] 🔌 [Browser Interceptor] Intercepting and optimizing engine: CHROMIUM
[1800-fresh-tax-x-main][Tablet - Chrome] ◇ injected env (0) from .env // tip: ⌁ auth for agents [www.vestauth.com]
[1800-fresh-tax-x-main][Tablet - Chrome] ◇ injected env (0) from .env // tip: ⌘ override existing { override: true }
[1800-fresh-tax-x-main][Tablet - Chrome] ◇ injected env (0) from .env // tip: ⌘ multiple files { path: ['.env.local', '.env'] }
[1800-fresh-tax-x-main][Tablet - Chrome] ◇ injected env (0) from .env // tip: ⌘ suppress logs { quiet: true }
[1800-fresh-tax-x-main][Tablet - Chrome] ◇ injected env (0) from .env // tip: ⌘ suppress logs { quiet: true }
[1800-fresh-tax-x-main][Tablet - Chrome] 
🤖 ================================================================
🤖 MASTER RUNNER: LAUNCHING 1800 FRESH TAX (X) MAIN
[1800-fresh-tax-x-main][Tablet - Chrome] 🤖 Mode:            TABLET
🤖 Tracking URL:     https://flmtrk.com/?a=659&oc=696&c=1867&s1=
🤖 Target Sheet:    1800 Fresh Tax (X) Main
🤖 ================================================================
[1800-fresh-tax-x-main][Tablet - Chrome] 🔌 [Browser Interceptor] Intercepting and optimizing engine: CHROMIUM
[1800-fresh-tax-x-main][Tablet - Chrome] 📋 Emulated Device Profile: TABLET (iPad Pro 11) - [Tablet - Chrome]
[1800-fresh-tax-x-main][Tablet - Chrome] ⏳ Delaying 200ms to allow responsive layouts to mount...
[1800-fresh-tax-x-main][Tablet - Chrome] 🔄 Processing lead for brand: 1800 Fresh Tax (X) Main Tablet
[1800-fresh-tax-x-main][Tablet - Chrome] 📊 Campaign execution run index: 54
[1800-fresh-tax-x-main][Tablet - Chrome] 🎯 Enforcing dynamic credentials & parameters:
   - First Name:   ckmtestpixel
   - Last Name:    ckmtestpixel
   - Email:        ckmtestpixel@gmail.com
   - Phone Number: 401-247-1054
   - Slider Value: 70,668
   - State Value:  California (CA)
[1800-fresh-tax-x-main][Tablet - Chrome] 🔗 [Mobile] Navigating to: https://flmtrk.com/?a=659&oc=696&c=1867&s1=
[1800-fresh-tax-x-main][Tablet - Chrome] [STDERR] ❌ Failed processing 1800 Fresh Tax (X) Main Tablet: page.goto: net::ERR_INTERNET_DISCONNECTED at https://flmtrk.com/?a=659&oc=696&c=1867&s1=
Call log:
[2m  - navigating to "https://flmtrk.com/?a=659&oc=696&c=1867&s1=", waiting until "networkidle"[22m

[1800-fresh-tax-x-main][Tablet - Chrome] 
✅ Execution successfully processed! {
  success: false,
  error: 'page.goto: net::ERR_INTERNET_DISCONNECTED at https://flmtrk.com/?a=659&oc=696&c=1867&s1=\n' +
    'Call log:\n' +
    '\x1B[2m  - navigating to "https://flmtrk.com/?a=659&oc=696&c=1867&s1=", waiting until "networkidle"\x1B[22m\n',
  brand: '1800 Fresh Tax (X) Main Tablet'
}
[1800-fresh-tax-x-main][Tablet - Chrome] 📋 Trace report successfully saved: traces/1800-fresh-tax-x-main_tablet.zip
✅ [18/5/2026, 1:36:10 pm] COMPLETED: 1800-fresh-tax-x-main [Tablet - Chrome][CHROMIUM]

================================================================
🚀 [18/5/2026, 1:36:10 pm] RUNNING: 1800 Fresh Tax (X) Main [WINDOWS - CHROME]
🔗 Target URL: https://flmtrk.com/?a=659&oc=696&c=1867&s1=
================================================================
[1800-fresh-tax-x-main][Windows - Chrome] 🔌 [Browser Interceptor] Intercepting and optimizing engine: CHROMIUM
[1800-fresh-tax-x-main][Windows - Chrome] ◇ injected env (0) from .env // tip: ⌘ suppress logs { quiet: true }
[1800-fresh-tax-x-main][Windows - Chrome] ◇ injected env (0) from .env // tip: ⌘ suppress logs { quiet: true }
[1800-fresh-tax-x-main][Windows - Chrome] ◇ injected env (0) from .env // tip: ⌘ custom filepath { path: '/custom/path/.env' }
[1800-fresh-tax-x-main][Windows - Chrome] ◇ injected env (0) from .env // tip: ⌘ multiple files { path: ['.env.local', '.env'] }
[1800-fresh-tax-x-main][Windows - Chrome] ◇ injected env (0) from .env // tip: ⌘ override existing { override: true }
[1800-fresh-tax-x-main][Windows - Chrome] 
🤖 ================================================================
[1800-fresh-tax-x-main][Windows - Chrome] 🤖 MASTER RUNNER: LAUNCHING 1800 FRESH TAX (X) MAIN
[1800-fresh-tax-x-main][Windows - Chrome] 🤖 Mode:            DESKTOP
[1800-fresh-tax-x-main][Windows - Chrome] 🤖 Tracking URL:     https://flmtrk.com/?a=659&oc=696&c=1867&s1=
[1800-fresh-tax-x-main][Windows - Chrome] 🤖 Target Sheet:    1800 Fresh Tax (X) Main
🤖 ================================================================
[1800-fresh-tax-x-main][Windows - Chrome] 🔌 [Browser Interceptor] Intercepting and optimizing engine: CHROMIUM
[1800-fresh-tax-x-main][Windows - Chrome] 💻 Emulated Device Profile: DESKTOP - [Windows - Chrome]
[1800-fresh-tax-x-main][Windows - Chrome] 🔄 Processing lead for brand: 1800 Fresh Tax (X) Main
[1800-fresh-tax-x-main][Windows - Chrome] 📊 Campaign execution run index: 55
[1800-fresh-tax-x-main][Windows - Chrome] 🎯 Enforcing dynamic credentials & parameters:
   - First Name:   ckmtestpixel
   - Last Name:    ckmtestpixel
   - Email:        ckmtestpixel@gmail.com
   - Phone Number: 401-247-1055
   - Slider Value: 1,44,742
   - State Value:  Colorado (CO)
[1800-fresh-tax-x-main][Windows - Chrome] 🔗 Navigating to: https://flmtrk.com/?a=659&oc=696&c=1867&s1=
[1800-fresh-tax-x-main][Windows - Chrome] [STDERR] ❌ Failed processing 1800 Fresh Tax (X) Main: page.goto: net::ERR_INTERNET_DISCONNECTED at https://flmtrk.com/?a=659&oc=696&c=1867&s1=
Call log:
[2m  - navigating to "https://flmtrk.com/?a=659&oc=696&c=1867&s1=", waiting until "networkidle"[22m

[1800-fresh-tax-x-main][Windows - Chrome] 
✅ Execution successfully processed! {
  success: false,
  error: 'page.goto: net::ERR_INTERNET_DISCONNECTED at https://flmtrk.com/?a=659&oc=696&c=1867&s1=\n' +
    'Call log:\n' +
    '\x1B[2m  - navigating to "https://flmtrk.com/?a=659&oc=696&c=1867&s1=", waiting until "networkidle"\x1B[22m\n',
  brand: '1800 Fresh Tax (X) Main'
}
[1800-fresh-tax-x-main][Windows - Chrome] 📋 Trace report successfully saved: traces/1800-fresh-tax-x-main_desktop.zip
✅ [18/5/2026, 1:36:16 pm] COMPLETED: 1800-fresh-tax-x-main [Windows - Chrome][CHROMIUM]

================================================================
🚀 [18/5/2026, 1:36:17 pm] RUNNING: 1800 Fresh Tax (X) Main [WINDOWS - FIREFOX]
🔗 Target URL: https://flmtrk.com/?a=659&oc=696&c=1867&s1=
================================================================
[1800-fresh-tax-x-main][Windows - Firefox] 🔌 [Browser Interceptor] Intercepting and optimizing engine: FIREFOX
[1800-fresh-tax-x-main][Windows - Firefox] ◇ injected env (0) from .env // tip: ⌘ multiple files { path: ['.env.local', '.env'] }
[1800-fresh-tax-x-main][Windows - Firefox] ◇ injected env (0) from .env // tip: ⌘ suppress logs { quiet: true }
[1800-fresh-tax-x-main][Windows - Firefox] ◇ injected env (0) from .env // tip: ◈ encrypted .env [www.dotenvx.com]
[1800-fresh-tax-x-main][Windows - Firefox] ◇ injected env (0) from .env // tip: ⌘ multiple files { path: ['.env.local', '.env'] }
[1800-fresh-tax-x-main][Windows - Firefox] ◇ injected env (0) from .env // tip: ⌘ custom filepath { path: '/custom/path/.env' }
[1800-fresh-tax-x-main][Windows - Firefox] 
🤖 ================================================================
[1800-fresh-tax-x-main][Windows - Firefox] 🤖 MASTER RUNNER: LAUNCHING 1800 FRESH TAX (X) MAIN
🤖 Mode:            DESKTOP
[1800-fresh-tax-x-main][Windows - Firefox] 🤖 Tracking URL:     https://flmtrk.com/?a=659&oc=696&c=1867&s1=
[1800-fresh-tax-x-main][Windows - Firefox] 🤖 Target Sheet:    1800 Fresh Tax (X) Main
[1800-fresh-tax-x-main][Windows - Firefox] 🤖 ================================================================
[1800-fresh-tax-x-main][Windows - Firefox] 🔌 [Browser Interceptor] Intercepting and optimizing engine: FIREFOX
[1800-fresh-tax-x-main][Windows - Firefox] 💻 Emulated Device Profile: DESKTOP - [Windows - Firefox]
[1800-fresh-tax-x-main][Windows - Firefox] 🔌 [Browser Interceptor] Sanitizing mobile context options for Firefox emulation...
🔌 [Browser Interceptor] Sanitizing mobile context options for Firefox emulation...
[1800-fresh-tax-x-main][Windows - Firefox] 🔄 Processing lead for brand: 1800 Fresh Tax (X) Main
[1800-fresh-tax-x-main][Windows - Firefox] 📊 Campaign execution run index: 56
[1800-fresh-tax-x-main][Windows - Firefox] 🎯 Enforcing dynamic credentials & parameters:
   - First Name:   ckmtestpixel
   - Last Name:    ckmtestpixel
[1800-fresh-tax-x-main][Windows - Firefox]    - Email:        ckmtestpixel@gmail.com
   - Phone Number: 401-247-1056
   - Slider Value: 4,698
   - State Value:  Connecticut (CT)
[1800-fresh-tax-x-main][Windows - Firefox] 🔗 Navigating to: https://flmtrk.com/?a=659&oc=696&c=1867&s1=
[1800-fresh-tax-x-main][Windows - Firefox] [STDERR] ❌ Failed processing 1800 Fresh Tax (X) Main: page.goto: NS_ERROR_UNKNOWN_HOST
Call log:
[2m  - navigating to "https://flmtrk.com/?a=659&oc=696&c=1867&s1=", waiting until "networkidle"[22m

[1800-fresh-tax-x-main][Windows - Firefox] 
✅ Execution successfully processed! {
  success: false,
  error: 'page.goto: NS_ERROR_UNKNOWN_HOST\n' +
    'Call log:\n' +
    '\x1B[2m  - navigating to "https://flmtrk.com/?a=659&oc=696&c=1867&s1=", waiting until "networkidle"\x1B[22m\n',
  brand: '1800 Fresh Tax (X) Main'
}
[1800-fresh-tax-x-main][Windows - Firefox] 📋 Trace report successfully saved: traces/1800-fresh-tax-x-main_desktop.zip
✅ [18/5/2026, 1:36:26 pm] COMPLETED: 1800-fresh-tax-x-main [Windows - Firefox][FIREFOX]

================================================================
🚀 [18/5/2026, 1:36:26 pm] RUNNING: 1800 Fresh Tax (X) Main [MAC - SAFARI]
🔗 Target URL: https://flmtrk.com/?a=659&oc=696&c=1867&s1=
================================================================
[1800-fresh-tax-x-main][MAC - Safari] 🔌 [Browser Interceptor] Intercepting and optimizing engine: WEBKIT
[1800-fresh-tax-x-main][MAC - Safari] ◇ injected env (0) from .env // tip: ⌘ override existing { override: true }
[1800-fresh-tax-x-main][MAC - Safari] ◇ injected env (0) from .env // tip: ⌘ suppress logs { quiet: true }
[1800-fresh-tax-x-main][MAC - Safari] ◇ injected env (0) from .env // tip: ⌘ suppress logs { quiet: true }
[1800-fresh-tax-x-main][MAC - Safari] ◇ injected env (0) from .env // tip: ⌁ auth for agents [www.vestauth.com]
[1800-fresh-tax-x-main][MAC - Safari] ◇ injected env (0) from .env // tip: ⌘ override existing { override: true }
[1800-fresh-tax-x-main][MAC - Safari] 
🤖 ================================================================
🤖 MASTER RUNNER: LAUNCHING 1800 FRESH TAX (X) MAIN
[1800-fresh-tax-x-main][MAC - Safari] 🤖 Mode:            DESKTOP
🤖 Tracking URL:     https://flmtrk.com/?a=659&oc=696&c=1867&s1=
[1800-fresh-tax-x-main][MAC - Safari] 🤖 Target Sheet:    1800 Fresh Tax (X) Main
🤖 ================================================================
[1800-fresh-tax-x-main][MAC - Safari] 🔌 [Browser Interceptor] Intercepting and optimizing engine: WEBKIT
[1800-fresh-tax-x-main][MAC - Safari] 💻 Emulated Device Profile: DESKTOP - [MAC - Safari]
[1800-fresh-tax-x-main][MAC - Safari] 🔄 Processing lead for brand: 1800 Fresh Tax (X) Main
[1800-fresh-tax-x-main][MAC - Safari] 📊 Campaign execution run index: 57
[1800-fresh-tax-x-main][MAC - Safari] 🎯 Enforcing dynamic credentials & parameters:
   - First Name:   ckmtestpixel
   - Last Name:    ckmtestpixel
   - Email:        ckmtestpixel@gmail.com
[1800-fresh-tax-x-main][MAC - Safari]    - Phone Number: 401-247-1057
   - Slider Value: 6,617
   - State Value:  Delaware (DE)
[1800-fresh-tax-x-main][MAC - Safari] 🔗 Navigating to: https://flmtrk.com/?a=659&oc=696&c=1867&s1=
[1800-fresh-tax-x-main][MAC - Safari] [STDERR] ❌ Failed processing 1800 Fresh Tax (X) Main: page.goto: Could not resolve hostname
Call log:
[2m  - navigating to "https://flmtrk.com/?a=659&oc=696&c=1867&s1=", waiting until "networkidle"[22m

[1800-fresh-tax-x-main][MAC - Safari] 
✅ Execution successfully processed! {
  success: false,
  error: 'page.goto: Could not resolve hostname\n' +
    'Call log:\n' +
    '\x1B[2m  - navigating to "https://flmtrk.com/?a=659&oc=696&c=1867&s1=", waiting until "networkidle"\x1B[22m\n',
  brand: '1800 Fresh Tax (X) Main'
}
[1800-fresh-tax-x-main][MAC - Safari] 📋 Trace report successfully saved: traces/1800-fresh-tax-x-main_desktop.zip
✅ [18/5/2026, 1:36:32 pm] COMPLETED: 1800-fresh-tax-x-main [MAC - Safari][WEBKIT]

================================================================
🚀 [18/5/2026, 1:36:32 pm] RUNNING: 1800 Fresh Tax (X) Main [MAC - CHROME]
🔗 Target URL: https://flmtrk.com/?a=659&oc=696&c=1867&s1=
================================================================
[1800-fresh-tax-x-main][MAC - Chrome] 🔌 [Browser Interceptor] Intercepting and optimizing engine: CHROMIUM
[1800-fresh-tax-x-main][MAC - Chrome] ◇ injected env (0) from .env // tip: ⌘ override existing { override: true }
[1800-fresh-tax-x-main][MAC - Chrome] ◇ injected env (0) from .env // tip: ⌁ auth for agents [www.vestauth.com]
[1800-fresh-tax-x-main][MAC - Chrome] ◇ injected env (0) from .env // tip: ⌘ enable debugging { debug: true }
[1800-fresh-tax-x-main][MAC - Chrome] ◇ injected env (0) from .env // tip: ⌘ override existing { override: true }
[1800-fresh-tax-x-main][MAC - Chrome] ◇ injected env (0) from .env // tip: ⌁ auth for agents [www.vestauth.com]
[1800-fresh-tax-x-main][MAC - Chrome] 
🤖 ================================================================
🤖 MASTER RUNNER: LAUNCHING 1800 FRESH TAX (X) MAIN
🤖 Mode:            DESKTOP
[1800-fresh-tax-x-main][MAC - Chrome] 🤖 Tracking URL:     https://flmtrk.com/?a=659&oc=696&c=1867&s1=
[1800-fresh-tax-x-main][MAC - Chrome] 🤖 Target Sheet:    1800 Fresh Tax (X) Main
🤖 ================================================================
[1800-fresh-tax-x-main][MAC - Chrome] 🔌 [Browser Interceptor] Intercepting and optimizing engine: CHROMIUM
[1800-fresh-tax-x-main][MAC - Chrome] 💻 Emulated Device Profile: DESKTOP - [MAC - Chrome]
[1800-fresh-tax-x-main][MAC - Chrome] 🔄 Processing lead for brand: 1800 Fresh Tax (X) Main
[1800-fresh-tax-x-main][MAC - Chrome] 📊 Campaign execution run index: 58
[1800-fresh-tax-x-main][MAC - Chrome] 🎯 Enforcing dynamic credentials & parameters:
   - First Name:   ckmtestpixel
   - Last Name:    ckmtestpixel
   - Email:        ckmtestpixel@gmail.com
   - Phone Number: 401-247-1058
   - Slider Value: 7,947
   - State Value:  Florida (FL)
[1800-fresh-tax-x-main][MAC - Chrome] 🔗 Navigating to: https://flmtrk.com/?a=659&oc=696&c=1867&s1=
[1800-fresh-tax-x-main][MAC - Chrome] [STDERR] ❌ Failed processing 1800 Fresh Tax (X) Main: page.goto: net::ERR_INTERNET_DISCONNECTED at https://flmtrk.com/?a=659&oc=696&c=1867&s1=
Call log:
[2m  - navigating to "https://flmtrk.com/?a=659&oc=696&c=1867&s1=", waiting until "networkidle"[22m

[1800-fresh-tax-x-main][MAC - Chrome] 
✅ Execution successfully processed! {
  success: false,
  error: 'page.goto: net::ERR_INTERNET_DISCONNECTED at https://flmtrk.com/?a=659&oc=696&c=1867&s1=\n' +
    'Call log:\n' +
    '\x1B[2m  - navigating to "https://flmtrk.com/?a=659&oc=696&c=1867&s1=", waiting until "networkidle"\x1B[22m\n',
  brand: '1800 Fresh Tax (X) Main'
}
[1800-fresh-tax-x-main][MAC - Chrome] 📋 Trace report successfully saved: traces/1800-fresh-tax-x-main_desktop.zip
✅ [18/5/2026, 1:36:38 pm] COMPLETED: 1800-fresh-tax-x-main [MAC - Chrome][CHROMIUM]

================================================================
⚡ Processing Campaign Matrix: [FSI-MAIN]
================================================================

================================================================
🚀 [18/5/2026, 1:36:38 pm] RUNNING: FSI - MAIN [ANDROID - CHROME]
🔗 Target URL: https://fsimlf-trk.com/?a=659&oc=159&c=111&s1=
================================================================
[fsi-main][Android - Chrome] 🔌 [Browser Interceptor] Intercepting and optimizing engine: CHROMIUM
[fsi-main][Android - Chrome] ◇ injected env (0) from .env // tip: ⌘ multiple files { path: ['.env.local', '.env'] }
[fsi-main][Android - Chrome] ◇ injected env (0) from .env // tip: ⌘ multiple files { path: ['.env.local', '.env'] }
[fsi-main][Android - Chrome] ◇ injected env (0) from .env // tip: ◈ secrets for agents [www.dotenvx.com]
[fsi-main][Android - Chrome] ◇ injected env (0) from .env // tip: ⌘ suppress logs { quiet: true }
[fsi-main][Android - Chrome] ◇ injected env (0) from .env // tip: ◈ secrets for agents [www.dotenvx.com]
[fsi-main][Android - Chrome] 
🤖 ================================================================
🤖 MASTER RUNNER: LAUNCHING FSI - MAIN
[fsi-main][Android - Chrome] 🤖 Mode:            MOBILE
🤖 Tracking URL:     https://fsimlf-trk.com/?a=659&oc=159&c=111&s1=
🤖 Target Sheet:    FSI - MAIN
🤖 ================================================================
[fsi-main][Android - Chrome] 🔌 [Browser Interceptor] Intercepting and optimizing engine: CHROMIUM
[fsi-main][Android - Chrome] 📋 Emulated Device Profile: MOBILE (Pixel 7) - [Android - Chrome]
[fsi-main][Android - Chrome] ⏳ Delaying 200ms to allow responsive layouts to mount...
[fsi-main][Android - Chrome] 🔄 Processing lead for brand: FSI - MAIN Mobile
[fsi-main][Android - Chrome] 📊 Campaign execution run index: 26
[fsi-main][Android - Chrome] 🎯 Enforcing dynamic credentials & parameters:
   - First Name:   ckmtestpixel
   - Last Name:    ckmtestpixel
   - Email:        ckmtestpixel@gmail.com
   - Phone Number: 401-247-1026
   - Slider Value: 72,408
   - State Value:  Nebraska (NE)
[fsi-main][Android - Chrome] 🔗 [Mobile] Navigating to: https://fsimlf-trk.com/?a=659&oc=159&c=111&s1=
[fsi-main][Android - Chrome] [STDERR] ❌ Failed processing FSI - MAIN Mobile: page.goto: net::ERR_INTERNET_DISCONNECTED at https://fsimlf-trk.com/?a=659&oc=159&c=111&s1=
Call log:
[2m  - navigating to "https://fsimlf-trk.com/?a=659&oc=159&c=111&s1=", waiting until "networkidle"[22m

[fsi-main][Android - Chrome] 
✅ Execution successfully processed! {
  success: false,
  error: 'page.goto: net::ERR_INTERNET_DISCONNECTED at https://fsimlf-trk.com/?a=659&oc=159&c=111&s1=\n' +
    'Call log:\n' +
    '\x1B[2m  - navigating to "https://fsimlf-trk.com/?a=659&oc=159&c=111&s1=", waiting until "networkidle"\x1B[22m\n',
  brand: 'FSI - MAIN Mobile'
}
[fsi-main][Android - Chrome] 📋 Trace report successfully saved: traces/fsi-main_mobile.zip
✅ [18/5/2026, 1:36:44 pm] COMPLETED: fsi-main [Android - Chrome][CHROMIUM]

================================================================
🚀 [18/5/2026, 1:36:44 pm] RUNNING: FSI - MAIN [ANDROID - FIREFOX]
🔗 Target URL: https://fsimlf-trk.com/?a=659&oc=159&c=111&s1=
================================================================
[fsi-main][Android - Firefox] 🔌 [Browser Interceptor] Intercepting and optimizing engine: FIREFOX
[fsi-main][Android - Firefox] ◇ injected env (0) from .env // tip: ⌘ override existing { override: true }
[fsi-main][Android - Firefox] ◇ injected env (0) from .env // tip: ◈ secrets for agents [www.dotenvx.com]
[fsi-main][Android - Firefox] ◇ injected env (0) from .env // tip: ◈ secrets for agents [www.dotenvx.com]
[fsi-main][Android - Firefox] ◇ injected env (0) from .env // tip: ◈ secrets for agents [www.dotenvx.com]
[fsi-main][Android - Firefox] ◇ injected env (0) from .env // tip: ⌘ suppress logs { quiet: true }
[fsi-main][Android - Firefox] 
🤖 ================================================================
🤖 MASTER RUNNER: LAUNCHING FSI - MAIN
[fsi-main][Android - Firefox] 🤖 Mode:            MOBILE
🤖 Tracking URL:     https://fsimlf-trk.com/?a=659&oc=159&c=111&s1=
[fsi-main][Android - Firefox] 🤖 Target Sheet:    FSI - MAIN
🤖 ================================================================
[fsi-main][Android - Firefox] 🔌 [Browser Interceptor] Intercepting and optimizing engine: FIREFOX
[fsi-main][Android - Firefox] 📋 Emulated Device Profile: MOBILE (Pixel 7) - [Android - Firefox]
[fsi-main][Android - Firefox] 🔌 [Browser Interceptor] Sanitizing mobile context options for Firefox emulation...
🔌 [Browser Interceptor] Sanitizing mobile context options for Firefox emulation...
[fsi-main][Android - Firefox] ⏳ Delaying 200ms to allow responsive layouts to mount...
[fsi-main][Android - Firefox] 🔄 Processing lead for brand: FSI - MAIN Mobile
[fsi-main][Android - Firefox] 📊 Campaign execution run index: 27
[fsi-main][Android - Firefox] 🎯 Enforcing dynamic credentials & parameters:
[fsi-main][Android - Firefox]    - First Name:   ckmtestpixel
[fsi-main][Android - Firefox]    - Last Name:    ckmtestpixel
[fsi-main][Android - Firefox]    - Email:        ckmtestpixel@gmail.com
[fsi-main][Android - Firefox]    - Phone Number: 401-247-1027
   - Slider Value: 1,11,552
   - State Value:  Nevada (NV)
[fsi-main][Android - Firefox] 🔗 [Mobile] Navigating to: https://fsimlf-trk.com/?a=659&oc=159&c=111&s1=
[fsi-main][Android - Firefox] [STDERR] ❌ Failed processing FSI - MAIN Mobile: page.goto: NS_ERROR_UNKNOWN_HOST
Call log:
[2m  - navigating to "https://fsimlf-trk.com/?a=659&oc=159&c=111&s1=", waiting until "networkidle"[22m

[fsi-main][Android - Firefox] 
✅ Execution successfully processed! {
  success: false,
  error: 'page.goto: NS_ERROR_UNKNOWN_HOST\n' +
    'Call log:\n' +
    '\x1B[2m  - navigating to "https://fsimlf-trk.com/?a=659&oc=159&c=111&s1=", waiting until "networkidle"\x1B[22m\n',
  brand: 'FSI - MAIN Mobile'
}
[fsi-main][Android - Firefox] 📋 Trace report successfully saved: traces/fsi-main_mobile.zip
✅ [18/5/2026, 1:36:54 pm] COMPLETED: fsi-main [Android - Firefox][FIREFOX]

================================================================
🚀 [18/5/2026, 1:36:54 pm] RUNNING: FSI - MAIN [IOS - CHROME]
🔗 Target URL: https://fsimlf-trk.com/?a=659&oc=159&c=111&s1=
================================================================
[fsi-main][iOS - Chrome] 🔌 [Browser Interceptor] Intercepting and optimizing engine: CHROMIUM
[fsi-main][iOS - Chrome] ◇ injected env (0) from .env // tip: ⌁ auth for agents [www.vestauth.com]
[fsi-main][iOS - Chrome] ◇ injected env (0) from .env // tip: ⌘ enable debugging { debug: true }
[fsi-main][iOS - Chrome] ◇ injected env (0) from .env // tip: ◈ secrets for agents [www.dotenvx.com]
[fsi-main][iOS - Chrome] ◇ injected env (0) from .env // tip: ◈ secrets for agents [www.dotenvx.com]
[fsi-main][iOS - Chrome] ◇ injected env (0) from .env // tip: ◈ encrypted .env [www.dotenvx.com]
[fsi-main][iOS - Chrome] 
🤖 ================================================================
🤖 MASTER RUNNER: LAUNCHING FSI - MAIN
[fsi-main][iOS - Chrome] 🤖 Mode:            MOBILE
🤖 Tracking URL:     https://fsimlf-trk.com/?a=659&oc=159&c=111&s1=
🤖 Target Sheet:    FSI - MAIN
🤖 ================================================================
[fsi-main][iOS - Chrome] 🔌 [Browser Interceptor] Intercepting and optimizing engine: CHROMIUM
[fsi-main][iOS - Chrome] 📋 Emulated Device Profile: MOBILE (iPhone 17 Pro Mode) - [iOS - Chrome]
[fsi-main][iOS - Chrome] ⏳ Delaying 200ms to allow responsive layouts to mount...
[fsi-main][iOS - Chrome] 🔄 Processing lead for brand: FSI - MAIN Mobile
[fsi-main][iOS - Chrome] 📊 Campaign execution run index: 28
[fsi-main][iOS - Chrome] 🎯 Enforcing dynamic credentials & parameters:
   - First Name:   ckmtestpixel
   - Last Name:    ckmtestpixel
[fsi-main][iOS - Chrome]    - Email:        ckmtestpixel@gmail.com
   - Phone Number: 401-247-1028
   - Slider Value: 3,096
   - State Value:  New Hampshire (NH)
[fsi-main][iOS - Chrome] 🔗 [Mobile] Navigating to: https://fsimlf-trk.com/?a=659&oc=159&c=111&s1=
[fsi-main][iOS - Chrome] [STDERR] ❌ Failed processing FSI - MAIN Mobile: page.goto: net::ERR_INTERNET_DISCONNECTED at https://fsimlf-trk.com/?a=659&oc=159&c=111&s1=
Call log:
[2m  - navigating to "https://fsimlf-trk.com/?a=659&oc=159&c=111&s1=", waiting until "networkidle"[22m

[fsi-main][iOS - Chrome] 
✅ Execution successfully processed! {
  success: false,
  error: 'page.goto: net::ERR_INTERNET_DISCONNECTED at https://fsimlf-trk.com/?a=659&oc=159&c=111&s1=\n' +
    'Call log:\n' +
    '\x1B[2m  - navigating to "https://fsimlf-trk.com/?a=659&oc=159&c=111&s1=", waiting until "networkidle"\x1B[22m\n',
  brand: 'FSI - MAIN Mobile'
}
[fsi-main][iOS - Chrome] 📋 Trace report successfully saved: traces/fsi-main_mobile.zip
✅ [18/5/2026, 1:37:00 pm] COMPLETED: fsi-main [iOS - Chrome][CHROMIUM]

================================================================
🚀 [18/5/2026, 1:37:00 pm] RUNNING: FSI - MAIN [IOS - SAFARI]
🔗 Target URL: https://fsimlf-trk.com/?a=659&oc=159&c=111&s1=
================================================================
[fsi-main][iOS - Safari] 🔌 [Browser Interceptor] Intercepting and optimizing engine: WEBKIT
[fsi-main][iOS - Safari] ◇ injected env (0) from .env // tip: ⌘ suppress logs { quiet: true }
[fsi-main][iOS - Safari] ◇ injected env (0) from .env // tip: ◈ secrets for agents [www.dotenvx.com]
[fsi-main][iOS - Safari] ◇ injected env (0) from .env // tip: ◈ encrypted .env [www.dotenvx.com]
[fsi-main][iOS - Safari] ◇ injected env (0) from .env // tip: ⌘ custom filepath { path: '/custom/path/.env' }
[fsi-main][iOS - Safari] ◇ injected env (0) from .env // tip: ⌁ auth for agents [www.vestauth.com]
[fsi-main][iOS - Safari] 
🤖 ================================================================
[fsi-main][iOS - Safari] 🤖 MASTER RUNNER: LAUNCHING FSI - MAIN
🤖 Mode:            MOBILE
[fsi-main][iOS - Safari] 🤖 Tracking URL:     https://fsimlf-trk.com/?a=659&oc=159&c=111&s1=
[fsi-main][iOS - Safari] 🤖 Target Sheet:    FSI - MAIN
[fsi-main][iOS - Safari] 🤖 ================================================================
[fsi-main][iOS - Safari] 🔌 [Browser Interceptor] Intercepting and optimizing engine: WEBKIT
[fsi-main][iOS - Safari] 📋 Emulated Device Profile: MOBILE (iPhone 17 Pro Mode) - [iOS - Safari]
[fsi-main][iOS - Safari] ⏳ Delaying 200ms to allow responsive layouts to mount...
[fsi-main][iOS - Safari] 🔄 Processing lead for brand: FSI - MAIN Mobile
[fsi-main][iOS - Safari] 📊 Campaign execution run index: 29
[fsi-main][iOS - Safari] 🎯 Enforcing dynamic credentials & parameters:
   - First Name:   ckmtestpixel
   - Last Name:    ckmtestpixel
   - Email:        ckmtestpixel@gmail.com
   - Phone Number: 401-247-1029
   - Slider Value: 5,793
   - State Value:  New Jersey (NJ)
[fsi-main][iOS - Safari] 🔗 [Mobile] Navigating to: https://fsimlf-trk.com/?a=659&oc=159&c=111&s1=
[fsi-main][iOS - Safari] [STDERR] ❌ Failed processing FSI - MAIN Mobile: page.goto: Could not resolve hostname
Call log:
[2m  - navigating to "https://fsimlf-trk.com/?a=659&oc=159&c=111&s1=", waiting until "networkidle"[22m

[fsi-main][iOS - Safari] 
✅ Execution successfully processed! {
  success: false,
  error: 'page.goto: Could not resolve hostname\n' +
    'Call log:\n' +
    '\x1B[2m  - navigating to "https://fsimlf-trk.com/?a=659&oc=159&c=111&s1=", waiting until "networkidle"\x1B[22m\n',
  brand: 'FSI - MAIN Mobile'
}
[fsi-main][iOS - Safari] 📋 Trace report successfully saved: traces/fsi-main_mobile.zip
✅ [18/5/2026, 1:37:06 pm] COMPLETED: fsi-main [iOS - Safari][WEBKIT]

================================================================
🚀 [18/5/2026, 1:37:06 pm] RUNNING: FSI - MAIN [TABLET - SAFARI]
🔗 Target URL: https://fsimlf-trk.com/?a=659&oc=159&c=111&s1=
================================================================
[fsi-main][Tablet - Safari] 🔌 [Browser Interceptor] Intercepting and optimizing engine: WEBKIT
[fsi-main][Tablet - Safari] ◇ injected env (0) from .env // tip: ◈ secrets for agents [www.dotenvx.com]
[fsi-main][Tablet - Safari] ◇ injected env (0) from .env // tip: ⌁ auth for agents [www.vestauth.com]
[fsi-main][Tablet - Safari] ◇ injected env (0) from .env // tip: ◈ secrets for agents [www.dotenvx.com]
[fsi-main][Tablet - Safari] ◇ injected env (0) from .env // tip: ⌘ enable debugging { debug: true }
[fsi-main][Tablet - Safari] ◇ injected env (0) from .env // tip: ⌘ multiple files { path: ['.env.local', '.env'] }
[fsi-main][Tablet - Safari] 
🤖 ================================================================
🤖 MASTER RUNNER: LAUNCHING FSI - MAIN
[fsi-main][Tablet - Safari] 🤖 Mode:            TABLET
🤖 Tracking URL:     https://fsimlf-trk.com/?a=659&oc=159&c=111&s1=
🤖 Target Sheet:    FSI - MAIN
🤖 ================================================================
[fsi-main][Tablet - Safari] 🔌 [Browser Interceptor] Intercepting and optimizing engine: WEBKIT
[fsi-main][Tablet - Safari] 📋 Emulated Device Profile: TABLET (iPad Pro 11) - [Tablet - Safari]
[fsi-main][Tablet - Safari] ⏳ Delaying 200ms to allow responsive layouts to mount...
[fsi-main][Tablet - Safari] 🔄 Processing lead for brand: FSI - MAIN Tablet
[fsi-main][Tablet - Safari] 📊 Campaign execution run index: 30
[fsi-main][Tablet - Safari] 🎯 Enforcing dynamic credentials & parameters:
[fsi-main][Tablet - Safari]    - First Name:   ckmtestpixel
   - Last Name:    ckmtestpixel
   - Email:        ckmtestpixel@gmail.com
   - Phone Number: 401-247-1030
   - Slider Value: 9,904
   - State Value:  New Mexico (NM)
[fsi-main][Tablet - Safari] 🔗 [Mobile] Navigating to: https://fsimlf-trk.com/?a=659&oc=159&c=111&s1=
[fsi-main][Tablet - Safari] [STDERR] ❌ Failed processing FSI - MAIN Tablet: page.goto: Could not resolve hostname
Call log:
[2m  - navigating to "https://fsimlf-trk.com/?a=659&oc=159&c=111&s1=", waiting until "networkidle"[22m

[fsi-main][Tablet - Safari] 
✅ Execution successfully processed! {
  success: false,
  error: 'page.goto: Could not resolve hostname\n' +
    'Call log:\n' +
    '\x1B[2m  - navigating to "https://fsimlf-trk.com/?a=659&oc=159&c=111&s1=", waiting until "networkidle"\x1B[22m\n',
  brand: 'FSI - MAIN Tablet'
}
[fsi-main][Tablet - Safari] 📋 Trace report successfully saved: traces/fsi-main_tablet.zip
✅ [18/5/2026, 1:37:12 pm] COMPLETED: fsi-main [Tablet - Safari][WEBKIT]

================================================================
🚀 [18/5/2026, 1:37:13 pm] RUNNING: FSI - MAIN [TABLET - CHROME]
🔗 Target URL: https://fsimlf-trk.com/?a=659&oc=159&c=111&s1=
================================================================
[fsi-main][Tablet - Chrome] 🔌 [Browser Interceptor] Intercepting and optimizing engine: CHROMIUM
[fsi-main][Tablet - Chrome] ◇ injected env (0) from .env // tip: ⌘ custom filepath { path: '/custom/path/.env' }
[fsi-main][Tablet - Chrome] ◇ injected env (0) from .env // tip: ⌁ auth for agents [www.vestauth.com]
[fsi-main][Tablet - Chrome] ◇ injected env (0) from .env // tip: ◈ secrets for agents [www.dotenvx.com]
[fsi-main][Tablet - Chrome] ◇ injected env (0) from .env // tip: ⌁ auth for agents [www.vestauth.com]
[fsi-main][Tablet - Chrome] ◇ injected env (0) from .env // tip: ⌘ override existing { override: true }
[fsi-main][Tablet - Chrome] 
🤖 ================================================================
🤖 MASTER RUNNER: LAUNCHING FSI - MAIN
[fsi-main][Tablet - Chrome] 🤖 Mode:            TABLET
🤖 Tracking URL:     https://fsimlf-trk.com/?a=659&oc=159&c=111&s1=
🤖 Target Sheet:    FSI - MAIN
[fsi-main][Tablet - Chrome] 🤖 ================================================================
[fsi-main][Tablet - Chrome] 🔌 [Browser Interceptor] Intercepting and optimizing engine: CHROMIUM
[fsi-main][Tablet - Chrome] 📋 Emulated Device Profile: TABLET (iPad Pro 11) - [Tablet - Chrome]
[fsi-main][Tablet - Chrome] ⏳ Delaying 200ms to allow responsive layouts to mount...
[fsi-main][Tablet - Chrome] 🔄 Processing lead for brand: FSI - MAIN Tablet
[fsi-main][Tablet - Chrome] 📊 Campaign execution run index: 31
[fsi-main][Tablet - Chrome] 🎯 Enforcing dynamic credentials & parameters:
   - First Name:   ckmtestpixel
   - Last Name:    ckmtestpixel
   - Email:        ckmtestpixel@gmail.com
   - Phone Number: 401-247-1031
   - Slider Value: 18,331
[fsi-main][Tablet - Chrome]    - State Value:  New York (NY)
[fsi-main][Tablet - Chrome] 🔗 [Mobile] Navigating to: https://fsimlf-trk.com/?a=659&oc=159&c=111&s1=
[fsi-main][Tablet - Chrome] [STDERR] ❌ Failed processing FSI - MAIN Tablet: page.goto: net::ERR_INTERNET_DISCONNECTED at https://fsimlf-trk.com/?a=659&oc=159&c=111&s1=
Call log:
[2m  - navigating to "https://fsimlf-trk.com/?a=659&oc=159&c=111&s1=", waiting until "networkidle"[22m

[fsi-main][Tablet - Chrome] 
✅ Execution successfully processed! {
  success: false,
  error: 'page.goto: net::ERR_INTERNET_DISCONNECTED at https://fsimlf-trk.com/?a=659&oc=159&c=111&s1=\n' +
    'Call log:\n' +
    '\x1B[2m  - navigating to "https://fsimlf-trk.com/?a=659&oc=159&c=111&s1=", waiting until "networkidle"\x1B[22m\n',
  brand: 'FSI - MAIN Tablet'
}
[fsi-main][Tablet - Chrome] 📋 Trace report successfully saved: traces/fsi-main_tablet.zip
✅ [18/5/2026, 1:37:19 pm] COMPLETED: fsi-main [Tablet - Chrome][CHROMIUM]

================================================================
🚀 [18/5/2026, 1:37:19 pm] RUNNING: FSI - MAIN [WINDOWS - CHROME]
🔗 Target URL: https://fsimlf-trk.com/?a=659&oc=159&c=111&s1=
================================================================
[fsi-main][Windows - Chrome] 🔌 [Browser Interceptor] Intercepting and optimizing engine: CHROMIUM
[fsi-main][Windows - Chrome] ◇ injected env (0) from .env // tip: ⌘ custom filepath { path: '/custom/path/.env' }
[fsi-main][Windows - Chrome] ◇ injected env (0) from .env // tip: ◈ secrets for agents [www.dotenvx.com]
[fsi-main][Windows - Chrome] ◇ injected env (0) from .env // tip: ⌁ auth for agents [www.vestauth.com]
[fsi-main][Windows - Chrome] ◇ injected env (0) from .env // tip: ⌘ suppress logs { quiet: true }
[fsi-main][Windows - Chrome] ◇ injected env (0) from .env // tip: ⌘ multiple files { path: ['.env.local', '.env'] }
[fsi-main][Windows - Chrome] 
🤖 ================================================================
🤖 MASTER RUNNER: LAUNCHING FSI - MAIN
[fsi-main][Windows - Chrome] 🤖 Mode:            DESKTOP
[fsi-main][Windows - Chrome] 🤖 Tracking URL:     https://fsimlf-trk.com/?a=659&oc=159&c=111&s1=
[fsi-main][Windows - Chrome] 🤖 Target Sheet:    FSI - MAIN
🤖 ================================================================
[fsi-main][Windows - Chrome] 🔌 [Browser Interceptor] Intercepting and optimizing engine: CHROMIUM
[fsi-main][Windows - Chrome] 💻 Emulated Device Profile: DESKTOP - [Windows - Chrome]
[fsi-main][Windows - Chrome] 🔄 Processing lead for brand: FSI - MAIN
[fsi-main][Windows - Chrome] 📊 Campaign execution run index: 32
[fsi-main][Windows - Chrome] 🎯 Enforcing dynamic credentials & parameters:
   - First Name:   ckmtestpixel
   - Last Name:    ckmtestpixel
   - Email:        ckmtestpixel@gmail.com
   - Phone Number: 401-247-1032
   - Slider Value: 34,605
   - State Value:  North Carolina (NC)
[fsi-main][Windows - Chrome] 🔗 Navigating to: https://fsimlf-trk.com/?a=659&oc=159&c=111&s1=
[fsi-main][Windows - Chrome] [STDERR] ❌ Failed processing FSI - MAIN: page.goto: net::ERR_INTERNET_DISCONNECTED at https://fsimlf-trk.com/?a=659&oc=159&c=111&s1=
Call log:
[2m  - navigating to "https://fsimlf-trk.com/?a=659&oc=159&c=111&s1=", waiting until "networkidle"[22m

[fsi-main][Windows - Chrome] 
✅ Execution successfully processed! {
  success: false,
  error: 'page.goto: net::ERR_INTERNET_DISCONNECTED at https://fsimlf-trk.com/?a=659&oc=159&c=111&s1=\n' +
    'Call log:\n' +
    '\x1B[2m  - navigating to "https://fsimlf-trk.com/?a=659&oc=159&c=111&s1=", waiting until "networkidle"\x1B[22m\n',
  brand: 'FSI - MAIN'
}
[fsi-main][Windows - Chrome] 📋 Trace report successfully saved: traces/fsi-main_desktop.zip
✅ [18/5/2026, 1:37:25 pm] COMPLETED: fsi-main [Windows - Chrome][CHROMIUM]

================================================================
🚀 [18/5/2026, 1:37:25 pm] RUNNING: FSI - MAIN [WINDOWS - FIREFOX]
🔗 Target URL: https://fsimlf-trk.com/?a=659&oc=159&c=111&s1=
================================================================
[fsi-main][Windows - Firefox] 🔌 [Browser Interceptor] Intercepting and optimizing engine: FIREFOX
[fsi-main][Windows - Firefox] ◇ injected env (0) from .env // tip: ⌘ suppress logs { quiet: true }
[fsi-main][Windows - Firefox] ◇ injected env (0) from .env // tip: ⌘ custom filepath { path: '/custom/path/.env' }
[fsi-main][Windows - Firefox] ◇ injected env (0) from .env // tip: ⌘ custom filepath { path: '/custom/path/.env' }
[fsi-main][Windows - Firefox] ◇ injected env (0) from .env // tip: ⌘ custom filepath { path: '/custom/path/.env' }
[fsi-main][Windows - Firefox] ◇ injected env (0) from .env // tip: ⌁ auth for agents [www.vestauth.com]
[fsi-main][Windows - Firefox] 
🤖 ================================================================
🤖 MASTER RUNNER: LAUNCHING FSI - MAIN
[fsi-main][Windows - Firefox] 🤖 Mode:            DESKTOP
🤖 Tracking URL:     https://fsimlf-trk.com/?a=659&oc=159&c=111&s1=
🤖 Target Sheet:    FSI - MAIN
🤖 ================================================================
[fsi-main][Windows - Firefox] 🔌 [Browser Interceptor] Intercepting and optimizing engine: FIREFOX
[fsi-main][Windows - Firefox] 💻 Emulated Device Profile: DESKTOP - [Windows - Firefox]
[fsi-main][Windows - Firefox] 🔌 [Browser Interceptor] Sanitizing mobile context options for Firefox emulation...
🔌 [Browser Interceptor] Sanitizing mobile context options for Firefox emulation...
[fsi-main][Windows - Firefox] 🔄 Processing lead for brand: FSI - MAIN
[fsi-main][Windows - Firefox] 📊 Campaign execution run index: 33
[fsi-main][Windows - Firefox] 🎯 Enforcing dynamic credentials & parameters:
   - First Name:   ckmtestpixel
   - Last Name:    ckmtestpixel
[fsi-main][Windows - Firefox]    - Email:        ckmtestpixel@gmail.com
   - Phone Number: 401-247-1033
   - Slider Value: 92,169
[fsi-main][Windows - Firefox]    - State Value:  North Dakota (ND)
[fsi-main][Windows - Firefox] 🔗 Navigating to: https://fsimlf-trk.com/?a=659&oc=159&c=111&s1=
[fsi-main][Windows - Firefox] [STDERR] ❌ Failed processing FSI - MAIN: page.goto: NS_ERROR_UNKNOWN_HOST
Call log:
[2m  - navigating to "https://fsimlf-trk.com/?a=659&oc=159&c=111&s1=", waiting until "networkidle"[22m

[fsi-main][Windows - Firefox] 
✅ Execution successfully processed! {
  success: false,
  error: 'page.goto: NS_ERROR_UNKNOWN_HOST\n' +
    'Call log:\n' +
    '\x1B[2m  - navigating to "https://fsimlf-trk.com/?a=659&oc=159&c=111&s1=", waiting until "networkidle"\x1B[22m\n',
  brand: 'FSI - MAIN'
}
[fsi-main][Windows - Firefox] 📋 Trace report successfully saved: traces/fsi-main_desktop.zip
✅ [18/5/2026, 1:37:34 pm] COMPLETED: fsi-main [Windows - Firefox][FIREFOX]

================================================================
🚀 [18/5/2026, 1:37:34 pm] RUNNING: FSI - MAIN [MAC - SAFARI]
🔗 Target URL: https://fsimlf-trk.com/?a=659&oc=159&c=111&s1=
================================================================
[fsi-main][MAC - Safari] 🔌 [Browser Interceptor] Intercepting and optimizing engine: WEBKIT
[fsi-main][MAC - Safari] ◇ injected env (0) from .env // tip: ⌘ suppress logs { quiet: true }
[fsi-main][MAC - Safari] ◇ injected env (0) from .env // tip: ⌁ auth for agents [www.vestauth.com]
[fsi-main][MAC - Safari] ◇ injected env (0) from .env // tip: ⌘ suppress logs { quiet: true }
[fsi-main][MAC - Safari] ◇ injected env (0) from .env // tip: ⌘ multiple files { path: ['.env.local', '.env'] }
[fsi-main][MAC - Safari] ◇ injected env (0) from .env // tip: ◈ encrypted .env [www.dotenvx.com]
[fsi-main][MAC - Safari] 
🤖 ================================================================
[fsi-main][MAC - Safari] 🤖 MASTER RUNNER: LAUNCHING FSI - MAIN
🤖 Mode:            DESKTOP
🤖 Tracking URL:     https://fsimlf-trk.com/?a=659&oc=159&c=111&s1=
🤖 Target Sheet:    FSI - MAIN
🤖 ================================================================
[fsi-main][MAC - Safari] 🔌 [Browser Interceptor] Intercepting and optimizing engine: WEBKIT
[fsi-main][MAC - Safari] 💻 Emulated Device Profile: DESKTOP - [MAC - Safari]
[fsi-main][MAC - Safari] 🔄 Processing lead for brand: FSI - MAIN
[fsi-main][MAC - Safari] 📊 Campaign execution run index: 34
[fsi-main][MAC - Safari] 🎯 Enforcing dynamic credentials & parameters:
   - First Name:   ckmtestpixel
   - Last Name:    ckmtestpixel
[fsi-main][MAC - Safari]    - Email:        ckmtestpixel@gmail.com
   - Phone Number: 401-247-1034
   - Slider Value: 1,11,891
   - State Value:  Ohio (OH)
[fsi-main][MAC - Safari] 🔗 Navigating to: https://fsimlf-trk.com/?a=659&oc=159&c=111&s1=
[fsi-main][MAC - Safari] [STDERR] ❌ Failed processing FSI - MAIN: page.goto: Could not resolve hostname
Call log:
[2m  - navigating to "https://fsimlf-trk.com/?a=659&oc=159&c=111&s1=", waiting until "networkidle"[22m

[fsi-main][MAC - Safari] 
✅ Execution successfully processed! {
  success: false,
  error: 'page.goto: Could not resolve hostname\n' +
    'Call log:\n' +
    '\x1B[2m  - navigating to "https://fsimlf-trk.com/?a=659&oc=159&c=111&s1=", waiting until "networkidle"\x1B[22m\n',
  brand: 'FSI - MAIN'
}
[fsi-main][MAC - Safari] 📋 Trace report successfully saved: traces/fsi-main_desktop.zip
✅ [18/5/2026, 1:37:40 pm] COMPLETED: fsi-main [MAC - Safari][WEBKIT]

================================================================
🚀 [18/5/2026, 1:37:40 pm] RUNNING: FSI - MAIN [MAC - CHROME]
🔗 Target URL: https://fsimlf-trk.com/?a=659&oc=159&c=111&s1=
================================================================
[fsi-main][MAC - Chrome] 🔌 [Browser Interceptor] Intercepting and optimizing engine: CHROMIUM
[fsi-main][MAC - Chrome] ◇ injected env (0) from .env // tip: ◈ encrypted .env [www.dotenvx.com]
[fsi-main][MAC - Chrome] ◇ injected env (0) from .env // tip: ⌘ enable debugging { debug: true }
[fsi-main][MAC - Chrome] ◇ injected env (0) from .env // tip: ⌘ suppress logs { quiet: true }
[fsi-main][MAC - Chrome] ◇ injected env (0) from .env // tip: ⌘ suppress logs { quiet: true }
[fsi-main][MAC - Chrome] ◇ injected env (0) from .env // tip: ⌘ multiple files { path: ['.env.local', '.env'] }
[fsi-main][MAC - Chrome] 
🤖 ================================================================
[fsi-main][MAC - Chrome] 🤖 MASTER RUNNER: LAUNCHING FSI - MAIN
🤖 Mode:            DESKTOP
[fsi-main][MAC - Chrome] 🤖 Tracking URL:     https://fsimlf-trk.com/?a=659&oc=159&c=111&s1=
[fsi-main][MAC - Chrome] 🤖 Target Sheet:    FSI - MAIN
🤖 ================================================================
[fsi-main][MAC - Chrome] 🔌 [Browser Interceptor] Intercepting and optimizing engine: CHROMIUM
[fsi-main][MAC - Chrome] 💻 Emulated Device Profile: DESKTOP - [MAC - Chrome]
[fsi-main][MAC - Chrome] 🔄 Processing lead for brand: FSI - MAIN
[fsi-main][MAC - Chrome] 📊 Campaign execution run index: 35
[fsi-main][MAC - Chrome] 🎯 Enforcing dynamic credentials & parameters:
   - First Name:   ckmtestpixel
   - Last Name:    ckmtestpixel
   - Email:        ckmtestpixel@gmail.com
   - Phone Number: 401-247-1035
   - Slider Value: 4,556
   - State Value:  Oklahoma (OK)
[fsi-main][MAC - Chrome] 🔗 Navigating to: https://fsimlf-trk.com/?a=659&oc=159&c=111&s1=
[fsi-main][MAC - Chrome] [STDERR] ❌ Failed processing FSI - MAIN: page.goto: net::ERR_INTERNET_DISCONNECTED at https://fsimlf-trk.com/?a=659&oc=159&c=111&s1=
Call log:
[2m  - navigating to "https://fsimlf-trk.com/?a=659&oc=159&c=111&s1=", waiting until "networkidle"[22m

[fsi-main][MAC - Chrome] 
✅ Execution successfully processed! {
  success: false,
  error: 'page.goto: net::ERR_INTERNET_DISCONNECTED at https://fsimlf-trk.com/?a=659&oc=159&c=111&s1=\n' +
    'Call log:\n' +
    '\x1B[2m  - navigating to "https://fsimlf-trk.com/?a=659&oc=159&c=111&s1=", waiting until "networkidle"\x1B[22m\n',
  brand: 'FSI - MAIN'
}
[fsi-main][MAC - Chrome] 📋 Trace report successfully saved: traces/fsi-main_desktop.zip
✅ [18/5/2026, 1:37:46 pm] COMPLETED: fsi-main [MAC - Chrome][CHROMIUM]

📊 ================================================================
📊 BATCH COMPLETED IN 19.12 MINUTES
📊 Total Runners Executed: 177
📊 Succeeded:              161
📊 Failed:                 16
📊 ================================================================
🕕 [Scheduler] Dispatching Batch Intelligence Report...
===================================================== 
SCHEDULER FINISHED AT: 18-05-2026 13:37:47.13 
===================================================== 
