===================================================== 
SCHEDULER STARTED AT: 13-05-2026 15:00:01.69 
===================================================== 
Cleaning up existing browser processes... 
Running Playwright batch scheduler... 
◇ injected env (17) from .env // tip: ◈ encrypted .env [www.dotenvx.com]

🤖 ================================================================
🤖 STARTING LEADS AUTOMATION BATCH RUN [13/5/2026, 3:00:02 pm]
🤖 Interval configured: every 2 hours
🤖 ================================================================

================================================================
⚡ Running Campaign Viewports on Browser Engine: CHROMIUM - [FTD-X]
================================================================

================================================================
🚀 [13/5/2026, 3:00:02 pm] RUNNING: FTD-X (DESKTOP) on CHROMIUM
🔗 Target URL: https://mlfftd.com/?a=659&oc=656&c=167&s1=
================================================================
[ftd-x][DESKTOP][CHROMIUM] 🔌 [Browser Interceptor] Intercepting and optimizing engine: CHROMIUM
[ftd-x][DESKTOP][CHROMIUM] ◇ injected env (0) from .env // tip: ⌘ custom filepath { path: '/custom/path/.env' }
[ftd-x][DESKTOP][CHROMIUM] ◇ injected env (0) from .env // tip: ◈ secrets for agents [www.dotenvx.com]
[ftd-x][DESKTOP][CHROMIUM] ◇ injected env (0) from .env // tip: ⌘ suppress logs { quiet: true }
[ftd-x][DESKTOP][CHROMIUM] ◇ injected env (0) from .env // tip: ◈ secrets for agents [www.dotenvx.com]
[ftd-x][DESKTOP][CHROMIUM] 
🤖 ================================================================
🤖 MASTER RUNNER: LAUNCHING FTD-X
🤖 Mode:            DESKTOP
[ftd-x][DESKTOP][CHROMIUM] 🤖 Tracking URL:     https://mlfftd.com/?a=659&oc=656&c=167&s1=
🤖 Target Sheet:    FTD-X
🤖 ================================================================
[ftd-x][DESKTOP][CHROMIUM] 💻 Emulated Device Profile: DESKTOP
[ftd-x][DESKTOP][CHROMIUM] 🔄 Processing lead for brand: FTD-X
[ftd-x][DESKTOP][CHROMIUM] 🔗 Navigating to: https://mlfftd.com/?a=659&oc=656&c=167&s1=
[ftd-x][DESKTOP][CHROMIUM] ✅ Page loaded successfully
[ftd-x][DESKTOP][CHROMIUM] 📝 Starting multi-step form filling process...
[ftd-x][DESKTOP][CHROMIUM] 🔘 Step 1: Handling Debt Amount (70,000)
[ftd-x][DESKTOP][CHROMIUM] 🔘 Found jQuery UI Slider #slider. Setting value via jQuery and DOM evaluation...
[ftd-x][DESKTOP][CHROMIUM] ✅ Set jQuery UI Slider #slider to 70,000
[ftd-x][DESKTOP][CHROMIUM] 🔘 Attempting to click .next-btn1, .btn-next
[ftd-x][DESKTOP][CHROMIUM] ✅ Clicked .next-btn1, .btn-next
[ftd-x][DESKTOP][CHROMIUM] 🔘 Dynamic Choice found: clicking "IRS Tax Debt" (.custom-btn:visible)
📝 step1 column set to: "IRS Tax Debt"
[ftd-x][DESKTOP][CHROMIUM] 🔘 Dynamic Choice found: clicking "Less than $4,000" (.custom-btn:visible)
[ftd-x][DESKTOP][CHROMIUM] 📝 step2 column set to: "Less than $4,000"
[ftd-x][DESKTOP][CHROMIUM] ✅ Reached a recognized terminal step (State or Contact). Stopping dynamic traversal.
[ftd-x][DESKTOP][CHROMIUM] 🔘 Step: Selecting State
[ftd-x][DESKTOP][CHROMIUM] 📝 step3 column set to State: "Montana"
[ftd-x][DESKTOP][CHROMIUM] 🔘 Clicking generic NEXT button
[ftd-x][DESKTOP][CHROMIUM] ✅ Clicked generic NEXT button
[ftd-x][DESKTOP][CHROMIUM] 🔘 Advancing past post-state step...
[ftd-x][DESKTOP][CHROMIUM] 🔘 Filling Contact Info (Dynamic Loop)...
[ftd-x][DESKTOP][CHROMIUM] ✅ Filled First Name: ckmtestpixel
[ftd-x][DESKTOP][CHROMIUM] ✅ Filled Last Name: ckmtestpixel
[ftd-x][DESKTOP][CHROMIUM] ✅ Filled Email: ckmtestpixel@gmail.com
[ftd-x][DESKTOP][CHROMIUM] ✅ Filled Phone: 406-314-1715
[ftd-x][DESKTOP][CHROMIUM] 🔘 Clicking active contact NEXT/SUBMIT button...
[ftd-x][DESKTOP][CHROMIUM] 🔘 No active contact NEXT/SUBMIT button visible. Exiting loop.
[ftd-x][DESKTOP][CHROMIUM] 🔘 Checking for additional submit/next buttons...
[ftd-x][DESKTOP][CHROMIUM] 🔘 Submitting form
[ftd-x][DESKTOP][CHROMIUM] [STDERR] ⚠️  Submit navigation timeout or error, waiting 5s for final URL
[ftd-x][DESKTOP][CHROMIUM] ⏳ Waiting for final redirect to Thank You page...
[ftd-x][DESKTOP][CHROMIUM] ✅ Targeted final redirect URL achieved!
[ftd-x][DESKTOP][CHROMIUM] ✅ Final Thank You URL: https://www.fidelity-tax-defense.net/thankyou_ts_checklist.php?debt=70000&leadid=FCC068FF&affid=659&reqid=26774728&subid=#s1#&employment=#employment#
[ftd-x][DESKTOP][CHROMIUM] ✅ Extracted Lead ID: FCC068FF
[ftd-x][DESKTOP][CHROMIUM] 📱 Device Type detected: D-CHROMIUM
✅ Lead captured: FCC068FF
[ftd-x][DESKTOP][CHROMIUM] 📡 Fetching First API data for Lead ID: FCC068FF...
[ftd-x][DESKTOP][CHROMIUM] 📡 Raw XML Response: {
  "lead_info_response": {
    "$": {
      "xmlns:xsd": "http://www.w3.org/2001/XMLSchema",
      "xmlns:xsi": "http://www.w3.org/2001/XMLSchema-instance",
      "xmlns": "http://cakemarketing.com/api/1/"
    },
    "success": "true",
    "row_count": "1",
    "lead_id": "FCC068FF",
    "personal_info": {
      "first_name": "CKMTESTPIXEL",
      "last_name": "CKMTESTPIXEL",
      "email_address": "ckmtestpixel@gmail.com",
      "address": {
        "street": "",
        "city": "",
        "state": "MT",
        "zip_code": "",
        "country": ""
      },
      "ip_address": "27.54.170.27",
      "phone_work": "",
      "phone_home": "406-314-1715",
      "phone_cell": "",
      "best_call_time": "",
      "opt_in": "false"
    },
    "traffic_info": {
      "lead_date": "2026-05-13T02:30:42.987",
      "payout": {
        "currency_id": "1",
        "amount": "0.0000",
        "formatted_amount": "$0.00"
      },
      "affiliate": {
        "affiliate_id": {
          "_": "659",
          "$": {
            "xmlns": "API:id_name_store"
          }
        },
        "affiliate_name": {
          "_": "QA affiliate",
          "$": {
            "xmlns": "API:id_name_store"
          }
        }
      },
      "campaign": {
        "campaign_id": {
          "_": "4060",
          "$": {
            "xmlns": "API:id_name_store"
          }
        },
        "campaign_name": {
          "_": "Fidelity Tax Defense - Slider - 24/7 - CPA - $1.00",
          "$": {
            "xmlns": "API:id_name_store"
          }
        }
      },
      "creative_id": "167",
      "subid_1": "",
      "subid_2": "",
      "subid_3": "",
      "subid_4": "",
      "subid_5": "",
      "referrer": "",
      "pixel_fired": "true",
      "returned_to_affiliate": "false",
      "test": "true",
      "upsell": "false"
    },
    "all_vertical_data": {
      "data": {
        "$": {
          "xmlns": ""
        },
        "tax_debt": "70000",
        "universal_leadid": "19C2CEDF-D114-C213-4E89-4102278C13E2",
        "affid": "659",
        "TCPA_checkbox": "checked",
        "reqid": "26774728",
        "cr_price": "0.00",
        "page": "fidelity-tax-defense.net/ftdx/",
        "neustar": "pass",
        "neustar_disposition": "N,U,U,W,1",
        "nd_odlv": "11",
        "first_name_lower": "ckmtestpixel",
        "last_name_lower": "ckmtestpixel",
        "income": "3500",
        "first_name_capital": "Ckmtestpixel",
        "last_name_capital": "Ckmtestpixel",
        "opt_special_offers": "checked",
        "debt_type": "IRS Tax Debt",
        "nodl_flag": "pass",
        "ckm_campaign_id": "4227"
      }
    },
    "dispositions": {
      "disposition": {
        "disposition_type": "Sent to Review Queue",
        "reason": "Income: This value is too large",
        "filter": "Less Than Or Equal To Value"
      }
    },
    "pings": "",
    "posts": "",
    "sales": ""
  }
}
[ftd-x][DESKTOP][CHROMIUM] ✅ First API Data retrieved on attempt 1
[ftd-x][DESKTOP][CHROMIUM] 📡 Fetching Second API data for Lead ID: FCC068FF...
[ftd-x][DESKTOP][CHROMIUM] 📡 Standard Second API Payload: cake_id=FCC068FF, domain_name=https://fidelity-tax-defense.net
[ftd-x][DESKTOP][CHROMIUM] [STDERR] (node:8184) Warning: Setting the NODE_TLS_REJECT_UNAUTHORIZED environment variable to '0' makes TLS connections and HTTPS requests insecure by disabling certificate verification.
(Use `node --trace-warnings ...` to show where the warning was created)
[ftd-x][DESKTOP][CHROMIUM] [STDERR] ❌ Second API Attempt 1 failed: Request failed with status code 404
[ftd-x][DESKTOP][CHROMIUM] ⏳ Retrying in 3 seconds to allow database synchronization...
[ftd-x][DESKTOP][CHROMIUM] 📡 Standard Second API Payload: cake_id=FCC068FF, domain_name=https://fidelity-tax-defense.net
[ftd-x][DESKTOP][CHROMIUM] [STDERR] ❌ Second API Attempt 2 failed: Request failed with status code 404
[ftd-x][DESKTOP][CHROMIUM] ⏳ Retrying in 3 seconds to allow database synchronization...
[ftd-x][DESKTOP][CHROMIUM] 📡 Standard Second API Payload: cake_id=FCC068FF, domain_name=https://fidelity-tax-defense.net
[ftd-x][DESKTOP][CHROMIUM] [STDERR] ❌ Second API Attempt 3 failed: Request failed with status code 404
[ftd-x][DESKTOP][CHROMIUM] ⏳ Retrying in 3 seconds to allow database synchronization...
[ftd-x][DESKTOP][CHROMIUM] 📡 Standard Second API Payload: cake_id=FCC068FF, domain_name=https://fidelity-tax-defense.net
[ftd-x][DESKTOP][CHROMIUM] [STDERR] ❌ Second API Attempt 4 failed: Request failed with status code 404
[ftd-x][DESKTOP][CHROMIUM] ⏳ Retrying in 3 seconds to allow database synchronization...
[ftd-x][DESKTOP][CHROMIUM] 📡 Standard Second API Payload: cake_id=FCC068FF, domain_name=https://fidelity-tax-defense.net
[ftd-x][DESKTOP][CHROMIUM] [STDERR] ❌ Second API Attempt 5 failed: Request failed with status code 404
[ftd-x][DESKTOP][CHROMIUM] ✅ Row appended successfully to sheet: FTD-X
[ftd-x][DESKTOP][CHROMIUM] ✨ Professional formatting applied to FTD-X
✅ Lead processed successfully for FTD-X
[ftd-x][DESKTOP][CHROMIUM] 🎥 Video saved successfully: traces/videos/FTD-X_FTD-X.webm
[ftd-x][DESKTOP][CHROMIUM] 
✅ Execution successfully processed! { success: true, leadId: 'FCC068FF', brand: 'FTD-X' }
[ftd-x][DESKTOP][CHROMIUM] [STDERR] ❌ Automation Run encountered a fatal exception: tracing.stop: Target page, context or browser has been closed
✅ [13/5/2026, 3:01:17 pm] COMPLETED: ftd-x [DESKTOP][CHROMIUM]

================================================================
🚀 [13/5/2026, 3:01:19 pm] RUNNING: FTD-X (TABLET) on CHROMIUM
🔗 Target URL: https://mlfftd.com/?a=659&oc=656&c=167&s1=
================================================================
[ftd-x][TABLET][CHROMIUM] 🔌 [Browser Interceptor] Intercepting and optimizing engine: CHROMIUM
[ftd-x][TABLET][CHROMIUM] ◇ injected env (0) from .env // tip: ◈ secrets for agents [www.dotenvx.com]
[ftd-x][TABLET][CHROMIUM] ◇ injected env (0) from .env // tip: ◈ secrets for agents [www.dotenvx.com]
[ftd-x][TABLET][CHROMIUM] ◇ injected env (0) from .env // tip: ◈ encrypted .env [www.dotenvx.com]
[ftd-x][TABLET][CHROMIUM] ◇ injected env (0) from .env // tip: ◈ secrets for agents [www.dotenvx.com]
[ftd-x][TABLET][CHROMIUM] 
🤖 ================================================================
[ftd-x][TABLET][CHROMIUM] 🤖 MASTER RUNNER: LAUNCHING FTD-X
🤖 Mode:            TABLET
🤖 Tracking URL:     https://mlfftd.com/?a=659&oc=656&c=167&s1=
[ftd-x][TABLET][CHROMIUM] 🤖 Target Sheet:    FTD-X
[ftd-x][TABLET][CHROMIUM] 🤖 ================================================================
[ftd-x][TABLET][CHROMIUM] 📋 Emulated Device Profile: TABLET (iPad Pro 11)
[ftd-x][TABLET][CHROMIUM] ⏳ Delaying 2 seconds to allow responsive layouts to mount...
[ftd-x][TABLET][CHROMIUM] 🔄 Processing lead for brand: FTD-X Tablet
[ftd-x][TABLET][CHROMIUM] 🔗 [Mobile] Navigating to: https://mlfftd.com/?a=659&oc=656&c=167&s1=
[ftd-x][TABLET][CHROMIUM] ✅ [Mobile] Page loaded successfully
[ftd-x][TABLET][CHROMIUM] 💻 [Tablet] Injecting high-fidelity glossy iPad Pro mockup frame...
[ftd-x][TABLET][CHROMIUM] 💻 [Tablet] Injecting high-fidelity glossy iPad Pro mockup frame...
[ftd-x][TABLET][CHROMIUM] 📝 [Mobile] Starting mobile-specific form filling...
[ftd-x][TABLET][CHROMIUM] 🔘 [Mobile] Step 1: Selecting Debt Amount (70,000)
[ftd-x][TABLET][CHROMIUM] 🔘 [Mobile] Found jQuery UI Slider #slider. Setting value via jQuery and DOM evaluation...
[ftd-x][TABLET][CHROMIUM] ✅ [Mobile] Set jQuery UI Slider #slider to 70,000
[ftd-x][TABLET][CHROMIUM] 🔘 [Mobile] Clicking active visible button: .next-btn1:visible, .btn-next:visible
[ftd-x][TABLET][CHROMIUM] ✅ [Mobile] Clicked: .next-btn1:visible, .btn-next:visible
[ftd-x][TABLET][CHROMIUM] 💻 [Tablet] Injecting high-fidelity glossy iPad Pro mockup frame...
[ftd-x][TABLET][CHROMIUM] 🔘 [Mobile] Dynamic Choice found: clicking "IRS Tax Debt" (.custom-btn:visible)
[ftd-x][TABLET][CHROMIUM] 📝 [Mobile] step1 column set to: "IRS Tax Debt"
[ftd-x][TABLET][CHROMIUM] 💻 [Tablet] Injecting high-fidelity glossy iPad Pro mockup frame...
[ftd-x][TABLET][CHROMIUM] 🔘 [Mobile] Dynamic Choice found: clicking "Less than $4,000" (.custom-btn:visible)
📝 [Mobile] step2 column set to: "Less than $4,000"
[ftd-x][TABLET][CHROMIUM] 💻 [Tablet] Injecting high-fidelity glossy iPad Pro mockup frame...
[ftd-x][TABLET][CHROMIUM] ✅ [Mobile] Reached a recognized terminal step (State or Contact). Stopping dynamic traversal.
[ftd-x][TABLET][CHROMIUM] 🔘 [Mobile] Step 2: Selecting State
[ftd-x][TABLET][CHROMIUM] 📝 [Mobile] step3 column set to State: "Montana"
[ftd-x][TABLET][CHROMIUM] 🔘 [Mobile] Clicking active visible button: .next-btn:visible, .next-btn2:visible, .btn-next:visible
[ftd-x][TABLET][CHROMIUM] ✅ [Mobile] Clicked: .next-btn:visible, .next-btn2:visible, .btn-next:visible
[ftd-x][TABLET][CHROMIUM] 💻 [Tablet] Injecting high-fidelity glossy iPad Pro mockup frame...
[ftd-x][TABLET][CHROMIUM] 🔘 [Mobile] Step 3: Filling Contact Info (Dynamic Loop)...
[ftd-x][TABLET][CHROMIUM] 💻 [Tablet] Injecting high-fidelity glossy iPad Pro mockup frame...
[ftd-x][TABLET][CHROMIUM] ✅ [Mobile] Filled First Name: ckmtestpixel
[ftd-x][TABLET][CHROMIUM] ✅ [Mobile] Filled Last Name: ckmtestpixel
[ftd-x][TABLET][CHROMIUM] ✅ [Mobile] Filled Email: ckmtestpixel@gmail.com
[ftd-x][TABLET][CHROMIUM] ✅ [Mobile] Filled Phone: 406-314-1715
[ftd-x][TABLET][CHROMIUM] 🔘 [Mobile] Clicking active contact NEXT/SUBMIT button...
[ftd-x][TABLET][CHROMIUM] 💻 [Tablet] Injecting high-fidelity glossy iPad Pro mockup frame...
[ftd-x][TABLET][CHROMIUM] [STDERR] ⚠️ [Tablet] Failed to apply glossy iPad Pro mockup frame overlay: page.evaluate: TypeError: Cannot read properties of null (reading 'appendChild')
    at eval (eval at evaluate (:302:30), <anonymous>:104:23)
    at UtilityScript.evaluate (<anonymous>:304:16)
    at UtilityScript.<anonymous> (<anonymous>:1:44)
[ftd-x][TABLET][CHROMIUM] 🔘 [Mobile] No active contact NEXT/SUBMIT button visible. Exiting loop.
[ftd-x][TABLET][CHROMIUM] 🔘 [Mobile] Scanning for additional dynamic steps...
[ftd-x][TABLET][CHROMIUM] 🔘 [Mobile] Submitting form
[ftd-x][TABLET][CHROMIUM] ⏳ [Mobile] Waiting for submission navigation to complete
[ftd-x][TABLET][CHROMIUM] ⏳ [Mobile] Waiting for final Thank You page redirection...
[ftd-x][TABLET][CHROMIUM] ✅ [Mobile] Targeted final redirect URL achieved!
[ftd-x][TABLET][CHROMIUM] ✅ [Mobile] Final Thank You URL: https://www.fidelity-tax-defense.net/thankyou_ts_checklist.php?debt=70000&leadid=240BA809&affid=659&reqid=26774730&subid=#s1#&employment=#employment#
[ftd-x][TABLET][CHROMIUM] ✅ [Mobile] Extracted Lead ID: 240BA809
📱 Device Type detected: T-CHROMIUM
[ftd-x][TABLET][CHROMIUM] ✅ Lead captured: 240BA809
[ftd-x][TABLET][CHROMIUM] 📡 Fetching First API data for Lead ID: 240BA809...
[ftd-x][TABLET][CHROMIUM] 📡 Raw XML Response: {
  "lead_info_response": {
    "$": {
      "xmlns:xsd": "http://www.w3.org/2001/XMLSchema",
      "xmlns:xsi": "http://www.w3.org/2001/XMLSchema-instance",
      "xmlns": "http://cakemarketing.com/api/1/"
    },
    "success": "true",
    "row_count": "1",
    "lead_id": "240BA809",
    "personal_info": {
      "first_name": "CKMTESTPIXEL",
      "last_name": "CKMTESTPIXEL",
      "email_address": "ckmtestpixel@gmail.com",
      "address": {
        "street": "",
        "city": "",
        "state": "MT",
        "zip_code": "",
        "country": ""
      },
      "ip_address": "27.54.170.27",
      "phone_work": "",
      "phone_home": "406-314-1715",
      "phone_cell": "",
      "best_call_time": "",
      "opt_in": "false"
    },
    "traffic_info": {
      "lead_date": "2026-05-13T02:31:40.18",
      "payout": {
        "currency_id": "1",
        "amount": "0.0000",
        "formatted_amount": "$0.00"
      },
      "affiliate": {
        "affiliate_id": {
          "_": "659",
          "$": {
            "xmlns": "API:id_name_store"
          }
        },
        "affiliate_name": {
          "_": "QA affiliate",
          "$": {
            "xmlns": "API:id_name_store"
          }
        }
      },
      "campaign": {
        "campaign_id": {
          "_": "4060",
          "$": {
            "xmlns": "API:id_name_store"
          }
        },
        "campaign_name": {
          "_": "Fidelity Tax Defense - Slider - 24/7 - CPA - $1.00",
          "$": {
            "xmlns": "API:id_name_store"
          }
        }
      },
      "creative_id": "167",
      "subid_1": "",
      "subid_2": "",
      "subid_3": "",
      "subid_4": "",
      "subid_5": "",
      "referrer": "",
      "pixel_fired": "true",
      "returned_to_affiliate": "false",
      "test": "true",
      "upsell": "false"
    },
    "all_vertical_data": {
      "data": {
        "$": {
          "xmlns": ""
        },
        "tax_debt": "70000",
        "universal_leadid": "78575E1A-250D-80BC-551C-3D515D0972D7",
        "affid": "659",
        "TCPA_checkbox": "checked",
        "reqid": "26774730",
        "cr_price": "0.00",
        "page": "fidelity-tax-defense.net/ftdx/",
        "neustar": "pass",
        "neustar_disposition": "N,U,U,W,1",
        "nd_odlv": "11",
        "first_name_lower": "ckmtestpixel",
        "last_name_lower": "ckmtestpixel",
        "income": "3500",
        "first_name_capital": "Ckmtestpixel",
        "last_name_capital": "Ckmtestpixel",
        "opt_special_offers": "checked",
        "debt_type": "IRS Tax Debt",
        "nodl_flag": "pass",
        "ckm_campaign_id": "4227"
      }
    },
    "dispositions": {
      "disposition": {
        "disposition_type": "Sent to Review Queue",
        "reason": "Income: This value is too large",
        "filter": "Less Than Or Equal To Value"
      }
    },
    "pings": "",
    "posts": "",
    "sales": ""
  }
}
✅ First API Data retrieved on attempt 1
[ftd-x][TABLET][CHROMIUM] 📡 Fetching Second API data for Lead ID: 240BA809...
[ftd-x][TABLET][CHROMIUM] 📡 Standard Second API Payload: cake_id=240BA809, domain_name=https://fidelity-tax-defense.net
[ftd-x][TABLET][CHROMIUM] [STDERR] (node:24940) Warning: Setting the NODE_TLS_REJECT_UNAUTHORIZED environment variable to '0' makes TLS connections and HTTPS requests insecure by disabling certificate verification.
(Use `node --trace-warnings ...` to show where the warning was created)
[ftd-x][TABLET][CHROMIUM] [STDERR] ❌ Second API Attempt 1 failed: Request failed with status code 404
[ftd-x][TABLET][CHROMIUM] ⏳ Retrying in 3 seconds to allow database synchronization...
[ftd-x][TABLET][CHROMIUM] 📡 Standard Second API Payload: cake_id=240BA809, domain_name=https://fidelity-tax-defense.net
[ftd-x][TABLET][CHROMIUM] [STDERR] ❌ Second API Attempt 2 failed: Request failed with status code 404
[ftd-x][TABLET][CHROMIUM] ⏳ Retrying in 3 seconds to allow database synchronization...
[ftd-x][TABLET][CHROMIUM] 📡 Standard Second API Payload: cake_id=240BA809, domain_name=https://fidelity-tax-defense.net
[ftd-x][TABLET][CHROMIUM] [STDERR] ❌ Second API Attempt 3 failed: Request failed with status code 404
[ftd-x][TABLET][CHROMIUM] ⏳ Retrying in 3 seconds to allow database synchronization...
[ftd-x][TABLET][CHROMIUM] 📡 Standard Second API Payload: cake_id=240BA809, domain_name=https://fidelity-tax-defense.net
[ftd-x][TABLET][CHROMIUM] [STDERR] ❌ Second API Attempt 4 failed: Request failed with status code 404
[ftd-x][TABLET][CHROMIUM] ⏳ Retrying in 3 seconds to allow database synchronization...
[ftd-x][TABLET][CHROMIUM] 📡 Standard Second API Payload: cake_id=240BA809, domain_name=https://fidelity-tax-defense.net
[ftd-x][TABLET][CHROMIUM] [STDERR] ❌ Second API Attempt 5 failed: Request failed with status code 404
[ftd-x][TABLET][CHROMIUM] ✅ Row appended successfully to sheet: FTD-X
[ftd-x][TABLET][CHROMIUM] ✨ Professional formatting applied to FTD-X
[ftd-x][TABLET][CHROMIUM] ✅ Lead processed successfully for FTD-X Tablet
[ftd-x][TABLET][CHROMIUM] 🎥 Video saved successfully: traces/videos/FTD-X_FTD-X_Tablet.webm
[ftd-x][TABLET][CHROMIUM] 
✅ Execution successfully processed! { success: true, leadId: '240BA809', brand: 'FTD-X Tablet' }
[ftd-x][TABLET][CHROMIUM] [STDERR] ❌ Automation Run encountered a fatal exception: tracing.stop: Target page, context or browser has been closed
✅ [13/5/2026, 3:02:27 pm] COMPLETED: ftd-x [TABLET][CHROMIUM]

================================================================
🚀 [13/5/2026, 3:02:29 pm] RUNNING: FTD-X (MOBILE) on CHROMIUM
🔗 Target URL: https://mlfftd.com/?a=659&oc=656&c=167&s1=
================================================================
[ftd-x][MOBILE][CHROMIUM] 🔌 [Browser Interceptor] Intercepting and optimizing engine: CHROMIUM
[ftd-x][MOBILE][CHROMIUM] ◇ injected env (0) from .env // tip: ◈ secrets for agents [www.dotenvx.com]
[ftd-x][MOBILE][CHROMIUM] ◇ injected env (0) from .env // tip: ⌘ multiple files { path: ['.env.local', '.env'] }
[ftd-x][MOBILE][CHROMIUM] ◇ injected env (0) from .env // tip: ⌁ auth for agents [www.vestauth.com]
[ftd-x][MOBILE][CHROMIUM] ◇ injected env (0) from .env // tip: ◈ encrypted .env [www.dotenvx.com]
[ftd-x][MOBILE][CHROMIUM] 
🤖 ================================================================
[ftd-x][MOBILE][CHROMIUM] 🤖 MASTER RUNNER: LAUNCHING FTD-X
🤖 Mode:            MOBILE
🤖 Tracking URL:     https://mlfftd.com/?a=659&oc=656&c=167&s1=
[ftd-x][MOBILE][CHROMIUM] 🤖 Target Sheet:    FTD-X
[ftd-x][MOBILE][CHROMIUM] 🤖 ================================================================
[ftd-x][MOBILE][CHROMIUM] 📱 Emulated Device Profile: MOBILE (iPhone 17 Pro)
[ftd-x][MOBILE][CHROMIUM] ⏳ Delaying 2 seconds to allow responsive layouts to mount...
[ftd-x][MOBILE][CHROMIUM] 🔄 Processing lead for brand: FTD-X Mobile
[ftd-x][MOBILE][CHROMIUM] 🔗 [Mobile] Navigating to: https://mlfftd.com/?a=659&oc=656&c=167&s1=
[ftd-x][MOBILE][CHROMIUM] ✅ [Mobile] Page loaded successfully
[ftd-x][MOBILE][CHROMIUM] 📱 [Mobile] Injecting high-fidelity glossy Natural Titanium iPhone 17 Pro mockup frame...
[ftd-x][MOBILE][CHROMIUM] 📱 [Mobile] Injecting high-fidelity glossy Natural Titanium iPhone 17 Pro mockup frame...
[ftd-x][MOBILE][CHROMIUM] 📝 [Mobile] Starting mobile-specific form filling...
[ftd-x][MOBILE][CHROMIUM] 🔘 [Mobile] Step 1: Selecting Debt Amount (70,000)
[ftd-x][MOBILE][CHROMIUM] 🔘 [Mobile] Found jQuery UI Slider #slider. Setting value via jQuery and DOM evaluation...
[ftd-x][MOBILE][CHROMIUM] ✅ [Mobile] Set jQuery UI Slider #slider to 70,000
[ftd-x][MOBILE][CHROMIUM] 🔘 [Mobile] Clicking active visible button: .next-btn1:visible, .btn-next:visible
[ftd-x][MOBILE][CHROMIUM] ✅ [Mobile] Clicked: .next-btn1:visible, .btn-next:visible
[ftd-x][MOBILE][CHROMIUM] 📱 [Mobile] Injecting high-fidelity glossy Natural Titanium iPhone 17 Pro mockup frame...
[ftd-x][MOBILE][CHROMIUM] 🔘 [Mobile] Dynamic Choice found: clicking "IRS Tax Debt" (.custom-btn:visible)
[ftd-x][MOBILE][CHROMIUM] 📝 [Mobile] step1 column set to: "IRS Tax Debt"
[ftd-x][MOBILE][CHROMIUM] 📱 [Mobile] Injecting high-fidelity glossy Natural Titanium iPhone 17 Pro mockup frame...
[ftd-x][MOBILE][CHROMIUM] 🔘 [Mobile] Dynamic Choice found: clicking "Less than $4,000" (.custom-btn:visible)
📝 [Mobile] step2 column set to: "Less than $4,000"
[ftd-x][MOBILE][CHROMIUM] 📱 [Mobile] Injecting high-fidelity glossy Natural Titanium iPhone 17 Pro mockup frame...
[ftd-x][MOBILE][CHROMIUM] ✅ [Mobile] Reached a recognized terminal step (State or Contact). Stopping dynamic traversal.
[ftd-x][MOBILE][CHROMIUM] 🔘 [Mobile] Step 2: Selecting State
[ftd-x][MOBILE][CHROMIUM] 📝 [Mobile] step3 column set to State: "Montana"
[ftd-x][MOBILE][CHROMIUM] 🔘 [Mobile] Clicking active visible button: .next-btn:visible, .next-btn2:visible, .btn-next:visible
[ftd-x][MOBILE][CHROMIUM] ✅ [Mobile] Clicked: .next-btn:visible, .next-btn2:visible, .btn-next:visible
[ftd-x][MOBILE][CHROMIUM] 📱 [Mobile] Injecting high-fidelity glossy Natural Titanium iPhone 17 Pro mockup frame...
[ftd-x][MOBILE][CHROMIUM] 🔘 [Mobile] Step 3: Filling Contact Info (Dynamic Loop)...
[ftd-x][MOBILE][CHROMIUM] 📱 [Mobile] Injecting high-fidelity glossy Natural Titanium iPhone 17 Pro mockup frame...
[ftd-x][MOBILE][CHROMIUM] ✅ [Mobile] Filled First Name: ckmtestpixel
[ftd-x][MOBILE][CHROMIUM] ✅ [Mobile] Filled Last Name: ckmtestpixel
[ftd-x][MOBILE][CHROMIUM] ✅ [Mobile] Filled Email: ckmtestpixel@gmail.com
[ftd-x][MOBILE][CHROMIUM] ✅ [Mobile] Filled Phone: 406-314-1715
[ftd-x][MOBILE][CHROMIUM] 🔘 [Mobile] Clicking active contact NEXT/SUBMIT button...
[ftd-x][MOBILE][CHROMIUM] 📱 [Mobile] Injecting high-fidelity glossy Natural Titanium iPhone 17 Pro mockup frame...
[ftd-x][MOBILE][CHROMIUM] [STDERR] ⚠️ [Mobile] Failed to apply glossy iPhone 17 Pro mockup frame overlay: page.evaluate: TypeError: Cannot read properties of null (reading 'appendChild')
    at eval (eval at evaluate (:302:30), <anonymous>:133:23)
    at UtilityScript.evaluate (<anonymous>:304:16)
    at UtilityScript.<anonymous> (<anonymous>:1:44)
[ftd-x][MOBILE][CHROMIUM] 🔘 [Mobile] No active contact NEXT/SUBMIT button visible. Exiting loop.
🔘 [Mobile] Scanning for additional dynamic steps...
[ftd-x][MOBILE][CHROMIUM] 🔘 [Mobile] Submitting form
[ftd-x][MOBILE][CHROMIUM] ⏳ [Mobile] Waiting for submission navigation to complete
[ftd-x][MOBILE][CHROMIUM] ⏳ [Mobile] Waiting for final Thank You page redirection...
[ftd-x][MOBILE][CHROMIUM] ✅ [Mobile] Targeted final redirect URL achieved!
[ftd-x][MOBILE][CHROMIUM] ✅ [Mobile] Final Thank You URL: https://www.fidelity-tax-defense.net/thankyou_ts_checklist.php?debt=70000&leadid=1B38BD1B&affid=659&reqid=26774731&subid=#s1#&employment=#employment#
[ftd-x][MOBILE][CHROMIUM] ✅ [Mobile] Extracted Lead ID: 1B38BD1B
[ftd-x][MOBILE][CHROMIUM] 📱 Device Type detected: M-CHROMIUM
✅ Lead captured: 1B38BD1B
[ftd-x][MOBILE][CHROMIUM] 📡 Fetching First API data for Lead ID: 1B38BD1B...
[ftd-x][MOBILE][CHROMIUM] 📡 Raw XML Response: {
  "lead_info_response": {
    "$": {
      "xmlns:xsd": "http://www.w3.org/2001/XMLSchema",
      "xmlns:xsi": "http://www.w3.org/2001/XMLSchema-instance",
      "xmlns": "http://cakemarketing.com/api/1/"
    },
    "success": "true",
    "row_count": "1",
    "lead_id": "1B38BD1B",
    "personal_info": {
      "first_name": "CKMTESTPIXEL",
      "last_name": "CKMTESTPIXEL",
      "email_address": "ckmtestpixel@gmail.com",
      "address": {
        "street": "",
        "city": "",
        "state": "MT",
        "zip_code": "",
        "country": ""
      },
      "ip_address": "27.54.170.27",
      "phone_work": "",
      "phone_home": "406-314-1715",
      "phone_cell": "",
      "best_call_time": "",
      "opt_in": "false"
    },
    "traffic_info": {
      "lead_date": "2026-05-13T02:32:50.73",
      "payout": {
        "currency_id": "1",
        "amount": "0.0000",
        "formatted_amount": "$0.00"
      },
      "affiliate": {
        "affiliate_id": {
          "_": "659",
          "$": {
            "xmlns": "API:id_name_store"
          }
        },
        "affiliate_name": {
          "_": "QA affiliate",
          "$": {
            "xmlns": "API:id_name_store"
          }
        }
      },
      "campaign": {
        "campaign_id": {
          "_": "4060",
          "$": {
            "xmlns": "API:id_name_store"
          }
        },
        "campaign_name": {
          "_": "Fidelity Tax Defense - Slider - 24/7 - CPA - $1.00",
          "$": {
            "xmlns": "API:id_name_store"
          }
        }
      },
      "creative_id": "167",
      "subid_1": "",
      "subid_2": "",
      "subid_3": "",
      "subid_4": "",
      "subid_5": "",
      "referrer": "",
      "pixel_fired": "true",
      "returned_to_affiliate": "false",
      "test": "true",
      "upsell": "false"
    },
    "all_vertical_data": {
      "data": {
        "$": {
          "xmlns": ""
        },
        "tax_debt": "70000",
        "universal_leadid": "11A4DF3A-17D9-87F2-EF01-9DFBD7052DEA",
        "affid": "659",
        "TCPA_checkbox": "checked",
        "reqid": "26774731",
        "cr_price": "0.00",
        "page": "fidelity-tax-defense.net/ftdx/",
        "neustar": "pass",
        "neustar_disposition": "N,U,U,W,1",
        "first_name_lower": "ckmtestpixel",
        "last_name_lower": "ckmtestpixel",
        "income": "3500",
        "first_name_capital": "Ckmtestpixel",
        "last_name_capital": "Ckmtestpixel",
        "opt_special_offers": "checked",
        "debt_type": "IRS Tax Debt",
        "nodl_flag": "pass",
        "ckm_campaign_id": "4227"
      }
    },
    "dispositions": {
      "disposition": {
        "disposition_type": "Sent to Review Queue",
        "reason": "Income: This value is too large",
        "filter": "Less Than Or Equal To Value"
      }
    },
    "pings": "",
    "posts": "",
    "sales": ""
  }
}
[ftd-x][MOBILE][CHROMIUM] ✅ First API Data retrieved on attempt 1
[ftd-x][MOBILE][CHROMIUM] 📡 Fetching Second API data for Lead ID: 1B38BD1B...
[ftd-x][MOBILE][CHROMIUM] 📡 Standard Second API Payload: cake_id=1B38BD1B, domain_name=https://fidelity-tax-defense.net
[ftd-x][MOBILE][CHROMIUM] [STDERR] (node:18452) Warning: Setting the NODE_TLS_REJECT_UNAUTHORIZED environment variable to '0' makes TLS connections and HTTPS requests insecure by disabling certificate verification.
(Use `node --trace-warnings ...` to show where the warning was created)
[ftd-x][MOBILE][CHROMIUM] [STDERR] ❌ Second API Attempt 1 failed: Request failed with status code 404
[ftd-x][MOBILE][CHROMIUM] ⏳ Retrying in 3 seconds to allow database synchronization...
[ftd-x][MOBILE][CHROMIUM] 📡 Standard Second API Payload: cake_id=1B38BD1B, domain_name=https://fidelity-tax-defense.net
[ftd-x][MOBILE][CHROMIUM] [STDERR] ❌ Second API Attempt 2 failed: Request failed with status code 404
[ftd-x][MOBILE][CHROMIUM] ⏳ Retrying in 3 seconds to allow database synchronization...
[ftd-x][MOBILE][CHROMIUM] 📡 Standard Second API Payload: cake_id=1B38BD1B, domain_name=https://fidelity-tax-defense.net
[ftd-x][MOBILE][CHROMIUM] [STDERR] ❌ Second API Attempt 3 failed: Request failed with status code 404
[ftd-x][MOBILE][CHROMIUM] ⏳ Retrying in 3 seconds to allow database synchronization...
[ftd-x][MOBILE][CHROMIUM] 📡 Standard Second API Payload: cake_id=1B38BD1B, domain_name=https://fidelity-tax-defense.net
[ftd-x][MOBILE][CHROMIUM] [STDERR] ❌ Second API Attempt 4 failed: Request failed with status code 404
[ftd-x][MOBILE][CHROMIUM] ⏳ Retrying in 3 seconds to allow database synchronization...
[ftd-x][MOBILE][CHROMIUM] 📡 Standard Second API Payload: cake_id=1B38BD1B, domain_name=https://fidelity-tax-defense.net
[ftd-x][MOBILE][CHROMIUM] [STDERR] ❌ Second API Attempt 5 failed: Request failed with status code 404
[ftd-x][MOBILE][CHROMIUM] ✅ Row appended successfully to sheet: FTD-X
[ftd-x][MOBILE][CHROMIUM] ✨ Professional formatting applied to FTD-X
✅ Lead processed successfully for FTD-X Mobile
[ftd-x][MOBILE][CHROMIUM] 🎥 Video saved successfully: traces/videos/FTD-X_FTD-X_Mobile.webm
[ftd-x][MOBILE][CHROMIUM] 
✅ Execution successfully processed! { success: true, leadId: '1B38BD1B', brand: 'FTD-X Mobile' }
[ftd-x][MOBILE][CHROMIUM] [STDERR] ❌ Automation Run encountered a fatal exception: tracing.stop: Target page, context or browser has been closed
✅ [13/5/2026, 3:03:37 pm] COMPLETED: ftd-x [MOBILE][CHROMIUM]

================================================================
⚡ Running Campaign Viewports on Browser Engine: FIREFOX - [FTD-X]
================================================================

================================================================
🚀 [13/5/2026, 3:03:41 pm] RUNNING: FTD-X (DESKTOP) on FIREFOX
🔗 Target URL: https://mlfftd.com/?a=659&oc=656&c=167&s1=
================================================================
[ftd-x][DESKTOP][FIREFOX] 🔌 [Browser Interceptor] Intercepting and optimizing engine: FIREFOX
[ftd-x][DESKTOP][FIREFOX] ◇ injected env (0) from .env // tip: ⌘ override existing { override: true }
[ftd-x][DESKTOP][FIREFOX] ◇ injected env (0) from .env // tip: ◈ secrets for agents [www.dotenvx.com]
[ftd-x][DESKTOP][FIREFOX] ◇ injected env (0) from .env // tip: ◈ secrets for agents [www.dotenvx.com]
[ftd-x][DESKTOP][FIREFOX] ◇ injected env (0) from .env // tip: ⌘ custom filepath { path: '/custom/path/.env' }
[ftd-x][DESKTOP][FIREFOX] 
🤖 ================================================================
[ftd-x][DESKTOP][FIREFOX] 🤖 MASTER RUNNER: LAUNCHING FTD-X
🤖 Mode:            DESKTOP
🤖 Tracking URL:     https://mlfftd.com/?a=659&oc=656&c=167&s1=
🤖 Target Sheet:    FTD-X
[ftd-x][DESKTOP][FIREFOX] 🤖 ================================================================
[ftd-x][DESKTOP][FIREFOX] 💻 Emulated Device Profile: DESKTOP
🔌 [Browser Interceptor] Sanitizing mobile context options for Firefox emulation...
[ftd-x][DESKTOP][FIREFOX] 🔄 Processing lead for brand: FTD-X
[ftd-x][DESKTOP][FIREFOX] 🔗 Navigating to: https://mlfftd.com/?a=659&oc=656&c=167&s1=
[ftd-x][DESKTOP][FIREFOX] ✅ Page loaded successfully
[ftd-x][DESKTOP][FIREFOX] 📝 Starting multi-step form filling process...
[ftd-x][DESKTOP][FIREFOX] 🔘 Step 1: Handling Debt Amount (70,000)
[ftd-x][DESKTOP][FIREFOX] 🔘 Found jQuery UI Slider #slider. Setting value via jQuery and DOM evaluation...
[ftd-x][DESKTOP][FIREFOX] ✅ Set jQuery UI Slider #slider to 70,000
[ftd-x][DESKTOP][FIREFOX] 🔘 Attempting to click .next-btn1, .btn-next
[ftd-x][DESKTOP][FIREFOX] ⚠️ Standard click failed, using dispatchEvent...
[ftd-x][DESKTOP][FIREFOX] ✅ Clicked .next-btn1, .btn-next
[ftd-x][DESKTOP][FIREFOX] 🔘 Dynamic Choice found: clicking "IRS Tax Debt" (.custom-btn:visible)
[ftd-x][DESKTOP][FIREFOX] 📝 step1 column set to: "IRS Tax Debt"
[ftd-x][DESKTOP][FIREFOX] 🔘 Dynamic Choice found: clicking "State Tax Debt" (.custom-btn:visible)
📝 step2 column set to: "State Tax Debt"
[ftd-x][DESKTOP][FIREFOX] 🔘 Dynamic Choice found: clicking "Less than $4,000" (.custom-btn:visible)
[ftd-x][DESKTOP][FIREFOX] 📝 step3 column set to: "Less than $4,000"
[ftd-x][DESKTOP][FIREFOX] 🔘 Dynamic Choice found: clicking "$4,000 - $6,000" (.custom-btn:visible)
[ftd-x][DESKTOP][FIREFOX] 🔘 Dynamic Choice found: clicking "More than $6,000" (.custom-btn:visible)
[ftd-x][DESKTOP][FIREFOX] ✅ Reached a recognized terminal step (State or Contact). Stopping dynamic traversal.
[ftd-x][DESKTOP][FIREFOX] 🔘 Step: Selecting State
[ftd-x][DESKTOP][FIREFOX] 🔘 Clicking generic NEXT button
[ftd-x][DESKTOP][FIREFOX] ✅ Clicked generic NEXT button
[ftd-x][DESKTOP][FIREFOX] 🔘 Advancing past post-state step...
[ftd-x][DESKTOP][FIREFOX] 🔘 Filling Contact Info (Dynamic Loop)...
[ftd-x][DESKTOP][FIREFOX] ✅ Filled First Name: ckmtestpixel
[ftd-x][DESKTOP][FIREFOX] ✅ Filled Last Name: ckmtestpixel
[ftd-x][DESKTOP][FIREFOX] ✅ Filled Email: ckmtestpixel@gmail.com
[ftd-x][DESKTOP][FIREFOX] ✅ Filled Phone: 406-314-1715
[ftd-x][DESKTOP][FIREFOX] 🔘 Clicking active contact NEXT/SUBMIT button...
[ftd-x][DESKTOP][FIREFOX] 🔘 No active contact NEXT/SUBMIT button visible. Exiting loop.
[ftd-x][DESKTOP][FIREFOX] 🔘 Checking for additional submit/next buttons...
[ftd-x][DESKTOP][FIREFOX] 🔘 Submitting form
[ftd-x][DESKTOP][FIREFOX] [STDERR] ⚠️  Submit navigation timeout or error, waiting 5s for final URL
[ftd-x][DESKTOP][FIREFOX] ⏳ Waiting for final redirect to Thank You page...
[ftd-x][DESKTOP][FIREFOX] ✅ Targeted final redirect URL achieved!
[ftd-x][DESKTOP][FIREFOX] ✅ Final Thank You URL: https://www.fidelity-tax-defense.net/thankyou_ts_checklist.php?debt=70000&leadid=C24E3FA9&affid=659&reqid=26774733&subid=#s1#&employment=#employment#
[ftd-x][DESKTOP][FIREFOX] ✅ Extracted Lead ID: C24E3FA9
[ftd-x][DESKTOP][FIREFOX] 📱 Device Type detected: D-FIREFOX
[ftd-x][DESKTOP][FIREFOX] ✅ Lead captured: C24E3FA9
[ftd-x][DESKTOP][FIREFOX] 📡 Fetching First API data for Lead ID: C24E3FA9...
[ftd-x][DESKTOP][FIREFOX] 📡 Raw XML Response: {
  "lead_info_response": {
    "$": {
      "xmlns:xsd": "http://www.w3.org/2001/XMLSchema",
      "xmlns:xsi": "http://www.w3.org/2001/XMLSchema-instance",
      "xmlns": "http://cakemarketing.com/api/1/"
    },
    "success": "true",
    "row_count": "1",
    "lead_id": "C24E3FA9",
    "personal_info": {
      "first_name": "CKMTESTPIXEL",
      "last_name": "CKMTESTPIXEL",
      "email_address": "ckmtestpixel@gmail.com",
      "address": {
        "street": "",
        "city": "",
        "state": "MT",
        "zip_code": "",
        "country": ""
      },
      "ip_address": "27.54.170.27",
      "phone_work": "",
      "phone_home": "406-314-1715",
      "phone_cell": "",
      "best_call_time": "",
      "opt_in": "false"
    },
    "traffic_info": {
      "lead_date": "2026-05-13T02:36:23.807",
      "payout": {
        "currency_id": "1",
        "amount": "0.0000",
        "formatted_amount": "$0.00"
      },
      "affiliate": {
        "affiliate_id": {
          "_": "659",
          "$": {
            "xmlns": "API:id_name_store"
          }
        },
        "affiliate_name": {
          "_": "QA affiliate",
          "$": {
            "xmlns": "API:id_name_store"
          }
        }
      },
      "campaign": {
        "campaign_id": {
          "_": "4060",
          "$": {
            "xmlns": "API:id_name_store"
          }
        },
        "campaign_name": {
          "_": "Fidelity Tax Defense - Slider - 24/7 - CPA - $1.00",
          "$": {
            "xmlns": "API:id_name_store"
          }
        }
      },
      "creative_id": "167",
      "subid_1": "",
      "subid_2": "",
      "subid_3": "",
      "subid_4": "",
      "subid_5": "",
      "referrer": "",
      "pixel_fired": "true",
      "returned_to_affiliate": "false",
      "test": "true",
      "upsell": "false"
    },
    "all_vertical_data": {
      "data": {
        "$": {
          "xmlns": ""
        },
        "tax_debt": "70000",
        "universal_leadid": "C0A4FDF1-6561-889B-7886-AEAE204A60F4",
        "affid": "659",
        "TCPA_checkbox": "checked",
        "reqid": "26774733",
        "cr_price": "0.00",
        "page": "fidelity-tax-defense.net/ftdx/",
        "neustar": "pass",
        "neustar_disposition": "N,U,U,W,1",
        "nd_odlv": "11",
        "first_name_lower": "ckmtestpixel",
        "last_name_lower": "ckmtestpixel",
        "income": "5000",
        "first_name_capital": "Ckmtestpixel",
        "last_name_capital": "Ckmtestpixel",
        "opt_special_offers": "checked",
        "debt_type": "IRS Tax Debt",
        "nodl_flag": "pass",
        "ckm_campaign_id": "4227"
      }
    },
    "dispositions": "",
    "pings": "",
    "posts": "",
    "sales": ""
  }
}
[ftd-x][DESKTOP][FIREFOX] ✅ First API Data retrieved on attempt 1
[ftd-x][DESKTOP][FIREFOX] 📡 Fetching Second API data for Lead ID: C24E3FA9...
[ftd-x][DESKTOP][FIREFOX] 📡 Standard Second API Payload: cake_id=C24E3FA9, domain_name=https://fidelity-tax-defense.net
[ftd-x][DESKTOP][FIREFOX] [STDERR] (node:21744) Warning: Setting the NODE_TLS_REJECT_UNAUTHORIZED environment variable to '0' makes TLS connections and HTTPS requests insecure by disabling certificate verification.
(Use `node --trace-warnings ...` to show where the warning was created)
[ftd-x][DESKTOP][FIREFOX] [STDERR] ❌ Second API Attempt 1 failed: Request failed with status code 404
[ftd-x][DESKTOP][FIREFOX] ⏳ Retrying in 3 seconds to allow database synchronization...
[ftd-x][DESKTOP][FIREFOX] 📡 Standard Second API Payload: cake_id=C24E3FA9, domain_name=https://fidelity-tax-defense.net
[ftd-x][DESKTOP][FIREFOX] [STDERR] ❌ Second API Attempt 2 failed: Request failed with status code 404
[ftd-x][DESKTOP][FIREFOX] ⏳ Retrying in 3 seconds to allow database synchronization...
[ftd-x][DESKTOP][FIREFOX] 📡 Standard Second API Payload: cake_id=C24E3FA9, domain_name=https://fidelity-tax-defense.net
[ftd-x][DESKTOP][FIREFOX] [STDERR] ❌ Second API Attempt 3 failed: Request failed with status code 404
[ftd-x][DESKTOP][FIREFOX] ⏳ Retrying in 3 seconds to allow database synchronization...
[ftd-x][DESKTOP][FIREFOX] 📡 Standard Second API Payload: cake_id=C24E3FA9, domain_name=https://fidelity-tax-defense.net
[ftd-x][DESKTOP][FIREFOX] [STDERR] ❌ Second API Attempt 4 failed: Request failed with status code 404
[ftd-x][DESKTOP][FIREFOX] ⏳ Retrying in 3 seconds to allow database synchronization...
[ftd-x][DESKTOP][FIREFOX] 📡 Standard Second API Payload: cake_id=C24E3FA9, domain_name=https://fidelity-tax-defense.net
[ftd-x][DESKTOP][FIREFOX] [STDERR] ❌ Second API Attempt 5 failed: Request failed with status code 404
[ftd-x][DESKTOP][FIREFOX] ✅ Row appended successfully to sheet: FTD-X
[ftd-x][DESKTOP][FIREFOX] ✨ Professional formatting applied to FTD-X
✅ Lead processed successfully for FTD-X
[ftd-x][DESKTOP][FIREFOX] 🎥 Video saved successfully: traces/videos/FTD-X_FTD-X.webm
[ftd-x][DESKTOP][FIREFOX] 
✅ Execution successfully processed! { success: true, leadId: 'C24E3FA9', brand: 'FTD-X' }
[ftd-x][DESKTOP][FIREFOX] [STDERR] ❌ Automation Run encountered a fatal exception: tracing.stop: Target page, context or browser has been closed
✅ [13/5/2026, 3:06:53 pm] COMPLETED: ftd-x [DESKTOP][FIREFOX]

================================================================
🚀 [13/5/2026, 3:06:55 pm] RUNNING: FTD-X (TABLET) on FIREFOX
🔗 Target URL: https://mlfftd.com/?a=659&oc=656&c=167&s1=
================================================================
[ftd-x][TABLET][FIREFOX] 🔌 [Browser Interceptor] Intercepting and optimizing engine: FIREFOX
[ftd-x][TABLET][FIREFOX] ◇ injected env (0) from .env // tip: ⌘ enable debugging { debug: true }
[ftd-x][TABLET][FIREFOX] ◇ injected env (0) from .env // tip: ⌁ auth for agents [www.vestauth.com]
[ftd-x][TABLET][FIREFOX] ◇ injected env (0) from .env // tip: ⌘ suppress logs { quiet: true }
[ftd-x][TABLET][FIREFOX] ◇ injected env (0) from .env // tip: ⌁ auth for agents [www.vestauth.com]
[ftd-x][TABLET][FIREFOX] 
🤖 ================================================================
🤖 MASTER RUNNER: LAUNCHING FTD-X
[ftd-x][TABLET][FIREFOX] 🤖 Mode:            TABLET
🤖 Tracking URL:     https://mlfftd.com/?a=659&oc=656&c=167&s1=
🤖 Target Sheet:    FTD-X
[ftd-x][TABLET][FIREFOX] 🤖 ================================================================
[ftd-x][TABLET][FIREFOX] 📋 Emulated Device Profile: TABLET (iPad Pro 11)
🔌 [Browser Interceptor] Sanitizing mobile context options for Firefox emulation...
[ftd-x][TABLET][FIREFOX] ⏳ Delaying 2 seconds to allow responsive layouts to mount...
[ftd-x][TABLET][FIREFOX] 🔄 Processing lead for brand: FTD-X Tablet
[ftd-x][TABLET][FIREFOX] 🔗 [Mobile] Navigating to: https://mlfftd.com/?a=659&oc=656&c=167&s1=
[ftd-x][TABLET][FIREFOX] ✅ [Mobile] Page loaded successfully
[ftd-x][TABLET][FIREFOX] 💻 [Tablet] Injecting high-fidelity glossy iPad Pro mockup frame...
[ftd-x][TABLET][FIREFOX] 💻 [Tablet] Injecting high-fidelity glossy iPad Pro mockup frame...
[ftd-x][TABLET][FIREFOX] 📝 [Mobile] Starting mobile-specific form filling...
[ftd-x][TABLET][FIREFOX] 🔘 [Mobile] Step 1: Selecting Debt Amount (70,000)
[ftd-x][TABLET][FIREFOX] 🔘 [Mobile] Found jQuery UI Slider #slider. Setting value via jQuery and DOM evaluation...
[ftd-x][TABLET][FIREFOX] ✅ [Mobile] Set jQuery UI Slider #slider to 70,000
[ftd-x][TABLET][FIREFOX] 🔘 [Mobile] Clicking active visible button: .next-btn1:visible, .btn-next:visible
[ftd-x][TABLET][FIREFOX] ✅ [Mobile] Clicked: .next-btn1:visible, .btn-next:visible
[ftd-x][TABLET][FIREFOX] 💻 [Tablet] Injecting high-fidelity glossy iPad Pro mockup frame...
[ftd-x][TABLET][FIREFOX] 🔘 [Mobile] Dynamic Choice found: clicking "IRS Tax Debt" (.custom-btn:visible)
[ftd-x][TABLET][FIREFOX] 📝 [Mobile] step1 column set to: "IRS Tax Debt"
[ftd-x][TABLET][FIREFOX] [STDERR] ❌ [Mobile] Error during mobile form filling: locator.tap: The page does not support tap. Use hasTouch context option to enable touch support.
[ftd-x][TABLET][FIREFOX] [STDERR] ❌ Failed processing FTD-X Tablet: locator.tap: The page does not support tap. Use hasTouch context option to enable touch support.
[ftd-x][TABLET][FIREFOX] 
✅ Execution successfully processed! {
  success: false,
  error: 'locator.tap: The page does not support tap. Use hasTouch context option to enable touch support.',
  brand: 'FTD-X Tablet'
}
[ftd-x][TABLET][FIREFOX] 📋 Trace report successfully saved: traces/ftd-x_tablet.zip
✅ [13/5/2026, 3:07:42 pm] COMPLETED: ftd-x [TABLET][FIREFOX]

================================================================
🚀 [13/5/2026, 3:07:44 pm] RUNNING: FTD-X (MOBILE) on FIREFOX
🔗 Target URL: https://mlfftd.com/?a=659&oc=656&c=167&s1=
================================================================
[ftd-x][MOBILE][FIREFOX] 🔌 [Browser Interceptor] Intercepting and optimizing engine: FIREFOX
[ftd-x][MOBILE][FIREFOX] ◇ injected env (0) from .env // tip: ◈ encrypted .env [www.dotenvx.com]
[ftd-x][MOBILE][FIREFOX] ◇ injected env (0) from .env // tip: ⌁ auth for agents [www.vestauth.com]
[ftd-x][MOBILE][FIREFOX] ◇ injected env (0) from .env // tip: ⌘ enable debugging { debug: true }
[ftd-x][MOBILE][FIREFOX] ◇ injected env (0) from .env // tip: ⌘ enable debugging { debug: true }
[ftd-x][MOBILE][FIREFOX] 
🤖 ================================================================
🤖 MASTER RUNNER: LAUNCHING FTD-X
[ftd-x][MOBILE][FIREFOX] 🤖 Mode:            MOBILE
🤖 Tracking URL:     https://mlfftd.com/?a=659&oc=656&c=167&s1=
🤖 Target Sheet:    FTD-X
🤖 ================================================================
[ftd-x][MOBILE][FIREFOX] 📱 Emulated Device Profile: MOBILE (iPhone 17 Pro)
[ftd-x][MOBILE][FIREFOX] 🔌 [Browser Interceptor] Sanitizing mobile context options for Firefox emulation...
[ftd-x][MOBILE][FIREFOX] ⏳ Delaying 2 seconds to allow responsive layouts to mount...
[ftd-x][MOBILE][FIREFOX] 🔄 Processing lead for brand: FTD-X Mobile
[ftd-x][MOBILE][FIREFOX] 🔗 [Mobile] Navigating to: https://mlfftd.com/?a=659&oc=656&c=167&s1=
[ftd-x][MOBILE][FIREFOX] ✅ [Mobile] Page loaded successfully
[ftd-x][MOBILE][FIREFOX] 📱 [Mobile] Injecting high-fidelity glossy Natural Titanium iPhone 17 Pro mockup frame...
[ftd-x][MOBILE][FIREFOX] 📱 [Mobile] Injecting high-fidelity glossy Natural Titanium iPhone 17 Pro mockup frame...
[ftd-x][MOBILE][FIREFOX] 📝 [Mobile] Starting mobile-specific form filling...
[ftd-x][MOBILE][FIREFOX] 🔘 [Mobile] Step 1: Selecting Debt Amount (70,000)
[ftd-x][MOBILE][FIREFOX] 🔘 [Mobile] Found jQuery UI Slider #slider. Setting value via jQuery and DOM evaluation...
[ftd-x][MOBILE][FIREFOX] ✅ [Mobile] Set jQuery UI Slider #slider to 70,000
[ftd-x][MOBILE][FIREFOX] 🔘 [Mobile] Clicking active visible button: .next-btn1:visible, .btn-next:visible
[ftd-x][MOBILE][FIREFOX] ✅ [Mobile] Clicked: .next-btn1:visible, .btn-next:visible
[ftd-x][MOBILE][FIREFOX] 📱 [Mobile] Injecting high-fidelity glossy Natural Titanium iPhone 17 Pro mockup frame...
[ftd-x][MOBILE][FIREFOX] 🔘 [Mobile] Dynamic Choice found: clicking "IRS Tax Debt" (.custom-btn:visible)
📝 [Mobile] step1 column set to: "IRS Tax Debt"
[ftd-x][MOBILE][FIREFOX] 📱 [Mobile] Injecting high-fidelity glossy Natural Titanium iPhone 17 Pro mockup frame...
[ftd-x][MOBILE][FIREFOX] 🔘 [Mobile] Dynamic Choice found: clicking "Less than $4,000" (.custom-btn:visible)
[ftd-x][MOBILE][FIREFOX] 📝 [Mobile] step2 column set to: "Less than $4,000"
[ftd-x][MOBILE][FIREFOX] 📱 [Mobile] Injecting high-fidelity glossy Natural Titanium iPhone 17 Pro mockup frame...
[ftd-x][MOBILE][FIREFOX] ✅ [Mobile] Reached a recognized terminal step (State or Contact). Stopping dynamic traversal.
[ftd-x][MOBILE][FIREFOX] 🔘 [Mobile] Step 2: Selecting State
[ftd-x][MOBILE][FIREFOX] 📝 [Mobile] step3 column set to State: "Montana"
[ftd-x][MOBILE][FIREFOX] 🔘 [Mobile] Clicking active visible button: .next-btn:visible, .next-btn2:visible, .btn-next:visible
[ftd-x][MOBILE][FIREFOX] ✅ [Mobile] Clicked: .next-btn:visible, .next-btn2:visible, .btn-next:visible
[ftd-x][MOBILE][FIREFOX] 📱 [Mobile] Injecting high-fidelity glossy Natural Titanium iPhone 17 Pro mockup frame...
[ftd-x][MOBILE][FIREFOX] 🔘 [Mobile] Step 3: Filling Contact Info (Dynamic Loop)...
[ftd-x][MOBILE][FIREFOX] 📱 [Mobile] Injecting high-fidelity glossy Natural Titanium iPhone 17 Pro mockup frame...
[ftd-x][MOBILE][FIREFOX] ✅ [Mobile] Filled First Name: ckmtestpixel
[ftd-x][MOBILE][FIREFOX] ✅ [Mobile] Filled Last Name: ckmtestpixel
[ftd-x][MOBILE][FIREFOX] ✅ [Mobile] Filled Email: ckmtestpixel@gmail.com
[ftd-x][MOBILE][FIREFOX] ✅ [Mobile] Filled Phone: 406-314-1715
[ftd-x][MOBILE][FIREFOX] 🔘 [Mobile] Clicking active contact NEXT/SUBMIT button...
[ftd-x][MOBILE][FIREFOX] ⏳ [Mobile] Loading spinner active, waiting for overlay to clear...
[ftd-x][MOBILE][FIREFOX] 📱 [Mobile] Injecting high-fidelity glossy Natural Titanium iPhone 17 Pro mockup frame...
[ftd-x][MOBILE][FIREFOX] [STDERR] ⚠️ [Mobile] Failed to apply glossy iPhone 17 Pro mockup frame overlay: page.evaluate: can't access property "appendChild", document.body is null
@debugger eval code line 302 > eval:133:9
evaluate@debugger eval code:304:16
@debugger eval code:1:44

[ftd-x][MOBILE][FIREFOX] 🔘 [Mobile] No active contact NEXT/SUBMIT button visible. Exiting loop.
[ftd-x][MOBILE][FIREFOX] 🔘 [Mobile] Scanning for additional dynamic steps...
[ftd-x][MOBILE][FIREFOX] 🔘 [Mobile] Submitting form
[ftd-x][MOBILE][FIREFOX] ⏳ [Mobile] Waiting for submission navigation to complete
[ftd-x][MOBILE][FIREFOX] ⏳ [Mobile] Waiting for final Thank You page redirection...
[ftd-x][MOBILE][FIREFOX] ✅ [Mobile] Targeted final redirect URL achieved!
[ftd-x][MOBILE][FIREFOX] ✅ [Mobile] Final Thank You URL: https://www.fidelity-tax-defense.net/thankyou_ts_checklist.php?debt=70000&leadid=43D18B57&affid=659&reqid=26774738&subid=#s1#&employment=#employment#
[ftd-x][MOBILE][FIREFOX] ✅ [Mobile] Extracted Lead ID: 43D18B57
📱 Device Type detected: M-FIREFOX
✅ Lead captured: 43D18B57
[ftd-x][MOBILE][FIREFOX] 📡 Fetching First API data for Lead ID: 43D18B57...
[ftd-x][MOBILE][FIREFOX] 📡 Raw XML Response: {
  "lead_info_response": {
    "$": {
      "xmlns:xsd": "http://www.w3.org/2001/XMLSchema",
      "xmlns:xsi": "http://www.w3.org/2001/XMLSchema-instance",
      "xmlns": "http://cakemarketing.com/api/1/"
    },
    "success": "true",
    "row_count": "1",
    "lead_id": "43D18B57",
    "personal_info": {
      "first_name": "CKMTESTPIXEL",
      "last_name": "CKMTESTPIXEL",
      "email_address": "ckmtestpixel@gmail.com",
      "address": {
        "street": "",
        "city": "",
        "state": "MT",
        "zip_code": "",
        "country": ""
      },
      "ip_address": "27.54.170.27",
      "phone_work": "",
      "phone_home": "406-314-1715",
      "phone_cell": "",
      "best_call_time": "",
      "opt_in": "false"
    },
    "traffic_info": {
      "lead_date": "2026-05-13T02:38:15.35",
      "payout": {
        "currency_id": "1",
        "amount": "0.0000",
        "formatted_amount": "$0.00"
      },
      "affiliate": {
        "affiliate_id": {
          "_": "659",
          "$": {
            "xmlns": "API:id_name_store"
          }
        },
        "affiliate_name": {
          "_": "QA affiliate",
          "$": {
            "xmlns": "API:id_name_store"
          }
        }
      },
      "campaign": {
        "campaign_id": {
          "_": "4060",
          "$": {
            "xmlns": "API:id_name_store"
          }
        },
        "campaign_name": {
          "_": "Fidelity Tax Defense - Slider - 24/7 - CPA - $1.00",
          "$": {
            "xmlns": "API:id_name_store"
          }
        }
      },
      "creative_id": "167",
      "subid_1": "",
      "subid_2": "",
      "subid_3": "",
      "subid_4": "",
      "subid_5": "",
      "referrer": "",
      "pixel_fired": "true",
      "returned_to_affiliate": "false",
      "test": "true",
      "upsell": "false"
    },
    "all_vertical_data": {
      "data": {
        "$": {
          "xmlns": ""
        },
        "tax_debt": "70000",
        "universal_leadid": "5D68F420-A753-8752-D3E3-EB47DD1A3629",
        "affid": "659",
        "TCPA_checkbox": "checked",
        "reqid": "26774738",
        "cr_price": "0.00",
        "page": "fidelity-tax-defense.net/ftdx/",
        "neustar": "pass",
        "neustar_disposition": "N,U,U,W,1",
        "nd_odlv": "11",
        "first_name_lower": "ckmtestpixel",
        "last_name_lower": "ckmtestpixel",
        "income": "3500",
        "first_name_capital": "Ckmtestpixel",
        "last_name_capital": "Ckmtestpixel",
        "opt_special_offers": "checked",
        "debt_type": "IRS Tax Debt",
        "nodl_flag": "pass",
        "ckm_campaign_id": "4227"
      }
    },
    "dispositions": {
      "disposition": {
        "disposition_type": "Sent to Review Queue",
        "reason": "Income: This value is too large",
        "filter": "Less Than Or Equal To Value"
      }
    },
    "pings": "",
    "posts": "",
    "sales": ""
  }
}
[ftd-x][MOBILE][FIREFOX] ✅ First API Data retrieved on attempt 1
[ftd-x][MOBILE][FIREFOX] 📡 Fetching Second API data for Lead ID: 43D18B57...
[ftd-x][MOBILE][FIREFOX] 📡 Standard Second API Payload: cake_id=43D18B57, domain_name=https://fidelity-tax-defense.net
[ftd-x][MOBILE][FIREFOX] [STDERR] (node:21540) Warning: Setting the NODE_TLS_REJECT_UNAUTHORIZED environment variable to '0' makes TLS connections and HTTPS requests insecure by disabling certificate verification.
(Use `node --trace-warnings ...` to show where the warning was created)
[ftd-x][MOBILE][FIREFOX] [STDERR] ❌ Second API Attempt 1 failed: Request failed with status code 404
[ftd-x][MOBILE][FIREFOX] ⏳ Retrying in 3 seconds to allow database synchronization...
[ftd-x][MOBILE][FIREFOX] 📡 Standard Second API Payload: cake_id=43D18B57, domain_name=https://fidelity-tax-defense.net
[ftd-x][MOBILE][FIREFOX] [STDERR] ❌ Second API Attempt 2 failed: Request failed with status code 404
[ftd-x][MOBILE][FIREFOX] ⏳ Retrying in 3 seconds to allow database synchronization...
[ftd-x][MOBILE][FIREFOX] 📡 Standard Second API Payload: cake_id=43D18B57, domain_name=https://fidelity-tax-defense.net
[ftd-x][MOBILE][FIREFOX] [STDERR] ❌ Second API Attempt 3 failed: Request failed with status code 404
[ftd-x][MOBILE][FIREFOX] ⏳ Retrying in 3 seconds to allow database synchronization...
[ftd-x][MOBILE][FIREFOX] 📡 Standard Second API Payload: cake_id=43D18B57, domain_name=https://fidelity-tax-defense.net
[ftd-x][MOBILE][FIREFOX] [STDERR] ❌ Second API Attempt 4 failed: Request failed with status code 404
[ftd-x][MOBILE][FIREFOX] ⏳ Retrying in 3 seconds to allow database synchronization...
[ftd-x][MOBILE][FIREFOX] 📡 Standard Second API Payload: cake_id=43D18B57, domain_name=https://fidelity-tax-defense.net
[ftd-x][MOBILE][FIREFOX] [STDERR] ❌ Second API Attempt 5 failed: Request failed with status code 404
[ftd-x][MOBILE][FIREFOX] ✅ Row appended successfully to sheet: FTD-X
[ftd-x][MOBILE][FIREFOX] ✨ Professional formatting applied to FTD-X
[ftd-x][MOBILE][FIREFOX] ✅ Lead processed successfully for FTD-X Mobile
[ftd-x][MOBILE][FIREFOX] 🎥 Video saved successfully: traces/videos/FTD-X_FTD-X_Mobile.webm
[ftd-x][MOBILE][FIREFOX] 
✅ Execution successfully processed! { success: true, leadId: '43D18B57', brand: 'FTD-X Mobile' }
[ftd-x][MOBILE][FIREFOX] [STDERR] ❌ Automation Run encountered a fatal exception: tracing.stop: Target page, context or browser has been closed
✅ [13/5/2026, 3:08:57 pm] COMPLETED: ftd-x [MOBILE][FIREFOX]

================================================================
⚡ Running Campaign Viewports on Browser Engine: WEBKIT - [FTD-X]
================================================================

================================================================
🚀 [13/5/2026, 3:09:01 pm] RUNNING: FTD-X (DESKTOP) on WEBKIT
🔗 Target URL: https://mlfftd.com/?a=659&oc=656&c=167&s1=
================================================================
[ftd-x][DESKTOP][WEBKIT] 🔌 [Browser Interceptor] Intercepting and optimizing engine: WEBKIT
[ftd-x][DESKTOP][WEBKIT] ◇ injected env (0) from .env // tip: ⌘ custom filepath { path: '/custom/path/.env' }
[ftd-x][DESKTOP][WEBKIT] ◇ injected env (0) from .env // tip: ⌁ auth for agents [www.vestauth.com]
[ftd-x][DESKTOP][WEBKIT] ◇ injected env (0) from .env // tip: ◈ secrets for agents [www.dotenvx.com]
[ftd-x][DESKTOP][WEBKIT] ◇ injected env (0) from .env // tip: ⌘ custom filepath { path: '/custom/path/.env' }
[ftd-x][DESKTOP][WEBKIT] 
🤖 ================================================================
[ftd-x][DESKTOP][WEBKIT] 🤖 MASTER RUNNER: LAUNCHING FTD-X
🤖 Mode:            DESKTOP
🤖 Tracking URL:     https://mlfftd.com/?a=659&oc=656&c=167&s1=
🤖 Target Sheet:    FTD-X
🤖 ================================================================
[ftd-x][DESKTOP][WEBKIT] 💻 Emulated Device Profile: DESKTOP
[ftd-x][DESKTOP][WEBKIT] 🔄 Processing lead for brand: FTD-X
[ftd-x][DESKTOP][WEBKIT] 🔗 Navigating to: https://mlfftd.com/?a=659&oc=656&c=167&s1=
[ftd-x][DESKTOP][WEBKIT] ✅ Page loaded successfully
[ftd-x][DESKTOP][WEBKIT] 📝 Starting multi-step form filling process...
[ftd-x][DESKTOP][WEBKIT] 🔘 Step 1: Handling Debt Amount (70,000)
[ftd-x][DESKTOP][WEBKIT] 🔘 Found jQuery UI Slider #slider. Setting value via jQuery and DOM evaluation...
[ftd-x][DESKTOP][WEBKIT] ✅ Set jQuery UI Slider #slider to 70,000
[ftd-x][DESKTOP][WEBKIT] 🔘 Attempting to click .next-btn1, .btn-next
[ftd-x][DESKTOP][WEBKIT] ✅ Clicked .next-btn1, .btn-next
[ftd-x][DESKTOP][WEBKIT] 🔘 Dynamic Choice found: clicking "IRS Tax Debt" (.custom-btn:visible)
[ftd-x][DESKTOP][WEBKIT] 📝 step1 column set to: "IRS Tax Debt"
[ftd-x][DESKTOP][WEBKIT] 🔘 Dynamic Choice found: clicking "Less than $4,000" (.custom-btn:visible)
[ftd-x][DESKTOP][WEBKIT] 📝 step2 column set to: "Less than $4,000"
[ftd-x][DESKTOP][WEBKIT] ✅ Reached a recognized terminal step (State or Contact). Stopping dynamic traversal.
[ftd-x][DESKTOP][WEBKIT] 🔘 Step: Selecting State
[ftd-x][DESKTOP][WEBKIT] 📝 step3 column set to State: "Montana"
[ftd-x][DESKTOP][WEBKIT] 🔘 Clicking generic NEXT button
[ftd-x][DESKTOP][WEBKIT] ✅ Clicked generic NEXT button
[ftd-x][DESKTOP][WEBKIT] 🔘 Advancing past post-state step...
[ftd-x][DESKTOP][WEBKIT] 🔘 Filling Contact Info (Dynamic Loop)...
[ftd-x][DESKTOP][WEBKIT] ✅ Filled First Name: ckmtestpixel
[ftd-x][DESKTOP][WEBKIT] ✅ Filled Last Name: ckmtestpixel
[ftd-x][DESKTOP][WEBKIT] ✅ Filled Email: ckmtestpixel@gmail.com
[ftd-x][DESKTOP][WEBKIT] ✅ Filled Phone: 406-314-1715
[ftd-x][DESKTOP][WEBKIT] 🔘 Clicking active contact NEXT/SUBMIT button...
[ftd-x][DESKTOP][WEBKIT] ⏳ Waiting for loading spinner to disappear...
[ftd-x][DESKTOP][WEBKIT] 🔘 No active contact NEXT/SUBMIT button visible. Exiting loop.
[ftd-x][DESKTOP][WEBKIT] 🔘 Checking for additional submit/next buttons...
[ftd-x][DESKTOP][WEBKIT] 🔘 Submitting form
[ftd-x][DESKTOP][WEBKIT] [STDERR] ⚠️  Submit navigation timeout or error, waiting 5s for final URL
[ftd-x][DESKTOP][WEBKIT] ⏳ Waiting for final redirect to Thank You page...
[ftd-x][DESKTOP][WEBKIT] ✅ Targeted final redirect URL achieved!
[ftd-x][DESKTOP][WEBKIT] ✅ Final Thank You URL: https://www.fidelity-tax-defense.net/thankyou_ts_checklist.php?debt=70000&leadid=B76196FD&affid=659&reqid=26774740&subid=#s1#&employment=#employment#
[ftd-x][DESKTOP][WEBKIT] ✅ Extracted Lead ID: B76196FD
[ftd-x][DESKTOP][WEBKIT] 📱 Device Type detected: D-WEBKIT
✅ Lead captured: B76196FD
[ftd-x][DESKTOP][WEBKIT] 📡 Fetching First API data for Lead ID: B76196FD...
[ftd-x][DESKTOP][WEBKIT] 📡 Raw XML Response: {
  "lead_info_response": {
    "$": {
      "xmlns:xsd": "http://www.w3.org/2001/XMLSchema",
      "xmlns:xsi": "http://www.w3.org/2001/XMLSchema-instance",
      "xmlns": "http://cakemarketing.com/api/1/"
    },
    "success": "true",
    "row_count": "1",
    "lead_id": "B76196FD",
    "personal_info": {
      "first_name": "CKMTESTPIXEL",
      "last_name": "CKMTESTPIXEL",
      "email_address": "ckmtestpixel@gmail.com",
      "address": {
        "street": "",
        "city": "",
        "state": "MT",
        "zip_code": "",
        "country": ""
      },
      "ip_address": "27.54.170.27",
      "phone_work": "",
      "phone_home": "406-314-1715",
      "phone_cell": "",
      "best_call_time": "",
      "opt_in": "false"
    },
    "traffic_info": {
      "lead_date": "2026-05-13T02:39:40.56",
      "payout": {
        "currency_id": "1",
        "amount": "0.0000",
        "formatted_amount": "$0.00"
      },
      "affiliate": {
        "affiliate_id": {
          "_": "659",
          "$": {
            "xmlns": "API:id_name_store"
          }
        },
        "affiliate_name": {
          "_": "QA affiliate",
          "$": {
            "xmlns": "API:id_name_store"
          }
        }
      },
      "campaign": {
        "campaign_id": {
          "_": "4060",
          "$": {
            "xmlns": "API:id_name_store"
          }
        },
        "campaign_name": {
          "_": "Fidelity Tax Defense - Slider - 24/7 - CPA - $1.00",
          "$": {
            "xmlns": "API:id_name_store"
          }
        }
      },
      "creative_id": "167",
      "subid_1": "",
      "subid_2": "",
      "subid_3": "",
      "subid_4": "",
      "subid_5": "",
      "referrer": "",
      "pixel_fired": "true",
      "returned_to_affiliate": "false",
      "test": "true",
      "upsell": "false"
    },
    "all_vertical_data": {
      "data": {
        "$": {
          "xmlns": ""
        },
        "tax_debt": "70000",
        "universal_leadid": "3A34D78A-2B44-D9DC-B5CC-4E4DDD3B8191",
        "affid": "659",
        "TCPA_checkbox": "checked",
        "reqid": "26774740",
        "cr_price": "0.00",
        "page": "fidelity-tax-defense.net/ftdx/",
        "neustar": "pass",
        "neustar_disposition": "N,U,U,W,1",
        "nd_odlv": "11",
        "first_name_lower": "ckmtestpixel",
        "last_name_lower": "ckmtestpixel",
        "income": "3500",
        "first_name_capital": "Ckmtestpixel",
        "last_name_capital": "Ckmtestpixel",
        "opt_special_offers": "checked",
        "debt_type": "IRS Tax Debt",
        "nodl_flag": "pass",
        "ckm_campaign_id": "4227"
      }
    },
    "dispositions": {
      "disposition": {
        "disposition_type": "Sent to Review Queue",
        "reason": "Income: This value is too large",
        "filter": "Less Than Or Equal To Value"
      }
    },
    "pings": "",
    "posts": "",
    "sales": ""
  }
}
[ftd-x][DESKTOP][WEBKIT] ✅ First API Data retrieved on attempt 1
[ftd-x][DESKTOP][WEBKIT] 📡 Fetching Second API data for Lead ID: B76196FD...
[ftd-x][DESKTOP][WEBKIT] 📡 Standard Second API Payload: cake_id=B76196FD, domain_name=https://fidelity-tax-defense.net
[ftd-x][DESKTOP][WEBKIT] [STDERR] (node:5196) Warning: Setting the NODE_TLS_REJECT_UNAUTHORIZED environment variable to '0' makes TLS connections and HTTPS requests insecure by disabling certificate verification.
(Use `node --trace-warnings ...` to show where the warning was created)
[ftd-x][DESKTOP][WEBKIT] [STDERR] ❌ Second API Attempt 1 failed: Request failed with status code 404
[ftd-x][DESKTOP][WEBKIT] ⏳ Retrying in 3 seconds to allow database synchronization...
[ftd-x][DESKTOP][WEBKIT] 📡 Standard Second API Payload: cake_id=B76196FD, domain_name=https://fidelity-tax-defense.net
[ftd-x][DESKTOP][WEBKIT] [STDERR] ❌ Second API Attempt 2 failed: Request failed with status code 404
[ftd-x][DESKTOP][WEBKIT] ⏳ Retrying in 3 seconds to allow database synchronization...
[ftd-x][DESKTOP][WEBKIT] 📡 Standard Second API Payload: cake_id=B76196FD, domain_name=https://fidelity-tax-defense.net
[ftd-x][DESKTOP][WEBKIT] [STDERR] ❌ Second API Attempt 3 failed: Request failed with status code 404
[ftd-x][DESKTOP][WEBKIT] ⏳ Retrying in 3 seconds to allow database synchronization...
[ftd-x][DESKTOP][WEBKIT] 📡 Standard Second API Payload: cake_id=B76196FD, domain_name=https://fidelity-tax-defense.net
[ftd-x][DESKTOP][WEBKIT] [STDERR] ❌ Second API Attempt 4 failed: Request failed with status code 404
[ftd-x][DESKTOP][WEBKIT] ⏳ Retrying in 3 seconds to allow database synchronization...
[ftd-x][DESKTOP][WEBKIT] 📡 Standard Second API Payload: cake_id=B76196FD, domain_name=https://fidelity-tax-defense.net
[ftd-x][DESKTOP][WEBKIT] [STDERR] ❌ Second API Attempt 5 failed: Request failed with status code 404
[ftd-x][DESKTOP][WEBKIT] ✅ Row appended successfully to sheet: FTD-X
[ftd-x][DESKTOP][WEBKIT] ✨ Professional formatting applied to FTD-X
✅ Lead processed successfully for FTD-X
[ftd-x][DESKTOP][WEBKIT] 🎥 Video saved successfully: traces/videos/FTD-X_FTD-X.webm
[ftd-x][DESKTOP][WEBKIT] 
✅ Execution successfully processed! { success: true, leadId: 'B76196FD', brand: 'FTD-X' }
[ftd-x][DESKTOP][WEBKIT] [STDERR] ❌ Automation Run encountered a fatal exception: tracing.stop: Target page, context or browser has been closed
✅ [13/5/2026, 3:10:13 pm] COMPLETED: ftd-x [DESKTOP][WEBKIT]

================================================================
🚀 [13/5/2026, 3:10:15 pm] RUNNING: FTD-X (TABLET) on WEBKIT
🔗 Target URL: https://mlfftd.com/?a=659&oc=656&c=167&s1=
================================================================
[ftd-x][TABLET][WEBKIT] 🔌 [Browser Interceptor] Intercepting and optimizing engine: WEBKIT
[ftd-x][TABLET][WEBKIT] ◇ injected env (0) from .env // tip: ◈ encrypted .env [www.dotenvx.com]
[ftd-x][TABLET][WEBKIT] ◇ injected env (0) from .env // tip: ⌘ multiple files { path: ['.env.local', '.env'] }
[ftd-x][TABLET][WEBKIT] ◇ injected env (0) from .env // tip: ◈ encrypted .env [www.dotenvx.com]
[ftd-x][TABLET][WEBKIT] ◇ injected env (0) from .env // tip: ⌁ auth for agents [www.vestauth.com]
[ftd-x][TABLET][WEBKIT] 
🤖 ================================================================
[ftd-x][TABLET][WEBKIT] 🤖 MASTER RUNNER: LAUNCHING FTD-X
🤖 Mode:            TABLET
🤖 Tracking URL:     https://mlfftd.com/?a=659&oc=656&c=167&s1=
🤖 Target Sheet:    FTD-X
🤖 ================================================================
[ftd-x][TABLET][WEBKIT] 📋 Emulated Device Profile: TABLET (iPad Pro 11)
[ftd-x][TABLET][WEBKIT] ⏳ Delaying 2 seconds to allow responsive layouts to mount...
[ftd-x][TABLET][WEBKIT] 🔄 Processing lead for brand: FTD-X Tablet
[ftd-x][TABLET][WEBKIT] 🔗 [Mobile] Navigating to: https://mlfftd.com/?a=659&oc=656&c=167&s1=
[ftd-x][TABLET][WEBKIT] ✅ [Mobile] Page loaded successfully
[ftd-x][TABLET][WEBKIT] 💻 [Tablet] Injecting high-fidelity glossy iPad Pro mockup frame...
[ftd-x][TABLET][WEBKIT] 💻 [Tablet] Injecting high-fidelity glossy iPad Pro mockup frame...
[ftd-x][TABLET][WEBKIT] 📝 [Mobile] Starting mobile-specific form filling...
[ftd-x][TABLET][WEBKIT] 🔘 [Mobile] Step 1: Selecting Debt Amount (70,000)
[ftd-x][TABLET][WEBKIT] 🔘 [Mobile] Found jQuery UI Slider #slider. Setting value via jQuery and DOM evaluation...
[ftd-x][TABLET][WEBKIT] ✅ [Mobile] Set jQuery UI Slider #slider to 70,000
[ftd-x][TABLET][WEBKIT] 🔘 [Mobile] Clicking active visible button: .next-btn1:visible, .btn-next:visible
[ftd-x][TABLET][WEBKIT] ✅ [Mobile] Clicked: .next-btn1:visible, .btn-next:visible
[ftd-x][TABLET][WEBKIT] 💻 [Tablet] Injecting high-fidelity glossy iPad Pro mockup frame...
[ftd-x][TABLET][WEBKIT] 🔘 [Mobile] Dynamic Choice found: clicking "IRS Tax Debt" (.custom-btn:visible)
[ftd-x][TABLET][WEBKIT] 📝 [Mobile] step1 column set to: "IRS Tax Debt"
[ftd-x][TABLET][WEBKIT] 💻 [Tablet] Injecting high-fidelity glossy iPad Pro mockup frame...
[ftd-x][TABLET][WEBKIT] 🔘 [Mobile] Dynamic Choice found: clicking "Less than $4,000" (.custom-btn:visible)
📝 [Mobile] step2 column set to: "Less than $4,000"
[ftd-x][TABLET][WEBKIT] 💻 [Tablet] Injecting high-fidelity glossy iPad Pro mockup frame...
[ftd-x][TABLET][WEBKIT] ✅ [Mobile] Reached a recognized terminal step (State or Contact). Stopping dynamic traversal.
[ftd-x][TABLET][WEBKIT] 🔘 [Mobile] Step 2: Selecting State
[ftd-x][TABLET][WEBKIT] 📝 [Mobile] step3 column set to State: "Montana"
[ftd-x][TABLET][WEBKIT] 🔘 [Mobile] Clicking active visible button: .next-btn:visible, .next-btn2:visible, .btn-next:visible
[ftd-x][TABLET][WEBKIT] ✅ [Mobile] Clicked: .next-btn:visible, .next-btn2:visible, .btn-next:visible
[ftd-x][TABLET][WEBKIT] 💻 [Tablet] Injecting high-fidelity glossy iPad Pro mockup frame...
[ftd-x][TABLET][WEBKIT] 🔘 [Mobile] Step 3: Filling Contact Info (Dynamic Loop)...
[ftd-x][TABLET][WEBKIT] 💻 [Tablet] Injecting high-fidelity glossy iPad Pro mockup frame...
[ftd-x][TABLET][WEBKIT] ✅ [Mobile] Filled First Name: ckmtestpixel
[ftd-x][TABLET][WEBKIT] ✅ [Mobile] Filled Last Name: ckmtestpixel
[ftd-x][TABLET][WEBKIT] ✅ [Mobile] Filled Email: ckmtestpixel@gmail.com
[ftd-x][TABLET][WEBKIT] ✅ [Mobile] Filled Phone: 406-314-1715
[ftd-x][TABLET][WEBKIT] 🔘 [Mobile] Clicking active contact NEXT/SUBMIT button...
[ftd-x][TABLET][WEBKIT] ⏳ [Mobile] Loading spinner active, waiting for overlay to clear...
[ftd-x][TABLET][WEBKIT] 💻 [Tablet] Injecting high-fidelity glossy iPad Pro mockup frame...
[ftd-x][TABLET][WEBKIT] [STDERR] ⚠️ [Tablet] Failed to apply glossy iPad Pro mockup frame overlay: page.evaluate: TypeError: null is not an object (evaluating 'document.body.appendChild')
[ftd-x][TABLET][WEBKIT] 🔘 [Mobile] No active contact NEXT/SUBMIT button visible. Exiting loop.
🔘 [Mobile] Scanning for additional dynamic steps...
[ftd-x][TABLET][WEBKIT] 🔘 [Mobile] Submitting form
[ftd-x][TABLET][WEBKIT] ⏳ [Mobile] Waiting for submission navigation to complete
[ftd-x][TABLET][WEBKIT] ⏳ [Mobile] Waiting for final Thank You page redirection...
[ftd-x][TABLET][WEBKIT] ✅ [Mobile] Targeted final redirect URL achieved!
[ftd-x][TABLET][WEBKIT] ✅ [Mobile] Final Thank You URL: https://www.fidelity-tax-defense.net/thankyou_ts_checklist.php?debt=70000&leadid=8EEC38F7&affid=659&reqid=26774742&subid=#s1#&employment=#employment#
✅ [Mobile] Extracted Lead ID: 8EEC38F7
[ftd-x][TABLET][WEBKIT] 📱 Device Type detected: T-WEBKIT
✅ Lead captured: 8EEC38F7
[ftd-x][TABLET][WEBKIT] 📡 Fetching First API data for Lead ID: 8EEC38F7...
[ftd-x][TABLET][WEBKIT] 📡 Raw XML Response: {
  "lead_info_response": {
    "$": {
      "xmlns:xsd": "http://www.w3.org/2001/XMLSchema",
      "xmlns:xsi": "http://www.w3.org/2001/XMLSchema-instance",
      "xmlns": "http://cakemarketing.com/api/1/"
    },
    "success": "true",
    "row_count": "1",
    "lead_id": "8EEC38F7",
    "personal_info": {
      "first_name": "CKMTESTPIXEL",
      "last_name": "CKMTESTPIXEL",
      "email_address": "ckmtestpixel@gmail.com",
      "address": {
        "street": "",
        "city": "",
        "state": "MT",
        "zip_code": "",
        "country": ""
      },
      "ip_address": "27.54.170.27",
      "phone_work": "",
      "phone_home": "406-314-1715",
      "phone_cell": "",
      "best_call_time": "",
      "opt_in": "false"
    },
    "traffic_info": {
      "lead_date": "2026-05-13T02:40:43.08",
      "payout": {
        "currency_id": "1",
        "amount": "0.0000",
        "formatted_amount": "$0.00"
      },
      "affiliate": {
        "affiliate_id": {
          "_": "659",
          "$": {
            "xmlns": "API:id_name_store"
          }
        },
        "affiliate_name": {
          "_": "QA affiliate",
          "$": {
            "xmlns": "API:id_name_store"
          }
        }
      },
      "campaign": {
        "campaign_id": {
          "_": "4060",
          "$": {
            "xmlns": "API:id_name_store"
          }
        },
        "campaign_name": {
          "_": "Fidelity Tax Defense - Slider - 24/7 - CPA - $1.00",
          "$": {
            "xmlns": "API:id_name_store"
          }
        }
      },
      "creative_id": "167",
      "subid_1": "",
      "subid_2": "",
      "subid_3": "",
      "subid_4": "",
      "subid_5": "",
      "referrer": "",
      "pixel_fired": "true",
      "returned_to_affiliate": "false",
      "test": "true",
      "upsell": "false"
    },
    "all_vertical_data": {
      "data": {
        "$": {
          "xmlns": ""
        },
        "tax_debt": "70000",
        "universal_leadid": "9A1BC0A2-A3C5-2205-FB4D-EE4ABAB95BDD",
        "affid": "659",
        "TCPA_checkbox": "checked",
        "reqid": "26774742",
        "cr_price": "0.00",
        "page": "fidelity-tax-defense.net/ftdx/",
        "neustar": "pass",
        "neustar_disposition": "N,U,U,W,1",
        "nd_odlv": "11",
        "first_name_lower": "ckmtestpixel",
        "last_name_lower": "ckmtestpixel",
        "income": "3500",
        "first_name_capital": "Ckmtestpixel",
        "last_name_capital": "Ckmtestpixel",
        "opt_special_offers": "checked",
        "debt_type": "IRS Tax Debt",
        "nodl_flag": "pass",
        "ckm_campaign_id": "4227"
      }
    },
    "dispositions": {
      "disposition": {
        "disposition_type": "Sent to Review Queue",
        "reason": "Income: This value is too large",
        "filter": "Less Than Or Equal To Value"
      }
    },
    "pings": "",
    "posts": "",
    "sales": ""
  }
}
✅ First API Data retrieved on attempt 1
[ftd-x][TABLET][WEBKIT] 📡 Fetching Second API data for Lead ID: 8EEC38F7...
[ftd-x][TABLET][WEBKIT] 📡 Standard Second API Payload: cake_id=8EEC38F7, domain_name=https://fidelity-tax-defense.net
[ftd-x][TABLET][WEBKIT] [STDERR] (node:11660) Warning: Setting the NODE_TLS_REJECT_UNAUTHORIZED environment variable to '0' makes TLS connections and HTTPS requests insecure by disabling certificate verification.
(Use `node --trace-warnings ...` to show where the warning was created)
[ftd-x][TABLET][WEBKIT] [STDERR] ❌ Second API Attempt 1 failed: Request failed with status code 404
[ftd-x][TABLET][WEBKIT] ⏳ Retrying in 3 seconds to allow database synchronization...
[ftd-x][TABLET][WEBKIT] 📡 Standard Second API Payload: cake_id=8EEC38F7, domain_name=https://fidelity-tax-defense.net
[ftd-x][TABLET][WEBKIT] [STDERR] ❌ Second API Attempt 2 failed: Request failed with status code 404
[ftd-x][TABLET][WEBKIT] ⏳ Retrying in 3 seconds to allow database synchronization...
[ftd-x][TABLET][WEBKIT] 📡 Standard Second API Payload: cake_id=8EEC38F7, domain_name=https://fidelity-tax-defense.net
[ftd-x][TABLET][WEBKIT] [STDERR] ❌ Second API Attempt 3 failed: Request failed with status code 404
[ftd-x][TABLET][WEBKIT] ⏳ Retrying in 3 seconds to allow database synchronization...
[ftd-x][TABLET][WEBKIT] 📡 Standard Second API Payload: cake_id=8EEC38F7, domain_name=https://fidelity-tax-defense.net
[ftd-x][TABLET][WEBKIT] [STDERR] ❌ Second API Attempt 4 failed: Request failed with status code 404
[ftd-x][TABLET][WEBKIT] ⏳ Retrying in 3 seconds to allow database synchronization...
[ftd-x][TABLET][WEBKIT] 📡 Standard Second API Payload: cake_id=8EEC38F7, domain_name=https://fidelity-tax-defense.net
[ftd-x][TABLET][WEBKIT] [STDERR] ❌ Second API Attempt 5 failed: Request failed with status code 404
[ftd-x][TABLET][WEBKIT] ✅ Row appended successfully to sheet: FTD-X
[ftd-x][TABLET][WEBKIT] ✨ Professional formatting applied to FTD-X
[ftd-x][TABLET][WEBKIT] ✅ Lead processed successfully for FTD-X Tablet
[ftd-x][TABLET][WEBKIT] 🎥 Video saved successfully: traces/videos/FTD-X_FTD-X_Tablet.webm
[ftd-x][TABLET][WEBKIT] 
✅ Execution successfully processed! { success: true, leadId: '8EEC38F7', brand: 'FTD-X Tablet' }
[ftd-x][TABLET][WEBKIT] [STDERR] ❌ Automation Run encountered a fatal exception: tracing.stop: Target page, context or browser has been closed
✅ [13/5/2026, 3:11:35 pm] COMPLETED: ftd-x [TABLET][WEBKIT]

================================================================
🚀 [13/5/2026, 3:11:37 pm] RUNNING: FTD-X (MOBILE) on WEBKIT
🔗 Target URL: https://mlfftd.com/?a=659&oc=656&c=167&s1=
================================================================
[ftd-x][MOBILE][WEBKIT] 🔌 [Browser Interceptor] Intercepting and optimizing engine: WEBKIT
[ftd-x][MOBILE][WEBKIT] ◇ injected env (0) from .env // tip: ◈ encrypted .env [www.dotenvx.com]
[ftd-x][MOBILE][WEBKIT] ◇ injected env (0) from .env // tip: ⌘ custom filepath { path: '/custom/path/.env' }
[ftd-x][MOBILE][WEBKIT] ◇ injected env (0) from .env // tip: ⌘ suppress logs { quiet: true }
[ftd-x][MOBILE][WEBKIT] ◇ injected env (0) from .env // tip: ⌘ suppress logs { quiet: true }
[ftd-x][MOBILE][WEBKIT] 
🤖 ================================================================
[ftd-x][MOBILE][WEBKIT] 🤖 MASTER RUNNER: LAUNCHING FTD-X
🤖 Mode:            MOBILE
🤖 Tracking URL:     https://mlfftd.com/?a=659&oc=656&c=167&s1=
🤖 Target Sheet:    FTD-X
🤖 ================================================================
[ftd-x][MOBILE][WEBKIT] 📱 Emulated Device Profile: MOBILE (iPhone 17 Pro)
[ftd-x][MOBILE][WEBKIT] ⏳ Delaying 2 seconds to allow responsive layouts to mount...
[ftd-x][MOBILE][WEBKIT] 🔄 Processing lead for brand: FTD-X Mobile
[ftd-x][MOBILE][WEBKIT] 🔗 [Mobile] Navigating to: https://mlfftd.com/?a=659&oc=656&c=167&s1=
[ftd-x][MOBILE][WEBKIT] ✅ [Mobile] Page loaded successfully
[ftd-x][MOBILE][WEBKIT] 📱 [Mobile] Injecting high-fidelity glossy Natural Titanium iPhone 17 Pro mockup frame...
[ftd-x][MOBILE][WEBKIT] 📱 [Mobile] Injecting high-fidelity glossy Natural Titanium iPhone 17 Pro mockup frame...
[ftd-x][MOBILE][WEBKIT] 📝 [Mobile] Starting mobile-specific form filling...
[ftd-x][MOBILE][WEBKIT] 🔘 [Mobile] Step 1: Selecting Debt Amount (70,000)
[ftd-x][MOBILE][WEBKIT] 🔘 [Mobile] Found jQuery UI Slider #slider. Setting value via jQuery and DOM evaluation...
[ftd-x][MOBILE][WEBKIT] ✅ [Mobile] Set jQuery UI Slider #slider to 70,000
[ftd-x][MOBILE][WEBKIT] 🔘 [Mobile] Clicking active visible button: .next-btn1:visible, .btn-next:visible
[ftd-x][MOBILE][WEBKIT] ✅ [Mobile] Clicked: .next-btn1:visible, .btn-next:visible
[ftd-x][MOBILE][WEBKIT] 📱 [Mobile] Injecting high-fidelity glossy Natural Titanium iPhone 17 Pro mockup frame...
[ftd-x][MOBILE][WEBKIT] 🔘 [Mobile] Dynamic Choice found: clicking "IRS Tax Debt" (.custom-btn:visible)
[ftd-x][MOBILE][WEBKIT] 📝 [Mobile] step1 column set to: "IRS Tax Debt"
[ftd-x][MOBILE][WEBKIT] 📱 [Mobile] Injecting high-fidelity glossy Natural Titanium iPhone 17 Pro mockup frame...
[ftd-x][MOBILE][WEBKIT] 🔘 [Mobile] Dynamic Choice found: clicking "Less than $4,000" (.custom-btn:visible)
[ftd-x][MOBILE][WEBKIT] 📝 [Mobile] step2 column set to: "Less than $4,000"
[ftd-x][MOBILE][WEBKIT] 📱 [Mobile] Injecting high-fidelity glossy Natural Titanium iPhone 17 Pro mockup frame...
[ftd-x][MOBILE][WEBKIT] ✅ [Mobile] Reached a recognized terminal step (State or Contact). Stopping dynamic traversal.
[ftd-x][MOBILE][WEBKIT] 🔘 [Mobile] Step 2: Selecting State
[ftd-x][MOBILE][WEBKIT] 📝 [Mobile] step3 column set to State: "Montana"
[ftd-x][MOBILE][WEBKIT] 🔘 [Mobile] Clicking active visible button: .next-btn:visible, .next-btn2:visible, .btn-next:visible
[ftd-x][MOBILE][WEBKIT] ✅ [Mobile] Clicked: .next-btn:visible, .next-btn2:visible, .btn-next:visible
[ftd-x][MOBILE][WEBKIT] 📱 [Mobile] Injecting high-fidelity glossy Natural Titanium iPhone 17 Pro mockup frame...
[ftd-x][MOBILE][WEBKIT] 🔘 [Mobile] Step 3: Filling Contact Info (Dynamic Loop)...
[ftd-x][MOBILE][WEBKIT] 📱 [Mobile] Injecting high-fidelity glossy Natural Titanium iPhone 17 Pro mockup frame...
[ftd-x][MOBILE][WEBKIT] ✅ [Mobile] Filled First Name: ckmtestpixel
[ftd-x][MOBILE][WEBKIT] ✅ [Mobile] Filled Last Name: ckmtestpixel
[ftd-x][MOBILE][WEBKIT] ✅ [Mobile] Filled Email: ckmtestpixel@gmail.com
[ftd-x][MOBILE][WEBKIT] ✅ [Mobile] Filled Phone: 406-314-1715
[ftd-x][MOBILE][WEBKIT] 🔘 [Mobile] Clicking active contact NEXT/SUBMIT button...
[ftd-x][MOBILE][WEBKIT] ⏳ [Mobile] Loading spinner active, waiting for overlay to clear...
[ftd-x][MOBILE][WEBKIT] 📱 [Mobile] Injecting high-fidelity glossy Natural Titanium iPhone 17 Pro mockup frame...
[ftd-x][MOBILE][WEBKIT] [STDERR] ⚠️ [Mobile] Failed to apply glossy iPhone 17 Pro mockup frame overlay: page.evaluate: TypeError: null is not an object (evaluating 'document.body.appendChild')
[ftd-x][MOBILE][WEBKIT] 🔘 [Mobile] No active contact NEXT/SUBMIT button visible. Exiting loop.
[ftd-x][MOBILE][WEBKIT] 🔘 [Mobile] Scanning for additional dynamic steps...
[ftd-x][MOBILE][WEBKIT] 🔘 [Mobile] Submitting form
[ftd-x][MOBILE][WEBKIT] ⏳ [Mobile] Waiting for submission navigation to complete
[ftd-x][MOBILE][WEBKIT] ⏳ [Mobile] Waiting for final Thank You page redirection...
[ftd-x][MOBILE][WEBKIT] ✅ [Mobile] Targeted final redirect URL achieved!
✅ [Mobile] Final Thank You URL: https://www.fidelity-tax-defense.net/thankyou_ts_checklist.php?debt=70000&leadid=356E93B9&affid=659&reqid=26774744&subid=#s1#&employment=#employment#
[ftd-x][MOBILE][WEBKIT] ✅ [Mobile] Extracted Lead ID: 356E93B9
📱 Device Type detected: M-WEBKIT
✅ Lead captured: 356E93B9
[ftd-x][MOBILE][WEBKIT] 📡 Fetching First API data for Lead ID: 356E93B9...
[ftd-x][MOBILE][WEBKIT] 📡 Raw XML Response: {
  "lead_info_response": {
    "$": {
      "xmlns:xsd": "http://www.w3.org/2001/XMLSchema",
      "xmlns:xsi": "http://www.w3.org/2001/XMLSchema-instance",
      "xmlns": "http://cakemarketing.com/api/1/"
    },
    "success": "true",
    "row_count": "1",
    "lead_id": "356E93B9",
    "personal_info": {
      "first_name": "CKMTESTPIXEL",
      "last_name": "CKMTESTPIXEL",
      "email_address": "ckmtestpixel@gmail.com",
      "address": {
        "street": "",
        "city": "",
        "state": "MT",
        "zip_code": "",
        "country": ""
      },
      "ip_address": "27.54.170.27",
      "phone_work": "",
      "phone_home": "406-314-1715",
      "phone_cell": "",
      "best_call_time": "",
      "opt_in": "false"
    },
    "traffic_info": {
      "lead_date": "2026-05-13T02:41:59.92",
      "payout": {
        "currency_id": "1",
        "amount": "0.0000",
        "formatted_amount": "$0.00"
      },
      "affiliate": {
        "affiliate_id": {
          "_": "659",
          "$": {
            "xmlns": "API:id_name_store"
          }
        },
        "affiliate_name": {
          "_": "QA affiliate",
          "$": {
            "xmlns": "API:id_name_store"
          }
        }
      },
      "campaign": {
        "campaign_id": {
          "_": "4060",
          "$": {
            "xmlns": "API:id_name_store"
          }
        },
        "campaign_name": {
          "_": "Fidelity Tax Defense - Slider - 24/7 - CPA - $1.00",
          "$": {
            "xmlns": "API:id_name_store"
          }
        }
      },
      "creative_id": "167",
      "subid_1": "",
      "subid_2": "",
      "subid_3": "",
      "subid_4": "",
      "subid_5": "",
      "referrer": "",
      "pixel_fired": "true",
      "returned_to_affiliate": "false",
      "test": "true",
      "upsell": "false"
    },
    "all_vertical_data": {
      "data": {
        "$": {
          "xmlns": ""
        },
        "tax_debt": "70000",
        "universal_leadid": "FE5E41FB-A31C-BB05-95AF-2999BCDCEDBE",
        "affid": "659",
        "TCPA_checkbox": "checked",
        "reqid": "26774744",
        "cr_price": "0.00",
        "page": "fidelity-tax-defense.net/ftdx/",
        "neustar": "pass",
        "neustar_disposition": "N,U,U,W,1",
        "nd_odlv": "11",
        "first_name_lower": "ckmtestpixel",
        "last_name_lower": "ckmtestpixel",
        "income": "3500",
        "first_name_capital": "Ckmtestpixel",
        "last_name_capital": "Ckmtestpixel",
        "opt_special_offers": "checked",
        "debt_type": "IRS Tax Debt",
        "nodl_flag": "pass",
        "ckm_campaign_id": "4227"
      }
    },
    "dispositions": {
      "disposition": {
        "disposition_type": "Sent to Review Queue",
        "reason": "Income: This value is too large",
        "filter": "Less Than Or Equal To Value"
      }
    },
    "pings": "",
    "posts": "",
    "sales": ""
  }
}
✅ First API Data retrieved on attempt 1
[ftd-x][MOBILE][WEBKIT] 📡 Fetching Second API data for Lead ID: 356E93B9...
[ftd-x][MOBILE][WEBKIT] 📡 Standard Second API Payload: cake_id=356E93B9, domain_name=https://fidelity-tax-defense.net
[ftd-x][MOBILE][WEBKIT] [STDERR] (node:5500) Warning: Setting the NODE_TLS_REJECT_UNAUTHORIZED environment variable to '0' makes TLS connections and HTTPS requests insecure by disabling certificate verification.
(Use `node --trace-warnings ...` to show where the warning was created)
[ftd-x][MOBILE][WEBKIT] [STDERR] ❌ Second API Attempt 1 failed: Request failed with status code 404
[ftd-x][MOBILE][WEBKIT] ⏳ Retrying in 3 seconds to allow database synchronization...
[ftd-x][MOBILE][WEBKIT] 📡 Standard Second API Payload: cake_id=356E93B9, domain_name=https://fidelity-tax-defense.net
[ftd-x][MOBILE][WEBKIT] [STDERR] ❌ Second API Attempt 2 failed: Request failed with status code 404
[ftd-x][MOBILE][WEBKIT] ⏳ Retrying in 3 seconds to allow database synchronization...
[ftd-x][MOBILE][WEBKIT] 📡 Standard Second API Payload: cake_id=356E93B9, domain_name=https://fidelity-tax-defense.net
[ftd-x][MOBILE][WEBKIT] [STDERR] ❌ Second API Attempt 3 failed: Request failed with status code 404
[ftd-x][MOBILE][WEBKIT] ⏳ Retrying in 3 seconds to allow database synchronization...
[ftd-x][MOBILE][WEBKIT] 📡 Standard Second API Payload: cake_id=356E93B9, domain_name=https://fidelity-tax-defense.net
[ftd-x][MOBILE][WEBKIT] [STDERR] ❌ Second API Attempt 4 failed: Request failed with status code 404
[ftd-x][MOBILE][WEBKIT] ⏳ Retrying in 3 seconds to allow database synchronization...
[ftd-x][MOBILE][WEBKIT] 📡 Standard Second API Payload: cake_id=356E93B9, domain_name=https://fidelity-tax-defense.net
[ftd-x][MOBILE][WEBKIT] [STDERR] ❌ Second API Attempt 5 failed: Request failed with status code 404
[ftd-x][MOBILE][WEBKIT] ✅ Row appended successfully to sheet: FTD-X
[ftd-x][MOBILE][WEBKIT] ✨ Professional formatting applied to FTD-X
[ftd-x][MOBILE][WEBKIT] ✅ Lead processed successfully for FTD-X Mobile
[ftd-x][MOBILE][WEBKIT] 🎥 Video saved successfully: traces/videos/FTD-X_FTD-X_Mobile.webm
[ftd-x][MOBILE][WEBKIT] 
✅ Execution successfully processed! { success: true, leadId: '356E93B9', brand: 'FTD-X Mobile' }
[ftd-x][MOBILE][WEBKIT] [STDERR] ❌ Automation Run encountered a fatal exception: tracing.stop: Target page, context or browser has been closed
✅ [13/5/2026, 3:12:47 pm] COMPLETED: ftd-x [MOBILE][WEBKIT]

================================================================
⚡ Running Campaign Viewports on Browser Engine: CHROMIUM - [FSI-PPC2]
================================================================

================================================================
🚀 [13/5/2026, 3:12:54 pm] RUNNING: FSI-PPC2 (DESKTOP) on CHROMIUM
🔗 Target URL: https://fsimlf-trk.com/?a=659&oc=750&c=143&s1=
================================================================
[fsi-ppc2][DESKTOP][CHROMIUM] 🔌 [Browser Interceptor] Intercepting and optimizing engine: CHROMIUM
[fsi-ppc2][DESKTOP][CHROMIUM] ◇ injected env (0) from .env // tip: ⌁ auth for agents [www.vestauth.com]
[fsi-ppc2][DESKTOP][CHROMIUM] ◇ injected env (0) from .env // tip: ⌘ custom filepath { path: '/custom/path/.env' }
[fsi-ppc2][DESKTOP][CHROMIUM] ◇ injected env (0) from .env // tip: ⌘ override existing { override: true }
[fsi-ppc2][DESKTOP][CHROMIUM] ◇ injected env (0) from .env // tip: ◈ encrypted .env [www.dotenvx.com]
[fsi-ppc2][DESKTOP][CHROMIUM] 
🤖 ================================================================
🤖 MASTER RUNNER: LAUNCHING FSI-PPC2
🤖 Mode:            DESKTOP
🤖 Tracking URL:     https://fsimlf-trk.com/?a=659&oc=750&c=143&s1=
[fsi-ppc2][DESKTOP][CHROMIUM] 🤖 Target Sheet:    FSI-PPC2
🤖 ================================================================
[fsi-ppc2][DESKTOP][CHROMIUM] 💻 Emulated Device Profile: DESKTOP
[fsi-ppc2][DESKTOP][CHROMIUM] 🔄 Processing lead for brand: FSI-PPC2
[fsi-ppc2][DESKTOP][CHROMIUM] 🔗 Navigating to: https://fsimlf-trk.com/?a=659&oc=750&c=143&s1=
[fsi-ppc2][DESKTOP][CHROMIUM] ✅ Page loaded successfully
[fsi-ppc2][DESKTOP][CHROMIUM] 📝 Starting multi-step form filling process...
[fsi-ppc2][DESKTOP][CHROMIUM] 🔘 Step 1: Handling Debt Amount ($0-$9,999)
[fsi-ppc2][DESKTOP][CHROMIUM] 🔘 Found select#tax_debt dropdown. Selecting option...
[fsi-ppc2][DESKTOP][CHROMIUM] ✅ Selected option from select#tax_debt dropdown for amount: $0-$9,999
[fsi-ppc2][DESKTOP][CHROMIUM] 🔘 Attempting to click .next-btn1, .btn-next
[fsi-ppc2][DESKTOP][CHROMIUM] ✅ Clicked .next-btn1, .btn-next
[fsi-ppc2][DESKTOP][CHROMIUM] ✅ Reached a recognized terminal step (State or Contact). Stopping dynamic traversal.
[fsi-ppc2][DESKTOP][CHROMIUM] 🔘 Step: Selecting State
[fsi-ppc2][DESKTOP][CHROMIUM] 📝 step3 column set to State: "South Carolina"
[fsi-ppc2][DESKTOP][CHROMIUM] 🔘 Attempting to click .next-btn, .next-btn2, .btn-next
[fsi-ppc2][DESKTOP][CHROMIUM] ✅ Clicked .next-btn, .next-btn2, .btn-next
[fsi-ppc2][DESKTOP][CHROMIUM] 🔘 Filling Contact Info (Dynamic Loop)...
[fsi-ppc2][DESKTOP][CHROMIUM] ✅ Filled First Name: ckmtestpixel
[fsi-ppc2][DESKTOP][CHROMIUM] ✅ Filled Last Name: ckmtestpixel
[fsi-ppc2][DESKTOP][CHROMIUM] ✅ Filled Email: ckmtestpixel@gmail.com
[fsi-ppc2][DESKTOP][CHROMIUM] ✅ Filled Phone: 803-612-4270
[fsi-ppc2][DESKTOP][CHROMIUM] 🔘 Clicking active contact NEXT/SUBMIT button...
[fsi-ppc2][DESKTOP][CHROMIUM] 🔘 No active contact NEXT/SUBMIT button visible. Exiting loop.
[fsi-ppc2][DESKTOP][CHROMIUM] 🔘 Checking for additional submit/next buttons...
[fsi-ppc2][DESKTOP][CHROMIUM] 🔘 Submitting form
[fsi-ppc2][DESKTOP][CHROMIUM] [STDERR] ⚠️  Submit navigation timeout or error, waiting 5s for final URL
[fsi-ppc2][DESKTOP][CHROMIUM] ⏳ Waiting for final redirect to Thank You page...
[fsi-ppc2][DESKTOP][CHROMIUM] ✅ Targeted final redirect URL achieved!
[fsi-ppc2][DESKTOP][CHROMIUM] ✅ Final Thank You URL: https://www.fresh-start-initiative.com/ty_next/?debt=5000&leadid=4059BE4C&reqid=26774749&affid=659&subid=#s1#
[fsi-ppc2][DESKTOP][CHROMIUM] ✅ Extracted Lead ID: 4059BE4C
[fsi-ppc2][DESKTOP][CHROMIUM] 📱 Device Type detected: D-CHROMIUM
✅ Lead captured: 4059BE4C
[fsi-ppc2][DESKTOP][CHROMIUM] 📡 Fetching First API data for Lead ID: 4059BE4C...
[fsi-ppc2][DESKTOP][CHROMIUM] 📡 Raw XML Response: {
  "lead_info_response": {
    "$": {
      "xmlns:xsd": "http://www.w3.org/2001/XMLSchema",
      "xmlns:xsi": "http://www.w3.org/2001/XMLSchema-instance",
      "xmlns": "http://cakemarketing.com/api/1/"
    },
    "success": "true",
    "row_count": "1",
    "lead_id": "4059BE4C",
    "personal_info": {
      "first_name": "CKMTESTPIXEL",
      "last_name": "CKMTESTPIXEL",
      "email_address": "ckmtestpixel@gmail.com",
      "address": {
        "street": "",
        "city": "",
        "state": "SC",
        "zip_code": "",
        "country": ""
      },
      "ip_address": "27.54.170.27",
      "phone_work": "",
      "phone_home": "803-612-4270",
      "phone_cell": "",
      "best_call_time": "",
      "opt_in": "true"
    },
    "traffic_info": {
      "lead_date": "2026-05-13T02:43:12.343",
      "payout": {
        "currency_id": "1",
        "amount": "0.0000",
        "formatted_amount": "$0.00"
      },
      "affiliate": {
        "affiliate_id": {
          "_": "659",
          "$": {
            "xmlns": "API:id_name_store"
          }
        },
        "affiliate_name": {
          "_": "QA affiliate",
          "$": {
            "xmlns": "API:id_name_store"
          }
        }
      },
      "campaign": {
        "campaign_id": {
          "_": "4069",
          "$": {
            "xmlns": "API:id_name_store"
          }
        },
        "campaign_name": {
          "_": "Fresh Start Initiative (PPC) - PPC NEW - CPA - $1.00",
          "$": {
            "xmlns": "API:id_name_store"
          }
        }
      },
      "creative_id": "143",
      "subid_1": "",
      "subid_2": "",
      "subid_3": "",
      "subid_4": "",
      "subid_5": "",
      "referrer": "",
      "pixel_fired": "true",
      "returned_to_affiliate": "false",
      "test": "true",
      "upsell": "false"
    },
    "all_vertical_data": {
      "data": {
        "$": {
          "xmlns": ""
        },
        "tax_debt": "5000",
        "universal_leadid": "77AF4C79-E59B-11DD-8948-530506503241",
        "affid": "659",
        "TCPA_checkbox": "checked",
        "reqid": "26774749",
        "cr_price": "3",
        "page": "fresh-start-initiative.comfresh-start-initiative.com/ppc2/index.php",
        "neustar": "under",
        "first_name_lower": "ckmtestpixel",
        "last_name_lower": "ckmtestpixel",
        "first_name_capital": "Ckmtestpixel",
        "last_name_capital": "Ckmtestpixel",
        "nodl_flag": "pass",
        "ckm_campaign_id": "4297"
      }
    },
    "dispositions": {
      "disposition": [
        {
          "disposition_type": "Not Paid For",
          "reason": "Unmatched Filter",
          "filter": "Min Tax Debt"
        },
        {
          "disposition_type": "Not Paid For",
          "reason": "Unmatched Filter",
          "filter": "Nuestar Fail"
        }
      ]
    },
    "pings": "",
    "posts": "",
    "sales": ""
  }
}
[fsi-ppc2][DESKTOP][CHROMIUM] ✅ First API Data retrieved on attempt 1
[fsi-ppc2][DESKTOP][CHROMIUM] 📡 Fetching Second API data for Lead ID: 4059BE4C...
[fsi-ppc2][DESKTOP][CHROMIUM] 📡 Standard Second API Payload: cake_id=4059BE4C, domain_name=https://www.freshstartinitiative.com
[fsi-ppc2][DESKTOP][CHROMIUM] [STDERR] (node:12132) Warning: Setting the NODE_TLS_REJECT_UNAUTHORIZED environment variable to '0' makes TLS connections and HTTPS requests insecure by disabling certificate verification.
(Use `node --trace-warnings ...` to show where the warning was created)
[fsi-ppc2][DESKTOP][CHROMIUM] [STDERR] ❌ Second API Attempt 1 failed: Request failed with status code 404
[fsi-ppc2][DESKTOP][CHROMIUM] ⏳ Retrying in 3 seconds to allow database synchronization...
[fsi-ppc2][DESKTOP][CHROMIUM] 📡 Standard Second API Payload: cake_id=4059BE4C, domain_name=https://www.freshstartinitiative.com
[fsi-ppc2][DESKTOP][CHROMIUM] [STDERR] ❌ Second API Attempt 2 failed: Request failed with status code 404
[fsi-ppc2][DESKTOP][CHROMIUM] ⏳ Retrying in 3 seconds to allow database synchronization...
[fsi-ppc2][DESKTOP][CHROMIUM] 📡 Standard Second API Payload: cake_id=4059BE4C, domain_name=https://www.freshstartinitiative.com
[fsi-ppc2][DESKTOP][CHROMIUM] [STDERR] ❌ Second API Attempt 3 failed: Request failed with status code 404
[fsi-ppc2][DESKTOP][CHROMIUM] ⏳ Retrying in 3 seconds to allow database synchronization...
[fsi-ppc2][DESKTOP][CHROMIUM] 📡 Standard Second API Payload: cake_id=4059BE4C, domain_name=https://www.freshstartinitiative.com
[fsi-ppc2][DESKTOP][CHROMIUM] [STDERR] ❌ Second API Attempt 4 failed: Request failed with status code 404
[fsi-ppc2][DESKTOP][CHROMIUM] ⏳ Retrying in 3 seconds to allow database synchronization...
[fsi-ppc2][DESKTOP][CHROMIUM] 📡 Standard Second API Payload: cake_id=4059BE4C, domain_name=https://www.freshstartinitiative.com
[fsi-ppc2][DESKTOP][CHROMIUM] [STDERR] ❌ Second API Attempt 5 failed: Request failed with status code 404
[fsi-ppc2][DESKTOP][CHROMIUM] ✅ Row appended successfully to sheet: FSI-PPC2
[fsi-ppc2][DESKTOP][CHROMIUM] ✨ Professional formatting applied to FSI-PPC2
[fsi-ppc2][DESKTOP][CHROMIUM] ✅ Lead processed successfully for FSI-PPC2
[fsi-ppc2][DESKTOP][CHROMIUM] 🎥 Video saved successfully: traces/videos/FSI-PPC2_FSI-PPC2.webm
[fsi-ppc2][DESKTOP][CHROMIUM] 
✅ Execution successfully processed! { success: true, leadId: '4059BE4C', brand: 'FSI-PPC2' }
[fsi-ppc2][DESKTOP][CHROMIUM] [STDERR] ❌ Automation Run encountered a fatal exception: tracing.stop: Target page, context or browser has been closed
✅ [13/5/2026, 3:13:44 pm] COMPLETED: fsi-ppc2 [DESKTOP][CHROMIUM]

================================================================
🚀 [13/5/2026, 3:13:46 pm] RUNNING: FSI-PPC2 (TABLET) on CHROMIUM
🔗 Target URL: https://fsimlf-trk.com/?a=659&oc=750&c=143&s1=
================================================================
[fsi-ppc2][TABLET][CHROMIUM] 🔌 [Browser Interceptor] Intercepting and optimizing engine: CHROMIUM
[fsi-ppc2][TABLET][CHROMIUM] ◇ injected env (0) from .env // tip: ⌘ multiple files { path: ['.env.local', '.env'] }
[fsi-ppc2][TABLET][CHROMIUM] ◇ injected env (0) from .env // tip: ⌘ override existing { override: true }
[fsi-ppc2][TABLET][CHROMIUM] ◇ injected env (0) from .env // tip: ⌘ override existing { override: true }
[fsi-ppc2][TABLET][CHROMIUM] ◇ injected env (0) from .env // tip: ⌘ override existing { override: true }
[fsi-ppc2][TABLET][CHROMIUM] 
🤖 ================================================================
🤖 MASTER RUNNER: LAUNCHING FSI-PPC2
🤖 Mode:            TABLET
[fsi-ppc2][TABLET][CHROMIUM] 🤖 Tracking URL:     https://fsimlf-trk.com/?a=659&oc=750&c=143&s1=
🤖 Target Sheet:    FSI-PPC2
🤖 ================================================================
[fsi-ppc2][TABLET][CHROMIUM] 📋 Emulated Device Profile: TABLET (iPad Pro 11)
[fsi-ppc2][TABLET][CHROMIUM] ⏳ Delaying 2 seconds to allow responsive layouts to mount...
[fsi-ppc2][TABLET][CHROMIUM] 🔄 Processing lead for brand: FSI-PPC2 Tablet
[fsi-ppc2][TABLET][CHROMIUM] 🔗 [Mobile] Navigating to: https://fsimlf-trk.com/?a=659&oc=750&c=143&s1=
[fsi-ppc2][TABLET][CHROMIUM] ✅ [Mobile] Page loaded successfully
[fsi-ppc2][TABLET][CHROMIUM] 💻 [Tablet] Injecting high-fidelity glossy iPad Pro mockup frame...
[fsi-ppc2][TABLET][CHROMIUM] 💻 [Tablet] Injecting high-fidelity glossy iPad Pro mockup frame...
[fsi-ppc2][TABLET][CHROMIUM] 📝 [Mobile] Starting mobile-specific form filling...
[fsi-ppc2][TABLET][CHROMIUM] 🔘 [Mobile] Step 1: Selecting Debt Amount ($0-$9,999)
[fsi-ppc2][TABLET][CHROMIUM] 🔘 [Mobile] Found select#tax_debt dropdown. Selecting option...
[fsi-ppc2][TABLET][CHROMIUM] ✅ [Mobile] Selected option from select#tax_debt dropdown for amount: $0-$9,999
[fsi-ppc2][TABLET][CHROMIUM] 🔘 [Mobile] Clicking active visible button: .next-btn1:visible, .btn-next:visible
[fsi-ppc2][TABLET][CHROMIUM] ✅ [Mobile] Clicked: .next-btn1:visible, .btn-next:visible
[fsi-ppc2][TABLET][CHROMIUM] 💻 [Tablet] Injecting high-fidelity glossy iPad Pro mockup frame...
[fsi-ppc2][TABLET][CHROMIUM] ✅ [Mobile] Reached a recognized terminal step (State or Contact). Stopping dynamic traversal.
[fsi-ppc2][TABLET][CHROMIUM] 🔘 [Mobile] Step 2: Selecting State
[fsi-ppc2][TABLET][CHROMIUM] 📝 [Mobile] step3 column set to State: "South Carolina"
[fsi-ppc2][TABLET][CHROMIUM] 🔘 [Mobile] Clicking active visible button: .next-btn:visible, .next-btn2:visible, .btn-next:visible
[fsi-ppc2][TABLET][CHROMIUM] ✅ [Mobile] Clicked: .next-btn:visible, .next-btn2:visible, .btn-next:visible
[fsi-ppc2][TABLET][CHROMIUM] 💻 [Tablet] Injecting high-fidelity glossy iPad Pro mockup frame...
[fsi-ppc2][TABLET][CHROMIUM] 🔘 [Mobile] Step 3: Filling Contact Info (Dynamic Loop)...
[fsi-ppc2][TABLET][CHROMIUM] 💻 [Tablet] Injecting high-fidelity glossy iPad Pro mockup frame...
[fsi-ppc2][TABLET][CHROMIUM] ✅ [Mobile] Filled First Name: ckmtestpixel
[fsi-ppc2][TABLET][CHROMIUM] ✅ [Mobile] Filled Last Name: ckmtestpixel
[fsi-ppc2][TABLET][CHROMIUM] ✅ [Mobile] Filled Email: ckmtestpixel@gmail.com
[fsi-ppc2][TABLET][CHROMIUM] ✅ [Mobile] Filled Phone: 803-612-4270
[fsi-ppc2][TABLET][CHROMIUM] 🔘 [Mobile] Clicking active contact NEXT/SUBMIT button...
[fsi-ppc2][TABLET][CHROMIUM] 💻 [Tablet] Injecting high-fidelity glossy iPad Pro mockup frame...
[fsi-ppc2][TABLET][CHROMIUM] [STDERR] ⚠️ [Tablet] Failed to apply glossy iPad Pro mockup frame overlay: page.evaluate: TypeError: Cannot read properties of null (reading 'appendChild')
    at eval (eval at evaluate (:302:30), <anonymous>:104:23)
    at UtilityScript.evaluate (<anonymous>:304:16)
    at UtilityScript.<anonymous> (<anonymous>:1:44)
[fsi-ppc2][TABLET][CHROMIUM] 🔘 [Mobile] No active contact NEXT/SUBMIT button visible. Exiting loop.
🔘 [Mobile] Scanning for additional dynamic steps...
[fsi-ppc2][TABLET][CHROMIUM] 🔘 [Mobile] Submitting form
[fsi-ppc2][TABLET][CHROMIUM] ⏳ [Mobile] Waiting for submission navigation to complete
[fsi-ppc2][TABLET][CHROMIUM] ⏳ [Mobile] Waiting for final Thank You page redirection...
[fsi-ppc2][TABLET][CHROMIUM] ✅ [Mobile] Targeted final redirect URL achieved!
[fsi-ppc2][TABLET][CHROMIUM] ✅ [Mobile] Final Thank You URL: https://www.fresh-start-initiative.com/ty_next/?debt=5000&leadid=E0054466&reqid=26774750&affid=659&subid=#s1#
[fsi-ppc2][TABLET][CHROMIUM] ✅ [Mobile] Extracted Lead ID: E0054466
[fsi-ppc2][TABLET][CHROMIUM] 📱 Device Type detected: T-CHROMIUM
✅ Lead captured: E0054466
[fsi-ppc2][TABLET][CHROMIUM] 📡 Fetching First API data for Lead ID: E0054466...
[fsi-ppc2][TABLET][CHROMIUM] 📡 Raw XML Response: {
  "lead_info_response": {
    "$": {
      "xmlns:xsd": "http://www.w3.org/2001/XMLSchema",
      "xmlns:xsi": "http://www.w3.org/2001/XMLSchema-instance",
      "xmlns": "http://cakemarketing.com/api/1/"
    },
    "success": "true",
    "row_count": "1",
    "lead_id": "E0054466",
    "personal_info": {
      "first_name": "CKMTESTPIXEL",
      "last_name": "CKMTESTPIXEL",
      "email_address": "ckmtestpixel@gmail.com",
      "address": {
        "street": "",
        "city": "",
        "state": "SC",
        "zip_code": "",
        "country": ""
      },
      "ip_address": "27.54.170.27",
      "phone_work": "",
      "phone_home": "803-612-4270",
      "phone_cell": "",
      "best_call_time": "",
      "opt_in": "true"
    },
    "traffic_info": {
      "lead_date": "2026-05-13T02:44:03.853",
      "payout": {
        "currency_id": "1",
        "amount": "0.0000",
        "formatted_amount": "$0.00"
      },
      "affiliate": {
        "affiliate_id": {
          "_": "659",
          "$": {
            "xmlns": "API:id_name_store"
          }
        },
        "affiliate_name": {
          "_": "QA affiliate",
          "$": {
            "xmlns": "API:id_name_store"
          }
        }
      },
      "campaign": {
        "campaign_id": {
          "_": "4069",
          "$": {
            "xmlns": "API:id_name_store"
          }
        },
        "campaign_name": {
          "_": "Fresh Start Initiative (PPC) - PPC NEW - CPA - $1.00",
          "$": {
            "xmlns": "API:id_name_store"
          }
        }
      },
      "creative_id": "143",
      "subid_1": "",
      "subid_2": "",
      "subid_3": "",
      "subid_4": "",
      "subid_5": "",
      "referrer": "",
      "pixel_fired": "true",
      "returned_to_affiliate": "false",
      "test": "true",
      "upsell": "false"
    },
    "all_vertical_data": {
      "data": {
        "$": {
          "xmlns": ""
        },
        "tax_debt": "5000",
        "universal_leadid": "59C1C01C-356C-0B6F-BB72-001A10092A1F",
        "affid": "659",
        "TCPA_checkbox": "checked",
        "reqid": "26774750",
        "cr_price": "3",
        "page": "fresh-start-initiative.comfresh-start-initiative.com/ppc2/index.php",
        "neustar": "under",
        "first_name_lower": "ckmtestpixel",
        "last_name_lower": "ckmtestpixel",
        "first_name_capital": "Ckmtestpixel",
        "last_name_capital": "Ckmtestpixel",
        "nodl_flag": "pass",
        "ckm_campaign_id": "4297"
      }
    },
    "dispositions": {
      "disposition": [
        {
          "disposition_type": "Not Paid For",
          "reason": "Unmatched Filter",
          "filter": "Min Tax Debt"
        },
        {
          "disposition_type": "Not Paid For",
          "reason": "Unmatched Filter",
          "filter": "Nuestar Fail"
        }
      ]
    },
    "pings": "",
    "posts": "",
    "sales": ""
  }
}
[fsi-ppc2][TABLET][CHROMIUM] ✅ First API Data retrieved on attempt 1
[fsi-ppc2][TABLET][CHROMIUM] 📡 Fetching Second API data for Lead ID: E0054466...
[fsi-ppc2][TABLET][CHROMIUM] 📡 Standard Second API Payload: cake_id=E0054466, domain_name=https://www.freshstartinitiative.com
[fsi-ppc2][TABLET][CHROMIUM] [STDERR] (node:22104) Warning: Setting the NODE_TLS_REJECT_UNAUTHORIZED environment variable to '0' makes TLS connections and HTTPS requests insecure by disabling certificate verification.
(Use `node --trace-warnings ...` to show where the warning was created)
[fsi-ppc2][TABLET][CHROMIUM] [STDERR] ❌ Second API Attempt 1 failed: Request failed with status code 404
[fsi-ppc2][TABLET][CHROMIUM] ⏳ Retrying in 3 seconds to allow database synchronization...
[fsi-ppc2][TABLET][CHROMIUM] 📡 Standard Second API Payload: cake_id=E0054466, domain_name=https://www.freshstartinitiative.com
[fsi-ppc2][TABLET][CHROMIUM] [STDERR] ❌ Second API Attempt 2 failed: Request failed with status code 404
[fsi-ppc2][TABLET][CHROMIUM] ⏳ Retrying in 3 seconds to allow database synchronization...
[fsi-ppc2][TABLET][CHROMIUM] 📡 Standard Second API Payload: cake_id=E0054466, domain_name=https://www.freshstartinitiative.com
[fsi-ppc2][TABLET][CHROMIUM] [STDERR] ❌ Second API Attempt 3 failed: Request failed with status code 404
[fsi-ppc2][TABLET][CHROMIUM] ⏳ Retrying in 3 seconds to allow database synchronization...
[fsi-ppc2][TABLET][CHROMIUM] 📡 Standard Second API Payload: cake_id=E0054466, domain_name=https://www.freshstartinitiative.com
[fsi-ppc2][TABLET][CHROMIUM] [STDERR] ❌ Second API Attempt 4 failed: Request failed with status code 404
[fsi-ppc2][TABLET][CHROMIUM] ⏳ Retrying in 3 seconds to allow database synchronization...
[fsi-ppc2][TABLET][CHROMIUM] 📡 Standard Second API Payload: cake_id=E0054466, domain_name=https://www.freshstartinitiative.com
[fsi-ppc2][TABLET][CHROMIUM] [STDERR] ❌ Second API Attempt 5 failed: Request failed with status code 404
[fsi-ppc2][TABLET][CHROMIUM] ✅ Row appended successfully to sheet: FSI-PPC2
[fsi-ppc2][TABLET][CHROMIUM] ✨ Professional formatting applied to FSI-PPC2
[fsi-ppc2][TABLET][CHROMIUM] ✅ Lead processed successfully for FSI-PPC2 Tablet
[fsi-ppc2][TABLET][CHROMIUM] 🎥 Video saved successfully: traces/videos/FSI-PPC2_FSI-PPC2_Tablet.webm
[fsi-ppc2][TABLET][CHROMIUM] 
✅ Execution successfully processed! { success: true, leadId: 'E0054466', brand: 'FSI-PPC2 Tablet' }
[fsi-ppc2][TABLET][CHROMIUM] [STDERR] ❌ Automation Run encountered a fatal exception: tracing.stop: Target page, context or browser has been closed
✅ [13/5/2026, 3:14:51 pm] COMPLETED: fsi-ppc2 [TABLET][CHROMIUM]

================================================================
🚀 [13/5/2026, 3:14:53 pm] RUNNING: FSI-PPC2 (MOBILE) on CHROMIUM
🔗 Target URL: https://fsimlf-trk.com/?a=659&oc=750&c=143&s1=
================================================================
[fsi-ppc2][MOBILE][CHROMIUM] 🔌 [Browser Interceptor] Intercepting and optimizing engine: CHROMIUM
[fsi-ppc2][MOBILE][CHROMIUM] ◇ injected env (0) from .env // tip: ◈ secrets for agents [www.dotenvx.com]
[fsi-ppc2][MOBILE][CHROMIUM] ◇ injected env (0) from .env // tip: ⌘ suppress logs { quiet: true }
[fsi-ppc2][MOBILE][CHROMIUM] ◇ injected env (0) from .env // tip: ◈ secrets for agents [www.dotenvx.com]
[fsi-ppc2][MOBILE][CHROMIUM] ◇ injected env (0) from .env // tip: ◈ encrypted .env [www.dotenvx.com]
[fsi-ppc2][MOBILE][CHROMIUM] 
🤖 ================================================================
🤖 MASTER RUNNER: LAUNCHING FSI-PPC2
[fsi-ppc2][MOBILE][CHROMIUM] 🤖 Mode:            MOBILE
🤖 Tracking URL:     https://fsimlf-trk.com/?a=659&oc=750&c=143&s1=
🤖 Target Sheet:    FSI-PPC2
🤖 ================================================================
[fsi-ppc2][MOBILE][CHROMIUM] 📱 Emulated Device Profile: MOBILE (iPhone 17 Pro)
[fsi-ppc2][MOBILE][CHROMIUM] ⏳ Delaying 2 seconds to allow responsive layouts to mount...
[fsi-ppc2][MOBILE][CHROMIUM] 🔄 Processing lead for brand: FSI-PPC2 Mobile
[fsi-ppc2][MOBILE][CHROMIUM] 🔗 [Mobile] Navigating to: https://fsimlf-trk.com/?a=659&oc=750&c=143&s1=
[fsi-ppc2][MOBILE][CHROMIUM] ✅ [Mobile] Page loaded successfully
[fsi-ppc2][MOBILE][CHROMIUM] 📱 [Mobile] Injecting high-fidelity glossy Natural Titanium iPhone 17 Pro mockup frame...
[fsi-ppc2][MOBILE][CHROMIUM] 📱 [Mobile] Injecting high-fidelity glossy Natural Titanium iPhone 17 Pro mockup frame...
[fsi-ppc2][MOBILE][CHROMIUM] 📝 [Mobile] Starting mobile-specific form filling...
[fsi-ppc2][MOBILE][CHROMIUM] 🔘 [Mobile] Step 1: Selecting Debt Amount ($0-$9,999)
[fsi-ppc2][MOBILE][CHROMIUM] 🔘 [Mobile] Found select#tax_debt dropdown. Selecting option...
[fsi-ppc2][MOBILE][CHROMIUM] ✅ [Mobile] Selected option from select#tax_debt dropdown for amount: $0-$9,999
[fsi-ppc2][MOBILE][CHROMIUM] 🔘 [Mobile] Clicking active visible button: .next-btn1:visible, .btn-next:visible
[fsi-ppc2][MOBILE][CHROMIUM] ✅ [Mobile] Clicked: .next-btn1:visible, .btn-next:visible
[fsi-ppc2][MOBILE][CHROMIUM] 📱 [Mobile] Injecting high-fidelity glossy Natural Titanium iPhone 17 Pro mockup frame...
[fsi-ppc2][MOBILE][CHROMIUM] ✅ [Mobile] Reached a recognized terminal step (State or Contact). Stopping dynamic traversal.
[fsi-ppc2][MOBILE][CHROMIUM] 🔘 [Mobile] Step 2: Selecting State
[fsi-ppc2][MOBILE][CHROMIUM] 📝 [Mobile] step3 column set to State: "South Carolina"
[fsi-ppc2][MOBILE][CHROMIUM] 🔘 [Mobile] Clicking active visible button: .next-btn:visible, .next-btn2:visible, .btn-next:visible
[fsi-ppc2][MOBILE][CHROMIUM] ✅ [Mobile] Clicked: .next-btn:visible, .next-btn2:visible, .btn-next:visible
[fsi-ppc2][MOBILE][CHROMIUM] 📱 [Mobile] Injecting high-fidelity glossy Natural Titanium iPhone 17 Pro mockup frame...
[fsi-ppc2][MOBILE][CHROMIUM] 🔘 [Mobile] Step 3: Filling Contact Info (Dynamic Loop)...
[fsi-ppc2][MOBILE][CHROMIUM] 📱 [Mobile] Injecting high-fidelity glossy Natural Titanium iPhone 17 Pro mockup frame...
[fsi-ppc2][MOBILE][CHROMIUM] ✅ [Mobile] Filled First Name: ckmtestpixel
[fsi-ppc2][MOBILE][CHROMIUM] ✅ [Mobile] Filled Last Name: ckmtestpixel
[fsi-ppc2][MOBILE][CHROMIUM] ✅ [Mobile] Filled Email: ckmtestpixel@gmail.com
[fsi-ppc2][MOBILE][CHROMIUM] ✅ [Mobile] Filled Phone: 803-612-4270
[fsi-ppc2][MOBILE][CHROMIUM] 🔘 [Mobile] Clicking active contact NEXT/SUBMIT button...
[fsi-ppc2][MOBILE][CHROMIUM] 📱 [Mobile] Injecting high-fidelity glossy Natural Titanium iPhone 17 Pro mockup frame...
[fsi-ppc2][MOBILE][CHROMIUM] [STDERR] ⚠️ [Mobile] Failed to apply glossy iPhone 17 Pro mockup frame overlay: page.evaluate: TypeError: Cannot read properties of null (reading 'appendChild')
    at eval (eval at evaluate (:302:30), <anonymous>:133:23)
    at UtilityScript.evaluate (<anonymous>:304:16)
    at UtilityScript.<anonymous> (<anonymous>:1:44)
[fsi-ppc2][MOBILE][CHROMIUM] 🔘 [Mobile] No active contact NEXT/SUBMIT button visible. Exiting loop.
[fsi-ppc2][MOBILE][CHROMIUM] 🔘 [Mobile] Scanning for additional dynamic steps...
[fsi-ppc2][MOBILE][CHROMIUM] 🔘 [Mobile] Submitting form
[fsi-ppc2][MOBILE][CHROMIUM] ⏳ [Mobile] Waiting for submission navigation to complete
[fsi-ppc2][MOBILE][CHROMIUM] ⏳ [Mobile] Waiting for final Thank You page redirection...
[fsi-ppc2][MOBILE][CHROMIUM] ✅ [Mobile] Targeted final redirect URL achieved!
[fsi-ppc2][MOBILE][CHROMIUM] ✅ [Mobile] Final Thank You URL: https://www.fresh-start-initiative.com/ty_next/?debt=5000&leadid=B617A66A&reqid=26774751&affid=659&subid=#s1#
[fsi-ppc2][MOBILE][CHROMIUM] ✅ [Mobile] Extracted Lead ID: B617A66A
📱 Device Type detected: M-CHROMIUM
[fsi-ppc2][MOBILE][CHROMIUM] ✅ Lead captured: B617A66A
[fsi-ppc2][MOBILE][CHROMIUM] 📡 Fetching First API data for Lead ID: B617A66A...
[fsi-ppc2][MOBILE][CHROMIUM] 📡 Raw XML Response: {
  "lead_info_response": {
    "$": {
      "xmlns:xsd": "http://www.w3.org/2001/XMLSchema",
      "xmlns:xsi": "http://www.w3.org/2001/XMLSchema-instance",
      "xmlns": "http://cakemarketing.com/api/1/"
    },
    "success": "true",
    "row_count": "1",
    "lead_id": "B617A66A",
    "personal_info": {
      "first_name": "CKMTESTPIXEL",
      "last_name": "CKMTESTPIXEL",
      "email_address": "ckmtestpixel@gmail.com",
      "address": {
        "street": "",
        "city": "",
        "state": "SC",
        "zip_code": "",
        "country": ""
      },
      "ip_address": "27.54.170.27",
      "phone_work": "",
      "phone_home": "803-612-4270",
      "phone_cell": "",
      "best_call_time": "",
      "opt_in": "true"
    },
    "traffic_info": {
      "lead_date": "2026-05-13T02:45:13.297",
      "payout": {
        "currency_id": "1",
        "amount": "0.0000",
        "formatted_amount": "$0.00"
      },
      "affiliate": {
        "affiliate_id": {
          "_": "659",
          "$": {
            "xmlns": "API:id_name_store"
          }
        },
        "affiliate_name": {
          "_": "QA affiliate",
          "$": {
            "xmlns": "API:id_name_store"
          }
        }
      },
      "campaign": {
        "campaign_id": {
          "_": "4069",
          "$": {
            "xmlns": "API:id_name_store"
          }
        },
        "campaign_name": {
          "_": "Fresh Start Initiative (PPC) - PPC NEW - CPA - $1.00",
          "$": {
            "xmlns": "API:id_name_store"
          }
        }
      },
      "creative_id": "143",
      "subid_1": "",
      "subid_2": "",
      "subid_3": "",
      "subid_4": "",
      "subid_5": "",
      "referrer": "",
      "pixel_fired": "true",
      "returned_to_affiliate": "false",
      "test": "true",
      "upsell": "false"
    },
    "all_vertical_data": {
      "data": {
        "$": {
          "xmlns": ""
        },
        "tax_debt": "5000",
        "universal_leadid": "DF858AD4-9CCB-F463-7E6E-9A0EAF7DB173",
        "affid": "659",
        "TCPA_checkbox": "checked",
        "reqid": "26774751",
        "cr_price": "3",
        "page": "fresh-start-initiative.comfresh-start-initiative.com/ppc2/index.php",
        "neustar": "under",
        "first_name_lower": "ckmtestpixel",
        "last_name_lower": "ckmtestpixel",
        "first_name_capital": "Ckmtestpixel",
        "last_name_capital": "Ckmtestpixel",
        "nodl_flag": "pass",
        "ckm_campaign_id": "4297"
      }
    },
    "dispositions": {
      "disposition": [
        {
          "disposition_type": "Not Paid For",
          "reason": "Unmatched Filter",
          "filter": "Min Tax Debt"
        },
        {
          "disposition_type": "Not Paid For",
          "reason": "Unmatched Filter",
          "filter": "Nuestar Fail"
        }
      ]
    },
    "pings": "",
    "posts": "",
    "sales": ""
  }
}
[fsi-ppc2][MOBILE][CHROMIUM] ✅ First API Data retrieved on attempt 1
[fsi-ppc2][MOBILE][CHROMIUM] 📡 Fetching Second API data for Lead ID: B617A66A...
[fsi-ppc2][MOBILE][CHROMIUM] 📡 Standard Second API Payload: cake_id=B617A66A, domain_name=https://www.freshstartinitiative.com
[fsi-ppc2][MOBILE][CHROMIUM] [STDERR] (node:18628) Warning: Setting the NODE_TLS_REJECT_UNAUTHORIZED environment variable to '0' makes TLS connections and HTTPS requests insecure by disabling certificate verification.
(Use `node --trace-warnings ...` to show where the warning was created)
[fsi-ppc2][MOBILE][CHROMIUM] [STDERR] ❌ Second API Attempt 1 failed: Request failed with status code 404
[fsi-ppc2][MOBILE][CHROMIUM] ⏳ Retrying in 3 seconds to allow database synchronization...
[fsi-ppc2][MOBILE][CHROMIUM] 📡 Standard Second API Payload: cake_id=B617A66A, domain_name=https://www.freshstartinitiative.com
[fsi-ppc2][MOBILE][CHROMIUM] [STDERR] ❌ Second API Attempt 2 failed: Request failed with status code 404
[fsi-ppc2][MOBILE][CHROMIUM] ⏳ Retrying in 3 seconds to allow database synchronization...
[fsi-ppc2][MOBILE][CHROMIUM] 📡 Standard Second API Payload: cake_id=B617A66A, domain_name=https://www.freshstartinitiative.com
[fsi-ppc2][MOBILE][CHROMIUM] [STDERR] ❌ Second API Attempt 3 failed: Request failed with status code 404
[fsi-ppc2][MOBILE][CHROMIUM] ⏳ Retrying in 3 seconds to allow database synchronization...
[fsi-ppc2][MOBILE][CHROMIUM] 📡 Standard Second API Payload: cake_id=B617A66A, domain_name=https://www.freshstartinitiative.com
[fsi-ppc2][MOBILE][CHROMIUM] [STDERR] ❌ Second API Attempt 4 failed: Request failed with status code 404
[fsi-ppc2][MOBILE][CHROMIUM] ⏳ Retrying in 3 seconds to allow database synchronization...
[fsi-ppc2][MOBILE][CHROMIUM] 📡 Standard Second API Payload: cake_id=B617A66A, domain_name=https://www.freshstartinitiative.com
[fsi-ppc2][MOBILE][CHROMIUM] [STDERR] ❌ Second API Attempt 5 failed: Request failed with status code 404
[fsi-ppc2][MOBILE][CHROMIUM] ✅ Row appended successfully to sheet: FSI-PPC2
[fsi-ppc2][MOBILE][CHROMIUM] ✨ Professional formatting applied to FSI-PPC2
✅ Lead processed successfully for FSI-PPC2 Mobile
[fsi-ppc2][MOBILE][CHROMIUM] 🎥 Video saved successfully: traces/videos/FSI-PPC2_FSI-PPC2_Mobile.webm
[fsi-ppc2][MOBILE][CHROMIUM] 
✅ Execution successfully processed! { success: true, leadId: 'B617A66A', brand: 'FSI-PPC2 Mobile' }
[fsi-ppc2][MOBILE][CHROMIUM] [STDERR] ❌ Automation Run encountered a fatal exception: tracing.stop: Target page, context or browser has been closed
✅ [13/5/2026, 3:15:59 pm] COMPLETED: fsi-ppc2 [MOBILE][CHROMIUM]

================================================================
⚡ Running Campaign Viewports on Browser Engine: FIREFOX - [FSI-PPC2]
================================================================

================================================================
🚀 [13/5/2026, 3:16:03 pm] RUNNING: FSI-PPC2 (DESKTOP) on FIREFOX
🔗 Target URL: https://fsimlf-trk.com/?a=659&oc=750&c=143&s1=
================================================================
[fsi-ppc2][DESKTOP][FIREFOX] 🔌 [Browser Interceptor] Intercepting and optimizing engine: FIREFOX
[fsi-ppc2][DESKTOP][FIREFOX] ◇ injected env (0) from .env // tip: ⌘ custom filepath { path: '/custom/path/.env' }
[fsi-ppc2][DESKTOP][FIREFOX] ◇ injected env (0) from .env // tip: ◈ encrypted .env [www.dotenvx.com]
[fsi-ppc2][DESKTOP][FIREFOX] ◇ injected env (0) from .env // tip: ⌘ custom filepath { path: '/custom/path/.env' }
[fsi-ppc2][DESKTOP][FIREFOX] ◇ injected env (0) from .env // tip: ⌘ enable debugging { debug: true }
[fsi-ppc2][DESKTOP][FIREFOX] 
🤖 ================================================================
🤖 MASTER RUNNER: LAUNCHING FSI-PPC2
[fsi-ppc2][DESKTOP][FIREFOX] 🤖 Mode:            DESKTOP
🤖 Tracking URL:     https://fsimlf-trk.com/?a=659&oc=750&c=143&s1=
🤖 Target Sheet:    FSI-PPC2
🤖 ================================================================
[fsi-ppc2][DESKTOP][FIREFOX] 💻 Emulated Device Profile: DESKTOP
🔌 [Browser Interceptor] Sanitizing mobile context options for Firefox emulation...
[fsi-ppc2][DESKTOP][FIREFOX] 🔄 Processing lead for brand: FSI-PPC2
[fsi-ppc2][DESKTOP][FIREFOX] 🔗 Navigating to: https://fsimlf-trk.com/?a=659&oc=750&c=143&s1=
[fsi-ppc2][DESKTOP][FIREFOX] ✅ Page loaded successfully
[fsi-ppc2][DESKTOP][FIREFOX] 📝 Starting multi-step form filling process...
[fsi-ppc2][DESKTOP][FIREFOX] 🔘 Step 1: Handling Debt Amount ($0-$9,999)
[fsi-ppc2][DESKTOP][FIREFOX] 🔘 Found select#tax_debt dropdown. Selecting option...
[fsi-ppc2][DESKTOP][FIREFOX] ✅ Selected option from select#tax_debt dropdown for amount: $0-$9,999
[fsi-ppc2][DESKTOP][FIREFOX] 🔘 Attempting to click .next-btn1, .btn-next
[fsi-ppc2][DESKTOP][FIREFOX] ⚠️ Standard click failed, using dispatchEvent...
[fsi-ppc2][DESKTOP][FIREFOX] ✅ Clicked .next-btn1, .btn-next
[fsi-ppc2][DESKTOP][FIREFOX] ✅ Reached a recognized terminal step (State or Contact). Stopping dynamic traversal.
[fsi-ppc2][DESKTOP][FIREFOX] 🔘 Step: Selecting State
[fsi-ppc2][DESKTOP][FIREFOX] 📝 step3 column set to State: "South Carolina"
[fsi-ppc2][DESKTOP][FIREFOX] 🔘 Attempting to click .next-btn, .next-btn2, .btn-next
[fsi-ppc2][DESKTOP][FIREFOX] ✅ Clicked .next-btn, .next-btn2, .btn-next
[fsi-ppc2][DESKTOP][FIREFOX] 🔘 Filling Contact Info (Dynamic Loop)...
[fsi-ppc2][DESKTOP][FIREFOX] ✅ Filled First Name: ckmtestpixel
[fsi-ppc2][DESKTOP][FIREFOX] ✅ Filled Last Name: ckmtestpixel
[fsi-ppc2][DESKTOP][FIREFOX] ✅ Filled Email: ckmtestpixel@gmail.com
[fsi-ppc2][DESKTOP][FIREFOX] ✅ Filled Phone: 803-612-4270
[fsi-ppc2][DESKTOP][FIREFOX] 🔘 Clicking active contact NEXT/SUBMIT button...
[fsi-ppc2][DESKTOP][FIREFOX] 🔘 No active contact NEXT/SUBMIT button visible. Exiting loop.
[fsi-ppc2][DESKTOP][FIREFOX] 🔘 Checking for additional submit/next buttons...
[fsi-ppc2][DESKTOP][FIREFOX] 🔘 Submitting form
[fsi-ppc2][DESKTOP][FIREFOX] [STDERR] ⚠️  Submit navigation timeout or error, waiting 5s for final URL
[fsi-ppc2][DESKTOP][FIREFOX] ⏳ Waiting for final redirect to Thank You page...
[fsi-ppc2][DESKTOP][FIREFOX] ✅ Targeted final redirect URL achieved!
[fsi-ppc2][DESKTOP][FIREFOX] ✅ Final Thank You URL: https://www.fresh-start-initiative.com/ty_next/?debt=5000&leadid=6774A12D&reqid=26774754&affid=659&subid=#s1#
[fsi-ppc2][DESKTOP][FIREFOX] ✅ Extracted Lead ID: 6774A12D
[fsi-ppc2][DESKTOP][FIREFOX] 📱 Device Type detected: D-FIREFOX
✅ Lead captured: 6774A12D
[fsi-ppc2][DESKTOP][FIREFOX] 📡 Fetching First API data for Lead ID: 6774A12D...
[fsi-ppc2][DESKTOP][FIREFOX] 📡 Raw XML Response: {
  "lead_info_response": {
    "$": {
      "xmlns:xsd": "http://www.w3.org/2001/XMLSchema",
      "xmlns:xsi": "http://www.w3.org/2001/XMLSchema-instance",
      "xmlns": "http://cakemarketing.com/api/1/"
    },
    "success": "true",
    "row_count": "1",
    "lead_id": "6774A12D",
    "personal_info": {
      "first_name": "CKMTESTPIXEL",
      "last_name": "CKMTESTPIXEL",
      "email_address": "ckmtestpixel@gmail.com",
      "address": {
        "street": "",
        "city": "",
        "state": "SC",
        "zip_code": "",
        "country": ""
      },
      "ip_address": "27.54.170.27",
      "phone_work": "",
      "phone_home": "803-612-4270",
      "phone_cell": "",
      "best_call_time": "",
      "opt_in": "true"
    },
    "traffic_info": {
      "lead_date": "2026-05-13T02:46:29.407",
      "payout": {
        "currency_id": "1",
        "amount": "0.0000",
        "formatted_amount": "$0.00"
      },
      "affiliate": {
        "affiliate_id": {
          "_": "659",
          "$": {
            "xmlns": "API:id_name_store"
          }
        },
        "affiliate_name": {
          "_": "QA affiliate",
          "$": {
            "xmlns": "API:id_name_store"
          }
        }
      },
      "campaign": {
        "campaign_id": {
          "_": "4069",
          "$": {
            "xmlns": "API:id_name_store"
          }
        },
        "campaign_name": {
          "_": "Fresh Start Initiative (PPC) - PPC NEW - CPA - $1.00",
          "$": {
            "xmlns": "API:id_name_store"
          }
        }
      },
      "creative_id": "143",
      "subid_1": "",
      "subid_2": "",
      "subid_3": "",
      "subid_4": "",
      "subid_5": "",
      "referrer": "",
      "pixel_fired": "true",
      "returned_to_affiliate": "false",
      "test": "true",
      "upsell": "false"
    },
    "all_vertical_data": {
      "data": {
        "$": {
          "xmlns": ""
        },
        "tax_debt": "5000",
        "universal_leadid": "5D73BD44-0C00-624A-F36C-8BF37EA882FB",
        "affid": "659",
        "TCPA_checkbox": "checked",
        "reqid": "26774754",
        "cr_price": "3",
        "page": "fresh-start-initiative.comfresh-start-initiative.com/ppc2/index.php",
        "neustar": "under",
        "first_name_lower": "ckmtestpixel",
        "last_name_lower": "ckmtestpixel",
        "first_name_capital": "Ckmtestpixel",
        "last_name_capital": "Ckmtestpixel",
        "nodl_flag": "pass",
        "ckm_campaign_id": "4297"
      }
    },
    "dispositions": {
      "disposition": [
        {
          "disposition_type": "Not Paid For",
          "reason": "Unmatched Filter",
          "filter": "Min Tax Debt"
        },
        {
          "disposition_type": "Not Paid For",
          "reason": "Unmatched Filter",
          "filter": "Nuestar Fail"
        }
      ]
    },
    "pings": "",
    "posts": "",
    "sales": ""
  }
}
[fsi-ppc2][DESKTOP][FIREFOX] ✅ First API Data retrieved on attempt 1
[fsi-ppc2][DESKTOP][FIREFOX] 📡 Fetching Second API data for Lead ID: 6774A12D...
[fsi-ppc2][DESKTOP][FIREFOX] 📡 Standard Second API Payload: cake_id=6774A12D, domain_name=https://www.freshstartinitiative.com
[fsi-ppc2][DESKTOP][FIREFOX] [STDERR] (node:17812) Warning: Setting the NODE_TLS_REJECT_UNAUTHORIZED environment variable to '0' makes TLS connections and HTTPS requests insecure by disabling certificate verification.
(Use `node --trace-warnings ...` to show where the warning was created)
[fsi-ppc2][DESKTOP][FIREFOX] [STDERR] ❌ Second API Attempt 1 failed: Request failed with status code 404
[fsi-ppc2][DESKTOP][FIREFOX] ⏳ Retrying in 3 seconds to allow database synchronization...
[fsi-ppc2][DESKTOP][FIREFOX] 📡 Standard Second API Payload: cake_id=6774A12D, domain_name=https://www.freshstartinitiative.com
[fsi-ppc2][DESKTOP][FIREFOX] [STDERR] ❌ Second API Attempt 2 failed: Request failed with status code 404
[fsi-ppc2][DESKTOP][FIREFOX] ⏳ Retrying in 3 seconds to allow database synchronization...
[fsi-ppc2][DESKTOP][FIREFOX] 📡 Standard Second API Payload: cake_id=6774A12D, domain_name=https://www.freshstartinitiative.com
[fsi-ppc2][DESKTOP][FIREFOX] [STDERR] ❌ Second API Attempt 3 failed: Request failed with status code 404
[fsi-ppc2][DESKTOP][FIREFOX] ⏳ Retrying in 3 seconds to allow database synchronization...
[fsi-ppc2][DESKTOP][FIREFOX] 📡 Standard Second API Payload: cake_id=6774A12D, domain_name=https://www.freshstartinitiative.com
[fsi-ppc2][DESKTOP][FIREFOX] [STDERR] ❌ Second API Attempt 4 failed: Request failed with status code 404
[fsi-ppc2][DESKTOP][FIREFOX] ⏳ Retrying in 3 seconds to allow database synchronization...
[fsi-ppc2][DESKTOP][FIREFOX] 📡 Standard Second API Payload: cake_id=6774A12D, domain_name=https://www.freshstartinitiative.com
[fsi-ppc2][DESKTOP][FIREFOX] [STDERR] ❌ Second API Attempt 5 failed: Request failed with status code 404
[fsi-ppc2][DESKTOP][FIREFOX] ✅ Row appended successfully to sheet: FSI-PPC2
[fsi-ppc2][DESKTOP][FIREFOX] ✨ Professional formatting applied to FSI-PPC2
✅ Lead processed successfully for FSI-PPC2
[fsi-ppc2][DESKTOP][FIREFOX] 🎥 Video saved successfully: traces/videos/FSI-PPC2_FSI-PPC2.webm
[fsi-ppc2][DESKTOP][FIREFOX] 
✅ Execution successfully processed! { success: true, leadId: '6774A12D', brand: 'FSI-PPC2' }
[fsi-ppc2][DESKTOP][FIREFOX] [STDERR] ❌ Automation Run encountered a fatal exception: tracing.stop: Target page, context or browser has been closed
✅ [13/5/2026, 3:17:00 pm] COMPLETED: fsi-ppc2 [DESKTOP][FIREFOX]

================================================================
🚀 [13/5/2026, 3:17:02 pm] RUNNING: FSI-PPC2 (TABLET) on FIREFOX
🔗 Target URL: https://fsimlf-trk.com/?a=659&oc=750&c=143&s1=
================================================================
[fsi-ppc2][TABLET][FIREFOX] 🔌 [Browser Interceptor] Intercepting and optimizing engine: FIREFOX
[fsi-ppc2][TABLET][FIREFOX] ◇ injected env (0) from .env // tip: ◈ secrets for agents [www.dotenvx.com]
[fsi-ppc2][TABLET][FIREFOX] ◇ injected env (0) from .env // tip: ◈ encrypted .env [www.dotenvx.com]
[fsi-ppc2][TABLET][FIREFOX] ◇ injected env (0) from .env // tip: ⌘ custom filepath { path: '/custom/path/.env' }
[fsi-ppc2][TABLET][FIREFOX] ◇ injected env (0) from .env // tip: ◈ encrypted .env [www.dotenvx.com]
[fsi-ppc2][TABLET][FIREFOX] 
🤖 ================================================================
[fsi-ppc2][TABLET][FIREFOX] 🤖 MASTER RUNNER: LAUNCHING FSI-PPC2
🤖 Mode:            TABLET
🤖 Tracking URL:     https://fsimlf-trk.com/?a=659&oc=750&c=143&s1=
[fsi-ppc2][TABLET][FIREFOX] 🤖 Target Sheet:    FSI-PPC2
[fsi-ppc2][TABLET][FIREFOX] 🤖 ================================================================
[fsi-ppc2][TABLET][FIREFOX] 📋 Emulated Device Profile: TABLET (iPad Pro 11)
[fsi-ppc2][TABLET][FIREFOX] 🔌 [Browser Interceptor] Sanitizing mobile context options for Firefox emulation...
[fsi-ppc2][TABLET][FIREFOX] ⏳ Delaying 2 seconds to allow responsive layouts to mount...
[fsi-ppc2][TABLET][FIREFOX] 🔄 Processing lead for brand: FSI-PPC2 Tablet
🔗 [Mobile] Navigating to: https://fsimlf-trk.com/?a=659&oc=750&c=143&s1=
[fsi-ppc2][TABLET][FIREFOX] ✅ [Mobile] Page loaded successfully
[fsi-ppc2][TABLET][FIREFOX] 💻 [Tablet] Injecting high-fidelity glossy iPad Pro mockup frame...
[fsi-ppc2][TABLET][FIREFOX] 💻 [Tablet] Injecting high-fidelity glossy iPad Pro mockup frame...
[fsi-ppc2][TABLET][FIREFOX] 📝 [Mobile] Starting mobile-specific form filling...
[fsi-ppc2][TABLET][FIREFOX] 🔘 [Mobile] Step 1: Selecting Debt Amount ($0-$9,999)
[fsi-ppc2][TABLET][FIREFOX] 🔘 [Mobile] Found select#tax_debt dropdown. Selecting option...
[fsi-ppc2][TABLET][FIREFOX] ✅ [Mobile] Selected option from select#tax_debt dropdown for amount: $0-$9,999
[fsi-ppc2][TABLET][FIREFOX] 🔘 [Mobile] Clicking active visible button: .next-btn1:visible, .btn-next:visible
[fsi-ppc2][TABLET][FIREFOX] ✅ [Mobile] Clicked: .next-btn1:visible, .btn-next:visible
[fsi-ppc2][TABLET][FIREFOX] 💻 [Tablet] Injecting high-fidelity glossy iPad Pro mockup frame...
[fsi-ppc2][TABLET][FIREFOX] ✅ [Mobile] Reached a recognized terminal step (State or Contact). Stopping dynamic traversal.
[fsi-ppc2][TABLET][FIREFOX] 🔘 [Mobile] Step 2: Selecting State
[fsi-ppc2][TABLET][FIREFOX] 📝 [Mobile] step3 column set to State: "South Carolina"
[fsi-ppc2][TABLET][FIREFOX] 🔘 [Mobile] Clicking active visible button: .next-btn:visible, .next-btn2:visible, .btn-next:visible
[fsi-ppc2][TABLET][FIREFOX] ✅ [Mobile] Clicked: .next-btn:visible, .next-btn2:visible, .btn-next:visible
[fsi-ppc2][TABLET][FIREFOX] 💻 [Tablet] Injecting high-fidelity glossy iPad Pro mockup frame...
[fsi-ppc2][TABLET][FIREFOX] 🔘 [Mobile] Step 3: Filling Contact Info (Dynamic Loop)...
[fsi-ppc2][TABLET][FIREFOX] 💻 [Tablet] Injecting high-fidelity glossy iPad Pro mockup frame...
[fsi-ppc2][TABLET][FIREFOX] ✅ [Mobile] Filled First Name: ckmtestpixel
[fsi-ppc2][TABLET][FIREFOX] ✅ [Mobile] Filled Last Name: ckmtestpixel
[fsi-ppc2][TABLET][FIREFOX] ✅ [Mobile] Filled Email: ckmtestpixel@gmail.com
[fsi-ppc2][TABLET][FIREFOX] ✅ [Mobile] Filled Phone: 803-612-4270
[fsi-ppc2][TABLET][FIREFOX] 🔘 [Mobile] Clicking active contact NEXT/SUBMIT button...
[fsi-ppc2][TABLET][FIREFOX] 💻 [Tablet] Injecting high-fidelity glossy iPad Pro mockup frame...
[fsi-ppc2][TABLET][FIREFOX] [STDERR] ⚠️ [Tablet] Failed to apply glossy iPad Pro mockup frame overlay: page.evaluate: can't access property "appendChild", document.body is null
@debugger eval code line 302 > eval:104:9
evaluate@debugger eval code:304:16
@debugger eval code:1:44

[fsi-ppc2][TABLET][FIREFOX] 🔘 [Mobile] No active contact NEXT/SUBMIT button visible. Exiting loop.
🔘 [Mobile] Scanning for additional dynamic steps...
[fsi-ppc2][TABLET][FIREFOX] 🔘 [Mobile] Submitting form
[fsi-ppc2][TABLET][FIREFOX] ⏳ [Mobile] Waiting for submission navigation to complete
[fsi-ppc2][TABLET][FIREFOX] ⏳ [Mobile] Waiting for final Thank You page redirection...
[fsi-ppc2][TABLET][FIREFOX] ✅ [Mobile] Targeted final redirect URL achieved!
[fsi-ppc2][TABLET][FIREFOX] ✅ [Mobile] Final Thank You URL: https://www.fresh-start-initiative.com/ty_next/?debt=5000&leadid=5C86EFFD&reqid=26774755&affid=659&subid=#s1#
[fsi-ppc2][TABLET][FIREFOX] ✅ [Mobile] Extracted Lead ID: 5C86EFFD
[fsi-ppc2][TABLET][FIREFOX] 📱 Device Type detected: T-FIREFOX
✅ Lead captured: 5C86EFFD
[fsi-ppc2][TABLET][FIREFOX] 📡 Fetching First API data for Lead ID: 5C86EFFD...
[fsi-ppc2][TABLET][FIREFOX] 📡 Raw XML Response: {
  "lead_info_response": {
    "$": {
      "xmlns:xsd": "http://www.w3.org/2001/XMLSchema",
      "xmlns:xsi": "http://www.w3.org/2001/XMLSchema-instance",
      "xmlns": "http://cakemarketing.com/api/1/"
    },
    "success": "true",
    "row_count": "1",
    "lead_id": "5C86EFFD",
    "personal_info": {
      "first_name": "CKMTESTPIXEL",
      "last_name": "CKMTESTPIXEL",
      "email_address": "ckmtestpixel@gmail.com",
      "address": {
        "street": "",
        "city": "",
        "state": "SC",
        "zip_code": "",
        "country": ""
      },
      "ip_address": "27.54.170.27",
      "phone_work": "",
      "phone_home": "803-612-4270",
      "phone_cell": "",
      "best_call_time": "",
      "opt_in": "true"
    },
    "traffic_info": {
      "lead_date": "2026-05-13T02:47:23.407",
      "payout": {
        "currency_id": "1",
        "amount": "0.0000",
        "formatted_amount": "$0.00"
      },
      "affiliate": {
        "affiliate_id": {
          "_": "659",
          "$": {
            "xmlns": "API:id_name_store"
          }
        },
        "affiliate_name": {
          "_": "QA affiliate",
          "$": {
            "xmlns": "API:id_name_store"
          }
        }
      },
      "campaign": {
        "campaign_id": {
          "_": "4069",
          "$": {
            "xmlns": "API:id_name_store"
          }
        },
        "campaign_name": {
          "_": "Fresh Start Initiative (PPC) - PPC NEW - CPA - $1.00",
          "$": {
            "xmlns": "API:id_name_store"
          }
        }
      },
      "creative_id": "143",
      "subid_1": "",
      "subid_2": "",
      "subid_3": "",
      "subid_4": "",
      "subid_5": "",
      "referrer": "",
      "pixel_fired": "true",
      "returned_to_affiliate": "false",
      "test": "true",
      "upsell": "false"
    },
    "all_vertical_data": {
      "data": {
        "$": {
          "xmlns": ""
        },
        "tax_debt": "5000",
        "universal_leadid": "0AD13529-6502-F29A-6891-2C84864D1BD0",
        "affid": "659",
        "TCPA_checkbox": "checked",
        "reqid": "26774755",
        "cr_price": "3",
        "page": "fresh-start-initiative.comfresh-start-initiative.com/ppc2/index.php",
        "neustar": "under",
        "first_name_lower": "ckmtestpixel",
        "last_name_lower": "ckmtestpixel",
        "first_name_capital": "Ckmtestpixel",
        "last_name_capital": "Ckmtestpixel",
        "nodl_flag": "pass",
        "ckm_campaign_id": "4297"
      }
    },
    "dispositions": {
      "disposition": [
        {
          "disposition_type": "Not Paid For",
          "reason": "Unmatched Filter",
          "filter": "Min Tax Debt"
        },
        {
          "disposition_type": "Not Paid For",
          "reason": "Unmatched Filter",
          "filter": "Nuestar Fail"
        }
      ]
    },
    "pings": "",
    "posts": "",
    "sales": ""
  }
}
[fsi-ppc2][TABLET][FIREFOX] ✅ First API Data retrieved on attempt 1
[fsi-ppc2][TABLET][FIREFOX] 📡 Fetching Second API data for Lead ID: 5C86EFFD...
[fsi-ppc2][TABLET][FIREFOX] 📡 Standard Second API Payload: cake_id=5C86EFFD, domain_name=https://www.freshstartinitiative.com
[fsi-ppc2][TABLET][FIREFOX] [STDERR] (node:22148) Warning: Setting the NODE_TLS_REJECT_UNAUTHORIZED environment variable to '0' makes TLS connections and HTTPS requests insecure by disabling certificate verification.
(Use `node --trace-warnings ...` to show where the warning was created)
[fsi-ppc2][TABLET][FIREFOX] [STDERR] ❌ Second API Attempt 1 failed: Request failed with status code 404
[fsi-ppc2][TABLET][FIREFOX] ⏳ Retrying in 3 seconds to allow database synchronization...
[fsi-ppc2][TABLET][FIREFOX] 📡 Standard Second API Payload: cake_id=5C86EFFD, domain_name=https://www.freshstartinitiative.com
[fsi-ppc2][TABLET][FIREFOX] [STDERR] ❌ Second API Attempt 2 failed: Request failed with status code 404
[fsi-ppc2][TABLET][FIREFOX] ⏳ Retrying in 3 seconds to allow database synchronization...
[fsi-ppc2][TABLET][FIREFOX] 📡 Standard Second API Payload: cake_id=5C86EFFD, domain_name=https://www.freshstartinitiative.com
[fsi-ppc2][TABLET][FIREFOX] [STDERR] ❌ Second API Attempt 3 failed: Request failed with status code 404
[fsi-ppc2][TABLET][FIREFOX] ⏳ Retrying in 3 seconds to allow database synchronization...
[fsi-ppc2][TABLET][FIREFOX] 📡 Standard Second API Payload: cake_id=5C86EFFD, domain_name=https://www.freshstartinitiative.com
[fsi-ppc2][TABLET][FIREFOX] [STDERR] ❌ Second API Attempt 4 failed: Request failed with status code 404
[fsi-ppc2][TABLET][FIREFOX] ⏳ Retrying in 3 seconds to allow database synchronization...
[fsi-ppc2][TABLET][FIREFOX] 📡 Standard Second API Payload: cake_id=5C86EFFD, domain_name=https://www.freshstartinitiative.com
[fsi-ppc2][TABLET][FIREFOX] [STDERR] ❌ Second API Attempt 5 failed: Request failed with status code 404
[fsi-ppc2][TABLET][FIREFOX] ✅ Row appended successfully to sheet: FSI-PPC2
[fsi-ppc2][TABLET][FIREFOX] ✨ Professional formatting applied to FSI-PPC2
✅ Lead processed successfully for FSI-PPC2 Tablet
[fsi-ppc2][TABLET][FIREFOX] 🎥 Video saved successfully: traces/videos/FSI-PPC2_FSI-PPC2_Tablet.webm
[fsi-ppc2][TABLET][FIREFOX] 
✅ Execution successfully processed! { success: true, leadId: '5C86EFFD', brand: 'FSI-PPC2 Tablet' }
[fsi-ppc2][TABLET][FIREFOX] [STDERR] ❌ Automation Run encountered a fatal exception: tracing.stop: Target page, context or browser has been closed
✅ [13/5/2026, 3:18:05 pm] COMPLETED: fsi-ppc2 [TABLET][FIREFOX]

================================================================
🚀 [13/5/2026, 3:18:07 pm] RUNNING: FSI-PPC2 (MOBILE) on FIREFOX
🔗 Target URL: https://fsimlf-trk.com/?a=659&oc=750&c=143&s1=
================================================================
[fsi-ppc2][MOBILE][FIREFOX] 🔌 [Browser Interceptor] Intercepting and optimizing engine: FIREFOX
[fsi-ppc2][MOBILE][FIREFOX] ◇ injected env (0) from .env // tip: ⌘ suppress logs { quiet: true }
[fsi-ppc2][MOBILE][FIREFOX] ◇ injected env (0) from .env // tip: ⌘ multiple files { path: ['.env.local', '.env'] }
[fsi-ppc2][MOBILE][FIREFOX] ◇ injected env (0) from .env // tip: ⌘ suppress logs { quiet: true }
[fsi-ppc2][MOBILE][FIREFOX] ◇ injected env (0) from .env // tip: ⌘ suppress logs { quiet: true }
[fsi-ppc2][MOBILE][FIREFOX] 
🤖 ================================================================
🤖 MASTER RUNNER: LAUNCHING FSI-PPC2
[fsi-ppc2][MOBILE][FIREFOX] 🤖 Mode:            MOBILE
🤖 Tracking URL:     https://fsimlf-trk.com/?a=659&oc=750&c=143&s1=
🤖 Target Sheet:    FSI-PPC2
🤖 ================================================================
[fsi-ppc2][MOBILE][FIREFOX] 📱 Emulated Device Profile: MOBILE (iPhone 17 Pro)
[fsi-ppc2][MOBILE][FIREFOX] 🔌 [Browser Interceptor] Sanitizing mobile context options for Firefox emulation...
[fsi-ppc2][MOBILE][FIREFOX] ⏳ Delaying 2 seconds to allow responsive layouts to mount...
[fsi-ppc2][MOBILE][FIREFOX] 🔄 Processing lead for brand: FSI-PPC2 Mobile
[fsi-ppc2][MOBILE][FIREFOX] 🔗 [Mobile] Navigating to: https://fsimlf-trk.com/?a=659&oc=750&c=143&s1=
[fsi-ppc2][MOBILE][FIREFOX] ✅ [Mobile] Page loaded successfully
[fsi-ppc2][MOBILE][FIREFOX] 📱 [Mobile] Injecting high-fidelity glossy Natural Titanium iPhone 17 Pro mockup frame...
[fsi-ppc2][MOBILE][FIREFOX] 📱 [Mobile] Injecting high-fidelity glossy Natural Titanium iPhone 17 Pro mockup frame...
[fsi-ppc2][MOBILE][FIREFOX] 📝 [Mobile] Starting mobile-specific form filling...
[fsi-ppc2][MOBILE][FIREFOX] 🔘 [Mobile] Step 1: Selecting Debt Amount ($0-$9,999)
[fsi-ppc2][MOBILE][FIREFOX] 🔘 [Mobile] Found select#tax_debt dropdown. Selecting option...
[fsi-ppc2][MOBILE][FIREFOX] ✅ [Mobile] Selected option from select#tax_debt dropdown for amount: $0-$9,999
[fsi-ppc2][MOBILE][FIREFOX] 🔘 [Mobile] Clicking active visible button: .next-btn1:visible, .btn-next:visible
[fsi-ppc2][MOBILE][FIREFOX] ✅ [Mobile] Clicked: .next-btn1:visible, .btn-next:visible
[fsi-ppc2][MOBILE][FIREFOX] 📱 [Mobile] Injecting high-fidelity glossy Natural Titanium iPhone 17 Pro mockup frame...
[fsi-ppc2][MOBILE][FIREFOX] ✅ [Mobile] Reached a recognized terminal step (State or Contact). Stopping dynamic traversal.
[fsi-ppc2][MOBILE][FIREFOX] 🔘 [Mobile] Step 2: Selecting State
[fsi-ppc2][MOBILE][FIREFOX] 📝 [Mobile] step3 column set to State: "South Carolina"
[fsi-ppc2][MOBILE][FIREFOX] 🔘 [Mobile] Clicking active visible button: .next-btn:visible, .next-btn2:visible, .btn-next:visible
[fsi-ppc2][MOBILE][FIREFOX] ✅ [Mobile] Clicked: .next-btn:visible, .next-btn2:visible, .btn-next:visible
[fsi-ppc2][MOBILE][FIREFOX] 📱 [Mobile] Injecting high-fidelity glossy Natural Titanium iPhone 17 Pro mockup frame...
[fsi-ppc2][MOBILE][FIREFOX] 🔘 [Mobile] Step 3: Filling Contact Info (Dynamic Loop)...
[fsi-ppc2][MOBILE][FIREFOX] 📱 [Mobile] Injecting high-fidelity glossy Natural Titanium iPhone 17 Pro mockup frame...
[fsi-ppc2][MOBILE][FIREFOX] ✅ [Mobile] Filled First Name: ckmtestpixel
[fsi-ppc2][MOBILE][FIREFOX] ✅ [Mobile] Filled Last Name: ckmtestpixel
[fsi-ppc2][MOBILE][FIREFOX] ✅ [Mobile] Filled Email: ckmtestpixel@gmail.com
[fsi-ppc2][MOBILE][FIREFOX] ✅ [Mobile] Filled Phone: 803-612-4270
[fsi-ppc2][MOBILE][FIREFOX] 🔘 [Mobile] Clicking active contact NEXT/SUBMIT button...
[fsi-ppc2][MOBILE][FIREFOX] 📱 [Mobile] Injecting high-fidelity glossy Natural Titanium iPhone 17 Pro mockup frame...
[fsi-ppc2][MOBILE][FIREFOX] [STDERR] ⚠️ [Mobile] Failed to apply glossy iPhone 17 Pro mockup frame overlay: page.evaluate: can't access property "appendChild", document.body is null
@debugger eval code line 302 > eval:133:9
evaluate@debugger eval code:304:16
@debugger eval code:1:44

[fsi-ppc2][MOBILE][FIREFOX] 🔘 [Mobile] No active contact NEXT/SUBMIT button visible. Exiting loop.
🔘 [Mobile] Scanning for additional dynamic steps...
[fsi-ppc2][MOBILE][FIREFOX] 🔘 [Mobile] Submitting form
[fsi-ppc2][MOBILE][FIREFOX] ⏳ [Mobile] Waiting for submission navigation to complete
[fsi-ppc2][MOBILE][FIREFOX] ⏳ [Mobile] Waiting for final Thank You page redirection...
[fsi-ppc2][MOBILE][FIREFOX] ✅ [Mobile] Targeted final redirect URL achieved!
[fsi-ppc2][MOBILE][FIREFOX] ✅ [Mobile] Final Thank You URL: https://www.fresh-start-initiative.com/ty_next/?debt=5000&leadid=C1E6ECC5&reqid=26774757&affid=659&subid=#s1#
[fsi-ppc2][MOBILE][FIREFOX] ✅ [Mobile] Extracted Lead ID: C1E6ECC5
📱 Device Type detected: M-FIREFOX
[fsi-ppc2][MOBILE][FIREFOX] ✅ Lead captured: C1E6ECC5
[fsi-ppc2][MOBILE][FIREFOX] 📡 Fetching First API data for Lead ID: C1E6ECC5...
[fsi-ppc2][MOBILE][FIREFOX] 📡 Raw XML Response: {
  "lead_info_response": {
    "$": {
      "xmlns:xsd": "http://www.w3.org/2001/XMLSchema",
      "xmlns:xsi": "http://www.w3.org/2001/XMLSchema-instance",
      "xmlns": "http://cakemarketing.com/api/1/"
    },
    "success": "true",
    "row_count": "1",
    "lead_id": "C1E6ECC5",
    "personal_info": {
      "first_name": "CKMTESTPIXEL",
      "last_name": "CKMTESTPIXEL",
      "email_address": "ckmtestpixel@gmail.com",
      "address": {
        "street": "",
        "city": "",
        "state": "SC",
        "zip_code": "",
        "country": ""
      },
      "ip_address": "27.54.170.27",
      "phone_work": "",
      "phone_home": "803-612-4270",
      "phone_cell": "",
      "best_call_time": "",
      "opt_in": "true"
    },
    "traffic_info": {
      "lead_date": "2026-05-13T02:48:26.26",
      "payout": {
        "currency_id": "1",
        "amount": "0.0000",
        "formatted_amount": "$0.00"
      },
      "affiliate": {
        "affiliate_id": {
          "_": "659",
          "$": {
            "xmlns": "API:id_name_store"
          }
        },
        "affiliate_name": {
          "_": "QA affiliate",
          "$": {
            "xmlns": "API:id_name_store"
          }
        }
      },
      "campaign": {
        "campaign_id": {
          "_": "4069",
          "$": {
            "xmlns": "API:id_name_store"
          }
        },
        "campaign_name": {
          "_": "Fresh Start Initiative (PPC) - PPC NEW - CPA - $1.00",
          "$": {
            "xmlns": "API:id_name_store"
          }
        }
      },
      "creative_id": "143",
      "subid_1": "",
      "subid_2": "",
      "subid_3": "",
      "subid_4": "",
      "subid_5": "",
      "referrer": "",
      "pixel_fired": "true",
      "returned_to_affiliate": "false",
      "test": "true",
      "upsell": "false"
    },
    "all_vertical_data": {
      "data": {
        "$": {
          "xmlns": ""
        },
        "tax_debt": "5000",
        "universal_leadid": "414077BF-4AA7-BDE7-1C03-A23C23270C73",
        "affid": "659",
        "TCPA_checkbox": "checked",
        "reqid": "26774757",
        "cr_price": "3",
        "page": "fresh-start-initiative.comfresh-start-initiative.com/ppc2/index.php",
        "neustar": "under",
        "first_name_lower": "ckmtestpixel",
        "last_name_lower": "ckmtestpixel",
        "first_name_capital": "Ckmtestpixel",
        "last_name_capital": "Ckmtestpixel",
        "nodl_flag": "pass",
        "ckm_campaign_id": "4297"
      }
    },
    "dispositions": {
      "disposition": [
        {
          "disposition_type": "Not Paid For",
          "reason": "Unmatched Filter",
          "filter": "Min Tax Debt"
        },
        {
          "disposition_type": "Not Paid For",
          "reason": "Unmatched Filter",
          "filter": "Nuestar Fail"
        }
      ]
    },
    "pings": "",
    "posts": "",
    "sales": ""
  }
}
✅ First API Data retrieved on attempt 1
[fsi-ppc2][MOBILE][FIREFOX] 📡 Fetching Second API data for Lead ID: C1E6ECC5...
[fsi-ppc2][MOBILE][FIREFOX] 📡 Standard Second API Payload: cake_id=C1E6ECC5, domain_name=https://www.freshstartinitiative.com
[fsi-ppc2][MOBILE][FIREFOX] [STDERR] (node:24628) Warning: Setting the NODE_TLS_REJECT_UNAUTHORIZED environment variable to '0' makes TLS connections and HTTPS requests insecure by disabling certificate verification.
(Use `node --trace-warnings ...` to show where the warning was created)
[fsi-ppc2][MOBILE][FIREFOX] [STDERR] ❌ Second API Attempt 1 failed: Request failed with status code 404
[fsi-ppc2][MOBILE][FIREFOX] ⏳ Retrying in 3 seconds to allow database synchronization...
[fsi-ppc2][MOBILE][FIREFOX] 📡 Standard Second API Payload: cake_id=C1E6ECC5, domain_name=https://www.freshstartinitiative.com
[fsi-ppc2][MOBILE][FIREFOX] [STDERR] ❌ Second API Attempt 2 failed: Request failed with status code 404
[fsi-ppc2][MOBILE][FIREFOX] ⏳ Retrying in 3 seconds to allow database synchronization...
[fsi-ppc2][MOBILE][FIREFOX] 📡 Standard Second API Payload: cake_id=C1E6ECC5, domain_name=https://www.freshstartinitiative.com
[fsi-ppc2][MOBILE][FIREFOX] [STDERR] ❌ Second API Attempt 3 failed: Request failed with status code 404
[fsi-ppc2][MOBILE][FIREFOX] ⏳ Retrying in 3 seconds to allow database synchronization...
[fsi-ppc2][MOBILE][FIREFOX] 📡 Standard Second API Payload: cake_id=C1E6ECC5, domain_name=https://www.freshstartinitiative.com
[fsi-ppc2][MOBILE][FIREFOX] [STDERR] ❌ Second API Attempt 4 failed: Request failed with status code 404
[fsi-ppc2][MOBILE][FIREFOX] ⏳ Retrying in 3 seconds to allow database synchronization...
[fsi-ppc2][MOBILE][FIREFOX] 📡 Standard Second API Payload: cake_id=C1E6ECC5, domain_name=https://www.freshstartinitiative.com
[fsi-ppc2][MOBILE][FIREFOX] [STDERR] ❌ Second API Attempt 5 failed: Request failed with status code 404
[fsi-ppc2][MOBILE][FIREFOX] ✅ Row appended successfully to sheet: FSI-PPC2
[fsi-ppc2][MOBILE][FIREFOX] ✨ Professional formatting applied to FSI-PPC2
✅ Lead processed successfully for FSI-PPC2 Mobile
[fsi-ppc2][MOBILE][FIREFOX] 🎥 Video saved successfully: traces/videos/FSI-PPC2_FSI-PPC2_Mobile.webm
[fsi-ppc2][MOBILE][FIREFOX] 
✅ Execution successfully processed! { success: true, leadId: 'C1E6ECC5', brand: 'FSI-PPC2 Mobile' }
[fsi-ppc2][MOBILE][FIREFOX] [STDERR] ❌ Automation Run encountered a fatal exception: tracing.stop: Target page, context or browser has been closed
✅ [13/5/2026, 3:19:08 pm] COMPLETED: fsi-ppc2 [MOBILE][FIREFOX]

================================================================
⚡ Running Campaign Viewports on Browser Engine: WEBKIT - [FSI-PPC2]
================================================================

================================================================
🚀 [13/5/2026, 3:19:12 pm] RUNNING: FSI-PPC2 (DESKTOP) on WEBKIT
🔗 Target URL: https://fsimlf-trk.com/?a=659&oc=750&c=143&s1=
================================================================
[fsi-ppc2][DESKTOP][WEBKIT] 🔌 [Browser Interceptor] Intercepting and optimizing engine: WEBKIT
[fsi-ppc2][DESKTOP][WEBKIT] ◇ injected env (0) from .env // tip: ⌘ multiple files { path: ['.env.local', '.env'] }
[fsi-ppc2][DESKTOP][WEBKIT] ◇ injected env (0) from .env // tip: ⌘ enable debugging { debug: true }
[fsi-ppc2][DESKTOP][WEBKIT] ◇ injected env (0) from .env // tip: ⌘ override existing { override: true }
[fsi-ppc2][DESKTOP][WEBKIT] ◇ injected env (0) from .env // tip: ⌁ auth for agents [www.vestauth.com]
[fsi-ppc2][DESKTOP][WEBKIT] 
🤖 ================================================================
🤖 MASTER RUNNER: LAUNCHING FSI-PPC2
🤖 Mode:            DESKTOP
[fsi-ppc2][DESKTOP][WEBKIT] 🤖 Tracking URL:     https://fsimlf-trk.com/?a=659&oc=750&c=143&s1=
🤖 Target Sheet:    FSI-PPC2
🤖 ================================================================
[fsi-ppc2][DESKTOP][WEBKIT] 💻 Emulated Device Profile: DESKTOP
[fsi-ppc2][DESKTOP][WEBKIT] 🔄 Processing lead for brand: FSI-PPC2
[fsi-ppc2][DESKTOP][WEBKIT] 🔗 Navigating to: https://fsimlf-trk.com/?a=659&oc=750&c=143&s1=
[fsi-ppc2][DESKTOP][WEBKIT] ✅ Page loaded successfully
[fsi-ppc2][DESKTOP][WEBKIT] 📝 Starting multi-step form filling process...
[fsi-ppc2][DESKTOP][WEBKIT] 🔘 Step 1: Handling Debt Amount ($0-$9,999)
[fsi-ppc2][DESKTOP][WEBKIT] 🔘 Found select#tax_debt dropdown. Selecting option...
[fsi-ppc2][DESKTOP][WEBKIT] ✅ Selected option from select#tax_debt dropdown for amount: $0-$9,999
[fsi-ppc2][DESKTOP][WEBKIT] 🔘 Attempting to click .next-btn1, .btn-next
[fsi-ppc2][DESKTOP][WEBKIT] ✅ Clicked .next-btn1, .btn-next
[fsi-ppc2][DESKTOP][WEBKIT] ✅ Reached a recognized terminal step (State or Contact). Stopping dynamic traversal.
[fsi-ppc2][DESKTOP][WEBKIT] 🔘 Step: Selecting State
[fsi-ppc2][DESKTOP][WEBKIT] 📝 step3 column set to State: "South Carolina"
[fsi-ppc2][DESKTOP][WEBKIT] 🔘 Attempting to click .next-btn, .next-btn2, .btn-next
[fsi-ppc2][DESKTOP][WEBKIT] ✅ Clicked .next-btn, .next-btn2, .btn-next
[fsi-ppc2][DESKTOP][WEBKIT] 🔘 Filling Contact Info (Dynamic Loop)...
[fsi-ppc2][DESKTOP][WEBKIT] ✅ Filled First Name: ckmtestpixel
[fsi-ppc2][DESKTOP][WEBKIT] ✅ Filled Last Name: ckmtestpixel
[fsi-ppc2][DESKTOP][WEBKIT] ✅ Filled Email: ckmtestpixel@gmail.com
[fsi-ppc2][DESKTOP][WEBKIT] ✅ Filled Phone: 803-612-4270
[fsi-ppc2][DESKTOP][WEBKIT] 🔘 Clicking active contact NEXT/SUBMIT button...
[fsi-ppc2][DESKTOP][WEBKIT] ⏳ Waiting for loading spinner to disappear...
[fsi-ppc2][DESKTOP][WEBKIT] 🔘 No active contact NEXT/SUBMIT button visible. Exiting loop.
[fsi-ppc2][DESKTOP][WEBKIT] 🔘 Checking for additional submit/next buttons...
[fsi-ppc2][DESKTOP][WEBKIT] 🔘 Submitting form
[fsi-ppc2][DESKTOP][WEBKIT] [STDERR] ⚠️  Submit navigation timeout or error, waiting 5s for final URL
[fsi-ppc2][DESKTOP][WEBKIT] ⏳ Waiting for final redirect to Thank You page...
[fsi-ppc2][DESKTOP][WEBKIT] ✅ Targeted final redirect URL achieved!
[fsi-ppc2][DESKTOP][WEBKIT] ✅ Final Thank You URL: https://www.fresh-start-initiative.com/ty_next/?debt=5000&leadid=EEB57176&reqid=26774762&affid=659&subid=#s1#
[fsi-ppc2][DESKTOP][WEBKIT] ✅ Extracted Lead ID: EEB57176
[fsi-ppc2][DESKTOP][WEBKIT] 📱 Device Type detected: D-WEBKIT
✅ Lead captured: EEB57176
[fsi-ppc2][DESKTOP][WEBKIT] 📡 Fetching First API data for Lead ID: EEB57176...
[fsi-ppc2][DESKTOP][WEBKIT] 📡 Raw XML Response: {
  "lead_info_response": {
    "$": {
      "xmlns:xsd": "http://www.w3.org/2001/XMLSchema",
      "xmlns:xsi": "http://www.w3.org/2001/XMLSchema-instance",
      "xmlns": "http://cakemarketing.com/api/1/"
    },
    "success": "true",
    "row_count": "1",
    "lead_id": "EEB57176",
    "personal_info": {
      "first_name": "CKMTESTPIXEL",
      "last_name": "CKMTESTPIXEL",
      "email_address": "ckmtestpixel@gmail.com",
      "address": {
        "street": "",
        "city": "",
        "state": "SC",
        "zip_code": "",
        "country": ""
      },
      "ip_address": "27.54.170.27",
      "phone_work": "",
      "phone_home": "803-612-4270",
      "phone_cell": "",
      "best_call_time": "",
      "opt_in": "true"
    },
    "traffic_info": {
      "lead_date": "2026-05-13T02:49:34.32",
      "payout": {
        "currency_id": "1",
        "amount": "0.0000",
        "formatted_amount": "$0.00"
      },
      "affiliate": {
        "affiliate_id": {
          "_": "659",
          "$": {
            "xmlns": "API:id_name_store"
          }
        },
        "affiliate_name": {
          "_": "QA affiliate",
          "$": {
            "xmlns": "API:id_name_store"
          }
        }
      },
      "campaign": {
        "campaign_id": {
          "_": "4069",
          "$": {
            "xmlns": "API:id_name_store"
          }
        },
        "campaign_name": {
          "_": "Fresh Start Initiative (PPC) - PPC NEW - CPA - $1.00",
          "$": {
            "xmlns": "API:id_name_store"
          }
        }
      },
      "creative_id": "143",
      "subid_1": "",
      "subid_2": "",
      "subid_3": "",
      "subid_4": "",
      "subid_5": "",
      "referrer": "",
      "pixel_fired": "true",
      "returned_to_affiliate": "false",
      "test": "true",
      "upsell": "false"
    },
    "all_vertical_data": {
      "data": {
        "$": {
          "xmlns": ""
        },
        "tax_debt": "5000",
        "universal_leadid": "7443ADCF-DB88-A150-59E8-019A022D07AF",
        "affid": "659",
        "TCPA_checkbox": "checked",
        "reqid": "26774762",
        "cr_price": "3",
        "page": "fresh-start-initiative.comfresh-start-initiative.com/ppc2/index.php",
        "neustar": "under",
        "first_name_lower": "ckmtestpixel",
        "last_name_lower": "ckmtestpixel",
        "first_name_capital": "Ckmtestpixel",
        "last_name_capital": "Ckmtestpixel",
        "nodl_flag": "pass",
        "ckm_campaign_id": "4297"
      }
    },
    "dispositions": {
      "disposition": [
        {
          "disposition_type": "Not Paid For",
          "reason": "Unmatched Filter",
          "filter": "Min Tax Debt"
        },
        {
          "disposition_type": "Not Paid For",
          "reason": "Unmatched Filter",
          "filter": "Nuestar Fail"
        }
      ]
    },
    "pings": "",
    "posts": "",
    "sales": ""
  }
}
✅ First API Data retrieved on attempt 1
[fsi-ppc2][DESKTOP][WEBKIT] 📡 Fetching Second API data for Lead ID: EEB57176...
[fsi-ppc2][DESKTOP][WEBKIT] 📡 Standard Second API Payload: cake_id=EEB57176, domain_name=https://www.freshstartinitiative.com
[fsi-ppc2][DESKTOP][WEBKIT] [STDERR] (node:13528) Warning: Setting the NODE_TLS_REJECT_UNAUTHORIZED environment variable to '0' makes TLS connections and HTTPS requests insecure by disabling certificate verification.
(Use `node --trace-warnings ...` to show where the warning was created)
[fsi-ppc2][DESKTOP][WEBKIT] [STDERR] ❌ Second API Attempt 1 failed: Request failed with status code 404
[fsi-ppc2][DESKTOP][WEBKIT] ⏳ Retrying in 3 seconds to allow database synchronization...
[fsi-ppc2][DESKTOP][WEBKIT] 📡 Standard Second API Payload: cake_id=EEB57176, domain_name=https://www.freshstartinitiative.com
[fsi-ppc2][DESKTOP][WEBKIT] [STDERR] ❌ Second API Attempt 2 failed: Request failed with status code 404
[fsi-ppc2][DESKTOP][WEBKIT] ⏳ Retrying in 3 seconds to allow database synchronization...
[fsi-ppc2][DESKTOP][WEBKIT] 📡 Standard Second API Payload: cake_id=EEB57176, domain_name=https://www.freshstartinitiative.com
[fsi-ppc2][DESKTOP][WEBKIT] [STDERR] ❌ Second API Attempt 3 failed: Request failed with status code 404
[fsi-ppc2][DESKTOP][WEBKIT] ⏳ Retrying in 3 seconds to allow database synchronization...
[fsi-ppc2][DESKTOP][WEBKIT] 📡 Standard Second API Payload: cake_id=EEB57176, domain_name=https://www.freshstartinitiative.com
[fsi-ppc2][DESKTOP][WEBKIT] [STDERR] ❌ Second API Attempt 4 failed: Request failed with status code 404
[fsi-ppc2][DESKTOP][WEBKIT] ⏳ Retrying in 3 seconds to allow database synchronization...
[fsi-ppc2][DESKTOP][WEBKIT] 📡 Standard Second API Payload: cake_id=EEB57176, domain_name=https://www.freshstartinitiative.com
[fsi-ppc2][DESKTOP][WEBKIT] [STDERR] ❌ Second API Attempt 5 failed: Request failed with status code 404
[fsi-ppc2][DESKTOP][WEBKIT] ✅ Row appended successfully to sheet: FSI-PPC2
[fsi-ppc2][DESKTOP][WEBKIT] ✨ Professional formatting applied to FSI-PPC2
✅ Lead processed successfully for FSI-PPC2
[fsi-ppc2][DESKTOP][WEBKIT] 🎥 Video saved successfully: traces/videos/FSI-PPC2_FSI-PPC2.webm
[fsi-ppc2][DESKTOP][WEBKIT] 
✅ Execution successfully processed! { success: true, leadId: 'EEB57176', brand: 'FSI-PPC2' }
[fsi-ppc2][DESKTOP][WEBKIT] [STDERR] ❌ Automation Run encountered a fatal exception: tracing.stop: Target page, context or browser has been closed
✅ [13/5/2026, 3:20:04 pm] COMPLETED: fsi-ppc2 [DESKTOP][WEBKIT]

================================================================
🚀 [13/5/2026, 3:20:06 pm] RUNNING: FSI-PPC2 (TABLET) on WEBKIT
🔗 Target URL: https://fsimlf-trk.com/?a=659&oc=750&c=143&s1=
================================================================
[fsi-ppc2][TABLET][WEBKIT] 🔌 [Browser Interceptor] Intercepting and optimizing engine: WEBKIT
[fsi-ppc2][TABLET][WEBKIT] ◇ injected env (0) from .env // tip: ⌘ suppress logs { quiet: true }
[fsi-ppc2][TABLET][WEBKIT] ◇ injected env (0) from .env // tip: ⌁ auth for agents [www.vestauth.com]
[fsi-ppc2][TABLET][WEBKIT] ◇ injected env (0) from .env // tip: ⌘ custom filepath { path: '/custom/path/.env' }
[fsi-ppc2][TABLET][WEBKIT] ◇ injected env (0) from .env // tip: ⌘ multiple files { path: ['.env.local', '.env'] }
[fsi-ppc2][TABLET][WEBKIT] 
🤖 ================================================================
[fsi-ppc2][TABLET][WEBKIT] 🤖 MASTER RUNNER: LAUNCHING FSI-PPC2
🤖 Mode:            TABLET
[fsi-ppc2][TABLET][WEBKIT] 🤖 Tracking URL:     https://fsimlf-trk.com/?a=659&oc=750&c=143&s1=
[fsi-ppc2][TABLET][WEBKIT] 🤖 Target Sheet:    FSI-PPC2
🤖 ================================================================
[fsi-ppc2][TABLET][WEBKIT] 📋 Emulated Device Profile: TABLET (iPad Pro 11)
[fsi-ppc2][TABLET][WEBKIT] ⏳ Delaying 2 seconds to allow responsive layouts to mount...
[fsi-ppc2][TABLET][WEBKIT] 🔄 Processing lead for brand: FSI-PPC2 Tablet
[fsi-ppc2][TABLET][WEBKIT] 🔗 [Mobile] Navigating to: https://fsimlf-trk.com/?a=659&oc=750&c=143&s1=
[fsi-ppc2][TABLET][WEBKIT] ✅ [Mobile] Page loaded successfully
[fsi-ppc2][TABLET][WEBKIT] 💻 [Tablet] Injecting high-fidelity glossy iPad Pro mockup frame...
[fsi-ppc2][TABLET][WEBKIT] 💻 [Tablet] Injecting high-fidelity glossy iPad Pro mockup frame...
[fsi-ppc2][TABLET][WEBKIT] 📝 [Mobile] Starting mobile-specific form filling...
[fsi-ppc2][TABLET][WEBKIT] 🔘 [Mobile] Step 1: Selecting Debt Amount ($0-$9,999)
[fsi-ppc2][TABLET][WEBKIT] 🔘 [Mobile] Found select#tax_debt dropdown. Selecting option...
[fsi-ppc2][TABLET][WEBKIT] ✅ [Mobile] Selected option from select#tax_debt dropdown for amount: $0-$9,999
[fsi-ppc2][TABLET][WEBKIT] 🔘 [Mobile] Clicking active visible button: .next-btn1:visible, .btn-next:visible
[fsi-ppc2][TABLET][WEBKIT] ✅ [Mobile] Clicked: .next-btn1:visible, .btn-next:visible
[fsi-ppc2][TABLET][WEBKIT] 💻 [Tablet] Injecting high-fidelity glossy iPad Pro mockup frame...
[fsi-ppc2][TABLET][WEBKIT] ✅ [Mobile] Reached a recognized terminal step (State or Contact). Stopping dynamic traversal.
[fsi-ppc2][TABLET][WEBKIT] 🔘 [Mobile] Step 2: Selecting State
[fsi-ppc2][TABLET][WEBKIT] 📝 [Mobile] step3 column set to State: "South Carolina"
[fsi-ppc2][TABLET][WEBKIT] 🔘 [Mobile] Clicking active visible button: .next-btn:visible, .next-btn2:visible, .btn-next:visible
[fsi-ppc2][TABLET][WEBKIT] ✅ [Mobile] Clicked: .next-btn:visible, .next-btn2:visible, .btn-next:visible
[fsi-ppc2][TABLET][WEBKIT] 💻 [Tablet] Injecting high-fidelity glossy iPad Pro mockup frame...
[fsi-ppc2][TABLET][WEBKIT] 🔘 [Mobile] Step 3: Filling Contact Info (Dynamic Loop)...
[fsi-ppc2][TABLET][WEBKIT] 💻 [Tablet] Injecting high-fidelity glossy iPad Pro mockup frame...
[fsi-ppc2][TABLET][WEBKIT] ✅ [Mobile] Filled First Name: ckmtestpixel
[fsi-ppc2][TABLET][WEBKIT] ✅ [Mobile] Filled Last Name: ckmtestpixel
[fsi-ppc2][TABLET][WEBKIT] ✅ [Mobile] Filled Email: ckmtestpixel@gmail.com
[fsi-ppc2][TABLET][WEBKIT] ✅ [Mobile] Filled Phone: 803-612-4270
[fsi-ppc2][TABLET][WEBKIT] 🔘 [Mobile] Clicking active contact NEXT/SUBMIT button...
[fsi-ppc2][TABLET][WEBKIT] ⏳ [Mobile] Loading spinner active, waiting for overlay to clear...
[fsi-ppc2][TABLET][WEBKIT] 💻 [Tablet] Injecting high-fidelity glossy iPad Pro mockup frame...
[fsi-ppc2][TABLET][WEBKIT] [STDERR] ⚠️ [Tablet] Failed to apply glossy iPad Pro mockup frame overlay: page.evaluate: TypeError: null is not an object (evaluating 'document.body.appendChild')
[fsi-ppc2][TABLET][WEBKIT] 🔘 [Mobile] No active contact NEXT/SUBMIT button visible. Exiting loop.
🔘 [Mobile] Scanning for additional dynamic steps...
[fsi-ppc2][TABLET][WEBKIT] 🔘 [Mobile] Submitting form
[fsi-ppc2][TABLET][WEBKIT] ⏳ [Mobile] Waiting for submission navigation to complete
[fsi-ppc2][TABLET][WEBKIT] ⏳ [Mobile] Waiting for final Thank You page redirection...
[fsi-ppc2][TABLET][WEBKIT] ✅ [Mobile] Targeted final redirect URL achieved!
[fsi-ppc2][TABLET][WEBKIT] ✅ [Mobile] Final Thank You URL: https://www.fresh-start-initiative.com/ty_next/?debt=5000&leadid=504CF62D&reqid=26774765&affid=659&subid=#s1#
[fsi-ppc2][TABLET][WEBKIT] ✅ [Mobile] Extracted Lead ID: 504CF62D
[fsi-ppc2][TABLET][WEBKIT] 📱 Device Type detected: T-WEBKIT
✅ Lead captured: 504CF62D
[fsi-ppc2][TABLET][WEBKIT] 📡 Fetching First API data for Lead ID: 504CF62D...
[fsi-ppc2][TABLET][WEBKIT] 📡 Raw XML Response: {
  "lead_info_response": {
    "$": {
      "xmlns:xsd": "http://www.w3.org/2001/XMLSchema",
      "xmlns:xsi": "http://www.w3.org/2001/XMLSchema-instance",
      "xmlns": "http://cakemarketing.com/api/1/"
    },
    "success": "true",
    "row_count": "1",
    "lead_id": "504CF62D",
    "personal_info": {
      "first_name": "CKMTESTPIXEL",
      "last_name": "CKMTESTPIXEL",
      "email_address": "ckmtestpixel@gmail.com",
      "address": {
        "street": "",
        "city": "",
        "state": "SC",
        "zip_code": "",
        "country": ""
      },
      "ip_address": "27.54.170.27",
      "phone_work": "",
      "phone_home": "803-612-4270",
      "phone_cell": "",
      "best_call_time": "",
      "opt_in": "true"
    },
    "traffic_info": {
      "lead_date": "2026-05-13T02:50:25.313",
      "payout": {
        "currency_id": "1",
        "amount": "0.0000",
        "formatted_amount": "$0.00"
      },
      "affiliate": {
        "affiliate_id": {
          "_": "659",
          "$": {
            "xmlns": "API:id_name_store"
          }
        },
        "affiliate_name": {
          "_": "QA affiliate",
          "$": {
            "xmlns": "API:id_name_store"
          }
        }
      },
      "campaign": {
        "campaign_id": {
          "_": "4069",
          "$": {
            "xmlns": "API:id_name_store"
          }
        },
        "campaign_name": {
          "_": "Fresh Start Initiative (PPC) - PPC NEW - CPA - $1.00",
          "$": {
            "xmlns": "API:id_name_store"
          }
        }
      },
      "creative_id": "143",
      "subid_1": "",
      "subid_2": "",
      "subid_3": "",
      "subid_4": "",
      "subid_5": "",
      "referrer": "",
      "pixel_fired": "true",
      "returned_to_affiliate": "false",
      "test": "true",
      "upsell": "false"
    },
    "all_vertical_data": {
      "data": {
        "$": {
          "xmlns": ""
        },
        "tax_debt": "5000",
        "universal_leadid": "BEB17F29-D2B6-EE4F-6D0E-DDFA946F7976",
        "affid": "659",
        "TCPA_checkbox": "checked",
        "reqid": "26774765",
        "cr_price": "3",
        "page": "fresh-start-initiative.comfresh-start-initiative.com/ppc2/index.php",
        "neustar": "under",
        "first_name_lower": "ckmtestpixel",
        "last_name_lower": "ckmtestpixel",
        "first_name_capital": "Ckmtestpixel",
        "last_name_capital": "Ckmtestpixel",
        "nodl_flag": "pass",
        "ckm_campaign_id": "4297"
      }
    },
    "dispositions": {
      "disposition": [
        {
          "disposition_type": "Not Paid For",
          "reason": "Unmatched Filter",
          "filter": "Min Tax Debt"
        },
        {
          "disposition_type": "Not Paid For",
          "reason": "Unmatched Filter",
          "filter": "Nuestar Fail"
        }
      ]
    },
    "pings": "",
    "posts": "",
    "sales": ""
  }
}
[fsi-ppc2][TABLET][WEBKIT] ✅ First API Data retrieved on attempt 1
[fsi-ppc2][TABLET][WEBKIT] 📡 Fetching Second API data for Lead ID: 504CF62D...
[fsi-ppc2][TABLET][WEBKIT] 📡 Standard Second API Payload: cake_id=504CF62D, domain_name=https://www.freshstartinitiative.com
[fsi-ppc2][TABLET][WEBKIT] [STDERR] (node:3600) Warning: Setting the NODE_TLS_REJECT_UNAUTHORIZED environment variable to '0' makes TLS connections and HTTPS requests insecure by disabling certificate verification.
(Use `node --trace-warnings ...` to show where the warning was created)
[fsi-ppc2][TABLET][WEBKIT] [STDERR] ❌ Second API Attempt 1 failed: Request failed with status code 404
[fsi-ppc2][TABLET][WEBKIT] ⏳ Retrying in 3 seconds to allow database synchronization...
[fsi-ppc2][TABLET][WEBKIT] 📡 Standard Second API Payload: cake_id=504CF62D, domain_name=https://www.freshstartinitiative.com
[fsi-ppc2][TABLET][WEBKIT] [STDERR] ❌ Second API Attempt 2 failed: Request failed with status code 404
[fsi-ppc2][TABLET][WEBKIT] ⏳ Retrying in 3 seconds to allow database synchronization...
[fsi-ppc2][TABLET][WEBKIT] 📡 Standard Second API Payload: cake_id=504CF62D, domain_name=https://www.freshstartinitiative.com
[fsi-ppc2][TABLET][WEBKIT] [STDERR] ❌ Second API Attempt 3 failed: Request failed with status code 404
[fsi-ppc2][TABLET][WEBKIT] ⏳ Retrying in 3 seconds to allow database synchronization...
[fsi-ppc2][TABLET][WEBKIT] 📡 Standard Second API Payload: cake_id=504CF62D, domain_name=https://www.freshstartinitiative.com
[fsi-ppc2][TABLET][WEBKIT] [STDERR] ❌ Second API Attempt 4 failed: Request failed with status code 404
[fsi-ppc2][TABLET][WEBKIT] ⏳ Retrying in 3 seconds to allow database synchronization...
[fsi-ppc2][TABLET][WEBKIT] 📡 Standard Second API Payload: cake_id=504CF62D, domain_name=https://www.freshstartinitiative.com
[fsi-ppc2][TABLET][WEBKIT] [STDERR] ❌ Second API Attempt 5 failed: Request failed with status code 404
[fsi-ppc2][TABLET][WEBKIT] ✅ Row appended successfully to sheet: FSI-PPC2
[fsi-ppc2][TABLET][WEBKIT] ✨ Professional formatting applied to FSI-PPC2
✅ Lead processed successfully for FSI-PPC2 Tablet
[fsi-ppc2][TABLET][WEBKIT] 🎥 Video saved successfully: traces/videos/FSI-PPC2_FSI-PPC2_Tablet.webm
[fsi-ppc2][TABLET][WEBKIT] 
✅ Execution successfully processed! { success: true, leadId: '504CF62D', brand: 'FSI-PPC2 Tablet' }
[fsi-ppc2][TABLET][WEBKIT] [STDERR] ❌ Automation Run encountered a fatal exception: tracing.stop: Target page, context or browser has been closed
✅ [13/5/2026, 3:21:14 pm] COMPLETED: fsi-ppc2 [TABLET][WEBKIT]

================================================================
🚀 [13/5/2026, 3:21:16 pm] RUNNING: FSI-PPC2 (MOBILE) on WEBKIT
🔗 Target URL: https://fsimlf-trk.com/?a=659&oc=750&c=143&s1=
================================================================
[fsi-ppc2][MOBILE][WEBKIT] 🔌 [Browser Interceptor] Intercepting and optimizing engine: WEBKIT
[fsi-ppc2][MOBILE][WEBKIT] ◇ injected env (0) from .env // tip: ◈ secrets for agents [www.dotenvx.com]
[fsi-ppc2][MOBILE][WEBKIT] ◇ injected env (0) from .env // tip: ⌁ auth for agents [www.vestauth.com]
[fsi-ppc2][MOBILE][WEBKIT] ◇ injected env (0) from .env // tip: ⌘ enable debugging { debug: true }
[fsi-ppc2][MOBILE][WEBKIT] ◇ injected env (0) from .env // tip: ⌘ multiple files { path: ['.env.local', '.env'] }
[fsi-ppc2][MOBILE][WEBKIT] 
🤖 ================================================================
[fsi-ppc2][MOBILE][WEBKIT] 🤖 MASTER RUNNER: LAUNCHING FSI-PPC2
🤖 Mode:            MOBILE
🤖 Tracking URL:     https://fsimlf-trk.com/?a=659&oc=750&c=143&s1=
[fsi-ppc2][MOBILE][WEBKIT] 🤖 Target Sheet:    FSI-PPC2
[fsi-ppc2][MOBILE][WEBKIT] 🤖 ================================================================
[fsi-ppc2][MOBILE][WEBKIT] 📱 Emulated Device Profile: MOBILE (iPhone 17 Pro)
[fsi-ppc2][MOBILE][WEBKIT] ⏳ Delaying 2 seconds to allow responsive layouts to mount...
[fsi-ppc2][MOBILE][WEBKIT] 🔄 Processing lead for brand: FSI-PPC2 Mobile
[fsi-ppc2][MOBILE][WEBKIT] 🔗 [Mobile] Navigating to: https://fsimlf-trk.com/?a=659&oc=750&c=143&s1=
[fsi-ppc2][MOBILE][WEBKIT] ✅ [Mobile] Page loaded successfully
[fsi-ppc2][MOBILE][WEBKIT] 📱 [Mobile] Injecting high-fidelity glossy Natural Titanium iPhone 17 Pro mockup frame...
[fsi-ppc2][MOBILE][WEBKIT] 📱 [Mobile] Injecting high-fidelity glossy Natural Titanium iPhone 17 Pro mockup frame...
[fsi-ppc2][MOBILE][WEBKIT] 📝 [Mobile] Starting mobile-specific form filling...
[fsi-ppc2][MOBILE][WEBKIT] 🔘 [Mobile] Step 1: Selecting Debt Amount ($0-$9,999)
[fsi-ppc2][MOBILE][WEBKIT] 🔘 [Mobile] Found select#tax_debt dropdown. Selecting option...
[fsi-ppc2][MOBILE][WEBKIT] ✅ [Mobile] Selected option from select#tax_debt dropdown for amount: $0-$9,999
[fsi-ppc2][MOBILE][WEBKIT] 🔘 [Mobile] Clicking active visible button: .next-btn1:visible, .btn-next:visible
[fsi-ppc2][MOBILE][WEBKIT] ✅ [Mobile] Clicked: .next-btn1:visible, .btn-next:visible
[fsi-ppc2][MOBILE][WEBKIT] 📱 [Mobile] Injecting high-fidelity glossy Natural Titanium iPhone 17 Pro mockup frame...
[fsi-ppc2][MOBILE][WEBKIT] ✅ [Mobile] Reached a recognized terminal step (State or Contact). Stopping dynamic traversal.
[fsi-ppc2][MOBILE][WEBKIT] 🔘 [Mobile] Step 2: Selecting State
[fsi-ppc2][MOBILE][WEBKIT] 📝 [Mobile] step3 column set to State: "South Carolina"
[fsi-ppc2][MOBILE][WEBKIT] 🔘 [Mobile] Clicking active visible button: .next-btn:visible, .next-btn2:visible, .btn-next:visible
[fsi-ppc2][MOBILE][WEBKIT] ✅ [Mobile] Clicked: .next-btn:visible, .next-btn2:visible, .btn-next:visible
[fsi-ppc2][MOBILE][WEBKIT] 📱 [Mobile] Injecting high-fidelity glossy Natural Titanium iPhone 17 Pro mockup frame...
[fsi-ppc2][MOBILE][WEBKIT] 🔘 [Mobile] Step 3: Filling Contact Info (Dynamic Loop)...
[fsi-ppc2][MOBILE][WEBKIT] 📱 [Mobile] Injecting high-fidelity glossy Natural Titanium iPhone 17 Pro mockup frame...
[fsi-ppc2][MOBILE][WEBKIT] ✅ [Mobile] Filled First Name: ckmtestpixel
[fsi-ppc2][MOBILE][WEBKIT] ✅ [Mobile] Filled Last Name: ckmtestpixel
[fsi-ppc2][MOBILE][WEBKIT] ✅ [Mobile] Filled Email: ckmtestpixel@gmail.com
[fsi-ppc2][MOBILE][WEBKIT] ✅ [Mobile] Filled Phone: 803-612-4270
[fsi-ppc2][MOBILE][WEBKIT] 🔘 [Mobile] Clicking active contact NEXT/SUBMIT button...
[fsi-ppc2][MOBILE][WEBKIT] ⏳ [Mobile] Loading spinner active, waiting for overlay to clear...
[fsi-ppc2][MOBILE][WEBKIT] 📱 [Mobile] Injecting high-fidelity glossy Natural Titanium iPhone 17 Pro mockup frame...
[fsi-ppc2][MOBILE][WEBKIT] [STDERR] ⚠️ [Mobile] Failed to apply glossy iPhone 17 Pro mockup frame overlay: page.evaluate: TypeError: null is not an object (evaluating 'document.body.appendChild')
[fsi-ppc2][MOBILE][WEBKIT] 🔘 [Mobile] No active contact NEXT/SUBMIT button visible. Exiting loop.
[fsi-ppc2][MOBILE][WEBKIT] 🔘 [Mobile] Scanning for additional dynamic steps...
[fsi-ppc2][MOBILE][WEBKIT] 🔘 [Mobile] Submitting form
[fsi-ppc2][MOBILE][WEBKIT] ⏳ [Mobile] Waiting for submission navigation to complete
[fsi-ppc2][MOBILE][WEBKIT] ⏳ [Mobile] Waiting for final Thank You page redirection...
[fsi-ppc2][MOBILE][WEBKIT] ✅ [Mobile] Targeted final redirect URL achieved!
[fsi-ppc2][MOBILE][WEBKIT] ✅ [Mobile] Final Thank You URL: https://www.fresh-start-initiative.com/ty_next/?debt=5000&leadid=AFE44F78&reqid=26774767&affid=659&subid=#s1#
[fsi-ppc2][MOBILE][WEBKIT] ✅ [Mobile] Extracted Lead ID: AFE44F78
📱 Device Type detected: M-WEBKIT
[fsi-ppc2][MOBILE][WEBKIT] ✅ Lead captured: AFE44F78
[fsi-ppc2][MOBILE][WEBKIT] 📡 Fetching First API data for Lead ID: AFE44F78...
[fsi-ppc2][MOBILE][WEBKIT] 📡 Raw XML Response: {
  "lead_info_response": {
    "$": {
      "xmlns:xsd": "http://www.w3.org/2001/XMLSchema",
      "xmlns:xsi": "http://www.w3.org/2001/XMLSchema-instance",
      "xmlns": "http://cakemarketing.com/api/1/"
    },
    "success": "true",
    "row_count": "1",
    "lead_id": "AFE44F78",
    "personal_info": {
      "first_name": "CKMTESTPIXEL",
      "last_name": "CKMTESTPIXEL",
      "email_address": "ckmtestpixel@gmail.com",
      "address": {
        "street": "",
        "city": "",
        "state": "SC",
        "zip_code": "",
        "country": ""
      },
      "ip_address": "27.54.170.27",
      "phone_work": "",
      "phone_home": "803-612-4270",
      "phone_cell": "",
      "best_call_time": "",
      "opt_in": "true"
    },
    "traffic_info": {
      "lead_date": "2026-05-13T02:51:37.077",
      "payout": {
        "currency_id": "1",
        "amount": "0.0000",
        "formatted_amount": "$0.00"
      },
      "affiliate": {
        "affiliate_id": {
          "_": "659",
          "$": {
            "xmlns": "API:id_name_store"
          }
        },
        "affiliate_name": {
          "_": "QA affiliate",
          "$": {
            "xmlns": "API:id_name_store"
          }
        }
      },
      "campaign": {
        "campaign_id": {
          "_": "4069",
          "$": {
            "xmlns": "API:id_name_store"
          }
        },
        "campaign_name": {
          "_": "Fresh Start Initiative (PPC) - PPC NEW - CPA - $1.00",
          "$": {
            "xmlns": "API:id_name_store"
          }
        }
      },
      "creative_id": "143",
      "subid_1": "",
      "subid_2": "",
      "subid_3": "",
      "subid_4": "",
      "subid_5": "",
      "referrer": "",
      "pixel_fired": "true",
      "returned_to_affiliate": "false",
      "test": "true",
      "upsell": "false"
    },
    "all_vertical_data": {
      "data": {
        "$": {
          "xmlns": ""
        },
        "tax_debt": "5000",
        "universal_leadid": "80EE135C-711A-8A74-9990-596C4C9B5FC9",
        "affid": "659",
        "TCPA_checkbox": "checked",
        "reqid": "26774767",
        "cr_price": "3",
        "page": "fresh-start-initiative.comfresh-start-initiative.com/ppc2/index.php",
        "neustar": "under",
        "first_name_lower": "ckmtestpixel",
        "last_name_lower": "ckmtestpixel",
        "first_name_capital": "Ckmtestpixel",
        "last_name_capital": "Ckmtestpixel",
        "nodl_flag": "pass",
        "ckm_campaign_id": "4297"
      }
    },
    "dispositions": {
      "disposition": [
        {
          "disposition_type": "Not Paid For",
          "reason": "Unmatched Filter",
          "filter": "Min Tax Debt"
        },
        {
          "disposition_type": "Not Paid For",
          "reason": "Unmatched Filter",
          "filter": "Nuestar Fail"
        }
      ]
    },
    "pings": "",
    "posts": "",
    "sales": ""
  }
}
[fsi-ppc2][MOBILE][WEBKIT] ✅ First API Data retrieved on attempt 1
[fsi-ppc2][MOBILE][WEBKIT] 📡 Fetching Second API data for Lead ID: AFE44F78...
[fsi-ppc2][MOBILE][WEBKIT] 📡 Standard Second API Payload: cake_id=AFE44F78, domain_name=https://www.freshstartinitiative.com
[fsi-ppc2][MOBILE][WEBKIT] [STDERR] (node:1368) Warning: Setting the NODE_TLS_REJECT_UNAUTHORIZED environment variable to '0' makes TLS connections and HTTPS requests insecure by disabling certificate verification.
(Use `node --trace-warnings ...` to show where the warning was created)
[fsi-ppc2][MOBILE][WEBKIT] [STDERR] ❌ Second API Attempt 1 failed: Request failed with status code 404
[fsi-ppc2][MOBILE][WEBKIT] ⏳ Retrying in 3 seconds to allow database synchronization...
[fsi-ppc2][MOBILE][WEBKIT] 📡 Standard Second API Payload: cake_id=AFE44F78, domain_name=https://www.freshstartinitiative.com
[fsi-ppc2][MOBILE][WEBKIT] [STDERR] ❌ Second API Attempt 2 failed: Request failed with status code 404
[fsi-ppc2][MOBILE][WEBKIT] ⏳ Retrying in 3 seconds to allow database synchronization...
[fsi-ppc2][MOBILE][WEBKIT] 📡 Standard Second API Payload: cake_id=AFE44F78, domain_name=https://www.freshstartinitiative.com
[fsi-ppc2][MOBILE][WEBKIT] [STDERR] ❌ Second API Attempt 3 failed: Request failed with status code 404
[fsi-ppc2][MOBILE][WEBKIT] ⏳ Retrying in 3 seconds to allow database synchronization...
[fsi-ppc2][MOBILE][WEBKIT] 📡 Standard Second API Payload: cake_id=AFE44F78, domain_name=https://www.freshstartinitiative.com
[fsi-ppc2][MOBILE][WEBKIT] [STDERR] ❌ Second API Attempt 4 failed: Request failed with status code 404
[fsi-ppc2][MOBILE][WEBKIT] ⏳ Retrying in 3 seconds to allow database synchronization...
[fsi-ppc2][MOBILE][WEBKIT] 📡 Standard Second API Payload: cake_id=AFE44F78, domain_name=https://www.freshstartinitiative.com
[fsi-ppc2][MOBILE][WEBKIT] [STDERR] ❌ Second API Attempt 5 failed: Request failed with status code 404
[fsi-ppc2][MOBILE][WEBKIT] ✅ Row appended successfully to sheet: FSI-PPC2
[fsi-ppc2][MOBILE][WEBKIT] ✨ Professional formatting applied to FSI-PPC2
[fsi-ppc2][MOBILE][WEBKIT] ✅ Lead processed successfully for FSI-PPC2 Mobile
[fsi-ppc2][MOBILE][WEBKIT] 🎥 Video saved successfully: traces/videos/FSI-PPC2_FSI-PPC2_Mobile.webm
[fsi-ppc2][MOBILE][WEBKIT] 
✅ Execution successfully processed! { success: true, leadId: 'AFE44F78', brand: 'FSI-PPC2 Mobile' }
[fsi-ppc2][MOBILE][WEBKIT] [STDERR] ❌ Automation Run encountered a fatal exception: tracing.stop: Target page, context or browser has been closed
✅ [13/5/2026, 3:22:24 pm] COMPLETED: fsi-ppc2 [MOBILE][WEBKIT]

================================================================
⚡ Running Campaign Viewports on Browser Engine: CHROMIUM - [TRA-CPL]
================================================================

================================================================
🚀 [13/5/2026, 3:22:31 pm] RUNNING: TRA-CPL (DESKTOP) on CHROMIUM
🔗 Target URL: https://flmtra.com/?a=659&oc=756&c=2210&s1=
================================================================
[tra-cpl][DESKTOP][CHROMIUM] 🔌 [Browser Interceptor] Intercepting and optimizing engine: CHROMIUM
[tra-cpl][DESKTOP][CHROMIUM] ◇ injected env (0) from .env // tip: ⌁ auth for agents [www.vestauth.com]
[tra-cpl][DESKTOP][CHROMIUM] ◇ injected env (0) from .env // tip: ⌘ multiple files { path: ['.env.local', '.env'] }
[tra-cpl][DESKTOP][CHROMIUM] ◇ injected env (0) from .env // tip: ⌘ suppress logs { quiet: true }
[tra-cpl][DESKTOP][CHROMIUM] ◇ injected env (0) from .env // tip: ⌘ enable debugging { debug: true }
[tra-cpl][DESKTOP][CHROMIUM] 
🤖 ================================================================
[tra-cpl][DESKTOP][CHROMIUM] 🤖 MASTER RUNNER: LAUNCHING TRA-CPL
🤖 Mode:            DESKTOP
[tra-cpl][DESKTOP][CHROMIUM] 🤖 Tracking URL:     https://flmtra.com/?a=659&oc=756&c=2210&s1=
[tra-cpl][DESKTOP][CHROMIUM] 🤖 Target Sheet:    TRA-CPL
[tra-cpl][DESKTOP][CHROMIUM] 🤖 ================================================================
[tra-cpl][DESKTOP][CHROMIUM] 💻 Emulated Device Profile: DESKTOP
[tra-cpl][DESKTOP][CHROMIUM] 🔄 Processing lead for brand: TRA-CPL
[tra-cpl][DESKTOP][CHROMIUM] 🔗 Navigating to: https://flmtra.com/?a=659&oc=756&c=2210&s1=
[tra-cpl][DESKTOP][CHROMIUM] ✅ Page loaded successfully
[tra-cpl][DESKTOP][CHROMIUM] 📝 Starting multi-step form filling process...
[tra-cpl][DESKTOP][CHROMIUM] 🔘 Step 1: Handling Debt Amount (30,000)
[tra-cpl][DESKTOP][CHROMIUM] 🔘 Attempting to click .next-btn1, .btn-next
[tra-cpl][DESKTOP][CHROMIUM] ✅ Clicked .next-btn1, .btn-next
[tra-cpl][DESKTOP][CHROMIUM] ✅ Reached a recognized terminal step (State or Contact). Stopping dynamic traversal.
[tra-cpl][DESKTOP][CHROMIUM] 🔘 Step: Selecting State
[tra-cpl][DESKTOP][CHROMIUM] 📝 step3 column set to State: "IN"
[tra-cpl][DESKTOP][CHROMIUM] 🔘 Clicking generic NEXT button
[tra-cpl][DESKTOP][CHROMIUM] ✅ Clicked generic NEXT button
[tra-cpl][DESKTOP][CHROMIUM] 🔘 Advancing past post-state step...
[tra-cpl][DESKTOP][CHROMIUM] 🔘 Filling Contact Info (Dynamic Loop)...
[tra-cpl][DESKTOP][CHROMIUM] ✅ Filled First Name: ckmtestpixel
[tra-cpl][DESKTOP][CHROMIUM] ✅ Filled Last Name: ckmtestpixel
[tra-cpl][DESKTOP][CHROMIUM] 🔘 Clicking active contact NEXT/SUBMIT button...
[tra-cpl][DESKTOP][CHROMIUM] ✅ Filled Email: ckmtestpixel@gmail.com
[tra-cpl][DESKTOP][CHROMIUM] 🔘 Clicking active contact NEXT/SUBMIT button...
[tra-cpl][DESKTOP][CHROMIUM] ✅ Filled Phone: 9763546781
[tra-cpl][DESKTOP][CHROMIUM] 🔘 Clicking active contact NEXT/SUBMIT button...
[tra-cpl][DESKTOP][CHROMIUM] 🔘 No active contact NEXT/SUBMIT button visible. Exiting loop.
[tra-cpl][DESKTOP][CHROMIUM] 🔘 Checking for additional submit/next buttons...
[tra-cpl][DESKTOP][CHROMIUM] 🔘 Submitting form
[tra-cpl][DESKTOP][CHROMIUM] [STDERR] ⚠️  Submit navigation timeout or error, waiting 5s for final URL
[tra-cpl][DESKTOP][CHROMIUM] ⏳ Waiting for final redirect to Thank You page...
[tra-cpl][DESKTOP][CHROMIUM] ✅ Targeted final redirect URL achieved!
[tra-cpl][DESKTOP][CHROMIUM] ✅ Final Thank You URL: https://tra.com/thank-you?debt=10000&leadid=9B604A6D&reqid=26774769&affid=659&oid=133
[tra-cpl][DESKTOP][CHROMIUM] ✅ Extracted Lead ID: 9B604A6D
📱 Device Type detected: D-CHROMIUM
[tra-cpl][DESKTOP][CHROMIUM] ✅ Lead captured: 9B604A6D
[tra-cpl][DESKTOP][CHROMIUM] 📡 Fetching First API data for Lead ID: 9B604A6D...
[tra-cpl][DESKTOP][CHROMIUM] 📡 Raw XML Response: {
  "lead_info_response": {
    "$": {
      "xmlns:xsd": "http://www.w3.org/2001/XMLSchema",
      "xmlns:xsi": "http://www.w3.org/2001/XMLSchema-instance",
      "xmlns": "http://cakemarketing.com/api/1/"
    },
    "success": "true",
    "row_count": "1",
    "lead_id": "9B604A6D",
    "personal_info": {
      "first_name": "CKMTESTPIXEL",
      "last_name": "CKMTESTPIXEL",
      "email_address": "ckmtestpixel@gmail.com",
      "address": {
        "street": "",
        "city": "",
        "state": "IN",
        "zip_code": "46308",
        "country": ""
      },
      "ip_address": "27.54.170.27",
      "phone_work": "",
      "phone_home": "976-354-6781",
      "phone_cell": "",
      "best_call_time": "",
      "opt_in": "false"
    },
    "traffic_info": {
      "lead_date": "2026-05-13T02:53:08.64",
      "payout": {
        "currency_id": "1",
        "amount": "0.0000",
        "formatted_amount": "$0.00"
      },
      "affiliate": {
        "affiliate_id": {
          "_": "659",
          "$": {
            "xmlns": "API:id_name_store"
          }
        },
        "affiliate_name": {
          "_": "QA affiliate",
          "$": {
            "xmlns": "API:id_name_store"
          }
        }
      },
      "campaign": {
        "campaign_id": {
          "_": "4075",
          "$": {
            "xmlns": "API:id_name_store"
          }
        },
        "campaign_name": {
          "_": "TRA.com CPL - CPL - CPA - $1.00",
          "$": {
            "xmlns": "API:id_name_store"
          }
        }
      },
      "creative_id": "2210",
      "subid_1": "",
      "subid_2": "",
      "subid_3": "",
      "subid_4": "",
      "subid_5": "",
      "referrer": "",
      "pixel_fired": "true",
      "returned_to_affiliate": "false",
      "test": "true",
      "upsell": "false"
    },
    "all_vertical_data": {
      "data": {
        "$": {
          "xmlns": ""
        },
        "tax_debt": "10000",
        "universal_leadid": "8E14C302-ED27-C9D2-3194-AEE4ABE1FE8F",
        "affid": "659",
        "TCPA_checkbox": "1",
        "reqid": "26774769",
        "page": "https://tra.com/list",
        "neustar": "fail",
        "neustar_disposition": ",,,,",
        "first_name_lower": "ckmtestpixel",
        "last_name_lower": "ckmtestpixel",
        "opt_special_offers": "on",
        "ckm_campaign_id": "3953"
      }
    },
    "dispositions": {
      "disposition": [
        {
          "disposition_type": "Not Paid For",
          "reason": "Unmatched Filter",
          "filter": "Nuestar Fail"
        },
        {
          "disposition_type": "Sent to Review Queue",
          "reason": "neustar: This value is not valid",
          "filter": "Equals Value"
        }
      ]
    },
    "pings": "",
    "posts": "",
    "sales": ""
  }
}
[tra-cpl][DESKTOP][CHROMIUM] ✅ First API Data retrieved on attempt 1
[tra-cpl][DESKTOP][CHROMIUM] 📡 Fetching Second API data for Lead ID: 9B604A6D...
[tra-cpl][DESKTOP][CHROMIUM] 📡 Standard Second API Payload: cake_id=9B604A6D, domain_name=https://www.taxreliefadvocates.com
[tra-cpl][DESKTOP][CHROMIUM] [STDERR] (node:2332) Warning: Setting the NODE_TLS_REJECT_UNAUTHORIZED environment variable to '0' makes TLS connections and HTTPS requests insecure by disabling certificate verification.
(Use `node --trace-warnings ...` to show where the warning was created)
[tra-cpl][DESKTOP][CHROMIUM] [STDERR] ❌ Second API Attempt 1 failed: Request failed with status code 404
[tra-cpl][DESKTOP][CHROMIUM] ⏳ Retrying in 3 seconds to allow database synchronization...
[tra-cpl][DESKTOP][CHROMIUM] 📡 Standard Second API Payload: cake_id=9B604A6D, domain_name=https://www.taxreliefadvocates.com
[tra-cpl][DESKTOP][CHROMIUM] [STDERR] ❌ Second API Attempt 2 failed: Request failed with status code 404
[tra-cpl][DESKTOP][CHROMIUM] ⏳ Retrying in 3 seconds to allow database synchronization...
[tra-cpl][DESKTOP][CHROMIUM] 📡 Standard Second API Payload: cake_id=9B604A6D, domain_name=https://www.taxreliefadvocates.com
[tra-cpl][DESKTOP][CHROMIUM] [STDERR] ❌ Second API Attempt 3 failed: Request failed with status code 404
[tra-cpl][DESKTOP][CHROMIUM] ⏳ Retrying in 3 seconds to allow database synchronization...
[tra-cpl][DESKTOP][CHROMIUM] 📡 Standard Second API Payload: cake_id=9B604A6D, domain_name=https://www.taxreliefadvocates.com
[tra-cpl][DESKTOP][CHROMIUM] [STDERR] ❌ Second API Attempt 4 failed: Request failed with status code 404
[tra-cpl][DESKTOP][CHROMIUM] ⏳ Retrying in 3 seconds to allow database synchronization...
[tra-cpl][DESKTOP][CHROMIUM] 📡 Standard Second API Payload: cake_id=9B604A6D, domain_name=https://www.taxreliefadvocates.com
[tra-cpl][DESKTOP][CHROMIUM] [STDERR] ❌ Second API Attempt 5 failed: Request failed with status code 404
[tra-cpl][DESKTOP][CHROMIUM] ✅ Row appended successfully to sheet: TRA-CPL
[tra-cpl][DESKTOP][CHROMIUM] ✨ Professional formatting applied to TRA-CPL
✅ Lead processed successfully for TRA-CPL
[tra-cpl][DESKTOP][CHROMIUM] 🎥 Video saved successfully: traces/videos/TRA-CPL_TRA-CPL.webm
[tra-cpl][DESKTOP][CHROMIUM] 
✅ Execution successfully processed! { success: true, leadId: '9B604A6D', brand: 'TRA-CPL' }
[tra-cpl][DESKTOP][CHROMIUM] [STDERR] ❌ Automation Run encountered a fatal exception: tracing.stop: Target page, context or browser has been closed
✅ [13/5/2026, 3:23:38 pm] COMPLETED: tra-cpl [DESKTOP][CHROMIUM]

================================================================
🚀 [13/5/2026, 3:23:40 pm] RUNNING: TRA-CPL (TABLET) on CHROMIUM
🔗 Target URL: https://flmtra.com/?a=659&oc=756&c=2210&s1=
================================================================
[tra-cpl][TABLET][CHROMIUM] 🔌 [Browser Interceptor] Intercepting and optimizing engine: CHROMIUM
[tra-cpl][TABLET][CHROMIUM] ◇ injected env (0) from .env // tip: ◈ secrets for agents [www.dotenvx.com]
[tra-cpl][TABLET][CHROMIUM] ◇ injected env (0) from .env // tip: ⌘ custom filepath { path: '/custom/path/.env' }
[tra-cpl][TABLET][CHROMIUM] ◇ injected env (0) from .env // tip: ⌘ suppress logs { quiet: true }
[tra-cpl][TABLET][CHROMIUM] ◇ injected env (0) from .env // tip: ◈ encrypted .env [www.dotenvx.com]
[tra-cpl][TABLET][CHROMIUM] 
🤖 ================================================================
🤖 MASTER RUNNER: LAUNCHING TRA-CPL
[tra-cpl][TABLET][CHROMIUM] 🤖 Mode:            TABLET
🤖 Tracking URL:     https://flmtra.com/?a=659&oc=756&c=2210&s1=
🤖 Target Sheet:    TRA-CPL
🤖 ================================================================
[tra-cpl][TABLET][CHROMIUM] 📋 Emulated Device Profile: TABLET (iPad Pro 11)
[tra-cpl][TABLET][CHROMIUM] ⏳ Delaying 2 seconds to allow responsive layouts to mount...
[tra-cpl][TABLET][CHROMIUM] 🔄 Processing lead for brand: TRA-CPL Tablet
[tra-cpl][TABLET][CHROMIUM] 🔗 [Mobile] Navigating to: https://flmtra.com/?a=659&oc=756&c=2210&s1=
[tra-cpl][TABLET][CHROMIUM] ✅ [Mobile] Page loaded successfully
[tra-cpl][TABLET][CHROMIUM] 💻 [Tablet] Injecting high-fidelity glossy iPad Pro mockup frame...
[tra-cpl][TABLET][CHROMIUM] 💻 [Tablet] Injecting high-fidelity glossy iPad Pro mockup frame...
[tra-cpl][TABLET][CHROMIUM] 📝 [Mobile] Starting mobile-specific form filling...
[tra-cpl][TABLET][CHROMIUM] 🔘 [Mobile] Step 1: Selecting Debt Amount (30,000)
[tra-cpl][TABLET][CHROMIUM] 🔘 [Mobile] Clicking active visible button: .next-btn1:visible, .btn-next:visible
[tra-cpl][TABLET][CHROMIUM] ✅ [Mobile] Clicked: .next-btn1:visible, .btn-next:visible
[tra-cpl][TABLET][CHROMIUM] 💻 [Tablet] Injecting high-fidelity glossy iPad Pro mockup frame...
[tra-cpl][TABLET][CHROMIUM] ✅ [Mobile] Reached a recognized terminal step (State or Contact). Stopping dynamic traversal.
[tra-cpl][TABLET][CHROMIUM] 🔘 [Mobile] Step 2: Selecting State
[tra-cpl][TABLET][CHROMIUM] 📝 [Mobile] step3 column set to State: "IN"
[tra-cpl][TABLET][CHROMIUM] 🔘 [Mobile] Clicking active visible button: .next-btn:visible, .next-btn2:visible, .btn-next:visible
[tra-cpl][TABLET][CHROMIUM] ✅ [Mobile] Clicked: .next-btn:visible, .next-btn2:visible, .btn-next:visible
[tra-cpl][TABLET][CHROMIUM] 💻 [Tablet] Injecting high-fidelity glossy iPad Pro mockup frame...
[tra-cpl][TABLET][CHROMIUM] 🔘 [Mobile] Step 3: Filling Contact Info (Dynamic Loop)...
[tra-cpl][TABLET][CHROMIUM] 💻 [Tablet] Injecting high-fidelity glossy iPad Pro mockup frame...
[tra-cpl][TABLET][CHROMIUM] ✅ [Mobile] Filled First Name: ckmtestpixel
[tra-cpl][TABLET][CHROMIUM] ✅ [Mobile] Filled Last Name: ckmtestpixel
[tra-cpl][TABLET][CHROMIUM] 🔘 [Mobile] Clicking active contact NEXT/SUBMIT button...
[tra-cpl][TABLET][CHROMIUM] 💻 [Tablet] Injecting high-fidelity glossy iPad Pro mockup frame...
[tra-cpl][TABLET][CHROMIUM] ✅ [Mobile] Filled Email: ckmtestpixel@gmail.com
[tra-cpl][TABLET][CHROMIUM] 🔘 [Mobile] Clicking active contact NEXT/SUBMIT button...
[tra-cpl][TABLET][CHROMIUM] 💻 [Tablet] Injecting high-fidelity glossy iPad Pro mockup frame...
[tra-cpl][TABLET][CHROMIUM] ✅ [Mobile] Filled Phone: 9763546781
[tra-cpl][TABLET][CHROMIUM] 🔘 [Mobile] Clicking active contact NEXT/SUBMIT button...
[tra-cpl][TABLET][CHROMIUM] 💻 [Tablet] Injecting high-fidelity glossy iPad Pro mockup frame...
[tra-cpl][TABLET][CHROMIUM] 🔘 [Mobile] No active contact NEXT/SUBMIT button visible. Exiting loop.
🔘 [Mobile] Scanning for additional dynamic steps...
[tra-cpl][TABLET][CHROMIUM] 🔘 [Mobile] Submitting form
[tra-cpl][TABLET][CHROMIUM] ⏳ [Mobile] Waiting for submission navigation to complete
[tra-cpl][TABLET][CHROMIUM] ⏳ [Mobile] Waiting for final Thank You page redirection...
[tra-cpl][TABLET][CHROMIUM] ✅ [Mobile] Targeted final redirect URL achieved!
[tra-cpl][TABLET][CHROMIUM] ✅ [Mobile] Final Thank You URL: https://tra.com/thank-you?debt=10000&leadid=5054DEA7&reqid=26774771&affid=659&oid=133
[tra-cpl][TABLET][CHROMIUM] ✅ [Mobile] Extracted Lead ID: 5054DEA7
[tra-cpl][TABLET][CHROMIUM] 📱 Device Type detected: T-CHROMIUM
✅ Lead captured: 5054DEA7
[tra-cpl][TABLET][CHROMIUM] 📡 Fetching First API data for Lead ID: 5054DEA7...
[tra-cpl][TABLET][CHROMIUM] 📡 Raw XML Response: {
  "lead_info_response": {
    "$": {
      "xmlns:xsd": "http://www.w3.org/2001/XMLSchema",
      "xmlns:xsi": "http://www.w3.org/2001/XMLSchema-instance",
      "xmlns": "http://cakemarketing.com/api/1/"
    },
    "success": "true",
    "row_count": "1",
    "lead_id": "5054DEA7",
    "personal_info": {
      "first_name": "CKMTESTPIXEL",
      "last_name": "CKMTESTPIXEL",
      "email_address": "ckmtestpixel@gmail.com",
      "address": {
        "street": "",
        "city": "",
        "state": "IN",
        "zip_code": "47367",
        "country": ""
      },
      "ip_address": "27.54.170.27",
      "phone_work": "",
      "phone_home": "976-354-6781",
      "phone_cell": "",
      "best_call_time": "",
      "opt_in": "false"
    },
    "traffic_info": {
      "lead_date": "2026-05-13T02:54:14.577",
      "payout": {
        "currency_id": "1",
        "amount": "0.0000",
        "formatted_amount": "$0.00"
      },
      "affiliate": {
        "affiliate_id": {
          "_": "659",
          "$": {
            "xmlns": "API:id_name_store"
          }
        },
        "affiliate_name": {
          "_": "QA affiliate",
          "$": {
            "xmlns": "API:id_name_store"
          }
        }
      },
      "campaign": {
        "campaign_id": {
          "_": "4075",
          "$": {
            "xmlns": "API:id_name_store"
          }
        },
        "campaign_name": {
          "_": "TRA.com CPL - CPL - CPA - $1.00",
          "$": {
            "xmlns": "API:id_name_store"
          }
        }
      },
      "creative_id": "2210",
      "subid_1": "",
      "subid_2": "",
      "subid_3": "",
      "subid_4": "",
      "subid_5": "",
      "referrer": "",
      "pixel_fired": "true",
      "returned_to_affiliate": "false",
      "test": "true",
      "upsell": "false"
    },
    "all_vertical_data": {
      "data": {
        "$": {
          "xmlns": ""
        },
        "tax_debt": "10000",
        "universal_leadid": "4DAAE153-F41E-8B39-AFC3-ADDD34BC64C2",
        "affid": "659",
        "TCPA_checkbox": "1",
        "reqid": "26774771",
        "page": "https://tra.com/list",
        "neustar": "fail",
        "neustar_disposition": ",,,,",
        "first_name_lower": "ckmtestpixel",
        "last_name_lower": "ckmtestpixel",
        "opt_special_offers": "on",
        "ckm_campaign_id": "3953"
      }
    },
    "dispositions": {
      "disposition": [
        {
          "disposition_type": "Not Paid For",
          "reason": "Unmatched Filter",
          "filter": "Nuestar Fail"
        },
        {
          "disposition_type": "Sent to Review Queue",
          "reason": "neustar: This value is not valid",
          "filter": "Equals Value"
        }
      ]
    },
    "pings": "",
    "posts": "",
    "sales": ""
  }
}
[tra-cpl][TABLET][CHROMIUM] ✅ First API Data retrieved on attempt 1
[tra-cpl][TABLET][CHROMIUM] 📡 Fetching Second API data for Lead ID: 5054DEA7...
[tra-cpl][TABLET][CHROMIUM] 📡 Standard Second API Payload: cake_id=5054DEA7, domain_name=https://www.taxreliefadvocates.com
[tra-cpl][TABLET][CHROMIUM] [STDERR] (node:6596) Warning: Setting the NODE_TLS_REJECT_UNAUTHORIZED environment variable to '0' makes TLS connections and HTTPS requests insecure by disabling certificate verification.
(Use `node --trace-warnings ...` to show where the warning was created)
[tra-cpl][TABLET][CHROMIUM] [STDERR] ❌ Second API Attempt 1 failed: Request failed with status code 404
[tra-cpl][TABLET][CHROMIUM] ⏳ Retrying in 3 seconds to allow database synchronization...
[tra-cpl][TABLET][CHROMIUM] 📡 Standard Second API Payload: cake_id=5054DEA7, domain_name=https://www.taxreliefadvocates.com
[tra-cpl][TABLET][CHROMIUM] [STDERR] ❌ Second API Attempt 2 failed: Request failed with status code 404
[tra-cpl][TABLET][CHROMIUM] ⏳ Retrying in 3 seconds to allow database synchronization...
[tra-cpl][TABLET][CHROMIUM] 📡 Standard Second API Payload: cake_id=5054DEA7, domain_name=https://www.taxreliefadvocates.com
[tra-cpl][TABLET][CHROMIUM] [STDERR] ❌ Second API Attempt 3 failed: Request failed with status code 404
[tra-cpl][TABLET][CHROMIUM] ⏳ Retrying in 3 seconds to allow database synchronization...
[tra-cpl][TABLET][CHROMIUM] 📡 Standard Second API Payload: cake_id=5054DEA7, domain_name=https://www.taxreliefadvocates.com
[tra-cpl][TABLET][CHROMIUM] [STDERR] ❌ Second API Attempt 4 failed: Request failed with status code 404
[tra-cpl][TABLET][CHROMIUM] ⏳ Retrying in 3 seconds to allow database synchronization...
[tra-cpl][TABLET][CHROMIUM] 📡 Standard Second API Payload: cake_id=5054DEA7, domain_name=https://www.taxreliefadvocates.com
[tra-cpl][TABLET][CHROMIUM] [STDERR] ❌ Second API Attempt 5 failed: Request failed with status code 404
[tra-cpl][TABLET][CHROMIUM] ✅ Row appended successfully to sheet: TRA-CPL
[tra-cpl][TABLET][CHROMIUM] ✨ Professional formatting applied to TRA-CPL
✅ Lead processed successfully for TRA-CPL Tablet
[tra-cpl][TABLET][CHROMIUM] 🎥 Video saved successfully: traces/videos/TRA-CPL_TRA-CPL_Tablet.webm
[tra-cpl][TABLET][CHROMIUM] 
✅ Execution successfully processed! { success: true, leadId: '5054DEA7', brand: 'TRA-CPL Tablet' }
[tra-cpl][TABLET][CHROMIUM] [STDERR] ❌ Automation Run encountered a fatal exception: tracing.stop: Target page, context or browser has been closed
✅ [13/5/2026, 3:25:02 pm] COMPLETED: tra-cpl [TABLET][CHROMIUM]

================================================================
🚀 [13/5/2026, 3:25:04 pm] RUNNING: TRA-CPL (MOBILE) on CHROMIUM
🔗 Target URL: https://flmtra.com/?a=659&oc=756&c=2210&s1=
================================================================
[tra-cpl][MOBILE][CHROMIUM] 🔌 [Browser Interceptor] Intercepting and optimizing engine: CHROMIUM
[tra-cpl][MOBILE][CHROMIUM] ◇ injected env (0) from .env // tip: ◈ secrets for agents [www.dotenvx.com]
[tra-cpl][MOBILE][CHROMIUM] ◇ injected env (0) from .env // tip: ◈ secrets for agents [www.dotenvx.com]
[tra-cpl][MOBILE][CHROMIUM] ◇ injected env (0) from .env // tip: ◈ encrypted .env [www.dotenvx.com]
[tra-cpl][MOBILE][CHROMIUM] ◇ injected env (0) from .env // tip: ⌘ suppress logs { quiet: true }
[tra-cpl][MOBILE][CHROMIUM] 
🤖 ================================================================
🤖 MASTER RUNNER: LAUNCHING TRA-CPL
🤖 Mode:            MOBILE
[tra-cpl][MOBILE][CHROMIUM] 🤖 Tracking URL:     https://flmtra.com/?a=659&oc=756&c=2210&s1=
🤖 Target Sheet:    TRA-CPL
🤖 ================================================================
[tra-cpl][MOBILE][CHROMIUM] 📱 Emulated Device Profile: MOBILE (iPhone 17 Pro)
[tra-cpl][MOBILE][CHROMIUM] ⏳ Delaying 2 seconds to allow responsive layouts to mount...
[tra-cpl][MOBILE][CHROMIUM] 🔄 Processing lead for brand: TRA-CPL Mobile
[tra-cpl][MOBILE][CHROMIUM] 🔗 [Mobile] Navigating to: https://flmtra.com/?a=659&oc=756&c=2210&s1=
[tra-cpl][MOBILE][CHROMIUM] ✅ [Mobile] Page loaded successfully
[tra-cpl][MOBILE][CHROMIUM] 📱 [Mobile] Injecting high-fidelity glossy Natural Titanium iPhone 17 Pro mockup frame...
[tra-cpl][MOBILE][CHROMIUM] 📱 [Mobile] Injecting high-fidelity glossy Natural Titanium iPhone 17 Pro mockup frame...
[tra-cpl][MOBILE][CHROMIUM] 📝 [Mobile] Starting mobile-specific form filling...
[tra-cpl][MOBILE][CHROMIUM] 🔘 [Mobile] Step 1: Selecting Debt Amount (30,000)
[tra-cpl][MOBILE][CHROMIUM] 🔘 [Mobile] Clicking active visible button: .next-btn1:visible, .btn-next:visible
[tra-cpl][MOBILE][CHROMIUM] ✅ [Mobile] Clicked: .next-btn1:visible, .btn-next:visible
[tra-cpl][MOBILE][CHROMIUM] 📱 [Mobile] Injecting high-fidelity glossy Natural Titanium iPhone 17 Pro mockup frame...
[tra-cpl][MOBILE][CHROMIUM] ✅ [Mobile] Reached a recognized terminal step (State or Contact). Stopping dynamic traversal.
[tra-cpl][MOBILE][CHROMIUM] 🔘 [Mobile] Step 2: Selecting State
[tra-cpl][MOBILE][CHROMIUM] 📝 [Mobile] step3 column set to State: "IN"
[tra-cpl][MOBILE][CHROMIUM] 🔘 [Mobile] Clicking active visible button: .next-btn:visible, .next-btn2:visible, .btn-next:visible
[tra-cpl][MOBILE][CHROMIUM] ✅ [Mobile] Clicked: .next-btn:visible, .next-btn2:visible, .btn-next:visible
[tra-cpl][MOBILE][CHROMIUM] 📱 [Mobile] Injecting high-fidelity glossy Natural Titanium iPhone 17 Pro mockup frame...
[tra-cpl][MOBILE][CHROMIUM] 🔘 [Mobile] Step 3: Filling Contact Info (Dynamic Loop)...
[tra-cpl][MOBILE][CHROMIUM] 📱 [Mobile] Injecting high-fidelity glossy Natural Titanium iPhone 17 Pro mockup frame...
[tra-cpl][MOBILE][CHROMIUM] ✅ [Mobile] Filled First Name: ckmtestpixel
[tra-cpl][MOBILE][CHROMIUM] ✅ [Mobile] Filled Last Name: ckmtestpixel
[tra-cpl][MOBILE][CHROMIUM] 🔘 [Mobile] Clicking active contact NEXT/SUBMIT button...
[tra-cpl][MOBILE][CHROMIUM] 📱 [Mobile] Injecting high-fidelity glossy Natural Titanium iPhone 17 Pro mockup frame...
[tra-cpl][MOBILE][CHROMIUM] ✅ [Mobile] Filled Email: ckmtestpixel@gmail.com
[tra-cpl][MOBILE][CHROMIUM] 🔘 [Mobile] Clicking active contact NEXT/SUBMIT button...
[tra-cpl][MOBILE][CHROMIUM] 📱 [Mobile] Injecting high-fidelity glossy Natural Titanium iPhone 17 Pro mockup frame...
[tra-cpl][MOBILE][CHROMIUM] ✅ [Mobile] Filled Phone: 9763546781
[tra-cpl][MOBILE][CHROMIUM] 🔘 [Mobile] Clicking active contact NEXT/SUBMIT button...
[tra-cpl][MOBILE][CHROMIUM] 📱 [Mobile] Injecting high-fidelity glossy Natural Titanium iPhone 17 Pro mockup frame...
[tra-cpl][MOBILE][CHROMIUM] 🔘 [Mobile] Contact form stable (no new fields to fill). Exiting contact loop.
[tra-cpl][MOBILE][CHROMIUM] 🔘 [Mobile] Scanning for additional dynamic steps...
[tra-cpl][MOBILE][CHROMIUM] 🔘 [Mobile] Submitting form
[tra-cpl][MOBILE][CHROMIUM] ⏳ [Mobile] Waiting for submission navigation to complete
[tra-cpl][MOBILE][CHROMIUM] ⏳ [Mobile] Waiting for final Thank You page redirection...
[tra-cpl][MOBILE][CHROMIUM] ✅ [Mobile] Targeted final redirect URL achieved!
[tra-cpl][MOBILE][CHROMIUM] ✅ [Mobile] Final Thank You URL: https://tra.com/thank-you?debt=10000&leadid=AE052F20&reqid=26774773&affid=659&oid=133
[tra-cpl][MOBILE][CHROMIUM] ✅ [Mobile] Extracted Lead ID: AE052F20
📱 Device Type detected: M-CHROMIUM
[tra-cpl][MOBILE][CHROMIUM] ✅ Lead captured: AE052F20
[tra-cpl][MOBILE][CHROMIUM] 📡 Fetching First API data for Lead ID: AE052F20...
[tra-cpl][MOBILE][CHROMIUM] 📡 Raw XML Response: {
  "lead_info_response": {
    "$": {
      "xmlns:xsd": "http://www.w3.org/2001/XMLSchema",
      "xmlns:xsi": "http://www.w3.org/2001/XMLSchema-instance",
      "xmlns": "http://cakemarketing.com/api/1/"
    },
    "success": "true",
    "row_count": "1",
    "lead_id": "AE052F20",
    "personal_info": {
      "first_name": "CKMTESTPIXEL",
      "last_name": "CKMTESTPIXEL",
      "email_address": "ckmtestpixel@gmail.com",
      "address": {
        "street": "",
        "city": "",
        "state": "IN",
        "zip_code": "46554",
        "country": ""
      },
      "ip_address": "27.54.170.27",
      "phone_work": "",
      "phone_home": "976-354-6781",
      "phone_cell": "",
      "best_call_time": "",
      "opt_in": "false"
    },
    "traffic_info": {
      "lead_date": "2026-05-13T02:55:41.95",
      "payout": {
        "currency_id": "1",
        "amount": "0.0000",
        "formatted_amount": "$0.00"
      },
      "affiliate": {
        "affiliate_id": {
          "_": "659",
          "$": {
            "xmlns": "API:id_name_store"
          }
        },
        "affiliate_name": {
          "_": "QA affiliate",
          "$": {
            "xmlns": "API:id_name_store"
          }
        }
      },
      "campaign": {
        "campaign_id": {
          "_": "4075",
          "$": {
            "xmlns": "API:id_name_store"
          }
        },
        "campaign_name": {
          "_": "TRA.com CPL - CPL - CPA - $1.00",
          "$": {
            "xmlns": "API:id_name_store"
          }
        }
      },
      "creative_id": "2210",
      "subid_1": "",
      "subid_2": "",
      "subid_3": "",
      "subid_4": "",
      "subid_5": "",
      "referrer": "",
      "pixel_fired": "true",
      "returned_to_affiliate": "false",
      "test": "true",
      "upsell": "false"
    },
    "all_vertical_data": {
      "data": {
        "$": {
          "xmlns": ""
        },
        "tax_debt": "10000",
        "universal_leadid": "48B6E0BC-2CEB-6374-5A56-7EA6713E9B7C",
        "affid": "659",
        "TCPA_checkbox": "1",
        "reqid": "26774773",
        "page": "https://tra.com/list",
        "neustar": "fail",
        "neustar_disposition": ",,,,",
        "first_name_lower": "ckmtestpixel",
        "last_name_lower": "ckmtestpixel",
        "opt_special_offers": "on",
        "ckm_campaign_id": "3953"
      }
    },
    "dispositions": {
      "disposition": [
        {
          "disposition_type": "Not Paid For",
          "reason": "Unmatched Filter",
          "filter": "Nuestar Fail"
        },
        {
          "disposition_type": "Sent to Review Queue",
          "reason": "neustar: This value is not valid",
          "filter": "Equals Value"
        }
      ]
    },
    "pings": "",
    "posts": "",
    "sales": ""
  }
}
[tra-cpl][MOBILE][CHROMIUM] ✅ First API Data retrieved on attempt 1
[tra-cpl][MOBILE][CHROMIUM] 📡 Fetching Second API data for Lead ID: AE052F20...
[tra-cpl][MOBILE][CHROMIUM] 📡 Standard Second API Payload: cake_id=AE052F20, domain_name=https://www.taxreliefadvocates.com
[tra-cpl][MOBILE][CHROMIUM] [STDERR] (node:11008) Warning: Setting the NODE_TLS_REJECT_UNAUTHORIZED environment variable to '0' makes TLS connections and HTTPS requests insecure by disabling certificate verification.
(Use `node --trace-warnings ...` to show where the warning was created)
[tra-cpl][MOBILE][CHROMIUM] [STDERR] ❌ Second API Attempt 1 failed: Request failed with status code 404
[tra-cpl][MOBILE][CHROMIUM] ⏳ Retrying in 3 seconds to allow database synchronization...
[tra-cpl][MOBILE][CHROMIUM] 📡 Standard Second API Payload: cake_id=AE052F20, domain_name=https://www.taxreliefadvocates.com
[tra-cpl][MOBILE][CHROMIUM] [STDERR] ❌ Second API Attempt 2 failed: Request failed with status code 404
[tra-cpl][MOBILE][CHROMIUM] ⏳ Retrying in 3 seconds to allow database synchronization...
[tra-cpl][MOBILE][CHROMIUM] 📡 Standard Second API Payload: cake_id=AE052F20, domain_name=https://www.taxreliefadvocates.com
[tra-cpl][MOBILE][CHROMIUM] [STDERR] ❌ Second API Attempt 3 failed: Request failed with status code 404
[tra-cpl][MOBILE][CHROMIUM] ⏳ Retrying in 3 seconds to allow database synchronization...
[tra-cpl][MOBILE][CHROMIUM] 📡 Standard Second API Payload: cake_id=AE052F20, domain_name=https://www.taxreliefadvocates.com
[tra-cpl][MOBILE][CHROMIUM] [STDERR] ❌ Second API Attempt 4 failed: Request failed with status code 404
[tra-cpl][MOBILE][CHROMIUM] ⏳ Retrying in 3 seconds to allow database synchronization...
[tra-cpl][MOBILE][CHROMIUM] 📡 Standard Second API Payload: cake_id=AE052F20, domain_name=https://www.taxreliefadvocates.com
[tra-cpl][MOBILE][CHROMIUM] [STDERR] ❌ Second API Attempt 5 failed: Request failed with status code 404
[tra-cpl][MOBILE][CHROMIUM] ✅ Row appended successfully to sheet: TRA-CPL
[tra-cpl][MOBILE][CHROMIUM] ✨ Professional formatting applied to TRA-CPL
✅ Lead processed successfully for TRA-CPL Mobile
[tra-cpl][MOBILE][CHROMIUM] 🎥 Video saved successfully: traces/videos/TRA-CPL_TRA-CPL_Mobile.webm
[tra-cpl][MOBILE][CHROMIUM] 
✅ Execution successfully processed! { success: true, leadId: 'AE052F20', brand: 'TRA-CPL Mobile' }
[tra-cpl][MOBILE][CHROMIUM] [STDERR] ❌ Automation Run encountered a fatal exception: tracing.stop: Target page, context or browser has been closed
✅ [13/5/2026, 3:26:28 pm] COMPLETED: tra-cpl [MOBILE][CHROMIUM]

================================================================
⚡ Running Campaign Viewports on Browser Engine: FIREFOX - [TRA-CPL]
================================================================

================================================================
🚀 [13/5/2026, 3:26:32 pm] RUNNING: TRA-CPL (DESKTOP) on FIREFOX
🔗 Target URL: https://flmtra.com/?a=659&oc=756&c=2210&s1=
================================================================
[tra-cpl][DESKTOP][FIREFOX] 🔌 [Browser Interceptor] Intercepting and optimizing engine: FIREFOX
[tra-cpl][DESKTOP][FIREFOX] ◇ injected env (0) from .env // tip: ◈ secrets for agents [www.dotenvx.com]
[tra-cpl][DESKTOP][FIREFOX] ◇ injected env (0) from .env // tip: ⌘ enable debugging { debug: true }
[tra-cpl][DESKTOP][FIREFOX] ◇ injected env (0) from .env // tip: ⌘ multiple files { path: ['.env.local', '.env'] }
[tra-cpl][DESKTOP][FIREFOX] ◇ injected env (0) from .env // tip: ◈ secrets for agents [www.dotenvx.com]
[tra-cpl][DESKTOP][FIREFOX] 
🤖 ================================================================
[tra-cpl][DESKTOP][FIREFOX] 🤖 MASTER RUNNER: LAUNCHING TRA-CPL
🤖 Mode:            DESKTOP
🤖 Tracking URL:     https://flmtra.com/?a=659&oc=756&c=2210&s1=
🤖 Target Sheet:    TRA-CPL
[tra-cpl][DESKTOP][FIREFOX] 🤖 ================================================================
[tra-cpl][DESKTOP][FIREFOX] 💻 Emulated Device Profile: DESKTOP
[tra-cpl][DESKTOP][FIREFOX] 🔌 [Browser Interceptor] Sanitizing mobile context options for Firefox emulation...
[tra-cpl][DESKTOP][FIREFOX] 🔄 Processing lead for brand: TRA-CPL
[tra-cpl][DESKTOP][FIREFOX] 🔗 Navigating to: https://flmtra.com/?a=659&oc=756&c=2210&s1=
[tra-cpl][DESKTOP][FIREFOX] [STDERR] ❌ Failed processing TRA-CPL: page.goto: Timeout 60000ms exceeded.
Call log:
[2m  - navigating to "https://flmtra.com/?a=659&oc=756&c=2210&s1=", waiting until "networkidle"[22m

[tra-cpl][DESKTOP][FIREFOX] 
✅ Execution successfully processed! {
  success: false,
  error: 'page.goto: Timeout 60000ms exceeded.\n' +
    'Call log:\n' +
    '\x1B[2m  - navigating to "https://flmtra.com/?a=659&oc=756&c=2210&s1=", waiting until "networkidle"\x1B[22m\n',
  brand: 'TRA-CPL'
}
[tra-cpl][DESKTOP][FIREFOX] 📋 Trace report successfully saved: traces/tra-cpl_desktop.zip
✅ [13/5/2026, 3:27:43 pm] COMPLETED: tra-cpl [DESKTOP][FIREFOX]

================================================================
🚀 [13/5/2026, 3:27:45 pm] RUNNING: TRA-CPL (TABLET) on FIREFOX
🔗 Target URL: https://flmtra.com/?a=659&oc=756&c=2210&s1=
================================================================
[tra-cpl][TABLET][FIREFOX] 🔌 [Browser Interceptor] Intercepting and optimizing engine: FIREFOX
[tra-cpl][TABLET][FIREFOX] ◇ injected env (0) from .env // tip: ⌁ auth for agents [www.vestauth.com]
[tra-cpl][TABLET][FIREFOX] ◇ injected env (0) from .env // tip: ⌘ custom filepath { path: '/custom/path/.env' }
[tra-cpl][TABLET][FIREFOX] ◇ injected env (0) from .env // tip: ⌘ suppress logs { quiet: true }
[tra-cpl][TABLET][FIREFOX] ◇ injected env (0) from .env // tip: ⌘ suppress logs { quiet: true }
[tra-cpl][TABLET][FIREFOX] 
🤖 ================================================================
🤖 MASTER RUNNER: LAUNCHING TRA-CPL
[tra-cpl][TABLET][FIREFOX] 🤖 Mode:            TABLET
[tra-cpl][TABLET][FIREFOX] 🤖 Tracking URL:     https://flmtra.com/?a=659&oc=756&c=2210&s1=
[tra-cpl][TABLET][FIREFOX] 🤖 Target Sheet:    TRA-CPL
[tra-cpl][TABLET][FIREFOX] 🤖 ================================================================
[tra-cpl][TABLET][FIREFOX] 📋 Emulated Device Profile: TABLET (iPad Pro 11)
[tra-cpl][TABLET][FIREFOX] 🔌 [Browser Interceptor] Sanitizing mobile context options for Firefox emulation...
[tra-cpl][TABLET][FIREFOX] ⏳ Delaying 2 seconds to allow responsive layouts to mount...
[tra-cpl][TABLET][FIREFOX] 🔄 Processing lead for brand: TRA-CPL Tablet
[tra-cpl][TABLET][FIREFOX] 🔗 [Mobile] Navigating to: https://flmtra.com/?a=659&oc=756&c=2210&s1=
[tra-cpl][TABLET][FIREFOX] ✅ [Mobile] Page loaded successfully
[tra-cpl][TABLET][FIREFOX] 💻 [Tablet] Injecting high-fidelity glossy iPad Pro mockup frame...
[tra-cpl][TABLET][FIREFOX] 💻 [Tablet] Injecting high-fidelity glossy iPad Pro mockup frame...
[tra-cpl][TABLET][FIREFOX] 📝 [Mobile] Starting mobile-specific form filling...
[tra-cpl][TABLET][FIREFOX] 🔘 [Mobile] Step 1: Selecting Debt Amount (30,000)
[tra-cpl][TABLET][FIREFOX] 🔘 [Mobile] Clicking active visible button: .next-btn1:visible, .btn-next:visible
[tra-cpl][TABLET][FIREFOX] ✅ [Mobile] Clicked: .next-btn1:visible, .btn-next:visible
[tra-cpl][TABLET][FIREFOX] 💻 [Tablet] Injecting high-fidelity glossy iPad Pro mockup frame...
[tra-cpl][TABLET][FIREFOX] ✅ [Mobile] Reached a recognized terminal step (State or Contact). Stopping dynamic traversal.
[tra-cpl][TABLET][FIREFOX] 🔘 [Mobile] Step 2: Selecting State
[tra-cpl][TABLET][FIREFOX] 📝 [Mobile] step3 column set to State: "IN"
[tra-cpl][TABLET][FIREFOX] 🔘 [Mobile] Clicking active visible button: .next-btn:visible, .next-btn2:visible, .btn-next:visible
[tra-cpl][TABLET][FIREFOX] ✅ [Mobile] Clicked: .next-btn:visible, .next-btn2:visible, .btn-next:visible
[tra-cpl][TABLET][FIREFOX] 💻 [Tablet] Injecting high-fidelity glossy iPad Pro mockup frame...
[tra-cpl][TABLET][FIREFOX] 🔘 [Mobile] Step 3: Filling Contact Info (Dynamic Loop)...
[tra-cpl][TABLET][FIREFOX] 💻 [Tablet] Injecting high-fidelity glossy iPad Pro mockup frame...
[tra-cpl][TABLET][FIREFOX] ✅ [Mobile] Filled First Name: ckmtestpixel
[tra-cpl][TABLET][FIREFOX] ✅ [Mobile] Filled Last Name: ckmtestpixel
[tra-cpl][TABLET][FIREFOX] 🔘 [Mobile] Clicking active contact NEXT/SUBMIT button...
[tra-cpl][TABLET][FIREFOX] 💻 [Tablet] Injecting high-fidelity glossy iPad Pro mockup frame...
[tra-cpl][TABLET][FIREFOX] ✅ [Mobile] Filled Email: ckmtestpixel@gmail.com
[tra-cpl][TABLET][FIREFOX] 🔘 [Mobile] Clicking active contact NEXT/SUBMIT button...
[tra-cpl][TABLET][FIREFOX] 💻 [Tablet] Injecting high-fidelity glossy iPad Pro mockup frame...
[tra-cpl][TABLET][FIREFOX] ✅ [Mobile] Filled Phone: 9763546781
[tra-cpl][TABLET][FIREFOX] 🔘 [Mobile] Clicking active contact NEXT/SUBMIT button...
[tra-cpl][TABLET][FIREFOX] 💻 [Tablet] Injecting high-fidelity glossy iPad Pro mockup frame...
[tra-cpl][TABLET][FIREFOX] 🔘 [Mobile] Contact form stable (no new fields to fill). Exiting contact loop.
🔘 [Mobile] Scanning for additional dynamic steps...
[tra-cpl][TABLET][FIREFOX] 🔘 [Mobile] Submitting form
[tra-cpl][TABLET][FIREFOX] ⏳ [Mobile] Waiting for submission navigation to complete
[tra-cpl][TABLET][FIREFOX] ⏳ [Mobile] Waiting for final Thank You page redirection...
[tra-cpl][TABLET][FIREFOX] ✅ [Mobile] Targeted final redirect URL achieved!
[tra-cpl][TABLET][FIREFOX] ✅ [Mobile] Final Thank You URL: https://tra.com/thank-you?debt=10000&leadid=6B2A8BD2&reqid=26774783&affid=659&oid=133
[tra-cpl][TABLET][FIREFOX] ✅ [Mobile] Extracted Lead ID: 6B2A8BD2
📱 Device Type detected: T-FIREFOX
✅ Lead captured: 6B2A8BD2
[tra-cpl][TABLET][FIREFOX] 📡 Fetching First API data for Lead ID: 6B2A8BD2...
[tra-cpl][TABLET][FIREFOX] 📡 Raw XML Response: {
  "lead_info_response": {
    "$": {
      "xmlns:xsd": "http://www.w3.org/2001/XMLSchema",
      "xmlns:xsi": "http://www.w3.org/2001/XMLSchema-instance",
      "xmlns": "http://cakemarketing.com/api/1/"
    },
    "success": "true",
    "row_count": "1",
    "lead_id": "6B2A8BD2",
    "personal_info": {
      "first_name": "CKMTESTPIXEL",
      "last_name": "CKMTESTPIXEL",
      "email_address": "ckmtestpixel@gmail.com",
      "address": {
        "street": "",
        "city": "",
        "state": "IN",
        "zip_code": "46858",
        "country": ""
      },
      "ip_address": "27.54.170.27",
      "phone_work": "",
      "phone_home": "976-354-6781",
      "phone_cell": "",
      "best_call_time": "",
      "opt_in": "false"
    },
    "traffic_info": {
      "lead_date": "2026-05-13T02:58:23.25",
      "payout": {
        "currency_id": "1",
        "amount": "0.0000",
        "formatted_amount": "$0.00"
      },
      "affiliate": {
        "affiliate_id": {
          "_": "659",
          "$": {
            "xmlns": "API:id_name_store"
          }
        },
        "affiliate_name": {
          "_": "QA affiliate",
          "$": {
            "xmlns": "API:id_name_store"
          }
        }
      },
      "campaign": {
        "campaign_id": {
          "_": "4075",
          "$": {
            "xmlns": "API:id_name_store"
          }
        },
        "campaign_name": {
          "_": "TRA.com CPL - CPL - CPA - $1.00",
          "$": {
            "xmlns": "API:id_name_store"
          }
        }
      },
      "creative_id": "2210",
      "subid_1": "",
      "subid_2": "",
      "subid_3": "",
      "subid_4": "",
      "subid_5": "",
      "referrer": "",
      "pixel_fired": "true",
      "returned_to_affiliate": "false",
      "test": "true",
      "upsell": "false"
    },
    "all_vertical_data": {
      "data": {
        "$": {
          "xmlns": ""
        },
        "tax_debt": "10000",
        "universal_leadid": "9DE39925-ABB4-A73B-563A-92E84A4AB994",
        "affid": "659",
        "TCPA_checkbox": "1",
        "reqid": "26774783",
        "page": "https://tra.com/list",
        "neustar": "fail",
        "neustar_disposition": ",,,,",
        "first_name_lower": "ckmtestpixel",
        "last_name_lower": "ckmtestpixel",
        "opt_special_offers": "on",
        "ckm_campaign_id": "3953"
      }
    },
    "dispositions": {
      "disposition": [
        {
          "disposition_type": "Not Paid For",
          "reason": "Unmatched Filter",
          "filter": "Nuestar Fail"
        },
        {
          "disposition_type": "Sent to Review Queue",
          "reason": "neustar: This value is not valid",
          "filter": "Equals Value"
        }
      ]
    },
    "pings": "",
    "posts": "",
    "sales": ""
  }
}
[tra-cpl][TABLET][FIREFOX] ✅ First API Data retrieved on attempt 1
[tra-cpl][TABLET][FIREFOX] 📡 Fetching Second API data for Lead ID: 6B2A8BD2...
[tra-cpl][TABLET][FIREFOX] 📡 Standard Second API Payload: cake_id=6B2A8BD2, domain_name=https://www.taxreliefadvocates.com
[tra-cpl][TABLET][FIREFOX] [STDERR] (node:1484) Warning: Setting the NODE_TLS_REJECT_UNAUTHORIZED environment variable to '0' makes TLS connections and HTTPS requests insecure by disabling certificate verification.
(Use `node --trace-warnings ...` to show where the warning was created)
[tra-cpl][TABLET][FIREFOX] [STDERR] ❌ Second API Attempt 1 failed: Request failed with status code 404
[tra-cpl][TABLET][FIREFOX] ⏳ Retrying in 3 seconds to allow database synchronization...
[tra-cpl][TABLET][FIREFOX] 📡 Standard Second API Payload: cake_id=6B2A8BD2, domain_name=https://www.taxreliefadvocates.com
[tra-cpl][TABLET][FIREFOX] [STDERR] ❌ Second API Attempt 2 failed: Request failed with status code 404
[tra-cpl][TABLET][FIREFOX] ⏳ Retrying in 3 seconds to allow database synchronization...
[tra-cpl][TABLET][FIREFOX] 📡 Standard Second API Payload: cake_id=6B2A8BD2, domain_name=https://www.taxreliefadvocates.com
[tra-cpl][TABLET][FIREFOX] [STDERR] ❌ Second API Attempt 3 failed: Request failed with status code 404
[tra-cpl][TABLET][FIREFOX] ⏳ Retrying in 3 seconds to allow database synchronization...
[tra-cpl][TABLET][FIREFOX] 📡 Standard Second API Payload: cake_id=6B2A8BD2, domain_name=https://www.taxreliefadvocates.com
[tra-cpl][TABLET][FIREFOX] [STDERR] ❌ Second API Attempt 4 failed: Request failed with status code 404
[tra-cpl][TABLET][FIREFOX] ⏳ Retrying in 3 seconds to allow database synchronization...
[tra-cpl][TABLET][FIREFOX] 📡 Standard Second API Payload: cake_id=6B2A8BD2, domain_name=https://www.taxreliefadvocates.com
[tra-cpl][TABLET][FIREFOX] [STDERR] ❌ Second API Attempt 5 failed: Request failed with status code 404
[tra-cpl][TABLET][FIREFOX] ✅ Row appended successfully to sheet: TRA-CPL
[tra-cpl][TABLET][FIREFOX] ✨ Professional formatting applied to TRA-CPL
✅ Lead processed successfully for TRA-CPL Tablet
[tra-cpl][TABLET][FIREFOX] 🎥 Video saved successfully: traces/videos/TRA-CPL_TRA-CPL_Tablet.webm
[tra-cpl][TABLET][FIREFOX] 
✅ Execution successfully processed! { success: true, leadId: '6B2A8BD2', brand: 'TRA-CPL Tablet' }
[tra-cpl][TABLET][FIREFOX] [STDERR] ❌ Automation Run encountered a fatal exception: tracing.stop: Target page, context or browser has been closed
✅ [13/5/2026, 3:29:12 pm] COMPLETED: tra-cpl [TABLET][FIREFOX]

================================================================
🚀 [13/5/2026, 3:29:14 pm] RUNNING: TRA-CPL (MOBILE) on FIREFOX
🔗 Target URL: https://flmtra.com/?a=659&oc=756&c=2210&s1=
================================================================
[tra-cpl][MOBILE][FIREFOX] 🔌 [Browser Interceptor] Intercepting and optimizing engine: FIREFOX
[tra-cpl][MOBILE][FIREFOX] ◇ injected env (0) from .env // tip: ⌘ enable debugging { debug: true }
[tra-cpl][MOBILE][FIREFOX] ◇ injected env (0) from .env // tip: ⌘ enable debugging { debug: true }
[tra-cpl][MOBILE][FIREFOX] ◇ injected env (0) from .env // tip: ⌘ multiple files { path: ['.env.local', '.env'] }
[tra-cpl][MOBILE][FIREFOX] ◇ injected env (0) from .env // tip: ◈ encrypted .env [www.dotenvx.com]
[tra-cpl][MOBILE][FIREFOX] 
🤖 ================================================================
[tra-cpl][MOBILE][FIREFOX] 🤖 MASTER RUNNER: LAUNCHING TRA-CPL
🤖 Mode:            MOBILE
🤖 Tracking URL:     https://flmtra.com/?a=659&oc=756&c=2210&s1=
[tra-cpl][MOBILE][FIREFOX] 🤖 Target Sheet:    TRA-CPL
[tra-cpl][MOBILE][FIREFOX] 🤖 ================================================================
[tra-cpl][MOBILE][FIREFOX] 📱 Emulated Device Profile: MOBILE (iPhone 17 Pro)
[tra-cpl][MOBILE][FIREFOX] 🔌 [Browser Interceptor] Sanitizing mobile context options for Firefox emulation...
[tra-cpl][MOBILE][FIREFOX] ⏳ Delaying 2 seconds to allow responsive layouts to mount...
[tra-cpl][MOBILE][FIREFOX] 🔄 Processing lead for brand: TRA-CPL Mobile
[tra-cpl][MOBILE][FIREFOX] 🔗 [Mobile] Navigating to: https://flmtra.com/?a=659&oc=756&c=2210&s1=
[tra-cpl][MOBILE][FIREFOX] [STDERR] ❌ Failed processing TRA-CPL Mobile: page.goto: Timeout 60000ms exceeded.
Call log:
[2m  - navigating to "https://flmtra.com/?a=659&oc=756&c=2210&s1=", waiting until "networkidle"[22m

[tra-cpl][MOBILE][FIREFOX] 
✅ Execution successfully processed! {
  success: false,
  error: 'page.goto: Timeout 60000ms exceeded.\n' +
    'Call log:\n' +
    '\x1B[2m  - navigating to "https://flmtra.com/?a=659&oc=756&c=2210&s1=", waiting until "networkidle"\x1B[22m\n',
  brand: 'TRA-CPL Mobile'
}
[tra-cpl][MOBILE][FIREFOX] 📋 Trace report successfully saved: traces/tra-cpl_mobile.zip
✅ [13/5/2026, 3:30:27 pm] COMPLETED: tra-cpl [MOBILE][FIREFOX]

================================================================
⚡ Running Campaign Viewports on Browser Engine: WEBKIT - [TRA-CPL]
================================================================

================================================================
🚀 [13/5/2026, 3:30:31 pm] RUNNING: TRA-CPL (DESKTOP) on WEBKIT
🔗 Target URL: https://flmtra.com/?a=659&oc=756&c=2210&s1=
================================================================
[tra-cpl][DESKTOP][WEBKIT] 🔌 [Browser Interceptor] Intercepting and optimizing engine: WEBKIT
[tra-cpl][DESKTOP][WEBKIT] ◇ injected env (0) from .env // tip: ◈ encrypted .env [www.dotenvx.com]
[tra-cpl][DESKTOP][WEBKIT] ◇ injected env (0) from .env // tip: ⌁ auth for agents [www.vestauth.com]
[tra-cpl][DESKTOP][WEBKIT] ◇ injected env (0) from .env // tip: ⌘ suppress logs { quiet: true }
[tra-cpl][DESKTOP][WEBKIT] ◇ injected env (0) from .env // tip: ⌘ multiple files { path: ['.env.local', '.env'] }
[tra-cpl][DESKTOP][WEBKIT] 
🤖 ================================================================
🤖 MASTER RUNNER: LAUNCHING TRA-CPL
🤖 Mode:            DESKTOP
🤖 Tracking URL:     https://flmtra.com/?a=659&oc=756&c=2210&s1=
[tra-cpl][DESKTOP][WEBKIT] 🤖 Target Sheet:    TRA-CPL
🤖 ================================================================
[tra-cpl][DESKTOP][WEBKIT] 💻 Emulated Device Profile: DESKTOP
[tra-cpl][DESKTOP][WEBKIT] 🔄 Processing lead for brand: TRA-CPL
[tra-cpl][DESKTOP][WEBKIT] 🔗 Navigating to: https://flmtra.com/?a=659&oc=756&c=2210&s1=
[tra-cpl][DESKTOP][WEBKIT] ✅ Page loaded successfully
[tra-cpl][DESKTOP][WEBKIT] 📝 Starting multi-step form filling process...
[tra-cpl][DESKTOP][WEBKIT] 🔘 Step 1: Handling Debt Amount (30,000)
[tra-cpl][DESKTOP][WEBKIT] 🔘 Attempting to click .next-btn1, .btn-next
[tra-cpl][DESKTOP][WEBKIT] ✅ Clicked .next-btn1, .btn-next
[tra-cpl][DESKTOP][WEBKIT] ✅ Reached a recognized terminal step (State or Contact). Stopping dynamic traversal.
[tra-cpl][DESKTOP][WEBKIT] 🔘 Step: Selecting State
[tra-cpl][DESKTOP][WEBKIT] 📝 step3 column set to State: "IN"
[tra-cpl][DESKTOP][WEBKIT] 🔘 Clicking generic NEXT button
[tra-cpl][DESKTOP][WEBKIT] ✅ Clicked generic NEXT button
[tra-cpl][DESKTOP][WEBKIT] 🔘 Advancing past post-state step...
[tra-cpl][DESKTOP][WEBKIT] 🔘 Filling Contact Info (Dynamic Loop)...
[tra-cpl][DESKTOP][WEBKIT] ✅ Filled First Name: ckmtestpixel
[tra-cpl][DESKTOP][WEBKIT] ✅ Filled Last Name: ckmtestpixel
[tra-cpl][DESKTOP][WEBKIT] 🔘 Clicking active contact NEXT/SUBMIT button...
[tra-cpl][DESKTOP][WEBKIT] ✅ Filled Email: ckmtestpixel@gmail.com
[tra-cpl][DESKTOP][WEBKIT] 🔘 Clicking active contact NEXT/SUBMIT button...
[tra-cpl][DESKTOP][WEBKIT] ✅ Filled Phone: 9763546781
[tra-cpl][DESKTOP][WEBKIT] 🔘 Clicking active contact NEXT/SUBMIT button...
[tra-cpl][DESKTOP][WEBKIT] 🔘 Contact form stable (no new fields to fill). Exiting contact loop.
[tra-cpl][DESKTOP][WEBKIT] 🔘 Checking for additional submit/next buttons...
[tra-cpl][DESKTOP][WEBKIT] 🔘 Submitting form
[tra-cpl][DESKTOP][WEBKIT] [STDERR] ⚠️  Submit navigation timeout or error, waiting 5s for final URL
[tra-cpl][DESKTOP][WEBKIT] ⏳ Waiting for final redirect to Thank You page...
[tra-cpl][DESKTOP][WEBKIT] ✅ Targeted final redirect URL achieved!
[tra-cpl][DESKTOP][WEBKIT] ✅ Final Thank You URL: https://tra.com/thank-you?debt=10000&leadid=2BCEB0D7&reqid=26774790&affid=659&oid=133
[tra-cpl][DESKTOP][WEBKIT] ✅ Extracted Lead ID: 2BCEB0D7
[tra-cpl][DESKTOP][WEBKIT] 📱 Device Type detected: D-WEBKIT
✅ Lead captured: 2BCEB0D7
[tra-cpl][DESKTOP][WEBKIT] 📡 Fetching First API data for Lead ID: 2BCEB0D7...
[tra-cpl][DESKTOP][WEBKIT] 📡 Raw XML Response: {
  "lead_info_response": {
    "$": {
      "xmlns:xsd": "http://www.w3.org/2001/XMLSchema",
      "xmlns:xsi": "http://www.w3.org/2001/XMLSchema-instance",
      "xmlns": "http://cakemarketing.com/api/1/"
    },
    "success": "true",
    "row_count": "1",
    "lead_id": "2BCEB0D7",
    "personal_info": {
      "first_name": "CKMTESTPIXEL",
      "last_name": "CKMTESTPIXEL",
      "email_address": "ckmtestpixel@gmail.com",
      "address": {
        "street": "",
        "city": "",
        "state": "IN",
        "zip_code": "47573",
        "country": ""
      },
      "ip_address": "27.54.170.27",
      "phone_work": "",
      "phone_home": "976-354-6781",
      "phone_cell": "",
      "best_call_time": "",
      "opt_in": "false"
    },
    "traffic_info": {
      "lead_date": "2026-05-13T03:01:22.213",
      "payout": {
        "currency_id": "1",
        "amount": "0.0000",
        "formatted_amount": "$0.00"
      },
      "affiliate": {
        "affiliate_id": {
          "_": "659",
          "$": {
            "xmlns": "API:id_name_store"
          }
        },
        "affiliate_name": {
          "_": "QA affiliate",
          "$": {
            "xmlns": "API:id_name_store"
          }
        }
      },
      "campaign": {
        "campaign_id": {
          "_": "4075",
          "$": {
            "xmlns": "API:id_name_store"
          }
        },
        "campaign_name": {
          "_": "TRA.com CPL - CPL - CPA - $1.00",
          "$": {
            "xmlns": "API:id_name_store"
          }
        }
      },
      "creative_id": "2210",
      "subid_1": "",
      "subid_2": "",
      "subid_3": "",
      "subid_4": "",
      "subid_5": "",
      "referrer": "",
      "pixel_fired": "true",
      "returned_to_affiliate": "false",
      "test": "true",
      "upsell": "false"
    },
    "all_vertical_data": {
      "data": {
        "$": {
          "xmlns": ""
        },
        "tax_debt": "10000",
        "universal_leadid": "EDE8ACCA-8D3B-C0EB-95EB-53E4BD8E25F3",
        "affid": "659",
        "TCPA_checkbox": "1",
        "reqid": "26774790",
        "page": "https://tra.com/list",
        "neustar": "fail",
        "neustar_disposition": ",,,,",
        "first_name_lower": "ckmtestpixel",
        "last_name_lower": "ckmtestpixel",
        "opt_special_offers": "on",
        "ckm_campaign_id": "3953"
      }
    },
    "dispositions": {
      "disposition": [
        {
          "disposition_type": "Not Paid For",
          "reason": "Unmatched Filter",
          "filter": "Nuestar Fail"
        },
        {
          "disposition_type": "Sent to Review Queue",
          "reason": "neustar: This value is not valid",
          "filter": "Equals Value"
        }
      ]
    },
    "pings": "",
    "posts": "",
    "sales": ""
  }
}
✅ First API Data retrieved on attempt 1
[tra-cpl][DESKTOP][WEBKIT] 📡 Fetching Second API data for Lead ID: 2BCEB0D7...
[tra-cpl][DESKTOP][WEBKIT] 📡 Standard Second API Payload: cake_id=2BCEB0D7, domain_name=https://www.taxreliefadvocates.com
[tra-cpl][DESKTOP][WEBKIT] [STDERR] (node:18072) Warning: Setting the NODE_TLS_REJECT_UNAUTHORIZED environment variable to '0' makes TLS connections and HTTPS requests insecure by disabling certificate verification.
(Use `node --trace-warnings ...` to show where the warning was created)
[tra-cpl][DESKTOP][WEBKIT] [STDERR] ❌ Second API Attempt 1 failed: Request failed with status code 404
[tra-cpl][DESKTOP][WEBKIT] ⏳ Retrying in 3 seconds to allow database synchronization...
[tra-cpl][DESKTOP][WEBKIT] 📡 Standard Second API Payload: cake_id=2BCEB0D7, domain_name=https://www.taxreliefadvocates.com
[tra-cpl][DESKTOP][WEBKIT] [STDERR] ❌ Second API Attempt 2 failed: Request failed with status code 404
[tra-cpl][DESKTOP][WEBKIT] ⏳ Retrying in 3 seconds to allow database synchronization...
[tra-cpl][DESKTOP][WEBKIT] 📡 Standard Second API Payload: cake_id=2BCEB0D7, domain_name=https://www.taxreliefadvocates.com
[tra-cpl][DESKTOP][WEBKIT] [STDERR] ❌ Second API Attempt 3 failed: Request failed with status code 404
[tra-cpl][DESKTOP][WEBKIT] ⏳ Retrying in 3 seconds to allow database synchronization...
[tra-cpl][DESKTOP][WEBKIT] 📡 Standard Second API Payload: cake_id=2BCEB0D7, domain_name=https://www.taxreliefadvocates.com
[tra-cpl][DESKTOP][WEBKIT] [STDERR] ❌ Second API Attempt 4 failed: Request failed with status code 404
[tra-cpl][DESKTOP][WEBKIT] ⏳ Retrying in 3 seconds to allow database synchronization...
[tra-cpl][DESKTOP][WEBKIT] 📡 Standard Second API Payload: cake_id=2BCEB0D7, domain_name=https://www.taxreliefadvocates.com
[tra-cpl][DESKTOP][WEBKIT] [STDERR] ❌ Second API Attempt 5 failed: Request failed with status code 404
[tra-cpl][DESKTOP][WEBKIT] ✅ Row appended successfully to sheet: TRA-CPL
[tra-cpl][DESKTOP][WEBKIT] ✨ Professional formatting applied to TRA-CPL
[tra-cpl][DESKTOP][WEBKIT] ✅ Lead processed successfully for TRA-CPL
[tra-cpl][DESKTOP][WEBKIT] 🎥 Video saved successfully: traces/videos/TRA-CPL_TRA-CPL.webm
[tra-cpl][DESKTOP][WEBKIT] 
✅ Execution successfully processed! { success: true, leadId: '2BCEB0D7', brand: 'TRA-CPL' }
[tra-cpl][DESKTOP][WEBKIT] [STDERR] ❌ Automation Run encountered a fatal exception: tracing.stop: Target page, context or browser has been closed
✅ [13/5/2026, 3:31:53 pm] COMPLETED: tra-cpl [DESKTOP][WEBKIT]

================================================================
🚀 [13/5/2026, 3:31:55 pm] RUNNING: TRA-CPL (TABLET) on WEBKIT
🔗 Target URL: https://flmtra.com/?a=659&oc=756&c=2210&s1=
================================================================
[tra-cpl][TABLET][WEBKIT] 🔌 [Browser Interceptor] Intercepting and optimizing engine: WEBKIT
[tra-cpl][TABLET][WEBKIT] ◇ injected env (0) from .env // tip: ◈ secrets for agents [www.dotenvx.com]
[tra-cpl][TABLET][WEBKIT] ◇ injected env (0) from .env // tip: ◈ secrets for agents [www.dotenvx.com]
[tra-cpl][TABLET][WEBKIT] ◇ injected env (0) from .env // tip: ⌘ override existing { override: true }
[tra-cpl][TABLET][WEBKIT] ◇ injected env (0) from .env // tip: ◈ secrets for agents [www.dotenvx.com]
[tra-cpl][TABLET][WEBKIT] 
🤖 ================================================================
🤖 MASTER RUNNER: LAUNCHING TRA-CPL
🤖 Mode:            TABLET
[tra-cpl][TABLET][WEBKIT] 🤖 Tracking URL:     https://flmtra.com/?a=659&oc=756&c=2210&s1=
🤖 Target Sheet:    TRA-CPL
[tra-cpl][TABLET][WEBKIT] 🤖 ================================================================
[tra-cpl][TABLET][WEBKIT] 📋 Emulated Device Profile: TABLET (iPad Pro 11)
[tra-cpl][TABLET][WEBKIT] ⏳ Delaying 2 seconds to allow responsive layouts to mount...
[tra-cpl][TABLET][WEBKIT] 🔄 Processing lead for brand: TRA-CPL Tablet
[tra-cpl][TABLET][WEBKIT] 🔗 [Mobile] Navigating to: https://flmtra.com/?a=659&oc=756&c=2210&s1=
[tra-cpl][TABLET][WEBKIT] ✅ [Mobile] Page loaded successfully
[tra-cpl][TABLET][WEBKIT] 💻 [Tablet] Injecting high-fidelity glossy iPad Pro mockup frame...
[tra-cpl][TABLET][WEBKIT] 💻 [Tablet] Injecting high-fidelity glossy iPad Pro mockup frame...
[tra-cpl][TABLET][WEBKIT] 📝 [Mobile] Starting mobile-specific form filling...
[tra-cpl][TABLET][WEBKIT] 🔘 [Mobile] Step 1: Selecting Debt Amount (30,000)
[tra-cpl][TABLET][WEBKIT] 🔘 [Mobile] Clicking active visible button: .next-btn1:visible, .btn-next:visible
[tra-cpl][TABLET][WEBKIT] ✅ [Mobile] Clicked: .next-btn1:visible, .btn-next:visible
[tra-cpl][TABLET][WEBKIT] 💻 [Tablet] Injecting high-fidelity glossy iPad Pro mockup frame...
[tra-cpl][TABLET][WEBKIT] ✅ [Mobile] Reached a recognized terminal step (State or Contact). Stopping dynamic traversal.
[tra-cpl][TABLET][WEBKIT] 🔘 [Mobile] Step 2: Selecting State
[tra-cpl][TABLET][WEBKIT] 📝 [Mobile] step3 column set to State: "IN"
[tra-cpl][TABLET][WEBKIT] 🔘 [Mobile] Clicking active visible button: .next-btn:visible, .next-btn2:visible, .btn-next:visible
[tra-cpl][TABLET][WEBKIT] ✅ [Mobile] Clicked: .next-btn:visible, .next-btn2:visible, .btn-next:visible
[tra-cpl][TABLET][WEBKIT] 💻 [Tablet] Injecting high-fidelity glossy iPad Pro mockup frame...
[tra-cpl][TABLET][WEBKIT] 🔘 [Mobile] Step 3: Filling Contact Info (Dynamic Loop)...
[tra-cpl][TABLET][WEBKIT] 💻 [Tablet] Injecting high-fidelity glossy iPad Pro mockup frame...
[tra-cpl][TABLET][WEBKIT] ✅ [Mobile] Filled First Name: ckmtestpixel
[tra-cpl][TABLET][WEBKIT] ✅ [Mobile] Filled Last Name: ckmtestpixel
[tra-cpl][TABLET][WEBKIT] 🔘 [Mobile] Clicking active contact NEXT/SUBMIT button...
[tra-cpl][TABLET][WEBKIT] 💻 [Tablet] Injecting high-fidelity glossy iPad Pro mockup frame...
[tra-cpl][TABLET][WEBKIT] ✅ [Mobile] Filled Email: ckmtestpixel@gmail.com
[tra-cpl][TABLET][WEBKIT] 🔘 [Mobile] Clicking active contact NEXT/SUBMIT button...
[tra-cpl][TABLET][WEBKIT] 💻 [Tablet] Injecting high-fidelity glossy iPad Pro mockup frame...
[tra-cpl][TABLET][WEBKIT] ✅ [Mobile] Filled Phone: 9763546781
[tra-cpl][TABLET][WEBKIT] 🔘 [Mobile] Clicking active contact NEXT/SUBMIT button...
[tra-cpl][TABLET][WEBKIT] 💻 [Tablet] Injecting high-fidelity glossy iPad Pro mockup frame...
[tra-cpl][TABLET][WEBKIT] 🔘 [Mobile] Contact form stable (no new fields to fill). Exiting contact loop.
🔘 [Mobile] Scanning for additional dynamic steps...
[tra-cpl][TABLET][WEBKIT] 🔘 [Mobile] Submitting form
[tra-cpl][TABLET][WEBKIT] ⏳ [Mobile] Waiting for submission navigation to complete
[tra-cpl][TABLET][WEBKIT] ⏳ [Mobile] Waiting for final Thank You page redirection...
[tra-cpl][TABLET][WEBKIT] ✅ [Mobile] Targeted final redirect URL achieved!
[tra-cpl][TABLET][WEBKIT] ✅ [Mobile] Final Thank You URL: https://tra.com/thank-you?debt=10000&leadid=32CB8946&reqid=26774791&affid=659&oid=133
[tra-cpl][TABLET][WEBKIT] ✅ [Mobile] Extracted Lead ID: 32CB8946
[tra-cpl][TABLET][WEBKIT] 📱 Device Type detected: T-WEBKIT
✅ Lead captured: 32CB8946
[tra-cpl][TABLET][WEBKIT] 📡 Fetching First API data for Lead ID: 32CB8946...
[tra-cpl][TABLET][WEBKIT] 📡 Raw XML Response: {
  "lead_info_response": {
    "$": {
      "xmlns:xsd": "http://www.w3.org/2001/XMLSchema",
      "xmlns:xsi": "http://www.w3.org/2001/XMLSchema-instance",
      "xmlns": "http://cakemarketing.com/api/1/"
    },
    "success": "true",
    "row_count": "1",
    "lead_id": "32CB8946",
    "personal_info": {
      "first_name": "CKMTESTPIXEL",
      "last_name": "CKMTESTPIXEL",
      "email_address": "ckmtestpixel@gmail.com",
      "address": {
        "street": "",
        "city": "",
        "state": "IN",
        "zip_code": "47368",
        "country": ""
      },
      "ip_address": "27.54.170.27",
      "phone_work": "",
      "phone_home": "976-354-6781",
      "phone_cell": "",
      "best_call_time": "",
      "opt_in": "false"
    },
    "traffic_info": {
      "lead_date": "2026-05-13T03:02:39.32",
      "payout": {
        "currency_id": "1",
        "amount": "0.0000",
        "formatted_amount": "$0.00"
      },
      "affiliate": {
        "affiliate_id": {
          "_": "659",
          "$": {
            "xmlns": "API:id_name_store"
          }
        },
        "affiliate_name": {
          "_": "QA affiliate",
          "$": {
            "xmlns": "API:id_name_store"
          }
        }
      },
      "campaign": {
        "campaign_id": {
          "_": "4075",
          "$": {
            "xmlns": "API:id_name_store"
          }
        },
        "campaign_name": {
          "_": "TRA.com CPL - CPL - CPA - $1.00",
          "$": {
            "xmlns": "API:id_name_store"
          }
        }
      },
      "creative_id": "2210",
      "subid_1": "",
      "subid_2": "",
      "subid_3": "",
      "subid_4": "",
      "subid_5": "",
      "referrer": "",
      "pixel_fired": "true",
      "returned_to_affiliate": "false",
      "test": "true",
      "upsell": "false"
    },
    "all_vertical_data": {
      "data": {
        "$": {
          "xmlns": ""
        },
        "tax_debt": "10000",
        "universal_leadid": "FD5A4914-6A42-CF6A-0E07-CD815CD35B21",
        "affid": "659",
        "TCPA_checkbox": "1",
        "reqid": "26774791",
        "page": "https://tra.com/list",
        "neustar": "fail",
        "neustar_disposition": ",,,,",
        "first_name_lower": "ckmtestpixel",
        "last_name_lower": "ckmtestpixel",
        "opt_special_offers": "on",
        "ckm_campaign_id": "3953"
      }
    },
    "dispositions": {
      "disposition": [
        {
          "disposition_type": "Not Paid For",
          "reason": "Unmatched Filter",
          "filter": "Nuestar Fail"
        },
        {
          "disposition_type": "Sent to Review Queue",
          "reason": "neustar: This value is not valid",
          "filter": "Equals Value"
        }
      ]
    },
    "pings": "",
    "posts": "",
    "sales": ""
  }
}
[tra-cpl][TABLET][WEBKIT] ✅ First API Data retrieved on attempt 1
[tra-cpl][TABLET][WEBKIT] 📡 Fetching Second API data for Lead ID: 32CB8946...
[tra-cpl][TABLET][WEBKIT] 📡 Standard Second API Payload: cake_id=32CB8946, domain_name=https://www.taxreliefadvocates.com
[tra-cpl][TABLET][WEBKIT] [STDERR] (node:9540) Warning: Setting the NODE_TLS_REJECT_UNAUTHORIZED environment variable to '0' makes TLS connections and HTTPS requests insecure by disabling certificate verification.
(Use `node --trace-warnings ...` to show where the warning was created)
[tra-cpl][TABLET][WEBKIT] [STDERR] ❌ Second API Attempt 1 failed: Request failed with status code 404
[tra-cpl][TABLET][WEBKIT] ⏳ Retrying in 3 seconds to allow database synchronization...
[tra-cpl][TABLET][WEBKIT] 📡 Standard Second API Payload: cake_id=32CB8946, domain_name=https://www.taxreliefadvocates.com
[tra-cpl][TABLET][WEBKIT] [STDERR] ❌ Second API Attempt 2 failed: Request failed with status code 404
[tra-cpl][TABLET][WEBKIT] ⏳ Retrying in 3 seconds to allow database synchronization...
[tra-cpl][TABLET][WEBKIT] 📡 Standard Second API Payload: cake_id=32CB8946, domain_name=https://www.taxreliefadvocates.com
[tra-cpl][TABLET][WEBKIT] [STDERR] ❌ Second API Attempt 3 failed: Request failed with status code 404
[tra-cpl][TABLET][WEBKIT] ⏳ Retrying in 3 seconds to allow database synchronization...
[tra-cpl][TABLET][WEBKIT] 📡 Standard Second API Payload: cake_id=32CB8946, domain_name=https://www.taxreliefadvocates.com
[tra-cpl][TABLET][WEBKIT] [STDERR] ❌ Second API Attempt 4 failed: Request failed with status code 404
[tra-cpl][TABLET][WEBKIT] ⏳ Retrying in 3 seconds to allow database synchronization...
[tra-cpl][TABLET][WEBKIT] 📡 Standard Second API Payload: cake_id=32CB8946, domain_name=https://www.taxreliefadvocates.com
[tra-cpl][TABLET][WEBKIT] [STDERR] ❌ Second API Attempt 5 failed: Request failed with status code 404
[tra-cpl][TABLET][WEBKIT] ✅ Row appended successfully to sheet: TRA-CPL
[tra-cpl][TABLET][WEBKIT] ✨ Professional formatting applied to TRA-CPL
✅ Lead processed successfully for TRA-CPL Tablet
[tra-cpl][TABLET][WEBKIT] 🎥 Video saved successfully: traces/videos/TRA-CPL_TRA-CPL_Tablet.webm
[tra-cpl][TABLET][WEBKIT] 
✅ Execution successfully processed! { success: true, leadId: '32CB8946', brand: 'TRA-CPL Tablet' }
[tra-cpl][TABLET][WEBKIT] [STDERR] ❌ Automation Run encountered a fatal exception: tracing.stop: Target page, context or browser has been closed
✅ [13/5/2026, 3:33:30 pm] COMPLETED: tra-cpl [TABLET][WEBKIT]

================================================================
🚀 [13/5/2026, 3:33:32 pm] RUNNING: TRA-CPL (MOBILE) on WEBKIT
🔗 Target URL: https://flmtra.com/?a=659&oc=756&c=2210&s1=
================================================================
[tra-cpl][MOBILE][WEBKIT] 🔌 [Browser Interceptor] Intercepting and optimizing engine: WEBKIT
[tra-cpl][MOBILE][WEBKIT] ◇ injected env (0) from .env // tip: ⌘ custom filepath { path: '/custom/path/.env' }
[tra-cpl][MOBILE][WEBKIT] ◇ injected env (0) from .env // tip: ⌘ multiple files { path: ['.env.local', '.env'] }
[tra-cpl][MOBILE][WEBKIT] ◇ injected env (0) from .env // tip: ⌘ enable debugging { debug: true }
[tra-cpl][MOBILE][WEBKIT] ◇ injected env (0) from .env // tip: ⌁ auth for agents [www.vestauth.com]
[tra-cpl][MOBILE][WEBKIT] 
🤖 ================================================================
[tra-cpl][MOBILE][WEBKIT] 🤖 MASTER RUNNER: LAUNCHING TRA-CPL
🤖 Mode:            MOBILE
[tra-cpl][MOBILE][WEBKIT] 🤖 Tracking URL:     https://flmtra.com/?a=659&oc=756&c=2210&s1=
[tra-cpl][MOBILE][WEBKIT] 🤖 Target Sheet:    TRA-CPL
[tra-cpl][MOBILE][WEBKIT] 🤖 ================================================================
[tra-cpl][MOBILE][WEBKIT] 📱 Emulated Device Profile: MOBILE (iPhone 17 Pro)
[tra-cpl][MOBILE][WEBKIT] ⏳ Delaying 2 seconds to allow responsive layouts to mount...
[tra-cpl][MOBILE][WEBKIT] 🔄 Processing lead for brand: TRA-CPL Mobile
[tra-cpl][MOBILE][WEBKIT] 🔗 [Mobile] Navigating to: https://flmtra.com/?a=659&oc=756&c=2210&s1=
[tra-cpl][MOBILE][WEBKIT] ✅ [Mobile] Page loaded successfully
[tra-cpl][MOBILE][WEBKIT] 📱 [Mobile] Injecting high-fidelity glossy Natural Titanium iPhone 17 Pro mockup frame...
[tra-cpl][MOBILE][WEBKIT] 📱 [Mobile] Injecting high-fidelity glossy Natural Titanium iPhone 17 Pro mockup frame...
[tra-cpl][MOBILE][WEBKIT] 📝 [Mobile] Starting mobile-specific form filling...
[tra-cpl][MOBILE][WEBKIT] 🔘 [Mobile] Step 1: Selecting Debt Amount (30,000)
[tra-cpl][MOBILE][WEBKIT] 🔘 [Mobile] Clicking active visible button: .next-btn1:visible, .btn-next:visible
[tra-cpl][MOBILE][WEBKIT] ✅ [Mobile] Clicked: .next-btn1:visible, .btn-next:visible
[tra-cpl][MOBILE][WEBKIT] 📱 [Mobile] Injecting high-fidelity glossy Natural Titanium iPhone 17 Pro mockup frame...
[tra-cpl][MOBILE][WEBKIT] ✅ [Mobile] Reached a recognized terminal step (State or Contact). Stopping dynamic traversal.
[tra-cpl][MOBILE][WEBKIT] 🔘 [Mobile] Step 2: Selecting State
[tra-cpl][MOBILE][WEBKIT] 📝 [Mobile] step3 column set to State: "IN"
[tra-cpl][MOBILE][WEBKIT] 🔘 [Mobile] Clicking active visible button: .next-btn:visible, .next-btn2:visible, .btn-next:visible
[tra-cpl][MOBILE][WEBKIT] ✅ [Mobile] Clicked: .next-btn:visible, .next-btn2:visible, .btn-next:visible
[tra-cpl][MOBILE][WEBKIT] 📱 [Mobile] Injecting high-fidelity glossy Natural Titanium iPhone 17 Pro mockup frame...
[tra-cpl][MOBILE][WEBKIT] 🔘 [Mobile] Step 3: Filling Contact Info (Dynamic Loop)...
[tra-cpl][MOBILE][WEBKIT] 📱 [Mobile] Injecting high-fidelity glossy Natural Titanium iPhone 17 Pro mockup frame...
[tra-cpl][MOBILE][WEBKIT] ✅ [Mobile] Filled First Name: ckmtestpixel
[tra-cpl][MOBILE][WEBKIT] ✅ [Mobile] Filled Last Name: ckmtestpixel
[tra-cpl][MOBILE][WEBKIT] 🔘 [Mobile] Clicking active contact NEXT/SUBMIT button...
[tra-cpl][MOBILE][WEBKIT] 📱 [Mobile] Injecting high-fidelity glossy Natural Titanium iPhone 17 Pro mockup frame...
[tra-cpl][MOBILE][WEBKIT] ✅ [Mobile] Filled Email: ckmtestpixel@gmail.com
[tra-cpl][MOBILE][WEBKIT] 🔘 [Mobile] Clicking active contact NEXT/SUBMIT button...
[tra-cpl][MOBILE][WEBKIT] 📱 [Mobile] Injecting high-fidelity glossy Natural Titanium iPhone 17 Pro mockup frame...
[tra-cpl][MOBILE][WEBKIT] ✅ [Mobile] Filled Phone: 9763546781
[tra-cpl][MOBILE][WEBKIT] 🔘 [Mobile] Clicking active contact NEXT/SUBMIT button...
[tra-cpl][MOBILE][WEBKIT] 📱 [Mobile] Injecting high-fidelity glossy Natural Titanium iPhone 17 Pro mockup frame...
[tra-cpl][MOBILE][WEBKIT] 🔘 [Mobile] Contact form stable (no new fields to fill). Exiting contact loop.
🔘 [Mobile] Scanning for additional dynamic steps...
[tra-cpl][MOBILE][WEBKIT] 🔘 [Mobile] Submitting form
[tra-cpl][MOBILE][WEBKIT] ⏳ [Mobile] Waiting for submission navigation to complete
[tra-cpl][MOBILE][WEBKIT] ⏳ [Mobile] Waiting for final Thank You page redirection...
[tra-cpl][MOBILE][WEBKIT] ✅ [Mobile] Targeted final redirect URL achieved!
[tra-cpl][MOBILE][WEBKIT] ✅ [Mobile] Final Thank You URL: https://tra.com/thank-you?debt=10000&leadid=AD21903D&reqid=26774793&affid=659&oid=133
[tra-cpl][MOBILE][WEBKIT] ✅ [Mobile] Extracted Lead ID: AD21903D
📱 Device Type detected: M-WEBKIT
[tra-cpl][MOBILE][WEBKIT] ✅ Lead captured: AD21903D
[tra-cpl][MOBILE][WEBKIT] 📡 Fetching First API data for Lead ID: AD21903D...
[tra-cpl][MOBILE][WEBKIT] 📡 Raw XML Response: {
  "lead_info_response": {
    "$": {
      "xmlns:xsd": "http://www.w3.org/2001/XMLSchema",
      "xmlns:xsi": "http://www.w3.org/2001/XMLSchema-instance",
      "xmlns": "http://cakemarketing.com/api/1/"
    },
    "success": "true",
    "row_count": "1",
    "lead_id": "AD21903D",
    "personal_info": {
      "first_name": "CKMTESTPIXEL",
      "last_name": "CKMTESTPIXEL",
      "email_address": "ckmtestpixel@gmail.com",
      "address": {
        "street": "",
        "city": "",
        "state": "IN",
        "zip_code": "46255",
        "country": ""
      },
      "ip_address": "27.54.170.27",
      "phone_work": "",
      "phone_home": "976-354-6781",
      "phone_cell": "",
      "best_call_time": "",
      "opt_in": "false"
    },
    "traffic_info": {
      "lead_date": "2026-05-13T03:04:12.16",
      "payout": {
        "currency_id": "1",
        "amount": "0.0000",
        "formatted_amount": "$0.00"
      },
      "affiliate": {
        "affiliate_id": {
          "_": "659",
          "$": {
            "xmlns": "API:id_name_store"
          }
        },
        "affiliate_name": {
          "_": "QA affiliate",
          "$": {
            "xmlns": "API:id_name_store"
          }
        }
      },
      "campaign": {
        "campaign_id": {
          "_": "4075",
          "$": {
            "xmlns": "API:id_name_store"
          }
        },
        "campaign_name": {
          "_": "TRA.com CPL - CPL - CPA - $1.00",
          "$": {
            "xmlns": "API:id_name_store"
          }
        }
      },
      "creative_id": "2210",
      "subid_1": "",
      "subid_2": "",
      "subid_3": "",
      "subid_4": "",
      "subid_5": "",
      "referrer": "",
      "pixel_fired": "true",
      "returned_to_affiliate": "false",
      "test": "true",
      "upsell": "false"
    },
    "all_vertical_data": {
      "data": {
        "$": {
          "xmlns": ""
        },
        "tax_debt": "10000",
        "universal_leadid": "A63FCFC5-908B-DB51-0218-122C76C01EE5",
        "affid": "659",
        "TCPA_checkbox": "1",
        "reqid": "26774793",
        "page": "https://tra.com/list",
        "neustar": "fail",
        "neustar_disposition": ",,,,",
        "first_name_lower": "ckmtestpixel",
        "last_name_lower": "ckmtestpixel",
        "opt_special_offers": "on",
        "ckm_campaign_id": "3953"
      }
    },
    "dispositions": {
      "disposition": [
        {
          "disposition_type": "Not Paid For",
          "reason": "Unmatched Filter",
          "filter": "Nuestar Fail"
        },
        {
          "disposition_type": "Sent to Review Queue",
          "reason": "neustar: This value is not valid",
          "filter": "Equals Value"
        }
      ]
    },
    "pings": "",
    "posts": "",
    "sales": ""
  }
}
[tra-cpl][MOBILE][WEBKIT] ✅ First API Data retrieved on attempt 1
[tra-cpl][MOBILE][WEBKIT] 📡 Fetching Second API data for Lead ID: AD21903D...
[tra-cpl][MOBILE][WEBKIT] 📡 Standard Second API Payload: cake_id=AD21903D, domain_name=https://www.taxreliefadvocates.com
[tra-cpl][MOBILE][WEBKIT] [STDERR] (node:20828) Warning: Setting the NODE_TLS_REJECT_UNAUTHORIZED environment variable to '0' makes TLS connections and HTTPS requests insecure by disabling certificate verification.
(Use `node --trace-warnings ...` to show where the warning was created)
[tra-cpl][MOBILE][WEBKIT] [STDERR] ❌ Second API Attempt 1 failed: Request failed with status code 404
[tra-cpl][MOBILE][WEBKIT] ⏳ Retrying in 3 seconds to allow database synchronization...
[tra-cpl][MOBILE][WEBKIT] 📡 Standard Second API Payload: cake_id=AD21903D, domain_name=https://www.taxreliefadvocates.com
[tra-cpl][MOBILE][WEBKIT] [STDERR] ❌ Second API Attempt 2 failed: Request failed with status code 404
[tra-cpl][MOBILE][WEBKIT] ⏳ Retrying in 3 seconds to allow database synchronization...
[tra-cpl][MOBILE][WEBKIT] 📡 Standard Second API Payload: cake_id=AD21903D, domain_name=https://www.taxreliefadvocates.com
[tra-cpl][MOBILE][WEBKIT] [STDERR] ❌ Second API Attempt 3 failed: Request failed with status code 404
[tra-cpl][MOBILE][WEBKIT] ⏳ Retrying in 3 seconds to allow database synchronization...
[tra-cpl][MOBILE][WEBKIT] 📡 Standard Second API Payload: cake_id=AD21903D, domain_name=https://www.taxreliefadvocates.com
[tra-cpl][MOBILE][WEBKIT] [STDERR] ❌ Second API Attempt 4 failed: Request failed with status code 404
[tra-cpl][MOBILE][WEBKIT] ⏳ Retrying in 3 seconds to allow database synchronization...
[tra-cpl][MOBILE][WEBKIT] 📡 Standard Second API Payload: cake_id=AD21903D, domain_name=https://www.taxreliefadvocates.com
[tra-cpl][MOBILE][WEBKIT] [STDERR] ❌ Second API Attempt 5 failed: Request failed with status code 404
[tra-cpl][MOBILE][WEBKIT] ✅ Row appended successfully to sheet: TRA-CPL
[tra-cpl][MOBILE][WEBKIT] ✨ Professional formatting applied to TRA-CPL
✅ Lead processed successfully for TRA-CPL Mobile
[tra-cpl][MOBILE][WEBKIT] 🎥 Video saved successfully: traces/videos/TRA-CPL_TRA-CPL_Mobile.webm
[tra-cpl][MOBILE][WEBKIT] 
✅ Execution successfully processed! { success: true, leadId: 'AD21903D', brand: 'TRA-CPL Mobile' }
[tra-cpl][MOBILE][WEBKIT] [STDERR] ❌ Automation Run encountered a fatal exception: tracing.stop: Target page, context or browser has been closed
✅ [13/5/2026, 3:35:00 pm] COMPLETED: tra-cpl [MOBILE][WEBKIT]

================================================================
⚡ Running Campaign Viewports on Browser Engine: CHROMIUM - [TRA-D3]
================================================================

================================================================
🚀 [13/5/2026, 3:35:07 pm] RUNNING: TRA-D3 (DESKTOP) on CHROMIUM
🔗 Target URL: https://flmtra.com/?a=659&oc=792&c=2386&s1=
================================================================
[tra-d3][DESKTOP][CHROMIUM] 🔌 [Browser Interceptor] Intercepting and optimizing engine: CHROMIUM
[tra-d3][DESKTOP][CHROMIUM] ◇ injected env (0) from .env // tip: ⌁ auth for agents [www.vestauth.com]
[tra-d3][DESKTOP][CHROMIUM] ◇ injected env (0) from .env // tip: ⌘ enable debugging { debug: true }
[tra-d3][DESKTOP][CHROMIUM] ◇ injected env (0) from .env // tip: ⌘ custom filepath { path: '/custom/path/.env' }
[tra-d3][DESKTOP][CHROMIUM] ◇ injected env (0) from .env // tip: ◈ encrypted .env [www.dotenvx.com]
[tra-d3][DESKTOP][CHROMIUM] 
🤖 ================================================================
[tra-d3][DESKTOP][CHROMIUM] 🤖 MASTER RUNNER: LAUNCHING TRA-D3
🤖 Mode:            DESKTOP
🤖 Tracking URL:     https://flmtra.com/?a=659&oc=792&c=2386&s1=
🤖 Target Sheet:    TRA-DT3
🤖 ================================================================
[tra-d3][DESKTOP][CHROMIUM] 💻 Emulated Device Profile: DESKTOP
[tra-d3][DESKTOP][CHROMIUM] 🔄 Processing lead for brand: TRA-D3
[tra-d3][DESKTOP][CHROMIUM] 🔗 Navigating to: https://flmtra.com/?a=659&oc=792&c=2386&s1=
[tra-d3][DESKTOP][CHROMIUM] ✅ Page loaded successfully
[tra-d3][DESKTOP][CHROMIUM] 📝 Starting multi-step form filling process...
[tra-d3][DESKTOP][CHROMIUM] 🔘 Step 1: Handling Debt Amount (10,000)
[tra-d3][DESKTOP][CHROMIUM] ✅ Selected debt amount via selector: span:has-text("$10,000")
[tra-d3][DESKTOP][CHROMIUM] 🔘 Attempting to click .next-btn1, .btn-next
[tra-d3][DESKTOP][CHROMIUM] ✅ Clicked .next-btn1, .btn-next
[tra-d3][DESKTOP][CHROMIUM] 🔘 Dynamic Choice found: clicking "Federal Tax Debt" (button:not([type="submit"]):not(:has-text("NEXT")):not(:has-text("Next")):visible)
[tra-d3][DESKTOP][CHROMIUM] 📝 step1 column set to: "Federal Tax Debt"
[tra-d3][DESKTOP][CHROMIUM] 🔘 Dynamic Choice found: clicking "Less than $4,000" (button:not([type="submit"]):not(:has-text("NEXT")):not(:has-text("Next")):visible)
📝 step2 column set to: "Less than $4,000"
[tra-d3][DESKTOP][CHROMIUM] ✅ Reached a recognized terminal step (State or Contact). Stopping dynamic traversal.
[tra-d3][DESKTOP][CHROMIUM] 🔘 Filling Contact Info (Dynamic Loop)...
[tra-d3][DESKTOP][CHROMIUM] ✅ Filled First Name: ckmtestpixel
[tra-d3][DESKTOP][CHROMIUM] ✅ Filled Last Name: ckmtestpixel
[tra-d3][DESKTOP][CHROMIUM] ✅ Filled Email: ckmtestpixel@gmail.com
[tra-d3][DESKTOP][CHROMIUM] ✅ Filled Phone: 843-939-2210
[tra-d3][DESKTOP][CHROMIUM] 🔘 Clicking active contact NEXT/SUBMIT button...
[tra-d3][DESKTOP][CHROMIUM] [STDERR] ❌ Error during form filling: locator.click: Timeout 25000ms exceeded.
Call log:
[2m  - waiting for locator('#primary_phone:visible, #phone:visible, #phone_home:visible, input[name="phone"]:visible, input[name="phone_home"]:visible, input[name="primary_phone"]:visible, input[type="tel"]:visible').first()[22m
[2m    - locator resolved to <input type="tel" tabindex="0" id="primary_phone" placeholder="Phone" name="primary_phone" aria-invalid="false" class="form-control valid" data-gtm-form-interact-field-id="3"/>[22m
[2m  - attempting click action[22m
[2m    2 × waiting for element to be visible, enabled and stable[22m
[2m      - element is visible, enabled and stable[22m
[2m      - scrolling into view if needed[22m
[2m      - done scrolling[22m
[2m      - <div class="loader">Loading…</div> intercepts pointer events[22m
[2m    - retrying click action[22m
[2m    - waiting 20ms[22m
[2m    2 × waiting for element to be visible, enabled and stable[22m
[2m      - element is visible, enabled and stable[22m
[2m      - scrolling into view if needed[22m
[2m      - done scrolling[22m
[2m      - <div class="loader">Loading…</div> intercepts pointer events[22m
[2m    - retrying click action[22m
[2m      - waiting 100ms[22m
[2m    - waiting for element to be visible, enabled and stable[22m
[2m    - element is visible, enabled and stable[22m
[2m    - scrolling into view if needed[22m
[2m    - done scrolling[22m
[2m    - <div class="loader">Loading…</div> intercepts pointer events[22m
[2m  - retrying click action[22m
[2m    - waiting 500ms[22m
[2m    - waiting for" https://tra.com/thank-you?debt=10000&leadid=3A70F110&reqid=26774794&affid=659&oid=145" navigation to finish...[22m
[2m    - navigated to "https://tra.com/thank-you?debt=10000&leadid=3A70F110&reqid=26774794&affid=659&oid=145"[22m
[2m    - waiting for element to be visible, enabled and stable[22m
[2m  - element was detached from the DOM, retrying[22m

[tra-d3][DESKTOP][CHROMIUM] [STDERR] ❌ Failed processing TRA-D3: locator.click: Timeout 25000ms exceeded.
Call log:
[2m  - waiting for locator('#primary_phone:visible, #phone:visible, #phone_home:visible, input[name="phone"]:visible, input[name="phone_home"]:visible, input[name="primary_phone"]:visible, input[type="tel"]:visible').first()[22m
[2m    - locator resolved to <input type="tel" tabindex="0" id="primary_phone" placeholder="Phone" name="primary_phone" aria-invalid="false" class="form-control valid" data-gtm-form-interact-field-id="3"/>[22m
[2m  - attempting click action[22m
[2m    2 × waiting for element to be visible, enabled and stable[22m
[2m      - element is visible, enabled and stable[22m
[2m      - scrolling into view if needed[22m
[2m      - done scrolling[22m
[2m      - <div class="loader">Loading…</div> intercepts pointer events[22m
[2m    - retrying click action[22m
[2m    - waiting 20ms[22m
[2m    2 × waiting for element to be visible, enabled and stable[22m
[2m      - element is visible, enabled and stable[22m
[2m      - scrolling into view if needed[22m
[2m      - done scrolling[22m
[2m      - <div class="loader">Loading…</div> intercepts pointer events[22m
[2m    - retrying click action[22m
[2m      - waiting 100ms[22m
[2m    - waiting for element to be visible, enabled and stable[22m
[2m    - element is visible, enabled and stable[22m
[2m    - scrolling into view if needed[22m
[2m    - done scrolling[22m
[2m    - <div class="loader">Loading…</div> intercepts pointer events[22m
[2m  - retrying click action[22m
[2m    - waiting 500ms[22m
[2m    - waiting for" https://tra.com/thank-you?debt=10000&leadid=3A70F110&reqid=26774794&affid=659&oid=145" navigation to finish...[22m
[2m    - navigated to "https://tra.com/thank-you?debt=10000&leadid=3A70F110&reqid=26774794&affid=659&oid=145"[22m
[2m    - waiting for element to be visible, enabled and stable[22m
[2m  - element was detached from the DOM, retrying[22m

[tra-d3][DESKTOP][CHROMIUM] 
✅ Execution successfully processed! {
  success: false,
  error: 'locator.click: Timeout 25000ms exceeded.\n' +
    'Call log:\n' +
    `\x1B[2m  - waiting for locator('#primary_phone:visible, #phone:visible, #phone_home:visible, input[name="phone"]:visible, input[name="phone_home"]:visible, input[name="primary_phone"]:visible, input[type="tel"]:visible').first()\x1B[22m\n` +
    '\x1B[2m    - locator resolved to <input type="tel" tabindex="0" id="primary_phone" placeholder="Phone" name="primary_phone" aria-invalid="false" class="form-control valid" data-gtm-form-interact-field-id="3"/>\x1B[22m\n' +
    '\x1B[2m  - attempting click action\x1B[22m\n' +
    '\x1B[2m    2 × waiting for element to be visible, enabled and stable\x1B[22m\n' +
    '\x1B[2m      - element is visible, enabled and stable\x1B[22m\n' +
    '\x1B[2m      - scrolling into view if needed\x1B[22m\n' +
    '\x1B[2m      - done scrolling\x1B[22m\n' +
    '\x1B[2m      - <div class="loader">Loading…</div> intercepts pointer events\x1B[22m\n' +
    '\x1B[2m    - retrying click action\x1B[22m\n' +
    '\x1B[2m    - waiting 20ms\x1B[22m\n' +
    '\x1B[2m    2 × waiting for element to be visible, enabled and stable\x1B[22m\n' +
    '\x1B[2m      - element is visible, enabled and stable\x1B[22m\n' +
    '\x1B[2m      - scrolling into view if needed\x1B[22m\n' +
    '\x1B[2m      - done scrolling\x1B[22m\n' +
    '\x1B[2m      - <div class="loader">Loading…</div> intercepts pointer events\x1B[22m\n' +
    '\x1B[2m    - retrying click action\x1B[22m\n' +
    '\x1B[2m      - waiting 100ms\x1B[22m\n' +
    '\x1B[2m    - waiting for element to be visible, enabled and stable\x1B[22m\n' +
    '\x1B[2m    - element is visible, enabled and stable\x1B[22m\n' +
    '\x1B[2m    - scrolling into view if needed\x1B[22m\n' +
    '\x1B[2m    - done scrolling\x1B[22m\n' +
    '\x1B[2m    - <div class="loader">Loading…</div> intercepts pointer events\x1B[22m\n' +
    '\x1B[2m  - retrying click action\x1B[22m\n' +
    '\x1B[2m    - waiting 500ms\x1B[22m\n' +
    '\x1B[2m    - waiting for" https://tra.com/thank-you?debt=10000&leadid=3A70F110&reqid=26774794&affid=659&oid=145" navigation to finish...\x1B[22m\n' +
    '\x1B[2m    - navigated to "https://tra.com/thank-you?debt=10000&leadid=3A70F110&reqid=26774794&affid=659&oid=145"\x1B[22m\n' +
    '\x1B[2m    - waiting for element to be visible, enabled and stable\x1B[22m\n' +
    '\x1B[2m  - element was detached from the DOM, retrying\x1B[22m\n',
  brand: 'TRA-D3'
}
[tra-d3][DESKTOP][CHROMIUM] 📋 Trace report successfully saved: traces/tra-d3_desktop.zip
✅ [13/5/2026, 3:36:13 pm] COMPLETED: tra-d3 [DESKTOP][CHROMIUM]

================================================================
🚀 [13/5/2026, 3:36:15 pm] RUNNING: TRA-D3 (TABLET) on CHROMIUM
🔗 Target URL: https://flmtra.com/?a=659&oc=792&c=2386&s1=
================================================================
[tra-d3][TABLET][CHROMIUM] 🔌 [Browser Interceptor] Intercepting and optimizing engine: CHROMIUM
[tra-d3][TABLET][CHROMIUM] ◇ injected env (0) from .env // tip: ◈ secrets for agents [www.dotenvx.com]
[tra-d3][TABLET][CHROMIUM] ◇ injected env (0) from .env // tip: ⌘ custom filepath { path: '/custom/path/.env' }
[tra-d3][TABLET][CHROMIUM] ◇ injected env (0) from .env // tip: ⌁ auth for agents [www.vestauth.com]
[tra-d3][TABLET][CHROMIUM] ◇ injected env (0) from .env // tip: ⌘ enable debugging { debug: true }
[tra-d3][TABLET][CHROMIUM] 
🤖 ================================================================
🤖 MASTER RUNNER: LAUNCHING TRA-D3
🤖 Mode:            TABLET
🤖 Tracking URL:     https://flmtra.com/?a=659&oc=792&c=2386&s1=
[tra-d3][TABLET][CHROMIUM] 🤖 Target Sheet:    TRA-DT3
🤖 ================================================================
[tra-d3][TABLET][CHROMIUM] 📋 Emulated Device Profile: TABLET (iPad Pro 11)
[tra-d3][TABLET][CHROMIUM] ⏳ Delaying 2 seconds to allow responsive layouts to mount...
[tra-d3][TABLET][CHROMIUM] 🔄 Processing lead for brand: TRA-D3 Tablet
[tra-d3][TABLET][CHROMIUM] 🔗 [Mobile] Navigating to: https://flmtra.com/?a=659&oc=792&c=2386&s1=
[tra-d3][TABLET][CHROMIUM] ✅ [Mobile] Page loaded successfully
[tra-d3][TABLET][CHROMIUM] 💻 [Tablet] Injecting high-fidelity glossy iPad Pro mockup frame...
[tra-d3][TABLET][CHROMIUM] 💻 [Tablet] Injecting high-fidelity glossy iPad Pro mockup frame...
[tra-d3][TABLET][CHROMIUM] 📝 [Mobile] Starting mobile-specific form filling...
[tra-d3][TABLET][CHROMIUM] 🔘 [Mobile] Step 1: Selecting Debt Amount (10,000)
[tra-d3][TABLET][CHROMIUM] ✅ [Mobile] Selected debt amount: span:has-text("$10,000")
[tra-d3][TABLET][CHROMIUM] 🔘 [Mobile] Clicking active visible button: .next-btn1:visible, .btn-next:visible
[tra-d3][TABLET][CHROMIUM] ✅ [Mobile] Clicked: .next-btn1:visible, .btn-next:visible
[tra-d3][TABLET][CHROMIUM] 💻 [Tablet] Injecting high-fidelity glossy iPad Pro mockup frame...
[tra-d3][TABLET][CHROMIUM] 🔘 [Mobile] Dynamic Choice found: clicking "Federal Tax Debt" (button:not([type="submit"]):not(:has-text("NEXT")):not(:has-text("Next")):visible)
[tra-d3][TABLET][CHROMIUM] 📝 [Mobile] step1 column set to: "Federal Tax Debt"
[tra-d3][TABLET][CHROMIUM] 💻 [Tablet] Injecting high-fidelity glossy iPad Pro mockup frame...
[tra-d3][TABLET][CHROMIUM] 🔘 [Mobile] Dynamic Choice found: clicking "Less than $4,000" (button:not([type="submit"]):not(:has-text("NEXT")):not(:has-text("Next")):visible)
[tra-d3][TABLET][CHROMIUM] 📝 [Mobile] step2 column set to: "Less than $4,000"
[tra-d3][TABLET][CHROMIUM] 💻 [Tablet] Injecting high-fidelity glossy iPad Pro mockup frame...
[tra-d3][TABLET][CHROMIUM] ✅ [Mobile] Reached a recognized terminal step (State or Contact). Stopping dynamic traversal.
[tra-d3][TABLET][CHROMIUM] 🔘 [Mobile] Step 3: Filling Contact Info (Dynamic Loop)...
[tra-d3][TABLET][CHROMIUM] 💻 [Tablet] Injecting high-fidelity glossy iPad Pro mockup frame...
[tra-d3][TABLET][CHROMIUM] ✅ [Mobile] Filled First Name: ckmtestpixel
[tra-d3][TABLET][CHROMIUM] ✅ [Mobile] Filled Last Name: ckmtestpixel
[tra-d3][TABLET][CHROMIUM] ✅ [Mobile] Filled Email: ckmtestpixel@gmail.com
[tra-d3][TABLET][CHROMIUM] ✅ [Mobile] Filled Phone: 843-939-2210
[tra-d3][TABLET][CHROMIUM] 🔘 [Mobile] Clicking active contact NEXT/SUBMIT button...
[tra-d3][TABLET][CHROMIUM] 💻 [Tablet] Injecting high-fidelity glossy iPad Pro mockup frame...
[tra-d3][TABLET][CHROMIUM] [STDERR] ❌ [Mobile] Error during mobile form filling: locator.evaluate: Execution context was destroyed, most likely because of a navigation
[tra-d3][TABLET][CHROMIUM] [STDERR] ❌ Failed processing TRA-D3 Tablet: locator.evaluate: Execution context was destroyed, most likely because of a navigation
[tra-d3][TABLET][CHROMIUM] 
✅ Execution successfully processed! {
  success: false,
  error: 'locator.evaluate: Execution context was destroyed, most likely because of a navigation',
  brand: 'TRA-D3 Tablet'
}
[tra-d3][TABLET][CHROMIUM] 📋 Trace report successfully saved: traces/tra-d3_tablet.zip
✅ [13/5/2026, 3:36:56 pm] COMPLETED: tra-d3 [TABLET][CHROMIUM]

================================================================
🚀 [13/5/2026, 3:36:58 pm] RUNNING: TRA-D3 (MOBILE) on CHROMIUM
🔗 Target URL: https://flmtra.com/?a=659&oc=792&c=2386&s1=
================================================================
[tra-d3][MOBILE][CHROMIUM] 🔌 [Browser Interceptor] Intercepting and optimizing engine: CHROMIUM
[tra-d3][MOBILE][CHROMIUM] ◇ injected env (0) from .env // tip: ⌘ suppress logs { quiet: true }
[tra-d3][MOBILE][CHROMIUM] ◇ injected env (0) from .env // tip: ◈ encrypted .env [www.dotenvx.com]
[tra-d3][MOBILE][CHROMIUM] ◇ injected env (0) from .env // tip: ⌘ enable debugging { debug: true }
[tra-d3][MOBILE][CHROMIUM] ◇ injected env (0) from .env // tip: ⌘ multiple files { path: ['.env.local', '.env'] }
[tra-d3][MOBILE][CHROMIUM] 
🤖 ================================================================
🤖 MASTER RUNNER: LAUNCHING TRA-D3
[tra-d3][MOBILE][CHROMIUM] 🤖 Mode:            MOBILE
🤖 Tracking URL:     https://flmtra.com/?a=659&oc=792&c=2386&s1=
[tra-d3][MOBILE][CHROMIUM] 🤖 Target Sheet:    TRA-DT3
🤖 ================================================================
[tra-d3][MOBILE][CHROMIUM] 📱 Emulated Device Profile: MOBILE (iPhone 17 Pro)
[tra-d3][MOBILE][CHROMIUM] ⏳ Delaying 2 seconds to allow responsive layouts to mount...
[tra-d3][MOBILE][CHROMIUM] 🔄 Processing lead for brand: TRA-D3 Mobile
[tra-d3][MOBILE][CHROMIUM] 🔗 [Mobile] Navigating to: https://flmtra.com/?a=659&oc=792&c=2386&s1=
[tra-d3][MOBILE][CHROMIUM] ✅ [Mobile] Page loaded successfully
[tra-d3][MOBILE][CHROMIUM] 📱 [Mobile] Injecting high-fidelity glossy Natural Titanium iPhone 17 Pro mockup frame...
[tra-d3][MOBILE][CHROMIUM] 📱 [Mobile] Injecting high-fidelity glossy Natural Titanium iPhone 17 Pro mockup frame...
[tra-d3][MOBILE][CHROMIUM] 📝 [Mobile] Starting mobile-specific form filling...
[tra-d3][MOBILE][CHROMIUM] 🔘 [Mobile] Step 1: Selecting Debt Amount (10,000)
[tra-d3][MOBILE][CHROMIUM] ✅ [Mobile] Selected debt amount: span:has-text("$10,000")
[tra-d3][MOBILE][CHROMIUM] 🔘 [Mobile] Clicking active visible button: .next-btn1:visible, .btn-next:visible
[tra-d3][MOBILE][CHROMIUM] ✅ [Mobile] Clicked: .next-btn1:visible, .btn-next:visible
[tra-d3][MOBILE][CHROMIUM] 📱 [Mobile] Injecting high-fidelity glossy Natural Titanium iPhone 17 Pro mockup frame...
[tra-d3][MOBILE][CHROMIUM] 🔘 [Mobile] Dynamic Choice found: clicking "Federal Tax Debt" (button:not([type="submit"]):not(:has-text("NEXT")):not(:has-text("Next")):visible)
📝 [Mobile] step1 column set to: "Federal Tax Debt"
[tra-d3][MOBILE][CHROMIUM] 📱 [Mobile] Injecting high-fidelity glossy Natural Titanium iPhone 17 Pro mockup frame...
[tra-d3][MOBILE][CHROMIUM] 🔘 [Mobile] Dynamic Choice found: clicking "Less than $4,000" (button:not([type="submit"]):not(:has-text("NEXT")):not(:has-text("Next")):visible)
[tra-d3][MOBILE][CHROMIUM] 📝 [Mobile] step2 column set to: "Less than $4,000"
[tra-d3][MOBILE][CHROMIUM] 📱 [Mobile] Injecting high-fidelity glossy Natural Titanium iPhone 17 Pro mockup frame...
[tra-d3][MOBILE][CHROMIUM] ✅ [Mobile] Reached a recognized terminal step (State or Contact). Stopping dynamic traversal.
[tra-d3][MOBILE][CHROMIUM] 🔘 [Mobile] Step 3: Filling Contact Info (Dynamic Loop)...
[tra-d3][MOBILE][CHROMIUM] 📱 [Mobile] Injecting high-fidelity glossy Natural Titanium iPhone 17 Pro mockup frame...
[tra-d3][MOBILE][CHROMIUM] ✅ [Mobile] Filled First Name: ckmtestpixel
[tra-d3][MOBILE][CHROMIUM] ✅ [Mobile] Filled Last Name: ckmtestpixel
[tra-d3][MOBILE][CHROMIUM] ✅ [Mobile] Filled Email: ckmtestpixel@gmail.com
[tra-d3][MOBILE][CHROMIUM] ✅ [Mobile] Filled Phone: 843-939-2210
[tra-d3][MOBILE][CHROMIUM] 🔘 [Mobile] Clicking active contact NEXT/SUBMIT button...
[tra-d3][MOBILE][CHROMIUM] 📱 [Mobile] Injecting high-fidelity glossy Natural Titanium iPhone 17 Pro mockup frame...
[tra-d3][MOBILE][CHROMIUM] ✅ [Mobile] Filled Phone: 843-939-2210
[tra-d3][MOBILE][CHROMIUM] 🔘 [Mobile] Clicking active contact NEXT/SUBMIT button...
[tra-d3][MOBILE][CHROMIUM] 📱 [Mobile] Injecting high-fidelity glossy Natural Titanium iPhone 17 Pro mockup frame...
[tra-d3][MOBILE][CHROMIUM] 🔘 [Mobile] No active contact NEXT/SUBMIT button visible. Exiting loop.
🔘 [Mobile] Scanning for additional dynamic steps...
[tra-d3][MOBILE][CHROMIUM] 🔘 [Mobile] Submitting form
[tra-d3][MOBILE][CHROMIUM] ⏳ [Mobile] Waiting for submission navigation to complete
[tra-d3][MOBILE][CHROMIUM] ⏳ [Mobile] Waiting for final Thank You page redirection...
[tra-d3][MOBILE][CHROMIUM] ✅ [Mobile] Targeted final redirect URL achieved!
[tra-d3][MOBILE][CHROMIUM] ✅ [Mobile] Final Thank You URL: https://tra.com/thank-you?debt=11000&leadid=519C5650&reqid=26774798&affid=659&oid=145
[tra-d3][MOBILE][CHROMIUM] ✅ [Mobile] Extracted Lead ID: 519C5650
[tra-d3][MOBILE][CHROMIUM] 📱 Device Type detected: M-CHROMIUM
✅ Lead captured: 519C5650
[tra-d3][MOBILE][CHROMIUM] 📡 Fetching First API data for Lead ID: 519C5650...
[tra-d3][MOBILE][CHROMIUM] 📡 Raw XML Response: {
  "lead_info_response": {
    "$": {
      "xmlns:xsd": "http://www.w3.org/2001/XMLSchema",
      "xmlns:xsi": "http://www.w3.org/2001/XMLSchema-instance",
      "xmlns": "http://cakemarketing.com/api/1/"
    },
    "success": "true",
    "row_count": "1",
    "lead_id": "519C5650",
    "personal_info": {
      "first_name": "CKMTESTPIXEL",
      "last_name": "CKMTESTPIXEL",
      "email_address": "ckmtestpixel@gmail.com",
      "address": {
        "street": "",
        "city": "",
        "state": "CA",
        "zip_code": "96122",
        "country": ""
      },
      "ip_address": "27.54.170.27",
      "phone_work": "",
      "phone_home": "843-939-2210",
      "phone_cell": "",
      "best_call_time": "",
      "opt_in": "false"
    },
    "traffic_info": {
      "lead_date": "2026-05-13T03:07:28.287",
      "payout": {
        "currency_id": "1",
        "amount": "0.0000",
        "formatted_amount": "$0.00"
      },
      "affiliate": {
        "affiliate_id": {
          "_": "659",
          "$": {
            "xmlns": "API:id_name_store"
          }
        },
        "affiliate_name": {
          "_": "QA affiliate",
          "$": {
            "xmlns": "API:id_name_store"
          }
        }
      },
      "campaign": {
        "campaign_id": {
          "_": "4155",
          "$": {
            "xmlns": "API:id_name_store"
          }
        },
        "campaign_name": {
          "_": "TRA.com CPL (X) - Main - CPA - $1.00",
          "$": {
            "xmlns": "API:id_name_store"
          }
        }
      },
      "creative_id": "2386",
      "subid_1": "",
      "subid_2": "",
      "subid_3": "",
      "subid_4": "",
      "subid_5": "",
      "referrer": "",
      "pixel_fired": "true",
      "returned_to_affiliate": "false",
      "test": "true",
      "upsell": "false"
    },
    "all_vertical_data": {
      "data": {
        "$": {
          "xmlns": ""
        },
        "tax_debt": "11000",
        "universal_leadid": "D790C7BE-500B-D153-CA4C-504A2356E92F",
        "affid": "659",
        "TCPA_checkbox": "1",
        "reqid": "26774798",
        "page": "https://tra.com/dt3",
        "neustar": "fail",
        "neustar_disposition": "N,U,A5,L,0",
        "first_name_lower": "ckmtestpixel",
        "last_name_lower": "ckmtestpixel",
        "income": "3500",
        "opt_special_offers": "on",
        "debt_type": "Federal Tax Debt",
        "ckm_campaign_id": "4364"
      }
    },
    "dispositions": {
      "disposition": [
        {
          "disposition_type": "Not Paid For",
          "reason": "Unmatched Filter",
          "filter": "Nuestar Fail"
        },
        {
          "disposition_type": "Not Paid For",
          "reason": "Unmatched Filter",
          "filter": "income"
        },
        {
          "disposition_type": "Sent to Review Queue",
          "reason": "neustar: This value is not valid",
          "filter": "Equals Value"
        },
        {
          "disposition_type": "Sent to Review Queue",
          "reason": "Income: This value is too large",
          "filter": "Less Than Or Equal To Value"
        }
      ]
    },
    "pings": "",
    "posts": "",
    "sales": ""
  }
}
[tra-d3][MOBILE][CHROMIUM] ✅ First API Data retrieved on attempt 1
[tra-d3][MOBILE][CHROMIUM] 📡 Fetching Second API data for Lead ID: 519C5650...
[tra-d3][MOBILE][CHROMIUM] 📡 Standard Second API Payload: cake_id=519C5650, domain_name=https://www.taxreliefadvocates.com
[tra-d3][MOBILE][CHROMIUM] [STDERR] (node:2016) Warning: Setting the NODE_TLS_REJECT_UNAUTHORIZED environment variable to '0' makes TLS connections and HTTPS requests insecure by disabling certificate verification.
(Use `node --trace-warnings ...` to show where the warning was created)
[tra-d3][MOBILE][CHROMIUM] [STDERR] ❌ Second API Attempt 1 failed: Request failed with status code 404
[tra-d3][MOBILE][CHROMIUM] ⏳ Retrying in 3 seconds to allow database synchronization...
[tra-d3][MOBILE][CHROMIUM] 📡 Standard Second API Payload: cake_id=519C5650, domain_name=https://www.taxreliefadvocates.com
[tra-d3][MOBILE][CHROMIUM] [STDERR] ❌ Second API Attempt 2 failed: Request failed with status code 404
[tra-d3][MOBILE][CHROMIUM] ⏳ Retrying in 3 seconds to allow database synchronization...
[tra-d3][MOBILE][CHROMIUM] 📡 Standard Second API Payload: cake_id=519C5650, domain_name=https://www.taxreliefadvocates.com
[tra-d3][MOBILE][CHROMIUM] [STDERR] ❌ Second API Attempt 3 failed: Request failed with status code 404
[tra-d3][MOBILE][CHROMIUM] ⏳ Retrying in 3 seconds to allow database synchronization...
[tra-d3][MOBILE][CHROMIUM] 📡 Standard Second API Payload: cake_id=519C5650, domain_name=https://www.taxreliefadvocates.com
[tra-d3][MOBILE][CHROMIUM] [STDERR] ❌ Second API Attempt 4 failed: Request failed with status code 404
[tra-d3][MOBILE][CHROMIUM] ⏳ Retrying in 3 seconds to allow database synchronization...
[tra-d3][MOBILE][CHROMIUM] 📡 Standard Second API Payload: cake_id=519C5650, domain_name=https://www.taxreliefadvocates.com
[tra-d3][MOBILE][CHROMIUM] [STDERR] ❌ Second API Attempt 5 failed: Request failed with status code 404
[tra-d3][MOBILE][CHROMIUM] ✅ Row appended successfully to sheet: TRA-DT3
[tra-d3][MOBILE][CHROMIUM] ✨ Professional formatting applied to TRA-DT3
✅ Lead processed successfully for TRA-D3 Mobile
[tra-d3][MOBILE][CHROMIUM] 🎥 Video saved successfully: traces/videos/TRA-DT3_TRA-D3_Mobile.webm
[tra-d3][MOBILE][CHROMIUM] 
✅ Execution successfully processed! { success: true, leadId: '519C5650', brand: 'TRA-D3 Mobile' }
[tra-d3][MOBILE][CHROMIUM] [STDERR] ❌ Automation Run encountered a fatal exception: tracing.stop: Target page, context or browser has been closed
✅ [13/5/2026, 3:38:15 pm] COMPLETED: tra-d3 [MOBILE][CHROMIUM]

================================================================
⚡ Running Campaign Viewports on Browser Engine: FIREFOX - [TRA-D3]
================================================================

================================================================
🚀 [13/5/2026, 3:38:20 pm] RUNNING: TRA-D3 (DESKTOP) on FIREFOX
🔗 Target URL: https://flmtra.com/?a=659&oc=792&c=2386&s1=
================================================================
[tra-d3][DESKTOP][FIREFOX] 🔌 [Browser Interceptor] Intercepting and optimizing engine: FIREFOX
[tra-d3][DESKTOP][FIREFOX] ◇ injected env (0) from .env // tip: ⌘ multiple files { path: ['.env.local', '.env'] }
[tra-d3][DESKTOP][FIREFOX] ◇ injected env (0) from .env // tip: ⌁ auth for agents [www.vestauth.com]
[tra-d3][DESKTOP][FIREFOX] ◇ injected env (0) from .env // tip: ◈ encrypted .env [www.dotenvx.com]
[tra-d3][DESKTOP][FIREFOX] ◇ injected env (0) from .env // tip: ⌘ override existing { override: true }
[tra-d3][DESKTOP][FIREFOX] 
🤖 ================================================================
🤖 MASTER RUNNER: LAUNCHING TRA-D3
🤖 Mode:            DESKTOP
[tra-d3][DESKTOP][FIREFOX] 🤖 Tracking URL:     https://flmtra.com/?a=659&oc=792&c=2386&s1=
[tra-d3][DESKTOP][FIREFOX] 🤖 Target Sheet:    TRA-DT3
🤖 ================================================================
[tra-d3][DESKTOP][FIREFOX] 💻 Emulated Device Profile: DESKTOP
[tra-d3][DESKTOP][FIREFOX] 🔌 [Browser Interceptor] Sanitizing mobile context options for Firefox emulation...
[tra-d3][DESKTOP][FIREFOX] 🔄 Processing lead for brand: TRA-D3
[tra-d3][DESKTOP][FIREFOX] 🔗 Navigating to: https://flmtra.com/?a=659&oc=792&c=2386&s1=
[tra-d3][DESKTOP][FIREFOX] [STDERR] ❌ Failed processing TRA-D3: page.goto: Timeout 60000ms exceeded.
Call log:
[2m  - navigating to "https://flmtra.com/?a=659&oc=792&c=2386&s1=", waiting until "networkidle"[22m

[tra-d3][DESKTOP][FIREFOX] 
✅ Execution successfully processed! {
  success: false,
  error: 'page.goto: Timeout 60000ms exceeded.\n' +
    'Call log:\n' +
    '\x1B[2m  - navigating to "https://flmtra.com/?a=659&oc=792&c=2386&s1=", waiting until "networkidle"\x1B[22m\n',
  brand: 'TRA-D3'
}
[tra-d3][DESKTOP][FIREFOX] 📋 Trace report successfully saved: traces/tra-d3_desktop.zip
✅ [13/5/2026, 3:39:31 pm] COMPLETED: tra-d3 [DESKTOP][FIREFOX]

================================================================
🚀 [13/5/2026, 3:39:33 pm] RUNNING: TRA-D3 (TABLET) on FIREFOX
🔗 Target URL: https://flmtra.com/?a=659&oc=792&c=2386&s1=
================================================================
[tra-d3][TABLET][FIREFOX] 🔌 [Browser Interceptor] Intercepting and optimizing engine: FIREFOX
[tra-d3][TABLET][FIREFOX] ◇ injected env (0) from .env // tip: ⌘ multiple files { path: ['.env.local', '.env'] }
[tra-d3][TABLET][FIREFOX] ◇ injected env (0) from .env // tip: ◈ encrypted .env [www.dotenvx.com]
[tra-d3][TABLET][FIREFOX] ◇ injected env (0) from .env // tip: ⌘ custom filepath { path: '/custom/path/.env' }
[tra-d3][TABLET][FIREFOX] ◇ injected env (0) from .env // tip: ◈ encrypted .env [www.dotenvx.com]
[tra-d3][TABLET][FIREFOX] 
🤖 ================================================================
🤖 MASTER RUNNER: LAUNCHING TRA-D3
🤖 Mode:            TABLET
[tra-d3][TABLET][FIREFOX] 🤖 Tracking URL:     https://flmtra.com/?a=659&oc=792&c=2386&s1=
🤖 Target Sheet:    TRA-DT3
🤖 ================================================================
[tra-d3][TABLET][FIREFOX] 📋 Emulated Device Profile: TABLET (iPad Pro 11)
🔌 [Browser Interceptor] Sanitizing mobile context options for Firefox emulation...
[tra-d3][TABLET][FIREFOX] ⏳ Delaying 2 seconds to allow responsive layouts to mount...
[tra-d3][TABLET][FIREFOX] 🔄 Processing lead for brand: TRA-D3 Tablet
[tra-d3][TABLET][FIREFOX] 🔗 [Mobile] Navigating to: https://flmtra.com/?a=659&oc=792&c=2386&s1=
[tra-d3][TABLET][FIREFOX] ✅ [Mobile] Page loaded successfully
[tra-d3][TABLET][FIREFOX] 💻 [Tablet] Injecting high-fidelity glossy iPad Pro mockup frame...
[tra-d3][TABLET][FIREFOX] 💻 [Tablet] Injecting high-fidelity glossy iPad Pro mockup frame...
[tra-d3][TABLET][FIREFOX] 📝 [Mobile] Starting mobile-specific form filling...
[tra-d3][TABLET][FIREFOX] 🔘 [Mobile] Step 1: Selecting Debt Amount (10,000)
[tra-d3][TABLET][FIREFOX] ✅ [Mobile] Selected debt amount: span:has-text("$10,000")
[tra-d3][TABLET][FIREFOX] 🔘 [Mobile] Clicking active visible button: .next-btn1:visible, .btn-next:visible
[tra-d3][TABLET][FIREFOX] ✅ [Mobile] Clicked: .next-btn1:visible, .btn-next:visible
[tra-d3][TABLET][FIREFOX] 💻 [Tablet] Injecting high-fidelity glossy iPad Pro mockup frame...
[tra-d3][TABLET][FIREFOX] 🔘 [Mobile] Dynamic Choice found: clicking "Federal Tax Debt" (button:not([type="submit"]):not(:has-text("NEXT")):not(:has-text("Next")):visible)
[tra-d3][TABLET][FIREFOX] 📝 [Mobile] step1 column set to: "Federal Tax Debt"
[tra-d3][TABLET][FIREFOX] 💻 [Tablet] Injecting high-fidelity glossy iPad Pro mockup frame...
[tra-d3][TABLET][FIREFOX] 🔘 [Mobile] Dynamic Choice found: clicking "Less than $4,000" (button:not([type="submit"]):not(:has-text("NEXT")):not(:has-text("Next")):visible)
📝 [Mobile] step2 column set to: "Less than $4,000"
[tra-d3][TABLET][FIREFOX] 💻 [Tablet] Injecting high-fidelity glossy iPad Pro mockup frame...
[tra-d3][TABLET][FIREFOX] ✅ [Mobile] Reached a recognized terminal step (State or Contact). Stopping dynamic traversal.
[tra-d3][TABLET][FIREFOX] 🔘 [Mobile] Step 3: Filling Contact Info (Dynamic Loop)...
[tra-d3][TABLET][FIREFOX] 💻 [Tablet] Injecting high-fidelity glossy iPad Pro mockup frame...
[tra-d3][TABLET][FIREFOX] ✅ [Mobile] Filled First Name: ckmtestpixel
[tra-d3][TABLET][FIREFOX] ✅ [Mobile] Filled Last Name: ckmtestpixel
[tra-d3][TABLET][FIREFOX] ✅ [Mobile] Filled Email: ckmtestpixel@gmail.com
[tra-d3][TABLET][FIREFOX] ✅ [Mobile] Filled Phone: 843-939-2210
[tra-d3][TABLET][FIREFOX] 🔘 [Mobile] Clicking active contact NEXT/SUBMIT button...
[tra-d3][TABLET][FIREFOX] 💻 [Tablet] Injecting high-fidelity glossy iPad Pro mockup frame...
[tra-d3][TABLET][FIREFOX] ✅ [Mobile] Filled Phone: 843-939-2210
[tra-d3][TABLET][FIREFOX] 🔘 [Mobile] Clicking active contact NEXT/SUBMIT button...
[tra-d3][TABLET][FIREFOX] 💻 [Tablet] Injecting high-fidelity glossy iPad Pro mockup frame...
[tra-d3][TABLET][FIREFOX] ✅ [Mobile] Filled Phone: 843-939-2210
[tra-d3][TABLET][FIREFOX] 🔘 [Mobile] Clicking active contact NEXT/SUBMIT button...
[tra-d3][TABLET][FIREFOX] 💻 [Tablet] Injecting high-fidelity glossy iPad Pro mockup frame...
[tra-d3][TABLET][FIREFOX] ✅ [Mobile] Filled Phone: 843-939-2210
[tra-d3][TABLET][FIREFOX] 🔘 [Mobile] Clicking active contact NEXT/SUBMIT button...
[tra-d3][TABLET][FIREFOX] 💻 [Tablet] Injecting high-fidelity glossy iPad Pro mockup frame...
[tra-d3][TABLET][FIREFOX] ✅ [Mobile] Filled Phone: 843-939-2210
[tra-d3][TABLET][FIREFOX] 🔘 [Mobile] Clicking active contact NEXT/SUBMIT button...
[tra-d3][TABLET][FIREFOX] 💻 [Tablet] Injecting high-fidelity glossy iPad Pro mockup frame...
[tra-d3][TABLET][FIREFOX] ✅ [Mobile] Filled Phone: 843-939-2210
[tra-d3][TABLET][FIREFOX] 🔘 [Mobile] Clicking active contact NEXT/SUBMIT button...
[tra-d3][TABLET][FIREFOX] 💻 [Tablet] Injecting high-fidelity glossy iPad Pro mockup frame...
[tra-d3][TABLET][FIREFOX] ✅ [Mobile] Filled Phone: 843-939-2210
[tra-d3][TABLET][FIREFOX] 🔘 [Mobile] Clicking active contact NEXT/SUBMIT button...
[tra-d3][TABLET][FIREFOX] 💻 [Tablet] Injecting high-fidelity glossy iPad Pro mockup frame...
[tra-d3][TABLET][FIREFOX] ✅ [Mobile] Filled Phone: 843-939-2210
[tra-d3][TABLET][FIREFOX] 🔘 [Mobile] No active contact NEXT/SUBMIT button visible. Exiting loop.
🔘 [Mobile] Scanning for additional dynamic steps...
[tra-d3][TABLET][FIREFOX] 🔘 [Mobile] Submitting form
[tra-d3][TABLET][FIREFOX] ⏳ [Mobile] Waiting for submission navigation to complete
[tra-d3][TABLET][FIREFOX] ⏳ [Mobile] Waiting for final Thank You page redirection...
[tra-d3][TABLET][FIREFOX] ✅ [Mobile] Targeted final redirect URL achieved!
[tra-d3][TABLET][FIREFOX] ✅ [Mobile] Final Thank You URL: https://tra.com/thank-you?debt=10000&leadid=1861C748&reqid=26774801&affid=659&oid=145
[tra-d3][TABLET][FIREFOX] ✅ [Mobile] Extracted Lead ID: 1861C748
[tra-d3][TABLET][FIREFOX] 📱 Device Type detected: T-FIREFOX
✅ Lead captured: 1861C748
[tra-d3][TABLET][FIREFOX] 📡 Fetching First API data for Lead ID: 1861C748...
[tra-d3][TABLET][FIREFOX] 📡 Raw XML Response: {
  "lead_info_response": {
    "$": {
      "xmlns:xsd": "http://www.w3.org/2001/XMLSchema",
      "xmlns:xsi": "http://www.w3.org/2001/XMLSchema-instance",
      "xmlns": "http://cakemarketing.com/api/1/"
    },
    "success": "true",
    "row_count": "1",
    "lead_id": "1861C748",
    "personal_info": {
      "first_name": "CKMTESTPIXEL",
      "last_name": "CKMTESTPIXEL",
      "email_address": "ckmtestpixel@gmail.com",
      "address": {
        "street": "",
        "city": "",
        "state": "CA",
        "zip_code": "95208",
        "country": ""
      },
      "ip_address": "27.54.170.27",
      "phone_work": "",
      "phone_home": "843-939-2210",
      "phone_cell": "",
      "best_call_time": "",
      "opt_in": "false"
    },
    "traffic_info": {
      "lead_date": "2026-05-13T03:10:20.467",
      "payout": {
        "currency_id": "1",
        "amount": "0.0000",
        "formatted_amount": "$0.00"
      },
      "affiliate": {
        "affiliate_id": {
          "_": "659",
          "$": {
            "xmlns": "API:id_name_store"
          }
        },
        "affiliate_name": {
          "_": "QA affiliate",
          "$": {
            "xmlns": "API:id_name_store"
          }
        }
      },
      "campaign": {
        "campaign_id": {
          "_": "4155",
          "$": {
            "xmlns": "API:id_name_store"
          }
        },
        "campaign_name": {
          "_": "TRA.com CPL (X) - Main - CPA - $1.00",
          "$": {
            "xmlns": "API:id_name_store"
          }
        }
      },
      "creative_id": "2386",
      "subid_1": "",
      "subid_2": "",
      "subid_3": "",
      "subid_4": "",
      "subid_5": "",
      "referrer": "",
      "pixel_fired": "true",
      "returned_to_affiliate": "false",
      "test": "true",
      "upsell": "false"
    },
    "all_vertical_data": {
      "data": {
        "$": {
          "xmlns": ""
        },
        "tax_debt": "10000",
        "universal_leadid": "65FE026D-4BD4-FA97-9D7F-28D5DA2816F4",
        "affid": "659",
        "TCPA_checkbox": "1",
        "reqid": "26774801",
        "page": "https://tra.com/dt3",
        "neustar": "fail",
        "neustar_disposition": "N,U,A5,L,0",
        "first_name_lower": "ckmtestpixel",
        "last_name_lower": "ckmtestpixel",
        "income": "3500",
        "opt_special_offers": "on",
        "debt_type": "Federal Tax Debt",
        "ckm_campaign_id": "4364"
      }
    },
    "dispositions": {
      "disposition": [
        {
          "disposition_type": "Not Paid For",
          "reason": "Unmatched Filter",
          "filter": "Nuestar Fail"
        },
        {
          "disposition_type": "Not Paid For",
          "reason": "Unmatched Filter",
          "filter": "income"
        },
        {
          "disposition_type": "Sent to Review Queue",
          "reason": "neustar: This value is not valid",
          "filter": "Equals Value"
        },
        {
          "disposition_type": "Sent to Review Queue",
          "reason": "Income: This value is too large",
          "filter": "Less Than Or Equal To Value"
        }
      ]
    },
    "pings": "",
    "posts": "",
    "sales": ""
  }
}
✅ First API Data retrieved on attempt 1
[tra-d3][TABLET][FIREFOX] 📡 Fetching Second API data for Lead ID: 1861C748...
[tra-d3][TABLET][FIREFOX] 📡 Standard Second API Payload: cake_id=1861C748, domain_name=https://www.taxreliefadvocates.com
[tra-d3][TABLET][FIREFOX] [STDERR] (node:7396) Warning: Setting the NODE_TLS_REJECT_UNAUTHORIZED environment variable to '0' makes TLS connections and HTTPS requests insecure by disabling certificate verification.
(Use `node --trace-warnings ...` to show where the warning was created)
[tra-d3][TABLET][FIREFOX] [STDERR] ❌ Second API Attempt 1 failed: Request failed with status code 404
[tra-d3][TABLET][FIREFOX] ⏳ Retrying in 3 seconds to allow database synchronization...
[tra-d3][TABLET][FIREFOX] 📡 Standard Second API Payload: cake_id=1861C748, domain_name=https://www.taxreliefadvocates.com
[tra-d3][TABLET][FIREFOX] [STDERR] ❌ Second API Attempt 2 failed: Request failed with status code 404
[tra-d3][TABLET][FIREFOX] ⏳ Retrying in 3 seconds to allow database synchronization...
[tra-d3][TABLET][FIREFOX] 📡 Standard Second API Payload: cake_id=1861C748, domain_name=https://www.taxreliefadvocates.com
[tra-d3][TABLET][FIREFOX] [STDERR] ❌ Second API Attempt 3 failed: Request failed with status code 404
[tra-d3][TABLET][FIREFOX] ⏳ Retrying in 3 seconds to allow database synchronization...
[tra-d3][TABLET][FIREFOX] 📡 Standard Second API Payload: cake_id=1861C748, domain_name=https://www.taxreliefadvocates.com
[tra-d3][TABLET][FIREFOX] [STDERR] ❌ Second API Attempt 4 failed: Request failed with status code 404
[tra-d3][TABLET][FIREFOX] ⏳ Retrying in 3 seconds to allow database synchronization...
[tra-d3][TABLET][FIREFOX] 📡 Standard Second API Payload: cake_id=1861C748, domain_name=https://www.taxreliefadvocates.com
[tra-d3][TABLET][FIREFOX] [STDERR] ❌ Second API Attempt 5 failed: Request failed with status code 404
[tra-d3][TABLET][FIREFOX] ✅ Row appended successfully to sheet: TRA-DT3
[tra-d3][TABLET][FIREFOX] ✨ Professional formatting applied to TRA-DT3
[tra-d3][TABLET][FIREFOX] ✅ Lead processed successfully for TRA-D3 Tablet
[tra-d3][TABLET][FIREFOX] 🎥 Video saved successfully: traces/videos/TRA-DT3_TRA-D3_Tablet.webm
[tra-d3][TABLET][FIREFOX] 
✅ Execution successfully processed! { success: true, leadId: '1861C748', brand: 'TRA-D3 Tablet' }
[tra-d3][TABLET][FIREFOX] [STDERR] ❌ Automation Run encountered a fatal exception: tracing.stop: Target page, context or browser has been closed
✅ [13/5/2026, 3:41:14 pm] COMPLETED: tra-d3 [TABLET][FIREFOX]

================================================================
🚀 [13/5/2026, 3:41:16 pm] RUNNING: TRA-D3 (MOBILE) on FIREFOX
🔗 Target URL: https://flmtra.com/?a=659&oc=792&c=2386&s1=
================================================================
[tra-d3][MOBILE][FIREFOX] 🔌 [Browser Interceptor] Intercepting and optimizing engine: FIREFOX
[tra-d3][MOBILE][FIREFOX] ◇ injected env (0) from .env // tip: ⌘ enable debugging { debug: true }
[tra-d3][MOBILE][FIREFOX] ◇ injected env (0) from .env // tip: ⌁ auth for agents [www.vestauth.com]
[tra-d3][MOBILE][FIREFOX] ◇ injected env (0) from .env // tip: ◈ encrypted .env [www.dotenvx.com]
[tra-d3][MOBILE][FIREFOX] ◇ injected env (0) from .env // tip: ⌘ enable debugging { debug: true }
[tra-d3][MOBILE][FIREFOX] 
🤖 ================================================================
🤖 MASTER RUNNER: LAUNCHING TRA-D3
🤖 Mode:            MOBILE
[tra-d3][MOBILE][FIREFOX] 🤖 Tracking URL:     https://flmtra.com/?a=659&oc=792&c=2386&s1=
🤖 Target Sheet:    TRA-DT3
🤖 ================================================================
[tra-d3][MOBILE][FIREFOX] 📱 Emulated Device Profile: MOBILE (iPhone 17 Pro)
[tra-d3][MOBILE][FIREFOX] 🔌 [Browser Interceptor] Sanitizing mobile context options for Firefox emulation...
[tra-d3][MOBILE][FIREFOX] ⏳ Delaying 2 seconds to allow responsive layouts to mount...
[tra-d3][MOBILE][FIREFOX] 🔄 Processing lead for brand: TRA-D3 Mobile
[tra-d3][MOBILE][FIREFOX] 🔗 [Mobile] Navigating to: https://flmtra.com/?a=659&oc=792&c=2386&s1=
[tra-d3][MOBILE][FIREFOX] ✅ [Mobile] Page loaded successfully
[tra-d3][MOBILE][FIREFOX] 📱 [Mobile] Injecting high-fidelity glossy Natural Titanium iPhone 17 Pro mockup frame...
[tra-d3][MOBILE][FIREFOX] 📱 [Mobile] Injecting high-fidelity glossy Natural Titanium iPhone 17 Pro mockup frame...
[tra-d3][MOBILE][FIREFOX] 📝 [Mobile] Starting mobile-specific form filling...
[tra-d3][MOBILE][FIREFOX] 🔘 [Mobile] Step 1: Selecting Debt Amount (10,000)
[tra-d3][MOBILE][FIREFOX] [STDERR] ⚠️ [Mobile] Could not complete debt selection: locator.click: Timeout 25000ms exceeded.
Call log:
[2m  - waiting for locator('span:has-text("$10,000")').first()[22m
[2m    - locator resolved to <span tabindex="0" class="ui-slider-handle ui-corner-all ui-state-default">…</span>[22m
[2m  - attempting click action[22m
[2m    - scrolling into view if needed[22m
[2m    - done scrolling[22m
[2m    - forcing action[22m
[2m    - performing click action[22m

[tra-d3][MOBILE][FIREFOX] 🔘 [Mobile] Clicking active visible button: .next-btn1:visible, .btn-next:visible
[tra-d3][MOBILE][FIREFOX] ✅ [Mobile] Clicked: .next-btn1:visible, .btn-next:visible
[tra-d3][MOBILE][FIREFOX] 📱 [Mobile] Injecting high-fidelity glossy Natural Titanium iPhone 17 Pro mockup frame...
[tra-d3][MOBILE][FIREFOX] 🔘 [Mobile] Dynamic Choice found: clicking "Federal Tax Debt" (button:not([type="submit"]):not(:has-text("NEXT")):not(:has-text("Next")):visible)
[tra-d3][MOBILE][FIREFOX] 📝 [Mobile] step1 column set to: "Federal Tax Debt"
[tra-d3][MOBILE][FIREFOX] [STDERR] ❌ [Mobile] Error during mobile form filling: locator.tap: The page does not support tap. Use hasTouch context option to enable touch support.
[tra-d3][MOBILE][FIREFOX] [STDERR] ❌ Failed processing TRA-D3 Mobile: locator.tap: The page does not support tap. Use hasTouch context option to enable touch support.
[tra-d3][MOBILE][FIREFOX] 
✅ Execution successfully processed! {
  success: false,
  error: 'locator.tap: The page does not support tap. Use hasTouch context option to enable touch support.',
  brand: 'TRA-D3 Mobile'
}
[tra-d3][MOBILE][FIREFOX] 📋 Trace report successfully saved: traces/tra-d3_mobile.zip
✅ [13/5/2026, 3:42:34 pm] COMPLETED: tra-d3 [MOBILE][FIREFOX]

================================================================
⚡ Running Campaign Viewports on Browser Engine: WEBKIT - [TRA-D3]
================================================================

================================================================
🚀 [13/5/2026, 3:42:38 pm] RUNNING: TRA-D3 (DESKTOP) on WEBKIT
🔗 Target URL: https://flmtra.com/?a=659&oc=792&c=2386&s1=
================================================================
[tra-d3][DESKTOP][WEBKIT] 🔌 [Browser Interceptor] Intercepting and optimizing engine: WEBKIT
[tra-d3][DESKTOP][WEBKIT] ◇ injected env (0) from .env // tip: ◈ secrets for agents [www.dotenvx.com]
[tra-d3][DESKTOP][WEBKIT] ◇ injected env (0) from .env // tip: ⌁ auth for agents [www.vestauth.com]
[tra-d3][DESKTOP][WEBKIT] ◇ injected env (0) from .env // tip: ⌁ auth for agents [www.vestauth.com]
[tra-d3][DESKTOP][WEBKIT] ◇ injected env (0) from .env // tip: ◈ encrypted .env [www.dotenvx.com]
[tra-d3][DESKTOP][WEBKIT] 
🤖 ================================================================
[tra-d3][DESKTOP][WEBKIT] 🤖 MASTER RUNNER: LAUNCHING TRA-D3
🤖 Mode:            DESKTOP
🤖 Tracking URL:     https://flmtra.com/?a=659&oc=792&c=2386&s1=
🤖 Target Sheet:    TRA-DT3
[tra-d3][DESKTOP][WEBKIT] 🤖 ================================================================
[tra-d3][DESKTOP][WEBKIT] 💻 Emulated Device Profile: DESKTOP
[tra-d3][DESKTOP][WEBKIT] 🔄 Processing lead for brand: TRA-D3
[tra-d3][DESKTOP][WEBKIT] 🔗 Navigating to: https://flmtra.com/?a=659&oc=792&c=2386&s1=
[tra-d3][DESKTOP][WEBKIT] ✅ Page loaded successfully
[tra-d3][DESKTOP][WEBKIT] 📝 Starting multi-step form filling process...
[tra-d3][DESKTOP][WEBKIT] 🔘 Step 1: Handling Debt Amount (10,000)
[tra-d3][DESKTOP][WEBKIT] ✅ Selected debt amount via selector: span:has-text("$10,000")
[tra-d3][DESKTOP][WEBKIT] 🔘 Attempting to click .next-btn1, .btn-next
[tra-d3][DESKTOP][WEBKIT] ✅ Clicked .next-btn1, .btn-next
[tra-d3][DESKTOP][WEBKIT] 🔘 Dynamic Choice found: clicking "Federal Tax Debt" (button:not([type="submit"]):not(:has-text("NEXT")):not(:has-text("Next")):visible)
📝 step1 column set to: "Federal Tax Debt"
[tra-d3][DESKTOP][WEBKIT] 🔘 Dynamic Choice found: clicking "Less than $4,000" (button:not([type="submit"]):not(:has-text("NEXT")):not(:has-text("Next")):visible)
📝 step2 column set to: "Less than $4,000"
[tra-d3][DESKTOP][WEBKIT] ✅ Reached a recognized terminal step (State or Contact). Stopping dynamic traversal.
[tra-d3][DESKTOP][WEBKIT] 🔘 Filling Contact Info (Dynamic Loop)...
[tra-d3][DESKTOP][WEBKIT] ✅ Filled First Name: ckmtestpixel
[tra-d3][DESKTOP][WEBKIT] ✅ Filled Last Name: ckmtestpixel
[tra-d3][DESKTOP][WEBKIT] ✅ Filled Email: ckmtestpixel@gmail.com
[tra-d3][DESKTOP][WEBKIT] ✅ Filled Phone: 843-939-2210
[tra-d3][DESKTOP][WEBKIT] 🔘 Clicking active contact NEXT/SUBMIT button...
[tra-d3][DESKTOP][WEBKIT] [STDERR] ❌ Error during form filling: locator.click: Timeout 25000ms exceeded.
Call log:
[2m  - waiting for locator('#primary_phone:visible, #phone:visible, #phone_home:visible, input[name="phone"]:visible, input[name="phone_home"]:visible, input[name="primary_phone"]:visible, input[type="tel"]:visible').first()[22m
[2m    - locator resolved to <input type="tel" tabindex="0" id="primary_phone" placeholder="Phone" name="primary_phone" aria-invalid="false" class="form-control valid"/>[22m
[2m  - attempting click action[22m
[2m    2 × waiting for element to be visible, enabled and stable[22m
[2m      - element is visible, enabled and stable[22m
[2m      - scrolling into view if needed[22m
[2m      - done scrolling[22m
[2m      - <div class="loader">Loading…</div> intercepts pointer events[22m
[2m    - retrying click action[22m
[2m    - waiting 20ms[22m
[2m    2 × waiting for element to be visible, enabled and stable[22m
[2m      - element is visible, enabled and stable[22m
[2m      - scrolling into view if needed[22m
[2m      - done scrolling[22m
[2m      - <div class="loader">Loading…</div> intercepts pointer events[22m
[2m    - retrying click action[22m
[2m      - waiting 100ms[22m
[2m    - waiting for element to be visible, enabled and stable[22m
[2m    - element is visible, enabled and stable[22m
[2m    - scrolling into view if needed[22m
[2m    - done scrolling[22m
[2m    - <div class="loader">Loading…</div> intercepts pointer events[22m
[2m  - retrying click action[22m
[2m    - waiting 500ms[22m
[2m    - waiting for element to be visible, enabled and stable[22m
[2m  - element was detached from the DOM, retrying[22m

[tra-d3][DESKTOP][WEBKIT] [STDERR] ❌ Failed processing TRA-D3: locator.click: Timeout 25000ms exceeded.
Call log:
[2m  - waiting for locator('#primary_phone:visible, #phone:visible, #phone_home:visible, input[name="phone"]:visible, input[name="phone_home"]:visible, input[name="primary_phone"]:visible, input[type="tel"]:visible').first()[22m
[2m    - locator resolved to <input type="tel" tabindex="0" id="primary_phone" placeholder="Phone" name="primary_phone" aria-invalid="false" class="form-control valid"/>[22m
[2m  - attempting click action[22m
[2m    2 × waiting for element to be visible, enabled and stable[22m
[2m      - element is visible, enabled and stable[22m
[2m      - scrolling into view if needed[22m
[2m      - done scrolling[22m
[2m      - <div class="loader">Loading…</div> intercepts pointer events[22m
[2m    - retrying click action[22m
[2m    - waiting 20ms[22m
[2m    2 × waiting for element to be visible, enabled and stable[22m
[2m      - element is visible, enabled and stable[22m
[2m      - scrolling into view if needed[22m
[2m      - done scrolling[22m
[2m      - <div class="loader">Loading…</div> intercepts pointer events[22m
[2m    - retrying click action[22m
[2m      - waiting 100ms[22m
[2m    - waiting for element to be visible, enabled and stable[22m
[2m    - element is visible, enabled and stable[22m
[2m    - scrolling into view if needed[22m
[2m    - done scrolling[22m
[2m    - <div class="loader">Loading…</div> intercepts pointer events[22m
[2m  - retrying click action[22m
[2m    - waiting 500ms[22m
[2m    - waiting for element to be visible, enabled and stable[22m
[2m  - element was detached from the DOM, retrying[22m

[tra-d3][DESKTOP][WEBKIT] 
✅ Execution successfully processed! {
  success: false,
  error: 'locator.click: Timeout 25000ms exceeded.\n' +
    'Call log:\n' +
    `\x1B[2m  - waiting for locator('#primary_phone:visible, #phone:visible, #phone_home:visible, input[name="phone"]:visible, input[name="phone_home"]:visible, input[name="primary_phone"]:visible, input[type="tel"]:visible').first()\x1B[22m\n` +
    '\x1B[2m    - locator resolved to <input type="tel" tabindex="0" id="primary_phone" placeholder="Phone" name="primary_phone" aria-invalid="false" class="form-control valid"/>\x1B[22m\n' +
    '\x1B[2m  - attempting click action\x1B[22m\n' +
    '\x1B[2m    2 × waiting for element to be visible, enabled and stable\x1B[22m\n' +
    '\x1B[2m      - element is visible, enabled and stable\x1B[22m\n' +
    '\x1B[2m      - scrolling into view if needed\x1B[22m\n' +
    '\x1B[2m      - done scrolling\x1B[22m\n' +
    '\x1B[2m      - <div class="loader">Loading…</div> intercepts pointer events\x1B[22m\n' +
    '\x1B[2m    - retrying click action\x1B[22m\n' +
    '\x1B[2m    - waiting 20ms\x1B[22m\n' +
    '\x1B[2m    2 × waiting for element to be visible, enabled and stable\x1B[22m\n' +
    '\x1B[2m      - element is visible, enabled and stable\x1B[22m\n' +
    '\x1B[2m      - scrolling into view if needed\x1B[22m\n' +
    '\x1B[2m      - done scrolling\x1B[22m\n' +
    '\x1B[2m      - <div class="loader">Loading…</div> intercepts pointer events\x1B[22m\n' +
    '\x1B[2m    - retrying click action\x1B[22m\n' +
    '\x1B[2m      - waiting 100ms\x1B[22m\n' +
    '\x1B[2m    - waiting for element to be visible, enabled and stable\x1B[22m\n' +
    '\x1B[2m    - element is visible, enabled and stable\x1B[22m\n' +
    '\x1B[2m    - scrolling into view if needed\x1B[22m\n' +
    '\x1B[2m    - done scrolling\x1B[22m\n' +
    '\x1B[2m    - <div class="loader">Loading…</div> intercepts pointer events\x1B[22m\n' +
    '\x1B[2m  - retrying click action\x1B[22m\n' +
    '\x1B[2m    - waiting 500ms\x1B[22m\n' +
    '\x1B[2m    - waiting for element to be visible, enabled and stable\x1B[22m\n' +
    '\x1B[2m  - element was detached from the DOM, retrying\x1B[22m\n',
  brand: 'TRA-D3'
}
[tra-d3][DESKTOP][WEBKIT] 📋 Trace report successfully saved: traces/tra-d3_desktop.zip
✅ [13/5/2026, 3:43:35 pm] COMPLETED: tra-d3 [DESKTOP][WEBKIT]

================================================================
🚀 [13/5/2026, 3:43:37 pm] RUNNING: TRA-D3 (TABLET) on WEBKIT
🔗 Target URL: https://flmtra.com/?a=659&oc=792&c=2386&s1=
================================================================
[tra-d3][TABLET][WEBKIT] 🔌 [Browser Interceptor] Intercepting and optimizing engine: WEBKIT
[tra-d3][TABLET][WEBKIT] ◇ injected env (0) from .env // tip: ⌘ suppress logs { quiet: true }
[tra-d3][TABLET][WEBKIT] ◇ injected env (0) from .env // tip: ⌘ suppress logs { quiet: true }
[tra-d3][TABLET][WEBKIT] ◇ injected env (0) from .env // tip: ◈ encrypted .env [www.dotenvx.com]
[tra-d3][TABLET][WEBKIT] ◇ injected env (0) from .env // tip: ⌘ custom filepath { path: '/custom/path/.env' }
[tra-d3][TABLET][WEBKIT] 
🤖 ================================================================
[tra-d3][TABLET][WEBKIT] 🤖 MASTER RUNNER: LAUNCHING TRA-D3
🤖 Mode:            TABLET
🤖 Tracking URL:     https://flmtra.com/?a=659&oc=792&c=2386&s1=
[tra-d3][TABLET][WEBKIT] 🤖 Target Sheet:    TRA-DT3
[tra-d3][TABLET][WEBKIT] 🤖 ================================================================
[tra-d3][TABLET][WEBKIT] 📋 Emulated Device Profile: TABLET (iPad Pro 11)
[tra-d3][TABLET][WEBKIT] ⏳ Delaying 2 seconds to allow responsive layouts to mount...
[tra-d3][TABLET][WEBKIT] 🔄 Processing lead for brand: TRA-D3 Tablet
[tra-d3][TABLET][WEBKIT] 🔗 [Mobile] Navigating to: https://flmtra.com/?a=659&oc=792&c=2386&s1=
[tra-d3][TABLET][WEBKIT] ✅ [Mobile] Page loaded successfully
[tra-d3][TABLET][WEBKIT] 💻 [Tablet] Injecting high-fidelity glossy iPad Pro mockup frame...
[tra-d3][TABLET][WEBKIT] 💻 [Tablet] Injecting high-fidelity glossy iPad Pro mockup frame...
[tra-d3][TABLET][WEBKIT] 📝 [Mobile] Starting mobile-specific form filling...
[tra-d3][TABLET][WEBKIT] 🔘 [Mobile] Step 1: Selecting Debt Amount (10,000)
[tra-d3][TABLET][WEBKIT] ✅ [Mobile] Selected debt amount: span:has-text("$10,000")
[tra-d3][TABLET][WEBKIT] 🔘 [Mobile] Clicking active visible button: .next-btn1:visible, .btn-next:visible
[tra-d3][TABLET][WEBKIT] ✅ [Mobile] Clicked: .next-btn1:visible, .btn-next:visible
[tra-d3][TABLET][WEBKIT] 💻 [Tablet] Injecting high-fidelity glossy iPad Pro mockup frame...
[tra-d3][TABLET][WEBKIT] 🔘 [Mobile] Dynamic Choice found: clicking "Federal Tax Debt" (button:not([type="submit"]):not(:has-text("NEXT")):not(:has-text("Next")):visible)
[tra-d3][TABLET][WEBKIT] 📝 [Mobile] step1 column set to: "Federal Tax Debt"
[tra-d3][TABLET][WEBKIT] 💻 [Tablet] Injecting high-fidelity glossy iPad Pro mockup frame...
[tra-d3][TABLET][WEBKIT] 🔘 [Mobile] Dynamic Choice found: clicking "Less than $4,000" (button:not([type="submit"]):not(:has-text("NEXT")):not(:has-text("Next")):visible)
[tra-d3][TABLET][WEBKIT] 📝 [Mobile] step2 column set to: "Less than $4,000"
[tra-d3][TABLET][WEBKIT] 💻 [Tablet] Injecting high-fidelity glossy iPad Pro mockup frame...
[tra-d3][TABLET][WEBKIT] ✅ [Mobile] Reached a recognized terminal step (State or Contact). Stopping dynamic traversal.
[tra-d3][TABLET][WEBKIT] 🔘 [Mobile] Step 3: Filling Contact Info (Dynamic Loop)...
[tra-d3][TABLET][WEBKIT] 💻 [Tablet] Injecting high-fidelity glossy iPad Pro mockup frame...
[tra-d3][TABLET][WEBKIT] ✅ [Mobile] Filled First Name: ckmtestpixel
[tra-d3][TABLET][WEBKIT] ✅ [Mobile] Filled Last Name: ckmtestpixel
[tra-d3][TABLET][WEBKIT] ✅ [Mobile] Filled Email: ckmtestpixel@gmail.com
[tra-d3][TABLET][WEBKIT] ✅ [Mobile] Filled Phone: 843-939-2210
[tra-d3][TABLET][WEBKIT] 🔘 [Mobile] Clicking active contact NEXT/SUBMIT button...
[tra-d3][TABLET][WEBKIT] 💻 [Tablet] Injecting high-fidelity glossy iPad Pro mockup frame...
[tra-d3][TABLET][WEBKIT] 🔘 [Mobile] No active contact NEXT/SUBMIT button visible. Exiting loop.
🔘 [Mobile] Scanning for additional dynamic steps...
[tra-d3][TABLET][WEBKIT] 🔘 [Mobile] Submitting form
[tra-d3][TABLET][WEBKIT] ⏳ [Mobile] Waiting for submission navigation to complete
[tra-d3][TABLET][WEBKIT] ⏳ [Mobile] Waiting for final Thank You page redirection...
[tra-d3][TABLET][WEBKIT] ✅ [Mobile] Targeted final redirect URL achieved!
[tra-d3][TABLET][WEBKIT] ✅ [Mobile] Final Thank You URL: https://tra.com/thank-you?debt=10000&leadid=0B2E829F&reqid=26774806&affid=659&oid=145
[tra-d3][TABLET][WEBKIT] ✅ [Mobile] Extracted Lead ID: 0B2E829F
📱 Device Type detected: T-WEBKIT
✅ Lead captured: 0B2E829F
[tra-d3][TABLET][WEBKIT] 📡 Fetching First API data for Lead ID: 0B2E829F...
[tra-d3][TABLET][WEBKIT] 📡 Raw XML Response: {
  "lead_info_response": {
    "$": {
      "xmlns:xsd": "http://www.w3.org/2001/XMLSchema",
      "xmlns:xsi": "http://www.w3.org/2001/XMLSchema-instance",
      "xmlns": "http://cakemarketing.com/api/1/"
    },
    "success": "true",
    "row_count": "1",
    "lead_id": "0B2E829F",
    "personal_info": {
      "first_name": "CKMTESTPIXEL",
      "last_name": "CKMTESTPIXEL",
      "email_address": "ckmtestpixel@gmail.com",
      "address": {
        "street": "",
        "city": "",
        "state": "CA",
        "zip_code": "90304",
        "country": ""
      },
      "ip_address": "27.54.170.27",
      "phone_work": "",
      "phone_home": "843-939-2210",
      "phone_cell": "",
      "best_call_time": "",
      "opt_in": "false"
    },
    "traffic_info": {
      "lead_date": "2026-05-13T03:14:18.34",
      "payout": {
        "currency_id": "1",
        "amount": "0.0000",
        "formatted_amount": "$0.00"
      },
      "affiliate": {
        "affiliate_id": {
          "_": "659",
          "$": {
            "xmlns": "API:id_name_store"
          }
        },
        "affiliate_name": {
          "_": "QA affiliate",
          "$": {
            "xmlns": "API:id_name_store"
          }
        }
      },
      "campaign": {
        "campaign_id": {
          "_": "4155",
          "$": {
            "xmlns": "API:id_name_store"
          }
        },
        "campaign_name": {
          "_": "TRA.com CPL (X) - Main - CPA - $1.00",
          "$": {
            "xmlns": "API:id_name_store"
          }
        }
      },
      "creative_id": "2386",
      "subid_1": "",
      "subid_2": "",
      "subid_3": "",
      "subid_4": "",
      "subid_5": "",
      "referrer": "",
      "pixel_fired": "true",
      "returned_to_affiliate": "false",
      "test": "true",
      "upsell": "false"
    },
    "all_vertical_data": {
      "data": {
        "$": {
          "xmlns": ""
        },
        "tax_debt": "10000",
        "universal_leadid": "884AE52A-77A5-2EE2-4BB2-B17AA1BF6672",
        "affid": "659",
        "TCPA_checkbox": "1",
        "reqid": "26774806",
        "page": "https://tra.com/dt3",
        "neustar": "fail",
        "neustar_disposition": "N,U,A5,L,0",
        "first_name_lower": "ckmtestpixel",
        "last_name_lower": "ckmtestpixel",
        "income": "3500",
        "opt_special_offers": "on",
        "debt_type": "Federal Tax Debt",
        "ckm_campaign_id": "4364"
      }
    },
    "dispositions": {
      "disposition": [
        {
          "disposition_type": "Not Paid For",
          "reason": "Unmatched Filter",
          "filter": "Nuestar Fail"
        },
        {
          "disposition_type": "Not Paid For",
          "reason": "Unmatched Filter",
          "filter": "income"
        },
        {
          "disposition_type": "Sent to Review Queue",
          "reason": "neustar: This value is not valid",
          "filter": "Equals Value"
        },
        {
          "disposition_type": "Sent to Review Queue",
          "reason": "Income: This value is too large",
          "filter": "Less Than Or Equal To Value"
        }
      ]
    },
    "pings": "",
    "posts": "",
    "sales": ""
  }
}
[tra-d3][TABLET][WEBKIT] ✅ First API Data retrieved on attempt 1
[tra-d3][TABLET][WEBKIT] 📡 Fetching Second API data for Lead ID: 0B2E829F...
[tra-d3][TABLET][WEBKIT] 📡 Standard Second API Payload: cake_id=0B2E829F, domain_name=https://www.taxreliefadvocates.com
[tra-d3][TABLET][WEBKIT] [STDERR] (node:10952) Warning: Setting the NODE_TLS_REJECT_UNAUTHORIZED environment variable to '0' makes TLS connections and HTTPS requests insecure by disabling certificate verification.
(Use `node --trace-warnings ...` to show where the warning was created)
[tra-d3][TABLET][WEBKIT] [STDERR] ❌ Second API Attempt 1 failed: Request failed with status code 404
[tra-d3][TABLET][WEBKIT] ⏳ Retrying in 3 seconds to allow database synchronization...
[tra-d3][TABLET][WEBKIT] 📡 Standard Second API Payload: cake_id=0B2E829F, domain_name=https://www.taxreliefadvocates.com
[tra-d3][TABLET][WEBKIT] [STDERR] ❌ Second API Attempt 2 failed: Request failed with status code 404
[tra-d3][TABLET][WEBKIT] ⏳ Retrying in 3 seconds to allow database synchronization...
[tra-d3][TABLET][WEBKIT] 📡 Standard Second API Payload: cake_id=0B2E829F, domain_name=https://www.taxreliefadvocates.com
[tra-d3][TABLET][WEBKIT] [STDERR] ❌ Second API Attempt 3 failed: Request failed with status code 404
[tra-d3][TABLET][WEBKIT] ⏳ Retrying in 3 seconds to allow database synchronization...
[tra-d3][TABLET][WEBKIT] 📡 Standard Second API Payload: cake_id=0B2E829F, domain_name=https://www.taxreliefadvocates.com
[tra-d3][TABLET][WEBKIT] [STDERR] ❌ Second API Attempt 4 failed: Request failed with status code 404
[tra-d3][TABLET][WEBKIT] ⏳ Retrying in 3 seconds to allow database synchronization...
[tra-d3][TABLET][WEBKIT] 📡 Standard Second API Payload: cake_id=0B2E829F, domain_name=https://www.taxreliefadvocates.com
[tra-d3][TABLET][WEBKIT] [STDERR] ❌ Second API Attempt 5 failed: Request failed with status code 404
[tra-d3][TABLET][WEBKIT] ✅ Row appended successfully to sheet: TRA-DT3
[tra-d3][TABLET][WEBKIT] ✨ Professional formatting applied to TRA-DT3
[tra-d3][TABLET][WEBKIT] ✅ Lead processed successfully for TRA-D3 Tablet
[tra-d3][TABLET][WEBKIT] 🎥 Video saved successfully: traces/videos/TRA-DT3_TRA-D3_Tablet.webm
[tra-d3][TABLET][WEBKIT] 
✅ Execution successfully processed! { success: true, leadId: '0B2E829F', brand: 'TRA-D3 Tablet' }
[tra-d3][TABLET][WEBKIT] [STDERR] ❌ Automation Run encountered a fatal exception: tracing.stop: Target page, context or browser has been closed
✅ [13/5/2026, 3:45:09 pm] COMPLETED: tra-d3 [TABLET][WEBKIT]

================================================================
🚀 [13/5/2026, 3:45:11 pm] RUNNING: TRA-D3 (MOBILE) on WEBKIT
🔗 Target URL: https://flmtra.com/?a=659&oc=792&c=2386&s1=
================================================================
[tra-d3][MOBILE][WEBKIT] 🔌 [Browser Interceptor] Intercepting and optimizing engine: WEBKIT
[tra-d3][MOBILE][WEBKIT] ◇ injected env (0) from .env // tip: ◈ encrypted .env [www.dotenvx.com]
[tra-d3][MOBILE][WEBKIT] ◇ injected env (0) from .env // tip: ⌘ multiple files { path: ['.env.local', '.env'] }
[tra-d3][MOBILE][WEBKIT] ◇ injected env (0) from .env // tip: ⌘ multiple files { path: ['.env.local', '.env'] }
[tra-d3][MOBILE][WEBKIT] ◇ injected env (0) from .env // tip: ⌘ suppress logs { quiet: true }
[tra-d3][MOBILE][WEBKIT] 
🤖 ================================================================
[tra-d3][MOBILE][WEBKIT] 🤖 MASTER RUNNER: LAUNCHING TRA-D3
🤖 Mode:            MOBILE
🤖 Tracking URL:     https://flmtra.com/?a=659&oc=792&c=2386&s1=
🤖 Target Sheet:    TRA-DT3
[tra-d3][MOBILE][WEBKIT] 🤖 ================================================================
[tra-d3][MOBILE][WEBKIT] 📱 Emulated Device Profile: MOBILE (iPhone 17 Pro)
[tra-d3][MOBILE][WEBKIT] ⏳ Delaying 2 seconds to allow responsive layouts to mount...
[tra-d3][MOBILE][WEBKIT] 🔄 Processing lead for brand: TRA-D3 Mobile
[tra-d3][MOBILE][WEBKIT] 🔗 [Mobile] Navigating to: https://flmtra.com/?a=659&oc=792&c=2386&s1=
[tra-d3][MOBILE][WEBKIT] ✅ [Mobile] Page loaded successfully
[tra-d3][MOBILE][WEBKIT] 📱 [Mobile] Injecting high-fidelity glossy Natural Titanium iPhone 17 Pro mockup frame...
[tra-d3][MOBILE][WEBKIT] 📱 [Mobile] Injecting high-fidelity glossy Natural Titanium iPhone 17 Pro mockup frame...
[tra-d3][MOBILE][WEBKIT] 📝 [Mobile] Starting mobile-specific form filling...
[tra-d3][MOBILE][WEBKIT] 🔘 [Mobile] Step 1: Selecting Debt Amount (10,000)
[tra-d3][MOBILE][WEBKIT] ✅ [Mobile] Selected debt amount: span:has-text("$10,000")
[tra-d3][MOBILE][WEBKIT] 🔘 [Mobile] Clicking active visible button: .next-btn1:visible, .btn-next:visible
[tra-d3][MOBILE][WEBKIT] ✅ [Mobile] Clicked: .next-btn1:visible, .btn-next:visible
[tra-d3][MOBILE][WEBKIT] 📱 [Mobile] Injecting high-fidelity glossy Natural Titanium iPhone 17 Pro mockup frame...
[tra-d3][MOBILE][WEBKIT] 🔘 [Mobile] Dynamic Choice found: clicking "Federal Tax Debt" (button:not([type="submit"]):not(:has-text("NEXT")):not(:has-text("Next")):visible)
📝 [Mobile] step1 column set to: "Federal Tax Debt"
[tra-d3][MOBILE][WEBKIT] 📱 [Mobile] Injecting high-fidelity glossy Natural Titanium iPhone 17 Pro mockup frame...
[tra-d3][MOBILE][WEBKIT] 🔘 [Mobile] Dynamic Choice found: clicking "Less than $4,000" (button:not([type="submit"]):not(:has-text("NEXT")):not(:has-text("Next")):visible)
[tra-d3][MOBILE][WEBKIT] 📝 [Mobile] step2 column set to: "Less than $4,000"
[tra-d3][MOBILE][WEBKIT] 📱 [Mobile] Injecting high-fidelity glossy Natural Titanium iPhone 17 Pro mockup frame...
[tra-d3][MOBILE][WEBKIT] ✅ [Mobile] Reached a recognized terminal step (State or Contact). Stopping dynamic traversal.
[tra-d3][MOBILE][WEBKIT] 🔘 [Mobile] Step 3: Filling Contact Info (Dynamic Loop)...
[tra-d3][MOBILE][WEBKIT] 📱 [Mobile] Injecting high-fidelity glossy Natural Titanium iPhone 17 Pro mockup frame...
[tra-d3][MOBILE][WEBKIT] ✅ [Mobile] Filled First Name: ckmtestpixel
[tra-d3][MOBILE][WEBKIT] ✅ [Mobile] Filled Last Name: ckmtestpixel
[tra-d3][MOBILE][WEBKIT] ✅ [Mobile] Filled Email: ckmtestpixel@gmail.com
[tra-d3][MOBILE][WEBKIT] ✅ [Mobile] Filled Phone: 843-939-2210
[tra-d3][MOBILE][WEBKIT] 🔘 [Mobile] Clicking active contact NEXT/SUBMIT button...
[tra-d3][MOBILE][WEBKIT] 📱 [Mobile] Injecting high-fidelity glossy Natural Titanium iPhone 17 Pro mockup frame...
[tra-d3][MOBILE][WEBKIT] ✅ [Mobile] Filled Phone: 843-939-2210
[tra-d3][MOBILE][WEBKIT] 🔘 [Mobile] Clicking active contact NEXT/SUBMIT button...
[tra-d3][MOBILE][WEBKIT] 📱 [Mobile] Injecting high-fidelity glossy Natural Titanium iPhone 17 Pro mockup frame...
[tra-d3][MOBILE][WEBKIT] 🔘 [Mobile] No active contact NEXT/SUBMIT button visible. Exiting loop.
🔘 [Mobile] Scanning for additional dynamic steps...
[tra-d3][MOBILE][WEBKIT] 🔘 [Mobile] Submitting form
[tra-d3][MOBILE][WEBKIT] ⏳ [Mobile] Waiting for submission navigation to complete
[tra-d3][MOBILE][WEBKIT] ⏳ [Mobile] Waiting for final Thank You page redirection...
[tra-d3][MOBILE][WEBKIT] ✅ [Mobile] Targeted final redirect URL achieved!
[tra-d3][MOBILE][WEBKIT] ✅ [Mobile] Final Thank You URL: https://tra.com/thank-you?debt=10000&leadid=B611CC7A&reqid=26774809&affid=659&oid=145
[tra-d3][MOBILE][WEBKIT] ✅ [Mobile] Extracted Lead ID: B611CC7A
[tra-d3][MOBILE][WEBKIT] 📱 Device Type detected: M-WEBKIT
✅ Lead captured: B611CC7A
[tra-d3][MOBILE][WEBKIT] 📡 Fetching First API data for Lead ID: B611CC7A...
[tra-d3][MOBILE][WEBKIT] 📡 Raw XML Response: {
  "lead_info_response": {
    "$": {
      "xmlns:xsd": "http://www.w3.org/2001/XMLSchema",
      "xmlns:xsi": "http://www.w3.org/2001/XMLSchema-instance",
      "xmlns": "http://cakemarketing.com/api/1/"
    },
    "success": "true",
    "row_count": "1",
    "lead_id": "B611CC7A",
    "personal_info": {
      "first_name": "CKMTESTPIXEL",
      "last_name": "CKMTESTPIXEL",
      "email_address": "ckmtestpixel@gmail.com",
      "address": {
        "street": "",
        "city": "",
        "state": "CA",
        "zip_code": "94106",
        "country": ""
      },
      "ip_address": "27.54.170.27",
      "phone_work": "",
      "phone_home": "843-939-2210",
      "phone_cell": "",
      "best_call_time": "",
      "opt_in": "false"
    },
    "traffic_info": {
      "lead_date": "2026-05-13T03:15:47.61",
      "payout": {
        "currency_id": "1",
        "amount": "0.0000",
        "formatted_amount": "$0.00"
      },
      "affiliate": {
        "affiliate_id": {
          "_": "659",
          "$": {
            "xmlns": "API:id_name_store"
          }
        },
        "affiliate_name": {
          "_": "QA affiliate",
          "$": {
            "xmlns": "API:id_name_store"
          }
        }
      },
      "campaign": {
        "campaign_id": {
          "_": "4155",
          "$": {
            "xmlns": "API:id_name_store"
          }
        },
        "campaign_name": {
          "_": "TRA.com CPL (X) - Main - CPA - $1.00",
          "$": {
            "xmlns": "API:id_name_store"
          }
        }
      },
      "creative_id": "2386",
      "subid_1": "",
      "subid_2": "",
      "subid_3": "",
      "subid_4": "",
      "subid_5": "",
      "referrer": "",
      "pixel_fired": "true",
      "returned_to_affiliate": "false",
      "test": "true",
      "upsell": "false"
    },
    "all_vertical_data": {
      "data": {
        "$": {
          "xmlns": ""
        },
        "tax_debt": "10000",
        "universal_leadid": "B73BAF3E-1A8E-5501-1F7E-665499DE36D3",
        "affid": "659",
        "TCPA_checkbox": "1",
        "reqid": "26774809",
        "page": "https://tra.com/dt3",
        "neustar": "fail",
        "neustar_disposition": "N,U,A5,L,0",
        "first_name_lower": "ckmtestpixel",
        "last_name_lower": "ckmtestpixel",
        "income": "3500",
        "opt_special_offers": "on",
        "debt_type": "Federal Tax Debt",
        "ckm_campaign_id": "4364"
      }
    },
    "dispositions": {
      "disposition": [
        {
          "disposition_type": "Not Paid For",
          "reason": "Unmatched Filter",
          "filter": "Nuestar Fail"
        },
        {
          "disposition_type": "Not Paid For",
          "reason": "Unmatched Filter",
          "filter": "income"
        },
        {
          "disposition_type": "Sent to Review Queue",
          "reason": "neustar: This value is not valid",
          "filter": "Equals Value"
        },
        {
          "disposition_type": "Sent to Review Queue",
          "reason": "Income: This value is too large",
          "filter": "Less Than Or Equal To Value"
        }
      ]
    },
    "pings": "",
    "posts": "",
    "sales": ""
  }
}
✅ First API Data retrieved on attempt 1
[tra-d3][MOBILE][WEBKIT] 📡 Fetching Second API data for Lead ID: B611CC7A...
[tra-d3][MOBILE][WEBKIT] 📡 Standard Second API Payload: cake_id=B611CC7A, domain_name=https://www.taxreliefadvocates.com
[tra-d3][MOBILE][WEBKIT] [STDERR] (node:14168) Warning: Setting the NODE_TLS_REJECT_UNAUTHORIZED environment variable to '0' makes TLS connections and HTTPS requests insecure by disabling certificate verification.
(Use `node --trace-warnings ...` to show where the warning was created)
[tra-d3][MOBILE][WEBKIT] [STDERR] ❌ Second API Attempt 1 failed: Request failed with status code 404
[tra-d3][MOBILE][WEBKIT] ⏳ Retrying in 3 seconds to allow database synchronization...
[tra-d3][MOBILE][WEBKIT] 📡 Standard Second API Payload: cake_id=B611CC7A, domain_name=https://www.taxreliefadvocates.com
[tra-d3][MOBILE][WEBKIT] [STDERR] ❌ Second API Attempt 2 failed: Request failed with status code 404
[tra-d3][MOBILE][WEBKIT] ⏳ Retrying in 3 seconds to allow database synchronization...
[tra-d3][MOBILE][WEBKIT] 📡 Standard Second API Payload: cake_id=B611CC7A, domain_name=https://www.taxreliefadvocates.com
[tra-d3][MOBILE][WEBKIT] [STDERR] ❌ Second API Attempt 3 failed: Request failed with status code 404
[tra-d3][MOBILE][WEBKIT] ⏳ Retrying in 3 seconds to allow database synchronization...
[tra-d3][MOBILE][WEBKIT] 📡 Standard Second API Payload: cake_id=B611CC7A, domain_name=https://www.taxreliefadvocates.com
[tra-d3][MOBILE][WEBKIT] [STDERR] ❌ Second API Attempt 4 failed: Request failed with status code 404
[tra-d3][MOBILE][WEBKIT] ⏳ Retrying in 3 seconds to allow database synchronization...
[tra-d3][MOBILE][WEBKIT] 📡 Standard Second API Payload: cake_id=B611CC7A, domain_name=https://www.taxreliefadvocates.com
[tra-d3][MOBILE][WEBKIT] [STDERR] ❌ Second API Attempt 5 failed: Request failed with status code 404
[tra-d3][MOBILE][WEBKIT] ✅ Row appended successfully to sheet: TRA-DT3
[tra-d3][MOBILE][WEBKIT] ✨ Professional formatting applied to TRA-DT3
✅ Lead processed successfully for TRA-D3 Mobile
[tra-d3][MOBILE][WEBKIT] 🎥 Video saved successfully: traces/videos/TRA-DT3_TRA-D3_Mobile.webm
[tra-d3][MOBILE][WEBKIT] 
✅ Execution successfully processed! { success: true, leadId: 'B611CC7A', brand: 'TRA-D3 Mobile' }
[tra-d3][MOBILE][WEBKIT] [STDERR] ❌ Automation Run encountered a fatal exception: tracing.stop: Target page, context or browser has been closed
✅ [13/5/2026, 3:46:31 pm] COMPLETED: tra-d3 [MOBILE][WEBKIT]

================================================================
⚡ Running Campaign Viewports on Browser Engine: CHROMIUM - [PPC-ST]
================================================================

================================================================
🚀 [13/5/2026, 3:46:38 pm] RUNNING: PPC-ST (DESKTOP) on CHROMIUM
🔗 Target URL: https://flmtra.com/?a=659&oc=837&c=2210&s1=
================================================================
[ppc-st][DESKTOP][CHROMIUM] 🔌 [Browser Interceptor] Intercepting and optimizing engine: CHROMIUM
[ppc-st][DESKTOP][CHROMIUM] ◇ injected env (0) from .env // tip: ◈ encrypted .env [www.dotenvx.com]
[ppc-st][DESKTOP][CHROMIUM] ◇ injected env (0) from .env // tip: ◈ secrets for agents [www.dotenvx.com]
[ppc-st][DESKTOP][CHROMIUM] ◇ injected env (0) from .env // tip: ⌘ suppress logs { quiet: true }
[ppc-st][DESKTOP][CHROMIUM] ◇ injected env (0) from .env // tip: ◈ secrets for agents [www.dotenvx.com]
[ppc-st][DESKTOP][CHROMIUM] 
🤖 ================================================================
[ppc-st][DESKTOP][CHROMIUM] 🤖 MASTER RUNNER: LAUNCHING PPC-ST
🤖 Mode:            DESKTOP
🤖 Tracking URL:     https://flmtra.com/?a=659&oc=837&c=2210&s1=
[ppc-st][DESKTOP][CHROMIUM] 🤖 Target Sheet:    PPC-ST
[ppc-st][DESKTOP][CHROMIUM] 🤖 ================================================================
[ppc-st][DESKTOP][CHROMIUM] 💻 Emulated Device Profile: DESKTOP
[ppc-st][DESKTOP][CHROMIUM] 🔄 Processing lead for brand: PPC-ST
[ppc-st][DESKTOP][CHROMIUM] 🔗 Navigating to: https://flmtra.com/?a=659&oc=837&c=2210&s1=
[ppc-st][DESKTOP][CHROMIUM] ✅ Page loaded successfully
[ppc-st][DESKTOP][CHROMIUM] 📝 Starting multi-step form filling process...
[ppc-st][DESKTOP][CHROMIUM] 🔘 Step 1: Handling Debt Amount (18,000)
[ppc-st][DESKTOP][CHROMIUM] 🔘 Attempting to click .next-btn1, .btn-next
[ppc-st][DESKTOP][CHROMIUM] ✅ Clicked .next-btn1, .btn-next
[ppc-st][DESKTOP][CHROMIUM] ✅ Reached a recognized terminal step (State or Contact). Stopping dynamic traversal.
[ppc-st][DESKTOP][CHROMIUM] 🔘 Step: Selecting State
[ppc-st][DESKTOP][CHROMIUM] 📝 step3 column set to State: "OR"
[ppc-st][DESKTOP][CHROMIUM] 🔘 Clicking generic NEXT button
[ppc-st][DESKTOP][CHROMIUM] ✅ Clicked generic NEXT button
[ppc-st][DESKTOP][CHROMIUM] 🔘 Filling Contact Info (Dynamic Loop)...
[ppc-st][DESKTOP][CHROMIUM] ✅ Filled First Name: ckmtestpixel
[ppc-st][DESKTOP][CHROMIUM] ✅ Filled Last Name: ckmtestpixel
[ppc-st][DESKTOP][CHROMIUM] ✅ Filled Email: ckmtestpixel@gmail.com
[ppc-st][DESKTOP][CHROMIUM] ✅ Filled Phone: 503-518-1606
[ppc-st][DESKTOP][CHROMIUM] 🔘 Clicking active contact NEXT/SUBMIT button...
[ppc-st][DESKTOP][CHROMIUM] [STDERR] ❌ Error during form filling: locator.click: Timeout 25000ms exceeded.
Call log:
[2m  - waiting for locator('#primary_phone:visible, #phone:visible, #phone_home:visible, input[name="phone"]:visible, input[name="phone_home"]:visible, input[name="primary_phone"]:visible, input[type="tel"]:visible').first()[22m
[2m    - locator resolved to <input type="tel" tabindex="0" id="primary_phone" placeholder="Phone" name="primary_phone" aria-invalid="false" class="form-control valid" data-gtm-form-interact-field-id="4"/>[22m
[2m  - attempting click action[22m
[2m    2 × waiting for element to be visible, enabled and stable[22m
[2m      - element is visible, enabled and stable[22m
[2m      - scrolling into view if needed[22m
[2m      - done scrolling[22m
[2m      - <div class="loader">Loading…</div> intercepts pointer events[22m
[2m    - retrying click action[22m
[2m    - waiting 20ms[22m
[2m    2 × waiting for element to be visible, enabled and stable[22m
[2m      - element is visible, enabled and stable[22m
[2m      - scrolling into view if needed[22m
[2m      - done scrolling[22m
[2m      - <div class="loader">Loading…</div> intercepts pointer events[22m
[2m    - retrying click action[22m
[2m      - waiting 100ms[22m
[2m    - waiting for element to be visible, enabled and stable[22m
[2m    - element is visible, enabled and stable[22m
[2m    - scrolling into view if needed[22m
[2m    - done scrolling[22m
[2m    - <div class="loader">Loading…</div> intercepts pointer events[22m
[2m  - retrying click action[22m
[2m    - waiting 500ms[22m
[2m    - waiting for" https://tra.com/thank-you/nn?debt=10000&leadid=067266D2&reqid=26774811&affid=659&oid=133" navigation to finish...[22m
[2m    - navigated to "https://tra.com/thank-you/nn?debt=10000&leadid=067266D2&reqid=26774811&affid=659&oid=133"[22m
[2m    - waiting for element to be visible, enabled and stable[22m
[2m  - element was detached from the DOM, retrying[22m

[ppc-st][DESKTOP][CHROMIUM] [STDERR] ❌ Failed processing PPC-ST: locator.click: Timeout 25000ms exceeded.
Call log:
[2m  - waiting for locator('#primary_phone:visible, #phone:visible, #phone_home:visible, input[name="phone"]:visible, input[name="phone_home"]:visible, input[name="primary_phone"]:visible, input[type="tel"]:visible').first()[22m
[2m    - locator resolved to <input type="tel" tabindex="0" id="primary_phone" placeholder="Phone" name="primary_phone" aria-invalid="false" class="form-control valid" data-gtm-form-interact-field-id="4"/>[22m
[2m  - attempting click action[22m
[2m    2 × waiting for element to be visible, enabled and stable[22m
[2m      - element is visible, enabled and stable[22m
[2m      - scrolling into view if needed[22m
[2m      - done scrolling[22m
[2m      - <div class="loader">Loading…</div> intercepts pointer events[22m
[2m    - retrying click action[22m
[2m    - waiting 20ms[22m
[2m    2 × waiting for element to be visible, enabled and stable[22m
[2m      - element is visible, enabled and stable[22m
[2m      - scrolling into view if needed[22m
[2m      - done scrolling[22m
[2m      - <div class="loader">Loading…</div> intercepts pointer events[22m
[2m    - retrying click action[22m
[2m      - waiting 100ms[22m
[2m    - waiting for element to be visible, enabled and stable[22m
[2m    - element is visible, enabled and stable[22m
[2m    - scrolling into view if needed[22m
[2m    - done scrolling[22m
[2m    - <div class="loader">Loading…</div> intercepts pointer events[22m
[2m  - retrying click action[22m
[2m    - waiting 500ms[22m
[2m    - waiting for" https://tra.com/thank-you/nn?debt=10000&leadid=067266D2&reqid=26774811&affid=659&oid=133" navigation to finish...[22m
[2m    - navigated to "https://tra.com/thank-you/nn?debt=10000&leadid=067266D2&reqid=26774811&affid=659&oid=133"[22m
[2m    - waiting for element to be visible, enabled and stable[22m
[2m  - element was detached from the DOM, retrying[22m

[ppc-st][DESKTOP][CHROMIUM] 
✅ Execution successfully processed! {
  success: false,
  error: 'locator.click: Timeout 25000ms exceeded.\n' +
    'Call log:\n' +
    `\x1B[2m  - waiting for locator('#primary_phone:visible, #phone:visible, #phone_home:visible, input[name="phone"]:visible, input[name="phone_home"]:visible, input[name="primary_phone"]:visible, input[type="tel"]:visible').first()\x1B[22m\n` +
    '\x1B[2m    - locator resolved to <input type="tel" tabindex="0" id="primary_phone" placeholder="Phone" name="primary_phone" aria-invalid="false" class="form-control valid" data-gtm-form-interact-field-id="4"/>\x1B[22m\n' +
    '\x1B[2m  - attempting click action\x1B[22m\n' +
    '\x1B[2m    2 × waiting for element to be visible, enabled and stable\x1B[22m\n' +
    '\x1B[2m      - element is visible, enabled and stable\x1B[22m\n' +
    '\x1B[2m      - scrolling into view if needed\x1B[22m\n' +
    '\x1B[2m      - done scrolling\x1B[22m\n' +
    '\x1B[2m      - <div class="loader">Loading…</div> intercepts pointer events\x1B[22m\n' +
    '\x1B[2m    - retrying click action\x1B[22m\n' +
    '\x1B[2m    - waiting 20ms\x1B[22m\n' +
    '\x1B[2m    2 × waiting for element to be visible, enabled and stable\x1B[22m\n' +
    '\x1B[2m      - element is visible, enabled and stable\x1B[22m\n' +
    '\x1B[2m      - scrolling into view if needed\x1B[22m\n' +
    '\x1B[2m      - done scrolling\x1B[22m\n' +
    '\x1B[2m      - <div class="loader">Loading…</div> intercepts pointer events\x1B[22m\n' +
    '\x1B[2m    - retrying click action\x1B[22m\n' +
    '\x1B[2m      - waiting 100ms\x1B[22m\n' +
    '\x1B[2m    - waiting for element to be visible, enabled and stable\x1B[22m\n' +
    '\x1B[2m    - element is visible, enabled and stable\x1B[22m\n' +
    '\x1B[2m    - scrolling into view if needed\x1B[22m\n' +
    '\x1B[2m    - done scrolling\x1B[22m\n' +
    '\x1B[2m    - <div class="loader">Loading…</div> intercepts pointer events\x1B[22m\n' +
    '\x1B[2m  - retrying click action\x1B[22m\n' +
    '\x1B[2m    - waiting 500ms\x1B[22m\n' +
    '\x1B[2m    - waiting for" https://tra.com/thank-you/nn?debt=10000&leadid=067266D2&reqid=26774811&affid=659&oid=133" navigation to finish...\x1B[22m\n' +
    '\x1B[2m    - navigated to "https://tra.com/thank-you/nn?debt=10000&leadid=067266D2&reqid=26774811&affid=659&oid=133"\x1B[22m\n' +
    '\x1B[2m    - waiting for element to be visible, enabled and stable\x1B[22m\n' +
    '\x1B[2m  - element was detached from the DOM, retrying\x1B[22m\n',
  brand: 'PPC-ST'
}
[ppc-st][DESKTOP][CHROMIUM] 📋 Trace report successfully saved: traces/ppc-st_desktop.zip
✅ [13/5/2026, 3:47:31 pm] COMPLETED: ppc-st [DESKTOP][CHROMIUM]

================================================================
🚀 [13/5/2026, 3:47:33 pm] RUNNING: PPC-ST (TABLET) on CHROMIUM
🔗 Target URL: https://flmtra.com/?a=659&oc=837&c=2210&s1=
================================================================
[ppc-st][TABLET][CHROMIUM] 🔌 [Browser Interceptor] Intercepting and optimizing engine: CHROMIUM
[ppc-st][TABLET][CHROMIUM] ◇ injected env (0) from .env // tip: ⌘ override existing { override: true }
[ppc-st][TABLET][CHROMIUM] ◇ injected env (0) from .env // tip: ⌘ override existing { override: true }
[ppc-st][TABLET][CHROMIUM] ◇ injected env (0) from .env // tip: ◈ encrypted .env [www.dotenvx.com]
[ppc-st][TABLET][CHROMIUM] ◇ injected env (0) from .env // tip: ◈ encrypted .env [www.dotenvx.com]
[ppc-st][TABLET][CHROMIUM] 
🤖 ================================================================
🤖 MASTER RUNNER: LAUNCHING PPC-ST
🤖 Mode:            TABLET
🤖 Tracking URL:     https://flmtra.com/?a=659&oc=837&c=2210&s1=
🤖 Target Sheet:    PPC-ST
[ppc-st][TABLET][CHROMIUM] 🤖 ================================================================
[ppc-st][TABLET][CHROMIUM] 📋 Emulated Device Profile: TABLET (iPad Pro 11)
[ppc-st][TABLET][CHROMIUM] ⏳ Delaying 2 seconds to allow responsive layouts to mount...
[ppc-st][TABLET][CHROMIUM] 🔄 Processing lead for brand: PPC-ST Tablet
[ppc-st][TABLET][CHROMIUM] 🔗 [Mobile] Navigating to: https://flmtra.com/?a=659&oc=837&c=2210&s1=
[ppc-st][TABLET][CHROMIUM] ✅ [Mobile] Page loaded successfully
[ppc-st][TABLET][CHROMIUM] 💻 [Tablet] Injecting high-fidelity glossy iPad Pro mockup frame...
[ppc-st][TABLET][CHROMIUM] 💻 [Tablet] Injecting high-fidelity glossy iPad Pro mockup frame...
[ppc-st][TABLET][CHROMIUM] 📝 [Mobile] Starting mobile-specific form filling...
[ppc-st][TABLET][CHROMIUM] 🔘 [Mobile] Step 1: Selecting Debt Amount (18,000)
[ppc-st][TABLET][CHROMIUM] 🔘 [Mobile] Clicking active visible button: .next-btn1:visible, .btn-next:visible
[ppc-st][TABLET][CHROMIUM] ✅ [Mobile] Clicked: .next-btn1:visible, .btn-next:visible
[ppc-st][TABLET][CHROMIUM] 💻 [Tablet] Injecting high-fidelity glossy iPad Pro mockup frame...
[ppc-st][TABLET][CHROMIUM] ✅ [Mobile] Reached a recognized terminal step (State or Contact). Stopping dynamic traversal.
[ppc-st][TABLET][CHROMIUM] 🔘 [Mobile] Step 2: Selecting State
[ppc-st][TABLET][CHROMIUM] 📝 [Mobile] step3 column set to State: "OR"
[ppc-st][TABLET][CHROMIUM] 🔘 [Mobile] Clicking active visible button: .next-btn:visible, .next-btn2:visible, .btn-next:visible
[ppc-st][TABLET][CHROMIUM] ✅ [Mobile] Clicked: .next-btn:visible, .next-btn2:visible, .btn-next:visible
[ppc-st][TABLET][CHROMIUM] 💻 [Tablet] Injecting high-fidelity glossy iPad Pro mockup frame...
[ppc-st][TABLET][CHROMIUM] 🔘 [Mobile] Step 3: Filling Contact Info (Dynamic Loop)...
[ppc-st][TABLET][CHROMIUM] 💻 [Tablet] Injecting high-fidelity glossy iPad Pro mockup frame...
[ppc-st][TABLET][CHROMIUM] ✅ [Mobile] Filled First Name: ckmtestpixel
[ppc-st][TABLET][CHROMIUM] ✅ [Mobile] Filled Last Name: ckmtestpixel
[ppc-st][TABLET][CHROMIUM] ✅ [Mobile] Filled Email: ckmtestpixel@gmail.com
[ppc-st][TABLET][CHROMIUM] ✅ [Mobile] Filled Phone: 503-518-1606
[ppc-st][TABLET][CHROMIUM] 🔘 [Mobile] Clicking active contact NEXT/SUBMIT button...
[ppc-st][TABLET][CHROMIUM] 💻 [Tablet] Injecting high-fidelity glossy iPad Pro mockup frame...
[ppc-st][TABLET][CHROMIUM] ✅ [Mobile] Filled Phone: 503-518-1606
[ppc-st][TABLET][CHROMIUM] 🔘 [Mobile] Clicking active contact NEXT/SUBMIT button...
[ppc-st][TABLET][CHROMIUM] 💻 [Tablet] Injecting high-fidelity glossy iPad Pro mockup frame...
[ppc-st][TABLET][CHROMIUM] 🔘 [Mobile] No active contact NEXT/SUBMIT button visible. Exiting loop.
🔘 [Mobile] Scanning for additional dynamic steps...
[ppc-st][TABLET][CHROMIUM] 🔘 [Mobile] Submitting form
[ppc-st][TABLET][CHROMIUM] ⏳ [Mobile] Waiting for submission navigation to complete
[ppc-st][TABLET][CHROMIUM] ⏳ [Mobile] Waiting for final Thank You page redirection...
[ppc-st][TABLET][CHROMIUM] ✅ [Mobile] Targeted final redirect URL achieved!
[ppc-st][TABLET][CHROMIUM] ✅ [Mobile] Final Thank You URL: https://tra.com/thank-you/nn?debt=10000&leadid=3AFEE00D&reqid=26774817&affid=659&oid=133
[ppc-st][TABLET][CHROMIUM] ✅ [Mobile] Extracted Lead ID: 3AFEE00D
📱 Device Type detected: T-CHROMIUM
[ppc-st][TABLET][CHROMIUM] ✅ Lead captured: 3AFEE00D
[ppc-st][TABLET][CHROMIUM] 📡 Fetching First API data for Lead ID: 3AFEE00D...
[ppc-st][TABLET][CHROMIUM] 📡 Raw XML Response: {
  "lead_info_response": {
    "$": {
      "xmlns:xsd": "http://www.w3.org/2001/XMLSchema",
      "xmlns:xsi": "http://www.w3.org/2001/XMLSchema-instance",
      "xmlns": "http://cakemarketing.com/api/1/"
    },
    "success": "true",
    "row_count": "1",
    "lead_id": "3AFEE00D",
    "personal_info": {
      "first_name": "CKMTESTPIXEL",
      "last_name": "CKMTESTPIXEL",
      "email_address": "ckmtestpixel@gmail.com",
      "address": {
        "street": "",
        "city": "",
        "state": "OR",
        "zip_code": "97338",
        "country": ""
      },
      "ip_address": "27.54.170.27",
      "phone_work": "",
      "phone_home": "503-518-1606",
      "phone_cell": "",
      "best_call_time": "",
      "opt_in": "false"
    },
    "traffic_info": {
      "lead_date": "2026-05-13T03:17:59.64",
      "payout": {
        "currency_id": "1",
        "amount": "0.0000",
        "formatted_amount": "$0.00"
      },
      "affiliate": {
        "affiliate_id": {
          "_": "659",
          "$": {
            "xmlns": "API:id_name_store"
          }
        },
        "affiliate_name": {
          "_": "QA affiliate",
          "$": {
            "xmlns": "API:id_name_store"
          }
        }
      },
      "campaign": {
        "campaign_id": {
          "_": "4444",
          "$": {
            "xmlns": "API:id_name_store"
          }
        },
        "campaign_name": {
          "_": "TRA.com CPL - PPC ST - CPA - $1.00",
          "$": {
            "xmlns": "API:id_name_store"
          }
        }
      },
      "creative_id": "2210",
      "subid_1": "",
      "subid_2": "",
      "subid_3": "",
      "subid_4": "",
      "subid_5": "",
      "referrer": "",
      "pixel_fired": "true",
      "returned_to_affiliate": "false",
      "test": "true",
      "upsell": "false"
    },
    "all_vertical_data": {
      "data": {
        "$": {
          "xmlns": ""
        },
        "tax_debt": "10000",
        "universal_leadid": "25CFBA44-F372-C174-9613-807DDF055531",
        "affid": "659",
        "TCPA_checkbox": "1",
        "reqid": "26774817",
        "page": "https://tra.com/ppc/st",
        "neustar": "pass",
        "neustar_disposition": "N,U,U,L,0",
        "first_name_lower": "ckmtestpixel",
        "last_name_lower": "ckmtestpixel",
        "opt_special_offers": "on",
        "ckm_campaign_id": "4444"
      }
    },
    "dispositions": "",
    "pings": "",
    "posts": "",
    "sales": ""
  }
}
✅ First API Data retrieved on attempt 1
[ppc-st][TABLET][CHROMIUM] 📡 Fetching Second API data for Lead ID: 3AFEE00D...
[ppc-st][TABLET][CHROMIUM] 📡 Standard Second API Payload: cake_id=3AFEE00D, domain_name=https://www.taxreliefadvocates.com
[ppc-st][TABLET][CHROMIUM] [STDERR] (node:18560) Warning: Setting the NODE_TLS_REJECT_UNAUTHORIZED environment variable to '0' makes TLS connections and HTTPS requests insecure by disabling certificate verification.
(Use `node --trace-warnings ...` to show where the warning was created)
[ppc-st][TABLET][CHROMIUM] [STDERR] ❌ Second API Attempt 1 failed: Request failed with status code 404
[ppc-st][TABLET][CHROMIUM] ⏳ Retrying in 3 seconds to allow database synchronization...
[ppc-st][TABLET][CHROMIUM] 📡 Standard Second API Payload: cake_id=3AFEE00D, domain_name=https://www.taxreliefadvocates.com
[ppc-st][TABLET][CHROMIUM] [STDERR] ❌ Second API Attempt 2 failed: Request failed with status code 404
[ppc-st][TABLET][CHROMIUM] ⏳ Retrying in 3 seconds to allow database synchronization...
[ppc-st][TABLET][CHROMIUM] 📡 Standard Second API Payload: cake_id=3AFEE00D, domain_name=https://www.taxreliefadvocates.com
[ppc-st][TABLET][CHROMIUM] [STDERR] ❌ Second API Attempt 3 failed: Request failed with status code 404
[ppc-st][TABLET][CHROMIUM] ⏳ Retrying in 3 seconds to allow database synchronization...
[ppc-st][TABLET][CHROMIUM] 📡 Standard Second API Payload: cake_id=3AFEE00D, domain_name=https://www.taxreliefadvocates.com
[ppc-st][TABLET][CHROMIUM] [STDERR] ❌ Second API Attempt 4 failed: Request failed with status code 404
[ppc-st][TABLET][CHROMIUM] ⏳ Retrying in 3 seconds to allow database synchronization...
[ppc-st][TABLET][CHROMIUM] 📡 Standard Second API Payload: cake_id=3AFEE00D, domain_name=https://www.taxreliefadvocates.com
[ppc-st][TABLET][CHROMIUM] [STDERR] ❌ Second API Attempt 5 failed: Request failed with status code 404
[ppc-st][TABLET][CHROMIUM] ✅ Row appended successfully to sheet: PPC-ST
[ppc-st][TABLET][CHROMIUM] ✨ Professional formatting applied to PPC-ST
✅ Lead processed successfully for PPC-ST Tablet
[ppc-st][TABLET][CHROMIUM] 🎥 Video saved successfully: traces/videos/PPC-ST_PPC-ST_Tablet.webm
[ppc-st][TABLET][CHROMIUM] 
✅ Execution successfully processed! { success: true, leadId: '3AFEE00D', brand: 'PPC-ST Tablet' }
[ppc-st][TABLET][CHROMIUM] [STDERR] ❌ Automation Run encountered a fatal exception: tracing.stop: Target page, context or browser has been closed
✅ [13/5/2026, 3:50:00 pm] COMPLETED: ppc-st [TABLET][CHROMIUM]

================================================================
🚀 [13/5/2026, 3:50:02 pm] RUNNING: PPC-ST (MOBILE) on CHROMIUM
🔗 Target URL: https://flmtra.com/?a=659&oc=837&c=2210&s1=
================================================================
[ppc-st][MOBILE][CHROMIUM] 🔌 [Browser Interceptor] Intercepting and optimizing engine: CHROMIUM
[ppc-st][MOBILE][CHROMIUM] ◇ injected env (0) from .env // tip: ⌘ enable debugging { debug: true }
[ppc-st][MOBILE][CHROMIUM] ◇ injected env (0) from .env // tip: ⌘ multiple files { path: ['.env.local', '.env'] }
[ppc-st][MOBILE][CHROMIUM] ◇ injected env (0) from .env // tip: ◈ secrets for agents [www.dotenvx.com]
[ppc-st][MOBILE][CHROMIUM] ◇ injected env (0) from .env // tip: ⌘ suppress logs { quiet: true }
[ppc-st][MOBILE][CHROMIUM] 
🤖 ================================================================
[ppc-st][MOBILE][CHROMIUM] 🤖 MASTER RUNNER: LAUNCHING PPC-ST
🤖 Mode:            MOBILE
🤖 Tracking URL:     https://flmtra.com/?a=659&oc=837&c=2210&s1=
[ppc-st][MOBILE][CHROMIUM] 🤖 Target Sheet:    PPC-ST
[ppc-st][MOBILE][CHROMIUM] 🤖 ================================================================
[ppc-st][MOBILE][CHROMIUM] 📱 Emulated Device Profile: MOBILE (iPhone 17 Pro)
[ppc-st][MOBILE][CHROMIUM] ⏳ Delaying 2 seconds to allow responsive layouts to mount...
[ppc-st][MOBILE][CHROMIUM] 🔄 Processing lead for brand: PPC-ST Mobile
[ppc-st][MOBILE][CHROMIUM] 🔗 [Mobile] Navigating to: https://flmtra.com/?a=659&oc=837&c=2210&s1=
[ppc-st][MOBILE][CHROMIUM] ✅ [Mobile] Page loaded successfully
[ppc-st][MOBILE][CHROMIUM] 📱 [Mobile] Injecting high-fidelity glossy Natural Titanium iPhone 17 Pro mockup frame...
[ppc-st][MOBILE][CHROMIUM] 📱 [Mobile] Injecting high-fidelity glossy Natural Titanium iPhone 17 Pro mockup frame...
[ppc-st][MOBILE][CHROMIUM] 📝 [Mobile] Starting mobile-specific form filling...
[ppc-st][MOBILE][CHROMIUM] 🔘 [Mobile] Step 1: Selecting Debt Amount (18,000)
[ppc-st][MOBILE][CHROMIUM] 🔘 [Mobile] Clicking active visible button: .next-btn1:visible, .btn-next:visible
[ppc-st][MOBILE][CHROMIUM] ✅ [Mobile] Clicked: .next-btn1:visible, .btn-next:visible
[ppc-st][MOBILE][CHROMIUM] 📱 [Mobile] Injecting high-fidelity glossy Natural Titanium iPhone 17 Pro mockup frame...
[ppc-st][MOBILE][CHROMIUM] ✅ [Mobile] Reached a recognized terminal step (State or Contact). Stopping dynamic traversal.
[ppc-st][MOBILE][CHROMIUM] 🔘 [Mobile] Step 2: Selecting State
[ppc-st][MOBILE][CHROMIUM] 📝 [Mobile] step3 column set to State: "OR"
[ppc-st][MOBILE][CHROMIUM] 🔘 [Mobile] Clicking active visible button: .next-btn:visible, .next-btn2:visible, .btn-next:visible
[ppc-st][MOBILE][CHROMIUM] ✅ [Mobile] Clicked: .next-btn:visible, .next-btn2:visible, .btn-next:visible
[ppc-st][MOBILE][CHROMIUM] 📱 [Mobile] Injecting high-fidelity glossy Natural Titanium iPhone 17 Pro mockup frame...
[ppc-st][MOBILE][CHROMIUM] 🔘 [Mobile] Step 3: Filling Contact Info (Dynamic Loop)...
[ppc-st][MOBILE][CHROMIUM] 📱 [Mobile] Injecting high-fidelity glossy Natural Titanium iPhone 17 Pro mockup frame...
[ppc-st][MOBILE][CHROMIUM] ✅ [Mobile] Filled First Name: ckmtestpixel
[ppc-st][MOBILE][CHROMIUM] ✅ [Mobile] Filled Last Name: ckmtestpixel
[ppc-st][MOBILE][CHROMIUM] ✅ [Mobile] Filled Email: ckmtestpixel@gmail.com
[ppc-st][MOBILE][CHROMIUM] ✅ [Mobile] Filled Phone: 503-518-1606
[ppc-st][MOBILE][CHROMIUM] 🔘 [Mobile] Clicking active contact NEXT/SUBMIT button...
[ppc-st][MOBILE][CHROMIUM] 📱 [Mobile] Injecting high-fidelity glossy Natural Titanium iPhone 17 Pro mockup frame...
[ppc-st][MOBILE][CHROMIUM] ✅ [Mobile] Filled Phone: 503-518-1606
[ppc-st][MOBILE][CHROMIUM] 🔘 [Mobile] Clicking active contact NEXT/SUBMIT button...
[ppc-st][MOBILE][CHROMIUM] 📱 [Mobile] Injecting high-fidelity glossy Natural Titanium iPhone 17 Pro mockup frame...
[ppc-st][MOBILE][CHROMIUM] 🔘 [Mobile] No active contact NEXT/SUBMIT button visible. Exiting loop.
🔘 [Mobile] Scanning for additional dynamic steps...
[ppc-st][MOBILE][CHROMIUM] 🔘 [Mobile] Submitting form
[ppc-st][MOBILE][CHROMIUM] ⏳ [Mobile] Waiting for submission navigation to complete
[ppc-st][MOBILE][CHROMIUM] ⏳ [Mobile] Waiting for final Thank You page redirection...
[ppc-st][MOBILE][CHROMIUM] ✅ [Mobile] Targeted final redirect URL achieved!
[ppc-st][MOBILE][CHROMIUM] ✅ [Mobile] Final Thank You URL: https://tra.com/thank-you/nn?debt=10000&leadid=7FA469D9&reqid=26774821&affid=659&oid=133
[ppc-st][MOBILE][CHROMIUM] ✅ [Mobile] Extracted Lead ID: 7FA469D9
📱 Device Type detected: M-CHROMIUM
[ppc-st][MOBILE][CHROMIUM] ✅ Lead captured: 7FA469D9
[ppc-st][MOBILE][CHROMIUM] 📡 Fetching First API data for Lead ID: 7FA469D9...
[ppc-st][MOBILE][CHROMIUM] 📡 Raw XML Response: {
  "lead_info_response": {
    "$": {
      "xmlns:xsd": "http://www.w3.org/2001/XMLSchema",
      "xmlns:xsi": "http://www.w3.org/2001/XMLSchema-instance",
      "xmlns": "http://cakemarketing.com/api/1/"
    },
    "success": "true",
    "row_count": "1",
    "lead_id": "7FA469D9",
    "personal_info": {
      "first_name": "CKMTESTPIXEL",
      "last_name": "CKMTESTPIXEL",
      "email_address": "ckmtestpixel@gmail.com",
      "address": {
        "street": "",
        "city": "",
        "state": "OR",
        "zip_code": "97465",
        "country": ""
      },
      "ip_address": "27.54.170.27",
      "phone_work": "",
      "phone_home": "503-518-1606",
      "phone_cell": "",
      "best_call_time": "",
      "opt_in": "false"
    },
    "traffic_info": {
      "lead_date": "2026-05-13T03:20:36.13",
      "payout": {
        "currency_id": "1",
        "amount": "0.0000",
        "formatted_amount": "$0.00"
      },
      "affiliate": {
        "affiliate_id": {
          "_": "659",
          "$": {
            "xmlns": "API:id_name_store"
          }
        },
        "affiliate_name": {
          "_": "QA affiliate",
          "$": {
            "xmlns": "API:id_name_store"
          }
        }
      },
      "campaign": {
        "campaign_id": {
          "_": "4444",
          "$": {
            "xmlns": "API:id_name_store"
          }
        },
        "campaign_name": {
          "_": "TRA.com CPL - PPC ST - CPA - $1.00",
          "$": {
            "xmlns": "API:id_name_store"
          }
        }
      },
      "creative_id": "2210",
      "subid_1": "",
      "subid_2": "",
      "subid_3": "",
      "subid_4": "",
      "subid_5": "",
      "referrer": "",
      "pixel_fired": "true",
      "returned_to_affiliate": "false",
      "test": "true",
      "upsell": "false"
    },
    "all_vertical_data": {
      "data": {
        "$": {
          "xmlns": ""
        },
        "tax_debt": "10000",
        "universal_leadid": "5A9A57E7-1374-B6E2-F1C5-4A46DD190D41",
        "affid": "659",
        "TCPA_checkbox": "1",
        "reqid": "26774821",
        "page": "https://tra.com/ppc/st",
        "neustar": "pass",
        "neustar_disposition": "N,U,U,L,0",
        "first_name_lower": "ckmtestpixel",
        "last_name_lower": "ckmtestpixel",
        "opt_special_offers": "on",
        "ckm_campaign_id": "4444"
      }
    },
    "dispositions": "",
    "pings": "",
    "posts": "",
    "sales": ""
  }
}
✅ First API Data retrieved on attempt 1
[ppc-st][MOBILE][CHROMIUM] 📡 Fetching Second API data for Lead ID: 7FA469D9...
[ppc-st][MOBILE][CHROMIUM] 📡 Standard Second API Payload: cake_id=7FA469D9, domain_name=https://www.taxreliefadvocates.com
[ppc-st][MOBILE][CHROMIUM] [STDERR] (node:2824) Warning: Setting the NODE_TLS_REJECT_UNAUTHORIZED environment variable to '0' makes TLS connections and HTTPS requests insecure by disabling certificate verification.
(Use `node --trace-warnings ...` to show where the warning was created)
[ppc-st][MOBILE][CHROMIUM] [STDERR] ❌ Second API Attempt 1 failed: Request failed with status code 404
[ppc-st][MOBILE][CHROMIUM] ⏳ Retrying in 3 seconds to allow database synchronization...
[ppc-st][MOBILE][CHROMIUM] 📡 Standard Second API Payload: cake_id=7FA469D9, domain_name=https://www.taxreliefadvocates.com
[ppc-st][MOBILE][CHROMIUM] [STDERR] ❌ Second API Attempt 2 failed: Request failed with status code 404
[ppc-st][MOBILE][CHROMIUM] ⏳ Retrying in 3 seconds to allow database synchronization...
[ppc-st][MOBILE][CHROMIUM] 📡 Standard Second API Payload: cake_id=7FA469D9, domain_name=https://www.taxreliefadvocates.com
[ppc-st][MOBILE][CHROMIUM] [STDERR] ❌ Second API Attempt 3 failed: Request failed with status code 404
[ppc-st][MOBILE][CHROMIUM] ⏳ Retrying in 3 seconds to allow database synchronization...
[ppc-st][MOBILE][CHROMIUM] 📡 Standard Second API Payload: cake_id=7FA469D9, domain_name=https://www.taxreliefadvocates.com
[ppc-st][MOBILE][CHROMIUM] [STDERR] ❌ Second API Attempt 4 failed: Request failed with status code 404
[ppc-st][MOBILE][CHROMIUM] ⏳ Retrying in 3 seconds to allow database synchronization...
[ppc-st][MOBILE][CHROMIUM] 📡 Standard Second API Payload: cake_id=7FA469D9, domain_name=https://www.taxreliefadvocates.com
[ppc-st][MOBILE][CHROMIUM] [STDERR] ❌ Second API Attempt 5 failed: Request failed with status code 404
[ppc-st][MOBILE][CHROMIUM] ✅ Row appended successfully to sheet: PPC-ST
[ppc-st][MOBILE][CHROMIUM] ✨ Professional formatting applied to PPC-ST
✅ Lead processed successfully for PPC-ST Mobile
[ppc-st][MOBILE][CHROMIUM] 🎥 Video saved successfully: traces/videos/PPC-ST_PPC-ST_Mobile.webm
[ppc-st][MOBILE][CHROMIUM] 
✅ Execution successfully processed! { success: true, leadId: '7FA469D9', brand: 'PPC-ST Mobile' }
[ppc-st][MOBILE][CHROMIUM] [STDERR] ❌ Automation Run encountered a fatal exception: tracing.stop: Target page, context or browser has been closed
✅ [13/5/2026, 3:51:19 pm] COMPLETED: ppc-st [MOBILE][CHROMIUM]

================================================================
⚡ Running Campaign Viewports on Browser Engine: FIREFOX - [PPC-ST]
================================================================

================================================================
🚀 [13/5/2026, 3:51:23 pm] RUNNING: PPC-ST (DESKTOP) on FIREFOX
🔗 Target URL: https://flmtra.com/?a=659&oc=837&c=2210&s1=
================================================================
[ppc-st][DESKTOP][FIREFOX] 🔌 [Browser Interceptor] Intercepting and optimizing engine: FIREFOX
[ppc-st][DESKTOP][FIREFOX] ◇ injected env (0) from .env // tip: ⌘ custom filepath { path: '/custom/path/.env' }
[ppc-st][DESKTOP][FIREFOX] ◇ injected env (0) from .env // tip: ⌘ custom filepath { path: '/custom/path/.env' }
[ppc-st][DESKTOP][FIREFOX] ◇ injected env (0) from .env // tip: ⌁ auth for agents [www.vestauth.com]
[ppc-st][DESKTOP][FIREFOX] ◇ injected env (0) from .env // tip: ⌘ override existing { override: true }
[ppc-st][DESKTOP][FIREFOX] 
🤖 ================================================================
🤖 MASTER RUNNER: LAUNCHING PPC-ST
[ppc-st][DESKTOP][FIREFOX] 🤖 Mode:            DESKTOP
🤖 Tracking URL:     https://flmtra.com/?a=659&oc=837&c=2210&s1=
🤖 Target Sheet:    PPC-ST
🤖 ================================================================
[ppc-st][DESKTOP][FIREFOX] 💻 Emulated Device Profile: DESKTOP
🔌 [Browser Interceptor] Sanitizing mobile context options for Firefox emulation...
[ppc-st][DESKTOP][FIREFOX] 🔄 Processing lead for brand: PPC-ST
[ppc-st][DESKTOP][FIREFOX] 🔗 Navigating to: https://flmtra.com/?a=659&oc=837&c=2210&s1=
[ppc-st][DESKTOP][FIREFOX] ✅ Page loaded successfully
[ppc-st][DESKTOP][FIREFOX] 📝 Starting multi-step form filling process...
[ppc-st][DESKTOP][FIREFOX] 🔘 Step 1: Handling Debt Amount (18,000)
[ppc-st][DESKTOP][FIREFOX] 🔘 Attempting to click .next-btn1, .btn-next
[ppc-st][DESKTOP][FIREFOX] ✅ Clicked .next-btn1, .btn-next
[ppc-st][DESKTOP][FIREFOX] ✅ Reached a recognized terminal step (State or Contact). Stopping dynamic traversal.
[ppc-st][DESKTOP][FIREFOX] 🔘 Step: Selecting State
[ppc-st][DESKTOP][FIREFOX] 📝 step3 column set to State: "OR"
[ppc-st][DESKTOP][FIREFOX] 🔘 Clicking generic NEXT button
[ppc-st][DESKTOP][FIREFOX] ✅ Clicked generic NEXT button
[ppc-st][DESKTOP][FIREFOX] 🔘 Filling Contact Info (Dynamic Loop)...
[ppc-st][DESKTOP][FIREFOX] ✅ Filled First Name: ckmtestpixel
[ppc-st][DESKTOP][FIREFOX] ✅ Filled Last Name: ckmtestpixel
[ppc-st][DESKTOP][FIREFOX] ✅ Filled Email: ckmtestpixel@gmail.com
[ppc-st][DESKTOP][FIREFOX] ✅ Filled Phone: 503-518-1606
[ppc-st][DESKTOP][FIREFOX] 🔘 Clicking active contact NEXT/SUBMIT button...
[ppc-st][DESKTOP][FIREFOX] [STDERR] ❌ Error during form filling: locator.click: Timeout 25000ms exceeded.
Call log:
[2m  - waiting for locator('#primary_phone:visible, #phone:visible, #phone_home:visible, input[name="phone"]:visible, input[name="phone_home"]:visible, input[name="primary_phone"]:visible, input[type="tel"]:visible').first()[22m
[2m    - locator resolved to <input type="tel" tabindex="0" id="primary_phone" placeholder="Phone" name="primary_phone" aria-invalid="false" class="form-control valid" data-gtm-form-interact-field-id="4"/>[22m
[2m  - attempting click action[22m
[2m    2 × waiting for element to be visible, enabled and stable[22m
[2m      - element is visible, enabled and stable[22m
[2m      - scrolling into view if needed[22m
[2m      - done scrolling[22m
[2m      - <div class="loader">Loading…</div> intercepts pointer events[22m
[2m    - retrying click action[22m
[2m    - waiting 20ms[22m
[2m    2 × waiting for element to be visible, enabled and stable[22m
[2m      - element is visible, enabled and stable[22m
[2m      - scrolling into view if needed[22m
[2m      - done scrolling[22m
[2m      - <div class="loader">Loading…</div> intercepts pointer events[22m
[2m    - retrying click action[22m
[2m      - waiting 100ms[22m
[2m    - waiting for" https://tra.com/thank-you/nn?debt=10000&leadid=A66F0003&reqid=26774823&affid=659&oid=133" navigation to finish...[22m
[2m    - navigated to "https://tra.com/thank-you/nn?debt=10000&leadid=A66F0003&reqid=26774823&affid=659&oid=133"[22m
[2m    - waiting for element to be visible, enabled and stable[22m
[2m  - element was detached from the DOM, retrying[22m

[ppc-st][DESKTOP][FIREFOX] [STDERR] ❌ Failed processing PPC-ST: locator.click: Timeout 25000ms exceeded.
Call log:
[2m  - waiting for locator('#primary_phone:visible, #phone:visible, #phone_home:visible, input[name="phone"]:visible, input[name="phone_home"]:visible, input[name="primary_phone"]:visible, input[type="tel"]:visible').first()[22m
[2m    - locator resolved to <input type="tel" tabindex="0" id="primary_phone" placeholder="Phone" name="primary_phone" aria-invalid="false" class="form-control valid" data-gtm-form-interact-field-id="4"/>[22m
[2m  - attempting click action[22m
[2m    2 × waiting for element to be visible, enabled and stable[22m
[2m      - element is visible, enabled and stable[22m
[2m      - scrolling into view if needed[22m
[2m      - done scrolling[22m
[2m      - <div class="loader">Loading…</div> intercepts pointer events[22m
[2m    - retrying click action[22m
[2m    - waiting 20ms[22m
[2m    2 × waiting for element to be visible, enabled and stable[22m
[2m      - element is visible, enabled and stable[22m
[2m      - scrolling into view if needed[22m
[2m      - done scrolling[22m
[2m      - <div class="loader">Loading…</div> intercepts pointer events[22m
[2m    - retrying click action[22m
[2m      - waiting 100ms[22m
[2m    - waiting for" https://tra.com/thank-you/nn?debt=10000&leadid=A66F0003&reqid=26774823&affid=659&oid=133" navigation to finish...[22m
[2m    - navigated to "https://tra.com/thank-you/nn?debt=10000&leadid=A66F0003&reqid=26774823&affid=659&oid=133"[22m
[2m    - waiting for element to be visible, enabled and stable[22m
[2m  - element was detached from the DOM, retrying[22m

[ppc-st][DESKTOP][FIREFOX] 
✅ Execution successfully processed! {
  success: false,
  error: 'locator.click: Timeout 25000ms exceeded.\n' +
    'Call log:\n' +
    `\x1B[2m  - waiting for locator('#primary_phone:visible, #phone:visible, #phone_home:visible, input[name="phone"]:visible, input[name="phone_home"]:visible, input[name="primary_phone"]:visible, input[type="tel"]:visible').first()\x1B[22m\n` +
    '\x1B[2m    - locator resolved to <input type="tel" tabindex="0" id="primary_phone" placeholder="Phone" name="primary_phone" aria-invalid="false" class="form-control valid" data-gtm-form-interact-field-id="4"/>\x1B[22m\n' +
    '\x1B[2m  - attempting click action\x1B[22m\n' +
    '\x1B[2m    2 × waiting for element to be visible, enabled and stable\x1B[22m\n' +
    '\x1B[2m      - element is visible, enabled and stable\x1B[22m\n' +
    '\x1B[2m      - scrolling into view if needed\x1B[22m\n' +
    '\x1B[2m      - done scrolling\x1B[22m\n' +
    '\x1B[2m      - <div class="loader">Loading…</div> intercepts pointer events\x1B[22m\n' +
    '\x1B[2m    - retrying click action\x1B[22m\n' +
    '\x1B[2m    - waiting 20ms\x1B[22m\n' +
    '\x1B[2m    2 × waiting for element to be visible, enabled and stable\x1B[22m\n' +
    '\x1B[2m      - element is visible, enabled and stable\x1B[22m\n' +
    '\x1B[2m      - scrolling into view if needed\x1B[22m\n' +
    '\x1B[2m      - done scrolling\x1B[22m\n' +
    '\x1B[2m      - <div class="loader">Loading…</div> intercepts pointer events\x1B[22m\n' +
    '\x1B[2m    - retrying click action\x1B[22m\n' +
    '\x1B[2m      - waiting 100ms\x1B[22m\n' +
    '\x1B[2m    - waiting for" https://tra.com/thank-you/nn?debt=10000&leadid=A66F0003&reqid=26774823&affid=659&oid=133" navigation to finish...\x1B[22m\n' +
    '\x1B[2m    - navigated to "https://tra.com/thank-you/nn?debt=10000&leadid=A66F0003&reqid=26774823&affid=659&oid=133"\x1B[22m\n' +
    '\x1B[2m    - waiting for element to be visible, enabled and stable\x1B[22m\n' +
    '\x1B[2m  - element was detached from the DOM, retrying\x1B[22m\n',
  brand: 'PPC-ST'
}
[ppc-st][DESKTOP][FIREFOX] 📋 Trace report successfully saved: traces/ppc-st_desktop.zip
✅ [13/5/2026, 3:52:17 pm] COMPLETED: ppc-st [DESKTOP][FIREFOX]

================================================================
🚀 [13/5/2026, 3:52:19 pm] RUNNING: PPC-ST (TABLET) on FIREFOX
🔗 Target URL: https://flmtra.com/?a=659&oc=837&c=2210&s1=
================================================================
[ppc-st][TABLET][FIREFOX] 🔌 [Browser Interceptor] Intercepting and optimizing engine: FIREFOX
[ppc-st][TABLET][FIREFOX] ◇ injected env (0) from .env // tip: ◈ encrypted .env [www.dotenvx.com]
[ppc-st][TABLET][FIREFOX] ◇ injected env (0) from .env // tip: ⌘ custom filepath { path: '/custom/path/.env' }
[ppc-st][TABLET][FIREFOX] ◇ injected env (0) from .env // tip: ⌁ auth for agents [www.vestauth.com]
[ppc-st][TABLET][FIREFOX] ◇ injected env (0) from .env // tip: ⌘ multiple files { path: ['.env.local', '.env'] }
[ppc-st][TABLET][FIREFOX] 
🤖 ================================================================
[ppc-st][TABLET][FIREFOX] 🤖 MASTER RUNNER: LAUNCHING PPC-ST
🤖 Mode:            TABLET
🤖 Tracking URL:     https://flmtra.com/?a=659&oc=837&c=2210&s1=
[ppc-st][TABLET][FIREFOX] 🤖 Target Sheet:    PPC-ST
[ppc-st][TABLET][FIREFOX] 🤖 ================================================================
[ppc-st][TABLET][FIREFOX] 📋 Emulated Device Profile: TABLET (iPad Pro 11)
🔌 [Browser Interceptor] Sanitizing mobile context options for Firefox emulation...
[ppc-st][TABLET][FIREFOX] ⏳ Delaying 2 seconds to allow responsive layouts to mount...
[ppc-st][TABLET][FIREFOX] 🔄 Processing lead for brand: PPC-ST Tablet
[ppc-st][TABLET][FIREFOX] 🔗 [Mobile] Navigating to: https://flmtra.com/?a=659&oc=837&c=2210&s1=
[ppc-st][TABLET][FIREFOX] ✅ [Mobile] Page loaded successfully
[ppc-st][TABLET][FIREFOX] 💻 [Tablet] Injecting high-fidelity glossy iPad Pro mockup frame...
[ppc-st][TABLET][FIREFOX] 💻 [Tablet] Injecting high-fidelity glossy iPad Pro mockup frame...
[ppc-st][TABLET][FIREFOX] 📝 [Mobile] Starting mobile-specific form filling...
[ppc-st][TABLET][FIREFOX] 🔘 [Mobile] Step 1: Selecting Debt Amount (18,000)
[ppc-st][TABLET][FIREFOX] 🔘 [Mobile] Clicking active visible button: .next-btn1:visible, .btn-next:visible
[ppc-st][TABLET][FIREFOX] ✅ [Mobile] Clicked: .next-btn1:visible, .btn-next:visible
[ppc-st][TABLET][FIREFOX] 💻 [Tablet] Injecting high-fidelity glossy iPad Pro mockup frame...
[ppc-st][TABLET][FIREFOX] ✅ [Mobile] Reached a recognized terminal step (State or Contact). Stopping dynamic traversal.
[ppc-st][TABLET][FIREFOX] 🔘 [Mobile] Step 2: Selecting State
[ppc-st][TABLET][FIREFOX] 📝 [Mobile] step3 column set to State: "OR"
[ppc-st][TABLET][FIREFOX] 🔘 [Mobile] Clicking active visible button: .next-btn:visible, .next-btn2:visible, .btn-next:visible
[ppc-st][TABLET][FIREFOX] ✅ [Mobile] Clicked: .next-btn:visible, .next-btn2:visible, .btn-next:visible
[ppc-st][TABLET][FIREFOX] 💻 [Tablet] Injecting high-fidelity glossy iPad Pro mockup frame...
[ppc-st][TABLET][FIREFOX] 🔘 [Mobile] Step 3: Filling Contact Info (Dynamic Loop)...
[ppc-st][TABLET][FIREFOX] 💻 [Tablet] Injecting high-fidelity glossy iPad Pro mockup frame...
[ppc-st][TABLET][FIREFOX] ✅ [Mobile] Filled First Name: ckmtestpixel
[ppc-st][TABLET][FIREFOX] ✅ [Mobile] Filled Last Name: ckmtestpixel
[ppc-st][TABLET][FIREFOX] ✅ [Mobile] Filled Email: ckmtestpixel@gmail.com
[ppc-st][TABLET][FIREFOX] ✅ [Mobile] Filled Phone: 503-518-1606
[ppc-st][TABLET][FIREFOX] 🔘 [Mobile] Clicking active contact NEXT/SUBMIT button...
[ppc-st][TABLET][FIREFOX] 💻 [Tablet] Injecting high-fidelity glossy iPad Pro mockup frame...
[ppc-st][TABLET][FIREFOX] ✅ [Mobile] Filled Phone: 503-518-1606
[ppc-st][TABLET][FIREFOX] 🔘 [Mobile] Clicking active contact NEXT/SUBMIT button...
[ppc-st][TABLET][FIREFOX] 💻 [Tablet] Injecting high-fidelity glossy iPad Pro mockup frame...
[ppc-st][TABLET][FIREFOX] 🔘 [Mobile] No active contact NEXT/SUBMIT button visible. Exiting loop.
🔘 [Mobile] Scanning for additional dynamic steps...
[ppc-st][TABLET][FIREFOX] 🔘 [Mobile] Submitting form
[ppc-st][TABLET][FIREFOX] ⏳ [Mobile] Waiting for submission navigation to complete
[ppc-st][TABLET][FIREFOX] ⏳ [Mobile] Waiting for final Thank You page redirection...
[ppc-st][TABLET][FIREFOX] ✅ [Mobile] Targeted final redirect URL achieved!
[ppc-st][TABLET][FIREFOX] ✅ [Mobile] Final Thank You URL: https://tra.com/thank-you/nn?debt=10000&leadid=5EBE6A50&reqid=26774825&affid=659&oid=133
[ppc-st][TABLET][FIREFOX] ✅ [Mobile] Extracted Lead ID: 5EBE6A50
[ppc-st][TABLET][FIREFOX] 📱 Device Type detected: T-FIREFOX
✅ Lead captured: 5EBE6A50
[ppc-st][TABLET][FIREFOX] 📡 Fetching First API data for Lead ID: 5EBE6A50...
[ppc-st][TABLET][FIREFOX] 📡 Raw XML Response: {
  "lead_info_response": {
    "$": {
      "xmlns:xsd": "http://www.w3.org/2001/XMLSchema",
      "xmlns:xsi": "http://www.w3.org/2001/XMLSchema-instance",
      "xmlns": "http://cakemarketing.com/api/1/"
    },
    "success": "true",
    "row_count": "1",
    "lead_id": "5EBE6A50",
    "personal_info": {
      "first_name": "CKMTESTPIXEL",
      "last_name": "CKMTESTPIXEL",
      "email_address": "ckmtestpixel@gmail.com",
      "address": {
        "street": "",
        "city": "",
        "state": "OR",
        "zip_code": "97119",
        "country": ""
      },
      "ip_address": "27.54.170.27",
      "phone_work": "",
      "phone_home": "503-518-1606",
      "phone_cell": "",
      "best_call_time": "",
      "opt_in": "false"
    },
    "traffic_info": {
      "lead_date": "2026-05-13T03:22:45.2",
      "payout": {
        "currency_id": "1",
        "amount": "0.0000",
        "formatted_amount": "$0.00"
      },
      "affiliate": {
        "affiliate_id": {
          "_": "659",
          "$": {
            "xmlns": "API:id_name_store"
          }
        },
        "affiliate_name": {
          "_": "QA affiliate",
          "$": {
            "xmlns": "API:id_name_store"
          }
        }
      },
      "campaign": {
        "campaign_id": {
          "_": "4444",
          "$": {
            "xmlns": "API:id_name_store"
          }
        },
        "campaign_name": {
          "_": "TRA.com CPL - PPC ST - CPA - $1.00",
          "$": {
            "xmlns": "API:id_name_store"
          }
        }
      },
      "creative_id": "2210",
      "subid_1": "",
      "subid_2": "",
      "subid_3": "",
      "subid_4": "",
      "subid_5": "",
      "referrer": "",
      "pixel_fired": "true",
      "returned_to_affiliate": "false",
      "test": "true",
      "upsell": "false"
    },
    "all_vertical_data": {
      "data": {
        "$": {
          "xmlns": ""
        },
        "tax_debt": "10000",
        "universal_leadid": "6B2878D9-60CF-C5C4-4C32-3625BBFA1B58",
        "affid": "659",
        "TCPA_checkbox": "1",
        "reqid": "26774825",
        "page": "https://tra.com/ppc/st",
        "neustar": "pass",
        "neustar_disposition": "N,U,U,L,0",
        "first_name_lower": "ckmtestpixel",
        "last_name_lower": "ckmtestpixel",
        "opt_special_offers": "on",
        "ckm_campaign_id": "4444"
      }
    },
    "dispositions": "",
    "pings": "",
    "posts": "",
    "sales": ""
  }
}
[ppc-st][TABLET][FIREFOX] ✅ First API Data retrieved on attempt 1
📡 Fetching Second API data for Lead ID: 5EBE6A50...
📡 Standard Second API Payload: cake_id=5EBE6A50, domain_name=https://www.taxreliefadvocates.com
[ppc-st][TABLET][FIREFOX] [STDERR] (node:16740) Warning: Setting the NODE_TLS_REJECT_UNAUTHORIZED environment variable to '0' makes TLS connections and HTTPS requests insecure by disabling certificate verification.
(Use `node --trace-warnings ...` to show where the warning was created)
[ppc-st][TABLET][FIREFOX] [STDERR] ❌ Second API Attempt 1 failed: Request failed with status code 404
[ppc-st][TABLET][FIREFOX] ⏳ Retrying in 3 seconds to allow database synchronization...
[ppc-st][TABLET][FIREFOX] 📡 Standard Second API Payload: cake_id=5EBE6A50, domain_name=https://www.taxreliefadvocates.com
[ppc-st][TABLET][FIREFOX] [STDERR] ❌ Second API Attempt 2 failed: Request failed with status code 404
[ppc-st][TABLET][FIREFOX] ⏳ Retrying in 3 seconds to allow database synchronization...
[ppc-st][TABLET][FIREFOX] 📡 Standard Second API Payload: cake_id=5EBE6A50, domain_name=https://www.taxreliefadvocates.com
[ppc-st][TABLET][FIREFOX] [STDERR] ❌ Second API Attempt 3 failed: Request failed with status code 404
[ppc-st][TABLET][FIREFOX] ⏳ Retrying in 3 seconds to allow database synchronization...
[ppc-st][TABLET][FIREFOX] 📡 Standard Second API Payload: cake_id=5EBE6A50, domain_name=https://www.taxreliefadvocates.com
[ppc-st][TABLET][FIREFOX] [STDERR] ❌ Second API Attempt 4 failed: Request failed with status code 404
[ppc-st][TABLET][FIREFOX] ⏳ Retrying in 3 seconds to allow database synchronization...
[ppc-st][TABLET][FIREFOX] 📡 Standard Second API Payload: cake_id=5EBE6A50, domain_name=https://www.taxreliefadvocates.com
[ppc-st][TABLET][FIREFOX] [STDERR] ❌ Second API Attempt 5 failed: Request failed with status code 404
[ppc-st][TABLET][FIREFOX] ✅ Row appended successfully to sheet: PPC-ST
[ppc-st][TABLET][FIREFOX] ✨ Professional formatting applied to PPC-ST
✅ Lead processed successfully for PPC-ST Tablet
[ppc-st][TABLET][FIREFOX] 🎥 Video saved successfully: traces/videos/PPC-ST_PPC-ST_Tablet.webm
[ppc-st][TABLET][FIREFOX] 
✅ Execution successfully processed! { success: true, leadId: '5EBE6A50', brand: 'PPC-ST Tablet' }
[ppc-st][TABLET][FIREFOX] [STDERR] ❌ Automation Run encountered a fatal exception: tracing.stop: Target page, context or browser has been closed
✅ [13/5/2026, 3:53:27 pm] COMPLETED: ppc-st [TABLET][FIREFOX]

================================================================
🚀 [13/5/2026, 3:53:29 pm] RUNNING: PPC-ST (MOBILE) on FIREFOX
🔗 Target URL: https://flmtra.com/?a=659&oc=837&c=2210&s1=
================================================================
[ppc-st][MOBILE][FIREFOX] 🔌 [Browser Interceptor] Intercepting and optimizing engine: FIREFOX
[ppc-st][MOBILE][FIREFOX] ◇ injected env (0) from .env // tip: ⌘ enable debugging { debug: true }
[ppc-st][MOBILE][FIREFOX] ◇ injected env (0) from .env // tip: ⌁ auth for agents [www.vestauth.com]
[ppc-st][MOBILE][FIREFOX] ◇ injected env (0) from .env // tip: ⌁ auth for agents [www.vestauth.com]
[ppc-st][MOBILE][FIREFOX] ◇ injected env (0) from .env // tip: ⌘ custom filepath { path: '/custom/path/.env' }
[ppc-st][MOBILE][FIREFOX] 
🤖 ================================================================
[ppc-st][MOBILE][FIREFOX] 🤖 MASTER RUNNER: LAUNCHING PPC-ST
🤖 Mode:            MOBILE
🤖 Tracking URL:     https://flmtra.com/?a=659&oc=837&c=2210&s1=
[ppc-st][MOBILE][FIREFOX] 🤖 Target Sheet:    PPC-ST
[ppc-st][MOBILE][FIREFOX] 🤖 ================================================================
[ppc-st][MOBILE][FIREFOX] 📱 Emulated Device Profile: MOBILE (iPhone 17 Pro)
🔌 [Browser Interceptor] Sanitizing mobile context options for Firefox emulation...
[ppc-st][MOBILE][FIREFOX] ⏳ Delaying 2 seconds to allow responsive layouts to mount...
[ppc-st][MOBILE][FIREFOX] 🔄 Processing lead for brand: PPC-ST Mobile
[ppc-st][MOBILE][FIREFOX] 🔗 [Mobile] Navigating to: https://flmtra.com/?a=659&oc=837&c=2210&s1=
[ppc-st][MOBILE][FIREFOX] ✅ [Mobile] Page loaded successfully
[ppc-st][MOBILE][FIREFOX] 📱 [Mobile] Injecting high-fidelity glossy Natural Titanium iPhone 17 Pro mockup frame...
[ppc-st][MOBILE][FIREFOX] 📱 [Mobile] Injecting high-fidelity glossy Natural Titanium iPhone 17 Pro mockup frame...
[ppc-st][MOBILE][FIREFOX] 📝 [Mobile] Starting mobile-specific form filling...
[ppc-st][MOBILE][FIREFOX] 🔘 [Mobile] Step 1: Selecting Debt Amount (18,000)
[ppc-st][MOBILE][FIREFOX] 🔘 [Mobile] Clicking active visible button: .next-btn1:visible, .btn-next:visible
[ppc-st][MOBILE][FIREFOX] ✅ [Mobile] Clicked: .next-btn1:visible, .btn-next:visible
[ppc-st][MOBILE][FIREFOX] 📱 [Mobile] Injecting high-fidelity glossy Natural Titanium iPhone 17 Pro mockup frame...
[ppc-st][MOBILE][FIREFOX] ✅ [Mobile] Reached a recognized terminal step (State or Contact). Stopping dynamic traversal.
[ppc-st][MOBILE][FIREFOX] 🔘 [Mobile] Step 2: Selecting State
[ppc-st][MOBILE][FIREFOX] 📝 [Mobile] step3 column set to State: "OR"
[ppc-st][MOBILE][FIREFOX] 🔘 [Mobile] Clicking active visible button: .next-btn:visible, .next-btn2:visible, .btn-next:visible
[ppc-st][MOBILE][FIREFOX] ✅ [Mobile] Clicked: .next-btn:visible, .next-btn2:visible, .btn-next:visible
[ppc-st][MOBILE][FIREFOX] 📱 [Mobile] Injecting high-fidelity glossy Natural Titanium iPhone 17 Pro mockup frame...
[ppc-st][MOBILE][FIREFOX] 🔘 [Mobile] Step 3: Filling Contact Info (Dynamic Loop)...
[ppc-st][MOBILE][FIREFOX] 📱 [Mobile] Injecting high-fidelity glossy Natural Titanium iPhone 17 Pro mockup frame...
[ppc-st][MOBILE][FIREFOX] ✅ [Mobile] Filled First Name: ckmtestpixel
[ppc-st][MOBILE][FIREFOX] ✅ [Mobile] Filled Last Name: ckmtestpixel
[ppc-st][MOBILE][FIREFOX] ✅ [Mobile] Filled Email: ckmtestpixel@gmail.com
[ppc-st][MOBILE][FIREFOX] ✅ [Mobile] Filled Phone: 503-518-1606
[ppc-st][MOBILE][FIREFOX] 🔘 [Mobile] Clicking active contact NEXT/SUBMIT button...
[ppc-st][MOBILE][FIREFOX] 📱 [Mobile] Injecting high-fidelity glossy Natural Titanium iPhone 17 Pro mockup frame...
[ppc-st][MOBILE][FIREFOX] ✅ [Mobile] Filled Phone: 503-518-1606
[ppc-st][MOBILE][FIREFOX] 🔘 [Mobile] Clicking active contact NEXT/SUBMIT button...
[ppc-st][MOBILE][FIREFOX] 📱 [Mobile] Injecting high-fidelity glossy Natural Titanium iPhone 17 Pro mockup frame...
[ppc-st][MOBILE][FIREFOX] 🔘 [Mobile] No active contact NEXT/SUBMIT button visible. Exiting loop.
🔘 [Mobile] Scanning for additional dynamic steps...
[ppc-st][MOBILE][FIREFOX] 🔘 [Mobile] Submitting form
[ppc-st][MOBILE][FIREFOX] ⏳ [Mobile] Waiting for submission navigation to complete
[ppc-st][MOBILE][FIREFOX] ⏳ [Mobile] Waiting for final Thank You page redirection...
[ppc-st][MOBILE][FIREFOX] ✅ [Mobile] Targeted final redirect URL achieved!
[ppc-st][MOBILE][FIREFOX] ✅ [Mobile] Final Thank You URL: https://tra.com/thank-you/nn?debt=10000&leadid=984C9613&reqid=26774832&affid=659&oid=133
[ppc-st][MOBILE][FIREFOX] ✅ [Mobile] Extracted Lead ID: 984C9613
📱 Device Type detected: M-FIREFOX
[ppc-st][MOBILE][FIREFOX] ✅ Lead captured: 984C9613
[ppc-st][MOBILE][FIREFOX] 📡 Fetching First API data for Lead ID: 984C9613...
[ppc-st][MOBILE][FIREFOX] 📡 Raw XML Response: {
  "lead_info_response": {
    "$": {
      "xmlns:xsd": "http://www.w3.org/2001/XMLSchema",
      "xmlns:xsi": "http://www.w3.org/2001/XMLSchema-instance",
      "xmlns": "http://cakemarketing.com/api/1/"
    },
    "success": "true",
    "row_count": "1",
    "lead_id": "984C9613",
    "personal_info": {
      "first_name": "CKMTESTPIXEL",
      "last_name": "CKMTESTPIXEL",
      "email_address": "ckmtestpixel@gmail.com",
      "address": {
        "street": "",
        "city": "",
        "state": "OR",
        "zip_code": "97303",
        "country": ""
      },
      "ip_address": "27.54.170.27",
      "phone_work": "",
      "phone_home": "503-518-1606",
      "phone_cell": "",
      "best_call_time": "",
      "opt_in": "false"
    },
    "traffic_info": {
      "lead_date": "2026-05-13T03:23:53.71",
      "payout": {
        "currency_id": "1",
        "amount": "0.0000",
        "formatted_amount": "$0.00"
      },
      "affiliate": {
        "affiliate_id": {
          "_": "659",
          "$": {
            "xmlns": "API:id_name_store"
          }
        },
        "affiliate_name": {
          "_": "QA affiliate",
          "$": {
            "xmlns": "API:id_name_store"
          }
        }
      },
      "campaign": {
        "campaign_id": {
          "_": "4444",
          "$": {
            "xmlns": "API:id_name_store"
          }
        },
        "campaign_name": {
          "_": "TRA.com CPL - PPC ST - CPA - $1.00",
          "$": {
            "xmlns": "API:id_name_store"
          }
        }
      },
      "creative_id": "2210",
      "subid_1": "",
      "subid_2": "",
      "subid_3": "",
      "subid_4": "",
      "subid_5": "",
      "referrer": "",
      "pixel_fired": "true",
      "returned_to_affiliate": "false",
      "test": "true",
      "upsell": "false"
    },
    "all_vertical_data": {
      "data": {
        "$": {
          "xmlns": ""
        },
        "tax_debt": "10000",
        "universal_leadid": "4231CE4A-288A-9E12-A86C-D080193EDD8A",
        "affid": "659",
        "TCPA_checkbox": "1",
        "reqid": "26774832",
        "page": "https://tra.com/ppc/st",
        "neustar": "pass",
        "neustar_disposition": "N,U,U,L,0",
        "first_name_lower": "ckmtestpixel",
        "last_name_lower": "ckmtestpixel",
        "opt_special_offers": "on",
        "ckm_campaign_id": "4444"
      }
    },
    "dispositions": "",
    "pings": "",
    "posts": "",
    "sales": ""
  }
}
✅ First API Data retrieved on attempt 1
[ppc-st][MOBILE][FIREFOX] 📡 Fetching Second API data for Lead ID: 984C9613...
[ppc-st][MOBILE][FIREFOX] 📡 Standard Second API Payload: cake_id=984C9613, domain_name=https://www.taxreliefadvocates.com
[ppc-st][MOBILE][FIREFOX] [STDERR] (node:5632) Warning: Setting the NODE_TLS_REJECT_UNAUTHORIZED environment variable to '0' makes TLS connections and HTTPS requests insecure by disabling certificate verification.
(Use `node --trace-warnings ...` to show where the warning was created)
[ppc-st][MOBILE][FIREFOX] [STDERR] ❌ Second API Attempt 1 failed: Request failed with status code 404
[ppc-st][MOBILE][FIREFOX] ⏳ Retrying in 3 seconds to allow database synchronization...
[ppc-st][MOBILE][FIREFOX] 📡 Standard Second API Payload: cake_id=984C9613, domain_name=https://www.taxreliefadvocates.com
[ppc-st][MOBILE][FIREFOX] [STDERR] ❌ Second API Attempt 2 failed: Request failed with status code 404
[ppc-st][MOBILE][FIREFOX] ⏳ Retrying in 3 seconds to allow database synchronization...
[ppc-st][MOBILE][FIREFOX] 📡 Standard Second API Payload: cake_id=984C9613, domain_name=https://www.taxreliefadvocates.com
[ppc-st][MOBILE][FIREFOX] [STDERR] ❌ Second API Attempt 3 failed: Request failed with status code 404
[ppc-st][MOBILE][FIREFOX] ⏳ Retrying in 3 seconds to allow database synchronization...
[ppc-st][MOBILE][FIREFOX] 📡 Standard Second API Payload: cake_id=984C9613, domain_name=https://www.taxreliefadvocates.com
[ppc-st][MOBILE][FIREFOX] [STDERR] ❌ Second API Attempt 4 failed: Request failed with status code 404
[ppc-st][MOBILE][FIREFOX] ⏳ Retrying in 3 seconds to allow database synchronization...
[ppc-st][MOBILE][FIREFOX] 📡 Standard Second API Payload: cake_id=984C9613, domain_name=https://www.taxreliefadvocates.com
[ppc-st][MOBILE][FIREFOX] [STDERR] ❌ Second API Attempt 5 failed: Request failed with status code 404
[ppc-st][MOBILE][FIREFOX] ✅ Row appended successfully to sheet: PPC-ST
[ppc-st][MOBILE][FIREFOX] ✨ Professional formatting applied to PPC-ST
✅ Lead processed successfully for PPC-ST Mobile
[ppc-st][MOBILE][FIREFOX] 🎥 Video saved successfully: traces/videos/PPC-ST_PPC-ST_Mobile.webm
[ppc-st][MOBILE][FIREFOX] 
✅ Execution successfully processed! { success: true, leadId: '984C9613', brand: 'PPC-ST Mobile' }
[ppc-st][MOBILE][FIREFOX] [STDERR] ❌ Automation Run encountered a fatal exception: tracing.stop: Target page, context or browser has been closed
✅ [13/5/2026, 3:54:37 pm] COMPLETED: ppc-st [MOBILE][FIREFOX]

================================================================
⚡ Running Campaign Viewports on Browser Engine: WEBKIT - [PPC-ST]
================================================================

================================================================
🚀 [13/5/2026, 3:54:41 pm] RUNNING: PPC-ST (DESKTOP) on WEBKIT
🔗 Target URL: https://flmtra.com/?a=659&oc=837&c=2210&s1=
================================================================
[ppc-st][DESKTOP][WEBKIT] 🔌 [Browser Interceptor] Intercepting and optimizing engine: WEBKIT
[ppc-st][DESKTOP][WEBKIT] ◇ injected env (0) from .env // tip: ◈ encrypted .env [www.dotenvx.com]
[ppc-st][DESKTOP][WEBKIT] ◇ injected env (0) from .env // tip: ◈ secrets for agents [www.dotenvx.com]
[ppc-st][DESKTOP][WEBKIT] ◇ injected env (0) from .env // tip: ⌘ custom filepath { path: '/custom/path/.env' }
[ppc-st][DESKTOP][WEBKIT] ◇ injected env (0) from .env // tip: ⌘ suppress logs { quiet: true }
[ppc-st][DESKTOP][WEBKIT] 
🤖 ================================================================
[ppc-st][DESKTOP][WEBKIT] 🤖 MASTER RUNNER: LAUNCHING PPC-ST
🤖 Mode:            DESKTOP
🤖 Tracking URL:     https://flmtra.com/?a=659&oc=837&c=2210&s1=
[ppc-st][DESKTOP][WEBKIT] 🤖 Target Sheet:    PPC-ST
[ppc-st][DESKTOP][WEBKIT] 🤖 ================================================================
[ppc-st][DESKTOP][WEBKIT] 💻 Emulated Device Profile: DESKTOP
[ppc-st][DESKTOP][WEBKIT] 🔄 Processing lead for brand: PPC-ST
[ppc-st][DESKTOP][WEBKIT] 🔗 Navigating to: https://flmtra.com/?a=659&oc=837&c=2210&s1=
[ppc-st][DESKTOP][WEBKIT] ✅ Page loaded successfully
[ppc-st][DESKTOP][WEBKIT] 📝 Starting multi-step form filling process...
[ppc-st][DESKTOP][WEBKIT] 🔘 Step 1: Handling Debt Amount (18,000)
[ppc-st][DESKTOP][WEBKIT] 🔘 Attempting to click .next-btn1, .btn-next
[ppc-st][DESKTOP][WEBKIT] ✅ Clicked .next-btn1, .btn-next
[ppc-st][DESKTOP][WEBKIT] ✅ Reached a recognized terminal step (State or Contact). Stopping dynamic traversal.
[ppc-st][DESKTOP][WEBKIT] 🔘 Step: Selecting State
[ppc-st][DESKTOP][WEBKIT] 📝 step3 column set to State: "OR"
[ppc-st][DESKTOP][WEBKIT] 🔘 Clicking generic NEXT button
[ppc-st][DESKTOP][WEBKIT] ✅ Clicked generic NEXT button
[ppc-st][DESKTOP][WEBKIT] 🔘 Filling Contact Info (Dynamic Loop)...
[ppc-st][DESKTOP][WEBKIT] ✅ Filled First Name: ckmtestpixel
[ppc-st][DESKTOP][WEBKIT] ✅ Filled Last Name: ckmtestpixel
[ppc-st][DESKTOP][WEBKIT] ✅ Filled Email: ckmtestpixel@gmail.com
[ppc-st][DESKTOP][WEBKIT] ✅ Filled Phone: 503-518-1606
[ppc-st][DESKTOP][WEBKIT] 🔘 Clicking active contact NEXT/SUBMIT button...
[ppc-st][DESKTOP][WEBKIT] [STDERR] ❌ Error during form filling: locator.click: Timeout 25000ms exceeded.
Call log:
[2m  - waiting for locator('#primary_phone:visible, #phone:visible, #phone_home:visible, input[name="phone"]:visible, input[name="phone_home"]:visible, input[name="primary_phone"]:visible, input[type="tel"]:visible').first()[22m
[2m    - locator resolved to <input type="tel" tabindex="0" id="primary_phone" placeholder="Phone" name="primary_phone" aria-invalid="false" class="form-control valid"/>[22m
[2m  - attempting click action[22m
[2m    2 × waiting for element to be visible, enabled and stable[22m
[2m      - element is visible, enabled and stable[22m
[2m      - scrolling into view if needed[22m
[2m      - done scrolling[22m
[2m      - <div class="loader">Loading…</div> intercepts pointer events[22m
[2m    - retrying click action[22m
[2m    - waiting 20ms[22m
[2m    2 × waiting for element to be visible, enabled and stable[22m
[2m      - element is visible, enabled and stable[22m
[2m      - scrolling into view if needed[22m
[2m      - done scrolling[22m
[2m      - <div class="loader">Loading…</div> intercepts pointer events[22m
[2m    - retrying click action[22m
[2m      - waiting 100ms[22m
[2m    4 × waiting for element to be visible, enabled and stable[22m
[2m      - element is visible, enabled and stable[22m
[2m      - scrolling into view if needed[22m
[2m      - done scrolling[22m
[2m      - <div class="loader">Loading…</div> intercepts pointer events[22m
[2m    - retrying click action[22m
[2m      - waiting 500ms[22m
[2m    - waiting for element to be visible, enabled and stable[22m
[2m  - element was detached from the DOM, retrying[22m

[ppc-st][DESKTOP][WEBKIT] [STDERR] ❌ Failed processing PPC-ST: locator.click: Timeout 25000ms exceeded.
Call log:
[2m  - waiting for locator('#primary_phone:visible, #phone:visible, #phone_home:visible, input[name="phone"]:visible, input[name="phone_home"]:visible, input[name="primary_phone"]:visible, input[type="tel"]:visible').first()[22m
[2m    - locator resolved to <input type="tel" tabindex="0" id="primary_phone" placeholder="Phone" name="primary_phone" aria-invalid="false" class="form-control valid"/>[22m
[2m  - attempting click action[22m
[2m    2 × waiting for element to be visible, enabled and stable[22m
[2m      - element is visible, enabled and stable[22m
[2m      - scrolling into view if needed[22m
[2m      - done scrolling[22m
[2m      - <div class="loader">Loading…</div> intercepts pointer events[22m
[2m    - retrying click action[22m
[2m    - waiting 20ms[22m
[2m    2 × waiting for element to be visible, enabled and stable[22m
[2m      - element is visible, enabled and stable[22m
[2m      - scrolling into view if needed[22m
[2m      - done scrolling[22m
[2m      - <div class="loader">Loading…</div> intercepts pointer events[22m
[2m    - retrying click action[22m
[2m      - waiting 100ms[22m
[2m    4 × waiting for element to be visible, enabled and stable[22m
[2m      - element is visible, enabled and stable[22m
[2m      - scrolling into view if needed[22m
[2m      - done scrolling[22m
[2m      - <div class="loader">Loading…</div> intercepts pointer events[22m
[2m    - retrying click action[22m
[2m      - waiting 500ms[22m
[2m    - waiting for element to be visible, enabled and stable[22m
[2m  - element was detached from the DOM, retrying[22m

[ppc-st][DESKTOP][WEBKIT] 
✅ Execution successfully processed! {
  success: false,
  error: 'locator.click: Timeout 25000ms exceeded.\n' +
    'Call log:\n' +
    `\x1B[2m  - waiting for locator('#primary_phone:visible, #phone:visible, #phone_home:visible, input[name="phone"]:visible, input[name="phone_home"]:visible, input[name="primary_phone"]:visible, input[type="tel"]:visible').first()\x1B[22m\n` +
    '\x1B[2m    - locator resolved to <input type="tel" tabindex="0" id="primary_phone" placeholder="Phone" name="primary_phone" aria-invalid="false" class="form-control valid"/>\x1B[22m\n' +
    '\x1B[2m  - attempting click action\x1B[22m\n' +
    '\x1B[2m    2 × waiting for element to be visible, enabled and stable\x1B[22m\n' +
    '\x1B[2m      - element is visible, enabled and stable\x1B[22m\n' +
    '\x1B[2m      - scrolling into view if needed\x1B[22m\n' +
    '\x1B[2m      - done scrolling\x1B[22m\n' +
    '\x1B[2m      - <div class="loader">Loading…</div> intercepts pointer events\x1B[22m\n' +
    '\x1B[2m    - retrying click action\x1B[22m\n' +
    '\x1B[2m    - waiting 20ms\x1B[22m\n' +
    '\x1B[2m    2 × waiting for element to be visible, enabled and stable\x1B[22m\n' +
    '\x1B[2m      - element is visible, enabled and stable\x1B[22m\n' +
    '\x1B[2m      - scrolling into view if needed\x1B[22m\n' +
    '\x1B[2m      - done scrolling\x1B[22m\n' +
    '\x1B[2m      - <div class="loader">Loading…</div> intercepts pointer events\x1B[22m\n' +
    '\x1B[2m    - retrying click action\x1B[22m\n' +
    '\x1B[2m      - waiting 100ms\x1B[22m\n' +
    '\x1B[2m    4 × waiting for element to be visible, enabled and stable\x1B[22m\n' +
    '\x1B[2m      - element is visible, enabled and stable\x1B[22m\n' +
    '\x1B[2m      - scrolling into view if needed\x1B[22m\n' +
    '\x1B[2m      - done scrolling\x1B[22m\n' +
    '\x1B[2m      - <div class="loader">Loading…</div> intercepts pointer events\x1B[22m\n' +
    '\x1B[2m    - retrying click action\x1B[22m\n' +
    '\x1B[2m      - waiting 500ms\x1B[22m\n' +
    '\x1B[2m    - waiting for element to be visible, enabled and stable\x1B[22m\n' +
    '\x1B[2m  - element was detached from the DOM, retrying\x1B[22m\n',
  brand: 'PPC-ST'
}
[ppc-st][DESKTOP][WEBKIT] 📋 Trace report successfully saved: traces/ppc-st_desktop.zip
✅ [13/5/2026, 3:55:37 pm] COMPLETED: ppc-st [DESKTOP][WEBKIT]

================================================================
🚀 [13/5/2026, 3:55:39 pm] RUNNING: PPC-ST (TABLET) on WEBKIT
🔗 Target URL: https://flmtra.com/?a=659&oc=837&c=2210&s1=
================================================================
[ppc-st][TABLET][WEBKIT] 🔌 [Browser Interceptor] Intercepting and optimizing engine: WEBKIT
[ppc-st][TABLET][WEBKIT] ◇ injected env (0) from .env // tip: ⌘ override existing { override: true }
[ppc-st][TABLET][WEBKIT] ◇ injected env (0) from .env // tip: ◈ encrypted .env [www.dotenvx.com]
[ppc-st][TABLET][WEBKIT] ◇ injected env (0) from .env // tip: ⌘ override existing { override: true }
[ppc-st][TABLET][WEBKIT] ◇ injected env (0) from .env // tip: ⌘ enable debugging { debug: true }
[ppc-st][TABLET][WEBKIT] 
🤖 ================================================================
🤖 MASTER RUNNER: LAUNCHING PPC-ST
[ppc-st][TABLET][WEBKIT] 🤖 Mode:            TABLET
🤖 Tracking URL:     https://flmtra.com/?a=659&oc=837&c=2210&s1=
[ppc-st][TABLET][WEBKIT] 🤖 Target Sheet:    PPC-ST
[ppc-st][TABLET][WEBKIT] 🤖 ================================================================
[ppc-st][TABLET][WEBKIT] 📋 Emulated Device Profile: TABLET (iPad Pro 11)
[ppc-st][TABLET][WEBKIT] ⏳ Delaying 2 seconds to allow responsive layouts to mount...
[ppc-st][TABLET][WEBKIT] 🔄 Processing lead for brand: PPC-ST Tablet
[ppc-st][TABLET][WEBKIT] 🔗 [Mobile] Navigating to: https://flmtra.com/?a=659&oc=837&c=2210&s1=
[ppc-st][TABLET][WEBKIT] ✅ [Mobile] Page loaded successfully
[ppc-st][TABLET][WEBKIT] 💻 [Tablet] Injecting high-fidelity glossy iPad Pro mockup frame...
[ppc-st][TABLET][WEBKIT] 💻 [Tablet] Injecting high-fidelity glossy iPad Pro mockup frame...
[ppc-st][TABLET][WEBKIT] 📝 [Mobile] Starting mobile-specific form filling...
[ppc-st][TABLET][WEBKIT] 🔘 [Mobile] Step 1: Selecting Debt Amount (18,000)
[ppc-st][TABLET][WEBKIT] 🔘 [Mobile] Clicking active visible button: .next-btn1:visible, .btn-next:visible
[ppc-st][TABLET][WEBKIT] ✅ [Mobile] Clicked: .next-btn1:visible, .btn-next:visible
[ppc-st][TABLET][WEBKIT] 💻 [Tablet] Injecting high-fidelity glossy iPad Pro mockup frame...
[ppc-st][TABLET][WEBKIT] ✅ [Mobile] Reached a recognized terminal step (State or Contact). Stopping dynamic traversal.
[ppc-st][TABLET][WEBKIT] 🔘 [Mobile] Step 2: Selecting State
[ppc-st][TABLET][WEBKIT] 📝 [Mobile] step3 column set to State: "OR"
[ppc-st][TABLET][WEBKIT] 🔘 [Mobile] Clicking active visible button: .next-btn:visible, .next-btn2:visible, .btn-next:visible
[ppc-st][TABLET][WEBKIT] ✅ [Mobile] Clicked: .next-btn:visible, .next-btn2:visible, .btn-next:visible
[ppc-st][TABLET][WEBKIT] 💻 [Tablet] Injecting high-fidelity glossy iPad Pro mockup frame...
[ppc-st][TABLET][WEBKIT] 🔘 [Mobile] Step 3: Filling Contact Info (Dynamic Loop)...
[ppc-st][TABLET][WEBKIT] 💻 [Tablet] Injecting high-fidelity glossy iPad Pro mockup frame...
[ppc-st][TABLET][WEBKIT] ✅ [Mobile] Filled First Name: ckmtestpixel
[ppc-st][TABLET][WEBKIT] ✅ [Mobile] Filled Last Name: ckmtestpixel
[ppc-st][TABLET][WEBKIT] ✅ [Mobile] Filled Email: ckmtestpixel@gmail.com
[ppc-st][TABLET][WEBKIT] ✅ [Mobile] Filled Phone: 503-518-1606
[ppc-st][TABLET][WEBKIT] 🔘 [Mobile] Clicking active contact NEXT/SUBMIT button...
[ppc-st][TABLET][WEBKIT] 💻 [Tablet] Injecting high-fidelity glossy iPad Pro mockup frame...
[ppc-st][TABLET][WEBKIT] ✅ [Mobile] Filled Phone: 503-518-1606
[ppc-st][TABLET][WEBKIT] 🔘 [Mobile] Clicking active contact NEXT/SUBMIT button...
[ppc-st][TABLET][WEBKIT] 💻 [Tablet] Injecting high-fidelity glossy iPad Pro mockup frame...
[ppc-st][TABLET][WEBKIT] 🔘 [Mobile] No active contact NEXT/SUBMIT button visible. Exiting loop.
🔘 [Mobile] Scanning for additional dynamic steps...
[ppc-st][TABLET][WEBKIT] 🔘 [Mobile] Submitting form
[ppc-st][TABLET][WEBKIT] ⏳ [Mobile] Waiting for submission navigation to complete
[ppc-st][TABLET][WEBKIT] ⏳ [Mobile] Waiting for final Thank You page redirection...
[ppc-st][TABLET][WEBKIT] ✅ [Mobile] Targeted final redirect URL achieved!
[ppc-st][TABLET][WEBKIT] ✅ [Mobile] Final Thank You URL: https://tra.com/thank-you/nn?debt=10000&leadid=1AC4A461&reqid=26774834&affid=659&oid=133
[ppc-st][TABLET][WEBKIT] ✅ [Mobile] Extracted Lead ID: 1AC4A461
[ppc-st][TABLET][WEBKIT] 📱 Device Type detected: T-WEBKIT
✅ Lead captured: 1AC4A461
[ppc-st][TABLET][WEBKIT] 📡 Fetching First API data for Lead ID: 1AC4A461...
[ppc-st][TABLET][WEBKIT] 📡 Raw XML Response: {
  "lead_info_response": {
    "$": {
      "xmlns:xsd": "http://www.w3.org/2001/XMLSchema",
      "xmlns:xsi": "http://www.w3.org/2001/XMLSchema-instance",
      "xmlns": "http://cakemarketing.com/api/1/"
    },
    "success": "true",
    "row_count": "1",
    "lead_id": "1AC4A461",
    "personal_info": {
      "first_name": "CKMTESTPIXEL",
      "last_name": "CKMTESTPIXEL",
      "email_address": "ckmtestpixel@gmail.com",
      "address": {
        "street": "",
        "city": "",
        "state": "OR",
        "zip_code": "97205",
        "country": ""
      },
      "ip_address": "27.54.170.27",
      "phone_work": "",
      "phone_home": "503-518-1606",
      "phone_cell": "",
      "best_call_time": "",
      "opt_in": "false"
    },
    "traffic_info": {
      "lead_date": "2026-05-13T03:26:07.413",
      "payout": {
        "currency_id": "1",
        "amount": "0.0000",
        "formatted_amount": "$0.00"
      },
      "affiliate": {
        "affiliate_id": {
          "_": "659",
          "$": {
            "xmlns": "API:id_name_store"
          }
        },
        "affiliate_name": {
          "_": "QA affiliate",
          "$": {
            "xmlns": "API:id_name_store"
          }
        }
      },
      "campaign": {
        "campaign_id": {
          "_": "4444",
          "$": {
            "xmlns": "API:id_name_store"
          }
        },
        "campaign_name": {
          "_": "TRA.com CPL - PPC ST - CPA - $1.00",
          "$": {
            "xmlns": "API:id_name_store"
          }
        }
      },
      "creative_id": "2210",
      "subid_1": "",
      "subid_2": "",
      "subid_3": "",
      "subid_4": "",
      "subid_5": "",
      "referrer": "",
      "pixel_fired": "true",
      "returned_to_affiliate": "false",
      "test": "true",
      "upsell": "false"
    },
    "all_vertical_data": {
      "data": {
        "$": {
          "xmlns": ""
        },
        "tax_debt": "10000",
        "universal_leadid": "EA2EF7EB-887C-7B2B-C685-916894F60111",
        "affid": "659",
        "TCPA_checkbox": "1",
        "reqid": "26774834",
        "page": "https://tra.com/ppc/st",
        "neustar": "pass",
        "neustar_disposition": "N,U,U,L,0",
        "first_name_lower": "ckmtestpixel",
        "last_name_lower": "ckmtestpixel",
        "opt_special_offers": "on",
        "ckm_campaign_id": "4444"
      }
    },
    "dispositions": "",
    "pings": "",
    "posts": "",
    "sales": ""
  }
}
[ppc-st][TABLET][WEBKIT] ✅ First API Data retrieved on attempt 1
[ppc-st][TABLET][WEBKIT] 📡 Fetching Second API data for Lead ID: 1AC4A461...
[ppc-st][TABLET][WEBKIT] 📡 Standard Second API Payload: cake_id=1AC4A461, domain_name=https://www.taxreliefadvocates.com
[ppc-st][TABLET][WEBKIT] [STDERR] (node:15148) Warning: Setting the NODE_TLS_REJECT_UNAUTHORIZED environment variable to '0' makes TLS connections and HTTPS requests insecure by disabling certificate verification.
(Use `node --trace-warnings ...` to show where the warning was created)
[ppc-st][TABLET][WEBKIT] [STDERR] ❌ Second API Attempt 1 failed: Request failed with status code 404
[ppc-st][TABLET][WEBKIT] ⏳ Retrying in 3 seconds to allow database synchronization...
[ppc-st][TABLET][WEBKIT] 📡 Standard Second API Payload: cake_id=1AC4A461, domain_name=https://www.taxreliefadvocates.com
[ppc-st][TABLET][WEBKIT] [STDERR] ❌ Second API Attempt 2 failed: Request failed with status code 404
[ppc-st][TABLET][WEBKIT] ⏳ Retrying in 3 seconds to allow database synchronization...
[ppc-st][TABLET][WEBKIT] 📡 Standard Second API Payload: cake_id=1AC4A461, domain_name=https://www.taxreliefadvocates.com
[ppc-st][TABLET][WEBKIT] [STDERR] ❌ Second API Attempt 3 failed: Request failed with status code 404
[ppc-st][TABLET][WEBKIT] ⏳ Retrying in 3 seconds to allow database synchronization...
[ppc-st][TABLET][WEBKIT] 📡 Standard Second API Payload: cake_id=1AC4A461, domain_name=https://www.taxreliefadvocates.com
[ppc-st][TABLET][WEBKIT] [STDERR] ❌ Second API Attempt 4 failed: Request failed with status code 404
[ppc-st][TABLET][WEBKIT] ⏳ Retrying in 3 seconds to allow database synchronization...
[ppc-st][TABLET][WEBKIT] 📡 Standard Second API Payload: cake_id=1AC4A461, domain_name=https://www.taxreliefadvocates.com
[ppc-st][TABLET][WEBKIT] [STDERR] ❌ Second API Attempt 5 failed: Request failed with status code 404
[ppc-st][TABLET][WEBKIT] ✅ Row appended successfully to sheet: PPC-ST
[ppc-st][TABLET][WEBKIT] ✨ Professional formatting applied to PPC-ST
✅ Lead processed successfully for PPC-ST Tablet
[ppc-st][TABLET][WEBKIT] 🎥 Video saved successfully: traces/videos/PPC-ST_PPC-ST_Tablet.webm
[ppc-st][TABLET][WEBKIT] 
✅ Execution successfully processed! { success: true, leadId: '1AC4A461', brand: 'PPC-ST Tablet' }
[ppc-st][TABLET][WEBKIT] [STDERR] ❌ Automation Run encountered a fatal exception: tracing.stop: Target page, context or browser has been closed
✅ [13/5/2026, 3:56:52 pm] COMPLETED: ppc-st [TABLET][WEBKIT]

================================================================
🚀 [13/5/2026, 3:56:54 pm] RUNNING: PPC-ST (MOBILE) on WEBKIT
🔗 Target URL: https://flmtra.com/?a=659&oc=837&c=2210&s1=
================================================================
[ppc-st][MOBILE][WEBKIT] 🔌 [Browser Interceptor] Intercepting and optimizing engine: WEBKIT
[ppc-st][MOBILE][WEBKIT] ◇ injected env (0) from .env // tip: ◈ encrypted .env [www.dotenvx.com]
[ppc-st][MOBILE][WEBKIT] ◇ injected env (0) from .env // tip: ⌘ multiple files { path: ['.env.local', '.env'] }
[ppc-st][MOBILE][WEBKIT] ◇ injected env (0) from .env // tip: ⌘ override existing { override: true }
[ppc-st][MOBILE][WEBKIT] ◇ injected env (0) from .env // tip: ⌁ auth for agents [www.vestauth.com]
[ppc-st][MOBILE][WEBKIT] 
🤖 ================================================================
[ppc-st][MOBILE][WEBKIT] 🤖 MASTER RUNNER: LAUNCHING PPC-ST
🤖 Mode:            MOBILE
🤖 Tracking URL:     https://flmtra.com/?a=659&oc=837&c=2210&s1=
[ppc-st][MOBILE][WEBKIT] 🤖 Target Sheet:    PPC-ST
[ppc-st][MOBILE][WEBKIT] 🤖 ================================================================
[ppc-st][MOBILE][WEBKIT] 📱 Emulated Device Profile: MOBILE (iPhone 17 Pro)
[ppc-st][MOBILE][WEBKIT] ⏳ Delaying 2 seconds to allow responsive layouts to mount...
[ppc-st][MOBILE][WEBKIT] 🔄 Processing lead for brand: PPC-ST Mobile
[ppc-st][MOBILE][WEBKIT] 🔗 [Mobile] Navigating to: https://flmtra.com/?a=659&oc=837&c=2210&s1=
[ppc-st][MOBILE][WEBKIT] ✅ [Mobile] Page loaded successfully
[ppc-st][MOBILE][WEBKIT] 📱 [Mobile] Injecting high-fidelity glossy Natural Titanium iPhone 17 Pro mockup frame...
[ppc-st][MOBILE][WEBKIT] 📱 [Mobile] Injecting high-fidelity glossy Natural Titanium iPhone 17 Pro mockup frame...
[ppc-st][MOBILE][WEBKIT] 📝 [Mobile] Starting mobile-specific form filling...
[ppc-st][MOBILE][WEBKIT] 🔘 [Mobile] Step 1: Selecting Debt Amount (18,000)
[ppc-st][MOBILE][WEBKIT] 🔘 [Mobile] Clicking active visible button: .next-btn1:visible, .btn-next:visible
[ppc-st][MOBILE][WEBKIT] ✅ [Mobile] Clicked: .next-btn1:visible, .btn-next:visible
[ppc-st][MOBILE][WEBKIT] 📱 [Mobile] Injecting high-fidelity glossy Natural Titanium iPhone 17 Pro mockup frame...
[ppc-st][MOBILE][WEBKIT] ✅ [Mobile] Reached a recognized terminal step (State or Contact). Stopping dynamic traversal.
[ppc-st][MOBILE][WEBKIT] 🔘 [Mobile] Step 2: Selecting State
[ppc-st][MOBILE][WEBKIT] 📝 [Mobile] step3 column set to State: "OR"
[ppc-st][MOBILE][WEBKIT] 🔘 [Mobile] Clicking active visible button: .next-btn:visible, .next-btn2:visible, .btn-next:visible
[ppc-st][MOBILE][WEBKIT] ✅ [Mobile] Clicked: .next-btn:visible, .next-btn2:visible, .btn-next:visible
[ppc-st][MOBILE][WEBKIT] 📱 [Mobile] Injecting high-fidelity glossy Natural Titanium iPhone 17 Pro mockup frame...
[ppc-st][MOBILE][WEBKIT] 🔘 [Mobile] Step 3: Filling Contact Info (Dynamic Loop)...
[ppc-st][MOBILE][WEBKIT] 📱 [Mobile] Injecting high-fidelity glossy Natural Titanium iPhone 17 Pro mockup frame...
[ppc-st][MOBILE][WEBKIT] ✅ [Mobile] Filled First Name: ckmtestpixel
[ppc-st][MOBILE][WEBKIT] ✅ [Mobile] Filled Last Name: ckmtestpixel
[ppc-st][MOBILE][WEBKIT] ✅ [Mobile] Filled Email: ckmtestpixel@gmail.com
[ppc-st][MOBILE][WEBKIT] ✅ [Mobile] Filled Phone: 503-518-1606
[ppc-st][MOBILE][WEBKIT] 🔘 [Mobile] Clicking active contact NEXT/SUBMIT button...
[ppc-st][MOBILE][WEBKIT] 📱 [Mobile] Injecting high-fidelity glossy Natural Titanium iPhone 17 Pro mockup frame...
[ppc-st][MOBILE][WEBKIT] ✅ [Mobile] Filled Phone: 503-518-1606
[ppc-st][MOBILE][WEBKIT] 🔘 [Mobile] Clicking active contact NEXT/SUBMIT button...
[ppc-st][MOBILE][WEBKIT] 📱 [Mobile] Injecting high-fidelity glossy Natural Titanium iPhone 17 Pro mockup frame...
[ppc-st][MOBILE][WEBKIT] 🔘 [Mobile] No active contact NEXT/SUBMIT button visible. Exiting loop.
🔘 [Mobile] Scanning for additional dynamic steps...
[ppc-st][MOBILE][WEBKIT] 🔘 [Mobile] Submitting form
[ppc-st][MOBILE][WEBKIT] ⏳ [Mobile] Waiting for submission navigation to complete
[ppc-st][MOBILE][WEBKIT] ⏳ [Mobile] Waiting for final Thank You page redirection...
[ppc-st][MOBILE][WEBKIT] ✅ [Mobile] Targeted final redirect URL achieved!
[ppc-st][MOBILE][WEBKIT] ✅ [Mobile] Final Thank You URL: https://tra.com/thank-you/nn?debt=10000&leadid=6396F117&reqid=26774837&affid=659&oid=133
[ppc-st][MOBILE][WEBKIT] ✅ [Mobile] Extracted Lead ID: 6396F117
📱 Device Type detected: M-WEBKIT
[ppc-st][MOBILE][WEBKIT] ✅ Lead captured: 6396F117
[ppc-st][MOBILE][WEBKIT] 📡 Fetching First API data for Lead ID: 6396F117...
[ppc-st][MOBILE][WEBKIT] 📡 Raw XML Response: {
  "lead_info_response": {
    "$": {
      "xmlns:xsd": "http://www.w3.org/2001/XMLSchema",
      "xmlns:xsi": "http://www.w3.org/2001/XMLSchema-instance",
      "xmlns": "http://cakemarketing.com/api/1/"
    },
    "success": "true",
    "row_count": "1",
    "lead_id": "6396F117",
    "personal_info": {
      "first_name": "CKMTESTPIXEL",
      "last_name": "CKMTESTPIXEL",
      "email_address": "ckmtestpixel@gmail.com",
      "address": {
        "street": "",
        "city": "",
        "state": "OR",
        "zip_code": "97540",
        "country": ""
      },
      "ip_address": "27.54.170.27",
      "phone_work": "",
      "phone_home": "503-518-1606",
      "phone_cell": "",
      "best_call_time": "",
      "opt_in": "false"
    },
    "traffic_info": {
      "lead_date": "2026-05-13T03:27:17.943",
      "payout": {
        "currency_id": "1",
        "amount": "0.0000",
        "formatted_amount": "$0.00"
      },
      "affiliate": {
        "affiliate_id": {
          "_": "659",
          "$": {
            "xmlns": "API:id_name_store"
          }
        },
        "affiliate_name": {
          "_": "QA affiliate",
          "$": {
            "xmlns": "API:id_name_store"
          }
        }
      },
      "campaign": {
        "campaign_id": {
          "_": "4444",
          "$": {
            "xmlns": "API:id_name_store"
          }
        },
        "campaign_name": {
          "_": "TRA.com CPL - PPC ST - CPA - $1.00",
          "$": {
            "xmlns": "API:id_name_store"
          }
        }
      },
      "creative_id": "2210",
      "subid_1": "",
      "subid_2": "",
      "subid_3": "",
      "subid_4": "",
      "subid_5": "",
      "referrer": "",
      "pixel_fired": "true",
      "returned_to_affiliate": "false",
      "test": "true",
      "upsell": "false"
    },
    "all_vertical_data": {
      "data": {
        "$": {
          "xmlns": ""
        },
        "tax_debt": "10000",
        "universal_leadid": "76B84143-1A55-9842-EF85-A5ABA086F4B6",
        "affid": "659",
        "TCPA_checkbox": "1",
        "reqid": "26774837",
        "page": "https://tra.com/ppc/st",
        "neustar": "pass",
        "neustar_disposition": "N,U,U,L,0",
        "first_name_lower": "ckmtestpixel",
        "last_name_lower": "ckmtestpixel",
        "opt_special_offers": "on",
        "ckm_campaign_id": "4444"
      }
    },
    "dispositions": "",
    "pings": "",
    "posts": "",
    "sales": ""
  }
}
✅ First API Data retrieved on attempt 1
[ppc-st][MOBILE][WEBKIT] 📡 Fetching Second API data for Lead ID: 6396F117...
📡 Standard Second API Payload: cake_id=6396F117, domain_name=https://www.taxreliefadvocates.com
[ppc-st][MOBILE][WEBKIT] [STDERR] (node:7792) Warning: Setting the NODE_TLS_REJECT_UNAUTHORIZED environment variable to '0' makes TLS connections and HTTPS requests insecure by disabling certificate verification.
(Use `node --trace-warnings ...` to show where the warning was created)
[ppc-st][MOBILE][WEBKIT] [STDERR] ❌ Second API Attempt 1 failed: Request failed with status code 404
[ppc-st][MOBILE][WEBKIT] ⏳ Retrying in 3 seconds to allow database synchronization...
[ppc-st][MOBILE][WEBKIT] 📡 Standard Second API Payload: cake_id=6396F117, domain_name=https://www.taxreliefadvocates.com
[ppc-st][MOBILE][WEBKIT] [STDERR] ❌ Second API Attempt 2 failed: Request failed with status code 404
[ppc-st][MOBILE][WEBKIT] ⏳ Retrying in 3 seconds to allow database synchronization...
[ppc-st][MOBILE][WEBKIT] 📡 Standard Second API Payload: cake_id=6396F117, domain_name=https://www.taxreliefadvocates.com
[ppc-st][MOBILE][WEBKIT] [STDERR] ❌ Second API Attempt 3 failed: Request failed with status code 404
[ppc-st][MOBILE][WEBKIT] ⏳ Retrying in 3 seconds to allow database synchronization...
[ppc-st][MOBILE][WEBKIT] 📡 Standard Second API Payload: cake_id=6396F117, domain_name=https://www.taxreliefadvocates.com
[ppc-st][MOBILE][WEBKIT] [STDERR] ❌ Second API Attempt 4 failed: Request failed with status code 404
[ppc-st][MOBILE][WEBKIT] ⏳ Retrying in 3 seconds to allow database synchronization...
[ppc-st][MOBILE][WEBKIT] 📡 Standard Second API Payload: cake_id=6396F117, domain_name=https://www.taxreliefadvocates.com
[ppc-st][MOBILE][WEBKIT] [STDERR] ❌ Second API Attempt 5 failed: Request failed with status code 404
[ppc-st][MOBILE][WEBKIT] ✅ Row appended successfully to sheet: PPC-ST
[ppc-st][MOBILE][WEBKIT] ✨ Professional formatting applied to PPC-ST
✅ Lead processed successfully for PPC-ST Mobile
[ppc-st][MOBILE][WEBKIT] 🎥 Video saved successfully: traces/videos/PPC-ST_PPC-ST_Mobile.webm
[ppc-st][MOBILE][WEBKIT] 
✅ Execution successfully processed! { success: true, leadId: '6396F117', brand: 'PPC-ST Mobile' }
[ppc-st][MOBILE][WEBKIT] [STDERR] ❌ Automation Run encountered a fatal exception: tracing.stop: Target page, context or browser has been closed
✅ [13/5/2026, 3:58:02 pm] COMPLETED: ppc-st [MOBILE][WEBKIT]

================================================================
⚡ Running Campaign Viewports on Browser Engine: CHROMIUM - [PPC-ST2]
================================================================

================================================================
🚀 [13/5/2026, 3:58:09 pm] RUNNING: PPC-ST2 (DESKTOP) on CHROMIUM
🔗 Target URL: https://flmtra.com/?a=659&oc=858&c=2210&s1=
================================================================
[ppc-st2][DESKTOP][CHROMIUM] 🔌 [Browser Interceptor] Intercepting and optimizing engine: CHROMIUM
[ppc-st2][DESKTOP][CHROMIUM] ◇ injected env (0) from .env // tip: ◈ encrypted .env [www.dotenvx.com]
[ppc-st2][DESKTOP][CHROMIUM] ◇ injected env (0) from .env // tip: ⌘ multiple files { path: ['.env.local', '.env'] }
[ppc-st2][DESKTOP][CHROMIUM] ◇ injected env (0) from .env // tip: ⌘ suppress logs { quiet: true }
[ppc-st2][DESKTOP][CHROMIUM] ◇ injected env (0) from .env // tip: ⌘ multiple files { path: ['.env.local', '.env'] }
[ppc-st2][DESKTOP][CHROMIUM] 
🤖 ================================================================
[ppc-st2][DESKTOP][CHROMIUM] 🤖 MASTER RUNNER: LAUNCHING PPC-ST2
🤖 Mode:            DESKTOP
🤖 Tracking URL:     https://flmtra.com/?a=659&oc=858&c=2210&s1=
[ppc-st2][DESKTOP][CHROMIUM] 🤖 Target Sheet:    PPC-ST2
🤖 ================================================================
[ppc-st2][DESKTOP][CHROMIUM] 💻 Emulated Device Profile: DESKTOP
[ppc-st2][DESKTOP][CHROMIUM] 🔄 Processing lead for brand: PPC-ST2
[ppc-st2][DESKTOP][CHROMIUM] 🔗 Navigating to: https://flmtra.com/?a=659&oc=858&c=2210&s1=
[ppc-st2][DESKTOP][CHROMIUM] ✅ Page loaded successfully
[ppc-st2][DESKTOP][CHROMIUM] 📝 Starting multi-step form filling process...
[ppc-st2][DESKTOP][CHROMIUM] 🔘 Step 1: Handling Debt Amount (20,000)
[ppc-st2][DESKTOP][CHROMIUM] 🔘 Attempting to click .next-btn1, .btn-next
[ppc-st2][DESKTOP][CHROMIUM] ✅ Clicked .next-btn1, .btn-next
[ppc-st2][DESKTOP][CHROMIUM] ✅ Reached a recognized terminal step (State or Contact). Stopping dynamic traversal.
[ppc-st2][DESKTOP][CHROMIUM] 🔘 Step: Selecting State
[ppc-st2][DESKTOP][CHROMIUM] 📝 step3 column set to State: "Nebraska"
[ppc-st2][DESKTOP][CHROMIUM] 🔘 Clicking generic NEXT button
[ppc-st2][DESKTOP][CHROMIUM] ✅ Clicked generic NEXT button
[ppc-st2][DESKTOP][CHROMIUM] 🔘 Filling Contact Info (Dynamic Loop)...
[ppc-st2][DESKTOP][CHROMIUM] ✅ Filled First Name: ckmtestpixel
[ppc-st2][DESKTOP][CHROMIUM] ✅ Filled Last Name: ckmtestpixel
[ppc-st2][DESKTOP][CHROMIUM] ✅ Filled Email: ckmtestpixel@gmail.com
[ppc-st2][DESKTOP][CHROMIUM] ✅ Filled Phone: 402-919-7047
[ppc-st2][DESKTOP][CHROMIUM] 🔘 Clicking active contact NEXT/SUBMIT button...
[ppc-st2][DESKTOP][CHROMIUM] [STDERR] ❌ Error during form filling: locator.click: Timeout 25000ms exceeded.
Call log:
[2m  - waiting for locator('#primary_phone:visible, #phone:visible, #phone_home:visible, input[name="phone"]:visible, input[name="phone_home"]:visible, input[name="primary_phone"]:visible, input[type="tel"]:visible').first()[22m
[2m    - waiting for" https://tra.com/thank-you/nn?debt=10000&leadid=EE7BF759&reqid=26774839&affid=659&oid=133" navigation to finish...[22m
[2m    - navigated to "https://tra.com/thank-you/nn?debt=10000&leadid=EE7BF759&reqid=26774839&affid=659&oid=133"[22m

[ppc-st2][DESKTOP][CHROMIUM] [STDERR] ❌ Failed processing PPC-ST2: locator.click: Timeout 25000ms exceeded.
Call log:
[2m  - waiting for locator('#primary_phone:visible, #phone:visible, #phone_home:visible, input[name="phone"]:visible, input[name="phone_home"]:visible, input[name="primary_phone"]:visible, input[type="tel"]:visible').first()[22m
[2m    - waiting for" https://tra.com/thank-you/nn?debt=10000&leadid=EE7BF759&reqid=26774839&affid=659&oid=133" navigation to finish...[22m
[2m    - navigated to "https://tra.com/thank-you/nn?debt=10000&leadid=EE7BF759&reqid=26774839&affid=659&oid=133"[22m

[ppc-st2][DESKTOP][CHROMIUM] 
✅ Execution successfully processed! {
  success: false,
  error: 'locator.click: Timeout 25000ms exceeded.\n' +
    'Call log:\n' +
    `\x1B[2m  - waiting for locator('#primary_phone:visible, #phone:visible, #phone_home:visible, input[name="phone"]:visible, input[name="phone_home"]:visible, input[name="primary_phone"]:visible, input[type="tel"]:visible').first()\x1B[22m\n` +
    '\x1B[2m    - waiting for" https://tra.com/thank-you/nn?debt=10000&leadid=EE7BF759&reqid=26774839&affid=659&oid=133" navigation to finish...\x1B[22m\n' +
    '\x1B[2m    - navigated to "https://tra.com/thank-you/nn?debt=10000&leadid=EE7BF759&reqid=26774839&affid=659&oid=133"\x1B[22m\n',
  brand: 'PPC-ST2'
}
[ppc-st2][DESKTOP][CHROMIUM] 📋 Trace report successfully saved: traces/ppc-st2_desktop.zip
✅ [13/5/2026, 3:59:04 pm] COMPLETED: ppc-st2 [DESKTOP][CHROMIUM]

================================================================
🚀 [13/5/2026, 3:59:06 pm] RUNNING: PPC-ST2 (TABLET) on CHROMIUM
🔗 Target URL: https://flmtra.com/?a=659&oc=858&c=2210&s1=
================================================================
[ppc-st2][TABLET][CHROMIUM] 🔌 [Browser Interceptor] Intercepting and optimizing engine: CHROMIUM
[ppc-st2][TABLET][CHROMIUM] ◇ injected env (0) from .env // tip: ⌘ suppress logs { quiet: true }
[ppc-st2][TABLET][CHROMIUM] ◇ injected env (0) from .env // tip: ⌘ override existing { override: true }
[ppc-st2][TABLET][CHROMIUM] ◇ injected env (0) from .env // tip: ⌘ suppress logs { quiet: true }
[ppc-st2][TABLET][CHROMIUM] ◇ injected env (0) from .env // tip: ◈ secrets for agents [www.dotenvx.com]
[ppc-st2][TABLET][CHROMIUM] 
🤖 ================================================================
🤖 MASTER RUNNER: LAUNCHING PPC-ST2
🤖 Mode:            TABLET
🤖 Tracking URL:     https://flmtra.com/?a=659&oc=858&c=2210&s1=
[ppc-st2][TABLET][CHROMIUM] 🤖 Target Sheet:    PPC-ST2
[ppc-st2][TABLET][CHROMIUM] 🤖 ================================================================
[ppc-st2][TABLET][CHROMIUM] 📋 Emulated Device Profile: TABLET (iPad Pro 11)
[ppc-st2][TABLET][CHROMIUM] ⏳ Delaying 2 seconds to allow responsive layouts to mount...
[ppc-st2][TABLET][CHROMIUM] 🔄 Processing lead for brand: PPC-ST2 Tablet
[ppc-st2][TABLET][CHROMIUM] 🔗 [Mobile] Navigating to: https://flmtra.com/?a=659&oc=858&c=2210&s1=
[ppc-st2][TABLET][CHROMIUM] ✅ [Mobile] Page loaded successfully
[ppc-st2][TABLET][CHROMIUM] 💻 [Tablet] Injecting high-fidelity glossy iPad Pro mockup frame...
[ppc-st2][TABLET][CHROMIUM] 💻 [Tablet] Injecting high-fidelity glossy iPad Pro mockup frame...
[ppc-st2][TABLET][CHROMIUM] 📝 [Mobile] Starting mobile-specific form filling...
[ppc-st2][TABLET][CHROMIUM] 🔘 [Mobile] Step 1: Selecting Debt Amount (20,000)
[ppc-st2][TABLET][CHROMIUM] 🔘 [Mobile] Clicking active visible button: .next-btn1:visible, .btn-next:visible
[ppc-st2][TABLET][CHROMIUM] ✅ [Mobile] Clicked: .next-btn1:visible, .btn-next:visible
[ppc-st2][TABLET][CHROMIUM] 💻 [Tablet] Injecting high-fidelity glossy iPad Pro mockup frame...
[ppc-st2][TABLET][CHROMIUM] ✅ [Mobile] Reached a recognized terminal step (State or Contact). Stopping dynamic traversal.
[ppc-st2][TABLET][CHROMIUM] 🔘 [Mobile] Step 2: Selecting State
[ppc-st2][TABLET][CHROMIUM] 📝 [Mobile] step3 column set to State: "Nebraska"
[ppc-st2][TABLET][CHROMIUM] 🔘 [Mobile] Clicking active visible button: .next-btn:visible, .next-btn2:visible, .btn-next:visible
[ppc-st2][TABLET][CHROMIUM] ✅ [Mobile] Clicked: .next-btn:visible, .next-btn2:visible, .btn-next:visible
[ppc-st2][TABLET][CHROMIUM] 💻 [Tablet] Injecting high-fidelity glossy iPad Pro mockup frame...
[ppc-st2][TABLET][CHROMIUM] 🔘 [Mobile] Step 3: Filling Contact Info (Dynamic Loop)...
[ppc-st2][TABLET][CHROMIUM] 💻 [Tablet] Injecting high-fidelity glossy iPad Pro mockup frame...
[ppc-st2][TABLET][CHROMIUM] ✅ [Mobile] Filled First Name: ckmtestpixel
[ppc-st2][TABLET][CHROMIUM] ✅ [Mobile] Filled Last Name: ckmtestpixel
[ppc-st2][TABLET][CHROMIUM] ✅ [Mobile] Filled Email: ckmtestpixel@gmail.com
[ppc-st2][TABLET][CHROMIUM] ✅ [Mobile] Filled Phone: 402-919-7047
[ppc-st2][TABLET][CHROMIUM] 🔘 [Mobile] Clicking active contact NEXT/SUBMIT button...
[ppc-st2][TABLET][CHROMIUM] 💻 [Tablet] Injecting high-fidelity glossy iPad Pro mockup frame...
[ppc-st2][TABLET][CHROMIUM] ✅ [Mobile] Filled Phone: 402-919-7047
[ppc-st2][TABLET][CHROMIUM] 🔘 [Mobile] No active contact NEXT/SUBMIT button visible. Exiting loop.
🔘 [Mobile] Scanning for additional dynamic steps...
[ppc-st2][TABLET][CHROMIUM] 🔘 [Mobile] Submitting form
[ppc-st2][TABLET][CHROMIUM] ⏳ [Mobile] Waiting for submission navigation to complete
[ppc-st2][TABLET][CHROMIUM] ⏳ [Mobile] Waiting for final Thank You page redirection...
[ppc-st2][TABLET][CHROMIUM] ✅ [Mobile] Targeted final redirect URL achieved!
[ppc-st2][TABLET][CHROMIUM] ✅ [Mobile] Final Thank You URL: https://tra.com/thank-you/nn?debt=10000&leadid=C20B9263&reqid=26774845&affid=659&oid=133
[ppc-st2][TABLET][CHROMIUM] ✅ [Mobile] Extracted Lead ID: C20B9263
📱 Device Type detected: T-CHROMIUM
[ppc-st2][TABLET][CHROMIUM] ✅ Lead captured: C20B9263
[ppc-st2][TABLET][CHROMIUM] 📡 Fetching First API data for Lead ID: C20B9263...
[ppc-st2][TABLET][CHROMIUM] 📡 Raw XML Response: {
  "lead_info_response": {
    "$": {
      "xmlns:xsd": "http://www.w3.org/2001/XMLSchema",
      "xmlns:xsi": "http://www.w3.org/2001/XMLSchema-instance",
      "xmlns": "http://cakemarketing.com/api/1/"
    },
    "success": "true",
    "row_count": "1",
    "lead_id": "C20B9263",
    "personal_info": {
      "first_name": "CKMTESTPIXEL",
      "last_name": "CKMTESTPIXEL",
      "email_address": "ckmtestpixel@gmail.com",
      "address": {
        "street": "",
        "city": "",
        "state": "NE",
        "zip_code": "68198",
        "country": ""
      },
      "ip_address": "27.54.170.27",
      "phone_work": "",
      "phone_home": "402-919-7047",
      "phone_cell": "",
      "best_call_time": "",
      "opt_in": "false"
    },
    "traffic_info": {
      "lead_date": "2026-05-13T03:29:29.583",
      "payout": {
        "currency_id": "1",
        "amount": "0.0000",
        "formatted_amount": "$0.00"
      },
      "affiliate": {
        "affiliate_id": {
          "_": "659",
          "$": {
            "xmlns": "API:id_name_store"
          }
        },
        "affiliate_name": {
          "_": "QA affiliate",
          "$": {
            "xmlns": "API:id_name_store"
          }
        }
      },
      "campaign": {
        "campaign_id": {
          "_": "4587",
          "$": {
            "xmlns": "API:id_name_store"
          }
        },
        "campaign_name": {
          "_": "TRA.com CPL - PPC ST 2 - CPA - $1.00",
          "$": {
            "xmlns": "API:id_name_store"
          }
        }
      },
      "creative_id": "2210",
      "subid_1": "",
      "subid_2": "",
      "subid_3": "",
      "subid_4": "",
      "subid_5": "",
      "referrer": "",
      "pixel_fired": "true",
      "returned_to_affiliate": "false",
      "test": "true",
      "upsell": "false"
    },
    "all_vertical_data": {
      "data": {
        "$": {
          "xmlns": ""
        },
        "tax_debt": "10000",
        "universal_leadid": "055B2953-40AE-372D-7ADB-E42D6AD3C055",
        "affid": "659",
        "TCPA_checkbox": "1",
        "reqid": "26774845",
        "page": "https://tra.com/ppc/st2",
        "neustar": "fail",
        "neustar_disposition": "N,U,A2,L,0",
        "first_name_lower": "ckmtestpixel",
        "last_name_lower": "ckmtestpixel",
        "opt_special_offers": "on",
        "ckm_campaign_id": "4587"
      }
    },
    "dispositions": {
      "disposition": {
        "disposition_type": "Sent to Review Queue",
        "reason": "neustar: This value is not valid",
        "filter": "Equals Value"
      }
    },
    "pings": "",
    "posts": "",
    "sales": ""
  }
}
[ppc-st2][TABLET][CHROMIUM] ✅ First API Data retrieved on attempt 1
[ppc-st2][TABLET][CHROMIUM] 📡 Fetching Second API data for Lead ID: C20B9263...
[ppc-st2][TABLET][CHROMIUM] 📡 Standard Second API Payload: cake_id=C20B9263, domain_name=https://www.taxreliefadvocates.com
[ppc-st2][TABLET][CHROMIUM] [STDERR] (node:14904) Warning: Setting the NODE_TLS_REJECT_UNAUTHORIZED environment variable to '0' makes TLS connections and HTTPS requests insecure by disabling certificate verification.
(Use `node --trace-warnings ...` to show where the warning was created)
[ppc-st2][TABLET][CHROMIUM] [STDERR] ❌ Second API Attempt 1 failed: Request failed with status code 404
[ppc-st2][TABLET][CHROMIUM] ⏳ Retrying in 3 seconds to allow database synchronization...
[ppc-st2][TABLET][CHROMIUM] 📡 Standard Second API Payload: cake_id=C20B9263, domain_name=https://www.taxreliefadvocates.com
[ppc-st2][TABLET][CHROMIUM] [STDERR] ❌ Second API Attempt 2 failed: Request failed with status code 404
[ppc-st2][TABLET][CHROMIUM] ⏳ Retrying in 3 seconds to allow database synchronization...
[ppc-st2][TABLET][CHROMIUM] 📡 Standard Second API Payload: cake_id=C20B9263, domain_name=https://www.taxreliefadvocates.com
[ppc-st2][TABLET][CHROMIUM] [STDERR] ❌ Second API Attempt 3 failed: Request failed with status code 404
[ppc-st2][TABLET][CHROMIUM] ⏳ Retrying in 3 seconds to allow database synchronization...
[ppc-st2][TABLET][CHROMIUM] 📡 Standard Second API Payload: cake_id=C20B9263, domain_name=https://www.taxreliefadvocates.com
[ppc-st2][TABLET][CHROMIUM] [STDERR] ❌ Second API Attempt 4 failed: Request failed with status code 404
[ppc-st2][TABLET][CHROMIUM] ⏳ Retrying in 3 seconds to allow database synchronization...
[ppc-st2][TABLET][CHROMIUM] 📡 Standard Second API Payload: cake_id=C20B9263, domain_name=https://www.taxreliefadvocates.com
[ppc-st2][TABLET][CHROMIUM] [STDERR] ❌ Second API Attempt 5 failed: Request failed with status code 404
[ppc-st2][TABLET][CHROMIUM] ✅ Row appended successfully to sheet: PPC-ST2
[ppc-st2][TABLET][CHROMIUM] ✨ Professional formatting applied to PPC-ST2
✅ Lead processed successfully for PPC-ST2 Tablet
[ppc-st2][TABLET][CHROMIUM] 🎥 Video saved successfully: traces/videos/PPC-ST2_PPC-ST2_Tablet.webm
[ppc-st2][TABLET][CHROMIUM] 
✅ Execution successfully processed! { success: true, leadId: 'C20B9263', brand: 'PPC-ST2 Tablet' }
[ppc-st2][TABLET][CHROMIUM] [STDERR] ❌ Automation Run encountered a fatal exception: tracing.stop: Target page, context or browser has been closed
✅ [13/5/2026, 4:00:13 pm] COMPLETED: ppc-st2 [TABLET][CHROMIUM]

================================================================
🚀 [13/5/2026, 4:00:15 pm] RUNNING: PPC-ST2 (MOBILE) on CHROMIUM
🔗 Target URL: https://flmtra.com/?a=659&oc=858&c=2210&s1=
================================================================
[ppc-st2][MOBILE][CHROMIUM] 🔌 [Browser Interceptor] Intercepting and optimizing engine: CHROMIUM
[ppc-st2][MOBILE][CHROMIUM] ◇ injected env (0) from .env // tip: ⌘ enable debugging { debug: true }
[ppc-st2][MOBILE][CHROMIUM] ◇ injected env (0) from .env // tip: ◈ encrypted .env [www.dotenvx.com]
[ppc-st2][MOBILE][CHROMIUM] ◇ injected env (0) from .env // tip: ◈ encrypted .env [www.dotenvx.com]
[ppc-st2][MOBILE][CHROMIUM] ◇ injected env (0) from .env // tip: ◈ secrets for agents [www.dotenvx.com]
[ppc-st2][MOBILE][CHROMIUM] 
🤖 ================================================================
🤖 MASTER RUNNER: LAUNCHING PPC-ST2
[ppc-st2][MOBILE][CHROMIUM] 🤖 Mode:            MOBILE
🤖 Tracking URL:     https://flmtra.com/?a=659&oc=858&c=2210&s1=
[ppc-st2][MOBILE][CHROMIUM] 🤖 Target Sheet:    PPC-ST2
[ppc-st2][MOBILE][CHROMIUM] 🤖 ================================================================
[ppc-st2][MOBILE][CHROMIUM] 📱 Emulated Device Profile: MOBILE (iPhone 17 Pro)
[ppc-st2][MOBILE][CHROMIUM] ⏳ Delaying 2 seconds to allow responsive layouts to mount...
[ppc-st2][MOBILE][CHROMIUM] 🔄 Processing lead for brand: PPC-ST2 Mobile
[ppc-st2][MOBILE][CHROMIUM] 🔗 [Mobile] Navigating to: https://flmtra.com/?a=659&oc=858&c=2210&s1=
[ppc-st2][MOBILE][CHROMIUM] ✅ [Mobile] Page loaded successfully
[ppc-st2][MOBILE][CHROMIUM] 📱 [Mobile] Injecting high-fidelity glossy Natural Titanium iPhone 17 Pro mockup frame...
[ppc-st2][MOBILE][CHROMIUM] 📱 [Mobile] Injecting high-fidelity glossy Natural Titanium iPhone 17 Pro mockup frame...
[ppc-st2][MOBILE][CHROMIUM] 📝 [Mobile] Starting mobile-specific form filling...
[ppc-st2][MOBILE][CHROMIUM] 🔘 [Mobile] Step 1: Selecting Debt Amount (20,000)
[ppc-st2][MOBILE][CHROMIUM] 🔘 [Mobile] Clicking active visible button: .next-btn1:visible, .btn-next:visible
[ppc-st2][MOBILE][CHROMIUM] ✅ [Mobile] Clicked: .next-btn1:visible, .btn-next:visible
[ppc-st2][MOBILE][CHROMIUM] 📱 [Mobile] Injecting high-fidelity glossy Natural Titanium iPhone 17 Pro mockup frame...
[ppc-st2][MOBILE][CHROMIUM] ✅ [Mobile] Reached a recognized terminal step (State or Contact). Stopping dynamic traversal.
[ppc-st2][MOBILE][CHROMIUM] 🔘 [Mobile] Step 2: Selecting State
[ppc-st2][MOBILE][CHROMIUM] 📝 [Mobile] step3 column set to State: "Nebraska"
[ppc-st2][MOBILE][CHROMIUM] 🔘 [Mobile] Clicking active visible button: .next-btn:visible, .next-btn2:visible, .btn-next:visible
[ppc-st2][MOBILE][CHROMIUM] ✅ [Mobile] Clicked: .next-btn:visible, .next-btn2:visible, .btn-next:visible
[ppc-st2][MOBILE][CHROMIUM] 📱 [Mobile] Injecting high-fidelity glossy Natural Titanium iPhone 17 Pro mockup frame...
[ppc-st2][MOBILE][CHROMIUM] 🔘 [Mobile] Step 3: Filling Contact Info (Dynamic Loop)...
[ppc-st2][MOBILE][CHROMIUM] 📱 [Mobile] Injecting high-fidelity glossy Natural Titanium iPhone 17 Pro mockup frame...
[ppc-st2][MOBILE][CHROMIUM] ✅ [Mobile] Filled First Name: ckmtestpixel
[ppc-st2][MOBILE][CHROMIUM] ✅ [Mobile] Filled Last Name: ckmtestpixel
[ppc-st2][MOBILE][CHROMIUM] ✅ [Mobile] Filled Email: ckmtestpixel@gmail.com
[ppc-st2][MOBILE][CHROMIUM] ✅ [Mobile] Filled Phone: 402-919-7047
[ppc-st2][MOBILE][CHROMIUM] 🔘 [Mobile] Clicking active contact NEXT/SUBMIT button...
[ppc-st2][MOBILE][CHROMIUM] 📱 [Mobile] Injecting high-fidelity glossy Natural Titanium iPhone 17 Pro mockup frame...
[ppc-st2][MOBILE][CHROMIUM] ✅ [Mobile] Filled Phone: 402-919-7047
[ppc-st2][MOBILE][CHROMIUM] 🔘 [Mobile] Clicking active contact NEXT/SUBMIT button...
[ppc-st2][MOBILE][CHROMIUM] 📱 [Mobile] Injecting high-fidelity glossy Natural Titanium iPhone 17 Pro mockup frame...
[ppc-st2][MOBILE][CHROMIUM] 🔘 [Mobile] No active contact NEXT/SUBMIT button visible. Exiting loop.
🔘 [Mobile] Scanning for additional dynamic steps...
[ppc-st2][MOBILE][CHROMIUM] 🔘 [Mobile] Submitting form
[ppc-st2][MOBILE][CHROMIUM] ⏳ [Mobile] Waiting for submission navigation to complete
[ppc-st2][MOBILE][CHROMIUM] ⏳ [Mobile] Waiting for final Thank You page redirection...
[ppc-st2][MOBILE][CHROMIUM] ✅ [Mobile] Targeted final redirect URL achieved!
[ppc-st2][MOBILE][CHROMIUM] ✅ [Mobile] Final Thank You URL: https://tra.com/thank-you/nn?debt=10000&leadid=CFA58CBC&reqid=26774848&affid=659&oid=133
[ppc-st2][MOBILE][CHROMIUM] ✅ [Mobile] Extracted Lead ID: CFA58CBC
[ppc-st2][MOBILE][CHROMIUM] 📱 Device Type detected: M-CHROMIUM
✅ Lead captured: CFA58CBC
[ppc-st2][MOBILE][CHROMIUM] 📡 Fetching First API data for Lead ID: CFA58CBC...
[ppc-st2][MOBILE][CHROMIUM] 📡 Raw XML Response: {
  "lead_info_response": {
    "$": {
      "xmlns:xsd": "http://www.w3.org/2001/XMLSchema",
      "xmlns:xsi": "http://www.w3.org/2001/XMLSchema-instance",
      "xmlns": "http://cakemarketing.com/api/1/"
    },
    "success": "true",
    "row_count": "1",
    "lead_id": "CFA58CBC",
    "personal_info": {
      "first_name": "CKMTESTPIXEL",
      "last_name": "CKMTESTPIXEL",
      "email_address": "ckmtestpixel@gmail.com",
      "address": {
        "street": "",
        "city": "",
        "state": "NE",
        "zip_code": "69348",
        "country": ""
      },
      "ip_address": "27.54.170.27",
      "phone_work": "",
      "phone_home": "402-919-7047",
      "phone_cell": "",
      "best_call_time": "",
      "opt_in": "false"
    },
    "traffic_info": {
      "lead_date": "2026-05-13T03:30:45.08",
      "payout": {
        "currency_id": "1",
        "amount": "0.0000",
        "formatted_amount": "$0.00"
      },
      "affiliate": {
        "affiliate_id": {
          "_": "659",
          "$": {
            "xmlns": "API:id_name_store"
          }
        },
        "affiliate_name": {
          "_": "QA affiliate",
          "$": {
            "xmlns": "API:id_name_store"
          }
        }
      },
      "campaign": {
        "campaign_id": {
          "_": "4587",
          "$": {
            "xmlns": "API:id_name_store"
          }
        },
        "campaign_name": {
          "_": "TRA.com CPL - PPC ST 2 - CPA - $1.00",
          "$": {
            "xmlns": "API:id_name_store"
          }
        }
      },
      "creative_id": "2210",
      "subid_1": "",
      "subid_2": "",
      "subid_3": "",
      "subid_4": "",
      "subid_5": "",
      "referrer": "",
      "pixel_fired": "true",
      "returned_to_affiliate": "false",
      "test": "true",
      "upsell": "false"
    },
    "all_vertical_data": {
      "data": {
        "$": {
          "xmlns": ""
        },
        "tax_debt": "10000",
        "universal_leadid": "725A55D5-A548-1288-A56F-3079805D9E78",
        "affid": "659",
        "TCPA_checkbox": "1",
        "reqid": "26774848",
        "page": "https://tra.com/ppc/st2",
        "neustar": "fail",
        "neustar_disposition": "N,U,A2,L,0",
        "first_name_lower": "ckmtestpixel",
        "last_name_lower": "ckmtestpixel",
        "opt_special_offers": "on",
        "ckm_campaign_id": "4587"
      }
    },
    "dispositions": {
      "disposition": {
        "disposition_type": "Sent to Review Queue",
        "reason": "neustar: This value is not valid",
        "filter": "Equals Value"
      }
    },
    "pings": "",
    "posts": "",
    "sales": ""
  }
}
[ppc-st2][MOBILE][CHROMIUM] ✅ First API Data retrieved on attempt 1
[ppc-st2][MOBILE][CHROMIUM] 📡 Fetching Second API data for Lead ID: CFA58CBC...
[ppc-st2][MOBILE][CHROMIUM] 📡 Standard Second API Payload: cake_id=CFA58CBC, domain_name=https://www.taxreliefadvocates.com
[ppc-st2][MOBILE][CHROMIUM] [STDERR] (node:22704) Warning: Setting the NODE_TLS_REJECT_UNAUTHORIZED environment variable to '0' makes TLS connections and HTTPS requests insecure by disabling certificate verification.
(Use `node --trace-warnings ...` to show where the warning was created)
[ppc-st2][MOBILE][CHROMIUM] [STDERR] ❌ Second API Attempt 1 failed: Request failed with status code 404
[ppc-st2][MOBILE][CHROMIUM] ⏳ Retrying in 3 seconds to allow database synchronization...
[ppc-st2][MOBILE][CHROMIUM] 📡 Standard Second API Payload: cake_id=CFA58CBC, domain_name=https://www.taxreliefadvocates.com
[ppc-st2][MOBILE][CHROMIUM] [STDERR] ❌ Second API Attempt 2 failed: Request failed with status code 404
[ppc-st2][MOBILE][CHROMIUM] ⏳ Retrying in 3 seconds to allow database synchronization...
[ppc-st2][MOBILE][CHROMIUM] 📡 Standard Second API Payload: cake_id=CFA58CBC, domain_name=https://www.taxreliefadvocates.com
[ppc-st2][MOBILE][CHROMIUM] [STDERR] ❌ Second API Attempt 3 failed: Request failed with status code 404
[ppc-st2][MOBILE][CHROMIUM] ⏳ Retrying in 3 seconds to allow database synchronization...
[ppc-st2][MOBILE][CHROMIUM] 📡 Standard Second API Payload: cake_id=CFA58CBC, domain_name=https://www.taxreliefadvocates.com
[ppc-st2][MOBILE][CHROMIUM] [STDERR] ❌ Second API Attempt 4 failed: Request failed with status code 404
[ppc-st2][MOBILE][CHROMIUM] ⏳ Retrying in 3 seconds to allow database synchronization...
[ppc-st2][MOBILE][CHROMIUM] 📡 Standard Second API Payload: cake_id=CFA58CBC, domain_name=https://www.taxreliefadvocates.com
[ppc-st2][MOBILE][CHROMIUM] [STDERR] ❌ Second API Attempt 5 failed: Request failed with status code 404
[ppc-st2][MOBILE][CHROMIUM] ✅ Row appended successfully to sheet: PPC-ST2
[ppc-st2][MOBILE][CHROMIUM] ✨ Professional formatting applied to PPC-ST2
✅ Lead processed successfully for PPC-ST2 Mobile
[ppc-st2][MOBILE][CHROMIUM] 🎥 Video saved successfully: traces/videos/PPC-ST2_PPC-ST2_Mobile.webm
[ppc-st2][MOBILE][CHROMIUM] 
✅ Execution successfully processed! { success: true, leadId: 'CFA58CBC', brand: 'PPC-ST2 Mobile' }
[ppc-st2][MOBILE][CHROMIUM] [STDERR] ❌ Automation Run encountered a fatal exception: tracing.stop: Target page, context or browser has been closed
✅ [13/5/2026, 4:01:28 pm] COMPLETED: ppc-st2 [MOBILE][CHROMIUM]

================================================================
🚀 [13/5/2026, 4:01:30 pm] RUNNING: PPC-ST2 (API) on CHROMIUM
🔗 Target URL: https://flmtra.com/?a=659&oc=858&c=2210&s1=
================================================================
[ppc-st2][API][CHROMIUM] 🔌 [Browser Interceptor] Intercepting and optimizing engine: CHROMIUM
[ppc-st2][API][CHROMIUM] ◇ injected env (0) from .env // tip: ⌁ auth for agents [www.vestauth.com]
[ppc-st2][API][CHROMIUM] ◇ injected env (0) from .env // tip: ◈ encrypted .env [www.dotenvx.com]
[ppc-st2][API][CHROMIUM] ◇ injected env (0) from .env // tip: ⌁ auth for agents [www.vestauth.com]
[ppc-st2][API][CHROMIUM] ◇ injected env (0) from .env // tip: ◈ encrypted .env [www.dotenvx.com]
[ppc-st2][API][CHROMIUM] 
🤖 ================================================================
[ppc-st2][API][CHROMIUM] 🤖 MASTER RUNNER: LAUNCHING PPC-ST2
🤖 Mode:            API
🤖 Tracking URL:     https://flmtra.com/?a=659&oc=858&c=2210&s1=
[ppc-st2][API][CHROMIUM] 🤖 Target Sheet:    PPC-ST2
🤖 ================================================================
[ppc-st2][API][CHROMIUM] 🔌 [Browser Interceptor] Intercepting and optimizing engine: CHROMIUM
📡 Initializing direct HTTP automation context (NO BROWSER)...
[ppc-st2][API][CHROMIUM] 📡 Dispatching direct API POST request payload...
[ppc-st2][API][CHROMIUM] [STDERR] 
❌ Direct API Automation Failed: processLeadApi is not a function
❌ [13/5/2026, 4:01:31 pm] FAILED: ppc-st2 [API][CHROMIUM]
Error: Command failed: node -r "./utils/browser-intercept.js" run-master.js --campaign "ppc-st2" --viewport "api"

❌ Direct API Automation Failed: processLeadApi is not a function


================================================================
⚡ Running Campaign Viewports on Browser Engine: FIREFOX - [PPC-ST2]
================================================================

================================================================
🚀 [13/5/2026, 4:01:35 pm] RUNNING: PPC-ST2 (DESKTOP) on FIREFOX
🔗 Target URL: https://flmtra.com/?a=659&oc=858&c=2210&s1=
================================================================
[ppc-st2][DESKTOP][FIREFOX] 🔌 [Browser Interceptor] Intercepting and optimizing engine: FIREFOX
[ppc-st2][DESKTOP][FIREFOX] ◇ injected env (0) from .env // tip: ⌘ enable debugging { debug: true }
[ppc-st2][DESKTOP][FIREFOX] ◇ injected env (0) from .env // tip: ◈ secrets for agents [www.dotenvx.com]
[ppc-st2][DESKTOP][FIREFOX] ◇ injected env (0) from .env // tip: ⌘ enable debugging { debug: true }
[ppc-st2][DESKTOP][FIREFOX] ◇ injected env (0) from .env // tip: ⌘ multiple files { path: ['.env.local', '.env'] }
[ppc-st2][DESKTOP][FIREFOX] 
🤖 ================================================================
[ppc-st2][DESKTOP][FIREFOX] 🤖 MASTER RUNNER: LAUNCHING PPC-ST2
🤖 Mode:            DESKTOP
🤖 Tracking URL:     https://flmtra.com/?a=659&oc=858&c=2210&s1=
[ppc-st2][DESKTOP][FIREFOX] 🤖 Target Sheet:    PPC-ST2
[ppc-st2][DESKTOP][FIREFOX] 🤖 ================================================================
[ppc-st2][DESKTOP][FIREFOX] 💻 Emulated Device Profile: DESKTOP
🔌 [Browser Interceptor] Sanitizing mobile context options for Firefox emulation...
[ppc-st2][DESKTOP][FIREFOX] 🔄 Processing lead for brand: PPC-ST2
[ppc-st2][DESKTOP][FIREFOX] 🔗 Navigating to: https://flmtra.com/?a=659&oc=858&c=2210&s1=
[ppc-st2][DESKTOP][FIREFOX] ✅ Page loaded successfully
[ppc-st2][DESKTOP][FIREFOX] 📝 Starting multi-step form filling process...
[ppc-st2][DESKTOP][FIREFOX] 🔘 Step 1: Handling Debt Amount (20,000)
[ppc-st2][DESKTOP][FIREFOX] 🔘 Attempting to click .next-btn1, .btn-next
[ppc-st2][DESKTOP][FIREFOX] ⚠️ Standard click failed, using dispatchEvent...
[ppc-st2][DESKTOP][FIREFOX] ✅ Clicked .next-btn1, .btn-next
[ppc-st2][DESKTOP][FIREFOX] ✅ Reached a recognized terminal step (State or Contact). Stopping dynamic traversal.
[ppc-st2][DESKTOP][FIREFOX] 🔘 Step: Selecting State
[ppc-st2][DESKTOP][FIREFOX] 📝 step3 column set to State: "Nebraska"
[ppc-st2][DESKTOP][FIREFOX] 🔘 Clicking generic NEXT button
[ppc-st2][DESKTOP][FIREFOX] ✅ Clicked generic NEXT button
[ppc-st2][DESKTOP][FIREFOX] 🔘 Filling Contact Info (Dynamic Loop)...
[ppc-st2][DESKTOP][FIREFOX] [STDERR] ❌ Error during form filling: locator.click: Timeout 25000ms exceeded.
Call log:
[2m  - waiting for locator('#first_name:visible, input[name="first_name"]:visible, input[placeholder*="First Name" i]:visible').first()[22m
[2m    - locator resolved to <input type="text" name="first_name" placeholder="First Name" class="form-control error"/>[22m
[2m  - attempting click action[22m
[2m    - waiting for element to be visible, enabled and stable[22m

❌ Failed processing PPC-ST2: locator.click: Timeout 25000ms exceeded.
Call log:
[2m  - waiting for locator('#first_name:visible, input[name="first_name"]:visible, input[placeholder*="First Name" i]:visible').first()[22m
[2m    - locator resolved to <input type="text" name="first_name" placeholder="First Name" class="form-control error"/>[22m
[2m  - attempting click action[22m
[2m    - waiting for element to be visible, enabled and stable[22m

[ppc-st2][DESKTOP][FIREFOX] 
✅ Execution successfully processed! {
  success: false,
  error: 'locator.click: Timeout 25000ms exceeded.\n' +
    'Call log:\n' +
    `\x1B[2m  - waiting for locator('#first_name:visible, input[name="first_name"]:visible, input[placeholder*="First Name" i]:visible').first()\x1B[22m\n` +
    '\x1B[2m    - locator resolved to <input type="text" name="first_name" placeholder="First Name" class="form-control error"/>\x1B[22m\n' +
    '\x1B[2m  - attempting click action\x1B[22m\n' +
    '\x1B[2m    - waiting for element to be visible, enabled and stable\x1B[22m\n',
  brand: 'PPC-ST2'
}
[ppc-st2][DESKTOP][FIREFOX] 📋 Trace report successfully saved: traces/ppc-st2_desktop.zip
✅ [13/5/2026, 4:02:53 pm] COMPLETED: ppc-st2 [DESKTOP][FIREFOX]

================================================================
🚀 [13/5/2026, 4:02:55 pm] RUNNING: PPC-ST2 (TABLET) on FIREFOX
🔗 Target URL: https://flmtra.com/?a=659&oc=858&c=2210&s1=
================================================================
[ppc-st2][TABLET][FIREFOX] 🔌 [Browser Interceptor] Intercepting and optimizing engine: FIREFOX
[ppc-st2][TABLET][FIREFOX] ◇ injected env (0) from .env // tip: ⌁ auth for agents [www.vestauth.com]
[ppc-st2][TABLET][FIREFOX] ◇ injected env (0) from .env // tip: ◈ secrets for agents [www.dotenvx.com]
[ppc-st2][TABLET][FIREFOX] ◇ injected env (0) from .env // tip: ⌘ multiple files { path: ['.env.local', '.env'] }
[ppc-st2][TABLET][FIREFOX] ◇ injected env (0) from .env // tip: ◈ encrypted .env [www.dotenvx.com]
[ppc-st2][TABLET][FIREFOX] 
🤖 ================================================================
[ppc-st2][TABLET][FIREFOX] 🤖 MASTER RUNNER: LAUNCHING PPC-ST2
🤖 Mode:            TABLET
🤖 Tracking URL:     https://flmtra.com/?a=659&oc=858&c=2210&s1=
[ppc-st2][TABLET][FIREFOX] 🤖 Target Sheet:    PPC-ST2
[ppc-st2][TABLET][FIREFOX] 🤖 ================================================================
[ppc-st2][TABLET][FIREFOX] 📋 Emulated Device Profile: TABLET (iPad Pro 11)
🔌 [Browser Interceptor] Sanitizing mobile context options for Firefox emulation...
[ppc-st2][TABLET][FIREFOX] ⏳ Delaying 2 seconds to allow responsive layouts to mount...
[ppc-st2][TABLET][FIREFOX] 🔄 Processing lead for brand: PPC-ST2 Tablet
[ppc-st2][TABLET][FIREFOX] 🔗 [Mobile] Navigating to: https://flmtra.com/?a=659&oc=858&c=2210&s1=
[ppc-st2][TABLET][FIREFOX] [STDERR] ❌ Failed processing PPC-ST2 Tablet: page.goto: Timeout 60000ms exceeded.
Call log:
[2m  - navigating to "https://flmtra.com/?a=659&oc=858&c=2210&s1=", waiting until "networkidle"[22m

[ppc-st2][TABLET][FIREFOX] 
✅ Execution successfully processed! {
  success: false,
  error: 'page.goto: Timeout 60000ms exceeded.\n' +
    'Call log:\n' +
    '\x1B[2m  - navigating to "https://flmtra.com/?a=659&oc=858&c=2210&s1=", waiting until "networkidle"\x1B[22m\n',
  brand: 'PPC-ST2 Tablet'
}
[ppc-st2][TABLET][FIREFOX] 📋 Trace report successfully saved: traces/ppc-st2_tablet.zip
✅ [13/5/2026, 4:04:07 pm] COMPLETED: ppc-st2 [TABLET][FIREFOX]

================================================================
🚀 [13/5/2026, 4:04:09 pm] RUNNING: PPC-ST2 (MOBILE) on FIREFOX
🔗 Target URL: https://flmtra.com/?a=659&oc=858&c=2210&s1=
================================================================
[ppc-st2][MOBILE][FIREFOX] 🔌 [Browser Interceptor] Intercepting and optimizing engine: FIREFOX
[ppc-st2][MOBILE][FIREFOX] ◇ injected env (0) from .env // tip: ◈ encrypted .env [www.dotenvx.com]
[ppc-st2][MOBILE][FIREFOX] ◇ injected env (0) from .env // tip: ◈ encrypted .env [www.dotenvx.com]
[ppc-st2][MOBILE][FIREFOX] ◇ injected env (0) from .env // tip: ⌘ custom filepath { path: '/custom/path/.env' }
[ppc-st2][MOBILE][FIREFOX] ◇ injected env (0) from .env // tip: ⌁ auth for agents [www.vestauth.com]
[ppc-st2][MOBILE][FIREFOX] 
🤖 ================================================================
[ppc-st2][MOBILE][FIREFOX] 🤖 MASTER RUNNER: LAUNCHING PPC-ST2
🤖 Mode:            MOBILE
🤖 Tracking URL:     https://flmtra.com/?a=659&oc=858&c=2210&s1=
🤖 Target Sheet:    PPC-ST2
[ppc-st2][MOBILE][FIREFOX] 🤖 ================================================================
[ppc-st2][MOBILE][FIREFOX] 📱 Emulated Device Profile: MOBILE (iPhone 17 Pro)
[ppc-st2][MOBILE][FIREFOX] 🔌 [Browser Interceptor] Sanitizing mobile context options for Firefox emulation...
[ppc-st2][MOBILE][FIREFOX] ⏳ Delaying 2 seconds to allow responsive layouts to mount...
[ppc-st2][MOBILE][FIREFOX] 🔄 Processing lead for brand: PPC-ST2 Mobile
[ppc-st2][MOBILE][FIREFOX] 🔗 [Mobile] Navigating to: https://flmtra.com/?a=659&oc=858&c=2210&s1=
[ppc-st2][MOBILE][FIREFOX] [STDERR] ❌ Failed processing PPC-ST2 Mobile: page.goto: NS_ERROR_UNKNOWN_HOST
Call log:
[2m  - navigating to "https://flmtra.com/?a=659&oc=858&c=2210&s1=", waiting until "networkidle"[22m

[ppc-st2][MOBILE][FIREFOX] 
✅ Execution successfully processed! {
  success: false,
  error: 'page.goto: NS_ERROR_UNKNOWN_HOST\n' +
    'Call log:\n' +
    '\x1B[2m  - navigating to "https://flmtra.com/?a=659&oc=858&c=2210&s1=", waiting until "networkidle"\x1B[22m\n',
  brand: 'PPC-ST2 Mobile'
}
[ppc-st2][MOBILE][FIREFOX] 📋 Trace report successfully saved: traces/ppc-st2_mobile.zip
✅ [13/5/2026, 4:04:21 pm] COMPLETED: ppc-st2 [MOBILE][FIREFOX]

================================================================
🚀 [13/5/2026, 4:04:23 pm] RUNNING: PPC-ST2 (API) on FIREFOX
🔗 Target URL: https://flmtra.com/?a=659&oc=858&c=2210&s1=
================================================================
[ppc-st2][API][FIREFOX] 🔌 [Browser Interceptor] Intercepting and optimizing engine: FIREFOX
[ppc-st2][API][FIREFOX] ◇ injected env (0) from .env // tip: ⌘ multiple files { path: ['.env.local', '.env'] }
[ppc-st2][API][FIREFOX] ◇ injected env (0) from .env // tip: ⌘ multiple files { path: ['.env.local', '.env'] }
[ppc-st2][API][FIREFOX] ◇ injected env (0) from .env // tip: ◈ encrypted .env [www.dotenvx.com]
[ppc-st2][API][FIREFOX] ◇ injected env (0) from .env // tip: ⌘ suppress logs { quiet: true }
[ppc-st2][API][FIREFOX] 
🤖 ================================================================
🤖 MASTER RUNNER: LAUNCHING PPC-ST2
[ppc-st2][API][FIREFOX] 🤖 Mode:            API
🤖 Tracking URL:     https://flmtra.com/?a=659&oc=858&c=2210&s1=
🤖 Target Sheet:    PPC-ST2
🤖 ================================================================
[ppc-st2][API][FIREFOX] 🔌 [Browser Interceptor] Intercepting and optimizing engine: FIREFOX
📡 Initializing direct HTTP automation context (NO BROWSER)...
[ppc-st2][API][FIREFOX] 📡 Dispatching direct API POST request payload...
[ppc-st2][API][FIREFOX] [STDERR] 
❌ Direct API Automation Failed: processLeadApi is not a function
❌ [13/5/2026, 4:04:24 pm] FAILED: ppc-st2 [API][FIREFOX]
Error: Command failed: node -r "./utils/browser-intercept.js" run-master.js --campaign "ppc-st2" --viewport "api"

❌ Direct API Automation Failed: processLeadApi is not a function


================================================================
⚡ Running Campaign Viewports on Browser Engine: WEBKIT - [PPC-ST2]
================================================================

================================================================
🚀 [13/5/2026, 4:04:28 pm] RUNNING: PPC-ST2 (DESKTOP) on WEBKIT
🔗 Target URL: https://flmtra.com/?a=659&oc=858&c=2210&s1=
================================================================
[ppc-st2][DESKTOP][WEBKIT] 🔌 [Browser Interceptor] Intercepting and optimizing engine: WEBKIT
[ppc-st2][DESKTOP][WEBKIT] ◇ injected env (0) from .env // tip: ⌘ override existing { override: true }
[ppc-st2][DESKTOP][WEBKIT] ◇ injected env (0) from .env // tip: ◈ secrets for agents [www.dotenvx.com]
[ppc-st2][DESKTOP][WEBKIT] ◇ injected env (0) from .env // tip: ⌘ override existing { override: true }
[ppc-st2][DESKTOP][WEBKIT] ◇ injected env (0) from .env // tip: ⌘ override existing { override: true }
[ppc-st2][DESKTOP][WEBKIT] 
🤖 ================================================================
[ppc-st2][DESKTOP][WEBKIT] 🤖 MASTER RUNNER: LAUNCHING PPC-ST2
🤖 Mode:            DESKTOP
🤖 Tracking URL:     https://flmtra.com/?a=659&oc=858&c=2210&s1=
[ppc-st2][DESKTOP][WEBKIT] 🤖 Target Sheet:    PPC-ST2
🤖 ================================================================
[ppc-st2][DESKTOP][WEBKIT] 💻 Emulated Device Profile: DESKTOP
[ppc-st2][DESKTOP][WEBKIT] 🔄 Processing lead for brand: PPC-ST2
[ppc-st2][DESKTOP][WEBKIT] 🔗 Navigating to: https://flmtra.com/?a=659&oc=858&c=2210&s1=
[ppc-st2][DESKTOP][WEBKIT] ✅ Page loaded successfully
[ppc-st2][DESKTOP][WEBKIT] 📝 Starting multi-step form filling process...
[ppc-st2][DESKTOP][WEBKIT] 🔘 Step 1: Handling Debt Amount (20,000)
[ppc-st2][DESKTOP][WEBKIT] 🔘 Attempting to click .next-btn1, .btn-next
[ppc-st2][DESKTOP][WEBKIT] ✅ Clicked .next-btn1, .btn-next
[ppc-st2][DESKTOP][WEBKIT] ✅ Reached a recognized terminal step (State or Contact). Stopping dynamic traversal.
[ppc-st2][DESKTOP][WEBKIT] 🔘 Step: Selecting State
[ppc-st2][DESKTOP][WEBKIT] 📝 step3 column set to State: "Nebraska"
[ppc-st2][DESKTOP][WEBKIT] 🔘 Clicking generic NEXT button
[ppc-st2][DESKTOP][WEBKIT] ✅ Clicked generic NEXT button
[ppc-st2][DESKTOP][WEBKIT] 🔘 Filling Contact Info (Dynamic Loop)...
[ppc-st2][DESKTOP][WEBKIT] ✅ Filled First Name: ckmtestpixel
[ppc-st2][DESKTOP][WEBKIT] ✅ Filled Last Name: ckmtestpixel
[ppc-st2][DESKTOP][WEBKIT] ✅ Filled Email: ckmtestpixel@gmail.com
[ppc-st2][DESKTOP][WEBKIT] ✅ Filled Phone: 402-919-7047
[ppc-st2][DESKTOP][WEBKIT] 🔘 Clicking active contact NEXT/SUBMIT button...
[ppc-st2][DESKTOP][WEBKIT] [STDERR] ❌ Error during form filling: locator.click: Timeout 25000ms exceeded.
Call log:
[2m  - waiting for locator('#primary_phone:visible, #phone:visible, #phone_home:visible, input[name="phone"]:visible, input[name="phone_home"]:visible, input[name="primary_phone"]:visible, input[type="tel"]:visible').first()[22m
[2m    - locator resolved to <input type="tel" id="primary_phone" placeholder="Phone" name="primary_phone" aria-invalid="false" class="form-control valid"/>[22m
[2m  - attempting click action[22m
[2m    - waiting for element to be visible, enabled and stable[22m
[2m  - element was detached from the DOM, retrying[22m

[ppc-st2][DESKTOP][WEBKIT] [STDERR] ❌ Failed processing PPC-ST2: locator.click: Timeout 25000ms exceeded.
Call log:
[2m  - waiting for locator('#primary_phone:visible, #phone:visible, #phone_home:visible, input[name="phone"]:visible, input[name="phone_home"]:visible, input[name="primary_phone"]:visible, input[type="tel"]:visible').first()[22m
[2m    - locator resolved to <input type="tel" id="primary_phone" placeholder="Phone" name="primary_phone" aria-invalid="false" class="form-control valid"/>[22m
[2m  - attempting click action[22m
[2m    - waiting for element to be visible, enabled and stable[22m
[2m  - element was detached from the DOM, retrying[22m

[ppc-st2][DESKTOP][WEBKIT] 
✅ Execution successfully processed! {
  success: false,
  error: 'locator.click: Timeout 25000ms exceeded.\n' +
    'Call log:\n' +
    `\x1B[2m  - waiting for locator('#primary_phone:visible, #phone:visible, #phone_home:visible, input[name="phone"]:visible, input[name="phone_home"]:visible, input[name="primary_phone"]:visible, input[type="tel"]:visible').first()\x1B[22m\n` +
    '\x1B[2m    - locator resolved to <input type="tel" id="primary_phone" placeholder="Phone" name="primary_phone" aria-invalid="false" class="form-control valid"/>\x1B[22m\n' +
    '\x1B[2m  - attempting click action\x1B[22m\n' +
    '\x1B[2m    - waiting for element to be visible, enabled and stable\x1B[22m\n' +
    '\x1B[2m  - element was detached from the DOM, retrying\x1B[22m\n',
  brand: 'PPC-ST2'
}
[ppc-st2][DESKTOP][WEBKIT] 📋 Trace report successfully saved: traces/ppc-st2_desktop.zip
✅ [13/5/2026, 4:06:00 pm] COMPLETED: ppc-st2 [DESKTOP][WEBKIT]

================================================================
🚀 [13/5/2026, 4:06:02 pm] RUNNING: PPC-ST2 (TABLET) on WEBKIT
🔗 Target URL: https://flmtra.com/?a=659&oc=858&c=2210&s1=
================================================================
[ppc-st2][TABLET][WEBKIT] 🔌 [Browser Interceptor] Intercepting and optimizing engine: WEBKIT
[ppc-st2][TABLET][WEBKIT] ◇ injected env (0) from .env // tip: ⌁ auth for agents [www.vestauth.com]
[ppc-st2][TABLET][WEBKIT] ◇ injected env (0) from .env // tip: ⌘ enable debugging { debug: true }
[ppc-st2][TABLET][WEBKIT] ◇ injected env (0) from .env // tip: ◈ encrypted .env [www.dotenvx.com]
[ppc-st2][TABLET][WEBKIT] ◇ injected env (0) from .env // tip: ⌁ auth for agents [www.vestauth.com]
[ppc-st2][TABLET][WEBKIT] 
🤖 ================================================================
[ppc-st2][TABLET][WEBKIT] 🤖 MASTER RUNNER: LAUNCHING PPC-ST2
[ppc-st2][TABLET][WEBKIT] 🤖 Mode:            TABLET
🤖 Tracking URL:     https://flmtra.com/?a=659&oc=858&c=2210&s1=
[ppc-st2][TABLET][WEBKIT] 🤖 Target Sheet:    PPC-ST2
[ppc-st2][TABLET][WEBKIT] 🤖 ================================================================
[ppc-st2][TABLET][WEBKIT] 📋 Emulated Device Profile: TABLET (iPad Pro 11)
[ppc-st2][TABLET][WEBKIT] ⏳ Delaying 2 seconds to allow responsive layouts to mount...
[ppc-st2][TABLET][WEBKIT] 🔄 Processing lead for brand: PPC-ST2 Tablet
[ppc-st2][TABLET][WEBKIT] 🔗 [Mobile] Navigating to: https://flmtra.com/?a=659&oc=858&c=2210&s1=
[ppc-st2][TABLET][WEBKIT] ✅ [Mobile] Page loaded successfully
[ppc-st2][TABLET][WEBKIT] 💻 [Tablet] Injecting high-fidelity glossy iPad Pro mockup frame...
[ppc-st2][TABLET][WEBKIT] 💻 [Tablet] Injecting high-fidelity glossy iPad Pro mockup frame...
[ppc-st2][TABLET][WEBKIT] 📝 [Mobile] Starting mobile-specific form filling...
[ppc-st2][TABLET][WEBKIT] 🔘 [Mobile] Step 1: Selecting Debt Amount (20,000)
[ppc-st2][TABLET][WEBKIT] 🔘 [Mobile] Clicking active visible button: .next-btn1:visible, .btn-next:visible
[ppc-st2][TABLET][WEBKIT] ✅ [Mobile] Clicked: .next-btn1:visible, .btn-next:visible
[ppc-st2][TABLET][WEBKIT] 💻 [Tablet] Injecting high-fidelity glossy iPad Pro mockup frame...
[ppc-st2][TABLET][WEBKIT] ✅ [Mobile] Reached a recognized terminal step (State or Contact). Stopping dynamic traversal.
[ppc-st2][TABLET][WEBKIT] 🔘 [Mobile] Step 2: Selecting State
[ppc-st2][TABLET][WEBKIT] 📝 [Mobile] step3 column set to State: "Nebraska"
[ppc-st2][TABLET][WEBKIT] 🔘 [Mobile] Clicking active visible button: .next-btn:visible, .next-btn2:visible, .btn-next:visible
[ppc-st2][TABLET][WEBKIT] ✅ [Mobile] Clicked: .next-btn:visible, .next-btn2:visible, .btn-next:visible
[ppc-st2][TABLET][WEBKIT] 💻 [Tablet] Injecting high-fidelity glossy iPad Pro mockup frame...
[ppc-st2][TABLET][WEBKIT] 🔘 [Mobile] Step 3: Filling Contact Info (Dynamic Loop)...
[ppc-st2][TABLET][WEBKIT] 💻 [Tablet] Injecting high-fidelity glossy iPad Pro mockup frame...
[ppc-st2][TABLET][WEBKIT] ✅ [Mobile] Filled First Name: ckmtestpixel
[ppc-st2][TABLET][WEBKIT] ✅ [Mobile] Filled Last Name: ckmtestpixel
[ppc-st2][TABLET][WEBKIT] ✅ [Mobile] Filled Email: ckmtestpixel@gmail.com
[ppc-st2][TABLET][WEBKIT] ✅ [Mobile] Filled Phone: 402-919-7047
[ppc-st2][TABLET][WEBKIT] 🔘 [Mobile] Clicking active contact NEXT/SUBMIT button...
[ppc-st2][TABLET][WEBKIT] 💻 [Tablet] Injecting high-fidelity glossy iPad Pro mockup frame...
[ppc-st2][TABLET][WEBKIT] ✅ [Mobile] Filled Phone: 402-919-7047
[ppc-st2][TABLET][WEBKIT] 🔘 [Mobile] No active contact NEXT/SUBMIT button visible. Exiting loop.
🔘 [Mobile] Scanning for additional dynamic steps...
[ppc-st2][TABLET][WEBKIT] 🔘 [Mobile] Submitting form
[ppc-st2][TABLET][WEBKIT] ⏳ [Mobile] Waiting for submission navigation to complete
[ppc-st2][TABLET][WEBKIT] ⏳ [Mobile] Waiting for final Thank You page redirection...
[ppc-st2][TABLET][WEBKIT] ✅ [Mobile] Targeted final redirect URL achieved!
[ppc-st2][TABLET][WEBKIT] ✅ [Mobile] Final Thank You URL: https://tra.com/thank-you/nn?debt=10000&leadid=2AB00B2D&reqid=26774859&affid=659&oid=133
[ppc-st2][TABLET][WEBKIT] ✅ [Mobile] Extracted Lead ID: 2AB00B2D
📱 Device Type detected: T-WEBKIT
[ppc-st2][TABLET][WEBKIT] ✅ Lead captured: 2AB00B2D
[ppc-st2][TABLET][WEBKIT] 📡 Fetching First API data for Lead ID: 2AB00B2D...
[ppc-st2][TABLET][WEBKIT] 📡 Raw XML Response: {
  "lead_info_response": {
    "$": {
      "xmlns:xsd": "http://www.w3.org/2001/XMLSchema",
      "xmlns:xsi": "http://www.w3.org/2001/XMLSchema-instance",
      "xmlns": "http://cakemarketing.com/api/1/"
    },
    "success": "true",
    "row_count": "1",
    "lead_id": "2AB00B2D",
    "personal_info": {
      "first_name": "CKMTESTPIXEL",
      "last_name": "CKMTESTPIXEL",
      "email_address": "ckmtestpixel@gmail.com",
      "address": {
        "street": "",
        "city": "",
        "state": "NE",
        "zip_code": "69346",
        "country": ""
      },
      "ip_address": "42.104.216.74",
      "phone_work": "",
      "phone_home": "402-919-7047",
      "phone_cell": "",
      "best_call_time": "",
      "opt_in": "false"
    },
    "traffic_info": {
      "lead_date": "2026-05-13T03:36:47.77",
      "payout": {
        "currency_id": "1",
        "amount": "0.0000",
        "formatted_amount": "$0.00"
      },
      "affiliate": {
        "affiliate_id": {
          "_": "659",
          "$": {
            "xmlns": "API:id_name_store"
          }
        },
        "affiliate_name": {
          "_": "QA affiliate",
          "$": {
            "xmlns": "API:id_name_store"
          }
        }
      },
      "campaign": {
        "campaign_id": {
          "_": "4587",
          "$": {
            "xmlns": "API:id_name_store"
          }
        },
        "campaign_name": {
          "_": "TRA.com CPL - PPC ST 2 - CPA - $1.00",
          "$": {
            "xmlns": "API:id_name_store"
          }
        }
      },
      "creative_id": "2210",
      "subid_1": "",
      "subid_2": "",
      "subid_3": "",
      "subid_4": "",
      "subid_5": "",
      "referrer": "",
      "pixel_fired": "true",
      "returned_to_affiliate": "false",
      "test": "true",
      "upsell": "false"
    },
    "all_vertical_data": {
      "data": {
        "$": {
          "xmlns": ""
        },
        "tax_debt": "10000",
        "universal_leadid": "D97A0DC0-CAE5-F56E-B8D3-F4274927A244",
        "affid": "659",
        "TCPA_checkbox": "1",
        "reqid": "26774859",
        "page": "https://tra.com/ppc/st2",
        "neustar": "fail",
        "neustar_disposition": "N,U,A2,L,0",
        "first_name_lower": "ckmtestpixel",
        "last_name_lower": "ckmtestpixel",
        "opt_special_offers": "on",
        "ckm_campaign_id": "4587"
      }
    },
    "dispositions": {
      "disposition": {
        "disposition_type": "Sent to Review Queue",
        "reason": "neustar: This value is not valid",
        "filter": "Equals Value"
      }
    },
    "pings": "",
    "posts": "",
    "sales": ""
  }
}
[ppc-st2][TABLET][WEBKIT] ✅ First API Data retrieved on attempt 1
[ppc-st2][TABLET][WEBKIT] 📡 Fetching Second API data for Lead ID: 2AB00B2D...
[ppc-st2][TABLET][WEBKIT] 📡 Standard Second API Payload: cake_id=2AB00B2D, domain_name=https://www.taxreliefadvocates.com
[ppc-st2][TABLET][WEBKIT] [STDERR] (node:7612) Warning: Setting the NODE_TLS_REJECT_UNAUTHORIZED environment variable to '0' makes TLS connections and HTTPS requests insecure by disabling certificate verification.
(Use `node --trace-warnings ...` to show where the warning was created)
[ppc-st2][TABLET][WEBKIT] [STDERR] ❌ Second API Attempt 1 failed: Request failed with status code 404
[ppc-st2][TABLET][WEBKIT] ⏳ Retrying in 3 seconds to allow database synchronization...
[ppc-st2][TABLET][WEBKIT] 📡 Standard Second API Payload: cake_id=2AB00B2D, domain_name=https://www.taxreliefadvocates.com
[ppc-st2][TABLET][WEBKIT] [STDERR] ❌ Second API Attempt 2 failed: Request failed with status code 404
[ppc-st2][TABLET][WEBKIT] ⏳ Retrying in 3 seconds to allow database synchronization...
[ppc-st2][TABLET][WEBKIT] 📡 Standard Second API Payload: cake_id=2AB00B2D, domain_name=https://www.taxreliefadvocates.com
[ppc-st2][TABLET][WEBKIT] [STDERR] ❌ Second API Attempt 3 failed: Request failed with status code 404
[ppc-st2][TABLET][WEBKIT] ⏳ Retrying in 3 seconds to allow database synchronization...
[ppc-st2][TABLET][WEBKIT] 📡 Standard Second API Payload: cake_id=2AB00B2D, domain_name=https://www.taxreliefadvocates.com
[ppc-st2][TABLET][WEBKIT] [STDERR] ❌ Second API Attempt 4 failed: Request failed with status code 404
[ppc-st2][TABLET][WEBKIT] ⏳ Retrying in 3 seconds to allow database synchronization...
[ppc-st2][TABLET][WEBKIT] 📡 Standard Second API Payload: cake_id=2AB00B2D, domain_name=https://www.taxreliefadvocates.com
[ppc-st2][TABLET][WEBKIT] [STDERR] ❌ Second API Attempt 5 failed: Request failed with status code 404
[ppc-st2][TABLET][WEBKIT] ✅ Row appended successfully to sheet: PPC-ST2
[ppc-st2][TABLET][WEBKIT] ✨ Professional formatting applied to PPC-ST2
✅ Lead processed successfully for PPC-ST2 Tablet
[ppc-st2][TABLET][WEBKIT] 🎥 Video saved successfully: traces/videos/PPC-ST2_PPC-ST2_Tablet.webm
[ppc-st2][TABLET][WEBKIT] 
✅ Execution successfully processed! { success: true, leadId: '2AB00B2D', brand: 'PPC-ST2 Tablet' }
[ppc-st2][TABLET][WEBKIT] [STDERR] ❌ Automation Run encountered a fatal exception: tracing.stop: Target page, context or browser has been closed
✅ [13/5/2026, 4:07:45 pm] COMPLETED: ppc-st2 [TABLET][WEBKIT]

================================================================
🚀 [13/5/2026, 4:07:47 pm] RUNNING: PPC-ST2 (MOBILE) on WEBKIT
🔗 Target URL: https://flmtra.com/?a=659&oc=858&c=2210&s1=
================================================================
[ppc-st2][MOBILE][WEBKIT] 🔌 [Browser Interceptor] Intercepting and optimizing engine: WEBKIT
[ppc-st2][MOBILE][WEBKIT] ◇ injected env (0) from .env // tip: ◈ encrypted .env [www.dotenvx.com]
[ppc-st2][MOBILE][WEBKIT] ◇ injected env (0) from .env // tip: ⌘ suppress logs { quiet: true }
[ppc-st2][MOBILE][WEBKIT] ◇ injected env (0) from .env // tip: ⌁ auth for agents [www.vestauth.com]
[ppc-st2][MOBILE][WEBKIT] ◇ injected env (0) from .env // tip: ⌘ override existing { override: true }
[ppc-st2][MOBILE][WEBKIT] 
🤖 ================================================================
[ppc-st2][MOBILE][WEBKIT] 🤖 MASTER RUNNER: LAUNCHING PPC-ST2
🤖 Mode:            MOBILE
🤖 Tracking URL:     https://flmtra.com/?a=659&oc=858&c=2210&s1=
🤖 Target Sheet:    PPC-ST2
[ppc-st2][MOBILE][WEBKIT] 🤖 ================================================================
[ppc-st2][MOBILE][WEBKIT] 📱 Emulated Device Profile: MOBILE (iPhone 17 Pro)
[ppc-st2][MOBILE][WEBKIT] ⏳ Delaying 2 seconds to allow responsive layouts to mount...
[ppc-st2][MOBILE][WEBKIT] 🔄 Processing lead for brand: PPC-ST2 Mobile
[ppc-st2][MOBILE][WEBKIT] 🔗 [Mobile] Navigating to: https://flmtra.com/?a=659&oc=858&c=2210&s1=
[ppc-st2][MOBILE][WEBKIT] ✅ [Mobile] Page loaded successfully
[ppc-st2][MOBILE][WEBKIT] 📱 [Mobile] Injecting high-fidelity glossy Natural Titanium iPhone 17 Pro mockup frame...
[ppc-st2][MOBILE][WEBKIT] 📱 [Mobile] Injecting high-fidelity glossy Natural Titanium iPhone 17 Pro mockup frame...
[ppc-st2][MOBILE][WEBKIT] 📝 [Mobile] Starting mobile-specific form filling...
[ppc-st2][MOBILE][WEBKIT] 🔘 [Mobile] Step 1: Selecting Debt Amount (20,000)
[ppc-st2][MOBILE][WEBKIT] 🔘 [Mobile] Clicking active visible button: .next-btn1:visible, .btn-next:visible
[ppc-st2][MOBILE][WEBKIT] ✅ [Mobile] Clicked: .next-btn1:visible, .btn-next:visible
[ppc-st2][MOBILE][WEBKIT] 📱 [Mobile] Injecting high-fidelity glossy Natural Titanium iPhone 17 Pro mockup frame...
[ppc-st2][MOBILE][WEBKIT] ✅ [Mobile] Reached a recognized terminal step (State or Contact). Stopping dynamic traversal.
[ppc-st2][MOBILE][WEBKIT] 🔘 [Mobile] Step 2: Selecting State
[ppc-st2][MOBILE][WEBKIT] 📝 [Mobile] step3 column set to State: "Nebraska"
[ppc-st2][MOBILE][WEBKIT] 🔘 [Mobile] Clicking active visible button: .next-btn:visible, .next-btn2:visible, .btn-next:visible
[ppc-st2][MOBILE][WEBKIT] ✅ [Mobile] Clicked: .next-btn:visible, .next-btn2:visible, .btn-next:visible
[ppc-st2][MOBILE][WEBKIT] 📱 [Mobile] Injecting high-fidelity glossy Natural Titanium iPhone 17 Pro mockup frame...
[ppc-st2][MOBILE][WEBKIT] 🔘 [Mobile] Step 3: Filling Contact Info (Dynamic Loop)...
[ppc-st2][MOBILE][WEBKIT] 📱 [Mobile] Injecting high-fidelity glossy Natural Titanium iPhone 17 Pro mockup frame...
[ppc-st2][MOBILE][WEBKIT] ✅ [Mobile] Filled First Name: ckmtestpixel
[ppc-st2][MOBILE][WEBKIT] ✅ [Mobile] Filled Last Name: ckmtestpixel
[ppc-st2][MOBILE][WEBKIT] ✅ [Mobile] Filled Email: ckmtestpixel@gmail.com
[ppc-st2][MOBILE][WEBKIT] ✅ [Mobile] Filled Phone: 402-919-7047
[ppc-st2][MOBILE][WEBKIT] 🔘 [Mobile] Clicking active contact NEXT/SUBMIT button...
[ppc-st2][MOBILE][WEBKIT] 📱 [Mobile] Injecting high-fidelity glossy Natural Titanium iPhone 17 Pro mockup frame...
[ppc-st2][MOBILE][WEBKIT] ✅ [Mobile] Filled Phone: 402-919-7047
[ppc-st2][MOBILE][WEBKIT] 🔘 [Mobile] Clicking active contact NEXT/SUBMIT button...
[ppc-st2][MOBILE][WEBKIT] 📱 [Mobile] Injecting high-fidelity glossy Natural Titanium iPhone 17 Pro mockup frame...
[ppc-st2][MOBILE][WEBKIT] ✅ [Mobile] Filled Phone: 402-919-7047
[ppc-st2][MOBILE][WEBKIT] 🔘 [Mobile] Clicking active contact NEXT/SUBMIT button...
[ppc-st2][MOBILE][WEBKIT] 📱 [Mobile] Injecting high-fidelity glossy Natural Titanium iPhone 17 Pro mockup frame...
[ppc-st2][MOBILE][WEBKIT] ✅ [Mobile] Filled Phone: 402-919-7047
[ppc-st2][MOBILE][WEBKIT] 🔘 [Mobile] Clicking active contact NEXT/SUBMIT button...
[ppc-st2][MOBILE][WEBKIT] 📱 [Mobile] Injecting high-fidelity glossy Natural Titanium iPhone 17 Pro mockup frame...
[ppc-st2][MOBILE][WEBKIT] ✅ [Mobile] Filled Phone: 402-919-7047
[ppc-st2][MOBILE][WEBKIT] 🔘 [Mobile] Clicking active contact NEXT/SUBMIT button...
[ppc-st2][MOBILE][WEBKIT] 📱 [Mobile] Injecting high-fidelity glossy Natural Titanium iPhone 17 Pro mockup frame...
[ppc-st2][MOBILE][WEBKIT] 🔘 [Mobile] No active contact NEXT/SUBMIT button visible. Exiting loop.
🔘 [Mobile] Scanning for additional dynamic steps...
[ppc-st2][MOBILE][WEBKIT] 🔘 [Mobile] Submitting form
[ppc-st2][MOBILE][WEBKIT] ⏳ [Mobile] Waiting for submission navigation to complete
[ppc-st2][MOBILE][WEBKIT] ⏳ [Mobile] Waiting for final Thank You page redirection...
[ppc-st2][MOBILE][WEBKIT] ✅ [Mobile] Targeted final redirect URL achieved!
[ppc-st2][MOBILE][WEBKIT] ✅ [Mobile] Final Thank You URL: https://tra.com/thank-you/nn?debt=10000&leadid=3AA11478&reqid=26774863&affid=659&oid=133
[ppc-st2][MOBILE][WEBKIT] ✅ [Mobile] Extracted Lead ID: 3AA11478
📱 Device Type detected: M-WEBKIT
✅ Lead captured: 3AA11478
[ppc-st2][MOBILE][WEBKIT] 📡 Fetching First API data for Lead ID: 3AA11478...
[ppc-st2][MOBILE][WEBKIT] 📡 Raw XML Response: {
  "lead_info_response": {
    "$": {
      "xmlns:xsd": "http://www.w3.org/2001/XMLSchema",
      "xmlns:xsi": "http://www.w3.org/2001/XMLSchema-instance",
      "xmlns": "http://cakemarketing.com/api/1/"
    },
    "success": "true",
    "row_count": "1",
    "lead_id": "3AA11478",
    "personal_info": {
      "first_name": "CKMTESTPIXEL",
      "last_name": "CKMTESTPIXEL",
      "email_address": "ckmtestpixel@gmail.com",
      "address": {
        "street": "",
        "city": "",
        "state": "NE",
        "zip_code": "68405",
        "country": ""
      },
      "ip_address": "42.104.216.74",
      "phone_work": "",
      "phone_home": "402-919-7047",
      "phone_cell": "",
      "best_call_time": "",
      "opt_in": "false"
    },
    "traffic_info": {
      "lead_date": "2026-05-13T03:38:43.663",
      "payout": {
        "currency_id": "1",
        "amount": "0.0000",
        "formatted_amount": "$0.00"
      },
      "affiliate": {
        "affiliate_id": {
          "_": "659",
          "$": {
            "xmlns": "API:id_name_store"
          }
        },
        "affiliate_name": {
          "_": "QA affiliate",
          "$": {
            "xmlns": "API:id_name_store"
          }
        }
      },
      "campaign": {
        "campaign_id": {
          "_": "4587",
          "$": {
            "xmlns": "API:id_name_store"
          }
        },
        "campaign_name": {
          "_": "TRA.com CPL - PPC ST 2 - CPA - $1.00",
          "$": {
            "xmlns": "API:id_name_store"
          }
        }
      },
      "creative_id": "2210",
      "subid_1": "",
      "subid_2": "",
      "subid_3": "",
      "subid_4": "",
      "subid_5": "",
      "referrer": "",
      "pixel_fired": "true",
      "returned_to_affiliate": "false",
      "test": "true",
      "upsell": "false"
    },
    "all_vertical_data": {
      "data": {
        "$": {
          "xmlns": ""
        },
        "tax_debt": "10000",
        "universal_leadid": "98E8090B-69DA-2772-6B41-5C034F86B4E9",
        "affid": "659",
        "TCPA_checkbox": "1",
        "reqid": "26774863",
        "page": "https://tra.com/ppc/st2",
        "neustar": "fail",
        "neustar_disposition": "N,U,A2,L,0",
        "first_name_lower": "ckmtestpixel",
        "last_name_lower": "ckmtestpixel",
        "opt_special_offers": "on",
        "ckm_campaign_id": "4587"
      }
    },
    "dispositions": {
      "disposition": {
        "disposition_type": "Sent to Review Queue",
        "reason": "neustar: This value is not valid",
        "filter": "Equals Value"
      }
    },
    "pings": "",
    "posts": "",
    "sales": ""
  }
}
✅ First API Data retrieved on attempt 1
[ppc-st2][MOBILE][WEBKIT] 📡 Fetching Second API data for Lead ID: 3AA11478...
[ppc-st2][MOBILE][WEBKIT] 📡 Standard Second API Payload: cake_id=3AA11478, domain_name=https://www.taxreliefadvocates.com
[ppc-st2][MOBILE][WEBKIT] [STDERR] (node:23812) Warning: Setting the NODE_TLS_REJECT_UNAUTHORIZED environment variable to '0' makes TLS connections and HTTPS requests insecure by disabling certificate verification.
(Use `node --trace-warnings ...` to show where the warning was created)
[ppc-st2][MOBILE][WEBKIT] [STDERR] ❌ Second API Attempt 1 failed: Request failed with status code 404
[ppc-st2][MOBILE][WEBKIT] ⏳ Retrying in 3 seconds to allow database synchronization...
[ppc-st2][MOBILE][WEBKIT] 📡 Standard Second API Payload: cake_id=3AA11478, domain_name=https://www.taxreliefadvocates.com
[ppc-st2][MOBILE][WEBKIT] [STDERR] ❌ Second API Attempt 2 failed: Request failed with status code 404
[ppc-st2][MOBILE][WEBKIT] ⏳ Retrying in 3 seconds to allow database synchronization...
[ppc-st2][MOBILE][WEBKIT] 📡 Standard Second API Payload: cake_id=3AA11478, domain_name=https://www.taxreliefadvocates.com
[ppc-st2][MOBILE][WEBKIT] [STDERR] ❌ Second API Attempt 3 failed: Request failed with status code 404
[ppc-st2][MOBILE][WEBKIT] ⏳ Retrying in 3 seconds to allow database synchronization...
[ppc-st2][MOBILE][WEBKIT] 📡 Standard Second API Payload: cake_id=3AA11478, domain_name=https://www.taxreliefadvocates.com
[ppc-st2][MOBILE][WEBKIT] [STDERR] ❌ Second API Attempt 4 failed: Request failed with status code 404
[ppc-st2][MOBILE][WEBKIT] ⏳ Retrying in 3 seconds to allow database synchronization...
[ppc-st2][MOBILE][WEBKIT] 📡 Standard Second API Payload: cake_id=3AA11478, domain_name=https://www.taxreliefadvocates.com
[ppc-st2][MOBILE][WEBKIT] [STDERR] ❌ Second API Attempt 5 failed: Request failed with status code 404
[ppc-st2][MOBILE][WEBKIT] ✅ Row appended successfully to sheet: PPC-ST2
[ppc-st2][MOBILE][WEBKIT] ✨ Professional formatting applied to PPC-ST2
✅ Lead processed successfully for PPC-ST2 Mobile
[ppc-st2][MOBILE][WEBKIT] 🎥 Video saved successfully: traces/videos/PPC-ST2_PPC-ST2_Mobile.webm
[ppc-st2][MOBILE][WEBKIT] 
✅ Execution successfully processed! { success: true, leadId: '3AA11478', brand: 'PPC-ST2 Mobile' }
[ppc-st2][MOBILE][WEBKIT] [STDERR] ❌ Automation Run encountered a fatal exception: tracing.stop: Target page, context or browser has been closed
✅ [13/5/2026, 4:09:35 pm] COMPLETED: ppc-st2 [MOBILE][WEBKIT]

================================================================
🚀 [13/5/2026, 4:09:37 pm] RUNNING: PPC-ST2 (API) on WEBKIT
🔗 Target URL: https://flmtra.com/?a=659&oc=858&c=2210&s1=
================================================================
[ppc-st2][API][WEBKIT] 🔌 [Browser Interceptor] Intercepting and optimizing engine: WEBKIT
[ppc-st2][API][WEBKIT] ◇ injected env (0) from .env // tip: ⌘ custom filepath { path: '/custom/path/.env' }
[ppc-st2][API][WEBKIT] ◇ injected env (0) from .env // tip: ⌘ multiple files { path: ['.env.local', '.env'] }
[ppc-st2][API][WEBKIT] ◇ injected env (0) from .env // tip: ⌁ auth for agents [www.vestauth.com]
[ppc-st2][API][WEBKIT] ◇ injected env (0) from .env // tip: ⌘ multiple files { path: ['.env.local', '.env'] }
[ppc-st2][API][WEBKIT] 
🤖 ================================================================
🤖 MASTER RUNNER: LAUNCHING PPC-ST2
🤖 Mode:            API
[ppc-st2][API][WEBKIT] 🤖 Tracking URL:     https://flmtra.com/?a=659&oc=858&c=2210&s1=
🤖 Target Sheet:    PPC-ST2
[ppc-st2][API][WEBKIT] 🤖 ================================================================
[ppc-st2][API][WEBKIT] 🔌 [Browser Interceptor] Intercepting and optimizing engine: WEBKIT
📡 Initializing direct HTTP automation context (NO BROWSER)...
[ppc-st2][API][WEBKIT] 📡 Dispatching direct API POST request payload...
[ppc-st2][API][WEBKIT] [STDERR] 
❌ Direct API Automation Failed: processLeadApi is not a function
❌ [13/5/2026, 4:09:39 pm] FAILED: ppc-st2 [API][WEBKIT]
Error: Command failed: node -r "./utils/browser-intercept.js" run-master.js --campaign "ppc-st2" --viewport "api"

❌ Direct API Automation Failed: processLeadApi is not a function


================================================================
⚡ Running Campaign Viewports on Browser Engine: CHROMIUM - [PPC-M-CA]
================================================================

================================================================
🚀 [13/5/2026, 4:09:46 pm] RUNNING: PPC-M-CA (DESKTOP) on CHROMIUM
🔗 Target URL: https://flmtra.com/?a=659&oc=822&c=2210&s1=
================================================================
[ppc-m-ca][DESKTOP][CHROMIUM] 🔌 [Browser Interceptor] Intercepting and optimizing engine: CHROMIUM
[ppc-m-ca][DESKTOP][CHROMIUM] ◇ injected env (0) from .env // tip: ◈ secrets for agents [www.dotenvx.com]
[ppc-m-ca][DESKTOP][CHROMIUM] ◇ injected env (0) from .env // tip: ⌘ enable debugging { debug: true }
[ppc-m-ca][DESKTOP][CHROMIUM] ◇ injected env (0) from .env // tip: ⌘ suppress logs { quiet: true }
[ppc-m-ca][DESKTOP][CHROMIUM] ◇ injected env (0) from .env // tip: ⌘ suppress logs { quiet: true }
[ppc-m-ca][DESKTOP][CHROMIUM] 
🤖 ================================================================
🤖 MASTER RUNNER: LAUNCHING PPC-M-CA
[ppc-m-ca][DESKTOP][CHROMIUM] 🤖 Mode:            DESKTOP
🤖 Tracking URL:     https://flmtra.com/?a=659&oc=822&c=2210&s1=
[ppc-m-ca][DESKTOP][CHROMIUM] 🤖 Target Sheet:    PPC/M/CA
[ppc-m-ca][DESKTOP][CHROMIUM] 🤖 ================================================================
[ppc-m-ca][DESKTOP][CHROMIUM] 💻 Emulated Device Profile: DESKTOP
[ppc-m-ca][DESKTOP][CHROMIUM] 🔄 Processing lead for brand: PPC-M-CA
[ppc-m-ca][DESKTOP][CHROMIUM] 🔗 Navigating to: https://flmtra.com/?a=659&oc=822&c=2210&s1=
[ppc-m-ca][DESKTOP][CHROMIUM] ✅ Page loaded successfully
[ppc-m-ca][DESKTOP][CHROMIUM] 📝 Starting multi-step form filling process...
[ppc-m-ca][DESKTOP][CHROMIUM] 🔘 Step 1: Handling Debt Amount (50,000)
[ppc-m-ca][DESKTOP][CHROMIUM] ✅ Selected debt amount via selector: span:has-text("$50k")
[ppc-m-ca][DESKTOP][CHROMIUM] 🔘 Attempting to click .next-btn1, .btn-next
[ppc-m-ca][DESKTOP][CHROMIUM] ✅ Clicked .next-btn1, .btn-next
[ppc-m-ca][DESKTOP][CHROMIUM] ✅ Reached a recognized terminal step (State or Contact). Stopping dynamic traversal.
[ppc-m-ca][DESKTOP][CHROMIUM] 🔘 Step: Selecting State
[ppc-m-ca][DESKTOP][CHROMIUM] 📝 step3 column set to State: "TX"
[ppc-m-ca][DESKTOP][CHROMIUM] 🔘 Clicking generic NEXT button
[ppc-m-ca][DESKTOP][CHROMIUM] ✅ Clicked generic NEXT button
[ppc-m-ca][DESKTOP][CHROMIUM] 🔘 Filling Contact Info (Dynamic Loop)...
[ppc-m-ca][DESKTOP][CHROMIUM] ✅ Filled First Name: ckmtestpixel
[ppc-m-ca][DESKTOP][CHROMIUM] ✅ Filled Last Name: ckmtestpixel
[ppc-m-ca][DESKTOP][CHROMIUM] ✅ Filled Email: ckmtestpixel@gmail.com
[ppc-m-ca][DESKTOP][CHROMIUM] ✅ Filled Phone: 405-507-5965
[ppc-m-ca][DESKTOP][CHROMIUM] 🔘 Clicking active contact NEXT/SUBMIT button...
[ppc-m-ca][DESKTOP][CHROMIUM] [STDERR] ❌ Error during form filling: locator.click: Timeout 25000ms exceeded.
Call log:
[2m  - waiting for locator('#primary_phone:visible, #phone:visible, #phone_home:visible, input[name="phone"]:visible, input[name="phone_home"]:visible, input[name="primary_phone"]:visible, input[type="tel"]:visible').first()[22m
[2m    - locator resolved to <input type="tel" tabindex="0" id="primary_phone" placeholder="Phone" name="primary_phone" aria-invalid="false" class="form-control valid" data-gtm-form-interact-field-id="4"/>[22m
[2m  - attempting click action[22m
[2m    2 × waiting for element to be visible, enabled and stable[22m
[2m      - element is visible, enabled and stable[22m
[2m      - scrolling into view if needed[22m
[2m      - done scrolling[22m
[2m      - <div class="loader">Loading…</div> intercepts pointer events[22m
[2m    - retrying click action[22m
[2m    - waiting 20ms[22m
[2m    - waiting for element to be visible, enabled and stable[22m
[2m    - element is visible, enabled and stable[22m
[2m    - scrolling into view if needed[22m
[2m    - done scrolling[22m
[2m    - <div class="loader">Loading…</div> intercepts pointer events[22m
[2m  2 × retrying click action[22m
[2m      - waiting 100ms[22m
[2m      - waiting for element to be visible, enabled and stable[22m
[2m      - element is visible, enabled and stable[22m
[2m      - scrolling into view if needed[22m
[2m      - done scrolling[22m
[2m      - <div class="header-wrapper">…</div> from <header class="main-header">…</header> subtree intercepts pointer events[22m
[2m  - retrying click action[22m
[2m    - waiting 500ms[22m
[2m    - waiting for element to be visible, enabled and stable[22m
[2m    - element is visible, enabled and stable[22m
[2m    - scrolling into view if needed[22m
[2m    - done scrolling[22m
[2m    - <div class="loader">Loading…</div> intercepts pointer events[22m
[2m  - retrying click action[22m
[2m    - waiting 500ms[22m
[2m    - waiting for" https://tra.com/thank-you?debt=10000&leadid=D9729A57&reqid=26774868&affid=659&oid=133&page=tra_ppcm_ca" navigation to finish...[22m
[2m    - navigated to "https://tra.com/thank-you?debt=10000&leadid=D9729A57&reqid=26774868&affid=659&oid=133&page=tra_ppcm_ca"[22m
[2m    - waiting for element to be visible, enabled and stable[22m
[2m  - element was detached from the DOM, retrying[22m

[ppc-m-ca][DESKTOP][CHROMIUM] [STDERR] ❌ Failed processing PPC-M-CA: locator.click: Timeout 25000ms exceeded.
Call log:
[2m  - waiting for locator('#primary_phone:visible, #phone:visible, #phone_home:visible, input[name="phone"]:visible, input[name="phone_home"]:visible, input[name="primary_phone"]:visible, input[type="tel"]:visible').first()[22m
[2m    - locator resolved to <input type="tel" tabindex="0" id="primary_phone" placeholder="Phone" name="primary_phone" aria-invalid="false" class="form-control valid" data-gtm-form-interact-field-id="4"/>[22m
[2m  - attempting click action[22m
[2m    2 × waiting for element to be visible, enabled and stable[22m
[2m      - element is visible, enabled and stable[22m
[2m      - scrolling into view if needed[22m
[2m      - done scrolling[22m
[2m      - <div class="loader">Loading…</div> intercepts pointer events[22m
[2m    - retrying click action[22m
[2m    - waiting 20ms[22m
[2m    - waiting for element to be visible, enabled and stable[22m
[2m    - element is visible, enabled and stable[22m
[2m    - scrolling into view if needed[22m
[2m    - done scrolling[22m
[2m    - <div class="loader">Loading…</div> intercepts pointer events[22m
[2m  2 × retrying click action[22m
[2m      - waiting 100ms[22m
[2m      - waiting for element to be visible, enabled and stable[22m
[2m      - element is visible, enabled and stable[22m
[2m      - scrolling into view if needed[22m
[2m      - done scrolling[22m
[2m      - <div class="header-wrapper">…</div> from <header class="main-header">…</header> subtree intercepts pointer events[22m
[2m  - retrying click action[22m
[2m    - waiting 500ms[22m
[2m    - waiting for element to be visible, enabled and stable[22m
[2m    - element is visible, enabled and stable[22m
[2m    - scrolling into view if needed[22m
[2m    - done scrolling[22m
[2m    - <div class="loader">Loading…</div> intercepts pointer events[22m
[2m  - retrying click action[22m
[2m    - waiting 500ms[22m
[2m    - waiting for" https://tra.com/thank-you?debt=10000&leadid=D9729A57&reqid=26774868&affid=659&oid=133&page=tra_ppcm_ca" navigation to finish...[22m
[2m    - navigated to "https://tra.com/thank-you?debt=10000&leadid=D9729A57&reqid=26774868&affid=659&oid=133&page=tra_ppcm_ca"[22m
[2m    - waiting for element to be visible, enabled and stable[22m
[2m  - element was detached from the DOM, retrying[22m

[ppc-m-ca][DESKTOP][CHROMIUM] 
✅ Execution successfully processed! {
  success: false,
  error: 'locator.click: Timeout 25000ms exceeded.\n' +
    'Call log:\n' +
    `\x1B[2m  - waiting for locator('#primary_phone:visible, #phone:visible, #phone_home:visible, input[name="phone"]:visible, input[name="phone_home"]:visible, input[name="primary_phone"]:visible, input[type="tel"]:visible').first()\x1B[22m\n` +
    '\x1B[2m    - locator resolved to <input type="tel" tabindex="0" id="primary_phone" placeholder="Phone" name="primary_phone" aria-invalid="false" class="form-control valid" data-gtm-form-interact-field-id="4"/>\x1B[22m\n' +
    '\x1B[2m  - attempting click action\x1B[22m\n' +
    '\x1B[2m    2 × waiting for element to be visible, enabled and stable\x1B[22m\n' +
    '\x1B[2m      - element is visible, enabled and stable\x1B[22m\n' +
    '\x1B[2m      - scrolling into view if needed\x1B[22m\n' +
    '\x1B[2m      - done scrolling\x1B[22m\n' +
    '\x1B[2m      - <div class="loader">Loading…</div> intercepts pointer events\x1B[22m\n' +
    '\x1B[2m    - retrying click action\x1B[22m\n' +
    '\x1B[2m    - waiting 20ms\x1B[22m\n' +
    '\x1B[2m    - waiting for element to be visible, enabled and stable\x1B[22m\n' +
    '\x1B[2m    - element is visible, enabled and stable\x1B[22m\n' +
    '\x1B[2m    - scrolling into view if needed\x1B[22m\n' +
    '\x1B[2m    - done scrolling\x1B[22m\n' +
    '\x1B[2m    - <div class="loader">Loading…</div> intercepts pointer events\x1B[22m\n' +
    '\x1B[2m  2 × retrying click action\x1B[22m\n' +
    '\x1B[2m      - waiting 100ms\x1B[22m\n' +
    '\x1B[2m      - waiting for element to be visible, enabled and stable\x1B[22m\n' +
    '\x1B[2m      - element is visible, enabled and stable\x1B[22m\n' +
    '\x1B[2m      - scrolling into view if needed\x1B[22m\n' +
    '\x1B[2m      - done scrolling\x1B[22m\n' +
    '\x1B[2m      - <div class="header-wrapper">…</div> from <header class="main-header">…</header> subtree intercepts pointer events\x1B[22m\n' +
    '\x1B[2m  - retrying click action\x1B[22m\n' +
    '\x1B[2m    - waiting 500ms\x1B[22m\n' +
    '\x1B[2m    - waiting for element to be visible, enabled and stable\x1B[22m\n' +
    '\x1B[2m    - element is visible, enabled and stable\x1B[22m\n' +
    '\x1B[2m    - scrolling into view if needed\x1B[22m\n' +
    '\x1B[2m    - done scrolling\x1B[22m\n' +
    '\x1B[2m    - <div class="loader">Loading…</div> intercepts pointer events\x1B[22m\n' +
    '\x1B[2m  - retrying click action\x1B[22m\n' +
    '\x1B[2m    - waiting 500ms\x1B[22m\n' +
    '\x1B[2m    - waiting for" https://tra.com/thank-you?debt=10000&leadid=D9729A57&reqid=26774868&affid=659&oid=133&page=tra_ppcm_ca" navigation to finish...\x1B[22m\n' +
    '\x1B[2m    - navigated to "https://tra.com/thank-you?debt=10000&leadid=D9729A57&reqid=26774868&affid=659&oid=133&page=tra_ppcm_ca"\x1B[22m\n' +
    '\x1B[2m    - waiting for element to be visible, enabled and stable\x1B[22m\n' +
    '\x1B[2m  - element was detached from the DOM, retrying\x1B[22m\n',
  brand: 'PPC-M-CA'
}
[ppc-m-ca][DESKTOP][CHROMIUM] 📋 Trace report successfully saved: traces/ppc-m-ca_desktop.zip
✅ [13/5/2026, 4:10:56 pm] COMPLETED: ppc-m-ca [DESKTOP][CHROMIUM]

================================================================
🚀 [13/5/2026, 4:10:58 pm] RUNNING: PPC-M-CA (TABLET) on CHROMIUM
🔗 Target URL: https://flmtra.com/?a=659&oc=822&c=2210&s1=
================================================================
[ppc-m-ca][TABLET][CHROMIUM] 🔌 [Browser Interceptor] Intercepting and optimizing engine: CHROMIUM
[ppc-m-ca][TABLET][CHROMIUM] ◇ injected env (0) from .env // tip: ◈ secrets for agents [www.dotenvx.com]
[ppc-m-ca][TABLET][CHROMIUM] ◇ injected env (0) from .env // tip: ◈ encrypted .env [www.dotenvx.com]
[ppc-m-ca][TABLET][CHROMIUM] ◇ injected env (0) from .env // tip: ⌁ auth for agents [www.vestauth.com]
[ppc-m-ca][TABLET][CHROMIUM] ◇ injected env (0) from .env // tip: ◈ secrets for agents [www.dotenvx.com]
[ppc-m-ca][TABLET][CHROMIUM] 
🤖 ================================================================
[ppc-m-ca][TABLET][CHROMIUM] 🤖 MASTER RUNNER: LAUNCHING PPC-M-CA
🤖 Mode:            TABLET
🤖 Tracking URL:     https://flmtra.com/?a=659&oc=822&c=2210&s1=
[ppc-m-ca][TABLET][CHROMIUM] 🤖 Target Sheet:    PPC/M/CA
[ppc-m-ca][TABLET][CHROMIUM] 🤖 ================================================================
[ppc-m-ca][TABLET][CHROMIUM] 📋 Emulated Device Profile: TABLET (iPad Pro 11)
[ppc-m-ca][TABLET][CHROMIUM] ⏳ Delaying 2 seconds to allow responsive layouts to mount...
[ppc-m-ca][TABLET][CHROMIUM] 🔄 Processing lead for brand: PPC-M-CA Tablet
[ppc-m-ca][TABLET][CHROMIUM] 🔗 [Mobile] Navigating to: https://flmtra.com/?a=659&oc=822&c=2210&s1=
[ppc-m-ca][TABLET][CHROMIUM] ✅ [Mobile] Page loaded successfully
[ppc-m-ca][TABLET][CHROMIUM] 💻 [Tablet] Injecting high-fidelity glossy iPad Pro mockup frame...
[ppc-m-ca][TABLET][CHROMIUM] 💻 [Tablet] Injecting high-fidelity glossy iPad Pro mockup frame...
[ppc-m-ca][TABLET][CHROMIUM] 📝 [Mobile] Starting mobile-specific form filling...
[ppc-m-ca][TABLET][CHROMIUM] 🔘 [Mobile] Step 1: Selecting Debt Amount (50,000)
[ppc-m-ca][TABLET][CHROMIUM] ✅ [Mobile] Selected debt amount: span:has-text("$50k")
[ppc-m-ca][TABLET][CHROMIUM] 🔘 [Mobile] Clicking active visible button: .next-btn1:visible, .btn-next:visible
[ppc-m-ca][TABLET][CHROMIUM] ✅ [Mobile] Clicked: .next-btn1:visible, .btn-next:visible
[ppc-m-ca][TABLET][CHROMIUM] 💻 [Tablet] Injecting high-fidelity glossy iPad Pro mockup frame...
[ppc-m-ca][TABLET][CHROMIUM] ✅ [Mobile] Reached a recognized terminal step (State or Contact). Stopping dynamic traversal.
[ppc-m-ca][TABLET][CHROMIUM] 🔘 [Mobile] Step 2: Selecting State
[ppc-m-ca][TABLET][CHROMIUM] 📝 [Mobile] step3 column set to State: "TX"
[ppc-m-ca][TABLET][CHROMIUM] 🔘 [Mobile] Clicking active visible button: .next-btn:visible, .next-btn2:visible, .btn-next:visible
[ppc-m-ca][TABLET][CHROMIUM] ✅ [Mobile] Clicked: .next-btn:visible, .next-btn2:visible, .btn-next:visible
[ppc-m-ca][TABLET][CHROMIUM] 💻 [Tablet] Injecting high-fidelity glossy iPad Pro mockup frame...
[ppc-m-ca][TABLET][CHROMIUM] 🔘 [Mobile] Step 3: Filling Contact Info (Dynamic Loop)...
[ppc-m-ca][TABLET][CHROMIUM] 💻 [Tablet] Injecting high-fidelity glossy iPad Pro mockup frame...
[ppc-m-ca][TABLET][CHROMIUM] ✅ [Mobile] Filled First Name: ckmtestpixel
[ppc-m-ca][TABLET][CHROMIUM] ✅ [Mobile] Filled Last Name: ckmtestpixel
[ppc-m-ca][TABLET][CHROMIUM] ✅ [Mobile] Filled Email: ckmtestpixel@gmail.com
[ppc-m-ca][TABLET][CHROMIUM] ✅ [Mobile] Filled Phone: 405-507-5965
[ppc-m-ca][TABLET][CHROMIUM] 🔘 [Mobile] Clicking active contact NEXT/SUBMIT button...
[ppc-m-ca][TABLET][CHROMIUM] 💻 [Tablet] Injecting high-fidelity glossy iPad Pro mockup frame...
[ppc-m-ca][TABLET][CHROMIUM] 🔘 [Mobile] No active contact NEXT/SUBMIT button visible. Exiting loop.
[ppc-m-ca][TABLET][CHROMIUM] 🔘 [Mobile] Scanning for additional dynamic steps...
[ppc-m-ca][TABLET][CHROMIUM] 🔘 [Mobile] Submitting form
[ppc-m-ca][TABLET][CHROMIUM] ⏳ [Mobile] Waiting for submission navigation to complete
[ppc-m-ca][TABLET][CHROMIUM] ⏳ [Mobile] Waiting for final Thank You page redirection...
[ppc-m-ca][TABLET][CHROMIUM] ✅ [Mobile] Targeted final redirect URL achieved!
[ppc-m-ca][TABLET][CHROMIUM] ✅ [Mobile] Final Thank You URL: https://tra.com/thank-you?debt=10000&leadid=7EC79E31&reqid=26774871&affid=659&oid=133&page=tra_ppcm_ca
[ppc-m-ca][TABLET][CHROMIUM] ✅ [Mobile] Extracted Lead ID: 7EC79E31
📱 Device Type detected: T-CHROMIUM
[ppc-m-ca][TABLET][CHROMIUM] ✅ Lead captured: 7EC79E31
[ppc-m-ca][TABLET][CHROMIUM] 📡 Fetching First API data for Lead ID: 7EC79E31...
[ppc-m-ca][TABLET][CHROMIUM] 📡 Raw XML Response: {
  "lead_info_response": {
    "$": {
      "xmlns:xsd": "http://www.w3.org/2001/XMLSchema",
      "xmlns:xsi": "http://www.w3.org/2001/XMLSchema-instance",
      "xmlns": "http://cakemarketing.com/api/1/"
    },
    "success": "true",
    "row_count": "1",
    "lead_id": "7EC79E31",
    "personal_info": {
      "first_name": "CKMTESTPIXEL",
      "last_name": "CKMTESTPIXEL",
      "email_address": "ckmtestpixel@gmail.com",
      "address": {
        "street": "",
        "city": "",
        "state": "TX",
        "zip_code": "75263",
        "country": ""
      },
      "ip_address": "42.104.217.34",
      "phone_work": "",
      "phone_home": "405-507-5965",
      "phone_cell": "",
      "best_call_time": "",
      "opt_in": "false"
    },
    "traffic_info": {
      "lead_date": "2026-05-13T03:41:49.753",
      "payout": {
        "currency_id": "1",
        "amount": "0.0000",
        "formatted_amount": "$0.00"
      },
      "affiliate": {
        "affiliate_id": {
          "_": "659",
          "$": {
            "xmlns": "API:id_name_store"
          }
        },
        "affiliate_name": {
          "_": "QA affiliate",
          "$": {
            "xmlns": "API:id_name_store"
          }
        }
      },
      "campaign": {
        "campaign_id": {
          "_": "4362",
          "$": {
            "xmlns": "API:id_name_store"
          }
        },
        "campaign_name": {
          "_": "TRA.com CPL - PPC M/CA - CPA - $1.00",
          "$": {
            "xmlns": "API:id_name_store"
          }
        }
      },
      "creative_id": "2210",
      "subid_1": "",
      "subid_2": "",
      "subid_3": "",
      "subid_4": "",
      "subid_5": "",
      "referrer": "",
      "pixel_fired": "true",
      "returned_to_affiliate": "false",
      "test": "true",
      "upsell": "false"
    },
    "all_vertical_data": {
      "data": {
        "$": {
          "xmlns": ""
        },
        "tax_debt": "10000",
        "universal_leadid": "3A1CF5C7-97AE-D4F9-0CD2-A08CC167880D",
        "affid": "659",
        "TCPA_checkbox": "1",
        "reqid": "26774871",
        "page": "https://tra.com/ppcm/ca",
        "neustar": "fail",
        "neustar_disposition": "N,U,A1,L,0",
        "first_name_lower": "ckmtestpixel",
        "last_name_lower": "ckmtestpixel",
        "opt_special_offers": "on",
        "ckm_campaign_id": "4362"
      }
    },
    "dispositions": {
      "disposition": [
        {
          "disposition_type": "Not Paid For",
          "reason": "Unmatched Filter",
          "filter": "Nuestar Fail"
        },
        {
          "disposition_type": "Sent to Review Queue",
          "reason": "neustar: This value is not valid",
          "filter": "Equals Value"
        }
      ]
    },
    "pings": "",
    "posts": "",
    "sales": ""
  }
}
✅ First API Data retrieved on attempt 1
[ppc-m-ca][TABLET][CHROMIUM] 📡 Fetching Second API data for Lead ID: 7EC79E31...
[ppc-m-ca][TABLET][CHROMIUM] 📡 Standard Second API Payload: cake_id=7EC79E31, domain_name=https://www.taxreliefadvocates.com
[ppc-m-ca][TABLET][CHROMIUM] [STDERR] (node:23956) Warning: Setting the NODE_TLS_REJECT_UNAUTHORIZED environment variable to '0' makes TLS connections and HTTPS requests insecure by disabling certificate verification.
(Use `node --trace-warnings ...` to show where the warning was created)
[ppc-m-ca][TABLET][CHROMIUM] [STDERR] ❌ Second API Attempt 1 failed: Request failed with status code 404
[ppc-m-ca][TABLET][CHROMIUM] ⏳ Retrying in 3 seconds to allow database synchronization...
[ppc-m-ca][TABLET][CHROMIUM] 📡 Standard Second API Payload: cake_id=7EC79E31, domain_name=https://www.taxreliefadvocates.com
[ppc-m-ca][TABLET][CHROMIUM] [STDERR] ❌ Second API Attempt 2 failed: Request failed with status code 404
[ppc-m-ca][TABLET][CHROMIUM] ⏳ Retrying in 3 seconds to allow database synchronization...
[ppc-m-ca][TABLET][CHROMIUM] 📡 Standard Second API Payload: cake_id=7EC79E31, domain_name=https://www.taxreliefadvocates.com
[ppc-m-ca][TABLET][CHROMIUM] [STDERR] ❌ Second API Attempt 3 failed: socket hang up
[ppc-m-ca][TABLET][CHROMIUM] ⏳ Retrying in 3 seconds to allow database synchronization...
[ppc-m-ca][TABLET][CHROMIUM] 📡 Standard Second API Payload: cake_id=7EC79E31, domain_name=https://www.taxreliefadvocates.com
[ppc-m-ca][TABLET][CHROMIUM] [STDERR] ❌ Second API Attempt 4 failed: Request failed with status code 404
[ppc-m-ca][TABLET][CHROMIUM] ⏳ Retrying in 3 seconds to allow database synchronization...
[ppc-m-ca][TABLET][CHROMIUM] 📡 Standard Second API Payload: cake_id=7EC79E31, domain_name=https://www.taxreliefadvocates.com
[ppc-m-ca][TABLET][CHROMIUM] [STDERR] ❌ Second API Attempt 5 failed: Request failed with status code 404
[ppc-m-ca][TABLET][CHROMIUM] [STDERR] ❌ Error: Sheet "PPC/M/CA" does not exist in the Google Spreadsheet. Aborting append to prevent creating unexpected tabs.
[ppc-m-ca][TABLET][CHROMIUM] [STDERR] ❌ Google Sheets Error: ❌ Error: Sheet "PPC/M/CA" does not exist in the Google Spreadsheet. Aborting append to prevent creating unexpected tabs.
[ppc-m-ca][TABLET][CHROMIUM] [STDERR] ❌ Failed processing PPC-M-CA Tablet: Failed to write to Google Sheets
[ppc-m-ca][TABLET][CHROMIUM] 
✅ Execution successfully processed! {
  success: false,
  error: 'Failed to write to Google Sheets',
  brand: 'PPC-M-CA Tablet'
}
[ppc-m-ca][TABLET][CHROMIUM] 📋 Trace report successfully saved: traces/ppc-m-ca_tablet.zip
✅ [13/5/2026, 4:12:48 pm] COMPLETED: ppc-m-ca [TABLET][CHROMIUM]

================================================================
🚀 [13/5/2026, 4:12:50 pm] RUNNING: PPC-M-CA (MOBILE) on CHROMIUM
🔗 Target URL: https://flmtra.com/?a=659&oc=822&c=2210&s1=
================================================================
[ppc-m-ca][MOBILE][CHROMIUM] 🔌 [Browser Interceptor] Intercepting and optimizing engine: CHROMIUM
[ppc-m-ca][MOBILE][CHROMIUM] ◇ injected env (0) from .env // tip: ⌘ suppress logs { quiet: true }
[ppc-m-ca][MOBILE][CHROMIUM] ◇ injected env (0) from .env // tip: ⌘ multiple files { path: ['.env.local', '.env'] }
[ppc-m-ca][MOBILE][CHROMIUM] ◇ injected env (0) from .env // tip: ⌘ override existing { override: true }
[ppc-m-ca][MOBILE][CHROMIUM] ◇ injected env (0) from .env // tip: ⌁ auth for agents [www.vestauth.com]
[ppc-m-ca][MOBILE][CHROMIUM] 
🤖 ================================================================
🤖 MASTER RUNNER: LAUNCHING PPC-M-CA
[ppc-m-ca][MOBILE][CHROMIUM] 🤖 Mode:            MOBILE
🤖 Tracking URL:     https://flmtra.com/?a=659&oc=822&c=2210&s1=
🤖 Target Sheet:    PPC/M/CA
[ppc-m-ca][MOBILE][CHROMIUM] 🤖 ================================================================
[ppc-m-ca][MOBILE][CHROMIUM] 📱 Emulated Device Profile: MOBILE (iPhone 17 Pro)
[ppc-m-ca][MOBILE][CHROMIUM] ⏳ Delaying 2 seconds to allow responsive layouts to mount...
[ppc-m-ca][MOBILE][CHROMIUM] 🔄 Processing lead for brand: PPC-M-CA Mobile
[ppc-m-ca][MOBILE][CHROMIUM] 🔗 [Mobile] Navigating to: https://flmtra.com/?a=659&oc=822&c=2210&s1=
[ppc-m-ca][MOBILE][CHROMIUM] ✅ [Mobile] Page loaded successfully
[ppc-m-ca][MOBILE][CHROMIUM] 📱 [Mobile] Injecting high-fidelity glossy Natural Titanium iPhone 17 Pro mockup frame...
[ppc-m-ca][MOBILE][CHROMIUM] 📱 [Mobile] Injecting high-fidelity glossy Natural Titanium iPhone 17 Pro mockup frame...
[ppc-m-ca][MOBILE][CHROMIUM] 📝 [Mobile] Starting mobile-specific form filling...
[ppc-m-ca][MOBILE][CHROMIUM] 🔘 [Mobile] Step 1: Selecting Debt Amount (50,000)
[ppc-m-ca][MOBILE][CHROMIUM] ✅ [Mobile] Selected debt amount: span:has-text("$50k")
[ppc-m-ca][MOBILE][CHROMIUM] 🔘 [Mobile] Clicking active visible button: .next-btn1:visible, .btn-next:visible
[ppc-m-ca][MOBILE][CHROMIUM] ✅ [Mobile] Clicked: .next-btn1:visible, .btn-next:visible
[ppc-m-ca][MOBILE][CHROMIUM] 📱 [Mobile] Injecting high-fidelity glossy Natural Titanium iPhone 17 Pro mockup frame...
[ppc-m-ca][MOBILE][CHROMIUM] ✅ [Mobile] Reached a recognized terminal step (State or Contact). Stopping dynamic traversal.
[ppc-m-ca][MOBILE][CHROMIUM] 🔘 [Mobile] Step 2: Selecting State
[ppc-m-ca][MOBILE][CHROMIUM] 📝 [Mobile] step3 column set to State: "TX"
[ppc-m-ca][MOBILE][CHROMIUM] 🔘 [Mobile] Clicking active visible button: .next-btn:visible, .next-btn2:visible, .btn-next:visible
[ppc-m-ca][MOBILE][CHROMIUM] ✅ [Mobile] Clicked: .next-btn:visible, .next-btn2:visible, .btn-next:visible
[ppc-m-ca][MOBILE][CHROMIUM] 📱 [Mobile] Injecting high-fidelity glossy Natural Titanium iPhone 17 Pro mockup frame...
[ppc-m-ca][MOBILE][CHROMIUM] 🔘 [Mobile] Step 3: Filling Contact Info (Dynamic Loop)...
[ppc-m-ca][MOBILE][CHROMIUM] 📱 [Mobile] Injecting high-fidelity glossy Natural Titanium iPhone 17 Pro mockup frame...
[ppc-m-ca][MOBILE][CHROMIUM] ✅ [Mobile] Filled First Name: ckmtestpixel
[ppc-m-ca][MOBILE][CHROMIUM] ✅ [Mobile] Filled Last Name: ckmtestpixel
[ppc-m-ca][MOBILE][CHROMIUM] ✅ [Mobile] Filled Email: ckmtestpixel@gmail.com
[ppc-m-ca][MOBILE][CHROMIUM] ✅ [Mobile] Filled Phone: 405-507-5965
[ppc-m-ca][MOBILE][CHROMIUM] 🔘 [Mobile] Clicking active contact NEXT/SUBMIT button...
[ppc-m-ca][MOBILE][CHROMIUM] 📱 [Mobile] Injecting high-fidelity glossy Natural Titanium iPhone 17 Pro mockup frame...
[ppc-m-ca][MOBILE][CHROMIUM] 🔘 [Mobile] No active contact NEXT/SUBMIT button visible. Exiting loop.
🔘 [Mobile] Scanning for additional dynamic steps...
[ppc-m-ca][MOBILE][CHROMIUM] 🔘 [Mobile] Submitting form
[ppc-m-ca][MOBILE][CHROMIUM] ⏳ [Mobile] Waiting for submission navigation to complete
[ppc-m-ca][MOBILE][CHROMIUM] ⏳ [Mobile] Waiting for final Thank You page redirection...
[ppc-m-ca][MOBILE][CHROMIUM] ✅ [Mobile] Targeted final redirect URL achieved!
[ppc-m-ca][MOBILE][CHROMIUM] ✅ [Mobile] Final Thank You URL: https://tra.com/thank-you?debt=10000&leadid=4B71FF97&reqid=26774872&affid=659&oid=133&page=tra_ppcm_ca
[ppc-m-ca][MOBILE][CHROMIUM] ✅ [Mobile] Extracted Lead ID: 4B71FF97
[ppc-m-ca][MOBILE][CHROMIUM] 📱 Device Type detected: M-CHROMIUM
✅ Lead captured: 4B71FF97
[ppc-m-ca][MOBILE][CHROMIUM] 📡 Fetching First API data for Lead ID: 4B71FF97...
[ppc-m-ca][MOBILE][CHROMIUM] 📡 Raw XML Response: {
  "lead_info_response": {
    "$": {
      "xmlns:xsd": "http://www.w3.org/2001/XMLSchema",
      "xmlns:xsi": "http://www.w3.org/2001/XMLSchema-instance",
      "xmlns": "http://cakemarketing.com/api/1/"
    },
    "success": "true",
    "row_count": "1",
    "lead_id": "4B71FF97",
    "personal_info": {
      "first_name": "CKMTESTPIXEL",
      "last_name": "CKMTESTPIXEL",
      "email_address": "ckmtestpixel@gmail.com",
      "address": {
        "street": "",
        "city": "",
        "state": "TX",
        "zip_code": "79409",
        "country": ""
      },
      "ip_address": "42.104.216.74",
      "phone_work": "",
      "phone_home": "405-507-5965",
      "phone_cell": "",
      "best_call_time": "",
      "opt_in": "false"
    },
    "traffic_info": {
      "lead_date": "2026-05-13T03:43:31.55",
      "payout": {
        "currency_id": "1",
        "amount": "0.0000",
        "formatted_amount": "$0.00"
      },
      "affiliate": {
        "affiliate_id": {
          "_": "659",
          "$": {
            "xmlns": "API:id_name_store"
          }
        },
        "affiliate_name": {
          "_": "QA affiliate",
          "$": {
            "xmlns": "API:id_name_store"
          }
        }
      },
      "campaign": {
        "campaign_id": {
          "_": "4362",
          "$": {
            "xmlns": "API:id_name_store"
          }
        },
        "campaign_name": {
          "_": "TRA.com CPL - PPC M/CA - CPA - $1.00",
          "$": {
            "xmlns": "API:id_name_store"
          }
        }
      },
      "creative_id": "2210",
      "subid_1": "",
      "subid_2": "",
      "subid_3": "",
      "subid_4": "",
      "subid_5": "",
      "referrer": "",
      "pixel_fired": "true",
      "returned_to_affiliate": "false",
      "test": "true",
      "upsell": "false"
    },
    "all_vertical_data": {
      "data": {
        "$": {
          "xmlns": ""
        },
        "tax_debt": "10000",
        "universal_leadid": "D58A63CF-AA90-1BAD-2011-B8B80C042469",
        "affid": "659",
        "TCPA_checkbox": "1",
        "reqid": "26774872",
        "page": "https://tra.com/ppcm/ca",
        "neustar": "fail",
        "neustar_disposition": "N,U,A1,L,0",
        "first_name_lower": "ckmtestpixel",
        "last_name_lower": "ckmtestpixel",
        "opt_special_offers": "on",
        "ckm_campaign_id": "4362"
      }
    },
    "dispositions": {
      "disposition": [
        {
          "disposition_type": "Not Paid For",
          "reason": "Unmatched Filter",
          "filter": "Nuestar Fail"
        },
        {
          "disposition_type": "Sent to Review Queue",
          "reason": "neustar: This value is not valid",
          "filter": "Equals Value"
        }
      ]
    },
    "pings": "",
    "posts": "",
    "sales": ""
  }
}
[ppc-m-ca][MOBILE][CHROMIUM] ✅ First API Data retrieved on attempt 1
[ppc-m-ca][MOBILE][CHROMIUM] 📡 Fetching Second API data for Lead ID: 4B71FF97...
[ppc-m-ca][MOBILE][CHROMIUM] 📡 Standard Second API Payload: cake_id=4B71FF97, domain_name=https://www.taxreliefadvocates.com
[ppc-m-ca][MOBILE][CHROMIUM] [STDERR] (node:16728) Warning: Setting the NODE_TLS_REJECT_UNAUTHORIZED environment variable to '0' makes TLS connections and HTTPS requests insecure by disabling certificate verification.
(Use `node --trace-warnings ...` to show where the warning was created)
[ppc-m-ca][MOBILE][CHROMIUM] [STDERR] ❌ Second API Attempt 1 failed: Request failed with status code 404
[ppc-m-ca][MOBILE][CHROMIUM] ⏳ Retrying in 3 seconds to allow database synchronization...
[ppc-m-ca][MOBILE][CHROMIUM] 📡 Standard Second API Payload: cake_id=4B71FF97, domain_name=https://www.taxreliefadvocates.com
[ppc-m-ca][MOBILE][CHROMIUM] [STDERR] ❌ Second API Attempt 2 failed: Request failed with status code 404
[ppc-m-ca][MOBILE][CHROMIUM] ⏳ Retrying in 3 seconds to allow database synchronization...
[ppc-m-ca][MOBILE][CHROMIUM] 📡 Standard Second API Payload: cake_id=4B71FF97, domain_name=https://www.taxreliefadvocates.com
[ppc-m-ca][MOBILE][CHROMIUM] [STDERR] ❌ Second API Attempt 3 failed: Request failed with status code 404
[ppc-m-ca][MOBILE][CHROMIUM] ⏳ Retrying in 3 seconds to allow database synchronization...
[ppc-m-ca][MOBILE][CHROMIUM] 📡 Standard Second API Payload: cake_id=4B71FF97, domain_name=https://www.taxreliefadvocates.com
[ppc-m-ca][MOBILE][CHROMIUM] [STDERR] ❌ Second API Attempt 4 failed: Request failed with status code 404
[ppc-m-ca][MOBILE][CHROMIUM] ⏳ Retrying in 3 seconds to allow database synchronization...
[ppc-m-ca][MOBILE][CHROMIUM] 📡 Standard Second API Payload: cake_id=4B71FF97, domain_name=https://www.taxreliefadvocates.com
[ppc-m-ca][MOBILE][CHROMIUM] [STDERR] ❌ Second API Attempt 5 failed: Request failed with status code 404
[ppc-m-ca][MOBILE][CHROMIUM] [STDERR] ❌ Error: Sheet "PPC/M/CA" does not exist in the Google Spreadsheet. Aborting append to prevent creating unexpected tabs.
[ppc-m-ca][MOBILE][CHROMIUM] [STDERR] ❌ Google Sheets Error: ❌ Error: Sheet "PPC/M/CA" does not exist in the Google Spreadsheet. Aborting append to prevent creating unexpected tabs.
❌ Failed processing PPC-M-CA Mobile: Failed to write to Google Sheets
[ppc-m-ca][MOBILE][CHROMIUM] 
✅ Execution successfully processed! {
  success: false,
  error: 'Failed to write to Google Sheets',
  brand: 'PPC-M-CA Mobile'
}
[ppc-m-ca][MOBILE][CHROMIUM] 📋 Trace report successfully saved: traces/ppc-m-ca_mobile.zip
✅ [13/5/2026, 4:14:23 pm] COMPLETED: ppc-m-ca [MOBILE][CHROMIUM]

================================================================
⚡ Running Campaign Viewports on Browser Engine: FIREFOX - [PPC-M-CA]
================================================================

================================================================
🚀 [13/5/2026, 4:14:27 pm] RUNNING: PPC-M-CA (DESKTOP) on FIREFOX
🔗 Target URL: https://flmtra.com/?a=659&oc=822&c=2210&s1=
================================================================
[ppc-m-ca][DESKTOP][FIREFOX] 🔌 [Browser Interceptor] Intercepting and optimizing engine: FIREFOX
[ppc-m-ca][DESKTOP][FIREFOX] ◇ injected env (0) from .env // tip: ⌘ multiple files { path: ['.env.local', '.env'] }
[ppc-m-ca][DESKTOP][FIREFOX] ◇ injected env (0) from .env // tip: ⌘ override existing { override: true }
[ppc-m-ca][DESKTOP][FIREFOX] ◇ injected env (0) from .env // tip: ⌘ custom filepath { path: '/custom/path/.env' }
[ppc-m-ca][DESKTOP][FIREFOX] ◇ injected env (0) from .env // tip: ⌘ multiple files { path: ['.env.local', '.env'] }
[ppc-m-ca][DESKTOP][FIREFOX] 
🤖 ================================================================
🤖 MASTER RUNNER: LAUNCHING PPC-M-CA
🤖 Mode:            DESKTOP
🤖 Tracking URL:     https://flmtra.com/?a=659&oc=822&c=2210&s1=
[ppc-m-ca][DESKTOP][FIREFOX] 🤖 Target Sheet:    PPC/M/CA
🤖 ================================================================
[ppc-m-ca][DESKTOP][FIREFOX] 💻 Emulated Device Profile: DESKTOP
[ppc-m-ca][DESKTOP][FIREFOX] 🔌 [Browser Interceptor] Sanitizing mobile context options for Firefox emulation...
[ppc-m-ca][DESKTOP][FIREFOX] 🔄 Processing lead for brand: PPC-M-CA
[ppc-m-ca][DESKTOP][FIREFOX] 🔗 Navigating to: https://flmtra.com/?a=659&oc=822&c=2210&s1=
[ppc-m-ca][DESKTOP][FIREFOX] ✅ Page loaded successfully
[ppc-m-ca][DESKTOP][FIREFOX] 📝 Starting multi-step form filling process...
[ppc-m-ca][DESKTOP][FIREFOX] 🔘 Step 1: Handling Debt Amount (50,000)
[ppc-m-ca][DESKTOP][FIREFOX] ✅ Selected debt amount via selector: span:has-text("$50k")
[ppc-m-ca][DESKTOP][FIREFOX] 🔘 Attempting to click .next-btn1, .btn-next
[ppc-m-ca][DESKTOP][FIREFOX] ⚠️ Standard click failed, using dispatchEvent...
[ppc-m-ca][DESKTOP][FIREFOX] ✅ Clicked .next-btn1, .btn-next
[ppc-m-ca][DESKTOP][FIREFOX] ✅ Reached a recognized terminal step (State or Contact). Stopping dynamic traversal.
[ppc-m-ca][DESKTOP][FIREFOX] 🔘 Step: Selecting State
[ppc-m-ca][DESKTOP][FIREFOX] 📝 step3 column set to State: "TX"
[ppc-m-ca][DESKTOP][FIREFOX] 🔘 Clicking generic NEXT button
[ppc-m-ca][DESKTOP][FIREFOX] ✅ Clicked generic NEXT button
[ppc-m-ca][DESKTOP][FIREFOX] 🔘 Filling Contact Info (Dynamic Loop)...
[ppc-m-ca][DESKTOP][FIREFOX] [STDERR] ❌ Error during form filling: locator.click: Timeout 25000ms exceeded.
Call log:
[2m  - waiting for locator('#first_name:visible, input[name="first_name"]:visible, input[placeholder*="First Name" i]:visible').first()[22m
[2m    - locator resolved to <input type="text" tabindex="0" name="first_name" class="form-control" placeholder="First Name"/>[22m
[2m  - attempting click action[22m
[2m    - waiting for element to be visible, enabled and stable[22m

[ppc-m-ca][DESKTOP][FIREFOX] [STDERR] ❌ Failed processing PPC-M-CA: locator.click: Timeout 25000ms exceeded.
Call log:
[2m  - waiting for locator('#first_name:visible, input[name="first_name"]:visible, input[placeholder*="First Name" i]:visible').first()[22m
[2m    - locator resolved to <input type="text" tabindex="0" name="first_name" class="form-control" placeholder="First Name"/>[22m
[2m  - attempting click action[22m
[2m    - waiting for element to be visible, enabled and stable[22m

[ppc-m-ca][DESKTOP][FIREFOX] 
✅ Execution successfully processed! {
  success: false,
  error: 'locator.click: Timeout 25000ms exceeded.\n' +
    'Call log:\n' +
    `\x1B[2m  - waiting for locator('#first_name:visible, input[name="first_name"]:visible, input[placeholder*="First Name" i]:visible').first()\x1B[22m\n` +
    '\x1B[2m    - locator resolved to <input type="text" tabindex="0" name="first_name" class="form-control" placeholder="First Name"/>\x1B[22m\n' +
    '\x1B[2m  - attempting click action\x1B[22m\n' +
    '\x1B[2m    - waiting for element to be visible, enabled and stable\x1B[22m\n',
  brand: 'PPC-M-CA'
}
[ppc-m-ca][DESKTOP][FIREFOX] 📋 Trace report successfully saved: traces/ppc-m-ca_desktop.zip
✅ [13/5/2026, 4:16:27 pm] COMPLETED: ppc-m-ca [DESKTOP][FIREFOX]

================================================================
🚀 [13/5/2026, 4:16:29 pm] RUNNING: PPC-M-CA (TABLET) on FIREFOX
🔗 Target URL: https://flmtra.com/?a=659&oc=822&c=2210&s1=
================================================================
[ppc-m-ca][TABLET][FIREFOX] 🔌 [Browser Interceptor] Intercepting and optimizing engine: FIREFOX
[ppc-m-ca][TABLET][FIREFOX] ◇ injected env (0) from .env // tip: ⌘ enable debugging { debug: true }
[ppc-m-ca][TABLET][FIREFOX] ◇ injected env (0) from .env // tip: ⌘ override existing { override: true }
[ppc-m-ca][TABLET][FIREFOX] ◇ injected env (0) from .env // tip: ⌁ auth for agents [www.vestauth.com]
[ppc-m-ca][TABLET][FIREFOX] ◇ injected env (0) from .env // tip: ◈ encrypted .env [www.dotenvx.com]
[ppc-m-ca][TABLET][FIREFOX] 
🤖 ================================================================
[ppc-m-ca][TABLET][FIREFOX] 🤖 MASTER RUNNER: LAUNCHING PPC-M-CA
🤖 Mode:            TABLET
🤖 Tracking URL:     https://flmtra.com/?a=659&oc=822&c=2210&s1=
[ppc-m-ca][TABLET][FIREFOX] 🤖 Target Sheet:    PPC/M/CA
[ppc-m-ca][TABLET][FIREFOX] 🤖 ================================================================
[ppc-m-ca][TABLET][FIREFOX] 📋 Emulated Device Profile: TABLET (iPad Pro 11)
[ppc-m-ca][TABLET][FIREFOX] 🔌 [Browser Interceptor] Sanitizing mobile context options for Firefox emulation...
[ppc-m-ca][TABLET][FIREFOX] ⏳ Delaying 2 seconds to allow responsive layouts to mount...
[ppc-m-ca][TABLET][FIREFOX] 🔄 Processing lead for brand: PPC-M-CA Tablet
[ppc-m-ca][TABLET][FIREFOX] 🔗 [Mobile] Navigating to: https://flmtra.com/?a=659&oc=822&c=2210&s1=
[ppc-m-ca][TABLET][FIREFOX] ✅ [Mobile] Page loaded successfully
[ppc-m-ca][TABLET][FIREFOX] 💻 [Tablet] Injecting high-fidelity glossy iPad Pro mockup frame...
[ppc-m-ca][TABLET][FIREFOX] 💻 [Tablet] Injecting high-fidelity glossy iPad Pro mockup frame...
[ppc-m-ca][TABLET][FIREFOX] 📝 [Mobile] Starting mobile-specific form filling...
[ppc-m-ca][TABLET][FIREFOX] 🔘 [Mobile] Step 1: Selecting Debt Amount (50,000)
[ppc-m-ca][TABLET][FIREFOX] [STDERR] ⚠️ [Mobile] Could not complete debt selection: locator.click: Timeout 25000ms exceeded.
Call log:
[2m  - waiting for locator('span:has-text("$50k")').first()[22m
[2m    - locator resolved to <span class="right-val">$50k +</span>[22m
[2m  - attempting click action[22m
[2m    - scrolling into view if needed[22m
[2m    - done scrolling[22m
[2m    - forcing action[22m
[2m    - performing click action[22m

[ppc-m-ca][TABLET][FIREFOX] 🔘 [Mobile] Clicking active visible button: .next-btn1:visible, .btn-next:visible
[ppc-m-ca][TABLET][FIREFOX] ✅ [Mobile] Clicked: .next-btn1:visible, .btn-next:visible
[ppc-m-ca][TABLET][FIREFOX] 💻 [Tablet] Injecting high-fidelity glossy iPad Pro mockup frame...
[ppc-m-ca][TABLET][FIREFOX] ✅ [Mobile] Reached a recognized terminal step (State or Contact). Stopping dynamic traversal.
[ppc-m-ca][TABLET][FIREFOX] 🔘 [Mobile] Step 2: Selecting State
[ppc-m-ca][TABLET][FIREFOX] 📝 [Mobile] step3 column set to State: "TX"
[ppc-m-ca][TABLET][FIREFOX] 🔘 [Mobile] Clicking active visible button: .next-btn:visible, .next-btn2:visible, .btn-next:visible
[ppc-m-ca][TABLET][FIREFOX] ✅ [Mobile] Clicked: .next-btn:visible, .next-btn2:visible, .btn-next:visible
[ppc-m-ca][TABLET][FIREFOX] 💻 [Tablet] Injecting high-fidelity glossy iPad Pro mockup frame...
[ppc-m-ca][TABLET][FIREFOX] 🔘 [Mobile] Step 3: Filling Contact Info (Dynamic Loop)...
[ppc-m-ca][TABLET][FIREFOX] 💻 [Tablet] Injecting high-fidelity glossy iPad Pro mockup frame...
[ppc-m-ca][TABLET][FIREFOX] ✅ [Mobile] Filled First Name: ckmtestpixel
[ppc-m-ca][TABLET][FIREFOX] ✅ [Mobile] Filled Last Name: ckmtestpixel
[ppc-m-ca][TABLET][FIREFOX] ✅ [Mobile] Filled Email: ckmtestpixel@gmail.com
[ppc-m-ca][TABLET][FIREFOX] ✅ [Mobile] Filled Phone: 405-507-5965
[ppc-m-ca][TABLET][FIREFOX] 🔘 [Mobile] Clicking active contact NEXT/SUBMIT button...
[ppc-m-ca][TABLET][FIREFOX] 💻 [Tablet] Injecting high-fidelity glossy iPad Pro mockup frame...
[ppc-m-ca][TABLET][FIREFOX] ✅ [Mobile] Filled Phone: 405-507-5965
[ppc-m-ca][TABLET][FIREFOX] 🔘 [Mobile] Clicking active contact NEXT/SUBMIT button...
[ppc-m-ca][TABLET][FIREFOX] 💻 [Tablet] Injecting high-fidelity glossy iPad Pro mockup frame...
[ppc-m-ca][TABLET][FIREFOX] ✅ [Mobile] Filled Last Name: ckmtestpixel
[ppc-m-ca][TABLET][FIREFOX] 🔘 [Mobile] No active contact NEXT/SUBMIT button visible. Exiting loop.
🔘 [Mobile] Scanning for additional dynamic steps...
[ppc-m-ca][TABLET][FIREFOX] 🔘 [Mobile] Submitting form
[ppc-m-ca][TABLET][FIREFOX] ⏳ [Mobile] Waiting for submission navigation to complete
[ppc-m-ca][TABLET][FIREFOX] ⏳ [Mobile] Waiting for final Thank You page redirection...
[ppc-m-ca][TABLET][FIREFOX] ✅ [Mobile] Targeted final redirect URL achieved!
[ppc-m-ca][TABLET][FIREFOX] ✅ [Mobile] Final Thank You URL: https://tra.com/thank-you?debt=10000&leadid=491D56BF&reqid=26774878&affid=659&oid=133&page=tra_ppcm_ca
[ppc-m-ca][TABLET][FIREFOX] ✅ [Mobile] Extracted Lead ID: 491D56BF
📱 Device Type detected: T-FIREFOX
[ppc-m-ca][TABLET][FIREFOX] ✅ Lead captured: 491D56BF
[ppc-m-ca][TABLET][FIREFOX] 📡 Fetching First API data for Lead ID: 491D56BF...
[ppc-m-ca][TABLET][FIREFOX] 📡 Raw XML Response: {
  "lead_info_response": {
    "$": {
      "xmlns:xsd": "http://www.w3.org/2001/XMLSchema",
      "xmlns:xsi": "http://www.w3.org/2001/XMLSchema-instance",
      "xmlns": "http://cakemarketing.com/api/1/"
    },
    "success": "true",
    "row_count": "1",
    "lead_id": "491D56BF",
    "personal_info": {
      "first_name": "CKMTESTPIXEL",
      "last_name": "CKMTESTPIXEL",
      "email_address": "ckmtestpixel@gmail.com",
      "address": {
        "street": "",
        "city": "",
        "state": "TX",
        "zip_code": "77984",
        "country": ""
      },
      "ip_address": "42.104.216.74",
      "phone_work": "",
      "phone_home": "405-507-5965",
      "phone_cell": "",
      "best_call_time": "",
      "opt_in": "false"
    },
    "traffic_info": {
      "lead_date": "2026-05-13T03:47:41.543",
      "payout": {
        "currency_id": "1",
        "amount": "0.0000",
        "formatted_amount": "$0.00"
      },
      "affiliate": {
        "affiliate_id": {
          "_": "659",
          "$": {
            "xmlns": "API:id_name_store"
          }
        },
        "affiliate_name": {
          "_": "QA affiliate",
          "$": {
            "xmlns": "API:id_name_store"
          }
        }
      },
      "campaign": {
        "campaign_id": {
          "_": "4362",
          "$": {
            "xmlns": "API:id_name_store"
          }
        },
        "campaign_name": {
          "_": "TRA.com CPL - PPC M/CA - CPA - $1.00",
          "$": {
            "xmlns": "API:id_name_store"
          }
        }
      },
      "creative_id": "2210",
      "subid_1": "",
      "subid_2": "",
      "subid_3": "",
      "subid_4": "",
      "subid_5": "",
      "referrer": "",
      "pixel_fired": "true",
      "returned_to_affiliate": "false",
      "test": "true",
      "upsell": "false"
    },
    "all_vertical_data": {
      "data": {
        "$": {
          "xmlns": ""
        },
        "tax_debt": "10000",
        "universal_leadid": "FB6CEC19-C285-FF06-3CF7-EA6454B41F4E",
        "affid": "659",
        "TCPA_checkbox": "1",
        "reqid": "26774878",
        "page": "https://tra.com/ppcm/ca",
        "neustar": "fail",
        "neustar_disposition": "N,U,A1,L,0",
        "first_name_lower": "ckmtestpixel",
        "last_name_lower": "ckmtestpixel",
        "opt_special_offers": "on",
        "ckm_campaign_id": "4362"
      }
    },
    "dispositions": {
      "disposition": [
        {
          "disposition_type": "Not Paid For",
          "reason": "Unmatched Filter",
          "filter": "Nuestar Fail"
        },
        {
          "disposition_type": "Sent to Review Queue",
          "reason": "neustar: This value is not valid",
          "filter": "Equals Value"
        }
      ]
    },
    "pings": "",
    "posts": "",
    "sales": ""
  }
}
✅ First API Data retrieved on attempt 1
[ppc-m-ca][TABLET][FIREFOX] 📡 Fetching Second API data for Lead ID: 491D56BF...
[ppc-m-ca][TABLET][FIREFOX] 📡 Standard Second API Payload: cake_id=491D56BF, domain_name=https://www.taxreliefadvocates.com
[ppc-m-ca][TABLET][FIREFOX] [STDERR] (node:25548) Warning: Setting the NODE_TLS_REJECT_UNAUTHORIZED environment variable to '0' makes TLS connections and HTTPS requests insecure by disabling certificate verification.
(Use `node --trace-warnings ...` to show where the warning was created)
[ppc-m-ca][TABLET][FIREFOX] [STDERR] ❌ Second API Attempt 1 failed: Request failed with status code 404
[ppc-m-ca][TABLET][FIREFOX] ⏳ Retrying in 3 seconds to allow database synchronization...
[ppc-m-ca][TABLET][FIREFOX] 📡 Standard Second API Payload: cake_id=491D56BF, domain_name=https://www.taxreliefadvocates.com
[ppc-m-ca][TABLET][FIREFOX] [STDERR] ❌ Second API Attempt 2 failed: Request failed with status code 404
[ppc-m-ca][TABLET][FIREFOX] ⏳ Retrying in 3 seconds to allow database synchronization...
[ppc-m-ca][TABLET][FIREFOX] 📡 Standard Second API Payload: cake_id=491D56BF, domain_name=https://www.taxreliefadvocates.com
[ppc-m-ca][TABLET][FIREFOX] [STDERR] ❌ Second API Attempt 3 failed: Request failed with status code 404
[ppc-m-ca][TABLET][FIREFOX] ⏳ Retrying in 3 seconds to allow database synchronization...
[ppc-m-ca][TABLET][FIREFOX] 📡 Standard Second API Payload: cake_id=491D56BF, domain_name=https://www.taxreliefadvocates.com
[ppc-m-ca][TABLET][FIREFOX] [STDERR] ❌ Second API Attempt 4 failed: Request failed with status code 404
[ppc-m-ca][TABLET][FIREFOX] ⏳ Retrying in 3 seconds to allow database synchronization...
[ppc-m-ca][TABLET][FIREFOX] 📡 Standard Second API Payload: cake_id=491D56BF, domain_name=https://www.taxreliefadvocates.com
[ppc-m-ca][TABLET][FIREFOX] [STDERR] ❌ Second API Attempt 5 failed: Request failed with status code 404
[ppc-m-ca][TABLET][FIREFOX] [STDERR] ❌ Error: Sheet "PPC/M/CA" does not exist in the Google Spreadsheet. Aborting append to prevent creating unexpected tabs.
[ppc-m-ca][TABLET][FIREFOX] [STDERR] ❌ Google Sheets Error: ❌ Error: Sheet "PPC/M/CA" does not exist in the Google Spreadsheet. Aborting append to prevent creating unexpected tabs.
❌ Failed processing PPC-M-CA Tablet: Failed to write to Google Sheets
[ppc-m-ca][TABLET][FIREFOX] 
✅ Execution successfully processed! {
  success: false,
  error: 'Failed to write to Google Sheets',
  brand: 'PPC-M-CA Tablet'
}
[ppc-m-ca][TABLET][FIREFOX] 📋 Trace report successfully saved: traces/ppc-m-ca_tablet.zip
✅ [13/5/2026, 4:18:35 pm] COMPLETED: ppc-m-ca [TABLET][FIREFOX]

================================================================
🚀 [13/5/2026, 4:18:37 pm] RUNNING: PPC-M-CA (MOBILE) on FIREFOX
🔗 Target URL: https://flmtra.com/?a=659&oc=822&c=2210&s1=
================================================================
[ppc-m-ca][MOBILE][FIREFOX] 🔌 [Browser Interceptor] Intercepting and optimizing engine: FIREFOX
[ppc-m-ca][MOBILE][FIREFOX] ◇ injected env (0) from .env // tip: ⌁ auth for agents [www.vestauth.com]
[ppc-m-ca][MOBILE][FIREFOX] ◇ injected env (0) from .env // tip: ⌘ override existing { override: true }
[ppc-m-ca][MOBILE][FIREFOX] ◇ injected env (0) from .env // tip: ⌘ override existing { override: true }
[ppc-m-ca][MOBILE][FIREFOX] ◇ injected env (0) from .env // tip: ⌁ auth for agents [www.vestauth.com]
[ppc-m-ca][MOBILE][FIREFOX] 
🤖 ================================================================
[ppc-m-ca][MOBILE][FIREFOX] 🤖 MASTER RUNNER: LAUNCHING PPC-M-CA
🤖 Mode:            MOBILE
🤖 Tracking URL:     https://flmtra.com/?a=659&oc=822&c=2210&s1=
🤖 Target Sheet:    PPC/M/CA
[ppc-m-ca][MOBILE][FIREFOX] 🤖 ================================================================
[ppc-m-ca][MOBILE][FIREFOX] 📱 Emulated Device Profile: MOBILE (iPhone 17 Pro)
[ppc-m-ca][MOBILE][FIREFOX] 🔌 [Browser Interceptor] Sanitizing mobile context options for Firefox emulation...
[ppc-m-ca][MOBILE][FIREFOX] ⏳ Delaying 2 seconds to allow responsive layouts to mount...
[ppc-m-ca][MOBILE][FIREFOX] 🔄 Processing lead for brand: PPC-M-CA Mobile
[ppc-m-ca][MOBILE][FIREFOX] 🔗 [Mobile] Navigating to: https://flmtra.com/?a=659&oc=822&c=2210&s1=
[ppc-m-ca][MOBILE][FIREFOX] ✅ [Mobile] Page loaded successfully
[ppc-m-ca][MOBILE][FIREFOX] 📱 [Mobile] Injecting high-fidelity glossy Natural Titanium iPhone 17 Pro mockup frame...
[ppc-m-ca][MOBILE][FIREFOX] 📱 [Mobile] Injecting high-fidelity glossy Natural Titanium iPhone 17 Pro mockup frame...
[ppc-m-ca][MOBILE][FIREFOX] 📝 [Mobile] Starting mobile-specific form filling...
[ppc-m-ca][MOBILE][FIREFOX] 🔘 [Mobile] Step 1: Selecting Debt Amount (50,000)
[ppc-m-ca][MOBILE][FIREFOX] [STDERR] ⚠️ [Mobile] Could not complete debt selection: locator.click: Timeout 25000ms exceeded.
Call log:
[2m  - waiting for locator('span:has-text("$50k")').first()[22m
[2m    - locator resolved to <span class="right-val">$50k +</span>[22m
[2m  - attempting click action[22m
[2m    - scrolling into view if needed[22m
[2m    - done scrolling[22m
[2m    - forcing action[22m
[2m    - performing click action[22m

[ppc-m-ca][MOBILE][FIREFOX] 🔘 [Mobile] Clicking active visible button: .next-btn1:visible, .btn-next:visible
[ppc-m-ca][MOBILE][FIREFOX] ✅ [Mobile] Clicked: .next-btn1:visible, .btn-next:visible
[ppc-m-ca][MOBILE][FIREFOX] 📱 [Mobile] Injecting high-fidelity glossy Natural Titanium iPhone 17 Pro mockup frame...
[ppc-m-ca][MOBILE][FIREFOX] ✅ [Mobile] Reached a recognized terminal step (State or Contact). Stopping dynamic traversal.
[ppc-m-ca][MOBILE][FIREFOX] 🔘 [Mobile] Step 2: Selecting State
[ppc-m-ca][MOBILE][FIREFOX] 📝 [Mobile] step3 column set to State: "TX"
[ppc-m-ca][MOBILE][FIREFOX] 🔘 [Mobile] Clicking active visible button: .next-btn:visible, .next-btn2:visible, .btn-next:visible
[ppc-m-ca][MOBILE][FIREFOX] ✅ [Mobile] Clicked: .next-btn:visible, .next-btn2:visible, .btn-next:visible
[ppc-m-ca][MOBILE][FIREFOX] 📱 [Mobile] Injecting high-fidelity glossy Natural Titanium iPhone 17 Pro mockup frame...
[ppc-m-ca][MOBILE][FIREFOX] 🔘 [Mobile] Step 3: Filling Contact Info (Dynamic Loop)...
[ppc-m-ca][MOBILE][FIREFOX] 📱 [Mobile] Injecting high-fidelity glossy Natural Titanium iPhone 17 Pro mockup frame...
[ppc-m-ca][MOBILE][FIREFOX] ✅ [Mobile] Filled First Name: ckmtestpixel
[ppc-m-ca][MOBILE][FIREFOX] ✅ [Mobile] Filled Last Name: ckmtestpixel
[ppc-m-ca][MOBILE][FIREFOX] ✅ [Mobile] Filled Email: ckmtestpixel@gmail.com
[ppc-m-ca][MOBILE][FIREFOX] ✅ [Mobile] Filled Phone: 405-507-5965
[ppc-m-ca][MOBILE][FIREFOX] 🔘 [Mobile] Clicking active contact NEXT/SUBMIT button...
[ppc-m-ca][MOBILE][FIREFOX] 📱 [Mobile] Injecting high-fidelity glossy Natural Titanium iPhone 17 Pro mockup frame...
[ppc-m-ca][MOBILE][FIREFOX] ✅ [Mobile] Filled Phone: 405-507-5965
[ppc-m-ca][MOBILE][FIREFOX] 🔘 [Mobile] Clicking active contact NEXT/SUBMIT button...
[ppc-m-ca][MOBILE][FIREFOX] 📱 [Mobile] Injecting high-fidelity glossy Natural Titanium iPhone 17 Pro mockup frame...
[ppc-m-ca][MOBILE][FIREFOX] 🔘 [Mobile] No active contact NEXT/SUBMIT button visible. Exiting loop.
🔘 [Mobile] Scanning for additional dynamic steps...
[ppc-m-ca][MOBILE][FIREFOX] 🔘 [Mobile] Submitting form
[ppc-m-ca][MOBILE][FIREFOX] ⏳ [Mobile] Waiting for submission navigation to complete
[ppc-m-ca][MOBILE][FIREFOX] ⏳ [Mobile] Waiting for final Thank You page redirection...
[ppc-m-ca][MOBILE][FIREFOX] ✅ [Mobile] Targeted final redirect URL achieved!
[ppc-m-ca][MOBILE][FIREFOX] ✅ [Mobile] Final Thank You URL: https://tra.com/thank-you?debt=10000&leadid=84F78D65&reqid=26774882&affid=659&oid=133&page=tra_ppcm_ca
[ppc-m-ca][MOBILE][FIREFOX] ✅ [Mobile] Extracted Lead ID: 84F78D65
[ppc-m-ca][MOBILE][FIREFOX] 📱 Device Type detected: M-FIREFOX
✅ Lead captured: 84F78D65
[ppc-m-ca][MOBILE][FIREFOX] 📡 Fetching First API data for Lead ID: 84F78D65...
[ppc-m-ca][MOBILE][FIREFOX] 📡 Raw XML Response: {
  "lead_info_response": {
    "$": {
      "xmlns:xsd": "http://www.w3.org/2001/XMLSchema",
      "xmlns:xsi": "http://www.w3.org/2001/XMLSchema-instance",
      "xmlns": "http://cakemarketing.com/api/1/"
    },
    "success": "true",
    "row_count": "1",
    "lead_id": "84F78D65",
    "personal_info": {
      "first_name": "CKMTESTPIXEL",
      "last_name": "CKMTESTPIXEL",
      "email_address": "ckmtestpixel@gmail.com",
      "address": {
        "street": "",
        "city": "",
        "state": "TX",
        "zip_code": "77568",
        "country": ""
      },
      "ip_address": "42.104.216.74",
      "phone_work": "",
      "phone_home": "405-507-5965",
      "phone_cell": "",
      "best_call_time": "",
      "opt_in": "false"
    },
    "traffic_info": {
      "lead_date": "2026-05-13T03:49:44.283",
      "payout": {
        "currency_id": "1",
        "amount": "0.0000",
        "formatted_amount": "$0.00"
      },
      "affiliate": {
        "affiliate_id": {
          "_": "659",
          "$": {
            "xmlns": "API:id_name_store"
          }
        },
        "affiliate_name": {
          "_": "QA affiliate",
          "$": {
            "xmlns": "API:id_name_store"
          }
        }
      },
      "campaign": {
        "campaign_id": {
          "_": "4362",
          "$": {
            "xmlns": "API:id_name_store"
          }
        },
        "campaign_name": {
          "_": "TRA.com CPL - PPC M/CA - CPA - $1.00",
          "$": {
            "xmlns": "API:id_name_store"
          }
        }
      },
      "creative_id": "2210",
      "subid_1": "",
      "subid_2": "",
      "subid_3": "",
      "subid_4": "",
      "subid_5": "",
      "referrer": "",
      "pixel_fired": "true",
      "returned_to_affiliate": "false",
      "test": "true",
      "upsell": "false"
    },
    "all_vertical_data": {
      "data": {
        "$": {
          "xmlns": ""
        },
        "tax_debt": "10000",
        "universal_leadid": "E7F30AF5-DAF2-1D74-F946-470905360557",
        "affid": "659",
        "TCPA_checkbox": "1",
        "reqid": "26774882",
        "page": "https://tra.com/ppcm/ca",
        "neustar": "fail",
        "neustar_disposition": "N,U,A1,L,0",
        "first_name_lower": "ckmtestpixel",
        "last_name_lower": "ckmtestpixel",
        "opt_special_offers": "on",
        "ckm_campaign_id": "4362"
      }
    },
    "dispositions": {
      "disposition": [
        {
          "disposition_type": "Not Paid For",
          "reason": "Unmatched Filter",
          "filter": "Nuestar Fail"
        },
        {
          "disposition_type": "Sent to Review Queue",
          "reason": "neustar: This value is not valid",
          "filter": "Equals Value"
        }
      ]
    },
    "pings": "",
    "posts": "",
    "sales": ""
  }
}
✅ First API Data retrieved on attempt 1
[ppc-m-ca][MOBILE][FIREFOX] 📡 Fetching Second API data for Lead ID: 84F78D65...
[ppc-m-ca][MOBILE][FIREFOX] 📡 Standard Second API Payload: cake_id=84F78D65, domain_name=https://www.taxreliefadvocates.com
[ppc-m-ca][MOBILE][FIREFOX] [STDERR] (node:19280) Warning: Setting the NODE_TLS_REJECT_UNAUTHORIZED environment variable to '0' makes TLS connections and HTTPS requests insecure by disabling certificate verification.
(Use `node --trace-warnings ...` to show where the warning was created)
[ppc-m-ca][MOBILE][FIREFOX] [STDERR] ❌ Second API Attempt 1 failed: Request failed with status code 404
[ppc-m-ca][MOBILE][FIREFOX] ⏳ Retrying in 3 seconds to allow database synchronization...
[ppc-m-ca][MOBILE][FIREFOX] 📡 Standard Second API Payload: cake_id=84F78D65, domain_name=https://www.taxreliefadvocates.com
[ppc-m-ca][MOBILE][FIREFOX] [STDERR] ❌ Second API Attempt 2 failed: Request failed with status code 404
[ppc-m-ca][MOBILE][FIREFOX] ⏳ Retrying in 3 seconds to allow database synchronization...
[ppc-m-ca][MOBILE][FIREFOX] 📡 Standard Second API Payload: cake_id=84F78D65, domain_name=https://www.taxreliefadvocates.com
[ppc-m-ca][MOBILE][FIREFOX] [STDERR] ❌ Second API Attempt 3 failed: Request failed with status code 404
[ppc-m-ca][MOBILE][FIREFOX] ⏳ Retrying in 3 seconds to allow database synchronization...
[ppc-m-ca][MOBILE][FIREFOX] 📡 Standard Second API Payload: cake_id=84F78D65, domain_name=https://www.taxreliefadvocates.com
[ppc-m-ca][MOBILE][FIREFOX] [STDERR] ❌ Second API Attempt 4 failed: Request failed with status code 404
[ppc-m-ca][MOBILE][FIREFOX] ⏳ Retrying in 3 seconds to allow database synchronization...
[ppc-m-ca][MOBILE][FIREFOX] 📡 Standard Second API Payload: cake_id=84F78D65, domain_name=https://www.taxreliefadvocates.com
[ppc-m-ca][MOBILE][FIREFOX] [STDERR] ❌ Second API Attempt 5 failed: Request failed with status code 404
[ppc-m-ca][MOBILE][FIREFOX] [STDERR] ❌ Error: Sheet "PPC/M/CA" does not exist in the Google Spreadsheet. Aborting append to prevent creating unexpected tabs.
[ppc-m-ca][MOBILE][FIREFOX] [STDERR] ❌ Google Sheets Error: ❌ Error: Sheet "PPC/M/CA" does not exist in the Google Spreadsheet. Aborting append to prevent creating unexpected tabs.
❌ Failed processing PPC-M-CA Mobile: Failed to write to Google Sheets
[ppc-m-ca][MOBILE][FIREFOX] 
✅ Execution successfully processed! {
  success: false,
  error: 'Failed to write to Google Sheets',
  brand: 'PPC-M-CA Mobile'
}
[ppc-m-ca][MOBILE][FIREFOX] 📋 Trace report successfully saved: traces/ppc-m-ca_mobile.zip
✅ [13/5/2026, 4:20:36 pm] COMPLETED: ppc-m-ca [MOBILE][FIREFOX]

================================================================
⚡ Running Campaign Viewports on Browser Engine: WEBKIT - [PPC-M-CA]
================================================================

================================================================
🚀 [13/5/2026, 4:20:40 pm] RUNNING: PPC-M-CA (DESKTOP) on WEBKIT
🔗 Target URL: https://flmtra.com/?a=659&oc=822&c=2210&s1=
================================================================
[ppc-m-ca][DESKTOP][WEBKIT] 🔌 [Browser Interceptor] Intercepting and optimizing engine: WEBKIT
[ppc-m-ca][DESKTOP][WEBKIT] ◇ injected env (0) from .env // tip: ⌘ multiple files { path: ['.env.local', '.env'] }
[ppc-m-ca][DESKTOP][WEBKIT] ◇ injected env (0) from .env // tip: ⌘ override existing { override: true }
[ppc-m-ca][DESKTOP][WEBKIT] ◇ injected env (0) from .env // tip: ⌁ auth for agents [www.vestauth.com]
[ppc-m-ca][DESKTOP][WEBKIT] ◇ injected env (0) from .env // tip: ⌘ enable debugging { debug: true }
[ppc-m-ca][DESKTOP][WEBKIT] 
🤖 ================================================================
[ppc-m-ca][DESKTOP][WEBKIT] 🤖 MASTER RUNNER: LAUNCHING PPC-M-CA
🤖 Mode:            DESKTOP
🤖 Tracking URL:     https://flmtra.com/?a=659&oc=822&c=2210&s1=
[ppc-m-ca][DESKTOP][WEBKIT] 🤖 Target Sheet:    PPC/M/CA
[ppc-m-ca][DESKTOP][WEBKIT] 🤖 ================================================================
[ppc-m-ca][DESKTOP][WEBKIT] 💻 Emulated Device Profile: DESKTOP
[ppc-m-ca][DESKTOP][WEBKIT] 🔄 Processing lead for brand: PPC-M-CA
[ppc-m-ca][DESKTOP][WEBKIT] 🔗 Navigating to: https://flmtra.com/?a=659&oc=822&c=2210&s1=
[ppc-m-ca][DESKTOP][WEBKIT] ✅ Page loaded successfully
[ppc-m-ca][DESKTOP][WEBKIT] 📝 Starting multi-step form filling process...
[ppc-m-ca][DESKTOP][WEBKIT] 🔘 Step 1: Handling Debt Amount (50,000)
[ppc-m-ca][DESKTOP][WEBKIT] ✅ Selected debt amount via selector: span:has-text("$50k")
[ppc-m-ca][DESKTOP][WEBKIT] 🔘 Attempting to click .next-btn1, .btn-next
[ppc-m-ca][DESKTOP][WEBKIT] ✅ Clicked .next-btn1, .btn-next
[ppc-m-ca][DESKTOP][WEBKIT] ✅ Reached a recognized terminal step (State or Contact). Stopping dynamic traversal.
[ppc-m-ca][DESKTOP][WEBKIT] 🔘 Step: Selecting State
[ppc-m-ca][DESKTOP][WEBKIT] 📝 step3 column set to State: "TX"
[ppc-m-ca][DESKTOP][WEBKIT] 🔘 Clicking generic NEXT button
[ppc-m-ca][DESKTOP][WEBKIT] ✅ Clicked generic NEXT button
[ppc-m-ca][DESKTOP][WEBKIT] 🔘 Filling Contact Info (Dynamic Loop)...
[ppc-m-ca][DESKTOP][WEBKIT] ✅ Filled First Name: ckmtestpixel
[ppc-m-ca][DESKTOP][WEBKIT] ✅ Filled Last Name: ckmtestpixel
[ppc-m-ca][DESKTOP][WEBKIT] ✅ Filled Email: ckmtestpixel@gmail.com
[ppc-m-ca][DESKTOP][WEBKIT] ✅ Filled Phone: 405-507-5965
[ppc-m-ca][DESKTOP][WEBKIT] 🔘 Clicking active contact NEXT/SUBMIT button...
[ppc-m-ca][DESKTOP][WEBKIT] [STDERR] ❌ Error during form filling: locator.click: Timeout 25000ms exceeded.
Call log:
[2m  - waiting for locator('#primary_phone:visible, #phone:visible, #phone_home:visible, input[name="phone"]:visible, input[name="phone_home"]:visible, input[name="primary_phone"]:visible, input[type="tel"]:visible').first()[22m
[2m    - locator resolved to <input type="tel" tabindex="0" id="primary_phone" placeholder="Phone" name="primary_phone" aria-invalid="false" class="form-control valid"/>[22m
[2m  - attempting click action[22m
[2m    - waiting for element to be visible, enabled and stable[22m
[2m  - element was detached from the DOM, retrying[22m

[ppc-m-ca][DESKTOP][WEBKIT] [STDERR] ❌ Failed processing PPC-M-CA: locator.click: Timeout 25000ms exceeded.
Call log:
[2m  - waiting for locator('#primary_phone:visible, #phone:visible, #phone_home:visible, input[name="phone"]:visible, input[name="phone_home"]:visible, input[name="primary_phone"]:visible, input[type="tel"]:visible').first()[22m
[2m    - locator resolved to <input type="tel" tabindex="0" id="primary_phone" placeholder="Phone" name="primary_phone" aria-invalid="false" class="form-control valid"/>[22m
[2m  - attempting click action[22m
[2m    - waiting for element to be visible, enabled and stable[22m
[2m  - element was detached from the DOM, retrying[22m

[ppc-m-ca][DESKTOP][WEBKIT] 
✅ Execution successfully processed! {
  success: false,
  error: 'locator.click: Timeout 25000ms exceeded.\n' +
    'Call log:\n' +
    `\x1B[2m  - waiting for locator('#primary_phone:visible, #phone:visible, #phone_home:visible, input[name="phone"]:visible, input[name="phone_home"]:visible, input[name="primary_phone"]:visible, input[type="tel"]:visible').first()\x1B[22m\n` +
    '\x1B[2m    - locator resolved to <input type="tel" tabindex="0" id="primary_phone" placeholder="Phone" name="primary_phone" aria-invalid="false" class="form-control valid"/>\x1B[22m\n' +
    '\x1B[2m  - attempting click action\x1B[22m\n' +
    '\x1B[2m    - waiting for element to be visible, enabled and stable\x1B[22m\n' +
    '\x1B[2m  - element was detached from the DOM, retrying\x1B[22m\n',
  brand: 'PPC-M-CA'
}
[ppc-m-ca][DESKTOP][WEBKIT] 📋 Trace report successfully saved: traces/ppc-m-ca_desktop.zip
✅ [13/5/2026, 4:22:00 pm] COMPLETED: ppc-m-ca [DESKTOP][WEBKIT]

================================================================
🚀 [13/5/2026, 4:22:02 pm] RUNNING: PPC-M-CA (TABLET) on WEBKIT
🔗 Target URL: https://flmtra.com/?a=659&oc=822&c=2210&s1=
================================================================
[ppc-m-ca][TABLET][WEBKIT] 🔌 [Browser Interceptor] Intercepting and optimizing engine: WEBKIT
[ppc-m-ca][TABLET][WEBKIT] ◇ injected env (0) from .env // tip: ⌘ custom filepath { path: '/custom/path/.env' }
[ppc-m-ca][TABLET][WEBKIT] ◇ injected env (0) from .env // tip: ◈ secrets for agents [www.dotenvx.com]
[ppc-m-ca][TABLET][WEBKIT] ◇ injected env (0) from .env // tip: ⌘ custom filepath { path: '/custom/path/.env' }
[ppc-m-ca][TABLET][WEBKIT] ◇ injected env (0) from .env // tip: ⌘ multiple files { path: ['.env.local', '.env'] }
[ppc-m-ca][TABLET][WEBKIT] 
🤖 ================================================================
[ppc-m-ca][TABLET][WEBKIT] 🤖 MASTER RUNNER: LAUNCHING PPC-M-CA
🤖 Mode:            TABLET
🤖 Tracking URL:     https://flmtra.com/?a=659&oc=822&c=2210&s1=
[ppc-m-ca][TABLET][WEBKIT] 🤖 Target Sheet:    PPC/M/CA
[ppc-m-ca][TABLET][WEBKIT] 🤖 ================================================================
[ppc-m-ca][TABLET][WEBKIT] 📋 Emulated Device Profile: TABLET (iPad Pro 11)
[ppc-m-ca][TABLET][WEBKIT] ⏳ Delaying 2 seconds to allow responsive layouts to mount...
[ppc-m-ca][TABLET][WEBKIT] 🔄 Processing lead for brand: PPC-M-CA Tablet
[ppc-m-ca][TABLET][WEBKIT] 🔗 [Mobile] Navigating to: https://flmtra.com/?a=659&oc=822&c=2210&s1=
[ppc-m-ca][TABLET][WEBKIT] ✅ [Mobile] Page loaded successfully
[ppc-m-ca][TABLET][WEBKIT] 💻 [Tablet] Injecting high-fidelity glossy iPad Pro mockup frame...
[ppc-m-ca][TABLET][WEBKIT] 💻 [Tablet] Injecting high-fidelity glossy iPad Pro mockup frame...
[ppc-m-ca][TABLET][WEBKIT] 📝 [Mobile] Starting mobile-specific form filling...
[ppc-m-ca][TABLET][WEBKIT] 🔘 [Mobile] Step 1: Selecting Debt Amount (50,000)
[ppc-m-ca][TABLET][WEBKIT] ✅ [Mobile] Selected debt amount: span:has-text("$50k")
[ppc-m-ca][TABLET][WEBKIT] 🔘 [Mobile] Clicking active visible button: .next-btn1:visible, .btn-next:visible
[ppc-m-ca][TABLET][WEBKIT] ✅ [Mobile] Clicked: .next-btn1:visible, .btn-next:visible
[ppc-m-ca][TABLET][WEBKIT] 💻 [Tablet] Injecting high-fidelity glossy iPad Pro mockup frame...
[ppc-m-ca][TABLET][WEBKIT] ✅ [Mobile] Reached a recognized terminal step (State or Contact). Stopping dynamic traversal.
[ppc-m-ca][TABLET][WEBKIT] 🔘 [Mobile] Step 2: Selecting State
[ppc-m-ca][TABLET][WEBKIT] 📝 [Mobile] step3 column set to State: "TX"
[ppc-m-ca][TABLET][WEBKIT] 🔘 [Mobile] Clicking active visible button: .next-btn:visible, .next-btn2:visible, .btn-next:visible
[ppc-m-ca][TABLET][WEBKIT] ✅ [Mobile] Clicked: .next-btn:visible, .next-btn2:visible, .btn-next:visible
[ppc-m-ca][TABLET][WEBKIT] 💻 [Tablet] Injecting high-fidelity glossy iPad Pro mockup frame...
[ppc-m-ca][TABLET][WEBKIT] 🔘 [Mobile] Step 3: Filling Contact Info (Dynamic Loop)...
[ppc-m-ca][TABLET][WEBKIT] 💻 [Tablet] Injecting high-fidelity glossy iPad Pro mockup frame...
[ppc-m-ca][TABLET][WEBKIT] ✅ [Mobile] Filled First Name: ckmtestpixel
[ppc-m-ca][TABLET][WEBKIT] ✅ [Mobile] Filled Last Name: ckmtestpixel
[ppc-m-ca][TABLET][WEBKIT] ✅ [Mobile] Filled Email: ckmtestpixel@gmail.com
[ppc-m-ca][TABLET][WEBKIT] ✅ [Mobile] Filled Phone: 405-507-5965
[ppc-m-ca][TABLET][WEBKIT] 🔘 [Mobile] Clicking active contact NEXT/SUBMIT button...
[ppc-m-ca][TABLET][WEBKIT] 💻 [Tablet] Injecting high-fidelity glossy iPad Pro mockup frame...
[ppc-m-ca][TABLET][WEBKIT] ✅ [Mobile] Filled Phone: 405-507-5965
[ppc-m-ca][TABLET][WEBKIT] 🔘 [Mobile] No active contact NEXT/SUBMIT button visible. Exiting loop.
[ppc-m-ca][TABLET][WEBKIT] 🔘 [Mobile] Scanning for additional dynamic steps...
[ppc-m-ca][TABLET][WEBKIT] 🔘 [Mobile] Submitting form
[ppc-m-ca][TABLET][WEBKIT] ⏳ [Mobile] Waiting for submission navigation to complete
[ppc-m-ca][TABLET][WEBKIT] ⏳ [Mobile] Waiting for final Thank You page redirection...
[ppc-m-ca][TABLET][WEBKIT] ✅ [Mobile] Targeted final redirect URL achieved!
[ppc-m-ca][TABLET][WEBKIT] ✅ [Mobile] Final Thank You URL: https://tra.com/thank-you?debt=10000&leadid=DDF35443&reqid=26774890&affid=659&oid=133&page=tra_ppcm_ca
[ppc-m-ca][TABLET][WEBKIT] ✅ [Mobile] Extracted Lead ID: DDF35443
📱 Device Type detected: T-WEBKIT
[ppc-m-ca][TABLET][WEBKIT] ✅ Lead captured: DDF35443
[ppc-m-ca][TABLET][WEBKIT] 📡 Fetching First API data for Lead ID: DDF35443...
[ppc-m-ca][TABLET][WEBKIT] 📡 Raw XML Response: {
  "lead_info_response": {
    "$": {
      "xmlns:xsd": "http://www.w3.org/2001/XMLSchema",
      "xmlns:xsi": "http://www.w3.org/2001/XMLSchema-instance",
      "xmlns": "http://cakemarketing.com/api/1/"
    },
    "success": "true",
    "row_count": "1",
    "lead_id": "DDF35443",
    "personal_info": {
      "first_name": "CKMTESTPIXEL",
      "last_name": "CKMTESTPIXEL",
      "email_address": "ckmtestpixel@gmail.com",
      "address": {
        "street": "",
        "city": "",
        "state": "TX",
        "zip_code": "88566",
        "country": ""
      },
      "ip_address": "42.104.216.74",
      "phone_work": "",
      "phone_home": "405-507-5965",
      "phone_cell": "",
      "best_call_time": "",
      "opt_in": "false"
    },
    "traffic_info": {
      "lead_date": "2026-05-13T03:53:07.533",
      "payout": {
        "currency_id": "1",
        "amount": "0.0000",
        "formatted_amount": "$0.00"
      },
      "affiliate": {
        "affiliate_id": {
          "_": "659",
          "$": {
            "xmlns": "API:id_name_store"
          }
        },
        "affiliate_name": {
          "_": "QA affiliate",
          "$": {
            "xmlns": "API:id_name_store"
          }
        }
      },
      "campaign": {
        "campaign_id": {
          "_": "4362",
          "$": {
            "xmlns": "API:id_name_store"
          }
        },
        "campaign_name": {
          "_": "TRA.com CPL - PPC M/CA - CPA - $1.00",
          "$": {
            "xmlns": "API:id_name_store"
          }
        }
      },
      "creative_id": "2210",
      "subid_1": "",
      "subid_2": "",
      "subid_3": "",
      "subid_4": "",
      "subid_5": "",
      "referrer": "",
      "pixel_fired": "true",
      "returned_to_affiliate": "false",
      "test": "true",
      "upsell": "false"
    },
    "all_vertical_data": {
      "data": {
        "$": {
          "xmlns": ""
        },
        "tax_debt": "10000",
        "universal_leadid": "816A53EB-0217-13B2-9090-0679BE5952D0",
        "affid": "659",
        "TCPA_checkbox": "1",
        "reqid": "26774890",
        "page": "https://tra.com/ppcm/ca",
        "neustar": "fail",
        "neustar_disposition": "N,U,A1,L,0",
        "first_name_lower": "ckmtestpixel",
        "last_name_lower": "ckmtestpixel",
        "opt_special_offers": "on",
        "ckm_campaign_id": "4362"
      }
    },
    "dispositions": {
      "disposition": [
        {
          "disposition_type": "Not Paid For",
          "reason": "Unmatched Filter",
          "filter": "Nuestar Fail"
        },
        {
          "disposition_type": "Sent to Review Queue",
          "reason": "neustar: This value is not valid",
          "filter": "Equals Value"
        }
      ]
    },
    "pings": "",
    "posts": "",
    "sales": ""
  }
}
[ppc-m-ca][TABLET][WEBKIT] ✅ First API Data retrieved on attempt 1
[ppc-m-ca][TABLET][WEBKIT] 📡 Fetching Second API data for Lead ID: DDF35443...
[ppc-m-ca][TABLET][WEBKIT] 📡 Standard Second API Payload: cake_id=DDF35443, domain_name=https://www.taxreliefadvocates.com
[ppc-m-ca][TABLET][WEBKIT] [STDERR] (node:20972) Warning: Setting the NODE_TLS_REJECT_UNAUTHORIZED environment variable to '0' makes TLS connections and HTTPS requests insecure by disabling certificate verification.
(Use `node --trace-warnings ...` to show where the warning was created)
[ppc-m-ca][TABLET][WEBKIT] [STDERR] ❌ Second API Attempt 1 failed: Request failed with status code 404
[ppc-m-ca][TABLET][WEBKIT] ⏳ Retrying in 3 seconds to allow database synchronization...
[ppc-m-ca][TABLET][WEBKIT] 📡 Standard Second API Payload: cake_id=DDF35443, domain_name=https://www.taxreliefadvocates.com
[ppc-m-ca][TABLET][WEBKIT] [STDERR] ❌ Second API Attempt 2 failed: Request failed with status code 404
[ppc-m-ca][TABLET][WEBKIT] ⏳ Retrying in 3 seconds to allow database synchronization...
[ppc-m-ca][TABLET][WEBKIT] 📡 Standard Second API Payload: cake_id=DDF35443, domain_name=https://www.taxreliefadvocates.com
[ppc-m-ca][TABLET][WEBKIT] [STDERR] ❌ Second API Attempt 3 failed: Request failed with status code 404
[ppc-m-ca][TABLET][WEBKIT] ⏳ Retrying in 3 seconds to allow database synchronization...
[ppc-m-ca][TABLET][WEBKIT] 📡 Standard Second API Payload: cake_id=DDF35443, domain_name=https://www.taxreliefadvocates.com
[ppc-m-ca][TABLET][WEBKIT] [STDERR] ❌ Second API Attempt 4 failed: Request failed with status code 404
[ppc-m-ca][TABLET][WEBKIT] ⏳ Retrying in 3 seconds to allow database synchronization...
[ppc-m-ca][TABLET][WEBKIT] 📡 Standard Second API Payload: cake_id=DDF35443, domain_name=https://www.taxreliefadvocates.com
[ppc-m-ca][TABLET][WEBKIT] [STDERR] ❌ Second API Attempt 5 failed: Request failed with status code 404
[ppc-m-ca][TABLET][WEBKIT] [STDERR] ❌ Error: Sheet "PPC/M/CA" does not exist in the Google Spreadsheet. Aborting append to prevent creating unexpected tabs.
[ppc-m-ca][TABLET][WEBKIT] [STDERR] ❌ Google Sheets Error: ❌ Error: Sheet "PPC/M/CA" does not exist in the Google Spreadsheet. Aborting append to prevent creating unexpected tabs.
❌ Failed processing PPC-M-CA Tablet: Failed to write to Google Sheets
[ppc-m-ca][TABLET][WEBKIT] 
✅ Execution successfully processed! {
  success: false,
  error: 'Failed to write to Google Sheets',
  brand: 'PPC-M-CA Tablet'
}
[ppc-m-ca][TABLET][WEBKIT] 📋 Trace report successfully saved: traces/ppc-m-ca_tablet.zip
✅ [13/5/2026, 4:24:04 pm] COMPLETED: ppc-m-ca [TABLET][WEBKIT]

================================================================
🚀 [13/5/2026, 4:24:06 pm] RUNNING: PPC-M-CA (MOBILE) on WEBKIT
🔗 Target URL: https://flmtra.com/?a=659&oc=822&c=2210&s1=
================================================================
[ppc-m-ca][MOBILE][WEBKIT] 🔌 [Browser Interceptor] Intercepting and optimizing engine: WEBKIT
[ppc-m-ca][MOBILE][WEBKIT] ◇ injected env (0) from .env // tip: ⌘ custom filepath { path: '/custom/path/.env' }
[ppc-m-ca][MOBILE][WEBKIT] ◇ injected env (0) from .env // tip: ◈ encrypted .env [www.dotenvx.com]
[ppc-m-ca][MOBILE][WEBKIT] ◇ injected env (0) from .env // tip: ◈ secrets for agents [www.dotenvx.com]
[ppc-m-ca][MOBILE][WEBKIT] ◇ injected env (0) from .env // tip: ◈ secrets for agents [www.dotenvx.com]
[ppc-m-ca][MOBILE][WEBKIT] 
🤖 ================================================================
🤖 MASTER RUNNER: LAUNCHING PPC-M-CA
[ppc-m-ca][MOBILE][WEBKIT] 🤖 Mode:            MOBILE
🤖 Tracking URL:     https://flmtra.com/?a=659&oc=822&c=2210&s1=
🤖 Target Sheet:    PPC/M/CA
[ppc-m-ca][MOBILE][WEBKIT] 🤖 ================================================================
[ppc-m-ca][MOBILE][WEBKIT] 📱 Emulated Device Profile: MOBILE (iPhone 17 Pro)
[ppc-m-ca][MOBILE][WEBKIT] ⏳ Delaying 2 seconds to allow responsive layouts to mount...
[ppc-m-ca][MOBILE][WEBKIT] 🔄 Processing lead for brand: PPC-M-CA Mobile
[ppc-m-ca][MOBILE][WEBKIT] 🔗 [Mobile] Navigating to: https://flmtra.com/?a=659&oc=822&c=2210&s1=
[ppc-m-ca][MOBILE][WEBKIT] ✅ [Mobile] Page loaded successfully
[ppc-m-ca][MOBILE][WEBKIT] 📱 [Mobile] Injecting high-fidelity glossy Natural Titanium iPhone 17 Pro mockup frame...
[ppc-m-ca][MOBILE][WEBKIT] 📱 [Mobile] Injecting high-fidelity glossy Natural Titanium iPhone 17 Pro mockup frame...
[ppc-m-ca][MOBILE][WEBKIT] 📝 [Mobile] Starting mobile-specific form filling...
[ppc-m-ca][MOBILE][WEBKIT] 🔘 [Mobile] Step 1: Selecting Debt Amount (50,000)
[ppc-m-ca][MOBILE][WEBKIT] ✅ [Mobile] Selected debt amount: span:has-text("$50k")
[ppc-m-ca][MOBILE][WEBKIT] 🔘 [Mobile] Clicking active visible button: .next-btn1:visible, .btn-next:visible
[ppc-m-ca][MOBILE][WEBKIT] ✅ [Mobile] Clicked: .next-btn1:visible, .btn-next:visible
[ppc-m-ca][MOBILE][WEBKIT] 📱 [Mobile] Injecting high-fidelity glossy Natural Titanium iPhone 17 Pro mockup frame...
[ppc-m-ca][MOBILE][WEBKIT] ✅ [Mobile] Reached a recognized terminal step (State or Contact). Stopping dynamic traversal.
[ppc-m-ca][MOBILE][WEBKIT] 🔘 [Mobile] Step 2: Selecting State
[ppc-m-ca][MOBILE][WEBKIT] 📝 [Mobile] step3 column set to State: "TX"
[ppc-m-ca][MOBILE][WEBKIT] 🔘 [Mobile] Clicking active visible button: .next-btn:visible, .next-btn2:visible, .btn-next:visible
[ppc-m-ca][MOBILE][WEBKIT] ✅ [Mobile] Clicked: .next-btn:visible, .next-btn2:visible, .btn-next:visible
[ppc-m-ca][MOBILE][WEBKIT] 📱 [Mobile] Injecting high-fidelity glossy Natural Titanium iPhone 17 Pro mockup frame...
[ppc-m-ca][MOBILE][WEBKIT] 🔘 [Mobile] Step 3: Filling Contact Info (Dynamic Loop)...
[ppc-m-ca][MOBILE][WEBKIT] 📱 [Mobile] Injecting high-fidelity glossy Natural Titanium iPhone 17 Pro mockup frame...
[ppc-m-ca][MOBILE][WEBKIT] ✅ [Mobile] Filled First Name: ckmtestpixel
[ppc-m-ca][MOBILE][WEBKIT] ✅ [Mobile] Filled Last Name: ckmtestpixel
[ppc-m-ca][MOBILE][WEBKIT] ✅ [Mobile] Filled Email: ckmtestpixel@gmail.com
[ppc-m-ca][MOBILE][WEBKIT] ✅ [Mobile] Filled Phone: 405-507-5965
[ppc-m-ca][MOBILE][WEBKIT] 🔘 [Mobile] Clicking active contact NEXT/SUBMIT button...
[ppc-m-ca][MOBILE][WEBKIT] 📱 [Mobile] Injecting high-fidelity glossy Natural Titanium iPhone 17 Pro mockup frame...
[ppc-m-ca][MOBILE][WEBKIT] ✅ [Mobile] Filled Phone: 405-507-5965
[ppc-m-ca][MOBILE][WEBKIT] 🔘 [Mobile] Clicking active contact NEXT/SUBMIT button...
[ppc-m-ca][MOBILE][WEBKIT] 📱 [Mobile] Injecting high-fidelity glossy Natural Titanium iPhone 17 Pro mockup frame...
[ppc-m-ca][MOBILE][WEBKIT] ✅ [Mobile] Filled Phone: 405-507-5965
[ppc-m-ca][MOBILE][WEBKIT] 🔘 [Mobile] Clicking active contact NEXT/SUBMIT button...
[ppc-m-ca][MOBILE][WEBKIT] 📱 [Mobile] Injecting high-fidelity glossy Natural Titanium iPhone 17 Pro mockup frame...
[ppc-m-ca][MOBILE][WEBKIT] ✅ [Mobile] Filled Phone: 405-507-5965
[ppc-m-ca][MOBILE][WEBKIT] 🔘 [Mobile] Clicking active contact NEXT/SUBMIT button...
[ppc-m-ca][MOBILE][WEBKIT] 📱 [Mobile] Injecting high-fidelity glossy Natural Titanium iPhone 17 Pro mockup frame...
[ppc-m-ca][MOBILE][WEBKIT] ✅ [Mobile] Filled Phone: 405-507-5965
[ppc-m-ca][MOBILE][WEBKIT] 🔘 [Mobile] No active contact NEXT/SUBMIT button visible. Exiting loop.
🔘 [Mobile] Scanning for additional dynamic steps...
[ppc-m-ca][MOBILE][WEBKIT] 🔘 [Mobile] Submitting form
[ppc-m-ca][MOBILE][WEBKIT] ⏳ [Mobile] Waiting for submission navigation to complete
[ppc-m-ca][MOBILE][WEBKIT] ⏳ [Mobile] Waiting for final Thank You page redirection...
[ppc-m-ca][MOBILE][WEBKIT] ✅ [Mobile] Targeted final redirect URL achieved!
[ppc-m-ca][MOBILE][WEBKIT] ✅ [Mobile] Final Thank You URL: https://tra.com/thank-you?debt=10000&leadid=7EAF2F3F&reqid=26774893&affid=659&oid=133&page=tra_ppcm_ca
[ppc-m-ca][MOBILE][WEBKIT] ✅ [Mobile] Extracted Lead ID: 7EAF2F3F
📱 Device Type detected: M-WEBKIT
[ppc-m-ca][MOBILE][WEBKIT] ✅ Lead captured: 7EAF2F3F
[ppc-m-ca][MOBILE][WEBKIT] 📡 Fetching First API data for Lead ID: 7EAF2F3F...
[ppc-m-ca][MOBILE][WEBKIT] 📡 Raw XML Response: {
  "lead_info_response": {
    "$": {
      "xmlns:xsd": "http://www.w3.org/2001/XMLSchema",
      "xmlns:xsi": "http://www.w3.org/2001/XMLSchema-instance",
      "xmlns": "http://cakemarketing.com/api/1/"
    },
    "success": "true",
    "row_count": "1",
    "lead_id": "7EAF2F3F",
    "personal_info": {
      "first_name": "CKMTESTPIXEL",
      "last_name": "CKMTESTPIXEL",
      "email_address": "ckmtestpixel@gmail.com",
      "address": {
        "street": "",
        "city": "",
        "state": "TX",
        "zip_code": "75486",
        "country": ""
      },
      "ip_address": "42.104.216.74",
      "phone_work": "",
      "phone_home": "405-507-5965",
      "phone_cell": "",
      "best_call_time": "",
      "opt_in": "false"
    },
    "traffic_info": {
      "lead_date": "2026-05-13T03:55:33.403",
      "payout": {
        "currency_id": "1",
        "amount": "0.0000",
        "formatted_amount": "$0.00"
      },
      "affiliate": {
        "affiliate_id": {
          "_": "659",
          "$": {
            "xmlns": "API:id_name_store"
          }
        },
        "affiliate_name": {
          "_": "QA affiliate",
          "$": {
            "xmlns": "API:id_name_store"
          }
        }
      },
      "campaign": {
        "campaign_id": {
          "_": "4362",
          "$": {
            "xmlns": "API:id_name_store"
          }
        },
        "campaign_name": {
          "_": "TRA.com CPL - PPC M/CA - CPA - $1.00",
          "$": {
            "xmlns": "API:id_name_store"
          }
        }
      },
      "creative_id": "2210",
      "subid_1": "",
      "subid_2": "",
      "subid_3": "",
      "subid_4": "",
      "subid_5": "",
      "referrer": "",
      "pixel_fired": "true",
      "returned_to_affiliate": "false",
      "test": "true",
      "upsell": "false"
    },
    "all_vertical_data": {
      "data": {
        "$": {
          "xmlns": ""
        },
        "tax_debt": "10000",
        "universal_leadid": "97924E95-73B6-332C-9B4A-A3CD8FE5D66F",
        "affid": "659",
        "TCPA_checkbox": "1",
        "reqid": "26774893",
        "page": "https://tra.com/ppcm/ca",
        "neustar": "fail",
        "neustar_disposition": "N,U,A1,L,0",
        "first_name_lower": "ckmtestpixel",
        "last_name_lower": "ckmtestpixel",
        "opt_special_offers": "on",
        "ckm_campaign_id": "4362"
      }
    },
    "dispositions": {
      "disposition": [
        {
          "disposition_type": "Not Paid For",
          "reason": "Unmatched Filter",
          "filter": "Nuestar Fail"
        },
        {
          "disposition_type": "Sent to Review Queue",
          "reason": "neustar: This value is not valid",
          "filter": "Equals Value"
        }
      ]
    },
    "pings": "",
    "posts": "",
    "sales": ""
  }
}
[ppc-m-ca][MOBILE][WEBKIT] ✅ First API Data retrieved on attempt 1
[ppc-m-ca][MOBILE][WEBKIT] 📡 Fetching Second API data for Lead ID: 7EAF2F3F...
[ppc-m-ca][MOBILE][WEBKIT] 📡 Standard Second API Payload: cake_id=7EAF2F3F, domain_name=https://www.taxreliefadvocates.com
[ppc-m-ca][MOBILE][WEBKIT] [STDERR] (node:13416) Warning: Setting the NODE_TLS_REJECT_UNAUTHORIZED environment variable to '0' makes TLS connections and HTTPS requests insecure by disabling certificate verification.
(Use `node --trace-warnings ...` to show where the warning was created)
[ppc-m-ca][MOBILE][WEBKIT] [STDERR] ❌ Second API Attempt 1 failed: Request failed with status code 404
[ppc-m-ca][MOBILE][WEBKIT] ⏳ Retrying in 3 seconds to allow database synchronization...
[ppc-m-ca][MOBILE][WEBKIT] 📡 Standard Second API Payload: cake_id=7EAF2F3F, domain_name=https://www.taxreliefadvocates.com
[ppc-m-ca][MOBILE][WEBKIT] [STDERR] ❌ Second API Attempt 2 failed: Request failed with status code 404
[ppc-m-ca][MOBILE][WEBKIT] ⏳ Retrying in 3 seconds to allow database synchronization...
[ppc-m-ca][MOBILE][WEBKIT] 📡 Standard Second API Payload: cake_id=7EAF2F3F, domain_name=https://www.taxreliefadvocates.com
[ppc-m-ca][MOBILE][WEBKIT] [STDERR] ❌ Second API Attempt 3 failed: Request failed with status code 404
[ppc-m-ca][MOBILE][WEBKIT] ⏳ Retrying in 3 seconds to allow database synchronization...
[ppc-m-ca][MOBILE][WEBKIT] 📡 Standard Second API Payload: cake_id=7EAF2F3F, domain_name=https://www.taxreliefadvocates.com
[ppc-m-ca][MOBILE][WEBKIT] [STDERR] ❌ Second API Attempt 4 failed: Request failed with status code 404
[ppc-m-ca][MOBILE][WEBKIT] ⏳ Retrying in 3 seconds to allow database synchronization...
[ppc-m-ca][MOBILE][WEBKIT] 📡 Standard Second API Payload: cake_id=7EAF2F3F, domain_name=https://www.taxreliefadvocates.com
[ppc-m-ca][MOBILE][WEBKIT] [STDERR] ❌ Second API Attempt 5 failed: Request failed with status code 404
[ppc-m-ca][MOBILE][WEBKIT] [STDERR] ❌ Error: Sheet "PPC/M/CA" does not exist in the Google Spreadsheet. Aborting append to prevent creating unexpected tabs.
[ppc-m-ca][MOBILE][WEBKIT] [STDERR] ❌ Google Sheets Error: ❌ Error: Sheet "PPC/M/CA" does not exist in the Google Spreadsheet. Aborting append to prevent creating unexpected tabs.
[ppc-m-ca][MOBILE][WEBKIT] [STDERR] ❌ Failed processing PPC-M-CA Mobile: Failed to write to Google Sheets
[ppc-m-ca][MOBILE][WEBKIT] 
✅ Execution successfully processed! {
  success: false,
  error: 'Failed to write to Google Sheets',
  brand: 'PPC-M-CA Mobile'
}
[ppc-m-ca][MOBILE][WEBKIT] 📋 Trace report successfully saved: traces/ppc-m-ca_mobile.zip
✅ [13/5/2026, 4:26:28 pm] COMPLETED: ppc-m-ca [MOBILE][WEBKIT]

================================================================
⚡ Running Campaign Viewports on Browser Engine: CHROMIUM - [PPC-CR]
================================================================

================================================================
🚀 [13/5/2026, 4:26:35 pm] RUNNING: PPC CR (DESKTOP) on CHROMIUM
🔗 Target URL: https://flmtra.com/?a=659&oc=848&c=2210&s1=
================================================================
[ppc-cr][DESKTOP][CHROMIUM] 🔌 [Browser Interceptor] Intercepting and optimizing engine: CHROMIUM
[ppc-cr][DESKTOP][CHROMIUM] ◇ injected env (0) from .env // tip: ⌘ override existing { override: true }
[ppc-cr][DESKTOP][CHROMIUM] ◇ injected env (0) from .env // tip: ⌘ override existing { override: true }
[ppc-cr][DESKTOP][CHROMIUM] ◇ injected env (0) from .env // tip: ⌘ custom filepath { path: '/custom/path/.env' }
[ppc-cr][DESKTOP][CHROMIUM] ◇ injected env (0) from .env // tip: ⌘ suppress logs { quiet: true }
[ppc-cr][DESKTOP][CHROMIUM] 
🤖 ================================================================
🤖 MASTER RUNNER: LAUNCHING PPC CR
🤖 Mode:            DESKTOP
🤖 Tracking URL:     https://flmtra.com/?a=659&oc=848&c=2210&s1=
[ppc-cr][DESKTOP][CHROMIUM] 🤖 Target Sheet:    PPC-CR
🤖 ================================================================
[ppc-cr][DESKTOP][CHROMIUM] 💻 Emulated Device Profile: DESKTOP
[ppc-cr][DESKTOP][CHROMIUM] 🔄 Processing lead for brand: PPC CR
[ppc-cr][DESKTOP][CHROMIUM] 🔗 Navigating to: https://flmtra.com/?a=659&oc=848&c=2210&s1=
[ppc-cr][DESKTOP][CHROMIUM] ✅ Page loaded successfully
[ppc-cr][DESKTOP][CHROMIUM] 📝 Starting multi-step form filling process...
[ppc-cr][DESKTOP][CHROMIUM] 🔘 Step 1: Handling Debt Amount (1000)
[ppc-cr][DESKTOP][CHROMIUM] ✅ Selected debt amount via regex fallback
[ppc-cr][DESKTOP][CHROMIUM] 🔘 Attempting to click .next-btn1, .btn-next
[ppc-cr][DESKTOP][CHROMIUM] ✅ Clicked .next-btn1, .btn-next
[ppc-cr][DESKTOP][CHROMIUM] ✅ Reached a recognized terminal step (State or Contact). Stopping dynamic traversal.
[ppc-cr][DESKTOP][CHROMIUM] 🔘 Step: Selecting State
[ppc-cr][DESKTOP][CHROMIUM] 📝 step3 column set to State: "South Carolina"
[ppc-cr][DESKTOP][CHROMIUM] 🔘 Clicking generic NEXT button
[ppc-cr][DESKTOP][CHROMIUM] ✅ Clicked generic NEXT button
[ppc-cr][DESKTOP][CHROMIUM] 🔘 Filling Contact Info (Dynamic Loop)...
[ppc-cr][DESKTOP][CHROMIUM] ✅ Filled First Name: ckmtestpixel
[ppc-cr][DESKTOP][CHROMIUM] ✅ Filled Last Name: ckmtestpixel
[ppc-cr][DESKTOP][CHROMIUM] ✅ Filled Email: ckmtestpixel@gmail.com
[ppc-cr][DESKTOP][CHROMIUM] ✅ Filled Phone: 803-726-7050
[ppc-cr][DESKTOP][CHROMIUM] 🔘 Clicking active contact NEXT/SUBMIT button...
[ppc-cr][DESKTOP][CHROMIUM] [STDERR] ❌ Error during form filling: locator.click: Timeout 25000ms exceeded.
Call log:
[2m  - waiting for locator('#primary_phone:visible, #phone:visible, #phone_home:visible, input[name="phone"]:visible, input[name="phone_home"]:visible, input[name="primary_phone"]:visible, input[type="tel"]:visible').first()[22m
[2m    - locator resolved to <input type="tel" id="primary_phone" placeholder="Phone" name="primary_phone" aria-invalid="false" class="form-control valid" data-gtm-form-interact-field-id="4"/>[22m
[2m  - attempting click action[22m
[2m    2 × waiting for element to be visible, enabled and stable[22m
[2m      - element is visible, enabled and stable[22m
[2m      - scrolling into view if needed[22m
[2m      - done scrolling[22m
[2m      - <div class="loader">Loading…</div> intercepts pointer events[22m
[2m    - retrying click action[22m
[2m    - waiting 20ms[22m
[2m    2 × waiting for element to be visible, enabled and stable[22m
[2m      - element is visible, enabled and stable[22m
[2m      - scrolling into view if needed[22m
[2m      - done scrolling[22m
[2m      - <div class="loader">Loading…</div> intercepts pointer events[22m
[2m    - retrying click action[22m
[2m      - waiting 100ms[22m
[2m    2 × waiting for element to be visible, enabled and stable[22m
[2m      - element is visible, enabled and stable[22m
[2m      - scrolling into view if needed[22m
[2m      - done scrolling[22m
[2m      - <div class="loader">Loading…</div> intercepts pointer events[22m
[2m    - retrying click action[22m
[2m      - waiting 500ms[22m
[2m    - waiting for" https://tra.com/thank-you?debt=10000&leadid=928E4B11&reqid=26774899&affid=659&oid=133" navigation to finish...[22m
[2m    - navigated to "https://tra.com/thank-you?debt=10000&leadid=928E4B11&reqid=26774899&affid=659&oid=133"[22m
[2m    - waiting for element to be visible, enabled and stable[22m
[2m  - element was detached from the DOM, retrying[22m

[ppc-cr][DESKTOP][CHROMIUM] [STDERR] ❌ Failed processing PPC CR: locator.click: Timeout 25000ms exceeded.
Call log:
[2m  - waiting for locator('#primary_phone:visible, #phone:visible, #phone_home:visible, input[name="phone"]:visible, input[name="phone_home"]:visible, input[name="primary_phone"]:visible, input[type="tel"]:visible').first()[22m
[2m    - locator resolved to <input type="tel" id="primary_phone" placeholder="Phone" name="primary_phone" aria-invalid="false" class="form-control valid" data-gtm-form-interact-field-id="4"/>[22m
[2m  - attempting click action[22m
[2m    2 × waiting for element to be visible, enabled and stable[22m
[2m      - element is visible, enabled and stable[22m
[2m      - scrolling into view if needed[22m
[2m      - done scrolling[22m
[2m      - <div class="loader">Loading…</div> intercepts pointer events[22m
[2m    - retrying click action[22m
[2m    - waiting 20ms[22m
[2m    2 × waiting for element to be visible, enabled and stable[22m
[2m      - element is visible, enabled and stable[22m
[2m      - scrolling into view if needed[22m
[2m      - done scrolling[22m
[2m      - <div class="loader">Loading…</div> intercepts pointer events[22m
[2m    - retrying click action[22m
[2m      - waiting 100ms[22m
[2m    2 × waiting for element to be visible, enabled and stable[22m
[2m      - element is visible, enabled and stable[22m
[2m      - scrolling into view if needed[22m
[2m      - done scrolling[22m
[2m      - <div class="loader">Loading…</div> intercepts pointer events[22m
[2m    - retrying click action[22m
[2m      - waiting 500ms[22m
[2m    - waiting for" https://tra.com/thank-you?debt=10000&leadid=928E4B11&reqid=26774899&affid=659&oid=133" navigation to finish...[22m
[2m    - navigated to "https://tra.com/thank-you?debt=10000&leadid=928E4B11&reqid=26774899&affid=659&oid=133"[22m
[2m    - waiting for element to be visible, enabled and stable[22m
[2m  - element was detached from the DOM, retrying[22m

[ppc-cr][DESKTOP][CHROMIUM] 
✅ Execution successfully processed! {
  success: false,
  error: 'locator.click: Timeout 25000ms exceeded.\n' +
    'Call log:\n' +
    `\x1B[2m  - waiting for locator('#primary_phone:visible, #phone:visible, #phone_home:visible, input[name="phone"]:visible, input[name="phone_home"]:visible, input[name="primary_phone"]:visible, input[type="tel"]:visible').first()\x1B[22m\n` +
    '\x1B[2m    - locator resolved to <input type="tel" id="primary_phone" placeholder="Phone" name="primary_phone" aria-invalid="false" class="form-control valid" data-gtm-form-interact-field-id="4"/>\x1B[22m\n' +
    '\x1B[2m  - attempting click action\x1B[22m\n' +
    '\x1B[2m    2 × waiting for element to be visible, enabled and stable\x1B[22m\n' +
    '\x1B[2m      - element is visible, enabled and stable\x1B[22m\n' +
    '\x1B[2m      - scrolling into view if needed\x1B[22m\n' +
    '\x1B[2m      - done scrolling\x1B[22m\n' +
    '\x1B[2m      - <div class="loader">Loading…</div> intercepts pointer events\x1B[22m\n' +
    '\x1B[2m    - retrying click action\x1B[22m\n' +
    '\x1B[2m    - waiting 20ms\x1B[22m\n' +
    '\x1B[2m    2 × waiting for element to be visible, enabled and stable\x1B[22m\n' +
    '\x1B[2m      - element is visible, enabled and stable\x1B[22m\n' +
    '\x1B[2m      - scrolling into view if needed\x1B[22m\n' +
    '\x1B[2m      - done scrolling\x1B[22m\n' +
    '\x1B[2m      - <div class="loader">Loading…</div> intercepts pointer events\x1B[22m\n' +
    '\x1B[2m    - retrying click action\x1B[22m\n' +
    '\x1B[2m      - waiting 100ms\x1B[22m\n' +
    '\x1B[2m    2 × waiting for element to be visible, enabled and stable\x1B[22m\n' +
    '\x1B[2m      - element is visible, enabled and stable\x1B[22m\n' +
    '\x1B[2m      - scrolling into view if needed\x1B[22m\n' +
    '\x1B[2m      - done scrolling\x1B[22m\n' +
    '\x1B[2m      - <div class="loader">Loading…</div> intercepts pointer events\x1B[22m\n' +
    '\x1B[2m    - retrying click action\x1B[22m\n' +
    '\x1B[2m      - waiting 500ms\x1B[22m\n' +
    '\x1B[2m    - waiting for" https://tra.com/thank-you?debt=10000&leadid=928E4B11&reqid=26774899&affid=659&oid=133" navigation to finish...\x1B[22m\n' +
    '\x1B[2m    - navigated to "https://tra.com/thank-you?debt=10000&leadid=928E4B11&reqid=26774899&affid=659&oid=133"\x1B[22m\n' +
    '\x1B[2m    - waiting for element to be visible, enabled and stable\x1B[22m\n' +
    '\x1B[2m  - element was detached from the DOM, retrying\x1B[22m\n',
  brand: 'PPC CR'
}
[ppc-cr][DESKTOP][CHROMIUM] 📋 Trace report successfully saved: traces/ppc-cr_desktop.zip
✅ [13/5/2026, 4:28:01 pm] COMPLETED: ppc-cr [DESKTOP][CHROMIUM]

================================================================
🚀 [13/5/2026, 4:28:03 pm] RUNNING: PPC CR (TABLET) on CHROMIUM
🔗 Target URL: https://flmtra.com/?a=659&oc=848&c=2210&s1=
================================================================
[ppc-cr][TABLET][CHROMIUM] 🔌 [Browser Interceptor] Intercepting and optimizing engine: CHROMIUM
[ppc-cr][TABLET][CHROMIUM] ◇ injected env (0) from .env // tip: ⌘ override existing { override: true }
[ppc-cr][TABLET][CHROMIUM] ◇ injected env (0) from .env // tip: ◈ secrets for agents [www.dotenvx.com]
[ppc-cr][TABLET][CHROMIUM] ◇ injected env (0) from .env // tip: ⌘ multiple files { path: ['.env.local', '.env'] }
[ppc-cr][TABLET][CHROMIUM] ◇ injected env (0) from .env // tip: ⌘ override existing { override: true }
[ppc-cr][TABLET][CHROMIUM] 
🤖 ================================================================
[ppc-cr][TABLET][CHROMIUM] 🤖 MASTER RUNNER: LAUNCHING PPC CR
🤖 Mode:            TABLET
🤖 Tracking URL:     https://flmtra.com/?a=659&oc=848&c=2210&s1=
[ppc-cr][TABLET][CHROMIUM] 🤖 Target Sheet:    PPC-CR
🤖 ================================================================
[ppc-cr][TABLET][CHROMIUM] 📋 Emulated Device Profile: TABLET (iPad Pro 11)
[ppc-cr][TABLET][CHROMIUM] ⏳ Delaying 2 seconds to allow responsive layouts to mount...
[ppc-cr][TABLET][CHROMIUM] 🔄 Processing lead for brand: PPC CR Tablet
[ppc-cr][TABLET][CHROMIUM] 🔗 [Mobile] Navigating to: https://flmtra.com/?a=659&oc=848&c=2210&s1=
[ppc-cr][TABLET][CHROMIUM] ✅ [Mobile] Page loaded successfully
[ppc-cr][TABLET][CHROMIUM] 💻 [Tablet] Injecting high-fidelity glossy iPad Pro mockup frame...
[ppc-cr][TABLET][CHROMIUM] 💻 [Tablet] Injecting high-fidelity glossy iPad Pro mockup frame...
[ppc-cr][TABLET][CHROMIUM] 📝 [Mobile] Starting mobile-specific form filling...
[ppc-cr][TABLET][CHROMIUM] 🔘 [Mobile] Step 1: Selecting Debt Amount (1000)
[ppc-cr][TABLET][CHROMIUM] ✅ [Mobile] Selected debt amount via regex fallback
[ppc-cr][TABLET][CHROMIUM] 🔘 [Mobile] Clicking active visible button: .next-btn1:visible, .btn-next:visible
[ppc-cr][TABLET][CHROMIUM] ✅ [Mobile] Clicked: .next-btn1:visible, .btn-next:visible
[ppc-cr][TABLET][CHROMIUM] 💻 [Tablet] Injecting high-fidelity glossy iPad Pro mockup frame...
[ppc-cr][TABLET][CHROMIUM] ✅ [Mobile] Reached a recognized terminal step (State or Contact). Stopping dynamic traversal.
[ppc-cr][TABLET][CHROMIUM] 🔘 [Mobile] Step 2: Selecting State
[ppc-cr][TABLET][CHROMIUM] 📝 [Mobile] step3 column set to State: "South Carolina"
[ppc-cr][TABLET][CHROMIUM] 🔘 [Mobile] Clicking active visible button: .next-btn:visible, .next-btn2:visible, .btn-next:visible
[ppc-cr][TABLET][CHROMIUM] ✅ [Mobile] Clicked: .next-btn:visible, .next-btn2:visible, .btn-next:visible
[ppc-cr][TABLET][CHROMIUM] 💻 [Tablet] Injecting high-fidelity glossy iPad Pro mockup frame...
[ppc-cr][TABLET][CHROMIUM] 🔘 [Mobile] Step 3: Filling Contact Info (Dynamic Loop)...
[ppc-cr][TABLET][CHROMIUM] 💻 [Tablet] Injecting high-fidelity glossy iPad Pro mockup frame...
[ppc-cr][TABLET][CHROMIUM] ✅ [Mobile] Filled First Name: ckmtestpixel
[ppc-cr][TABLET][CHROMIUM] ✅ [Mobile] Filled Last Name: ckmtestpixel
[ppc-cr][TABLET][CHROMIUM] ✅ [Mobile] Filled Email: ckmtestpixel@gmail.com
[ppc-cr][TABLET][CHROMIUM] ✅ [Mobile] Filled Phone: 803-726-7050
[ppc-cr][TABLET][CHROMIUM] 🔘 [Mobile] Clicking active contact NEXT/SUBMIT button...
[ppc-cr][TABLET][CHROMIUM] 💻 [Tablet] Injecting high-fidelity glossy iPad Pro mockup frame...
[ppc-cr][TABLET][CHROMIUM] ✅ [Mobile] Filled Phone: 803-726-7050
[ppc-cr][TABLET][CHROMIUM] 🔘 [Mobile] No active contact NEXT/SUBMIT button visible. Exiting loop.
🔘 [Mobile] Scanning for additional dynamic steps...
[ppc-cr][TABLET][CHROMIUM] 🔘 [Mobile] Submitting form
[ppc-cr][TABLET][CHROMIUM] ⏳ [Mobile] Waiting for submission navigation to complete
[ppc-cr][TABLET][CHROMIUM] ⏳ [Mobile] Waiting for final Thank You page redirection...
[ppc-cr][TABLET][CHROMIUM] ✅ [Mobile] Targeted final redirect URL achieved!
[ppc-cr][TABLET][CHROMIUM] ✅ [Mobile] Final Thank You URL: https://tra.com/thank-you?debt=10000&leadid=C1C18A22&reqid=26774904&affid=659&oid=133
[ppc-cr][TABLET][CHROMIUM] ✅ [Mobile] Extracted Lead ID: C1C18A22
📱 Device Type detected: T-CHROMIUM
[ppc-cr][TABLET][CHROMIUM] ✅ Lead captured: C1C18A22
[ppc-cr][TABLET][CHROMIUM] 📡 Fetching First API data for Lead ID: C1C18A22...
[ppc-cr][TABLET][CHROMIUM] 📡 Raw XML Response: {
  "lead_info_response": {
    "$": {
      "xmlns:xsd": "http://www.w3.org/2001/XMLSchema",
      "xmlns:xsi": "http://www.w3.org/2001/XMLSchema-instance",
      "xmlns": "http://cakemarketing.com/api/1/"
    },
    "success": "true",
    "row_count": "1",
    "lead_id": "C1C18A22",
    "personal_info": {
      "first_name": "CKMTESTPIXEL",
      "last_name": "CKMTESTPIXEL",
      "email_address": "ckmtestpixel@gmail.com",
      "address": {
        "street": "",
        "city": "",
        "state": "SC",
        "zip_code": "29581",
        "country": ""
      },
      "ip_address": "42.104.216.74",
      "phone_work": "",
      "phone_home": "803-726-7050",
      "phone_cell": "",
      "best_call_time": "",
      "opt_in": "false"
    },
    "traffic_info": {
      "lead_date": "2026-05-13T03:58:49.11",
      "payout": {
        "currency_id": "1",
        "amount": "0.0000",
        "formatted_amount": "$0.00"
      },
      "affiliate": {
        "affiliate_id": {
          "_": "659",
          "$": {
            "xmlns": "API:id_name_store"
          }
        },
        "affiliate_name": {
          "_": "QA affiliate",
          "$": {
            "xmlns": "API:id_name_store"
          }
        }
      },
      "campaign": {
        "campaign_id": {
          "_": "4510",
          "$": {
            "xmlns": "API:id_name_store"
          }
        },
        "campaign_name": {
          "_": "TRA.com CPL - PPC CR - CPA - $1.00",
          "$": {
            "xmlns": "API:id_name_store"
          }
        }
      },
      "creative_id": "2210",
      "subid_1": "",
      "subid_2": "",
      "subid_3": "",
      "subid_4": "",
      "subid_5": "",
      "referrer": "",
      "pixel_fired": "true",
      "returned_to_affiliate": "false",
      "test": "true",
      "upsell": "false"
    },
    "all_vertical_data": {
      "data": {
        "$": {
          "xmlns": ""
        },
        "tax_debt": "10000",
        "universal_leadid": "17CAAFFE-3050-A42A-37A2-31FBED3A7E8B",
        "affid": "659",
        "TCPA_checkbox": "1",
        "reqid": "26774904",
        "page": "https://tra.com/ppc/cr",
        "neustar": "pass",
        "neustar_disposition": "N,U,A3,L,0",
        "first_name_lower": "ckmtestpixel",
        "last_name_lower": "ckmtestpixel",
        "opt_special_offers": "on",
        "ckm_campaign_id": "4510"
      }
    },
    "dispositions": "",
    "pings": "",
    "posts": "",
    "sales": ""
  }
}
✅ First API Data retrieved on attempt 1
[ppc-cr][TABLET][CHROMIUM] [STDERR] (node:5680) Warning: Setting the NODE_TLS_REJECT_UNAUTHORIZED environment variable to '0' makes TLS connections and HTTPS requests insecure by disabling certificate verification.
(Use `node --trace-warnings ...` to show where the warning was created)
[ppc-cr][TABLET][CHROMIUM] ✅ Row appended successfully to sheet: PPC-CR
[ppc-cr][TABLET][CHROMIUM] ✨ Professional formatting applied to PPC-CR
✅ Lead processed successfully for PPC CR Tablet
[ppc-cr][TABLET][CHROMIUM] 🎥 Video saved successfully: traces/videos/PPC-CR_PPC_CR_Tablet.webm
[ppc-cr][TABLET][CHROMIUM] 
✅ Execution successfully processed! { success: true, leadId: 'C1C18A22', brand: 'PPC CR Tablet' }
[ppc-cr][TABLET][CHROMIUM] [STDERR] ❌ Automation Run encountered a fatal exception: tracing.stop: Target page, context or browser has been closed
✅ [13/5/2026, 4:29:27 pm] COMPLETED: ppc-cr [TABLET][CHROMIUM]

================================================================
🚀 [13/5/2026, 4:29:29 pm] RUNNING: PPC CR (MOBILE) on CHROMIUM
🔗 Target URL: https://flmtra.com/?a=659&oc=848&c=2210&s1=
================================================================
[ppc-cr][MOBILE][CHROMIUM] 🔌 [Browser Interceptor] Intercepting and optimizing engine: CHROMIUM
[ppc-cr][MOBILE][CHROMIUM] ◇ injected env (0) from .env // tip: ⌘ multiple files { path: ['.env.local', '.env'] }
[ppc-cr][MOBILE][CHROMIUM] ◇ injected env (0) from .env // tip: ◈ encrypted .env [www.dotenvx.com]
[ppc-cr][MOBILE][CHROMIUM] ◇ injected env (0) from .env // tip: ⌘ suppress logs { quiet: true }
[ppc-cr][MOBILE][CHROMIUM] ◇ injected env (0) from .env // tip: ⌘ suppress logs { quiet: true }
[ppc-cr][MOBILE][CHROMIUM] 
🤖 ================================================================
🤖 MASTER RUNNER: LAUNCHING PPC CR
🤖 Mode:            MOBILE
[ppc-cr][MOBILE][CHROMIUM] 🤖 Tracking URL:     https://flmtra.com/?a=659&oc=848&c=2210&s1=
🤖 Target Sheet:    PPC-CR
🤖 ================================================================
[ppc-cr][MOBILE][CHROMIUM] 📱 Emulated Device Profile: MOBILE (iPhone 17 Pro)
[ppc-cr][MOBILE][CHROMIUM] ⏳ Delaying 2 seconds to allow responsive layouts to mount...
[ppc-cr][MOBILE][CHROMIUM] 🔄 Processing lead for brand: PPC CR Mobile
[ppc-cr][MOBILE][CHROMIUM] 🔗 [Mobile] Navigating to: https://flmtra.com/?a=659&oc=848&c=2210&s1=
[ppc-cr][MOBILE][CHROMIUM] ✅ [Mobile] Page loaded successfully
[ppc-cr][MOBILE][CHROMIUM] 📱 [Mobile] Injecting high-fidelity glossy Natural Titanium iPhone 17 Pro mockup frame...
[ppc-cr][MOBILE][CHROMIUM] 📱 [Mobile] Injecting high-fidelity glossy Natural Titanium iPhone 17 Pro mockup frame...
[ppc-cr][MOBILE][CHROMIUM] 📝 [Mobile] Starting mobile-specific form filling...
[ppc-cr][MOBILE][CHROMIUM] 🔘 [Mobile] Step 1: Selecting Debt Amount (1000)
[ppc-cr][MOBILE][CHROMIUM] ✅ [Mobile] Selected debt amount via regex fallback
[ppc-cr][MOBILE][CHROMIUM] 🔘 [Mobile] Clicking fallback button: button:has-text("NEXT"):visible
[ppc-cr][MOBILE][CHROMIUM] ✅ [Mobile] Clicked fallback: button:has-text("NEXT"):visible
[ppc-cr][MOBILE][CHROMIUM] 📱 [Mobile] Injecting high-fidelity glossy Natural Titanium iPhone 17 Pro mockup frame...
[ppc-cr][MOBILE][CHROMIUM] ✅ [Mobile] Reached a recognized terminal step (State or Contact). Stopping dynamic traversal.
[ppc-cr][MOBILE][CHROMIUM] 🔘 [Mobile] Step 2: Selecting State
[ppc-cr][MOBILE][CHROMIUM] 📝 [Mobile] step3 column set to State: "South Carolina"
[ppc-cr][MOBILE][CHROMIUM] 🔘 [Mobile] Clicking active visible button: .next-btn:visible, .next-btn2:visible, .btn-next:visible
[ppc-cr][MOBILE][CHROMIUM] ✅ [Mobile] Clicked: .next-btn:visible, .next-btn2:visible, .btn-next:visible
[ppc-cr][MOBILE][CHROMIUM] 📱 [Mobile] Injecting high-fidelity glossy Natural Titanium iPhone 17 Pro mockup frame...
[ppc-cr][MOBILE][CHROMIUM] 🔘 [Mobile] Step 3: Filling Contact Info (Dynamic Loop)...
[ppc-cr][MOBILE][CHROMIUM] 📱 [Mobile] Injecting high-fidelity glossy Natural Titanium iPhone 17 Pro mockup frame...
[ppc-cr][MOBILE][CHROMIUM] ✅ [Mobile] Filled First Name: ckmtestpixel
[ppc-cr][MOBILE][CHROMIUM] ✅ [Mobile] Filled Last Name: ckmtestpixel
[ppc-cr][MOBILE][CHROMIUM] ✅ [Mobile] Filled Email: ckmtestpixel@gmail.com
[ppc-cr][MOBILE][CHROMIUM] ✅ [Mobile] Filled Phone: 803-726-7050
[ppc-cr][MOBILE][CHROMIUM] 🔘 [Mobile] Clicking active contact NEXT/SUBMIT button...
[ppc-cr][MOBILE][CHROMIUM] 📱 [Mobile] Injecting high-fidelity glossy Natural Titanium iPhone 17 Pro mockup frame...
[ppc-cr][MOBILE][CHROMIUM] ✅ [Mobile] Filled Phone: 803-726-7050
[ppc-cr][MOBILE][CHROMIUM] 🔘 [Mobile] Clicking active contact NEXT/SUBMIT button...
[ppc-cr][MOBILE][CHROMIUM] 📱 [Mobile] Injecting high-fidelity glossy Natural Titanium iPhone 17 Pro mockup frame...
[ppc-cr][MOBILE][CHROMIUM] ✅ [Mobile] Filled Phone: 803-726-7050
[ppc-cr][MOBILE][CHROMIUM] 🔘 [Mobile] Clicking active contact NEXT/SUBMIT button...
[ppc-cr][MOBILE][CHROMIUM] 📱 [Mobile] Injecting high-fidelity glossy Natural Titanium iPhone 17 Pro mockup frame...
[ppc-cr][MOBILE][CHROMIUM] 🔘 [Mobile] No active contact NEXT/SUBMIT button visible. Exiting loop.
🔘 [Mobile] Scanning for additional dynamic steps...
[ppc-cr][MOBILE][CHROMIUM] 🔘 [Mobile] Submitting form
[ppc-cr][MOBILE][CHROMIUM] ⏳ [Mobile] Waiting for submission navigation to complete
[ppc-cr][MOBILE][CHROMIUM] ⏳ [Mobile] Waiting for final Thank You page redirection...
[ppc-cr][MOBILE][CHROMIUM] ✅ [Mobile] Targeted final redirect URL achieved!
[ppc-cr][MOBILE][CHROMIUM] ✅ [Mobile] Final Thank You URL: https://tra.com/thank-you?debt=10000&leadid=625C2D6B&reqid=26774907&affid=659&oid=133
[ppc-cr][MOBILE][CHROMIUM] ✅ [Mobile] Extracted Lead ID: 625C2D6B
📱 Device Type detected: M-CHROMIUM
✅ Lead captured: 625C2D6B
[ppc-cr][MOBILE][CHROMIUM] 📡 Fetching First API data for Lead ID: 625C2D6B...
[ppc-cr][MOBILE][CHROMIUM] 📡 Raw XML Response: {
  "lead_info_response": {
    "$": {
      "xmlns:xsd": "http://www.w3.org/2001/XMLSchema",
      "xmlns:xsi": "http://www.w3.org/2001/XMLSchema-instance",
      "xmlns": "http://cakemarketing.com/api/1/"
    },
    "success": "true",
    "row_count": "1",
    "lead_id": "625C2D6B",
    "personal_info": {
      "first_name": "CKMTESTPIXEL",
      "last_name": "CKMTESTPIXEL",
      "email_address": "ckmtestpixel@gmail.com",
      "address": {
        "street": "",
        "city": "",
        "state": "SC",
        "zip_code": "29941",
        "country": ""
      },
      "ip_address": "42.104.216.74",
      "phone_work": "",
      "phone_home": "803-726-7050",
      "phone_cell": "",
      "best_call_time": "",
      "opt_in": "false"
    },
    "traffic_info": {
      "lead_date": "2026-05-13T04:00:26.05",
      "payout": {
        "currency_id": "1",
        "amount": "0.0000",
        "formatted_amount": "$0.00"
      },
      "affiliate": {
        "affiliate_id": {
          "_": "659",
          "$": {
            "xmlns": "API:id_name_store"
          }
        },
        "affiliate_name": {
          "_": "QA affiliate",
          "$": {
            "xmlns": "API:id_name_store"
          }
        }
      },
      "campaign": {
        "campaign_id": {
          "_": "4510",
          "$": {
            "xmlns": "API:id_name_store"
          }
        },
        "campaign_name": {
          "_": "TRA.com CPL - PPC CR - CPA - $1.00",
          "$": {
            "xmlns": "API:id_name_store"
          }
        }
      },
      "creative_id": "2210",
      "subid_1": "",
      "subid_2": "",
      "subid_3": "",
      "subid_4": "",
      "subid_5": "",
      "referrer": "",
      "pixel_fired": "true",
      "returned_to_affiliate": "false",
      "test": "true",
      "upsell": "false"
    },
    "all_vertical_data": {
      "data": {
        "$": {
          "xmlns": ""
        },
        "tax_debt": "10000",
        "universal_leadid": "95371C1B-5F54-D27A-058E-7DFDE2A195CD",
        "affid": "659",
        "TCPA_checkbox": "1",
        "reqid": "26774907",
        "page": "https://tra.com/ppc/cr",
        "neustar": "pass",
        "neustar_disposition": "N,U,A3,L,0",
        "first_name_lower": "ckmtestpixel",
        "last_name_lower": "ckmtestpixel",
        "opt_special_offers": "on",
        "ckm_campaign_id": "4510"
      }
    },
    "dispositions": "",
    "pings": "",
    "posts": "",
    "sales": ""
  }
}
[ppc-cr][MOBILE][CHROMIUM] ✅ First API Data retrieved on attempt 1
[ppc-cr][MOBILE][CHROMIUM] [STDERR] (node:6788) Warning: Setting the NODE_TLS_REJECT_UNAUTHORIZED environment variable to '0' makes TLS connections and HTTPS requests insecure by disabling certificate verification.
(Use `node --trace-warnings ...` to show where the warning was created)
[ppc-cr][MOBILE][CHROMIUM] ✅ Row appended successfully to sheet: PPC-CR
[ppc-cr][MOBILE][CHROMIUM] ✨ Professional formatting applied to PPC-CR
✅ Lead processed successfully for PPC CR Mobile
[ppc-cr][MOBILE][CHROMIUM] 🎥 Video saved successfully: traces/videos/PPC-CR_PPC_CR_Mobile.webm
[ppc-cr][MOBILE][CHROMIUM] 
✅ Execution successfully processed! { success: true, leadId: '625C2D6B', brand: 'PPC CR Mobile' }
[ppc-cr][MOBILE][CHROMIUM] [STDERR] ❌ Automation Run encountered a fatal exception: tracing.stop: Target page, context or browser has been closed
✅ [13/5/2026, 4:31:04 pm] COMPLETED: ppc-cr [MOBILE][CHROMIUM]

================================================================
⚡ Running Campaign Viewports on Browser Engine: FIREFOX - [PPC-CR]
================================================================

================================================================
🚀 [13/5/2026, 4:31:08 pm] RUNNING: PPC CR (DESKTOP) on FIREFOX
🔗 Target URL: https://flmtra.com/?a=659&oc=848&c=2210&s1=
================================================================
[ppc-cr][DESKTOP][FIREFOX] 🔌 [Browser Interceptor] Intercepting and optimizing engine: FIREFOX
[ppc-cr][DESKTOP][FIREFOX] ◇ injected env (0) from .env // tip: ⌘ custom filepath { path: '/custom/path/.env' }
[ppc-cr][DESKTOP][FIREFOX] ◇ injected env (0) from .env // tip: ⌘ enable debugging { debug: true }
[ppc-cr][DESKTOP][FIREFOX] ◇ injected env (0) from .env // tip: ⌘ override existing { override: true }
[ppc-cr][DESKTOP][FIREFOX] ◇ injected env (0) from .env // tip: ◈ encrypted .env [www.dotenvx.com]
[ppc-cr][DESKTOP][FIREFOX] 
🤖 ================================================================
🤖 MASTER RUNNER: LAUNCHING PPC CR
🤖 Mode:            DESKTOP
🤖 Tracking URL:     https://flmtra.com/?a=659&oc=848&c=2210&s1=
🤖 Target Sheet:    PPC-CR
🤖 ================================================================
[ppc-cr][DESKTOP][FIREFOX] 💻 Emulated Device Profile: DESKTOP
[ppc-cr][DESKTOP][FIREFOX] 🔌 [Browser Interceptor] Sanitizing mobile context options for Firefox emulation...
[ppc-cr][DESKTOP][FIREFOX] 🔄 Processing lead for brand: PPC CR
[ppc-cr][DESKTOP][FIREFOX] 🔗 Navigating to: https://flmtra.com/?a=659&oc=848&c=2210&s1=
[ppc-cr][DESKTOP][FIREFOX] ✅ Page loaded successfully
[ppc-cr][DESKTOP][FIREFOX] 📝 Starting multi-step form filling process...
[ppc-cr][DESKTOP][FIREFOX] 🔘 Step 1: Handling Debt Amount (1000)
[ppc-cr][DESKTOP][FIREFOX] [STDERR] ⚠️ Could not select debt amount: locator.click: Timeout 25000ms exceeded.
Call log:
[2m  - waiting for locator('span, div, label, li').filter({ hasText: /1.*000/ }).first()[22m
[2m    - locator resolved to <div class="container">…</div>[22m
[2m  - attempting click action[22m
[2m    - scrolling into view if needed[22m
[2m    - done scrolling[22m
[2m    - forcing action[22m
[2m    - performing click action[22m

[ppc-cr][DESKTOP][FIREFOX] 🔘 Attempting to click .next-btn1, .btn-next
[ppc-cr][DESKTOP][FIREFOX] ⚠️ Standard click failed, using dispatchEvent...
[ppc-cr][DESKTOP][FIREFOX] ✅ Clicked .next-btn1, .btn-next
[ppc-cr][DESKTOP][FIREFOX] ✅ Reached a recognized terminal step (State or Contact). Stopping dynamic traversal.
[ppc-cr][DESKTOP][FIREFOX] 🔘 Step: Selecting State
[ppc-cr][DESKTOP][FIREFOX] 📝 step3 column set to State: "South Carolina"
[ppc-cr][DESKTOP][FIREFOX] 🔘 Clicking generic NEXT button
[ppc-cr][DESKTOP][FIREFOX] ✅ Clicked generic NEXT button
[ppc-cr][DESKTOP][FIREFOX] 🔘 Filling Contact Info (Dynamic Loop)...
[ppc-cr][DESKTOP][FIREFOX] [STDERR] ❌ Error during form filling: locator.click: Timeout 25000ms exceeded.
Call log:
[2m  - waiting for locator('#first_name:visible, input[name="first_name"]:visible, input[placeholder*="First Name" i]:visible').first()[22m
[2m    - locator resolved to <input type="text" name="first_name" placeholder="First Name" class="form-control error"/>[22m
[2m  - attempting click action[22m
[2m    - waiting for element to be visible, enabled and stable[22m

[ppc-cr][DESKTOP][FIREFOX] [STDERR] ❌ Failed processing PPC CR: locator.click: Timeout 25000ms exceeded.
Call log:
[2m  - waiting for locator('#first_name:visible, input[name="first_name"]:visible, input[placeholder*="First Name" i]:visible').first()[22m
[2m    - locator resolved to <input type="text" name="first_name" placeholder="First Name" class="form-control error"/>[22m
[2m  - attempting click action[22m
[2m    - waiting for element to be visible, enabled and stable[22m

[ppc-cr][DESKTOP][FIREFOX] 
✅ Execution successfully processed! {
  success: false,
  error: 'locator.click: Timeout 25000ms exceeded.\n' +
    'Call log:\n' +
    `\x1B[2m  - waiting for locator('#first_name:visible, input[name="first_name"]:visible, input[placeholder*="First Name" i]:visible').first()\x1B[22m\n` +
    '\x1B[2m    - locator resolved to <input type="text" name="first_name" placeholder="First Name" class="form-control error"/>\x1B[22m\n' +
    '\x1B[2m  - attempting click action\x1B[22m\n' +
    '\x1B[2m    - waiting for element to be visible, enabled and stable\x1B[22m\n',
  brand: 'PPC CR'
}
[ppc-cr][DESKTOP][FIREFOX] 📋 Trace report successfully saved: traces/ppc-cr_desktop.zip
✅ [13/5/2026, 4:33:07 pm] COMPLETED: ppc-cr [DESKTOP][FIREFOX]

================================================================
🚀 [13/5/2026, 4:33:09 pm] RUNNING: PPC CR (TABLET) on FIREFOX
🔗 Target URL: https://flmtra.com/?a=659&oc=848&c=2210&s1=
================================================================
[ppc-cr][TABLET][FIREFOX] 🔌 [Browser Interceptor] Intercepting and optimizing engine: FIREFOX
[ppc-cr][TABLET][FIREFOX] ◇ injected env (0) from .env // tip: ⌁ auth for agents [www.vestauth.com]
[ppc-cr][TABLET][FIREFOX] ◇ injected env (0) from .env // tip: ⌁ auth for agents [www.vestauth.com]
[ppc-cr][TABLET][FIREFOX] ◇ injected env (0) from .env // tip: ⌘ custom filepath { path: '/custom/path/.env' }
[ppc-cr][TABLET][FIREFOX] ◇ injected env (0) from .env // tip: ⌘ custom filepath { path: '/custom/path/.env' }
[ppc-cr][TABLET][FIREFOX] 
🤖 ================================================================
🤖 MASTER RUNNER: LAUNCHING PPC CR
[ppc-cr][TABLET][FIREFOX] 🤖 Mode:            TABLET
[ppc-cr][TABLET][FIREFOX] 🤖 Tracking URL:     https://flmtra.com/?a=659&oc=848&c=2210&s1=
[ppc-cr][TABLET][FIREFOX] 🤖 Target Sheet:    PPC-CR
[ppc-cr][TABLET][FIREFOX] 🤖 ================================================================
[ppc-cr][TABLET][FIREFOX] 📋 Emulated Device Profile: TABLET (iPad Pro 11)
🔌 [Browser Interceptor] Sanitizing mobile context options for Firefox emulation...
[ppc-cr][TABLET][FIREFOX] ⏳ Delaying 2 seconds to allow responsive layouts to mount...
[ppc-cr][TABLET][FIREFOX] 🔄 Processing lead for brand: PPC CR Tablet
[ppc-cr][TABLET][FIREFOX] 🔗 [Mobile] Navigating to: https://flmtra.com/?a=659&oc=848&c=2210&s1=
[ppc-cr][TABLET][FIREFOX] ✅ [Mobile] Page loaded successfully
[ppc-cr][TABLET][FIREFOX] 💻 [Tablet] Injecting high-fidelity glossy iPad Pro mockup frame...
[ppc-cr][TABLET][FIREFOX] 💻 [Tablet] Injecting high-fidelity glossy iPad Pro mockup frame...
[ppc-cr][TABLET][FIREFOX] 📝 [Mobile] Starting mobile-specific form filling...
[ppc-cr][TABLET][FIREFOX] 🔘 [Mobile] Step 1: Selecting Debt Amount (1000)
[ppc-cr][TABLET][FIREFOX] [STDERR] ⚠️ [Mobile] Could not complete debt selection: locator.click: Timeout 25000ms exceeded.
Call log:
[2m  - waiting for locator('span, div, label, li').filter({ hasText: /1.*000/ }).first()[22m
[2m    - locator resolved to <div class="container">…</div>[22m
[2m  - attempting click action[22m
[2m    - scrolling into view if needed[22m
[2m    - done scrolling[22m
[2m    - forcing action[22m
[2m    - performing click action[22m

[ppc-cr][TABLET][FIREFOX] 🔘 [Mobile] Clicking active visible button: .next-btn1:visible, .btn-next:visible
[ppc-cr][TABLET][FIREFOX] ✅ [Mobile] Clicked: .next-btn1:visible, .btn-next:visible
[ppc-cr][TABLET][FIREFOX] 💻 [Tablet] Injecting high-fidelity glossy iPad Pro mockup frame...
[ppc-cr][TABLET][FIREFOX] ✅ [Mobile] Reached a recognized terminal step (State or Contact). Stopping dynamic traversal.
[ppc-cr][TABLET][FIREFOX] 🔘 [Mobile] Step 2: Selecting State
[ppc-cr][TABLET][FIREFOX] 📝 [Mobile] step3 column set to State: "South Carolina"
[ppc-cr][TABLET][FIREFOX] 🔘 [Mobile] Clicking active visible button: .next-btn:visible, .next-btn2:visible, .btn-next:visible
[ppc-cr][TABLET][FIREFOX] ✅ [Mobile] Clicked: .next-btn:visible, .next-btn2:visible, .btn-next:visible
[ppc-cr][TABLET][FIREFOX] 💻 [Tablet] Injecting high-fidelity glossy iPad Pro mockup frame...
[ppc-cr][TABLET][FIREFOX] 🔘 [Mobile] Step 3: Filling Contact Info (Dynamic Loop)...
[ppc-cr][TABLET][FIREFOX] 💻 [Tablet] Injecting high-fidelity glossy iPad Pro mockup frame...
[ppc-cr][TABLET][FIREFOX] ✅ [Mobile] Filled First Name: ckmtestpixel
[ppc-cr][TABLET][FIREFOX] ✅ [Mobile] Filled Last Name: ckmtestpixel
[ppc-cr][TABLET][FIREFOX] ✅ [Mobile] Filled Email: ckmtestpixel@gmail.com
[ppc-cr][TABLET][FIREFOX] ✅ [Mobile] Filled Phone: 803-726-7050
[ppc-cr][TABLET][FIREFOX] 🔘 [Mobile] Clicking active contact NEXT/SUBMIT button...
[ppc-cr][TABLET][FIREFOX] 💻 [Tablet] Injecting high-fidelity glossy iPad Pro mockup frame...
[ppc-cr][TABLET][FIREFOX] ✅ [Mobile] Filled Phone: 803-726-7050
[ppc-cr][TABLET][FIREFOX] 🔘 [Mobile] Clicking active contact NEXT/SUBMIT button...
[ppc-cr][TABLET][FIREFOX] 💻 [Tablet] Injecting high-fidelity glossy iPad Pro mockup frame...
[ppc-cr][TABLET][FIREFOX] 🔘 [Mobile] No active contact NEXT/SUBMIT button visible. Exiting loop.
🔘 [Mobile] Scanning for additional dynamic steps...
[ppc-cr][TABLET][FIREFOX] 🔘 [Mobile] Submitting form
[ppc-cr][TABLET][FIREFOX] ⏳ [Mobile] Waiting for submission navigation to complete
[ppc-cr][TABLET][FIREFOX] ⏳ [Mobile] Waiting for final Thank You page redirection...
[ppc-cr][TABLET][FIREFOX] ✅ [Mobile] Targeted final redirect URL achieved!
[ppc-cr][TABLET][FIREFOX] ✅ [Mobile] Final Thank You URL: https://tra.com/thank-you?debt=10000&leadid=1036FC17&reqid=26774918&affid=659&oid=133
[ppc-cr][TABLET][FIREFOX] ✅ [Mobile] Extracted Lead ID: 1036FC17
📱 Device Type detected: T-FIREFOX
✅ Lead captured: 1036FC17
[ppc-cr][TABLET][FIREFOX] 📡 Fetching First API data for Lead ID: 1036FC17...
[ppc-cr][TABLET][FIREFOX] 📡 Raw XML Response: {
  "lead_info_response": {
    "$": {
      "xmlns:xsd": "http://www.w3.org/2001/XMLSchema",
      "xmlns:xsi": "http://www.w3.org/2001/XMLSchema-instance",
      "xmlns": "http://cakemarketing.com/api/1/"
    },
    "success": "true",
    "row_count": "1",
    "lead_id": "1036FC17",
    "personal_info": {
      "first_name": "CKMTESTPIXEL",
      "last_name": "CKMTESTPIXEL",
      "email_address": "ckmtestpixel@gmail.com",
      "address": {
        "street": "",
        "city": "",
        "state": "SC",
        "zip_code": "29670",
        "country": ""
      },
      "ip_address": "42.104.216.74",
      "phone_work": "",
      "phone_home": "803-726-7050",
      "phone_cell": "",
      "best_call_time": "",
      "opt_in": "false"
    },
    "traffic_info": {
      "lead_date": "2026-05-13T04:04:08.883",
      "payout": {
        "currency_id": "1",
        "amount": "0.0000",
        "formatted_amount": "$0.00"
      },
      "affiliate": {
        "affiliate_id": {
          "_": "659",
          "$": {
            "xmlns": "API:id_name_store"
          }
        },
        "affiliate_name": {
          "_": "QA affiliate",
          "$": {
            "xmlns": "API:id_name_store"
          }
        }
      },
      "campaign": {
        "campaign_id": {
          "_": "4510",
          "$": {
            "xmlns": "API:id_name_store"
          }
        },
        "campaign_name": {
          "_": "TRA.com CPL - PPC CR - CPA - $1.00",
          "$": {
            "xmlns": "API:id_name_store"
          }
        }
      },
      "creative_id": "2210",
      "subid_1": "",
      "subid_2": "",
      "subid_3": "",
      "subid_4": "",
      "subid_5": "",
      "referrer": "",
      "pixel_fired": "true",
      "returned_to_affiliate": "false",
      "test": "true",
      "upsell": "false"
    },
    "all_vertical_data": {
      "data": {
        "$": {
          "xmlns": ""
        },
        "tax_debt": "10000",
        "universal_leadid": "8680B220-3B7C-944B-37F7-BEDEF4FAFFDE",
        "affid": "659",
        "TCPA_checkbox": "1",
        "reqid": "26774918",
        "page": "https://tra.com/ppc/cr",
        "neustar": "pass",
        "neustar_disposition": "N,U,A3,L,0",
        "first_name_lower": "ckmtestpixel",
        "last_name_lower": "ckmtestpixel",
        "opt_special_offers": "on",
        "ckm_campaign_id": "4510"
      }
    },
    "dispositions": "",
    "pings": "",
    "posts": "",
    "sales": ""
  }
}
✅ First API Data retrieved on attempt 1
[ppc-cr][TABLET][FIREFOX] [STDERR] (node:24232) Warning: Setting the NODE_TLS_REJECT_UNAUTHORIZED environment variable to '0' makes TLS connections and HTTPS requests insecure by disabling certificate verification.
(Use `node --trace-warnings ...` to show where the warning was created)
[ppc-cr][TABLET][FIREFOX] ✅ Row appended successfully to sheet: PPC-CR
[ppc-cr][TABLET][FIREFOX] ✨ Professional formatting applied to PPC-CR
[ppc-cr][TABLET][FIREFOX] ✅ Lead processed successfully for PPC CR Tablet
[ppc-cr][TABLET][FIREFOX] 🎥 Video saved successfully: traces/videos/PPC-CR_PPC_CR_Tablet.webm
[ppc-cr][TABLET][FIREFOX] 
✅ Execution successfully processed! { success: true, leadId: '1036FC17', brand: 'PPC CR Tablet' }
[ppc-cr][TABLET][FIREFOX] [STDERR] ❌ Automation Run encountered a fatal exception: tracing.stop: Target page, context or browser has been closed
✅ [13/5/2026, 4:34:41 pm] COMPLETED: ppc-cr [TABLET][FIREFOX]

================================================================
🚀 [13/5/2026, 4:34:43 pm] RUNNING: PPC CR (MOBILE) on FIREFOX
🔗 Target URL: https://flmtra.com/?a=659&oc=848&c=2210&s1=
================================================================
[ppc-cr][MOBILE][FIREFOX] 🔌 [Browser Interceptor] Intercepting and optimizing engine: FIREFOX
[ppc-cr][MOBILE][FIREFOX] ◇ injected env (0) from .env // tip: ◈ secrets for agents [www.dotenvx.com]
[ppc-cr][MOBILE][FIREFOX] ◇ injected env (0) from .env // tip: ⌘ multiple files { path: ['.env.local', '.env'] }
[ppc-cr][MOBILE][FIREFOX] ◇ injected env (0) from .env // tip: ◈ encrypted .env [www.dotenvx.com]
[ppc-cr][MOBILE][FIREFOX] ◇ injected env (0) from .env // tip: ⌘ suppress logs { quiet: true }
[ppc-cr][MOBILE][FIREFOX] 
🤖 ================================================================
[ppc-cr][MOBILE][FIREFOX] 🤖 MASTER RUNNER: LAUNCHING PPC CR
🤖 Mode:            MOBILE
🤖 Tracking URL:     https://flmtra.com/?a=659&oc=848&c=2210&s1=
[ppc-cr][MOBILE][FIREFOX] 🤖 Target Sheet:    PPC-CR
[ppc-cr][MOBILE][FIREFOX] 🤖 ================================================================
[ppc-cr][MOBILE][FIREFOX] 📱 Emulated Device Profile: MOBILE (iPhone 17 Pro)
[ppc-cr][MOBILE][FIREFOX] 🔌 [Browser Interceptor] Sanitizing mobile context options for Firefox emulation...
[ppc-cr][MOBILE][FIREFOX] ⏳ Delaying 2 seconds to allow responsive layouts to mount...
[ppc-cr][MOBILE][FIREFOX] 🔄 Processing lead for brand: PPC CR Mobile
[ppc-cr][MOBILE][FIREFOX] 🔗 [Mobile] Navigating to: https://flmtra.com/?a=659&oc=848&c=2210&s1=
[ppc-cr][MOBILE][FIREFOX] ✅ [Mobile] Page loaded successfully
[ppc-cr][MOBILE][FIREFOX] 📱 [Mobile] Injecting high-fidelity glossy Natural Titanium iPhone 17 Pro mockup frame...
[ppc-cr][MOBILE][FIREFOX] 📱 [Mobile] Injecting high-fidelity glossy Natural Titanium iPhone 17 Pro mockup frame...
[ppc-cr][MOBILE][FIREFOX] 📝 [Mobile] Starting mobile-specific form filling...
[ppc-cr][MOBILE][FIREFOX] 🔘 [Mobile] Step 1: Selecting Debt Amount (1000)
[ppc-cr][MOBILE][FIREFOX] [STDERR] ⚠️ [Mobile] Could not complete debt selection: locator.click: Timeout 25000ms exceeded.
Call log:
[2m  - waiting for locator('span, div, label, li').filter({ hasText: /1.*000/ }).first()[22m
[2m    - locator resolved to <div class="container">…</div>[22m
[2m  - attempting click action[22m
[2m    - scrolling into view if needed[22m
[2m    - done scrolling[22m
[2m    - forcing action[22m
[2m    - performing click action[22m

[ppc-cr][MOBILE][FIREFOX] 🔘 [Mobile] Clicking active visible button: .next-btn1:visible, .btn-next:visible
[ppc-cr][MOBILE][FIREFOX] ✅ [Mobile] Clicked: .next-btn1:visible, .btn-next:visible
[ppc-cr][MOBILE][FIREFOX] 📱 [Mobile] Injecting high-fidelity glossy Natural Titanium iPhone 17 Pro mockup frame...
[ppc-cr][MOBILE][FIREFOX] ✅ [Mobile] Reached a recognized terminal step (State or Contact). Stopping dynamic traversal.
[ppc-cr][MOBILE][FIREFOX] 🔘 [Mobile] Step 2: Selecting State
[ppc-cr][MOBILE][FIREFOX] 📝 [Mobile] step3 column set to State: "South Carolina"
[ppc-cr][MOBILE][FIREFOX] 🔘 [Mobile] Clicking active visible button: .next-btn:visible, .next-btn2:visible, .btn-next:visible
[ppc-cr][MOBILE][FIREFOX] ✅ [Mobile] Clicked: .next-btn:visible, .next-btn2:visible, .btn-next:visible
[ppc-cr][MOBILE][FIREFOX] 📱 [Mobile] Injecting high-fidelity glossy Natural Titanium iPhone 17 Pro mockup frame...
[ppc-cr][MOBILE][FIREFOX] 🔘 [Mobile] Step 3: Filling Contact Info (Dynamic Loop)...
[ppc-cr][MOBILE][FIREFOX] 📱 [Mobile] Injecting high-fidelity glossy Natural Titanium iPhone 17 Pro mockup frame...
[ppc-cr][MOBILE][FIREFOX] ✅ [Mobile] Filled First Name: ckmtestpixel
[ppc-cr][MOBILE][FIREFOX] ✅ [Mobile] Filled Last Name: ckmtestpixel
[ppc-cr][MOBILE][FIREFOX] ✅ [Mobile] Filled Email: ckmtestpixel@gmail.com
[ppc-cr][MOBILE][FIREFOX] ✅ [Mobile] Filled Phone: 803-726-7050
[ppc-cr][MOBILE][FIREFOX] 🔘 [Mobile] Clicking active contact NEXT/SUBMIT button...
[ppc-cr][MOBILE][FIREFOX] 📱 [Mobile] Injecting high-fidelity glossy Natural Titanium iPhone 17 Pro mockup frame...
[ppc-cr][MOBILE][FIREFOX] ✅ [Mobile] Filled Phone: 803-726-7050
[ppc-cr][MOBILE][FIREFOX] 🔘 [Mobile] Clicking active contact NEXT/SUBMIT button...
[ppc-cr][MOBILE][FIREFOX] 📱 [Mobile] Injecting high-fidelity glossy Natural Titanium iPhone 17 Pro mockup frame...
[ppc-cr][MOBILE][FIREFOX] ✅ [Mobile] Filled Phone: 803-726-7050
[ppc-cr][MOBILE][FIREFOX] 🔘 [Mobile] Clicking active contact NEXT/SUBMIT button...
[ppc-cr][MOBILE][FIREFOX] 📱 [Mobile] Injecting high-fidelity glossy Natural Titanium iPhone 17 Pro mockup frame...
[ppc-cr][MOBILE][FIREFOX] ✅ [Mobile] Filled Phone: 803-726-7050
[ppc-cr][MOBILE][FIREFOX] 🔘 [Mobile] Clicking active contact NEXT/SUBMIT button...
[ppc-cr][MOBILE][FIREFOX] 📱 [Mobile] Injecting high-fidelity glossy Natural Titanium iPhone 17 Pro mockup frame...
[ppc-cr][MOBILE][FIREFOX] ✅ [Mobile] Filled Phone: 803-726-7050
[ppc-cr][MOBILE][FIREFOX] 🔘 [Mobile] Clicking active contact NEXT/SUBMIT button...
[ppc-cr][MOBILE][FIREFOX] 📱 [Mobile] Injecting high-fidelity glossy Natural Titanium iPhone 17 Pro mockup frame...
[ppc-cr][MOBILE][FIREFOX] 🔘 [Mobile] No active contact NEXT/SUBMIT button visible. Exiting loop.
🔘 [Mobile] Scanning for additional dynamic steps...
[ppc-cr][MOBILE][FIREFOX] 🔘 [Mobile] Submitting form
[ppc-cr][MOBILE][FIREFOX] ⏳ [Mobile] Waiting for submission navigation to complete
[ppc-cr][MOBILE][FIREFOX] ⏳ [Mobile] Waiting for final Thank You page redirection...
[ppc-cr][MOBILE][FIREFOX] ✅ [Mobile] Targeted final redirect URL achieved!
[ppc-cr][MOBILE][FIREFOX] ✅ [Mobile] Final Thank You URL: https://tra.com/thank-you?debt=10000&leadid=0C6CB645&reqid=26774921&affid=659&oid=133
[ppc-cr][MOBILE][FIREFOX] ✅ [Mobile] Extracted Lead ID: 0C6CB645
[ppc-cr][MOBILE][FIREFOX] 📱 Device Type detected: M-FIREFOX
✅ Lead captured: 0C6CB645
[ppc-cr][MOBILE][FIREFOX] 📡 Fetching First API data for Lead ID: 0C6CB645...
[ppc-cr][MOBILE][FIREFOX] 📡 Raw XML Response: {
  "lead_info_response": {
    "$": {
      "xmlns:xsd": "http://www.w3.org/2001/XMLSchema",
      "xmlns:xsi": "http://www.w3.org/2001/XMLSchema-instance",
      "xmlns": "http://cakemarketing.com/api/1/"
    },
    "success": "true",
    "row_count": "1",
    "lead_id": "0C6CB645",
    "personal_info": {
      "first_name": "CKMTESTPIXEL",
      "last_name": "CKMTESTPIXEL",
      "email_address": "ckmtestpixel@gmail.com",
      "address": {
        "street": "",
        "city": "",
        "state": "SC",
        "zip_code": "29675",
        "country": ""
      },
      "ip_address": "42.104.216.74",
      "phone_work": "",
      "phone_home": "803-726-7050",
      "phone_cell": "",
      "best_call_time": "",
      "opt_in": "false"
    },
    "traffic_info": {
      "lead_date": "2026-05-13T04:05:52.03",
      "payout": {
        "currency_id": "1",
        "amount": "0.0000",
        "formatted_amount": "$0.00"
      },
      "affiliate": {
        "affiliate_id": {
          "_": "659",
          "$": {
            "xmlns": "API:id_name_store"
          }
        },
        "affiliate_name": {
          "_": "QA affiliate",
          "$": {
            "xmlns": "API:id_name_store"
          }
        }
      },
      "campaign": {
        "campaign_id": {
          "_": "4510",
          "$": {
            "xmlns": "API:id_name_store"
          }
        },
        "campaign_name": {
          "_": "TRA.com CPL - PPC CR - CPA - $1.00",
          "$": {
            "xmlns": "API:id_name_store"
          }
        }
      },
      "creative_id": "2210",
      "subid_1": "",
      "subid_2": "",
      "subid_3": "",
      "subid_4": "",
      "subid_5": "",
      "referrer": "",
      "pixel_fired": "true",
      "returned_to_affiliate": "false",
      "test": "true",
      "upsell": "false"
    },
    "all_vertical_data": {
      "data": {
        "$": {
          "xmlns": ""
        },
        "tax_debt": "10000",
        "universal_leadid": "AFBB8DD4-1C97-B8FF-8AF0-9CB2238FA55B",
        "affid": "659",
        "TCPA_checkbox": "1",
        "reqid": "26774921",
        "page": "https://tra.com/ppc/cr",
        "neustar": "pass",
        "neustar_disposition": "N,U,A3,L,0",
        "first_name_lower": "ckmtestpixel",
        "last_name_lower": "ckmtestpixel",
        "opt_special_offers": "on",
        "ckm_campaign_id": "4510"
      }
    },
    "dispositions": "",
    "pings": "",
    "posts": "",
    "sales": ""
  }
}
[ppc-cr][MOBILE][FIREFOX] ✅ First API Data retrieved on attempt 1
[ppc-cr][MOBILE][FIREFOX] [STDERR] (node:2628) Warning: Setting the NODE_TLS_REJECT_UNAUTHORIZED environment variable to '0' makes TLS connections and HTTPS requests insecure by disabling certificate verification.
(Use `node --trace-warnings ...` to show where the warning was created)
[ppc-cr][MOBILE][FIREFOX] ✅ Row appended successfully to sheet: PPC-CR
[ppc-cr][MOBILE][FIREFOX] ✨ Professional formatting applied to PPC-CR
[ppc-cr][MOBILE][FIREFOX] ✅ Lead processed successfully for PPC CR Mobile
[ppc-cr][MOBILE][FIREFOX] 🎥 Video saved successfully: traces/videos/PPC-CR_PPC_CR_Mobile.webm
[ppc-cr][MOBILE][FIREFOX] 
✅ Execution successfully processed! { success: true, leadId: '0C6CB645', brand: 'PPC CR Mobile' }
[ppc-cr][MOBILE][FIREFOX] [STDERR] ❌ Automation Run encountered a fatal exception: tracing.stop: Target page, context or browser has been closed
✅ [13/5/2026, 4:36:23 pm] COMPLETED: ppc-cr [MOBILE][FIREFOX]

================================================================
⚡ Running Campaign Viewports on Browser Engine: WEBKIT - [PPC-CR]
================================================================

================================================================
🚀 [13/5/2026, 4:36:27 pm] RUNNING: PPC CR (DESKTOP) on WEBKIT
🔗 Target URL: https://flmtra.com/?a=659&oc=848&c=2210&s1=
================================================================
[ppc-cr][DESKTOP][WEBKIT] 🔌 [Browser Interceptor] Intercepting and optimizing engine: WEBKIT
[ppc-cr][DESKTOP][WEBKIT] ◇ injected env (0) from .env // tip: ⌘ multiple files { path: ['.env.local', '.env'] }
[ppc-cr][DESKTOP][WEBKIT] ◇ injected env (0) from .env // tip: ⌘ enable debugging { debug: true }
[ppc-cr][DESKTOP][WEBKIT] ◇ injected env (0) from .env // tip: ⌘ suppress logs { quiet: true }
[ppc-cr][DESKTOP][WEBKIT] ◇ injected env (0) from .env // tip: ⌘ multiple files { path: ['.env.local', '.env'] }
[ppc-cr][DESKTOP][WEBKIT] 
🤖 ================================================================
🤖 MASTER RUNNER: LAUNCHING PPC CR
[ppc-cr][DESKTOP][WEBKIT] 🤖 Mode:            DESKTOP
🤖 Tracking URL:     https://flmtra.com/?a=659&oc=848&c=2210&s1=
[ppc-cr][DESKTOP][WEBKIT] 🤖 Target Sheet:    PPC-CR
🤖 ================================================================
[ppc-cr][DESKTOP][WEBKIT] 💻 Emulated Device Profile: DESKTOP
[ppc-cr][DESKTOP][WEBKIT] 🔄 Processing lead for brand: PPC CR
[ppc-cr][DESKTOP][WEBKIT] 🔗 Navigating to: https://flmtra.com/?a=659&oc=848&c=2210&s1=
[ppc-cr][DESKTOP][WEBKIT] ✅ Page loaded successfully
[ppc-cr][DESKTOP][WEBKIT] 📝 Starting multi-step form filling process...
[ppc-cr][DESKTOP][WEBKIT] 🔘 Step 1: Handling Debt Amount (1000)
[ppc-cr][DESKTOP][WEBKIT] ✅ Selected debt amount via regex fallback
[ppc-cr][DESKTOP][WEBKIT] 🔘 Attempting to click .next-btn1, .btn-next
[ppc-cr][DESKTOP][WEBKIT] ✅ Clicked .next-btn1, .btn-next
[ppc-cr][DESKTOP][WEBKIT] ✅ Reached a recognized terminal step (State or Contact). Stopping dynamic traversal.
[ppc-cr][DESKTOP][WEBKIT] 🔘 Step: Selecting State
[ppc-cr][DESKTOP][WEBKIT] 📝 step3 column set to State: "South Carolina"
[ppc-cr][DESKTOP][WEBKIT] 🔘 Clicking generic NEXT button
[ppc-cr][DESKTOP][WEBKIT] ✅ Clicked generic NEXT button
[ppc-cr][DESKTOP][WEBKIT] 🔘 Filling Contact Info (Dynamic Loop)...
[ppc-cr][DESKTOP][WEBKIT] ✅ Filled First Name: ckmtestpixel
[ppc-cr][DESKTOP][WEBKIT] ✅ Filled Last Name: ckmtestpixel
[ppc-cr][DESKTOP][WEBKIT] ✅ Filled Email: ckmtestpixel@gmail.com
[ppc-cr][DESKTOP][WEBKIT] ✅ Filled Phone: 803-726-7050
[ppc-cr][DESKTOP][WEBKIT] 🔘 Clicking active contact NEXT/SUBMIT button...
[ppc-cr][DESKTOP][WEBKIT] [STDERR] ❌ Error during form filling: locator.click: Timeout 25000ms exceeded.
Call log:
[2m  - waiting for locator('#primary_phone:visible, #phone:visible, #phone_home:visible, input[name="phone"]:visible, input[name="phone_home"]:visible, input[name="primary_phone"]:visible, input[type="tel"]:visible').first()[22m
[2m    - locator resolved to <input type="tel" id="primary_phone" placeholder="Phone" name="primary_phone" aria-invalid="false" class="form-control valid"/>[22m
[2m  - attempting click action[22m
[2m    2 × waiting for element to be visible, enabled and stable[22m
[2m      - element is visible, enabled and stable[22m
[2m      - scrolling into view if needed[22m
[2m      - done scrolling[22m
[2m      - <div class="loader">Loading…</div> intercepts pointer events[22m
[2m    - retrying click action[22m
[2m    - waiting 20ms[22m
[2m    - waiting for element to be visible, enabled and stable[22m
[2m  - element was detached from the DOM, retrying[22m

❌ Failed processing PPC CR: locator.click: Timeout 25000ms exceeded.
Call log:
[2m  - waiting for locator('#primary_phone:visible, #phone:visible, #phone_home:visible, input[name="phone"]:visible, input[name="phone_home"]:visible, input[name="primary_phone"]:visible, input[type="tel"]:visible').first()[22m
[2m    - locator resolved to <input type="tel" id="primary_phone" placeholder="Phone" name="primary_phone" aria-invalid="false" class="form-control valid"/>[22m
[2m  - attempting click action[22m
[2m    2 × waiting for element to be visible, enabled and stable[22m
[2m      - element is visible, enabled and stable[22m
[2m      - scrolling into view if needed[22m
[2m      - done scrolling[22m
[2m      - <div class="loader">Loading…</div> intercepts pointer events[22m
[2m    - retrying click action[22m
[2m    - waiting 20ms[22m
[2m    - waiting for element to be visible, enabled and stable[22m
[2m  - element was detached from the DOM, retrying[22m

[ppc-cr][DESKTOP][WEBKIT] 
✅ Execution successfully processed! {
  success: false,
  error: 'locator.click: Timeout 25000ms exceeded.\n' +
    'Call log:\n' +
    `\x1B[2m  - waiting for locator('#primary_phone:visible, #phone:visible, #phone_home:visible, input[name="phone"]:visible, input[name="phone_home"]:visible, input[name="primary_phone"]:visible, input[type="tel"]:visible').first()\x1B[22m\n` +
    '\x1B[2m    - locator resolved to <input type="tel" id="primary_phone" placeholder="Phone" name="primary_phone" aria-invalid="false" class="form-control valid"/>\x1B[22m\n' +
    '\x1B[2m  - attempting click action\x1B[22m\n' +
    '\x1B[2m    2 × waiting for element to be visible, enabled and stable\x1B[22m\n' +
    '\x1B[2m      - element is visible, enabled and stable\x1B[22m\n' +
    '\x1B[2m      - scrolling into view if needed\x1B[22m\n' +
    '\x1B[2m      - done scrolling\x1B[22m\n' +
    '\x1B[2m      - <div class="loader">Loading…</div> intercepts pointer events\x1B[22m\n' +
    '\x1B[2m    - retrying click action\x1B[22m\n' +
    '\x1B[2m    - waiting 20ms\x1B[22m\n' +
    '\x1B[2m    - waiting for element to be visible, enabled and stable\x1B[22m\n' +
    '\x1B[2m  - element was detached from the DOM, retrying\x1B[22m\n',
  brand: 'PPC CR'
}
[ppc-cr][DESKTOP][WEBKIT] 📋 Trace report successfully saved: traces/ppc-cr_desktop.zip
✅ [13/5/2026, 4:37:48 pm] COMPLETED: ppc-cr [DESKTOP][WEBKIT]

================================================================
🚀 [13/5/2026, 4:37:50 pm] RUNNING: PPC CR (TABLET) on WEBKIT
🔗 Target URL: https://flmtra.com/?a=659&oc=848&c=2210&s1=
================================================================
[ppc-cr][TABLET][WEBKIT] 🔌 [Browser Interceptor] Intercepting and optimizing engine: WEBKIT
[ppc-cr][TABLET][WEBKIT] ◇ injected env (0) from .env // tip: ◈ encrypted .env [www.dotenvx.com]
[ppc-cr][TABLET][WEBKIT] ◇ injected env (0) from .env // tip: ⌘ suppress logs { quiet: true }
[ppc-cr][TABLET][WEBKIT] ◇ injected env (0) from .env // tip: ⌘ override existing { override: true }
[ppc-cr][TABLET][WEBKIT] ◇ injected env (0) from .env // tip: ◈ encrypted .env [www.dotenvx.com]
[ppc-cr][TABLET][WEBKIT] 
🤖 ================================================================
[ppc-cr][TABLET][WEBKIT] 🤖 MASTER RUNNER: LAUNCHING PPC CR
🤖 Mode:            TABLET
🤖 Tracking URL:     https://flmtra.com/?a=659&oc=848&c=2210&s1=
[ppc-cr][TABLET][WEBKIT] 🤖 Target Sheet:    PPC-CR
[ppc-cr][TABLET][WEBKIT] 🤖 ================================================================
[ppc-cr][TABLET][WEBKIT] 📋 Emulated Device Profile: TABLET (iPad Pro 11)
[ppc-cr][TABLET][WEBKIT] ⏳ Delaying 2 seconds to allow responsive layouts to mount...
[ppc-cr][TABLET][WEBKIT] 🔄 Processing lead for brand: PPC CR Tablet
[ppc-cr][TABLET][WEBKIT] 🔗 [Mobile] Navigating to: https://flmtra.com/?a=659&oc=848&c=2210&s1=
[ppc-cr][TABLET][WEBKIT] ✅ [Mobile] Page loaded successfully
[ppc-cr][TABLET][WEBKIT] 💻 [Tablet] Injecting high-fidelity glossy iPad Pro mockup frame...
[ppc-cr][TABLET][WEBKIT] 💻 [Tablet] Injecting high-fidelity glossy iPad Pro mockup frame...
[ppc-cr][TABLET][WEBKIT] 📝 [Mobile] Starting mobile-specific form filling...
[ppc-cr][TABLET][WEBKIT] 🔘 [Mobile] Step 1: Selecting Debt Amount (1000)
[ppc-cr][TABLET][WEBKIT] [STDERR] ⚠️ [Mobile] Could not complete debt selection: locator.click: Element is outside of the viewport
Call log:
[2m  - waiting for locator('span, div, label, li').filter({ hasText: /1.*000/ }).first()[22m
[2m    - locator resolved to <div class="container">…</div>[22m
[2m  - attempting click action[22m
[2m    - scrolling into view if needed[22m
[2m    - done scrolling[22m

[ppc-cr][TABLET][WEBKIT] 🔘 [Mobile] Clicking active visible button: .next-btn1:visible, .btn-next:visible
[ppc-cr][TABLET][WEBKIT] ✅ [Mobile] Clicked: .next-btn1:visible, .btn-next:visible
[ppc-cr][TABLET][WEBKIT] 💻 [Tablet] Injecting high-fidelity glossy iPad Pro mockup frame...
[ppc-cr][TABLET][WEBKIT] ✅ [Mobile] Reached a recognized terminal step (State or Contact). Stopping dynamic traversal.
[ppc-cr][TABLET][WEBKIT] 🔘 [Mobile] Step 2: Selecting State
[ppc-cr][TABLET][WEBKIT] 📝 [Mobile] step3 column set to State: "South Carolina"
[ppc-cr][TABLET][WEBKIT] 🔘 [Mobile] Clicking active visible button: .next-btn:visible, .next-btn2:visible, .btn-next:visible
[ppc-cr][TABLET][WEBKIT] ✅ [Mobile] Clicked: .next-btn:visible, .next-btn2:visible, .btn-next:visible
[ppc-cr][TABLET][WEBKIT] 💻 [Tablet] Injecting high-fidelity glossy iPad Pro mockup frame...
[ppc-cr][TABLET][WEBKIT] 🔘 [Mobile] Step 3: Filling Contact Info (Dynamic Loop)...
[ppc-cr][TABLET][WEBKIT] 💻 [Tablet] Injecting high-fidelity glossy iPad Pro mockup frame...
[ppc-cr][TABLET][WEBKIT] ✅ [Mobile] Filled First Name: ckmtestpixel
[ppc-cr][TABLET][WEBKIT] ✅ [Mobile] Filled Last Name: ckmtestpixel
[ppc-cr][TABLET][WEBKIT] ✅ [Mobile] Filled Email: ckmtestpixel@gmail.com
[ppc-cr][TABLET][WEBKIT] ✅ [Mobile] Filled Phone: 803-726-7050
[ppc-cr][TABLET][WEBKIT] 🔘 [Mobile] Clicking active contact NEXT/SUBMIT button...
[ppc-cr][TABLET][WEBKIT] 💻 [Tablet] Injecting high-fidelity glossy iPad Pro mockup frame...
[ppc-cr][TABLET][WEBKIT] ✅ [Mobile] Filled Phone: 803-726-7050
[ppc-cr][TABLET][WEBKIT] 🔘 [Mobile] Clicking active contact NEXT/SUBMIT button...
[ppc-cr][TABLET][WEBKIT] 💻 [Tablet] Injecting high-fidelity glossy iPad Pro mockup frame...
[ppc-cr][TABLET][WEBKIT] 🔘 [Mobile] No active contact NEXT/SUBMIT button visible. Exiting loop.
[ppc-cr][TABLET][WEBKIT] 🔘 [Mobile] Scanning for additional dynamic steps...
[ppc-cr][TABLET][WEBKIT] 🔘 [Mobile] Submitting form
[ppc-cr][TABLET][WEBKIT] ⏳ [Mobile] Waiting for submission navigation to complete
[ppc-cr][TABLET][WEBKIT] ⏳ [Mobile] Waiting for final Thank You page redirection...
[ppc-cr][TABLET][WEBKIT] ✅ [Mobile] Targeted final redirect URL achieved!
[ppc-cr][TABLET][WEBKIT] ✅ [Mobile] Final Thank You URL: https://tra.com/thank-you?debt=10000&leadid=0658574B&reqid=26774927&affid=659&oid=133
[ppc-cr][TABLET][WEBKIT] ✅ [Mobile] Extracted Lead ID: 0658574B
[ppc-cr][TABLET][WEBKIT] 📱 Device Type detected: T-WEBKIT
✅ Lead captured: 0658574B
[ppc-cr][TABLET][WEBKIT] 📡 Fetching First API data for Lead ID: 0658574B...
[ppc-cr][TABLET][WEBKIT] 📡 Raw XML Response: {
  "lead_info_response": {
    "$": {
      "xmlns:xsd": "http://www.w3.org/2001/XMLSchema",
      "xmlns:xsi": "http://www.w3.org/2001/XMLSchema-instance",
      "xmlns": "http://cakemarketing.com/api/1/"
    },
    "success": "true",
    "row_count": "1",
    "lead_id": "0658574B",
    "personal_info": {
      "first_name": "CKMTESTPIXEL",
      "last_name": "CKMTESTPIXEL",
      "email_address": "ckmtestpixel@gmail.com",
      "address": {
        "street": "",
        "city": "",
        "state": "SC",
        "zip_code": "29038",
        "country": ""
      },
      "ip_address": "27.54.170.27",
      "phone_work": "",
      "phone_home": "803-726-7050",
      "phone_cell": "",
      "best_call_time": "",
      "opt_in": "false"
    },
    "traffic_info": {
      "lead_date": "2026-05-13T04:08:16.967",
      "payout": {
        "currency_id": "1",
        "amount": "0.0000",
        "formatted_amount": "$0.00"
      },
      "affiliate": {
        "affiliate_id": {
          "_": "659",
          "$": {
            "xmlns": "API:id_name_store"
          }
        },
        "affiliate_name": {
          "_": "QA affiliate",
          "$": {
            "xmlns": "API:id_name_store"
          }
        }
      },
      "campaign": {
        "campaign_id": {
          "_": "4510",
          "$": {
            "xmlns": "API:id_name_store"
          }
        },
        "campaign_name": {
          "_": "TRA.com CPL - PPC CR - CPA - $1.00",
          "$": {
            "xmlns": "API:id_name_store"
          }
        }
      },
      "creative_id": "2210",
      "subid_1": "",
      "subid_2": "",
      "subid_3": "",
      "subid_4": "",
      "subid_5": "",
      "referrer": "",
      "pixel_fired": "true",
      "returned_to_affiliate": "false",
      "test": "true",
      "upsell": "false"
    },
    "all_vertical_data": {
      "data": {
        "$": {
          "xmlns": ""
        },
        "tax_debt": "10000",
        "universal_leadid": "639B777E-BBEE-FA1D-4419-29571CFCB29C",
        "affid": "659",
        "TCPA_checkbox": "1",
        "reqid": "26774927",
        "page": "https://tra.com/ppc/cr",
        "neustar": "pass",
        "neustar_disposition": "N,U,A3,L,0",
        "first_name_lower": "ckmtestpixel",
        "last_name_lower": "ckmtestpixel",
        "opt_special_offers": "on",
        "ckm_campaign_id": "4510"
      }
    },
    "dispositions": "",
    "pings": "",
    "posts": "",
    "sales": ""
  }
}
[ppc-cr][TABLET][WEBKIT] ✅ First API Data retrieved on attempt 1
[ppc-cr][TABLET][WEBKIT] [STDERR] (node:22632) Warning: Setting the NODE_TLS_REJECT_UNAUTHORIZED environment variable to '0' makes TLS connections and HTTPS requests insecure by disabling certificate verification.
(Use `node --trace-warnings ...` to show where the warning was created)
[ppc-cr][TABLET][WEBKIT] ✅ Row appended successfully to sheet: PPC-CR
[ppc-cr][TABLET][WEBKIT] ✨ Professional formatting applied to PPC-CR
✅ Lead processed successfully for PPC CR Tablet
[ppc-cr][TABLET][WEBKIT] 🎥 Video saved successfully: traces/videos/PPC-CR_PPC_CR_Tablet.webm
[ppc-cr][TABLET][WEBKIT] 
✅ Execution successfully processed! { success: true, leadId: '0658574B', brand: 'PPC CR Tablet' }
[ppc-cr][TABLET][WEBKIT] [STDERR] ❌ Automation Run encountered a fatal exception: tracing.stop: Target page, context or browser has been closed
✅ [13/5/2026, 4:38:50 pm] COMPLETED: ppc-cr [TABLET][WEBKIT]

================================================================
🚀 [13/5/2026, 4:38:52 pm] RUNNING: PPC CR (MOBILE) on WEBKIT
🔗 Target URL: https://flmtra.com/?a=659&oc=848&c=2210&s1=
================================================================
[ppc-cr][MOBILE][WEBKIT] 🔌 [Browser Interceptor] Intercepting and optimizing engine: WEBKIT
[ppc-cr][MOBILE][WEBKIT] ◇ injected env (0) from .env // tip: ⌘ enable debugging { debug: true }
[ppc-cr][MOBILE][WEBKIT] ◇ injected env (0) from .env // tip: ⌘ multiple files { path: ['.env.local', '.env'] }
[ppc-cr][MOBILE][WEBKIT] ◇ injected env (0) from .env // tip: ⌘ multiple files { path: ['.env.local', '.env'] }
[ppc-cr][MOBILE][WEBKIT] ◇ injected env (0) from .env // tip: ⌘ multiple files { path: ['.env.local', '.env'] }
[ppc-cr][MOBILE][WEBKIT] 
🤖 ================================================================
🤖 MASTER RUNNER: LAUNCHING PPC CR
🤖 Mode:            MOBILE
🤖 Tracking URL:     https://flmtra.com/?a=659&oc=848&c=2210&s1=
[ppc-cr][MOBILE][WEBKIT] 🤖 Target Sheet:    PPC-CR
🤖 ================================================================
[ppc-cr][MOBILE][WEBKIT] 📱 Emulated Device Profile: MOBILE (iPhone 17 Pro)
[ppc-cr][MOBILE][WEBKIT] ⏳ Delaying 2 seconds to allow responsive layouts to mount...
[ppc-cr][MOBILE][WEBKIT] 🔄 Processing lead for brand: PPC CR Mobile
[ppc-cr][MOBILE][WEBKIT] 🔗 [Mobile] Navigating to: https://flmtra.com/?a=659&oc=848&c=2210&s1=
[ppc-cr][MOBILE][WEBKIT] ✅ [Mobile] Page loaded successfully
[ppc-cr][MOBILE][WEBKIT] 📱 [Mobile] Injecting high-fidelity glossy Natural Titanium iPhone 17 Pro mockup frame...
[ppc-cr][MOBILE][WEBKIT] 📱 [Mobile] Injecting high-fidelity glossy Natural Titanium iPhone 17 Pro mockup frame...
[ppc-cr][MOBILE][WEBKIT] 📝 [Mobile] Starting mobile-specific form filling...
[ppc-cr][MOBILE][WEBKIT] 🔘 [Mobile] Step 1: Selecting Debt Amount (1000)
[ppc-cr][MOBILE][WEBKIT] ✅ [Mobile] Selected debt amount via regex fallback
[ppc-cr][MOBILE][WEBKIT] 🔘 [Mobile] Clicking fallback button: button:has-text("NEXT"):visible
[ppc-cr][MOBILE][WEBKIT] ✅ [Mobile] Clicked fallback: button:has-text("NEXT"):visible
[ppc-cr][MOBILE][WEBKIT] 📱 [Mobile] Injecting high-fidelity glossy Natural Titanium iPhone 17 Pro mockup frame...
[ppc-cr][MOBILE][WEBKIT] ✅ [Mobile] Reached a recognized terminal step (State or Contact). Stopping dynamic traversal.
[ppc-cr][MOBILE][WEBKIT] 🔘 [Mobile] Step 2: Selecting State
[ppc-cr][MOBILE][WEBKIT] 📝 [Mobile] step3 column set to State: "South Carolina"
[ppc-cr][MOBILE][WEBKIT] 🔘 [Mobile] Clicking active visible button: .next-btn:visible, .next-btn2:visible, .btn-next:visible
[ppc-cr][MOBILE][WEBKIT] ✅ [Mobile] Clicked: .next-btn:visible, .next-btn2:visible, .btn-next:visible
[ppc-cr][MOBILE][WEBKIT] 📱 [Mobile] Injecting high-fidelity glossy Natural Titanium iPhone 17 Pro mockup frame...
[ppc-cr][MOBILE][WEBKIT] 🔘 [Mobile] Step 3: Filling Contact Info (Dynamic Loop)...
[ppc-cr][MOBILE][WEBKIT] 📱 [Mobile] Injecting high-fidelity glossy Natural Titanium iPhone 17 Pro mockup frame...
[ppc-cr][MOBILE][WEBKIT] ✅ [Mobile] Filled First Name: ckmtestpixel
[ppc-cr][MOBILE][WEBKIT] ✅ [Mobile] Filled Last Name: ckmtestpixel
[ppc-cr][MOBILE][WEBKIT] ✅ [Mobile] Filled Email: ckmtestpixel@gmail.com
[ppc-cr][MOBILE][WEBKIT] ✅ [Mobile] Filled Phone: 803-726-7050
[ppc-cr][MOBILE][WEBKIT] 🔘 [Mobile] Clicking active contact NEXT/SUBMIT button...
[ppc-cr][MOBILE][WEBKIT] 📱 [Mobile] Injecting high-fidelity glossy Natural Titanium iPhone 17 Pro mockup frame...
[ppc-cr][MOBILE][WEBKIT] ✅ [Mobile] Filled Phone: 803-726-7050
[ppc-cr][MOBILE][WEBKIT] 🔘 [Mobile] Clicking active contact NEXT/SUBMIT button...
[ppc-cr][MOBILE][WEBKIT] 📱 [Mobile] Injecting high-fidelity glossy Natural Titanium iPhone 17 Pro mockup frame...
[ppc-cr][MOBILE][WEBKIT] ✅ [Mobile] Filled Phone: 803-726-7050
[ppc-cr][MOBILE][WEBKIT] 🔘 [Mobile] Clicking active contact NEXT/SUBMIT button...
[ppc-cr][MOBILE][WEBKIT] 📱 [Mobile] Injecting high-fidelity glossy Natural Titanium iPhone 17 Pro mockup frame...
[ppc-cr][MOBILE][WEBKIT] ✅ [Mobile] Filled Phone: 803-726-7050
[ppc-cr][MOBILE][WEBKIT] 🔘 [Mobile] No active contact NEXT/SUBMIT button visible. Exiting loop.
🔘 [Mobile] Scanning for additional dynamic steps...
[ppc-cr][MOBILE][WEBKIT] 🔘 [Mobile] Submitting form
[ppc-cr][MOBILE][WEBKIT] ⏳ [Mobile] Waiting for submission navigation to complete
[ppc-cr][MOBILE][WEBKIT] ⏳ [Mobile] Waiting for final Thank You page redirection...
[ppc-cr][MOBILE][WEBKIT] ✅ [Mobile] Targeted final redirect URL achieved!
[ppc-cr][MOBILE][WEBKIT] ✅ [Mobile] Final Thank You URL: https://tra.com/thank-you?debt=10000&leadid=70BCAA4C&reqid=26774931&affid=659&oid=133
[ppc-cr][MOBILE][WEBKIT] ✅ [Mobile] Extracted Lead ID: 70BCAA4C
📱 Device Type detected: M-WEBKIT
[ppc-cr][MOBILE][WEBKIT] ✅ Lead captured: 70BCAA4C
[ppc-cr][MOBILE][WEBKIT] 📡 Fetching First API data for Lead ID: 70BCAA4C...
[ppc-cr][MOBILE][WEBKIT] 📡 Raw XML Response: {
  "lead_info_response": {
    "$": {
      "xmlns:xsd": "http://www.w3.org/2001/XMLSchema",
      "xmlns:xsi": "http://www.w3.org/2001/XMLSchema-instance",
      "xmlns": "http://cakemarketing.com/api/1/"
    },
    "success": "true",
    "row_count": "1",
    "lead_id": "70BCAA4C",
    "personal_info": {
      "first_name": "CKMTESTPIXEL",
      "last_name": "CKMTESTPIXEL",
      "email_address": "ckmtestpixel@gmail.com",
      "address": {
        "street": "",
        "city": "",
        "state": "SC",
        "zip_code": "29944",
        "country": ""
      },
      "ip_address": "27.54.170.27",
      "phone_work": "",
      "phone_home": "803-726-7050",
      "phone_cell": "",
      "best_call_time": "",
      "opt_in": "false"
    },
    "traffic_info": {
      "lead_date": "2026-05-13T04:09:21.103",
      "payout": {
        "currency_id": "1",
        "amount": "0.0000",
        "formatted_amount": "$0.00"
      },
      "affiliate": {
        "affiliate_id": {
          "_": "659",
          "$": {
            "xmlns": "API:id_name_store"
          }
        },
        "affiliate_name": {
          "_": "QA affiliate",
          "$": {
            "xmlns": "API:id_name_store"
          }
        }
      },
      "campaign": {
        "campaign_id": {
          "_": "4510",
          "$": {
            "xmlns": "API:id_name_store"
          }
        },
        "campaign_name": {
          "_": "TRA.com CPL - PPC CR - CPA - $1.00",
          "$": {
            "xmlns": "API:id_name_store"
          }
        }
      },
      "creative_id": "2210",
      "subid_1": "",
      "subid_2": "",
      "subid_3": "",
      "subid_4": "",
      "subid_5": "",
      "referrer": "",
      "pixel_fired": "true",
      "returned_to_affiliate": "false",
      "test": "true",
      "upsell": "false"
    },
    "all_vertical_data": {
      "data": {
        "$": {
          "xmlns": ""
        },
        "tax_debt": "10000",
        "universal_leadid": "13350C1A-794D-727D-2B03-0729E9DF09B5",
        "affid": "659",
        "TCPA_checkbox": "1",
        "reqid": "26774931",
        "page": "https://tra.com/ppc/cr",
        "neustar": "pass",
        "neustar_disposition": "N,U,A3,L,0",
        "first_name_lower": "ckmtestpixel",
        "last_name_lower": "ckmtestpixel",
        "opt_special_offers": "on",
        "ckm_campaign_id": "4510"
      }
    },
    "dispositions": "",
    "pings": "",
    "posts": "",
    "sales": ""
  }
}
✅ First API Data retrieved on attempt 1
[ppc-cr][MOBILE][WEBKIT] [STDERR] (node:4192) Warning: Setting the NODE_TLS_REJECT_UNAUTHORIZED environment variable to '0' makes TLS connections and HTTPS requests insecure by disabling certificate verification.
(Use `node --trace-warnings ...` to show where the warning was created)
[ppc-cr][MOBILE][WEBKIT] ✅ Row appended successfully to sheet: PPC-CR
[ppc-cr][MOBILE][WEBKIT] ✨ Professional formatting applied to PPC-CR
✅ Lead processed successfully for PPC CR Mobile
[ppc-cr][MOBILE][WEBKIT] 🎥 Video saved successfully: traces/videos/PPC-CR_PPC_CR_Mobile.webm
[ppc-cr][MOBILE][WEBKIT] 
✅ Execution successfully processed! { success: true, leadId: '70BCAA4C', brand: 'PPC CR Mobile' }
[ppc-cr][MOBILE][WEBKIT] [STDERR] ❌ Automation Run encountered a fatal exception: tracing.stop: Target page, context or browser has been closed
✅ [13/5/2026, 4:39:52 pm] COMPLETED: ppc-cr [MOBILE][WEBKIT]

================================================================
⚡ Running Campaign Viewports on Browser Engine: CHROMIUM - [PPC-FS]
================================================================

================================================================
🚀 [13/5/2026, 4:39:59 pm] RUNNING: PPC FS (DESKTOP) on CHROMIUM
🔗 Target URL: https://flmtra.com/?a=659&oc=841&c=2210&s1=
================================================================
[ppc-fs][DESKTOP][CHROMIUM] 🔌 [Browser Interceptor] Intercepting and optimizing engine: CHROMIUM
[ppc-fs][DESKTOP][CHROMIUM] ◇ injected env (0) from .env // tip: ⌘ enable debugging { debug: true }
[ppc-fs][DESKTOP][CHROMIUM] ◇ injected env (0) from .env // tip: ⌘ custom filepath { path: '/custom/path/.env' }
[ppc-fs][DESKTOP][CHROMIUM] ◇ injected env (0) from .env // tip: ⌘ custom filepath { path: '/custom/path/.env' }
[ppc-fs][DESKTOP][CHROMIUM] ◇ injected env (0) from .env // tip: ⌘ custom filepath { path: '/custom/path/.env' }
[ppc-fs][DESKTOP][CHROMIUM] 
🤖 ================================================================
[ppc-fs][DESKTOP][CHROMIUM] 🤖 MASTER RUNNER: LAUNCHING PPC FS
🤖 Mode:            DESKTOP
[ppc-fs][DESKTOP][CHROMIUM] 🤖 Tracking URL:     https://flmtra.com/?a=659&oc=841&c=2210&s1=
[ppc-fs][DESKTOP][CHROMIUM] 🤖 Target Sheet:    PPC FS
[ppc-fs][DESKTOP][CHROMIUM] 🤖 ================================================================
[ppc-fs][DESKTOP][CHROMIUM] 💻 Emulated Device Profile: DESKTOP
[ppc-fs][DESKTOP][CHROMIUM] 🔄 Processing lead for brand: PPC FS
[ppc-fs][DESKTOP][CHROMIUM] 🔗 Navigating to: https://flmtra.com/?a=659&oc=841&c=2210&s1=
[ppc-fs][DESKTOP][CHROMIUM] ✅ Page loaded successfully
[ppc-fs][DESKTOP][CHROMIUM] 📝 Starting multi-step form filling process...
[ppc-fs][DESKTOP][CHROMIUM] 🔘 Step 1: Handling Debt Amount (50,000)
[ppc-fs][DESKTOP][CHROMIUM] ✅ Selected debt amount via selector: span:has-text("$50k")
[ppc-fs][DESKTOP][CHROMIUM] 🔘 Attempting to click .next-btn1, .btn-next
[ppc-fs][DESKTOP][CHROMIUM] ✅ Clicked .next-btn1, .btn-next
[ppc-fs][DESKTOP][CHROMIUM] ✅ Reached a recognized terminal step (State or Contact). Stopping dynamic traversal.
[ppc-fs][DESKTOP][CHROMIUM] 🔘 Step: Selecting State
[ppc-fs][DESKTOP][CHROMIUM] 📝 step3 column set to State: "RI"
[ppc-fs][DESKTOP][CHROMIUM] 🔘 Clicking generic NEXT button
[ppc-fs][DESKTOP][CHROMIUM] ✅ Clicked generic NEXT button
[ppc-fs][DESKTOP][CHROMIUM] 🔘 Filling Contact Info (Dynamic Loop)...
[ppc-fs][DESKTOP][CHROMIUM] ✅ Filled First Name: ckmtestpixel
[ppc-fs][DESKTOP][CHROMIUM] ✅ Filled Last Name: ckmtestpixel
[ppc-fs][DESKTOP][CHROMIUM] ✅ Filled Email: ckmtestpixel@gmail.com
[ppc-fs][DESKTOP][CHROMIUM] ✅ Filled Phone: 401-739-6095
[ppc-fs][DESKTOP][CHROMIUM] 🔘 Clicking active contact NEXT/SUBMIT button...
[ppc-fs][DESKTOP][CHROMIUM] [STDERR] ❌ Error during form filling: locator.click: Timeout 25000ms exceeded.
Call log:
[2m  - waiting for locator('#primary_phone:visible, #phone:visible, #phone_home:visible, input[name="phone"]:visible, input[name="phone_home"]:visible, input[name="primary_phone"]:visible, input[type="tel"]:visible').first()[22m
[2m    - locator resolved to <input type="tel" id="primary_phone" placeholder="Phone" name="primary_phone" aria-invalid="false" class="form-control valid" data-gtm-form-interact-field-id="4"/>[22m
[2m  - attempting click action[22m
[2m    2 × waiting for element to be visible, enabled and stable[22m
[2m      - element is visible, enabled and stable[22m
[2m      - scrolling into view if needed[22m
[2m      - done scrolling[22m
[2m      - <div class="loader">Loading…</div> intercepts pointer events[22m
[2m    - retrying click action[22m
[2m    - waiting 20ms[22m
[2m    2 × waiting for element to be visible, enabled and stable[22m
[2m      - element is visible, enabled and stable[22m
[2m      - scrolling into view if needed[22m
[2m      - done scrolling[22m
[2m      - <div class="loader">Loading…</div> intercepts pointer events[22m
[2m    - retrying click action[22m
[2m      - waiting 100ms[22m
[2m    - waiting for element to be visible, enabled and stable[22m
[2m    - element is visible, enabled and stable[22m
[2m    - scrolling into view if needed[22m
[2m    - done scrolling[22m
[2m    - <div class="loader">Loading…</div> intercepts pointer events[22m
[2m  - retrying click action[22m
[2m    - waiting 500ms[22m
[2m    - waiting for" https://tra.com/thank-you?debt=10000&leadid=73B55101&reqid=26774932&affid=659&oid=133" navigation to finish...[22m
[2m    - navigated to "https://tra.com/thank-you?debt=10000&leadid=73B55101&reqid=26774932&affid=659&oid=133"[22m
[2m    - waiting for element to be visible, enabled and stable[22m
[2m  - element was detached from the DOM, retrying[22m

[ppc-fs][DESKTOP][CHROMIUM] [STDERR] ❌ Failed processing PPC FS: locator.click: Timeout 25000ms exceeded.
Call log:
[2m  - waiting for locator('#primary_phone:visible, #phone:visible, #phone_home:visible, input[name="phone"]:visible, input[name="phone_home"]:visible, input[name="primary_phone"]:visible, input[type="tel"]:visible').first()[22m
[2m    - locator resolved to <input type="tel" id="primary_phone" placeholder="Phone" name="primary_phone" aria-invalid="false" class="form-control valid" data-gtm-form-interact-field-id="4"/>[22m
[2m  - attempting click action[22m
[2m    2 × waiting for element to be visible, enabled and stable[22m
[2m      - element is visible, enabled and stable[22m
[2m      - scrolling into view if needed[22m
[2m      - done scrolling[22m
[2m      - <div class="loader">Loading…</div> intercepts pointer events[22m
[2m    - retrying click action[22m
[2m    - waiting 20ms[22m
[2m    2 × waiting for element to be visible, enabled and stable[22m
[2m      - element is visible, enabled and stable[22m
[2m      - scrolling into view if needed[22m
[2m      - done scrolling[22m
[2m      - <div class="loader">Loading…</div> intercepts pointer events[22m
[2m    - retrying click action[22m
[2m      - waiting 100ms[22m
[2m    - waiting for element to be visible, enabled and stable[22m
[2m    - element is visible, enabled and stable[22m
[2m    - scrolling into view if needed[22m
[2m    - done scrolling[22m
[2m    - <div class="loader">Loading…</div> intercepts pointer events[22m
[2m  - retrying click action[22m
[2m    - waiting 500ms[22m
[2m    - waiting for" https://tra.com/thank-you?debt=10000&leadid=73B55101&reqid=26774932&affid=659&oid=133" navigation to finish...[22m
[2m    - navigated to "https://tra.com/thank-you?debt=10000&leadid=73B55101&reqid=26774932&affid=659&oid=133"[22m
[2m    - waiting for element to be visible, enabled and stable[22m
[2m  - element was detached from the DOM, retrying[22m

[ppc-fs][DESKTOP][CHROMIUM] 
✅ Execution successfully processed! {
  success: false,
  error: 'locator.click: Timeout 25000ms exceeded.\n' +
    'Call log:\n' +
    `\x1B[2m  - waiting for locator('#primary_phone:visible, #phone:visible, #phone_home:visible, input[name="phone"]:visible, input[name="phone_home"]:visible, input[name="primary_phone"]:visible, input[type="tel"]:visible').first()\x1B[22m\n` +
    '\x1B[2m    - locator resolved to <input type="tel" id="primary_phone" placeholder="Phone" name="primary_phone" aria-invalid="false" class="form-control valid" data-gtm-form-interact-field-id="4"/>\x1B[22m\n' +
    '\x1B[2m  - attempting click action\x1B[22m\n' +
    '\x1B[2m    2 × waiting for element to be visible, enabled and stable\x1B[22m\n' +
    '\x1B[2m      - element is visible, enabled and stable\x1B[22m\n' +
    '\x1B[2m      - scrolling into view if needed\x1B[22m\n' +
    '\x1B[2m      - done scrolling\x1B[22m\n' +
    '\x1B[2m      - <div class="loader">Loading…</div> intercepts pointer events\x1B[22m\n' +
    '\x1B[2m    - retrying click action\x1B[22m\n' +
    '\x1B[2m    - waiting 20ms\x1B[22m\n' +
    '\x1B[2m    2 × waiting for element to be visible, enabled and stable\x1B[22m\n' +
    '\x1B[2m      - element is visible, enabled and stable\x1B[22m\n' +
    '\x1B[2m      - scrolling into view if needed\x1B[22m\n' +
    '\x1B[2m      - done scrolling\x1B[22m\n' +
    '\x1B[2m      - <div class="loader">Loading…</div> intercepts pointer events\x1B[22m\n' +
    '\x1B[2m    - retrying click action\x1B[22m\n' +
    '\x1B[2m      - waiting 100ms\x1B[22m\n' +
    '\x1B[2m    - waiting for element to be visible, enabled and stable\x1B[22m\n' +
    '\x1B[2m    - element is visible, enabled and stable\x1B[22m\n' +
    '\x1B[2m    - scrolling into view if needed\x1B[22m\n' +
    '\x1B[2m    - done scrolling\x1B[22m\n' +
    '\x1B[2m    - <div class="loader">Loading…</div> intercepts pointer events\x1B[22m\n' +
    '\x1B[2m  - retrying click action\x1B[22m\n' +
    '\x1B[2m    - waiting 500ms\x1B[22m\n' +
    '\x1B[2m    - waiting for" https://tra.com/thank-you?debt=10000&leadid=73B55101&reqid=26774932&affid=659&oid=133" navigation to finish...\x1B[22m\n' +
    '\x1B[2m    - navigated to "https://tra.com/thank-you?debt=10000&leadid=73B55101&reqid=26774932&affid=659&oid=133"\x1B[22m\n' +
    '\x1B[2m    - waiting for element to be visible, enabled and stable\x1B[22m\n' +
    '\x1B[2m  - element was detached from the DOM, retrying\x1B[22m\n',
  brand: 'PPC FS'
}
[ppc-fs][DESKTOP][CHROMIUM] 📋 Trace report successfully saved: traces/ppc-fs_desktop.zip
✅ [13/5/2026, 4:41:03 pm] COMPLETED: ppc-fs [DESKTOP][CHROMIUM]

================================================================
🚀 [13/5/2026, 4:41:05 pm] RUNNING: PPC FS (TABLET) on CHROMIUM
🔗 Target URL: https://flmtra.com/?a=659&oc=841&c=2210&s1=
================================================================
[ppc-fs][TABLET][CHROMIUM] 🔌 [Browser Interceptor] Intercepting and optimizing engine: CHROMIUM
[ppc-fs][TABLET][CHROMIUM] ◇ injected env (0) from .env // tip: ◈ secrets for agents [www.dotenvx.com]
[ppc-fs][TABLET][CHROMIUM] ◇ injected env (0) from .env // tip: ⌘ enable debugging { debug: true }
[ppc-fs][TABLET][CHROMIUM] ◇ injected env (0) from .env // tip: ⌘ multiple files { path: ['.env.local', '.env'] }
[ppc-fs][TABLET][CHROMIUM] ◇ injected env (0) from .env // tip: ◈ secrets for agents [www.dotenvx.com]
[ppc-fs][TABLET][CHROMIUM] 
🤖 ================================================================
🤖 MASTER RUNNER: LAUNCHING PPC FS
[ppc-fs][TABLET][CHROMIUM] 🤖 Mode:            TABLET
🤖 Tracking URL:     https://flmtra.com/?a=659&oc=841&c=2210&s1=
[ppc-fs][TABLET][CHROMIUM] 🤖 Target Sheet:    PPC FS
[ppc-fs][TABLET][CHROMIUM] 🤖 ================================================================
[ppc-fs][TABLET][CHROMIUM] 📋 Emulated Device Profile: TABLET (iPad Pro 11)
[ppc-fs][TABLET][CHROMIUM] ⏳ Delaying 2 seconds to allow responsive layouts to mount...
[ppc-fs][TABLET][CHROMIUM] 🔄 Processing lead for brand: PPC FS Tablet
[ppc-fs][TABLET][CHROMIUM] 🔗 [Mobile] Navigating to: https://flmtra.com/?a=659&oc=841&c=2210&s1=
[ppc-fs][TABLET][CHROMIUM] ✅ [Mobile] Page loaded successfully
[ppc-fs][TABLET][CHROMIUM] 💻 [Tablet] Injecting high-fidelity glossy iPad Pro mockup frame...
[ppc-fs][TABLET][CHROMIUM] 💻 [Tablet] Injecting high-fidelity glossy iPad Pro mockup frame...
[ppc-fs][TABLET][CHROMIUM] 📝 [Mobile] Starting mobile-specific form filling...
[ppc-fs][TABLET][CHROMIUM] 🔘 [Mobile] Step 1: Selecting Debt Amount (50,000)
[ppc-fs][TABLET][CHROMIUM] ✅ [Mobile] Selected debt amount: span:has-text("$50k")
[ppc-fs][TABLET][CHROMIUM] 🔘 [Mobile] Clicking active visible button: .next-btn1:visible, .btn-next:visible
[ppc-fs][TABLET][CHROMIUM] ✅ [Mobile] Clicked: .next-btn1:visible, .btn-next:visible
[ppc-fs][TABLET][CHROMIUM] 💻 [Tablet] Injecting high-fidelity glossy iPad Pro mockup frame...
[ppc-fs][TABLET][CHROMIUM] ✅ [Mobile] Reached a recognized terminal step (State or Contact). Stopping dynamic traversal.
[ppc-fs][TABLET][CHROMIUM] 🔘 [Mobile] Step 2: Selecting State
[ppc-fs][TABLET][CHROMIUM] 📝 [Mobile] step3 column set to State: "RI"
[ppc-fs][TABLET][CHROMIUM] 🔘 [Mobile] Clicking active visible button: .next-btn:visible, .next-btn2:visible, .btn-next:visible
[ppc-fs][TABLET][CHROMIUM] ✅ [Mobile] Clicked: .next-btn:visible, .next-btn2:visible, .btn-next:visible
[ppc-fs][TABLET][CHROMIUM] 💻 [Tablet] Injecting high-fidelity glossy iPad Pro mockup frame...
[ppc-fs][TABLET][CHROMIUM] 🔘 [Mobile] Step 3: Filling Contact Info (Dynamic Loop)...
[ppc-fs][TABLET][CHROMIUM] 💻 [Tablet] Injecting high-fidelity glossy iPad Pro mockup frame...
[ppc-fs][TABLET][CHROMIUM] ✅ [Mobile] Filled First Name: ckmtestpixel
[ppc-fs][TABLET][CHROMIUM] ✅ [Mobile] Filled Last Name: ckmtestpixel
[ppc-fs][TABLET][CHROMIUM] ✅ [Mobile] Filled Email: ckmtestpixel@gmail.com
[ppc-fs][TABLET][CHROMIUM] ✅ [Mobile] Filled Phone: 401-739-6095
[ppc-fs][TABLET][CHROMIUM] 🔘 [Mobile] Clicking active contact NEXT/SUBMIT button...
[ppc-fs][TABLET][CHROMIUM] 💻 [Tablet] Injecting high-fidelity glossy iPad Pro mockup frame...
[ppc-fs][TABLET][CHROMIUM] ✅ [Mobile] Filled Phone: 401-739-6095
[ppc-fs][TABLET][CHROMIUM] 🔘 [Mobile] Clicking active contact NEXT/SUBMIT button...
[ppc-fs][TABLET][CHROMIUM] 💻 [Tablet] Injecting high-fidelity glossy iPad Pro mockup frame...
[ppc-fs][TABLET][CHROMIUM] 🔘 [Mobile] No active contact NEXT/SUBMIT button visible. Exiting loop.
🔘 [Mobile] Scanning for additional dynamic steps...
[ppc-fs][TABLET][CHROMIUM] 🔘 [Mobile] Submitting form
[ppc-fs][TABLET][CHROMIUM] ⏳ [Mobile] Waiting for submission navigation to complete
[ppc-fs][TABLET][CHROMIUM] ⏳ [Mobile] Waiting for final Thank You page redirection...
[ppc-fs][TABLET][CHROMIUM] ✅ [Mobile] Targeted final redirect URL achieved!
[ppc-fs][TABLET][CHROMIUM] ✅ [Mobile] Final Thank You URL: https://tra.com/thank-you?debt=10000&leadid=AEB54A45&reqid=26774934&affid=659&oid=133
[ppc-fs][TABLET][CHROMIUM] ✅ [Mobile] Extracted Lead ID: AEB54A45
[ppc-fs][TABLET][CHROMIUM] 📱 Device Type detected: T-CHROMIUM
✅ Lead captured: AEB54A45
[ppc-fs][TABLET][CHROMIUM] 📡 Fetching First API data for Lead ID: AEB54A45...
[ppc-fs][TABLET][CHROMIUM] 📡 Raw XML Response: {
  "lead_info_response": {
    "$": {
      "xmlns:xsd": "http://www.w3.org/2001/XMLSchema",
      "xmlns:xsi": "http://www.w3.org/2001/XMLSchema-instance",
      "xmlns": "http://cakemarketing.com/api/1/"
    },
    "success": "true",
    "row_count": "1",
    "lead_id": "AEB54A45",
    "personal_info": {
      "first_name": "CKMTESTPIXEL",
      "last_name": "CKMTESTPIXEL",
      "email_address": "ckmtestpixel@gmail.com",
      "address": {
        "street": "",
        "city": "",
        "state": "RI",
        "zip_code": "02871",
        "country": ""
      },
      "ip_address": "27.54.170.27",
      "phone_work": "",
      "phone_home": "401-739-6095",
      "phone_cell": "",
      "best_call_time": "",
      "opt_in": "false"
    },
    "traffic_info": {
      "lead_date": "2026-05-13T04:11:32.33",
      "payout": {
        "currency_id": "1",
        "amount": "0.0000",
        "formatted_amount": "$0.00"
      },
      "affiliate": {
        "affiliate_id": {
          "_": "659",
          "$": {
            "xmlns": "API:id_name_store"
          }
        },
        "affiliate_name": {
          "_": "QA affiliate",
          "$": {
            "xmlns": "API:id_name_store"
          }
        }
      },
      "campaign": {
        "campaign_id": {
          "_": "4473",
          "$": {
            "xmlns": "API:id_name_store"
          }
        },
        "campaign_name": {
          "_": "TRA.com CPL - PPC FS - CPA - $1.00",
          "$": {
            "xmlns": "API:id_name_store"
          }
        }
      },
      "creative_id": "2210",
      "subid_1": "",
      "subid_2": "",
      "subid_3": "",
      "subid_4": "",
      "subid_5": "",
      "referrer": "",
      "pixel_fired": "true",
      "returned_to_affiliate": "false",
      "test": "true",
      "upsell": "false"
    },
    "all_vertical_data": {
      "data": {
        "$": {
          "xmlns": ""
        },
        "tax_debt": "10000",
        "universal_leadid": "18526229-A4CD-3597-1198-260D32AB100B",
        "affid": "659",
        "TCPA_checkbox": "1",
        "reqid": "26774934",
        "page": "https://tra.com/ppc/fs",
        "neustar": "fail",
        "neustar_disposition": "N,U,I4,L,0",
        "first_name_lower": "ckmtestpixel",
        "last_name_lower": "ckmtestpixel",
        "opt_special_offers": "on"
      }
    },
    "dispositions": {
      "disposition": {
        "disposition_type": "Sent to Review Queue",
        "reason": "neustar: This value is not valid",
        "filter": "Equals Value"
      }
    },
    "pings": "",
    "posts": "",
    "sales": ""
  }
}
✅ First API Data retrieved on attempt 1
[ppc-fs][TABLET][CHROMIUM] 📡 Fetching Second API data for Lead ID: AEB54A45...
[ppc-fs][TABLET][CHROMIUM] 📡 Standard Second API Payload: cake_id=AEB54A45, domain_name=https://www.taxreliefadvocates.com
[ppc-fs][TABLET][CHROMIUM] [STDERR] (node:18996) Warning: Setting the NODE_TLS_REJECT_UNAUTHORIZED environment variable to '0' makes TLS connections and HTTPS requests insecure by disabling certificate verification.
(Use `node --trace-warnings ...` to show where the warning was created)
[ppc-fs][TABLET][CHROMIUM] [STDERR] ❌ Second API Attempt 1 failed: Request failed with status code 404
[ppc-fs][TABLET][CHROMIUM] ⏳ Retrying in 3 seconds to allow database synchronization...
[ppc-fs][TABLET][CHROMIUM] 📡 Standard Second API Payload: cake_id=AEB54A45, domain_name=https://www.taxreliefadvocates.com
[ppc-fs][TABLET][CHROMIUM] [STDERR] ❌ Second API Attempt 2 failed: Request failed with status code 404
[ppc-fs][TABLET][CHROMIUM] ⏳ Retrying in 3 seconds to allow database synchronization...
[ppc-fs][TABLET][CHROMIUM] 📡 Standard Second API Payload: cake_id=AEB54A45, domain_name=https://www.taxreliefadvocates.com
[ppc-fs][TABLET][CHROMIUM] [STDERR] ❌ Second API Attempt 3 failed: Request failed with status code 404
[ppc-fs][TABLET][CHROMIUM] ⏳ Retrying in 3 seconds to allow database synchronization...
[ppc-fs][TABLET][CHROMIUM] 📡 Standard Second API Payload: cake_id=AEB54A45, domain_name=https://www.taxreliefadvocates.com
[ppc-fs][TABLET][CHROMIUM] [STDERR] ❌ Second API Attempt 4 failed: Request failed with status code 404
[ppc-fs][TABLET][CHROMIUM] ⏳ Retrying in 3 seconds to allow database synchronization...
[ppc-fs][TABLET][CHROMIUM] 📡 Standard Second API Payload: cake_id=AEB54A45, domain_name=https://www.taxreliefadvocates.com
[ppc-fs][TABLET][CHROMIUM] [STDERR] ❌ Second API Attempt 5 failed: Request failed with status code 404
[ppc-fs][TABLET][CHROMIUM] [STDERR] ❌ Error: Sheet "PPC FS" does not exist in the Google Spreadsheet. Aborting append to prevent creating unexpected tabs.
[ppc-fs][TABLET][CHROMIUM] [STDERR] ❌ Google Sheets Error: ❌ Error: Sheet "PPC FS" does not exist in the Google Spreadsheet. Aborting append to prevent creating unexpected tabs.
[ppc-fs][TABLET][CHROMIUM] [STDERR] ❌ Failed processing PPC FS Tablet: Failed to write to Google Sheets
[ppc-fs][TABLET][CHROMIUM] 
✅ Execution successfully processed! {
  success: false,
  error: 'Failed to write to Google Sheets',
  brand: 'PPC FS Tablet'
}
[ppc-fs][TABLET][CHROMIUM] 📋 Trace report successfully saved: traces/ppc-fs_tablet.zip
✅ [13/5/2026, 4:43:34 pm] COMPLETED: ppc-fs [TABLET][CHROMIUM]

================================================================
🚀 [13/5/2026, 4:43:36 pm] RUNNING: PPC FS (MOBILE) on CHROMIUM
🔗 Target URL: https://flmtra.com/?a=659&oc=841&c=2210&s1=
================================================================
[ppc-fs][MOBILE][CHROMIUM] 🔌 [Browser Interceptor] Intercepting and optimizing engine: CHROMIUM
[ppc-fs][MOBILE][CHROMIUM] ◇ injected env (0) from .env // tip: ◈ encrypted .env [www.dotenvx.com]
[ppc-fs][MOBILE][CHROMIUM] ◇ injected env (0) from .env // tip: ⌘ multiple files { path: ['.env.local', '.env'] }
[ppc-fs][MOBILE][CHROMIUM] ◇ injected env (0) from .env // tip: ⌘ suppress logs { quiet: true }
[ppc-fs][MOBILE][CHROMIUM] ◇ injected env (0) from .env // tip: ⌁ auth for agents [www.vestauth.com]
[ppc-fs][MOBILE][CHROMIUM] 
🤖 ================================================================
🤖 MASTER RUNNER: LAUNCHING PPC FS
🤖 Mode:            MOBILE
[ppc-fs][MOBILE][CHROMIUM] 🤖 Tracking URL:     https://flmtra.com/?a=659&oc=841&c=2210&s1=
🤖 Target Sheet:    PPC FS
[ppc-fs][MOBILE][CHROMIUM] 🤖 ================================================================
[ppc-fs][MOBILE][CHROMIUM] 📱 Emulated Device Profile: MOBILE (iPhone 17 Pro)
[ppc-fs][MOBILE][CHROMIUM] ⏳ Delaying 2 seconds to allow responsive layouts to mount...
[ppc-fs][MOBILE][CHROMIUM] 🔄 Processing lead for brand: PPC FS Mobile
[ppc-fs][MOBILE][CHROMIUM] 🔗 [Mobile] Navigating to: https://flmtra.com/?a=659&oc=841&c=2210&s1=
[ppc-fs][MOBILE][CHROMIUM] ✅ [Mobile] Page loaded successfully
[ppc-fs][MOBILE][CHROMIUM] 📱 [Mobile] Injecting high-fidelity glossy Natural Titanium iPhone 17 Pro mockup frame...
[ppc-fs][MOBILE][CHROMIUM] 📱 [Mobile] Injecting high-fidelity glossy Natural Titanium iPhone 17 Pro mockup frame...
[ppc-fs][MOBILE][CHROMIUM] 📝 [Mobile] Starting mobile-specific form filling...
[ppc-fs][MOBILE][CHROMIUM] 🔘 [Mobile] Step 1: Selecting Debt Amount (50,000)
[ppc-fs][MOBILE][CHROMIUM] ✅ [Mobile] Selected debt amount: span:has-text("$50k")
[ppc-fs][MOBILE][CHROMIUM] 🔘 [Mobile] Clicking active visible button: .next-btn1:visible, .btn-next:visible
[ppc-fs][MOBILE][CHROMIUM] ✅ [Mobile] Clicked: .next-btn1:visible, .btn-next:visible
[ppc-fs][MOBILE][CHROMIUM] 📱 [Mobile] Injecting high-fidelity glossy Natural Titanium iPhone 17 Pro mockup frame...
[ppc-fs][MOBILE][CHROMIUM] ✅ [Mobile] Reached a recognized terminal step (State or Contact). Stopping dynamic traversal.
[ppc-fs][MOBILE][CHROMIUM] 🔘 [Mobile] Step 2: Selecting State
[ppc-fs][MOBILE][CHROMIUM] 📝 [Mobile] step3 column set to State: "RI"
[ppc-fs][MOBILE][CHROMIUM] 🔘 [Mobile] Clicking active visible button: .next-btn:visible, .next-btn2:visible, .btn-next:visible
[ppc-fs][MOBILE][CHROMIUM] ✅ [Mobile] Clicked: .next-btn:visible, .next-btn2:visible, .btn-next:visible
[ppc-fs][MOBILE][CHROMIUM] 📱 [Mobile] Injecting high-fidelity glossy Natural Titanium iPhone 17 Pro mockup frame...
[ppc-fs][MOBILE][CHROMIUM] 🔘 [Mobile] Step 3: Filling Contact Info (Dynamic Loop)...
[ppc-fs][MOBILE][CHROMIUM] 📱 [Mobile] Injecting high-fidelity glossy Natural Titanium iPhone 17 Pro mockup frame...
[ppc-fs][MOBILE][CHROMIUM] ✅ [Mobile] Filled First Name: ckmtestpixel
[ppc-fs][MOBILE][CHROMIUM] ✅ [Mobile] Filled Last Name: ckmtestpixel
[ppc-fs][MOBILE][CHROMIUM] ✅ [Mobile] Filled Email: ckmtestpixel@gmail.com
[ppc-fs][MOBILE][CHROMIUM] ✅ [Mobile] Filled Phone: 401-739-6095
[ppc-fs][MOBILE][CHROMIUM] 🔘 [Mobile] Clicking active contact NEXT/SUBMIT button...
[ppc-fs][MOBILE][CHROMIUM] 📱 [Mobile] Injecting high-fidelity glossy Natural Titanium iPhone 17 Pro mockup frame...
[ppc-fs][MOBILE][CHROMIUM] ✅ [Mobile] Filled Phone: 401-739-6095
[ppc-fs][MOBILE][CHROMIUM] 🔘 [Mobile] Clicking active contact NEXT/SUBMIT button...
[ppc-fs][MOBILE][CHROMIUM] 📱 [Mobile] Injecting high-fidelity glossy Natural Titanium iPhone 17 Pro mockup frame...
[ppc-fs][MOBILE][CHROMIUM] ✅ [Mobile] Filled Phone: 401-739-6095
[ppc-fs][MOBILE][CHROMIUM] 🔘 [Mobile] Clicking active contact NEXT/SUBMIT button...
[ppc-fs][MOBILE][CHROMIUM] 📱 [Mobile] Injecting high-fidelity glossy Natural Titanium iPhone 17 Pro mockup frame...
[ppc-fs][MOBILE][CHROMIUM] ✅ [Mobile] Filled Phone: 401-739-6095
[ppc-fs][MOBILE][CHROMIUM] 🔘 [Mobile] Clicking active contact NEXT/SUBMIT button...
[ppc-fs][MOBILE][CHROMIUM] 📱 [Mobile] Injecting high-fidelity glossy Natural Titanium iPhone 17 Pro mockup frame...
[ppc-fs][MOBILE][CHROMIUM] [STDERR] ⚠️ [Mobile] Failed to apply glossy iPhone 17 Pro mockup frame overlay: page.evaluate: TypeError: Cannot read properties of null (reading 'appendChild')
    at eval (eval at evaluate (:302:30), <anonymous>:133:23)
    at UtilityScript.evaluate (<anonymous>:304:16)
    at UtilityScript.<anonymous> (<anonymous>:1:44)
[ppc-fs][MOBILE][CHROMIUM] 🔘 [Mobile] No active contact NEXT/SUBMIT button visible. Exiting loop.
🔘 [Mobile] Scanning for additional dynamic steps...
[ppc-fs][MOBILE][CHROMIUM] 🔘 [Mobile] Submitting form
[ppc-fs][MOBILE][CHROMIUM] ⏳ [Mobile] Waiting for submission navigation to complete
[ppc-fs][MOBILE][CHROMIUM] ⏳ [Mobile] Waiting for final Thank You page redirection...
[ppc-fs][MOBILE][CHROMIUM] ✅ [Mobile] Targeted final redirect URL achieved!
✅ [Mobile] Final Thank You URL: https://tra.com/thank-you?debt=#tax_debt#&leadid=#leadid#&reqid=#reqid#&affid=#affid#&oid=133
[ppc-fs][MOBILE][CHROMIUM] [STDERR] ⚠️ [Mobile] No Lead ID found in URL
[ppc-fs][MOBILE][CHROMIUM] 📱 Device Type detected: M-CHROMIUM
✅ Lead captured: DUPLICATE
[ppc-fs][MOBILE][CHROMIUM] [STDERR] ⚠️ No Lead ID found. This is likely a duplicate lead submission redirected to a static thank you page. Using DUPLICATE fallback.
[ppc-fs][MOBILE][CHROMIUM] [STDERR] (node:20116) Warning: Setting the NODE_TLS_REJECT_UNAUTHORIZED environment variable to '0' makes TLS connections and HTTPS requests insecure by disabling certificate verification.
(Use `node --trace-warnings ...` to show where the warning was created)
[ppc-fs][MOBILE][CHROMIUM] [STDERR] ❌ Error: Sheet "PPC FS" does not exist in the Google Spreadsheet. Aborting append to prevent creating unexpected tabs.
[ppc-fs][MOBILE][CHROMIUM] [STDERR] ❌ Google Sheets Error: ❌ Error: Sheet "PPC FS" does not exist in the Google Spreadsheet. Aborting append to prevent creating unexpected tabs.
❌ Failed processing PPC FS Mobile: Failed to write to Google Sheets
[ppc-fs][MOBILE][CHROMIUM] 
✅ Execution successfully processed! {
  success: false,
  error: 'Failed to write to Google Sheets',
  brand: 'PPC FS Mobile'
}
[ppc-fs][MOBILE][CHROMIUM] 📋 Trace report successfully saved: traces/ppc-fs_mobile.zip
✅ [13/5/2026, 4:44:34 pm] COMPLETED: ppc-fs [MOBILE][CHROMIUM]

================================================================
⚡ Running Campaign Viewports on Browser Engine: FIREFOX - [PPC-FS]
================================================================

================================================================
🚀 [13/5/2026, 4:44:38 pm] RUNNING: PPC FS (DESKTOP) on FIREFOX
🔗 Target URL: https://flmtra.com/?a=659&oc=841&c=2210&s1=
================================================================
[ppc-fs][DESKTOP][FIREFOX] 🔌 [Browser Interceptor] Intercepting and optimizing engine: FIREFOX
[ppc-fs][DESKTOP][FIREFOX] ◇ injected env (0) from .env // tip: ⌁ auth for agents [www.vestauth.com]
[ppc-fs][DESKTOP][FIREFOX] ◇ injected env (0) from .env // tip: ◈ secrets for agents [www.dotenvx.com]
[ppc-fs][DESKTOP][FIREFOX] ◇ injected env (0) from .env // tip: ⌘ suppress logs { quiet: true }
[ppc-fs][DESKTOP][FIREFOX] ◇ injected env (0) from .env // tip: ⌘ custom filepath { path: '/custom/path/.env' }
[ppc-fs][DESKTOP][FIREFOX] 
🤖 ================================================================
[ppc-fs][DESKTOP][FIREFOX] 🤖 MASTER RUNNER: LAUNCHING PPC FS
🤖 Mode:            DESKTOP
🤖 Tracking URL:     https://flmtra.com/?a=659&oc=841&c=2210&s1=
[ppc-fs][DESKTOP][FIREFOX] 🤖 Target Sheet:    PPC FS
🤖 ================================================================
[ppc-fs][DESKTOP][FIREFOX] 💻 Emulated Device Profile: DESKTOP
[ppc-fs][DESKTOP][FIREFOX] 🔌 [Browser Interceptor] Sanitizing mobile context options for Firefox emulation...
[ppc-fs][DESKTOP][FIREFOX] 🔄 Processing lead for brand: PPC FS
[ppc-fs][DESKTOP][FIREFOX] 🔗 Navigating to: https://flmtra.com/?a=659&oc=841&c=2210&s1=
[ppc-fs][DESKTOP][FIREFOX] ✅ Page loaded successfully
[ppc-fs][DESKTOP][FIREFOX] 📝 Starting multi-step form filling process...
[ppc-fs][DESKTOP][FIREFOX] 🔘 Step 1: Handling Debt Amount (50,000)
[ppc-fs][DESKTOP][FIREFOX] [STDERR] ⚠️ Could not select debt amount: locator.click: Timeout 25000ms exceeded.
Call log:
[2m  - waiting for locator('span:has-text("$50k")').first()[22m
[2m    - locator resolved to <span class="right-val">$50k +</span>[22m
[2m  - attempting click action[22m
[2m    - scrolling into view if needed[22m
[2m    - done scrolling[22m
[2m    - forcing action[22m
[2m    - performing click action[22m

[ppc-fs][DESKTOP][FIREFOX] 🔘 Attempting to click .next-btn1, .btn-next
[ppc-fs][DESKTOP][FIREFOX] ⚠️ Standard click failed, using dispatchEvent...
[ppc-fs][DESKTOP][FIREFOX] ✅ Clicked .next-btn1, .btn-next
[ppc-fs][DESKTOP][FIREFOX] ✅ Reached a recognized terminal step (State or Contact). Stopping dynamic traversal.
[ppc-fs][DESKTOP][FIREFOX] 🔘 Step: Selecting State
[ppc-fs][DESKTOP][FIREFOX] 📝 step3 column set to State: "RI"
[ppc-fs][DESKTOP][FIREFOX] 🔘 Clicking generic NEXT button
[ppc-fs][DESKTOP][FIREFOX] ✅ Clicked generic NEXT button
[ppc-fs][DESKTOP][FIREFOX] 🔘 Filling Contact Info (Dynamic Loop)...
[ppc-fs][DESKTOP][FIREFOX] [STDERR] ❌ Error during form filling: locator.click: Timeout 25000ms exceeded.
Call log:
[2m  - waiting for locator('#first_name:visible, input[name="first_name"]:visible, input[placeholder*="First Name" i]:visible').first()[22m
[2m    - locator resolved to <input type="text" name="first_name" placeholder="First Name" class="form-control error"/>[22m
[2m  - attempting click action[22m
[2m    - waiting for element to be visible, enabled and stable[22m

[ppc-fs][DESKTOP][FIREFOX] [STDERR] ❌ Failed processing PPC FS: locator.click: Timeout 25000ms exceeded.
Call log:
[2m  - waiting for locator('#first_name:visible, input[name="first_name"]:visible, input[placeholder*="First Name" i]:visible').first()[22m
[2m    - locator resolved to <input type="text" name="first_name" placeholder="First Name" class="form-control error"/>[22m
[2m  - attempting click action[22m
[2m    - waiting for element to be visible, enabled and stable[22m

[ppc-fs][DESKTOP][FIREFOX] 
✅ Execution successfully processed! {
  success: false,
  error: 'locator.click: Timeout 25000ms exceeded.\n' +
    'Call log:\n' +
    `\x1B[2m  - waiting for locator('#first_name:visible, input[name="first_name"]:visible, input[placeholder*="First Name" i]:visible').first()\x1B[22m\n` +
    '\x1B[2m    - locator resolved to <input type="text" name="first_name" placeholder="First Name" class="form-control error"/>\x1B[22m\n' +
    '\x1B[2m  - attempting click action\x1B[22m\n' +
    '\x1B[2m    - waiting for element to be visible, enabled and stable\x1B[22m\n',
  brand: 'PPC FS'
}
[ppc-fs][DESKTOP][FIREFOX] 📋 Trace report successfully saved: traces/ppc-fs_desktop.zip
✅ [13/5/2026, 4:46:22 pm] COMPLETED: ppc-fs [DESKTOP][FIREFOX]

================================================================
🚀 [13/5/2026, 4:46:24 pm] RUNNING: PPC FS (TABLET) on FIREFOX
🔗 Target URL: https://flmtra.com/?a=659&oc=841&c=2210&s1=
================================================================
[ppc-fs][TABLET][FIREFOX] 🔌 [Browser Interceptor] Intercepting and optimizing engine: FIREFOX
[ppc-fs][TABLET][FIREFOX] ◇ injected env (0) from .env // tip: ◈ secrets for agents [www.dotenvx.com]
[ppc-fs][TABLET][FIREFOX] ◇ injected env (0) from .env // tip: ⌘ custom filepath { path: '/custom/path/.env' }
[ppc-fs][TABLET][FIREFOX] ◇ injected env (0) from .env // tip: ⌘ suppress logs { quiet: true }
[ppc-fs][TABLET][FIREFOX] ◇ injected env (0) from .env // tip: ⌘ multiple files { path: ['.env.local', '.env'] }
[ppc-fs][TABLET][FIREFOX] 
🤖 ================================================================
🤖 MASTER RUNNER: LAUNCHING PPC FS
🤖 Mode:            TABLET
🤖 Tracking URL:     https://flmtra.com/?a=659&oc=841&c=2210&s1=
🤖 Target Sheet:    PPC FS
[ppc-fs][TABLET][FIREFOX] 🤖 ================================================================
[ppc-fs][TABLET][FIREFOX] 📋 Emulated Device Profile: TABLET (iPad Pro 11)
🔌 [Browser Interceptor] Sanitizing mobile context options for Firefox emulation...
[ppc-fs][TABLET][FIREFOX] ⏳ Delaying 2 seconds to allow responsive layouts to mount...
[ppc-fs][TABLET][FIREFOX] 🔄 Processing lead for brand: PPC FS Tablet
[ppc-fs][TABLET][FIREFOX] 🔗 [Mobile] Navigating to: https://flmtra.com/?a=659&oc=841&c=2210&s1=
[ppc-fs][TABLET][FIREFOX] ✅ [Mobile] Page loaded successfully
[ppc-fs][TABLET][FIREFOX] 💻 [Tablet] Injecting high-fidelity glossy iPad Pro mockup frame...
[ppc-fs][TABLET][FIREFOX] 💻 [Tablet] Injecting high-fidelity glossy iPad Pro mockup frame...
[ppc-fs][TABLET][FIREFOX] 📝 [Mobile] Starting mobile-specific form filling...
[ppc-fs][TABLET][FIREFOX] 🔘 [Mobile] Step 1: Selecting Debt Amount (50,000)
[ppc-fs][TABLET][FIREFOX] ✅ [Mobile] Selected debt amount: span:has-text("$50k")
[ppc-fs][TABLET][FIREFOX] 🔘 [Mobile] Clicking active visible button: .next-btn1:visible, .btn-next:visible
[ppc-fs][TABLET][FIREFOX] ✅ [Mobile] Clicked: .next-btn1:visible, .btn-next:visible
[ppc-fs][TABLET][FIREFOX] 💻 [Tablet] Injecting high-fidelity glossy iPad Pro mockup frame...
[ppc-fs][TABLET][FIREFOX] ✅ [Mobile] Reached a recognized terminal step (State or Contact). Stopping dynamic traversal.
[ppc-fs][TABLET][FIREFOX] 🔘 [Mobile] Step 2: Selecting State
[ppc-fs][TABLET][FIREFOX] 📝 [Mobile] step3 column set to State: "RI"
[ppc-fs][TABLET][FIREFOX] 🔘 [Mobile] Clicking active visible button: .next-btn:visible, .next-btn2:visible, .btn-next:visible
[ppc-fs][TABLET][FIREFOX] ✅ [Mobile] Clicked: .next-btn:visible, .next-btn2:visible, .btn-next:visible
[ppc-fs][TABLET][FIREFOX] 💻 [Tablet] Injecting high-fidelity glossy iPad Pro mockup frame...
[ppc-fs][TABLET][FIREFOX] 🔘 [Mobile] Step 3: Filling Contact Info (Dynamic Loop)...
[ppc-fs][TABLET][FIREFOX] 💻 [Tablet] Injecting high-fidelity glossy iPad Pro mockup frame...
[ppc-fs][TABLET][FIREFOX] ✅ [Mobile] Filled First Name: ckmtestpixel
[ppc-fs][TABLET][FIREFOX] ✅ [Mobile] Filled Last Name: ckmtestpixel
[ppc-fs][TABLET][FIREFOX] ✅ [Mobile] Filled Email: ckmtestpixel@gmail.com
[ppc-fs][TABLET][FIREFOX] ✅ [Mobile] Filled Phone: 401-739-6095
[ppc-fs][TABLET][FIREFOX] 🔘 [Mobile] Clicking active contact NEXT/SUBMIT button...
[ppc-fs][TABLET][FIREFOX] 💻 [Tablet] Injecting high-fidelity glossy iPad Pro mockup frame...
[ppc-fs][TABLET][FIREFOX] ✅ [Mobile] Filled Phone: 401-739-6095
[ppc-fs][TABLET][FIREFOX] 🔘 [Mobile] Clicking active contact NEXT/SUBMIT button...
[ppc-fs][TABLET][FIREFOX] 💻 [Tablet] Injecting high-fidelity glossy iPad Pro mockup frame...
[ppc-fs][TABLET][FIREFOX] 🔘 [Mobile] No active contact NEXT/SUBMIT button visible. Exiting loop.
🔘 [Mobile] Scanning for additional dynamic steps...
[ppc-fs][TABLET][FIREFOX] 🔘 [Mobile] Submitting form
[ppc-fs][TABLET][FIREFOX] ⏳ [Mobile] Waiting for submission navigation to complete
[ppc-fs][TABLET][FIREFOX] ⏳ [Mobile] Waiting for final Thank You page redirection...
[ppc-fs][TABLET][FIREFOX] ✅ [Mobile] Targeted final redirect URL achieved!
[ppc-fs][TABLET][FIREFOX] ✅ [Mobile] Final Thank You URL: https://tra.com/thank-you?debt=10000&leadid=26D77566&reqid=26774944&affid=659&oid=133
[ppc-fs][TABLET][FIREFOX] ✅ [Mobile] Extracted Lead ID: 26D77566
📱 Device Type detected: T-FIREFOX
✅ Lead captured: 26D77566
[ppc-fs][TABLET][FIREFOX] 📡 Fetching First API data for Lead ID: 26D77566...
[ppc-fs][TABLET][FIREFOX] 📡 Raw XML Response: {
  "lead_info_response": {
    "$": {
      "xmlns:xsd": "http://www.w3.org/2001/XMLSchema",
      "xmlns:xsi": "http://www.w3.org/2001/XMLSchema-instance",
      "xmlns": "http://cakemarketing.com/api/1/"
    },
    "success": "true",
    "row_count": "1",
    "lead_id": "26D77566",
    "personal_info": {
      "first_name": "CKMTESTPIXEL",
      "last_name": "CKMTESTPIXEL",
      "email_address": "ckmtestpixel@gmail.com",
      "address": {
        "street": "",
        "city": "",
        "state": "RI",
        "zip_code": "02817",
        "country": ""
      },
      "ip_address": "27.54.170.27",
      "phone_work": "",
      "phone_home": "401-739-6095",
      "phone_cell": "",
      "best_call_time": "",
      "opt_in": "false"
    },
    "traffic_info": {
      "lead_date": "2026-05-13T04:16:55.047",
      "payout": {
        "currency_id": "1",
        "amount": "0.0000",
        "formatted_amount": "$0.00"
      },
      "affiliate": {
        "affiliate_id": {
          "_": "659",
          "$": {
            "xmlns": "API:id_name_store"
          }
        },
        "affiliate_name": {
          "_": "QA affiliate",
          "$": {
            "xmlns": "API:id_name_store"
          }
        }
      },
      "campaign": {
        "campaign_id": {
          "_": "4473",
          "$": {
            "xmlns": "API:id_name_store"
          }
        },
        "campaign_name": {
          "_": "TRA.com CPL - PPC FS - CPA - $1.00",
          "$": {
            "xmlns": "API:id_name_store"
          }
        }
      },
      "creative_id": "2210",
      "subid_1": "",
      "subid_2": "",
      "subid_3": "",
      "subid_4": "",
      "subid_5": "",
      "referrer": "",
      "pixel_fired": "true",
      "returned_to_affiliate": "false",
      "test": "true",
      "upsell": "false"
    },
    "all_vertical_data": {
      "data": {
        "$": {
          "xmlns": ""
        },
        "tax_debt": "10000",
        "universal_leadid": "3F96D5A0-B7B6-20CB-DC3C-A2E41C645CDA",
        "affid": "659",
        "TCPA_checkbox": "1",
        "reqid": "26774944",
        "page": "https://tra.com/ppc/fs",
        "neustar": "fail",
        "neustar_disposition": "N,U,I4,L,0",
        "first_name_lower": "ckmtestpixel",
        "last_name_lower": "ckmtestpixel",
        "opt_special_offers": "on"
      }
    },
    "dispositions": {
      "disposition": {
        "disposition_type": "Sent to Review Queue",
        "reason": "neustar: This value is not valid",
        "filter": "Equals Value"
      }
    },
    "pings": "",
    "posts": "",
    "sales": ""
  }
}
[ppc-fs][TABLET][FIREFOX] ✅ First API Data retrieved on attempt 1
[ppc-fs][TABLET][FIREFOX] 📡 Fetching Second API data for Lead ID: 26D77566...
[ppc-fs][TABLET][FIREFOX] 📡 Standard Second API Payload: cake_id=26D77566, domain_name=https://www.taxreliefadvocates.com
[ppc-fs][TABLET][FIREFOX] [STDERR] (node:3600) Warning: Setting the NODE_TLS_REJECT_UNAUTHORIZED environment variable to '0' makes TLS connections and HTTPS requests insecure by disabling certificate verification.
(Use `node --trace-warnings ...` to show where the warning was created)
[ppc-fs][TABLET][FIREFOX] [STDERR] ❌ Second API Attempt 1 failed: Request failed with status code 404
[ppc-fs][TABLET][FIREFOX] ⏳ Retrying in 3 seconds to allow database synchronization...
[ppc-fs][TABLET][FIREFOX] 📡 Standard Second API Payload: cake_id=26D77566, domain_name=https://www.taxreliefadvocates.com
[ppc-fs][TABLET][FIREFOX] [STDERR] ❌ Second API Attempt 2 failed: Request failed with status code 404
[ppc-fs][TABLET][FIREFOX] ⏳ Retrying in 3 seconds to allow database synchronization...
[ppc-fs][TABLET][FIREFOX] 📡 Standard Second API Payload: cake_id=26D77566, domain_name=https://www.taxreliefadvocates.com
[ppc-fs][TABLET][FIREFOX] [STDERR] ❌ Second API Attempt 3 failed: Request failed with status code 404
[ppc-fs][TABLET][FIREFOX] ⏳ Retrying in 3 seconds to allow database synchronization...
[ppc-fs][TABLET][FIREFOX] 📡 Standard Second API Payload: cake_id=26D77566, domain_name=https://www.taxreliefadvocates.com
[ppc-fs][TABLET][FIREFOX] [STDERR] ❌ Second API Attempt 4 failed: Request failed with status code 404
[ppc-fs][TABLET][FIREFOX] ⏳ Retrying in 3 seconds to allow database synchronization...
[ppc-fs][TABLET][FIREFOX] 📡 Standard Second API Payload: cake_id=26D77566, domain_name=https://www.taxreliefadvocates.com
[ppc-fs][TABLET][FIREFOX] [STDERR] ❌ Second API Attempt 5 failed: Request failed with status code 404
[ppc-fs][TABLET][FIREFOX] [STDERR] ❌ Error: Sheet "PPC FS" does not exist in the Google Spreadsheet. Aborting append to prevent creating unexpected tabs.
[ppc-fs][TABLET][FIREFOX] [STDERR] ❌ Google Sheets Error: ❌ Error: Sheet "PPC FS" does not exist in the Google Spreadsheet. Aborting append to prevent creating unexpected tabs.
[ppc-fs][TABLET][FIREFOX] [STDERR] ❌ Failed processing PPC FS Tablet: Failed to write to Google Sheets
[ppc-fs][TABLET][FIREFOX] 
✅ Execution successfully processed! {
  success: false,
  error: 'Failed to write to Google Sheets',
  brand: 'PPC FS Tablet'
}
[ppc-fs][TABLET][FIREFOX] 📋 Trace report successfully saved: traces/ppc-fs_tablet.zip
✅ [13/5/2026, 4:47:42 pm] COMPLETED: ppc-fs [TABLET][FIREFOX]

================================================================
🚀 [13/5/2026, 4:47:44 pm] RUNNING: PPC FS (MOBILE) on FIREFOX
🔗 Target URL: https://flmtra.com/?a=659&oc=841&c=2210&s1=
================================================================
[ppc-fs][MOBILE][FIREFOX] 🔌 [Browser Interceptor] Intercepting and optimizing engine: FIREFOX
[ppc-fs][MOBILE][FIREFOX] ◇ injected env (0) from .env // tip: ◈ encrypted .env [www.dotenvx.com]
[ppc-fs][MOBILE][FIREFOX] ◇ injected env (0) from .env // tip: ⌁ auth for agents [www.vestauth.com]
[ppc-fs][MOBILE][FIREFOX] ◇ injected env (0) from .env // tip: ◈ secrets for agents [www.dotenvx.com]
[ppc-fs][MOBILE][FIREFOX] ◇ injected env (0) from .env // tip: ⌘ override existing { override: true }
[ppc-fs][MOBILE][FIREFOX] 
🤖 ================================================================
[ppc-fs][MOBILE][FIREFOX] 🤖 MASTER RUNNER: LAUNCHING PPC FS
🤖 Mode:            MOBILE
🤖 Tracking URL:     https://flmtra.com/?a=659&oc=841&c=2210&s1=
[ppc-fs][MOBILE][FIREFOX] 🤖 Target Sheet:    PPC FS
[ppc-fs][MOBILE][FIREFOX] 🤖 ================================================================
[ppc-fs][MOBILE][FIREFOX] 📱 Emulated Device Profile: MOBILE (iPhone 17 Pro)
🔌 [Browser Interceptor] Sanitizing mobile context options for Firefox emulation...
[ppc-fs][MOBILE][FIREFOX] ⏳ Delaying 2 seconds to allow responsive layouts to mount...
[ppc-fs][MOBILE][FIREFOX] 🔄 Processing lead for brand: PPC FS Mobile
[ppc-fs][MOBILE][FIREFOX] 🔗 [Mobile] Navigating to: https://flmtra.com/?a=659&oc=841&c=2210&s1=
[ppc-fs][MOBILE][FIREFOX] ✅ [Mobile] Page loaded successfully
[ppc-fs][MOBILE][FIREFOX] 📱 [Mobile] Injecting high-fidelity glossy Natural Titanium iPhone 17 Pro mockup frame...
[ppc-fs][MOBILE][FIREFOX] 📱 [Mobile] Injecting high-fidelity glossy Natural Titanium iPhone 17 Pro mockup frame...
[ppc-fs][MOBILE][FIREFOX] 📝 [Mobile] Starting mobile-specific form filling...
[ppc-fs][MOBILE][FIREFOX] 🔘 [Mobile] Step 1: Selecting Debt Amount (50,000)
[ppc-fs][MOBILE][FIREFOX] ✅ [Mobile] Selected debt amount: span:has-text("$50k")
[ppc-fs][MOBILE][FIREFOX] 🔘 [Mobile] Clicking active visible button: .next-btn1:visible, .btn-next:visible
[ppc-fs][MOBILE][FIREFOX] ✅ [Mobile] Clicked: .next-btn1:visible, .btn-next:visible
[ppc-fs][MOBILE][FIREFOX] 📱 [Mobile] Injecting high-fidelity glossy Natural Titanium iPhone 17 Pro mockup frame...
[ppc-fs][MOBILE][FIREFOX] ✅ [Mobile] Reached a recognized terminal step (State or Contact). Stopping dynamic traversal.
[ppc-fs][MOBILE][FIREFOX] 🔘 [Mobile] Step 2: Selecting State
[ppc-fs][MOBILE][FIREFOX] 📝 [Mobile] step3 column set to State: "RI"
[ppc-fs][MOBILE][FIREFOX] 🔘 [Mobile] Clicking active visible button: .next-btn:visible, .next-btn2:visible, .btn-next:visible
[ppc-fs][MOBILE][FIREFOX] ✅ [Mobile] Clicked: .next-btn:visible, .next-btn2:visible, .btn-next:visible
[ppc-fs][MOBILE][FIREFOX] 📱 [Mobile] Injecting high-fidelity glossy Natural Titanium iPhone 17 Pro mockup frame...
[ppc-fs][MOBILE][FIREFOX] 🔘 [Mobile] Step 3: Filling Contact Info (Dynamic Loop)...
[ppc-fs][MOBILE][FIREFOX] 📱 [Mobile] Injecting high-fidelity glossy Natural Titanium iPhone 17 Pro mockup frame...
[ppc-fs][MOBILE][FIREFOX] ✅ [Mobile] Filled First Name: ckmtestpixel
[ppc-fs][MOBILE][FIREFOX] ✅ [Mobile] Filled Last Name: ckmtestpixel
[ppc-fs][MOBILE][FIREFOX] ✅ [Mobile] Filled Email: ckmtestpixel@gmail.com
[ppc-fs][MOBILE][FIREFOX] ✅ [Mobile] Filled Phone: 401-739-6095
[ppc-fs][MOBILE][FIREFOX] 🔘 [Mobile] Clicking active contact NEXT/SUBMIT button...
[ppc-fs][MOBILE][FIREFOX] 📱 [Mobile] Injecting high-fidelity glossy Natural Titanium iPhone 17 Pro mockup frame...
[ppc-fs][MOBILE][FIREFOX] ✅ [Mobile] Filled Phone: 401-739-6095
[ppc-fs][MOBILE][FIREFOX] 🔘 [Mobile] Clicking active contact NEXT/SUBMIT button...
[ppc-fs][MOBILE][FIREFOX] 📱 [Mobile] Injecting high-fidelity glossy Natural Titanium iPhone 17 Pro mockup frame...
[ppc-fs][MOBILE][FIREFOX] 🔘 [Mobile] No active contact NEXT/SUBMIT button visible. Exiting loop.
🔘 [Mobile] Scanning for additional dynamic steps...
[ppc-fs][MOBILE][FIREFOX] 🔘 [Mobile] Submitting form
[ppc-fs][MOBILE][FIREFOX] ⏳ [Mobile] Waiting for submission navigation to complete
[ppc-fs][MOBILE][FIREFOX] ⏳ [Mobile] Waiting for final Thank You page redirection...
[ppc-fs][MOBILE][FIREFOX] ✅ [Mobile] Targeted final redirect URL achieved!
[ppc-fs][MOBILE][FIREFOX] ✅ [Mobile] Final Thank You URL: https://tra.com/thank-you?debt=10000&leadid=4EF2DCFF&reqid=26774948&affid=659&oid=133
[ppc-fs][MOBILE][FIREFOX] ✅ [Mobile] Extracted Lead ID: 4EF2DCFF
📱 Device Type detected: M-FIREFOX
[ppc-fs][MOBILE][FIREFOX] ✅ Lead captured: 4EF2DCFF
[ppc-fs][MOBILE][FIREFOX] 📡 Fetching First API data for Lead ID: 4EF2DCFF...
[ppc-fs][MOBILE][FIREFOX] 📡 Raw XML Response: {
  "lead_info_response": {
    "$": {
      "xmlns:xsd": "http://www.w3.org/2001/XMLSchema",
      "xmlns:xsi": "http://www.w3.org/2001/XMLSchema-instance",
      "xmlns": "http://cakemarketing.com/api/1/"
    },
    "success": "true",
    "row_count": "1",
    "lead_id": "4EF2DCFF",
    "personal_info": {
      "first_name": "CKMTESTPIXEL",
      "last_name": "CKMTESTPIXEL",
      "email_address": "ckmtestpixel@gmail.com",
      "address": {
        "street": "",
        "city": "",
        "state": "RI",
        "zip_code": "02882",
        "country": ""
      },
      "ip_address": "27.54.170.27",
      "phone_work": "",
      "phone_home": "401-739-6095",
      "phone_cell": "",
      "best_call_time": "",
      "opt_in": "false"
    },
    "traffic_info": {
      "lead_date": "2026-05-13T04:18:19.73",
      "payout": {
        "currency_id": "1",
        "amount": "0.0000",
        "formatted_amount": "$0.00"
      },
      "affiliate": {
        "affiliate_id": {
          "_": "659",
          "$": {
            "xmlns": "API:id_name_store"
          }
        },
        "affiliate_name": {
          "_": "QA affiliate",
          "$": {
            "xmlns": "API:id_name_store"
          }
        }
      },
      "campaign": {
        "campaign_id": {
          "_": "4473",
          "$": {
            "xmlns": "API:id_name_store"
          }
        },
        "campaign_name": {
          "_": "TRA.com CPL - PPC FS - CPA - $1.00",
          "$": {
            "xmlns": "API:id_name_store"
          }
        }
      },
      "creative_id": "2210",
      "subid_1": "",
      "subid_2": "",
      "subid_3": "",
      "subid_4": "",
      "subid_5": "",
      "referrer": "",
      "pixel_fired": "true",
      "returned_to_affiliate": "false",
      "test": "true",
      "upsell": "false"
    },
    "all_vertical_data": {
      "data": {
        "$": {
          "xmlns": ""
        },
        "tax_debt": "10000",
        "universal_leadid": "A649511A-3B8F-7750-279C-FF48F5171935",
        "affid": "659",
        "TCPA_checkbox": "1",
        "reqid": "26774948",
        "page": "https://tra.com/ppc/fs",
        "neustar": "fail",
        "neustar_disposition": "N,U,I4,L,0",
        "first_name_lower": "ckmtestpixel",
        "last_name_lower": "ckmtestpixel",
        "opt_special_offers": "on"
      }
    },
    "dispositions": {
      "disposition": {
        "disposition_type": "Sent to Review Queue",
        "reason": "neustar: This value is not valid",
        "filter": "Equals Value"
      }
    },
    "pings": "",
    "posts": "",
    "sales": ""
  }
}
✅ First API Data retrieved on attempt 1
[ppc-fs][MOBILE][FIREFOX] 📡 Fetching Second API data for Lead ID: 4EF2DCFF...
[ppc-fs][MOBILE][FIREFOX] 📡 Standard Second API Payload: cake_id=4EF2DCFF, domain_name=https://www.taxreliefadvocates.com
[ppc-fs][MOBILE][FIREFOX] [STDERR] (node:22704) Warning: Setting the NODE_TLS_REJECT_UNAUTHORIZED environment variable to '0' makes TLS connections and HTTPS requests insecure by disabling certificate verification.
(Use `node --trace-warnings ...` to show where the warning was created)
[ppc-fs][MOBILE][FIREFOX] [STDERR] ❌ Second API Attempt 1 failed: Request failed with status code 404
[ppc-fs][MOBILE][FIREFOX] ⏳ Retrying in 3 seconds to allow database synchronization...
[ppc-fs][MOBILE][FIREFOX] 📡 Standard Second API Payload: cake_id=4EF2DCFF, domain_name=https://www.taxreliefadvocates.com
[ppc-fs][MOBILE][FIREFOX] [STDERR] ❌ Second API Attempt 2 failed: Request failed with status code 404
[ppc-fs][MOBILE][FIREFOX] ⏳ Retrying in 3 seconds to allow database synchronization...
[ppc-fs][MOBILE][FIREFOX] 📡 Standard Second API Payload: cake_id=4EF2DCFF, domain_name=https://www.taxreliefadvocates.com
[ppc-fs][MOBILE][FIREFOX] [STDERR] ❌ Second API Attempt 3 failed: Request failed with status code 404
[ppc-fs][MOBILE][FIREFOX] ⏳ Retrying in 3 seconds to allow database synchronization...
[ppc-fs][MOBILE][FIREFOX] 📡 Standard Second API Payload: cake_id=4EF2DCFF, domain_name=https://www.taxreliefadvocates.com
[ppc-fs][MOBILE][FIREFOX] [STDERR] ❌ Second API Attempt 4 failed: Request failed with status code 404
[ppc-fs][MOBILE][FIREFOX] ⏳ Retrying in 3 seconds to allow database synchronization...
[ppc-fs][MOBILE][FIREFOX] 📡 Standard Second API Payload: cake_id=4EF2DCFF, domain_name=https://www.taxreliefadvocates.com
[ppc-fs][MOBILE][FIREFOX] [STDERR] ❌ Second API Attempt 5 failed: Request failed with status code 404
[ppc-fs][MOBILE][FIREFOX] [STDERR] ❌ Error: Sheet "PPC FS" does not exist in the Google Spreadsheet. Aborting append to prevent creating unexpected tabs.
[ppc-fs][MOBILE][FIREFOX] [STDERR] ❌ Google Sheets Error: ❌ Error: Sheet "PPC FS" does not exist in the Google Spreadsheet. Aborting append to prevent creating unexpected tabs.
❌ Failed processing PPC FS Mobile: Failed to write to Google Sheets
[ppc-fs][MOBILE][FIREFOX] 
✅ Execution successfully processed! {
  success: false,
  error: 'Failed to write to Google Sheets',
  brand: 'PPC FS Mobile'
}
[ppc-fs][MOBILE][FIREFOX] 📋 Trace report successfully saved: traces/ppc-fs_mobile.zip
✅ [13/5/2026, 4:49:05 pm] COMPLETED: ppc-fs [MOBILE][FIREFOX]

================================================================
⚡ Running Campaign Viewports on Browser Engine: WEBKIT - [PPC-FS]
================================================================

================================================================
🚀 [13/5/2026, 4:49:09 pm] RUNNING: PPC FS (DESKTOP) on WEBKIT
🔗 Target URL: https://flmtra.com/?a=659&oc=841&c=2210&s1=
================================================================
[ppc-fs][DESKTOP][WEBKIT] 🔌 [Browser Interceptor] Intercepting and optimizing engine: WEBKIT
[ppc-fs][DESKTOP][WEBKIT] ◇ injected env (0) from .env // tip: ⌘ custom filepath { path: '/custom/path/.env' }
[ppc-fs][DESKTOP][WEBKIT] ◇ injected env (0) from .env // tip: ⌘ override existing { override: true }
[ppc-fs][DESKTOP][WEBKIT] ◇ injected env (0) from .env // tip: ⌘ override existing { override: true }
[ppc-fs][DESKTOP][WEBKIT] ◇ injected env (0) from .env // tip: ⌁ auth for agents [www.vestauth.com]
[ppc-fs][DESKTOP][WEBKIT] 
🤖 ================================================================
[ppc-fs][DESKTOP][WEBKIT] 🤖 MASTER RUNNER: LAUNCHING PPC FS
🤖 Mode:            DESKTOP
🤖 Tracking URL:     https://flmtra.com/?a=659&oc=841&c=2210&s1=
[ppc-fs][DESKTOP][WEBKIT] 🤖 Target Sheet:    PPC FS
[ppc-fs][DESKTOP][WEBKIT] 🤖 ================================================================
[ppc-fs][DESKTOP][WEBKIT] 💻 Emulated Device Profile: DESKTOP
[ppc-fs][DESKTOP][WEBKIT] 🔄 Processing lead for brand: PPC FS
[ppc-fs][DESKTOP][WEBKIT] 🔗 Navigating to: https://flmtra.com/?a=659&oc=841&c=2210&s1=
[ppc-fs][DESKTOP][WEBKIT] ✅ Page loaded successfully
[ppc-fs][DESKTOP][WEBKIT] 📝 Starting multi-step form filling process...
[ppc-fs][DESKTOP][WEBKIT] 🔘 Step 1: Handling Debt Amount (50,000)
[ppc-fs][DESKTOP][WEBKIT] ✅ Selected debt amount via selector: span:has-text("$50k")
[ppc-fs][DESKTOP][WEBKIT] 🔘 Attempting to click .next-btn1, .btn-next
[ppc-fs][DESKTOP][WEBKIT] ✅ Clicked .next-btn1, .btn-next
[ppc-fs][DESKTOP][WEBKIT] ✅ Reached a recognized terminal step (State or Contact). Stopping dynamic traversal.
[ppc-fs][DESKTOP][WEBKIT] 🔘 Step: Selecting State
[ppc-fs][DESKTOP][WEBKIT] 📝 step3 column set to State: "RI"
[ppc-fs][DESKTOP][WEBKIT] 🔘 Clicking generic NEXT button
[ppc-fs][DESKTOP][WEBKIT] ✅ Clicked generic NEXT button
[ppc-fs][DESKTOP][WEBKIT] 🔘 Filling Contact Info (Dynamic Loop)...
[ppc-fs][DESKTOP][WEBKIT] ✅ Filled First Name: ckmtestpixel
[ppc-fs][DESKTOP][WEBKIT] ✅ Filled Last Name: ckmtestpixel
[ppc-fs][DESKTOP][WEBKIT] ✅ Filled Email: ckmtestpixel@gmail.com
[ppc-fs][DESKTOP][WEBKIT] ✅ Filled Phone: 401-739-6095
[ppc-fs][DESKTOP][WEBKIT] 🔘 Clicking active contact NEXT/SUBMIT button...
[ppc-fs][DESKTOP][WEBKIT] [STDERR] ❌ Error during form filling: locator.click: Timeout 25000ms exceeded.
Call log:
[2m  - waiting for locator('#primary_phone:visible, #phone:visible, #phone_home:visible, input[name="phone"]:visible, input[name="phone_home"]:visible, input[name="primary_phone"]:visible, input[type="tel"]:visible').first()[22m
[2m    - locator resolved to <input type="tel" id="primary_phone" placeholder="Phone" name="primary_phone" aria-invalid="false" class="form-control valid"/>[22m
[2m  - attempting click action[22m
[2m    - waiting for element to be visible, enabled and stable[22m
[2m    - element is visible, enabled and stable[22m
[2m    - scrolling into view if needed[22m
[2m    - done scrolling[22m
[2m    - <div class="loader">Loading…</div> intercepts pointer events[22m
[2m  - retrying click action[22m
[2m    - waiting for element to be visible, enabled and stable[22m
[2m  - element was detached from the DOM, retrying[22m

❌ Failed processing PPC FS: locator.click: Timeout 25000ms exceeded.
Call log:
[2m  - waiting for locator('#primary_phone:visible, #phone:visible, #phone_home:visible, input[name="phone"]:visible, input[name="phone_home"]:visible, input[name="primary_phone"]:visible, input[type="tel"]:visible').first()[22m
[2m    - locator resolved to <input type="tel" id="primary_phone" placeholder="Phone" name="primary_phone" aria-invalid="false" class="form-control valid"/>[22m
[2m  - attempting click action[22m
[2m    - waiting for element to be visible, enabled and stable[22m
[2m    - element is visible, enabled and stable[22m
[2m    - scrolling into view if needed[22m
[2m    - done scrolling[22m
[2m    - <div class="loader">Loading…</div> intercepts pointer events[22m
[2m  - retrying click action[22m
[2m    - waiting for element to be visible, enabled and stable[22m
[2m  - element was detached from the DOM, retrying[22m

[ppc-fs][DESKTOP][WEBKIT] 
✅ Execution successfully processed! {
  success: false,
  error: 'locator.click: Timeout 25000ms exceeded.\n' +
    'Call log:\n' +
    `\x1B[2m  - waiting for locator('#primary_phone:visible, #phone:visible, #phone_home:visible, input[name="phone"]:visible, input[name="phone_home"]:visible, input[name="primary_phone"]:visible, input[type="tel"]:visible').first()\x1B[22m\n` +
    '\x1B[2m    - locator resolved to <input type="tel" id="primary_phone" placeholder="Phone" name="primary_phone" aria-invalid="false" class="form-control valid"/>\x1B[22m\n' +
    '\x1B[2m  - attempting click action\x1B[22m\n' +
    '\x1B[2m    - waiting for element to be visible, enabled and stable\x1B[22m\n' +
    '\x1B[2m    - element is visible, enabled and stable\x1B[22m\n' +
    '\x1B[2m    - scrolling into view if needed\x1B[22m\n' +
    '\x1B[2m    - done scrolling\x1B[22m\n' +
    '\x1B[2m    - <div class="loader">Loading…</div> intercepts pointer events\x1B[22m\n' +
    '\x1B[2m  - retrying click action\x1B[22m\n' +
    '\x1B[2m    - waiting for element to be visible, enabled and stable\x1B[22m\n' +
    '\x1B[2m  - element was detached from the DOM, retrying\x1B[22m\n',
  brand: 'PPC FS'
}
[ppc-fs][DESKTOP][WEBKIT] 📋 Trace report successfully saved: traces/ppc-fs_desktop.zip
✅ [13/5/2026, 4:50:02 pm] COMPLETED: ppc-fs [DESKTOP][WEBKIT]

================================================================
🚀 [13/5/2026, 4:50:04 pm] RUNNING: PPC FS (TABLET) on WEBKIT
🔗 Target URL: https://flmtra.com/?a=659&oc=841&c=2210&s1=
================================================================
[ppc-fs][TABLET][WEBKIT] 🔌 [Browser Interceptor] Intercepting and optimizing engine: WEBKIT
[ppc-fs][TABLET][WEBKIT] ◇ injected env (0) from .env // tip: ⌘ suppress logs { quiet: true }
[ppc-fs][TABLET][WEBKIT] ◇ injected env (0) from .env // tip: ⌘ override existing { override: true }
[ppc-fs][TABLET][WEBKIT] ◇ injected env (0) from .env // tip: ⌁ auth for agents [www.vestauth.com]
[ppc-fs][TABLET][WEBKIT] ◇ injected env (0) from .env // tip: ⌘ enable debugging { debug: true }
[ppc-fs][TABLET][WEBKIT] 
🤖 ================================================================
🤖 MASTER RUNNER: LAUNCHING PPC FS
[ppc-fs][TABLET][WEBKIT] 🤖 Mode:            TABLET
🤖 Tracking URL:     https://flmtra.com/?a=659&oc=841&c=2210&s1=
[ppc-fs][TABLET][WEBKIT] 🤖 Target Sheet:    PPC FS
[ppc-fs][TABLET][WEBKIT] 🤖 ================================================================
[ppc-fs][TABLET][WEBKIT] 📋 Emulated Device Profile: TABLET (iPad Pro 11)
[ppc-fs][TABLET][WEBKIT] ⏳ Delaying 2 seconds to allow responsive layouts to mount...
[ppc-fs][TABLET][WEBKIT] 🔄 Processing lead for brand: PPC FS Tablet
[ppc-fs][TABLET][WEBKIT] 🔗 [Mobile] Navigating to: https://flmtra.com/?a=659&oc=841&c=2210&s1=
[ppc-fs][TABLET][WEBKIT] ✅ [Mobile] Page loaded successfully
[ppc-fs][TABLET][WEBKIT] 💻 [Tablet] Injecting high-fidelity glossy iPad Pro mockup frame...
[ppc-fs][TABLET][WEBKIT] 💻 [Tablet] Injecting high-fidelity glossy iPad Pro mockup frame...
[ppc-fs][TABLET][WEBKIT] 📝 [Mobile] Starting mobile-specific form filling...
[ppc-fs][TABLET][WEBKIT] 🔘 [Mobile] Step 1: Selecting Debt Amount (50,000)
[ppc-fs][TABLET][WEBKIT] ✅ [Mobile] Selected debt amount: span:has-text("$50k")
[ppc-fs][TABLET][WEBKIT] 🔘 [Mobile] Clicking active visible button: .next-btn1:visible, .btn-next:visible
[ppc-fs][TABLET][WEBKIT] ✅ [Mobile] Clicked: .next-btn1:visible, .btn-next:visible
[ppc-fs][TABLET][WEBKIT] 💻 [Tablet] Injecting high-fidelity glossy iPad Pro mockup frame...
[ppc-fs][TABLET][WEBKIT] ✅ [Mobile] Reached a recognized terminal step (State or Contact). Stopping dynamic traversal.
[ppc-fs][TABLET][WEBKIT] 🔘 [Mobile] Step 2: Selecting State
[ppc-fs][TABLET][WEBKIT] 📝 [Mobile] step3 column set to State: "RI"
[ppc-fs][TABLET][WEBKIT] 🔘 [Mobile] Clicking active visible button: .next-btn:visible, .next-btn2:visible, .btn-next:visible
[ppc-fs][TABLET][WEBKIT] ✅ [Mobile] Clicked: .next-btn:visible, .next-btn2:visible, .btn-next:visible
[ppc-fs][TABLET][WEBKIT] 💻 [Tablet] Injecting high-fidelity glossy iPad Pro mockup frame...
[ppc-fs][TABLET][WEBKIT] 🔘 [Mobile] Step 3: Filling Contact Info (Dynamic Loop)...
[ppc-fs][TABLET][WEBKIT] 💻 [Tablet] Injecting high-fidelity glossy iPad Pro mockup frame...
[ppc-fs][TABLET][WEBKIT] ✅ [Mobile] Filled First Name: ckmtestpixel
[ppc-fs][TABLET][WEBKIT] ✅ [Mobile] Filled Last Name: ckmtestpixel
[ppc-fs][TABLET][WEBKIT] ✅ [Mobile] Filled Email: ckmtestpixel@gmail.com
[ppc-fs][TABLET][WEBKIT] ✅ [Mobile] Filled Phone: 401-739-6095
[ppc-fs][TABLET][WEBKIT] 🔘 [Mobile] Clicking active contact NEXT/SUBMIT button...
[ppc-fs][TABLET][WEBKIT] 💻 [Tablet] Injecting high-fidelity glossy iPad Pro mockup frame...
[ppc-fs][TABLET][WEBKIT] ✅ [Mobile] Filled Phone: 401-739-6095
[ppc-fs][TABLET][WEBKIT] 🔘 [Mobile] Clicking active contact NEXT/SUBMIT button...
[ppc-fs][TABLET][WEBKIT] 💻 [Tablet] Injecting high-fidelity glossy iPad Pro mockup frame...
[ppc-fs][TABLET][WEBKIT] 🔘 [Mobile] No active contact NEXT/SUBMIT button visible. Exiting loop.
🔘 [Mobile] Scanning for additional dynamic steps...
[ppc-fs][TABLET][WEBKIT] 🔘 [Mobile] Submitting form
[ppc-fs][TABLET][WEBKIT] ⏳ [Mobile] Waiting for submission navigation to complete
[ppc-fs][TABLET][WEBKIT] ⏳ [Mobile] Waiting for final Thank You page redirection...
[ppc-fs][TABLET][WEBKIT] ✅ [Mobile] Targeted final redirect URL achieved!
[ppc-fs][TABLET][WEBKIT] ✅ [Mobile] Final Thank You URL: https://tra.com/thank-you?debt=10000&leadid=3D7D8094&reqid=26774952&affid=659&oid=133
[ppc-fs][TABLET][WEBKIT] ✅ [Mobile] Extracted Lead ID: 3D7D8094
📱 Device Type detected: T-WEBKIT
✅ Lead captured: 3D7D8094
[ppc-fs][TABLET][WEBKIT] 📡 Fetching First API data for Lead ID: 3D7D8094...
[ppc-fs][TABLET][WEBKIT] 📡 Raw XML Response: {
  "lead_info_response": {
    "$": {
      "xmlns:xsd": "http://www.w3.org/2001/XMLSchema",
      "xmlns:xsi": "http://www.w3.org/2001/XMLSchema-instance",
      "xmlns": "http://cakemarketing.com/api/1/"
    },
    "success": "true",
    "row_count": "1",
    "lead_id": "3D7D8094",
    "personal_info": {
      "first_name": "CKMTESTPIXEL",
      "last_name": "CKMTESTPIXEL",
      "email_address": "ckmtestpixel@gmail.com",
      "address": {
        "street": "",
        "city": "",
        "state": "RI",
        "zip_code": "02905",
        "country": ""
      },
      "ip_address": "27.54.170.27",
      "phone_work": "",
      "phone_home": "401-739-6095",
      "phone_cell": "",
      "best_call_time": "",
      "opt_in": "false"
    },
    "traffic_info": {
      "lead_date": "2026-05-13T04:20:36.063",
      "payout": {
        "currency_id": "1",
        "amount": "0.0000",
        "formatted_amount": "$0.00"
      },
      "affiliate": {
        "affiliate_id": {
          "_": "659",
          "$": {
            "xmlns": "API:id_name_store"
          }
        },
        "affiliate_name": {
          "_": "QA affiliate",
          "$": {
            "xmlns": "API:id_name_store"
          }
        }
      },
      "campaign": {
        "campaign_id": {
          "_": "4473",
          "$": {
            "xmlns": "API:id_name_store"
          }
        },
        "campaign_name": {
          "_": "TRA.com CPL - PPC FS - CPA - $1.00",
          "$": {
            "xmlns": "API:id_name_store"
          }
        }
      },
      "creative_id": "2210",
      "subid_1": "",
      "subid_2": "",
      "subid_3": "",
      "subid_4": "",
      "subid_5": "",
      "referrer": "",
      "pixel_fired": "true",
      "returned_to_affiliate": "false",
      "test": "true",
      "upsell": "false"
    },
    "all_vertical_data": {
      "data": {
        "$": {
          "xmlns": ""
        },
        "tax_debt": "10000",
        "universal_leadid": "B2028EA6-8E2F-B793-69B3-91A1BF446DB9",
        "affid": "659",
        "TCPA_checkbox": "1",
        "reqid": "26774952",
        "page": "https://tra.com/ppc/fs",
        "neustar": "fail",
        "neustar_disposition": "N,U,I4,L,0",
        "first_name_lower": "ckmtestpixel",
        "last_name_lower": "ckmtestpixel",
        "opt_special_offers": "on"
      }
    },
    "dispositions": {
      "disposition": {
        "disposition_type": "Sent to Review Queue",
        "reason": "neustar: This value is not valid",
        "filter": "Equals Value"
      }
    },
    "pings": "",
    "posts": "",
    "sales": ""
  }
}
[ppc-fs][TABLET][WEBKIT] ✅ First API Data retrieved on attempt 1
[ppc-fs][TABLET][WEBKIT] 📡 Fetching Second API data for Lead ID: 3D7D8094...
[ppc-fs][TABLET][WEBKIT] 📡 Standard Second API Payload: cake_id=3D7D8094, domain_name=https://www.taxreliefadvocates.com
[ppc-fs][TABLET][WEBKIT] [STDERR] (node:4352) Warning: Setting the NODE_TLS_REJECT_UNAUTHORIZED environment variable to '0' makes TLS connections and HTTPS requests insecure by disabling certificate verification.
(Use `node --trace-warnings ...` to show where the warning was created)
[ppc-fs][TABLET][WEBKIT] [STDERR] ❌ Second API Attempt 1 failed: Request failed with status code 404
[ppc-fs][TABLET][WEBKIT] ⏳ Retrying in 3 seconds to allow database synchronization...
[ppc-fs][TABLET][WEBKIT] 📡 Standard Second API Payload: cake_id=3D7D8094, domain_name=https://www.taxreliefadvocates.com
[ppc-fs][TABLET][WEBKIT] [STDERR] ❌ Second API Attempt 2 failed: Request failed with status code 404
[ppc-fs][TABLET][WEBKIT] ⏳ Retrying in 3 seconds to allow database synchronization...
[ppc-fs][TABLET][WEBKIT] 📡 Standard Second API Payload: cake_id=3D7D8094, domain_name=https://www.taxreliefadvocates.com
[ppc-fs][TABLET][WEBKIT] [STDERR] ❌ Second API Attempt 3 failed: Request failed with status code 404
[ppc-fs][TABLET][WEBKIT] ⏳ Retrying in 3 seconds to allow database synchronization...
[ppc-fs][TABLET][WEBKIT] 📡 Standard Second API Payload: cake_id=3D7D8094, domain_name=https://www.taxreliefadvocates.com
[ppc-fs][TABLET][WEBKIT] [STDERR] ❌ Second API Attempt 4 failed: Request failed with status code 404
[ppc-fs][TABLET][WEBKIT] ⏳ Retrying in 3 seconds to allow database synchronization...
[ppc-fs][TABLET][WEBKIT] 📡 Standard Second API Payload: cake_id=3D7D8094, domain_name=https://www.taxreliefadvocates.com
[ppc-fs][TABLET][WEBKIT] [STDERR] ❌ Second API Attempt 5 failed: Request failed with status code 404
[ppc-fs][TABLET][WEBKIT] [STDERR] ❌ Error: Sheet "PPC FS" does not exist in the Google Spreadsheet. Aborting append to prevent creating unexpected tabs.
[ppc-fs][TABLET][WEBKIT] [STDERR] ❌ Google Sheets Error: ❌ Error: Sheet "PPC FS" does not exist in the Google Spreadsheet. Aborting append to prevent creating unexpected tabs.
❌ Failed processing PPC FS Tablet: Failed to write to Google Sheets
[ppc-fs][TABLET][WEBKIT] 
✅ Execution successfully processed! {
  success: false,
  error: 'Failed to write to Google Sheets',
  brand: 'PPC FS Tablet'
}
[ppc-fs][TABLET][WEBKIT] 📋 Trace report successfully saved: traces/ppc-fs_tablet.zip
✅ [13/5/2026, 4:51:22 pm] COMPLETED: ppc-fs [TABLET][WEBKIT]

================================================================
🚀 [13/5/2026, 4:51:24 pm] RUNNING: PPC FS (MOBILE) on WEBKIT
🔗 Target URL: https://flmtra.com/?a=659&oc=841&c=2210&s1=
================================================================
[ppc-fs][MOBILE][WEBKIT] 🔌 [Browser Interceptor] Intercepting and optimizing engine: WEBKIT
[ppc-fs][MOBILE][WEBKIT] ◇ injected env (0) from .env // tip: ⌁ auth for agents [www.vestauth.com]
[ppc-fs][MOBILE][WEBKIT] ◇ injected env (0) from .env // tip: ⌘ enable debugging { debug: true }
[ppc-fs][MOBILE][WEBKIT] ◇ injected env (0) from .env // tip: ⌘ suppress logs { quiet: true }
[ppc-fs][MOBILE][WEBKIT] ◇ injected env (0) from .env // tip: ⌘ custom filepath { path: '/custom/path/.env' }
[ppc-fs][MOBILE][WEBKIT] 
🤖 ================================================================
[ppc-fs][MOBILE][WEBKIT] 🤖 MASTER RUNNER: LAUNCHING PPC FS
[ppc-fs][MOBILE][WEBKIT] 🤖 Mode:            MOBILE
🤖 Tracking URL:     https://flmtra.com/?a=659&oc=841&c=2210&s1=
[ppc-fs][MOBILE][WEBKIT] 🤖 Target Sheet:    PPC FS
🤖 ================================================================
[ppc-fs][MOBILE][WEBKIT] 📱 Emulated Device Profile: MOBILE (iPhone 17 Pro)
[ppc-fs][MOBILE][WEBKIT] ⏳ Delaying 2 seconds to allow responsive layouts to mount...
[ppc-fs][MOBILE][WEBKIT] 🔄 Processing lead for brand: PPC FS Mobile
[ppc-fs][MOBILE][WEBKIT] 🔗 [Mobile] Navigating to: https://flmtra.com/?a=659&oc=841&c=2210&s1=
[ppc-fs][MOBILE][WEBKIT] ✅ [Mobile] Page loaded successfully
[ppc-fs][MOBILE][WEBKIT] 📱 [Mobile] Injecting high-fidelity glossy Natural Titanium iPhone 17 Pro mockup frame...
[ppc-fs][MOBILE][WEBKIT] 📱 [Mobile] Injecting high-fidelity glossy Natural Titanium iPhone 17 Pro mockup frame...
[ppc-fs][MOBILE][WEBKIT] 📝 [Mobile] Starting mobile-specific form filling...
[ppc-fs][MOBILE][WEBKIT] 🔘 [Mobile] Step 1: Selecting Debt Amount (50,000)
[ppc-fs][MOBILE][WEBKIT] ✅ [Mobile] Selected debt amount: span:has-text("$50k")
[ppc-fs][MOBILE][WEBKIT] 🔘 [Mobile] Clicking active visible button: .next-btn1:visible, .btn-next:visible
[ppc-fs][MOBILE][WEBKIT] ✅ [Mobile] Clicked: .next-btn1:visible, .btn-next:visible
[ppc-fs][MOBILE][WEBKIT] 📱 [Mobile] Injecting high-fidelity glossy Natural Titanium iPhone 17 Pro mockup frame...
[ppc-fs][MOBILE][WEBKIT] ✅ [Mobile] Reached a recognized terminal step (State or Contact). Stopping dynamic traversal.
[ppc-fs][MOBILE][WEBKIT] 🔘 [Mobile] Step 2: Selecting State
[ppc-fs][MOBILE][WEBKIT] 📝 [Mobile] step3 column set to State: "RI"
[ppc-fs][MOBILE][WEBKIT] 🔘 [Mobile] Clicking active visible button: .next-btn:visible, .next-btn2:visible, .btn-next:visible
[ppc-fs][MOBILE][WEBKIT] ✅ [Mobile] Clicked: .next-btn:visible, .next-btn2:visible, .btn-next:visible
[ppc-fs][MOBILE][WEBKIT] 📱 [Mobile] Injecting high-fidelity glossy Natural Titanium iPhone 17 Pro mockup frame...
[ppc-fs][MOBILE][WEBKIT] 🔘 [Mobile] Step 3: Filling Contact Info (Dynamic Loop)...
[ppc-fs][MOBILE][WEBKIT] 📱 [Mobile] Injecting high-fidelity glossy Natural Titanium iPhone 17 Pro mockup frame...
[ppc-fs][MOBILE][WEBKIT] ✅ [Mobile] Filled First Name: ckmtestpixel
[ppc-fs][MOBILE][WEBKIT] ✅ [Mobile] Filled Last Name: ckmtestpixel
[ppc-fs][MOBILE][WEBKIT] ✅ [Mobile] Filled Email: ckmtestpixel@gmail.com
[ppc-fs][MOBILE][WEBKIT] ✅ [Mobile] Filled Phone: 401-739-6095
[ppc-fs][MOBILE][WEBKIT] 🔘 [Mobile] Clicking active contact NEXT/SUBMIT button...
[ppc-fs][MOBILE][WEBKIT] 📱 [Mobile] Injecting high-fidelity glossy Natural Titanium iPhone 17 Pro mockup frame...
[ppc-fs][MOBILE][WEBKIT] ✅ [Mobile] Filled Phone: 401-739-6095
[ppc-fs][MOBILE][WEBKIT] 🔘 [Mobile] Clicking active contact NEXT/SUBMIT button...
[ppc-fs][MOBILE][WEBKIT] 📱 [Mobile] Injecting high-fidelity glossy Natural Titanium iPhone 17 Pro mockup frame...
[ppc-fs][MOBILE][WEBKIT] 🔘 [Mobile] No active contact NEXT/SUBMIT button visible. Exiting loop.
🔘 [Mobile] Scanning for additional dynamic steps...
[ppc-fs][MOBILE][WEBKIT] 🔘 [Mobile] Submitting form
[ppc-fs][MOBILE][WEBKIT] ⏳ [Mobile] Waiting for submission navigation to complete
[ppc-fs][MOBILE][WEBKIT] ⏳ [Mobile] Waiting for final Thank You page redirection...
[ppc-fs][MOBILE][WEBKIT] ✅ [Mobile] Targeted final redirect URL achieved!
[ppc-fs][MOBILE][WEBKIT] ✅ [Mobile] Final Thank You URL: https://tra.com/thank-you?debt=10000&leadid=41B8FC87&reqid=26774956&affid=659&oid=133
[ppc-fs][MOBILE][WEBKIT] ✅ [Mobile] Extracted Lead ID: 41B8FC87
[ppc-fs][MOBILE][WEBKIT] 📱 Device Type detected: M-WEBKIT
✅ Lead captured: 41B8FC87
[ppc-fs][MOBILE][WEBKIT] 📡 Fetching First API data for Lead ID: 41B8FC87...
[ppc-fs][MOBILE][WEBKIT] 📡 Raw XML Response: {
  "lead_info_response": {
    "$": {
      "xmlns:xsd": "http://www.w3.org/2001/XMLSchema",
      "xmlns:xsi": "http://www.w3.org/2001/XMLSchema-instance",
      "xmlns": "http://cakemarketing.com/api/1/"
    },
    "success": "true",
    "row_count": "1",
    "lead_id": "41B8FC87",
    "personal_info": {
      "first_name": "CKMTESTPIXEL",
      "last_name": "CKMTESTPIXEL",
      "email_address": "ckmtestpixel@gmail.com",
      "address": {
        "street": "",
        "city": "",
        "state": "RI",
        "zip_code": "02833",
        "country": ""
      },
      "ip_address": "27.54.170.27",
      "phone_work": "",
      "phone_home": "401-739-6095",
      "phone_cell": "",
      "best_call_time": "",
      "opt_in": "false"
    },
    "traffic_info": {
      "lead_date": "2026-05-13T04:21:50.557",
      "payout": {
        "currency_id": "1",
        "amount": "0.0000",
        "formatted_amount": "$0.00"
      },
      "affiliate": {
        "affiliate_id": {
          "_": "659",
          "$": {
            "xmlns": "API:id_name_store"
          }
        },
        "affiliate_name": {
          "_": "QA affiliate",
          "$": {
            "xmlns": "API:id_name_store"
          }
        }
      },
      "campaign": {
        "campaign_id": {
          "_": "4473",
          "$": {
            "xmlns": "API:id_name_store"
          }
        },
        "campaign_name": {
          "_": "TRA.com CPL - PPC FS - CPA - $1.00",
          "$": {
            "xmlns": "API:id_name_store"
          }
        }
      },
      "creative_id": "2210",
      "subid_1": "",
      "subid_2": "",
      "subid_3": "",
      "subid_4": "",
      "subid_5": "",
      "referrer": "",
      "pixel_fired": "true",
      "returned_to_affiliate": "false",
      "test": "true",
      "upsell": "false"
    },
    "all_vertical_data": {
      "data": {
        "$": {
          "xmlns": ""
        },
        "tax_debt": "10000",
        "universal_leadid": "C699ECD1-F2AC-37B5-8636-AFFC275CAC69",
        "affid": "659",
        "TCPA_checkbox": "1",
        "reqid": "26774956",
        "page": "https://tra.com/ppc/fs",
        "neustar": "fail",
        "neustar_disposition": "N,U,I4,L,0",
        "first_name_lower": "ckmtestpixel",
        "last_name_lower": "ckmtestpixel",
        "opt_special_offers": "on"
      }
    },
    "dispositions": {
      "disposition": {
        "disposition_type": "Sent to Review Queue",
        "reason": "neustar: This value is not valid",
        "filter": "Equals Value"
      }
    },
    "pings": "",
    "posts": "",
    "sales": ""
  }
}
✅ First API Data retrieved on attempt 1
[ppc-fs][MOBILE][WEBKIT] 📡 Fetching Second API data for Lead ID: 41B8FC87...
[ppc-fs][MOBILE][WEBKIT] 📡 Standard Second API Payload: cake_id=41B8FC87, domain_name=https://www.taxreliefadvocates.com
[ppc-fs][MOBILE][WEBKIT] [STDERR] (node:25848) Warning: Setting the NODE_TLS_REJECT_UNAUTHORIZED environment variable to '0' makes TLS connections and HTTPS requests insecure by disabling certificate verification.
(Use `node --trace-warnings ...` to show where the warning was created)
[ppc-fs][MOBILE][WEBKIT] [STDERR] ❌ Second API Attempt 1 failed: Request failed with status code 404
[ppc-fs][MOBILE][WEBKIT] ⏳ Retrying in 3 seconds to allow database synchronization...
[ppc-fs][MOBILE][WEBKIT] 📡 Standard Second API Payload: cake_id=41B8FC87, domain_name=https://www.taxreliefadvocates.com
[ppc-fs][MOBILE][WEBKIT] [STDERR] ❌ Second API Attempt 2 failed: Request failed with status code 404
[ppc-fs][MOBILE][WEBKIT] ⏳ Retrying in 3 seconds to allow database synchronization...
[ppc-fs][MOBILE][WEBKIT] 📡 Standard Second API Payload: cake_id=41B8FC87, domain_name=https://www.taxreliefadvocates.com
[ppc-fs][MOBILE][WEBKIT] [STDERR] ❌ Second API Attempt 3 failed: Request failed with status code 404
[ppc-fs][MOBILE][WEBKIT] ⏳ Retrying in 3 seconds to allow database synchronization...
[ppc-fs][MOBILE][WEBKIT] 📡 Standard Second API Payload: cake_id=41B8FC87, domain_name=https://www.taxreliefadvocates.com
[ppc-fs][MOBILE][WEBKIT] [STDERR] ❌ Second API Attempt 4 failed: Request failed with status code 404
[ppc-fs][MOBILE][WEBKIT] ⏳ Retrying in 3 seconds to allow database synchronization...
[ppc-fs][MOBILE][WEBKIT] 📡 Standard Second API Payload: cake_id=41B8FC87, domain_name=https://www.taxreliefadvocates.com
[ppc-fs][MOBILE][WEBKIT] [STDERR] ❌ Second API Attempt 5 failed: Request failed with status code 404
[ppc-fs][MOBILE][WEBKIT] [STDERR] ❌ Error: Sheet "PPC FS" does not exist in the Google Spreadsheet. Aborting append to prevent creating unexpected tabs.
[ppc-fs][MOBILE][WEBKIT] [STDERR] ❌ Google Sheets Error: ❌ Error: Sheet "PPC FS" does not exist in the Google Spreadsheet. Aborting append to prevent creating unexpected tabs.
❌ Failed processing PPC FS Mobile: Failed to write to Google Sheets
[ppc-fs][MOBILE][WEBKIT] 
✅ Execution successfully processed! {
  success: false,
  error: 'Failed to write to Google Sheets',
  brand: 'PPC FS Mobile'
}
[ppc-fs][MOBILE][WEBKIT] 📋 Trace report successfully saved: traces/ppc-fs_mobile.zip
✅ [13/5/2026, 4:52:36 pm] COMPLETED: ppc-fs [MOBILE][WEBKIT]

================================================================
⚡ Running Campaign Viewports on Browser Engine: CHROMIUM - [PPC]
================================================================

================================================================
🚀 [13/5/2026, 4:52:43 pm] RUNNING: PPC (DESKTOP) on CHROMIUM
🔗 Target URL: https://flmtra.com/?a=659&oc=782&c=2210&s1=
================================================================
[ppc][DESKTOP][CHROMIUM] 🔌 [Browser Interceptor] Intercepting and optimizing engine: CHROMIUM
[ppc][DESKTOP][CHROMIUM] ◇ injected env (0) from .env // tip: ⌘ enable debugging { debug: true }
[ppc][DESKTOP][CHROMIUM] ◇ injected env (0) from .env // tip: ⌘ override existing { override: true }
[ppc][DESKTOP][CHROMIUM] ◇ injected env (0) from .env // tip: ⌘ custom filepath { path: '/custom/path/.env' }
[ppc][DESKTOP][CHROMIUM] ◇ injected env (0) from .env // tip: ◈ encrypted .env [www.dotenvx.com]
[ppc][DESKTOP][CHROMIUM] 
🤖 ================================================================
[ppc][DESKTOP][CHROMIUM] 🤖 MASTER RUNNER: LAUNCHING PPC
🤖 Mode:            DESKTOP
🤖 Tracking URL:     https://flmtra.com/?a=659&oc=782&c=2210&s1=
[ppc][DESKTOP][CHROMIUM] 🤖 Target Sheet:    PPC
🤖 ================================================================
[ppc][DESKTOP][CHROMIUM] 💻 Emulated Device Profile: DESKTOP
[ppc][DESKTOP][CHROMIUM] 🔄 Processing lead for brand: PPC
[ppc][DESKTOP][CHROMIUM] 🔗 Navigating to: https://flmtra.com/?a=659&oc=782&c=2210&s1=
[ppc][DESKTOP][CHROMIUM] ✅ Page loaded successfully
[ppc][DESKTOP][CHROMIUM] 📝 Starting multi-step form filling process...
[ppc][DESKTOP][CHROMIUM] 🔘 Step 1: Handling Debt Amount (30,000)
[ppc][DESKTOP][CHROMIUM] 🔘 Attempting to click .next-btn1, .btn-next
[ppc][DESKTOP][CHROMIUM] ✅ Clicked .next-btn1, .btn-next
[ppc][DESKTOP][CHROMIUM] ✅ Reached a recognized terminal step (State or Contact). Stopping dynamic traversal.
[ppc][DESKTOP][CHROMIUM] 🔘 Step: Selecting State
[ppc][DESKTOP][CHROMIUM] 📝 step3 column set to State: "ID"
[ppc][DESKTOP][CHROMIUM] 🔘 Clicking generic NEXT button
[ppc][DESKTOP][CHROMIUM] ✅ Clicked generic NEXT button
[ppc][DESKTOP][CHROMIUM] 🔘 Filling Contact Info (Dynamic Loop)...
[ppc][DESKTOP][CHROMIUM] ✅ Filled First Name: ckmtestpixel
[ppc][DESKTOP][CHROMIUM] ✅ Filled Last Name: ckmtestpixel
[ppc][DESKTOP][CHROMIUM] ✅ Filled Email: ckmtestpixel@gmail.com
[ppc][DESKTOP][CHROMIUM] ✅ Filled Phone: 7767899899
[ppc][DESKTOP][CHROMIUM] 🔘 Clicking active contact NEXT/SUBMIT button...
[ppc][DESKTOP][CHROMIUM] 🔘 Contact form stable (no new fields to fill). Exiting contact loop.
[ppc][DESKTOP][CHROMIUM] 🔘 Checking for additional submit/next buttons...
[ppc][DESKTOP][CHROMIUM] 🔘 Submitting form
[ppc][DESKTOP][CHROMIUM] [STDERR] ⚠️  Submit navigation timeout or error, waiting 5s for final URL
[ppc][DESKTOP][CHROMIUM] ⏳ Waiting for final redirect to Thank You page...
[ppc][DESKTOP][CHROMIUM] ✅ Targeted final redirect URL achieved!
[ppc][DESKTOP][CHROMIUM] ✅ Final Thank You URL: https://tra.com/thank-you?debt=10000&leadid=943FFE5A&reqid=26774957&affid=659&oid=133
[ppc][DESKTOP][CHROMIUM] ✅ Extracted Lead ID: 943FFE5A
📱 Device Type detected: D-CHROMIUM
✅ Lead captured: 943FFE5A
[ppc][DESKTOP][CHROMIUM] 📡 Fetching First API data for Lead ID: 943FFE5A...
[ppc][DESKTOP][CHROMIUM] 📡 Raw XML Response: {
  "lead_info_response": {
    "$": {
      "xmlns:xsd": "http://www.w3.org/2001/XMLSchema",
      "xmlns:xsi": "http://www.w3.org/2001/XMLSchema-instance",
      "xmlns": "http://cakemarketing.com/api/1/"
    },
    "success": "true",
    "row_count": "1",
    "lead_id": "943FFE5A",
    "personal_info": {
      "first_name": "CKMTESTPIXEL",
      "last_name": "CKMTESTPIXEL",
      "email_address": "ckmtestpixel@gmail.com",
      "address": {
        "street": "",
        "city": "",
        "state": "ID",
        "zip_code": "83841",
        "country": ""
      },
      "ip_address": "27.54.170.27",
      "phone_work": "",
      "phone_home": "776-789-9899",
      "phone_cell": "",
      "best_call_time": "",
      "opt_in": "false"
    },
    "traffic_info": {
      "lead_date": "2026-05-13T04:23:09.283",
      "payout": {
        "currency_id": "1",
        "amount": "0.0000",
        "formatted_amount": "$0.00"
      },
      "affiliate": {
        "affiliate_id": {
          "_": "659",
          "$": {
            "xmlns": "API:id_name_store"
          }
        },
        "affiliate_name": {
          "_": "QA affiliate",
          "$": {
            "xmlns": "API:id_name_store"
          }
        }
      },
      "campaign": {
        "campaign_id": {
          "_": "4125",
          "$": {
            "xmlns": "API:id_name_store"
          }
        },
        "campaign_name": {
          "_": "TRA.com CPL - PPC - CPA - $1.00",
          "$": {
            "xmlns": "API:id_name_store"
          }
        }
      },
      "creative_id": "2210",
      "subid_1": "",
      "subid_2": "",
      "subid_3": "",
      "subid_4": "",
      "subid_5": "",
      "referrer": "",
      "pixel_fired": "true",
      "returned_to_affiliate": "false",
      "test": "true",
      "upsell": "false"
    },
    "all_vertical_data": {
      "data": {
        "$": {
          "xmlns": ""
        },
        "tax_debt": "10000",
        "universal_leadid": "D260C689-6D2D-BA46-1BB6-C079D7AC9E98",
        "affid": "659",
        "TCPA_checkbox": "1",
        "reqid": "26774957",
        "page": "https://tra.com/ppcv7",
        "neustar": "fail",
        "neustar_disposition": ",,,,",
        "first_name_lower": "ckmtestpixel",
        "last_name_lower": "ckmtestpixel",
        "opt_special_offers": "on",
        "ckm_campaign_id": "4468"
      }
    },
    "dispositions": {
      "disposition": [
        {
          "disposition_type": "Not Paid For",
          "reason": "Unmatched Filter",
          "filter": "Nuestar Fail"
        },
        {
          "disposition_type": "Sent to Review Queue",
          "reason": "neustar: This value is not valid",
          "filter": "Equals Value"
        }
      ]
    },
    "pings": "",
    "posts": "",
    "sales": ""
  }
}
[ppc][DESKTOP][CHROMIUM] ✅ First API Data retrieved on attempt 1
[ppc][DESKTOP][CHROMIUM] 📡 Fetching Second API data for Lead ID: 943FFE5A...
[ppc][DESKTOP][CHROMIUM] 📡 Standard Second API Payload: cake_id=943FFE5A, domain_name=https://www.taxreliefadvocates.com
[ppc][DESKTOP][CHROMIUM] [STDERR] (node:14528) Warning: Setting the NODE_TLS_REJECT_UNAUTHORIZED environment variable to '0' makes TLS connections and HTTPS requests insecure by disabling certificate verification.
(Use `node --trace-warnings ...` to show where the warning was created)
[ppc][DESKTOP][CHROMIUM] [STDERR] ❌ Second API Attempt 1 failed: Request failed with status code 404
[ppc][DESKTOP][CHROMIUM] ⏳ Retrying in 3 seconds to allow database synchronization...
[ppc][DESKTOP][CHROMIUM] 📡 Standard Second API Payload: cake_id=943FFE5A, domain_name=https://www.taxreliefadvocates.com
[ppc][DESKTOP][CHROMIUM] [STDERR] ❌ Second API Attempt 2 failed: Request failed with status code 404
[ppc][DESKTOP][CHROMIUM] ⏳ Retrying in 3 seconds to allow database synchronization...
[ppc][DESKTOP][CHROMIUM] 📡 Standard Second API Payload: cake_id=943FFE5A, domain_name=https://www.taxreliefadvocates.com
[ppc][DESKTOP][CHROMIUM] [STDERR] ❌ Second API Attempt 3 failed: Request failed with status code 404
[ppc][DESKTOP][CHROMIUM] ⏳ Retrying in 3 seconds to allow database synchronization...
[ppc][DESKTOP][CHROMIUM] 📡 Standard Second API Payload: cake_id=943FFE5A, domain_name=https://www.taxreliefadvocates.com
[ppc][DESKTOP][CHROMIUM] [STDERR] ❌ Second API Attempt 4 failed: Request failed with status code 404
[ppc][DESKTOP][CHROMIUM] ⏳ Retrying in 3 seconds to allow database synchronization...
[ppc][DESKTOP][CHROMIUM] 📡 Standard Second API Payload: cake_id=943FFE5A, domain_name=https://www.taxreliefadvocates.com
[ppc][DESKTOP][CHROMIUM] [STDERR] ❌ Second API Attempt 5 failed: Request failed with status code 404
[ppc][DESKTOP][CHROMIUM] ✅ Row appended successfully to sheet: PPC
[ppc][DESKTOP][CHROMIUM] ✨ Professional formatting applied to PPC
✅ Lead processed successfully for PPC
[ppc][DESKTOP][CHROMIUM] 🎥 Video saved successfully: traces/videos/PPC_PPC.webm
[ppc][DESKTOP][CHROMIUM] 
✅ Execution successfully processed! { success: true, leadId: '943FFE5A', brand: 'PPC' }
[ppc][DESKTOP][CHROMIUM] [STDERR] ❌ Automation Run encountered a fatal exception: tracing.stop: Target page, context or browser has been closed
✅ [13/5/2026, 4:53:37 pm] COMPLETED: ppc [DESKTOP][CHROMIUM]

================================================================
🚀 [13/5/2026, 4:53:39 pm] RUNNING: PPC (TABLET) on CHROMIUM
🔗 Target URL: https://flmtra.com/?a=659&oc=782&c=2210&s1=
================================================================
[ppc][TABLET][CHROMIUM] 🔌 [Browser Interceptor] Intercepting and optimizing engine: CHROMIUM
[ppc][TABLET][CHROMIUM] ◇ injected env (0) from .env // tip: ⌘ multiple files { path: ['.env.local', '.env'] }
[ppc][TABLET][CHROMIUM] ◇ injected env (0) from .env // tip: ◈ secrets for agents [www.dotenvx.com]
[ppc][TABLET][CHROMIUM] ◇ injected env (0) from .env // tip: ◈ secrets for agents [www.dotenvx.com]
[ppc][TABLET][CHROMIUM] ◇ injected env (0) from .env // tip: ⌁ auth for agents [www.vestauth.com]
[ppc][TABLET][CHROMIUM] 
🤖 ================================================================
[ppc][TABLET][CHROMIUM] 🤖 MASTER RUNNER: LAUNCHING PPC
🤖 Mode:            TABLET
🤖 Tracking URL:     https://flmtra.com/?a=659&oc=782&c=2210&s1=
[ppc][TABLET][CHROMIUM] 🤖 Target Sheet:    PPC
🤖 ================================================================
[ppc][TABLET][CHROMIUM] 📋 Emulated Device Profile: TABLET (iPad Pro 11)
[ppc][TABLET][CHROMIUM] ⏳ Delaying 2 seconds to allow responsive layouts to mount...
[ppc][TABLET][CHROMIUM] 🔄 Processing lead for brand: PPC Tablet
[ppc][TABLET][CHROMIUM] 🔗 [Mobile] Navigating to: https://flmtra.com/?a=659&oc=782&c=2210&s1=
[ppc][TABLET][CHROMIUM] ✅ [Mobile] Page loaded successfully
[ppc][TABLET][CHROMIUM] 💻 [Tablet] Injecting high-fidelity glossy iPad Pro mockup frame...
[ppc][TABLET][CHROMIUM] 💻 [Tablet] Injecting high-fidelity glossy iPad Pro mockup frame...
[ppc][TABLET][CHROMIUM] 📝 [Mobile] Starting mobile-specific form filling...
[ppc][TABLET][CHROMIUM] 🔘 [Mobile] Step 1: Selecting Debt Amount (30,000)
[ppc][TABLET][CHROMIUM] 🔘 [Mobile] Clicking active visible button: .next-btn1:visible, .btn-next:visible
[ppc][TABLET][CHROMIUM] ✅ [Mobile] Clicked: .next-btn1:visible, .btn-next:visible
[ppc][TABLET][CHROMIUM] 💻 [Tablet] Injecting high-fidelity glossy iPad Pro mockup frame...
[ppc][TABLET][CHROMIUM] ✅ [Mobile] Reached a recognized terminal step (State or Contact). Stopping dynamic traversal.
[ppc][TABLET][CHROMIUM] 🔘 [Mobile] Step 2: Selecting State
[ppc][TABLET][CHROMIUM] 📝 [Mobile] step3 column set to State: "ID"
[ppc][TABLET][CHROMIUM] 🔘 [Mobile] Clicking active visible button: .next-btn:visible, .next-btn2:visible, .btn-next:visible
[ppc][TABLET][CHROMIUM] ✅ [Mobile] Clicked: .next-btn:visible, .next-btn2:visible, .btn-next:visible
[ppc][TABLET][CHROMIUM] 💻 [Tablet] Injecting high-fidelity glossy iPad Pro mockup frame...
[ppc][TABLET][CHROMIUM] 🔘 [Mobile] Step 3: Filling Contact Info (Dynamic Loop)...
[ppc][TABLET][CHROMIUM] 💻 [Tablet] Injecting high-fidelity glossy iPad Pro mockup frame...
[ppc][TABLET][CHROMIUM] ✅ [Mobile] Filled First Name: ckmtestpixel
[ppc][TABLET][CHROMIUM] ✅ [Mobile] Filled Last Name: ckmtestpixel
[ppc][TABLET][CHROMIUM] ✅ [Mobile] Filled Email: ckmtestpixel@gmail.com
[ppc][TABLET][CHROMIUM] ✅ [Mobile] Filled Phone: 7767899899
[ppc][TABLET][CHROMIUM] 🔘 [Mobile] Clicking active contact NEXT/SUBMIT button...
[ppc][TABLET][CHROMIUM] 💻 [Tablet] Injecting high-fidelity glossy iPad Pro mockup frame...
[ppc][TABLET][CHROMIUM] 🔘 [Mobile] Contact form stable (no new fields to fill). Exiting contact loop.
🔘 [Mobile] Scanning for additional dynamic steps...
[ppc][TABLET][CHROMIUM] 🔘 [Mobile] Submitting form
[ppc][TABLET][CHROMIUM] ✅ [Mobile] Submit button resolved, clicking...
[ppc][TABLET][CHROMIUM] [STDERR] ⚠️ [Mobile] Submit timeout/error, checking URL status...
[ppc][TABLET][CHROMIUM] ⏳ [Mobile] Waiting for final Thank You page redirection...
[ppc][TABLET][CHROMIUM] ✅ [Mobile] Targeted final redirect URL achieved!
[ppc][TABLET][CHROMIUM] ✅ [Mobile] Final Thank You URL: https://tra.com/thank-you?debt=10000&leadid=C2F1A842&reqid=26774958&affid=659&oid=133
[ppc][TABLET][CHROMIUM] ✅ [Mobile] Extracted Lead ID: C2F1A842
[ppc][TABLET][CHROMIUM] 📱 Device Type detected: T-CHROMIUM
✅ Lead captured: C2F1A842
[ppc][TABLET][CHROMIUM] 📡 Fetching First API data for Lead ID: C2F1A842...
[ppc][TABLET][CHROMIUM] 📡 Raw XML Response: {
  "lead_info_response": {
    "$": {
      "xmlns:xsd": "http://www.w3.org/2001/XMLSchema",
      "xmlns:xsi": "http://www.w3.org/2001/XMLSchema-instance",
      "xmlns": "http://cakemarketing.com/api/1/"
    },
    "success": "true",
    "row_count": "1",
    "lead_id": "C2F1A842",
    "personal_info": {
      "first_name": "CKMTESTPIXEL",
      "last_name": "CKMTESTPIXEL",
      "email_address": "ckmtestpixel@gmail.com",
      "address": {
        "street": "",
        "city": "",
        "state": "ID",
        "zip_code": "83638",
        "country": ""
      },
      "ip_address": "27.54.170.27",
      "phone_work": "",
      "phone_home": "776-789-9899",
      "phone_cell": "",
      "best_call_time": "",
      "opt_in": "false"
    },
    "traffic_info": {
      "lead_date": "2026-05-13T04:24:06.503",
      "payout": {
        "currency_id": "1",
        "amount": "0.0000",
        "formatted_amount": "$0.00"
      },
      "affiliate": {
        "affiliate_id": {
          "_": "659",
          "$": {
            "xmlns": "API:id_name_store"
          }
        },
        "affiliate_name": {
          "_": "QA affiliate",
          "$": {
            "xmlns": "API:id_name_store"
          }
        }
      },
      "campaign": {
        "campaign_id": {
          "_": "4125",
          "$": {
            "xmlns": "API:id_name_store"
          }
        },
        "campaign_name": {
          "_": "TRA.com CPL - PPC - CPA - $1.00",
          "$": {
            "xmlns": "API:id_name_store"
          }
        }
      },
      "creative_id": "2210",
      "subid_1": "",
      "subid_2": "",
      "subid_3": "",
      "subid_4": "",
      "subid_5": "",
      "referrer": "",
      "pixel_fired": "true",
      "returned_to_affiliate": "false",
      "test": "true",
      "upsell": "false"
    },
    "all_vertical_data": {
      "data": {
        "$": {
          "xmlns": ""
        },
        "tax_debt": "10000",
        "universal_leadid": "7B6A0C00-2555-E906-3900-30D949E6ED54",
        "affid": "659",
        "TCPA_checkbox": "1",
        "reqid": "26774958",
        "page": "https://tra.com/ppcv7",
        "neustar": "fail",
        "neustar_disposition": ",,,,",
        "first_name_lower": "ckmtestpixel",
        "last_name_lower": "ckmtestpixel",
        "opt_special_offers": "on",
        "ckm_campaign_id": "4468"
      }
    },
    "dispositions": {
      "disposition": [
        {
          "disposition_type": "Not Paid For",
          "reason": "Unmatched Filter",
          "filter": "Nuestar Fail"
        },
        {
          "disposition_type": "Sent to Review Queue",
          "reason": "neustar: This value is not valid",
          "filter": "Equals Value"
        }
      ]
    },
    "pings": "",
    "posts": "",
    "sales": ""
  }
}
✅ First API Data retrieved on attempt 1
[ppc][TABLET][CHROMIUM] 📡 Fetching Second API data for Lead ID: C2F1A842...
[ppc][TABLET][CHROMIUM] 📡 Standard Second API Payload: cake_id=C2F1A842, domain_name=https://www.taxreliefadvocates.com
[ppc][TABLET][CHROMIUM] [STDERR] (node:1680) Warning: Setting the NODE_TLS_REJECT_UNAUTHORIZED environment variable to '0' makes TLS connections and HTTPS requests insecure by disabling certificate verification.
(Use `node --trace-warnings ...` to show where the warning was created)
[ppc][TABLET][CHROMIUM] [STDERR] ❌ Second API Attempt 1 failed: Request failed with status code 404
[ppc][TABLET][CHROMIUM] ⏳ Retrying in 3 seconds to allow database synchronization...
[ppc][TABLET][CHROMIUM] 📡 Standard Second API Payload: cake_id=C2F1A842, domain_name=https://www.taxreliefadvocates.com
[ppc][TABLET][CHROMIUM] [STDERR] ❌ Second API Attempt 2 failed: Request failed with status code 404
[ppc][TABLET][CHROMIUM] ⏳ Retrying in 3 seconds to allow database synchronization...
[ppc][TABLET][CHROMIUM] 📡 Standard Second API Payload: cake_id=C2F1A842, domain_name=https://www.taxreliefadvocates.com
[ppc][TABLET][CHROMIUM] [STDERR] ❌ Second API Attempt 3 failed: Request failed with status code 404
[ppc][TABLET][CHROMIUM] ⏳ Retrying in 3 seconds to allow database synchronization...
[ppc][TABLET][CHROMIUM] 📡 Standard Second API Payload: cake_id=C2F1A842, domain_name=https://www.taxreliefadvocates.com
[ppc][TABLET][CHROMIUM] [STDERR] ❌ Second API Attempt 4 failed: Request failed with status code 404
[ppc][TABLET][CHROMIUM] ⏳ Retrying in 3 seconds to allow database synchronization...
[ppc][TABLET][CHROMIUM] 📡 Standard Second API Payload: cake_id=C2F1A842, domain_name=https://www.taxreliefadvocates.com
[ppc][TABLET][CHROMIUM] [STDERR] ❌ Second API Attempt 5 failed: Request failed with status code 404
[ppc][TABLET][CHROMIUM] ✅ Row appended successfully to sheet: PPC
[ppc][TABLET][CHROMIUM] ✨ Professional formatting applied to PPC
✅ Lead processed successfully for PPC Tablet
[ppc][TABLET][CHROMIUM] 🎥 Video saved successfully: traces/videos/PPC_PPC_Tablet.webm
[ppc][TABLET][CHROMIUM] 
✅ Execution successfully processed! { success: true, leadId: 'C2F1A842', brand: 'PPC Tablet' }
[ppc][TABLET][CHROMIUM] [STDERR] ❌ Automation Run encountered a fatal exception: tracing.stop: Target page, context or browser has been closed
✅ [13/5/2026, 4:55:53 pm] COMPLETED: ppc [TABLET][CHROMIUM]

================================================================
🚀 [13/5/2026, 4:55:55 pm] RUNNING: PPC (MOBILE) on CHROMIUM
🔗 Target URL: https://flmtra.com/?a=659&oc=782&c=2210&s1=
================================================================
[ppc][MOBILE][CHROMIUM] 🔌 [Browser Interceptor] Intercepting and optimizing engine: CHROMIUM
[ppc][MOBILE][CHROMIUM] ◇ injected env (0) from .env // tip: ◈ secrets for agents [www.dotenvx.com]
[ppc][MOBILE][CHROMIUM] ◇ injected env (0) from .env // tip: ⌘ enable debugging { debug: true }
[ppc][MOBILE][CHROMIUM] ◇ injected env (0) from .env // tip: ⌁ auth for agents [www.vestauth.com]
[ppc][MOBILE][CHROMIUM] ◇ injected env (0) from .env // tip: ⌘ suppress logs { quiet: true }
[ppc][MOBILE][CHROMIUM] 
🤖 ================================================================
[ppc][MOBILE][CHROMIUM] 🤖 MASTER RUNNER: LAUNCHING PPC
🤖 Mode:            MOBILE
[ppc][MOBILE][CHROMIUM] 🤖 Tracking URL:     https://flmtra.com/?a=659&oc=782&c=2210&s1=
[ppc][MOBILE][CHROMIUM] 🤖 Target Sheet:    PPC
[ppc][MOBILE][CHROMIUM] 🤖 ================================================================
[ppc][MOBILE][CHROMIUM] 📱 Emulated Device Profile: MOBILE (iPhone 17 Pro)
[ppc][MOBILE][CHROMIUM] ⏳ Delaying 2 seconds to allow responsive layouts to mount...
[ppc][MOBILE][CHROMIUM] 🔄 Processing lead for brand: PPC Mobile
[ppc][MOBILE][CHROMIUM] 🔗 [Mobile] Navigating to: https://flmtra.com/?a=659&oc=782&c=2210&s1=
[ppc][MOBILE][CHROMIUM] ✅ [Mobile] Page loaded successfully
[ppc][MOBILE][CHROMIUM] 📱 [Mobile] Injecting high-fidelity glossy Natural Titanium iPhone 17 Pro mockup frame...
[ppc][MOBILE][CHROMIUM] 📱 [Mobile] Injecting high-fidelity glossy Natural Titanium iPhone 17 Pro mockup frame...
[ppc][MOBILE][CHROMIUM] 📝 [Mobile] Starting mobile-specific form filling...
[ppc][MOBILE][CHROMIUM] 🔘 [Mobile] Step 1: Selecting Debt Amount (30,000)
[ppc][MOBILE][CHROMIUM] 🔘 [Mobile] Clicking active visible button: .next-btn1:visible, .btn-next:visible
[ppc][MOBILE][CHROMIUM] ✅ [Mobile] Clicked: .next-btn1:visible, .btn-next:visible
[ppc][MOBILE][CHROMIUM] 📱 [Mobile] Injecting high-fidelity glossy Natural Titanium iPhone 17 Pro mockup frame...
[ppc][MOBILE][CHROMIUM] ✅ [Mobile] Reached a recognized terminal step (State or Contact). Stopping dynamic traversal.
[ppc][MOBILE][CHROMIUM] 🔘 [Mobile] Step 2: Selecting State
[ppc][MOBILE][CHROMIUM] 📝 [Mobile] step3 column set to State: "ID"
[ppc][MOBILE][CHROMIUM] 🔘 [Mobile] Clicking active visible button: .next-btn:visible, .next-btn2:visible, .btn-next:visible
[ppc][MOBILE][CHROMIUM] ✅ [Mobile] Clicked: .next-btn:visible, .next-btn2:visible, .btn-next:visible
[ppc][MOBILE][CHROMIUM] 📱 [Mobile] Injecting high-fidelity glossy Natural Titanium iPhone 17 Pro mockup frame...
[ppc][MOBILE][CHROMIUM] 🔘 [Mobile] Step 3: Filling Contact Info (Dynamic Loop)...
[ppc][MOBILE][CHROMIUM] 📱 [Mobile] Injecting high-fidelity glossy Natural Titanium iPhone 17 Pro mockup frame...
[ppc][MOBILE][CHROMIUM] ✅ [Mobile] Filled First Name: ckmtestpixel
[ppc][MOBILE][CHROMIUM] ✅ [Mobile] Filled Last Name: ckmtestpixel
[ppc][MOBILE][CHROMIUM] ✅ [Mobile] Filled Email: ckmtestpixel@gmail.com
[ppc][MOBILE][CHROMIUM] ✅ [Mobile] Filled Phone: 7767899899
[ppc][MOBILE][CHROMIUM] 🔘 [Mobile] Clicking active contact NEXT/SUBMIT button...
[ppc][MOBILE][CHROMIUM] 📱 [Mobile] Injecting high-fidelity glossy Natural Titanium iPhone 17 Pro mockup frame...
[ppc][MOBILE][CHROMIUM] 🔘 [Mobile] Contact form stable (no new fields to fill). Exiting contact loop.
🔘 [Mobile] Scanning for additional dynamic steps...
[ppc][MOBILE][CHROMIUM] 🔘 [Mobile] Submitting form
[ppc][MOBILE][CHROMIUM] ✅ [Mobile] Submit button resolved, clicking...
[ppc][MOBILE][CHROMIUM] [STDERR] ⚠️ [Mobile] Submit timeout/error, checking URL status...
[ppc][MOBILE][CHROMIUM] ⏳ [Mobile] Waiting for final Thank You page redirection...
[ppc][MOBILE][CHROMIUM] ✅ [Mobile] Targeted final redirect URL achieved!
[ppc][MOBILE][CHROMIUM] ✅ [Mobile] Final Thank You URL: https://tra.com/thank-you?debt=10000&leadid=2781562E&reqid=26774962&affid=659&oid=133
[ppc][MOBILE][CHROMIUM] ✅ [Mobile] Extracted Lead ID: 2781562E
[ppc][MOBILE][CHROMIUM] 📱 Device Type detected: M-CHROMIUM
✅ Lead captured: 2781562E
[ppc][MOBILE][CHROMIUM] 📡 Fetching First API data for Lead ID: 2781562E...
[ppc][MOBILE][CHROMIUM] 📡 Raw XML Response: {
  "lead_info_response": {
    "$": {
      "xmlns:xsd": "http://www.w3.org/2001/XMLSchema",
      "xmlns:xsi": "http://www.w3.org/2001/XMLSchema-instance",
      "xmlns": "http://cakemarketing.com/api/1/"
    },
    "success": "true",
    "row_count": "1",
    "lead_id": "2781562E",
    "personal_info": {
      "first_name": "CKMTESTPIXEL",
      "last_name": "CKMTESTPIXEL",
      "email_address": "ckmtestpixel@gmail.com",
      "address": {
        "street": "",
        "city": "",
        "state": "ID",
        "zip_code": "83631",
        "country": ""
      },
      "ip_address": "27.54.170.27",
      "phone_work": "",
      "phone_home": "776-789-9899",
      "phone_cell": "",
      "best_call_time": "",
      "opt_in": "false"
    },
    "traffic_info": {
      "lead_date": "2026-05-13T04:26:22.107",
      "payout": {
        "currency_id": "1",
        "amount": "0.0000",
        "formatted_amount": "$0.00"
      },
      "affiliate": {
        "affiliate_id": {
          "_": "659",
          "$": {
            "xmlns": "API:id_name_store"
          }
        },
        "affiliate_name": {
          "_": "QA affiliate",
          "$": {
            "xmlns": "API:id_name_store"
          }
        }
      },
      "campaign": {
        "campaign_id": {
          "_": "4125",
          "$": {
            "xmlns": "API:id_name_store"
          }
        },
        "campaign_name": {
          "_": "TRA.com CPL - PPC - CPA - $1.00",
          "$": {
            "xmlns": "API:id_name_store"
          }
        }
      },
      "creative_id": "2210",
      "subid_1": "",
      "subid_2": "",
      "subid_3": "",
      "subid_4": "",
      "subid_5": "",
      "referrer": "",
      "pixel_fired": "true",
      "returned_to_affiliate": "false",
      "test": "true",
      "upsell": "false"
    },
    "all_vertical_data": {
      "data": {
        "$": {
          "xmlns": ""
        },
        "tax_debt": "10000",
        "universal_leadid": "4E216656-B3B1-A7E3-03CE-157BE17BACC5",
        "affid": "659",
        "TCPA_checkbox": "1",
        "reqid": "26774962",
        "page": "https://tra.com/ppcv7",
        "neustar": "fail",
        "neustar_disposition": ",,,,",
        "first_name_lower": "ckmtestpixel",
        "last_name_lower": "ckmtestpixel",
        "opt_special_offers": "on",
        "ckm_campaign_id": "4468"
      }
    },
    "dispositions": {
      "disposition": [
        {
          "disposition_type": "Not Paid For",
          "reason": "Unmatched Filter",
          "filter": "Nuestar Fail"
        },
        {
          "disposition_type": "Sent to Review Queue",
          "reason": "neustar: This value is not valid",
          "filter": "Equals Value"
        }
      ]
    },
    "pings": "",
    "posts": "",
    "sales": ""
  }
}
✅ First API Data retrieved on attempt 1
[ppc][MOBILE][CHROMIUM] 📡 Fetching Second API data for Lead ID: 2781562E...
[ppc][MOBILE][CHROMIUM] 📡 Standard Second API Payload: cake_id=2781562E, domain_name=https://www.taxreliefadvocates.com
[ppc][MOBILE][CHROMIUM] [STDERR] (node:10808) Warning: Setting the NODE_TLS_REJECT_UNAUTHORIZED environment variable to '0' makes TLS connections and HTTPS requests insecure by disabling certificate verification.
(Use `node --trace-warnings ...` to show where the warning was created)
[ppc][MOBILE][CHROMIUM] [STDERR] ❌ Second API Attempt 1 failed: Request failed with status code 404
[ppc][MOBILE][CHROMIUM] ⏳ Retrying in 3 seconds to allow database synchronization...
[ppc][MOBILE][CHROMIUM] 📡 Standard Second API Payload: cake_id=2781562E, domain_name=https://www.taxreliefadvocates.com
[ppc][MOBILE][CHROMIUM] [STDERR] ❌ Second API Attempt 2 failed: Request failed with status code 404
[ppc][MOBILE][CHROMIUM] ⏳ Retrying in 3 seconds to allow database synchronization...
[ppc][MOBILE][CHROMIUM] 📡 Standard Second API Payload: cake_id=2781562E, domain_name=https://www.taxreliefadvocates.com
[ppc][MOBILE][CHROMIUM] [STDERR] ❌ Second API Attempt 3 failed: Request failed with status code 404
[ppc][MOBILE][CHROMIUM] ⏳ Retrying in 3 seconds to allow database synchronization...
[ppc][MOBILE][CHROMIUM] 📡 Standard Second API Payload: cake_id=2781562E, domain_name=https://www.taxreliefadvocates.com
[ppc][MOBILE][CHROMIUM] [STDERR] ❌ Second API Attempt 4 failed: Request failed with status code 404
[ppc][MOBILE][CHROMIUM] ⏳ Retrying in 3 seconds to allow database synchronization...
[ppc][MOBILE][CHROMIUM] 📡 Standard Second API Payload: cake_id=2781562E, domain_name=https://www.taxreliefadvocates.com
[ppc][MOBILE][CHROMIUM] [STDERR] ❌ Second API Attempt 5 failed: Request failed with status code 404
[ppc][MOBILE][CHROMIUM] ✅ Row appended successfully to sheet: PPC
[ppc][MOBILE][CHROMIUM] ✨ Professional formatting applied to PPC
✅ Lead processed successfully for PPC Mobile
[ppc][MOBILE][CHROMIUM] 🎥 Video saved successfully: traces/videos/PPC_PPC_Mobile.webm
[ppc][MOBILE][CHROMIUM] 
✅ Execution successfully processed! { success: true, leadId: '2781562E', brand: 'PPC Mobile' }
[ppc][MOBILE][CHROMIUM] [STDERR] ❌ Automation Run encountered a fatal exception: tracing.stop: Target page, context or browser has been closed
✅ [13/5/2026, 4:58:14 pm] COMPLETED: ppc [MOBILE][CHROMIUM]

================================================================
⚡ Running Campaign Viewports on Browser Engine: FIREFOX - [PPC]
================================================================

================================================================
🚀 [13/5/2026, 4:58:18 pm] RUNNING: PPC (DESKTOP) on FIREFOX
🔗 Target URL: https://flmtra.com/?a=659&oc=782&c=2210&s1=
================================================================
[ppc][DESKTOP][FIREFOX] 🔌 [Browser Interceptor] Intercepting and optimizing engine: FIREFOX
[ppc][DESKTOP][FIREFOX] ◇ injected env (0) from .env // tip: ◈ secrets for agents [www.dotenvx.com]
[ppc][DESKTOP][FIREFOX] ◇ injected env (0) from .env // tip: ⌘ multiple files { path: ['.env.local', '.env'] }
[ppc][DESKTOP][FIREFOX] ◇ injected env (0) from .env // tip: ⌘ multiple files { path: ['.env.local', '.env'] }
[ppc][DESKTOP][FIREFOX] ◇ injected env (0) from .env // tip: ◈ encrypted .env [www.dotenvx.com]
[ppc][DESKTOP][FIREFOX] 
🤖 ================================================================
[ppc][DESKTOP][FIREFOX] 🤖 MASTER RUNNER: LAUNCHING PPC
🤖 Mode:            DESKTOP
🤖 Tracking URL:     https://flmtra.com/?a=659&oc=782&c=2210&s1=
[ppc][DESKTOP][FIREFOX] 🤖 Target Sheet:    PPC
🤖 ================================================================
[ppc][DESKTOP][FIREFOX] 💻 Emulated Device Profile: DESKTOP
🔌 [Browser Interceptor] Sanitizing mobile context options for Firefox emulation...
[ppc][DESKTOP][FIREFOX] 🔄 Processing lead for brand: PPC
[ppc][DESKTOP][FIREFOX] 🔗 Navigating to: https://flmtra.com/?a=659&oc=782&c=2210&s1=
[ppc][DESKTOP][FIREFOX] ✅ Page loaded successfully
[ppc][DESKTOP][FIREFOX] 📝 Starting multi-step form filling process...
[ppc][DESKTOP][FIREFOX] 🔘 Step 1: Handling Debt Amount (30,000)
[ppc][DESKTOP][FIREFOX] 🔘 Attempting to click .next-btn1, .btn-next
[ppc][DESKTOP][FIREFOX] ⚠️ Standard click failed, using dispatchEvent...
[ppc][DESKTOP][FIREFOX] ✅ Clicked .next-btn1, .btn-next
[ppc][DESKTOP][FIREFOX] ✅ Reached a recognized terminal step (State or Contact). Stopping dynamic traversal.
[ppc][DESKTOP][FIREFOX] 🔘 Step: Selecting State
[ppc][DESKTOP][FIREFOX] 📝 step3 column set to State: "ID"
[ppc][DESKTOP][FIREFOX] 🔘 Clicking generic NEXT button
[ppc][DESKTOP][FIREFOX] ✅ Clicked generic NEXT button
[ppc][DESKTOP][FIREFOX] 🔘 Filling Contact Info (Dynamic Loop)...
[ppc][DESKTOP][FIREFOX] [STDERR] ❌ Error during form filling: locator.click: Timeout 25000ms exceeded.
Call log:
[2m  - waiting for locator('#first_name:visible, input[name="first_name"]:visible, input[placeholder*="First Name" i]:visible').first()[22m
[2m    - locator resolved to <input type="text" tabindex="0" name="first_name" placeholder="First Name" class="form-control error"/>[22m
[2m  - attempting click action[22m
[2m    - waiting for element to be visible, enabled and stable[22m

[ppc][DESKTOP][FIREFOX] [STDERR] ❌ Failed processing PPC: locator.click: Timeout 25000ms exceeded.
Call log:
[2m  - waiting for locator('#first_name:visible, input[name="first_name"]:visible, input[placeholder*="First Name" i]:visible').first()[22m
[2m    - locator resolved to <input type="text" tabindex="0" name="first_name" placeholder="First Name" class="form-control error"/>[22m
[2m  - attempting click action[22m
[2m    - waiting for element to be visible, enabled and stable[22m

[ppc][DESKTOP][FIREFOX] 
✅ Execution successfully processed! {
  success: false,
  error: 'locator.click: Timeout 25000ms exceeded.\n' +
    'Call log:\n' +
    `\x1B[2m  - waiting for locator('#first_name:visible, input[name="first_name"]:visible, input[placeholder*="First Name" i]:visible').first()\x1B[22m\n` +
    '\x1B[2m    - locator resolved to <input type="text" tabindex="0" name="first_name" placeholder="First Name" class="form-control error"/>\x1B[22m\n' +
    '\x1B[2m  - attempting click action\x1B[22m\n' +
    '\x1B[2m    - waiting for element to be visible, enabled and stable\x1B[22m\n',
  brand: 'PPC'
}
[ppc][DESKTOP][FIREFOX] 📋 Trace report successfully saved: traces/ppc_desktop.zip
✅ [13/5/2026, 4:59:41 pm] COMPLETED: ppc [DESKTOP][FIREFOX]

================================================================
🚀 [13/5/2026, 4:59:43 pm] RUNNING: PPC (TABLET) on FIREFOX
🔗 Target URL: https://flmtra.com/?a=659&oc=782&c=2210&s1=
================================================================
[ppc][TABLET][FIREFOX] 🔌 [Browser Interceptor] Intercepting and optimizing engine: FIREFOX
[ppc][TABLET][FIREFOX] ◇ injected env (0) from .env // tip: ⌘ custom filepath { path: '/custom/path/.env' }
[ppc][TABLET][FIREFOX] ◇ injected env (0) from .env // tip: ⌘ override existing { override: true }
[ppc][TABLET][FIREFOX] ◇ injected env (0) from .env // tip: ⌘ custom filepath { path: '/custom/path/.env' }
[ppc][TABLET][FIREFOX] ◇ injected env (0) from .env // tip: ⌁ auth for agents [www.vestauth.com]
[ppc][TABLET][FIREFOX] 
🤖 ================================================================
🤖 MASTER RUNNER: LAUNCHING PPC
🤖 Mode:            TABLET
🤖 Tracking URL:     https://flmtra.com/?a=659&oc=782&c=2210&s1=
[ppc][TABLET][FIREFOX] 🤖 Target Sheet:    PPC
🤖 ================================================================
[ppc][TABLET][FIREFOX] 📋 Emulated Device Profile: TABLET (iPad Pro 11)
🔌 [Browser Interceptor] Sanitizing mobile context options for Firefox emulation...
[ppc][TABLET][FIREFOX] ⏳ Delaying 2 seconds to allow responsive layouts to mount...
[ppc][TABLET][FIREFOX] 🔄 Processing lead for brand: PPC Tablet
[ppc][TABLET][FIREFOX] 🔗 [Mobile] Navigating to: https://flmtra.com/?a=659&oc=782&c=2210&s1=
[ppc][TABLET][FIREFOX] ✅ [Mobile] Page loaded successfully
[ppc][TABLET][FIREFOX] 💻 [Tablet] Injecting high-fidelity glossy iPad Pro mockup frame...
[ppc][TABLET][FIREFOX] 💻 [Tablet] Injecting high-fidelity glossy iPad Pro mockup frame...
[ppc][TABLET][FIREFOX] 📝 [Mobile] Starting mobile-specific form filling...
[ppc][TABLET][FIREFOX] 🔘 [Mobile] Step 1: Selecting Debt Amount (30,000)
[ppc][TABLET][FIREFOX] 🔘 [Mobile] Clicking active visible button: .next-btn1:visible, .btn-next:visible
[ppc][TABLET][FIREFOX] ✅ [Mobile] Clicked: .next-btn1:visible, .btn-next:visible
[ppc][TABLET][FIREFOX] 💻 [Tablet] Injecting high-fidelity glossy iPad Pro mockup frame...
[ppc][TABLET][FIREFOX] ✅ [Mobile] Reached a recognized terminal step (State or Contact). Stopping dynamic traversal.
[ppc][TABLET][FIREFOX] 🔘 [Mobile] Step 2: Selecting State
[ppc][TABLET][FIREFOX] 📝 [Mobile] step3 column set to State: "ID"
[ppc][TABLET][FIREFOX] 🔘 [Mobile] Clicking active visible button: .next-btn:visible, .next-btn2:visible, .btn-next:visible
[ppc][TABLET][FIREFOX] ✅ [Mobile] Clicked: .next-btn:visible, .next-btn2:visible, .btn-next:visible
[ppc][TABLET][FIREFOX] 💻 [Tablet] Injecting high-fidelity glossy iPad Pro mockup frame...
[ppc][TABLET][FIREFOX] 🔘 [Mobile] Step 3: Filling Contact Info (Dynamic Loop)...
[ppc][TABLET][FIREFOX] 💻 [Tablet] Injecting high-fidelity glossy iPad Pro mockup frame...
[ppc][TABLET][FIREFOX] ✅ [Mobile] Filled First Name: ckmtestpixel
[ppc][TABLET][FIREFOX] ✅ [Mobile] Filled Last Name: ckmtestpixel
[ppc][TABLET][FIREFOX] ✅ [Mobile] Filled Email: ckmtestpixel@gmail.com
[ppc][TABLET][FIREFOX] ✅ [Mobile] Filled Phone: 7767899899
[ppc][TABLET][FIREFOX] 🔘 [Mobile] Clicking active contact NEXT/SUBMIT button...
[ppc][TABLET][FIREFOX] 💻 [Tablet] Injecting high-fidelity glossy iPad Pro mockup frame...
[ppc][TABLET][FIREFOX] 🔘 [Mobile] Contact form stable (no new fields to fill). Exiting contact loop.
🔘 [Mobile] Scanning for additional dynamic steps...
[ppc][TABLET][FIREFOX] 🔘 [Mobile] Submitting form
[ppc][TABLET][FIREFOX] ✅ [Mobile] Submit button resolved, clicking...
[ppc][TABLET][FIREFOX] [STDERR] ⚠️ [Mobile] Submit timeout/error, checking URL status...
[ppc][TABLET][FIREFOX] ⏳ [Mobile] Waiting for final Thank You page redirection...
[ppc][TABLET][FIREFOX] ✅ [Mobile] Targeted final redirect URL achieved!
[ppc][TABLET][FIREFOX] ✅ [Mobile] Final Thank You URL: https://tra.com/thank-you?debt=10000&leadid=EE47EDE8&reqid=26774967&affid=659&oid=133
[ppc][TABLET][FIREFOX] ✅ [Mobile] Extracted Lead ID: EE47EDE8
📱 Device Type detected: T-FIREFOX
✅ Lead captured: EE47EDE8
[ppc][TABLET][FIREFOX] 📡 Fetching First API data for Lead ID: EE47EDE8...
[ppc][TABLET][FIREFOX] 📡 Raw XML Response: {
  "lead_info_response": {
    "$": {
      "xmlns:xsd": "http://www.w3.org/2001/XMLSchema",
      "xmlns:xsi": "http://www.w3.org/2001/XMLSchema-instance",
      "xmlns": "http://cakemarketing.com/api/1/"
    },
    "success": "true",
    "row_count": "1",
    "lead_id": "EE47EDE8",
    "personal_info": {
      "first_name": "CKMTESTPIXEL",
      "last_name": "CKMTESTPIXEL",
      "email_address": "ckmtestpixel@gmail.com",
      "address": {
        "street": "",
        "city": "",
        "state": "ID",
        "zip_code": "83686",
        "country": ""
      },
      "ip_address": "27.54.170.27",
      "phone_work": "",
      "phone_home": "776-789-9899",
      "phone_cell": "",
      "best_call_time": "",
      "opt_in": "false"
    },
    "traffic_info": {
      "lead_date": "2026-05-13T04:30:29.633",
      "payout": {
        "currency_id": "1",
        "amount": "0.0000",
        "formatted_amount": "$0.00"
      },
      "affiliate": {
        "affiliate_id": {
          "_": "659",
          "$": {
            "xmlns": "API:id_name_store"
          }
        },
        "affiliate_name": {
          "_": "QA affiliate",
          "$": {
            "xmlns": "API:id_name_store"
          }
        }
      },
      "campaign": {
        "campaign_id": {
          "_": "4125",
          "$": {
            "xmlns": "API:id_name_store"
          }
        },
        "campaign_name": {
          "_": "TRA.com CPL - PPC - CPA - $1.00",
          "$": {
            "xmlns": "API:id_name_store"
          }
        }
      },
      "creative_id": "2210",
      "subid_1": "",
      "subid_2": "",
      "subid_3": "",
      "subid_4": "",
      "subid_5": "",
      "referrer": "",
      "pixel_fired": "true",
      "returned_to_affiliate": "false",
      "test": "true",
      "upsell": "false"
    },
    "all_vertical_data": {
      "data": {
        "$": {
          "xmlns": ""
        },
        "tax_debt": "10000",
        "universal_leadid": "C72F1865-24AF-0B8E-5A44-008F126707C7",
        "affid": "659",
        "TCPA_checkbox": "1",
        "reqid": "26774967",
        "page": "https://tra.com/ppcv7",
        "neustar": "fail",
        "neustar_disposition": ",,,,",
        "first_name_lower": "ckmtestpixel",
        "last_name_lower": "ckmtestpixel",
        "opt_special_offers": "on",
        "ckm_campaign_id": "4468"
      }
    },
    "dispositions": {
      "disposition": [
        {
          "disposition_type": "Not Paid For",
          "reason": "Unmatched Filter",
          "filter": "Nuestar Fail"
        },
        {
          "disposition_type": "Sent to Review Queue",
          "reason": "neustar: This value is not valid",
          "filter": "Equals Value"
        }
      ]
    },
    "pings": "",
    "posts": "",
    "sales": ""
  }
}
[ppc][TABLET][FIREFOX] ✅ First API Data retrieved on attempt 1
[ppc][TABLET][FIREFOX] 📡 Fetching Second API data for Lead ID: EE47EDE8...
[ppc][TABLET][FIREFOX] 📡 Standard Second API Payload: cake_id=EE47EDE8, domain_name=https://www.taxreliefadvocates.com
[ppc][TABLET][FIREFOX] [STDERR] (node:11560) Warning: Setting the NODE_TLS_REJECT_UNAUTHORIZED environment variable to '0' makes TLS connections and HTTPS requests insecure by disabling certificate verification.
(Use `node --trace-warnings ...` to show where the warning was created)
[ppc][TABLET][FIREFOX] [STDERR] ❌ Second API Attempt 1 failed: Request failed with status code 404
[ppc][TABLET][FIREFOX] ⏳ Retrying in 3 seconds to allow database synchronization...
[ppc][TABLET][FIREFOX] 📡 Standard Second API Payload: cake_id=EE47EDE8, domain_name=https://www.taxreliefadvocates.com
[ppc][TABLET][FIREFOX] [STDERR] ❌ Second API Attempt 2 failed: Request failed with status code 404
[ppc][TABLET][FIREFOX] ⏳ Retrying in 3 seconds to allow database synchronization...
[ppc][TABLET][FIREFOX] 📡 Standard Second API Payload: cake_id=EE47EDE8, domain_name=https://www.taxreliefadvocates.com
[ppc][TABLET][FIREFOX] [STDERR] ❌ Second API Attempt 3 failed: Request failed with status code 404
[ppc][TABLET][FIREFOX] ⏳ Retrying in 3 seconds to allow database synchronization...
[ppc][TABLET][FIREFOX] 📡 Standard Second API Payload: cake_id=EE47EDE8, domain_name=https://www.taxreliefadvocates.com
[ppc][TABLET][FIREFOX] [STDERR] ❌ Second API Attempt 4 failed: Request failed with status code 404
[ppc][TABLET][FIREFOX] ⏳ Retrying in 3 seconds to allow database synchronization...
[ppc][TABLET][FIREFOX] 📡 Standard Second API Payload: cake_id=EE47EDE8, domain_name=https://www.taxreliefadvocates.com
[ppc][TABLET][FIREFOX] [STDERR] ❌ Second API Attempt 5 failed: Request failed with status code 404
[ppc][TABLET][FIREFOX] ✅ Row appended successfully to sheet: PPC
[ppc][TABLET][FIREFOX] ✨ Professional formatting applied to PPC
[ppc][TABLET][FIREFOX] ✅ Lead processed successfully for PPC Tablet
[ppc][TABLET][FIREFOX] 🎥 Video saved successfully: traces/videos/PPC_PPC_Tablet.webm
[ppc][TABLET][FIREFOX] 
✅ Execution successfully processed! { success: true, leadId: 'EE47EDE8', brand: 'PPC Tablet' }
[ppc][TABLET][FIREFOX] [STDERR] ❌ Automation Run encountered a fatal exception: tracing.stop: Target page, context or browser has been closed
✅ [13/5/2026, 5:01:32 pm] COMPLETED: ppc [TABLET][FIREFOX]

================================================================
🚀 [13/5/2026, 5:01:34 pm] RUNNING: PPC (MOBILE) on FIREFOX
🔗 Target URL: https://flmtra.com/?a=659&oc=782&c=2210&s1=
================================================================
[ppc][MOBILE][FIREFOX] 🔌 [Browser Interceptor] Intercepting and optimizing engine: FIREFOX
[ppc][MOBILE][FIREFOX] ◇ injected env (0) from .env // tip: ◈ secrets for agents [www.dotenvx.com]
[ppc][MOBILE][FIREFOX] ◇ injected env (0) from .env // tip: ⌁ auth for agents [www.vestauth.com]
[ppc][MOBILE][FIREFOX] ◇ injected env (0) from .env // tip: ⌘ suppress logs { quiet: true }
[ppc][MOBILE][FIREFOX] ◇ injected env (0) from .env // tip: ⌘ enable debugging { debug: true }
[ppc][MOBILE][FIREFOX] 
🤖 ================================================================
[ppc][MOBILE][FIREFOX] 🤖 MASTER RUNNER: LAUNCHING PPC
🤖 Mode:            MOBILE
🤖 Tracking URL:     https://flmtra.com/?a=659&oc=782&c=2210&s1=
[ppc][MOBILE][FIREFOX] 🤖 Target Sheet:    PPC
[ppc][MOBILE][FIREFOX] 🤖 ================================================================
[ppc][MOBILE][FIREFOX] 📱 Emulated Device Profile: MOBILE (iPhone 17 Pro)
🔌 [Browser Interceptor] Sanitizing mobile context options for Firefox emulation...
[ppc][MOBILE][FIREFOX] ⏳ Delaying 2 seconds to allow responsive layouts to mount...
[ppc][MOBILE][FIREFOX] 🔄 Processing lead for brand: PPC Mobile
[ppc][MOBILE][FIREFOX] 📊 Campaign execution run index: 0
🎯 Enforcing dynamic credentials & parameters:
[ppc][MOBILE][FIREFOX]    - First Name:   ckmtestpixel
   - Last Name:    ckmtestpixel
   - Email:        ckmtestpixel@gmail.com
   - Slider Value: 10,000
   - State Value:  Montana
[ppc][MOBILE][FIREFOX] 🔗 [Mobile] Navigating to: https://flmtra.com/?a=659&oc=782&c=2210&s1=
[ppc][MOBILE][FIREFOX] ✅ [Mobile] Page loaded successfully
[ppc][MOBILE][FIREFOX] 📱 [Mobile] Injecting high-fidelity glossy Natural Titanium iPhone 17 Pro mockup frame...
[ppc][MOBILE][FIREFOX] 📱 [Mobile] Injecting high-fidelity glossy Natural Titanium iPhone 17 Pro mockup frame...
[ppc][MOBILE][FIREFOX] 📝 [Mobile] Starting mobile-specific form filling...
[ppc][MOBILE][FIREFOX] 🔘 [Mobile] Step 1: Selecting Debt Amount (10,000)
[ppc][MOBILE][FIREFOX] [STDERR] ⚠️ [Mobile] Could not complete debt selection: locator.click: Timeout 25000ms exceeded.
Call log:
[2m  - waiting for locator('span:has-text("$10,000")').first()[22m
[2m    - locator resolved to <span tabindex="0" class="ui-slider-handle ui-corner-all ui-state-default">…</span>[22m
[2m  - attempting click action[22m
[2m    - scrolling into view if needed[22m
[2m    - done scrolling[22m
[2m    - forcing action[22m
[2m    - performing click action[22m

[ppc][MOBILE][FIREFOX] 🔘 [Mobile] Clicking active visible button: .next-btn1:visible, .btn-next:visible
[ppc][MOBILE][FIREFOX] ✅ [Mobile] Clicked: .next-btn1:visible, .btn-next:visible
[ppc][MOBILE][FIREFOX] 📱 [Mobile] Injecting high-fidelity glossy Natural Titanium iPhone 17 Pro mockup frame...
[ppc][MOBILE][FIREFOX] ✅ [Mobile] Reached a recognized terminal step (State or Contact). Stopping dynamic traversal.
[ppc][MOBILE][FIREFOX] 🔘 [Mobile] Step 2: Selecting State
[ppc][MOBILE][FIREFOX] ✅ [Mobile] Selected state dynamically: "Alabama"
📝 [Mobile] step3 column set to State: "Alabama"
[ppc][MOBILE][FIREFOX] 🔘 [Mobile] Clicking active visible button: .next-btn:visible, .next-btn2:visible, .btn-next:visible
[ppc][MOBILE][FIREFOX] ✅ [Mobile] Clicked: .next-btn:visible, .next-btn2:visible, .btn-next:visible
[ppc][MOBILE][FIREFOX] 📱 [Mobile] Injecting high-fidelity glossy Natural Titanium iPhone 17 Pro mockup frame...
[ppc][MOBILE][FIREFOX] 🔘 [Mobile] Step 3: Filling Contact Info (Dynamic Loop)...
[ppc][MOBILE][FIREFOX] 📱 [Mobile] Injecting high-fidelity glossy Natural Titanium iPhone 17 Pro mockup frame...
[ppc][MOBILE][FIREFOX] ✅ [Mobile] Filled First Name: ckmtestpixel
[ppc][MOBILE][FIREFOX] ✅ [Mobile] Filled Last Name: ckmtestpixel
[ppc][MOBILE][FIREFOX] ✅ [Mobile] Filled Email: ckmtestpixel@gmail.com
[ppc][MOBILE][FIREFOX] ✅ [Mobile] Filled Phone: 7767899899
[ppc][MOBILE][FIREFOX] 🔘 [Mobile] Clicking active contact NEXT/SUBMIT button...
[ppc][MOBILE][FIREFOX] 📱 [Mobile] Injecting high-fidelity glossy Natural Titanium iPhone 17 Pro mockup frame...
[ppc][MOBILE][FIREFOX] 🔘 [Mobile] Contact form stable (no new fields to fill). Exiting contact loop.
🔘 [Mobile] Scanning for additional dynamic steps...
[ppc][MOBILE][FIREFOX] 🔘 [Mobile] Submitting form
[ppc][MOBILE][FIREFOX] ✅ [Mobile] Submit button resolved, clicking...
[ppc][MOBILE][FIREFOX] [STDERR] ⚠️ [Mobile] Submit timeout/error, checking URL status...
[ppc][MOBILE][FIREFOX] ⏳ [Mobile] Waiting for final Thank You page redirection...
[ppc][MOBILE][FIREFOX] ✅ [Mobile] Targeted final redirect URL achieved!
[ppc][MOBILE][FIREFOX] ✅ [Mobile] Final Thank You URL: https://tra.com/thank-you?debt=10000&leadid=FE80ED64&reqid=26774968&affid=659&oid=133
[ppc][MOBILE][FIREFOX] ✅ [Mobile] Extracted Lead ID: FE80ED64
[ppc][MOBILE][FIREFOX] 📱 Device Type detected: M-FIREFOX
✅ Lead captured: FE80ED64
[ppc][MOBILE][FIREFOX] 📡 Fetching First API data for Lead ID: FE80ED64...
[ppc][MOBILE][FIREFOX] 📡 Raw XML Response: {
  "lead_info_response": {
    "$": {
      "xmlns:xsd": "http://www.w3.org/2001/XMLSchema",
      "xmlns:xsi": "http://www.w3.org/2001/XMLSchema-instance",
      "xmlns": "http://cakemarketing.com/api/1/"
    },
    "success": "true",
    "row_count": "1",
    "lead_id": "FE80ED64",
    "personal_info": {
      "first_name": "CKMTESTPIXEL",
      "last_name": "CKMTESTPIXEL",
      "email_address": "ckmtestpixel@gmail.com",
      "address": {
        "street": "",
        "city": "",
        "state": "AL",
        "zip_code": "36462",
        "country": ""
      },
      "ip_address": "27.54.170.27",
      "phone_work": "",
      "phone_home": "776-789-9899",
      "phone_cell": "",
      "best_call_time": "",
      "opt_in": "false"
    },
    "traffic_info": {
      "lead_date": "2026-05-13T04:32:24.11",
      "payout": {
        "currency_id": "1",
        "amount": "0.0000",
        "formatted_amount": "$0.00"
      },
      "affiliate": {
        "affiliate_id": {
          "_": "659",
          "$": {
            "xmlns": "API:id_name_store"
          }
        },
        "affiliate_name": {
          "_": "QA affiliate",
          "$": {
            "xmlns": "API:id_name_store"
          }
        }
      },
      "campaign": {
        "campaign_id": {
          "_": "4125",
          "$": {
            "xmlns": "API:id_name_store"
          }
        },
        "campaign_name": {
          "_": "TRA.com CPL - PPC - CPA - $1.00",
          "$": {
            "xmlns": "API:id_name_store"
          }
        }
      },
      "creative_id": "2210",
      "subid_1": "",
      "subid_2": "",
      "subid_3": "",
      "subid_4": "",
      "subid_5": "",
      "referrer": "",
      "pixel_fired": "true",
      "returned_to_affiliate": "false",
      "test": "true",
      "upsell": "false"
    },
    "all_vertical_data": {
      "data": {
        "$": {
          "xmlns": ""
        },
        "tax_debt": "10000",
        "universal_leadid": "C83247B8-33B5-0314-79AF-84DB19E04B8E",
        "affid": "659",
        "TCPA_checkbox": "1",
        "reqid": "26774968",
        "page": "https://tra.com/ppcv7",
        "neustar": "fail",
        "neustar_disposition": ",,,,",
        "first_name_lower": "ckmtestpixel",
        "last_name_lower": "ckmtestpixel",
        "opt_special_offers": "on",
        "ckm_campaign_id": "4468"
      }
    },
    "dispositions": {
      "disposition": [
        {
          "disposition_type": "Not Paid For",
          "reason": "Unmatched Filter",
          "filter": "Nuestar Fail"
        },
        {
          "disposition_type": "Sent to Review Queue",
          "reason": "neustar: This value is not valid",
          "filter": "Equals Value"
        }
      ]
    },
    "pings": "",
    "posts": "",
    "sales": ""
  }
}
[ppc][MOBILE][FIREFOX] ✅ First API Data retrieved on attempt 1
📡 Fetching Second API data for Lead ID: FE80ED64...
📡 Standard Second API Payload: cake_id=FE80ED64, domain_name=https://www.taxreliefadvocates.com
[ppc][MOBILE][FIREFOX] [STDERR] (node:9820) Warning: Setting the NODE_TLS_REJECT_UNAUTHORIZED environment variable to '0' makes TLS connections and HTTPS requests insecure by disabling certificate verification.
(Use `node --trace-warnings ...` to show where the warning was created)
[ppc][MOBILE][FIREFOX] [STDERR] ❌ Second API Attempt 1 failed: Request failed with status code 404
[ppc][MOBILE][FIREFOX] ⏳ Retrying in 3 seconds to allow database synchronization...
[ppc][MOBILE][FIREFOX] 📡 Standard Second API Payload: cake_id=FE80ED64, domain_name=https://www.taxreliefadvocates.com
[ppc][MOBILE][FIREFOX] [STDERR] ❌ Second API Attempt 2 failed: Request failed with status code 404
[ppc][MOBILE][FIREFOX] ⏳ Retrying in 3 seconds to allow database synchronization...
[ppc][MOBILE][FIREFOX] 📡 Standard Second API Payload: cake_id=FE80ED64, domain_name=https://www.taxreliefadvocates.com
[ppc][MOBILE][FIREFOX] [STDERR] ❌ Second API Attempt 3 failed: Request failed with status code 404
[ppc][MOBILE][FIREFOX] ⏳ Retrying in 3 seconds to allow database synchronization...
[ppc][MOBILE][FIREFOX] 📡 Standard Second API Payload: cake_id=FE80ED64, domain_name=https://www.taxreliefadvocates.com
[ppc][MOBILE][FIREFOX] [STDERR] ❌ Second API Attempt 4 failed: Request failed with status code 404
[ppc][MOBILE][FIREFOX] ⏳ Retrying in 3 seconds to allow database synchronization...
[ppc][MOBILE][FIREFOX] 📡 Standard Second API Payload: cake_id=FE80ED64, domain_name=https://www.taxreliefadvocates.com
[ppc][MOBILE][FIREFOX] [STDERR] ❌ Second API Attempt 5 failed: Request failed with status code 404
[ppc][MOBILE][FIREFOX] ✅ Row appended successfully to sheet: PPC
[ppc][MOBILE][FIREFOX] ✨ Professional formatting applied to PPC
✅ Lead processed successfully for PPC Mobile
[ppc][MOBILE][FIREFOX] 🎥 Video saved successfully: traces/videos/PPC_PPC_Mobile.webm
[ppc][MOBILE][FIREFOX] 
✅ Execution successfully processed! { success: true, leadId: 'FE80ED64', brand: 'PPC Mobile' }
[ppc][MOBILE][FIREFOX] [STDERR] ❌ Automation Run encountered a fatal exception: tracing.stop: Target page, context or browser has been closed
✅ [13/5/2026, 5:03:42 pm] COMPLETED: ppc [MOBILE][FIREFOX]

================================================================
⚡ Running Campaign Viewports on Browser Engine: WEBKIT - [PPC]
================================================================

================================================================
🚀 [13/5/2026, 5:03:46 pm] RUNNING: PPC (DESKTOP) on WEBKIT
🔗 Target URL: https://flmtra.com/?a=659&oc=782&c=2210&s1=
================================================================
[ppc][DESKTOP][WEBKIT] 🔌 [Browser Interceptor] Intercepting and optimizing engine: WEBKIT
[ppc][DESKTOP][WEBKIT] ◇ injected env (0) from .env // tip: ⌘ custom filepath { path: '/custom/path/.env' }
[ppc][DESKTOP][WEBKIT] ◇ injected env (0) from .env // tip: ⌘ custom filepath { path: '/custom/path/.env' }
[ppc][DESKTOP][WEBKIT] ◇ injected env (0) from .env // tip: ⌘ enable debugging { debug: true }
[ppc][DESKTOP][WEBKIT] ◇ injected env (0) from .env // tip: ⌁ auth for agents [www.vestauth.com]
[ppc][DESKTOP][WEBKIT] 
🤖 ================================================================
[ppc][DESKTOP][WEBKIT] 🤖 MASTER RUNNER: LAUNCHING PPC
[ppc][DESKTOP][WEBKIT] 🤖 Mode:            DESKTOP
[ppc][DESKTOP][WEBKIT] 🤖 Tracking URL:     https://flmtra.com/?a=659&oc=782&c=2210&s1=
[ppc][DESKTOP][WEBKIT] 🤖 Target Sheet:    PPC
[ppc][DESKTOP][WEBKIT] 🤖 ================================================================
[ppc][DESKTOP][WEBKIT] 💻 Emulated Device Profile: DESKTOP
[ppc][DESKTOP][WEBKIT] 🔄 Processing lead for brand: PPC
[ppc][DESKTOP][WEBKIT] 📊 Campaign execution run index: 3
[ppc][DESKTOP][WEBKIT] 🎯 Enforcing dynamic credentials & parameters:
[ppc][DESKTOP][WEBKIT]    - First Name:   ckmtestpixel
   - Last Name:    ckmtestpixel
   - Email:        ckmtestpixel@gmail.com
   - Slider Value: 30,000
   - State Value:  Idaho
[ppc][DESKTOP][WEBKIT] 🔗 Navigating to: https://flmtra.com/?a=659&oc=782&c=2210&s1=
[ppc][DESKTOP][WEBKIT] ✅ Page loaded successfully
[ppc][DESKTOP][WEBKIT] 📝 Starting multi-step form filling process...
[ppc][DESKTOP][WEBKIT] 🔘 Step 1: Handling Debt Amount (30,000)
[ppc][DESKTOP][WEBKIT] 🔘 Attempting to click .next-btn1, .btn-next
[ppc][DESKTOP][WEBKIT] ✅ Clicked .next-btn1, .btn-next
[ppc][DESKTOP][WEBKIT] ✅ Reached a recognized terminal step (State or Contact). Stopping dynamic traversal.
[ppc][DESKTOP][WEBKIT] 🔘 Step: Selecting State
[ppc][DESKTOP][WEBKIT] ✅ Selected state dynamically: "Arkansas"
📝 step3 column set to State: "Arkansas"
[ppc][DESKTOP][WEBKIT] 🔘 Clicking generic NEXT button
[ppc][DESKTOP][WEBKIT] ✅ Clicked generic NEXT button
[ppc][DESKTOP][WEBKIT] 🔘 Filling Contact Info (Dynamic Loop)...
[ppc][DESKTOP][WEBKIT] ✅ Filled First Name: ckmtestpixel
[ppc][DESKTOP][WEBKIT] ✅ Filled Last Name: ckmtestpixel
[ppc][DESKTOP][WEBKIT] ✅ Filled Email: ckmtestpixel@gmail.com
[ppc][DESKTOP][WEBKIT] ✅ Filled Phone: 7767899899
[ppc][DESKTOP][WEBKIT] 🔘 Clicking active contact NEXT/SUBMIT button...
[ppc][DESKTOP][WEBKIT] 🔘 Contact form stable (no new fields to fill). Exiting contact loop.
[ppc][DESKTOP][WEBKIT] 🔘 Checking for additional submit/next buttons...
[ppc][DESKTOP][WEBKIT] 🔘 Submitting form
[ppc][DESKTOP][WEBKIT] ✅ Submit button found, clicking...
[ppc][DESKTOP][WEBKIT] [STDERR] ⚠️  Submit navigation timeout or error, waiting 5s for final URL
[ppc][DESKTOP][WEBKIT] ⏳ Waiting for final redirect to Thank You page...
[ppc][DESKTOP][WEBKIT] ✅ Targeted final redirect URL achieved!
[ppc][DESKTOP][WEBKIT] ✅ Final Thank You URL: https://tra.com/thank-you?debt=10000&leadid=59F29193&reqid=26774975&affid=659&oid=133
[ppc][DESKTOP][WEBKIT] ✅ Extracted Lead ID: 59F29193
[ppc][DESKTOP][WEBKIT] 📱 Device Type detected: D-WEBKIT
✅ Lead captured: 59F29193
[ppc][DESKTOP][WEBKIT] 📡 Fetching First API data for Lead ID: 59F29193...
[ppc][DESKTOP][WEBKIT] 📡 Raw XML Response: {
  "lead_info_response": {
    "$": {
      "xmlns:xsd": "http://www.w3.org/2001/XMLSchema",
      "xmlns:xsi": "http://www.w3.org/2001/XMLSchema-instance",
      "xmlns": "http://cakemarketing.com/api/1/"
    },
    "success": "true",
    "row_count": "1",
    "lead_id": "59F29193",
    "personal_info": {
      "first_name": "CKMTESTPIXEL",
      "last_name": "CKMTESTPIXEL",
      "email_address": "ckmtestpixel@gmail.com",
      "address": {
        "street": "",
        "city": "",
        "state": "AR",
        "zip_code": "72854",
        "country": ""
      },
      "ip_address": "27.54.170.27",
      "phone_work": "",
      "phone_home": "776-789-9899",
      "phone_cell": "",
      "best_call_time": "",
      "opt_in": "false"
    },
    "traffic_info": {
      "lead_date": "2026-05-13T04:34:19.867",
      "payout": {
        "currency_id": "1",
        "amount": "0.0000",
        "formatted_amount": "$0.00"
      },
      "affiliate": {
        "affiliate_id": {
          "_": "659",
          "$": {
            "xmlns": "API:id_name_store"
          }
        },
        "affiliate_name": {
          "_": "QA affiliate",
          "$": {
            "xmlns": "API:id_name_store"
          }
        }
      },
      "campaign": {
        "campaign_id": {
          "_": "4125",
          "$": {
            "xmlns": "API:id_name_store"
          }
        },
        "campaign_name": {
          "_": "TRA.com CPL - PPC - CPA - $1.00",
          "$": {
            "xmlns": "API:id_name_store"
          }
        }
      },
      "creative_id": "2210",
      "subid_1": "",
      "subid_2": "",
      "subid_3": "",
      "subid_4": "",
      "subid_5": "",
      "referrer": "",
      "pixel_fired": "true",
      "returned_to_affiliate": "false",
      "test": "true",
      "upsell": "false"
    },
    "all_vertical_data": {
      "data": {
        "$": {
          "xmlns": ""
        },
        "tax_debt": "10000",
        "universal_leadid": "E29D5DEA-5926-7AC5-543C-509A8542BF9C",
        "affid": "659",
        "TCPA_checkbox": "1",
        "reqid": "26774975",
        "page": "https://tra.com/ppcv7",
        "neustar": "fail",
        "neustar_disposition": ",,,,",
        "first_name_lower": "ckmtestpixel",
        "last_name_lower": "ckmtestpixel",
        "opt_special_offers": "on",
        "ckm_campaign_id": "4468"
      }
    },
    "dispositions": {
      "disposition": [
        {
          "disposition_type": "Not Paid For",
          "reason": "Unmatched Filter",
          "filter": "Nuestar Fail"
        },
        {
          "disposition_type": "Sent to Review Queue",
          "reason": "neustar: This value is not valid",
          "filter": "Equals Value"
        }
      ]
    },
    "pings": "",
    "posts": "",
    "sales": ""
  }
}
✅ First API Data retrieved on attempt 1
[ppc][DESKTOP][WEBKIT] 📡 Fetching Second API data for Lead ID: 59F29193...
[ppc][DESKTOP][WEBKIT] 📡 Standard Second API Payload: cake_id=59F29193, domain_name=https://www.taxreliefadvocates.com
[ppc][DESKTOP][WEBKIT] [STDERR] (node:19000) Warning: Setting the NODE_TLS_REJECT_UNAUTHORIZED environment variable to '0' makes TLS connections and HTTPS requests insecure by disabling certificate verification.
(Use `node --trace-warnings ...` to show where the warning was created)
[ppc][DESKTOP][WEBKIT] [STDERR] ❌ Second API Attempt 1 failed: Request failed with status code 404
[ppc][DESKTOP][WEBKIT] ⏳ Retrying in 3 seconds to allow database synchronization...
[ppc][DESKTOP][WEBKIT] 📡 Standard Second API Payload: cake_id=59F29193, domain_name=https://www.taxreliefadvocates.com
[ppc][DESKTOP][WEBKIT] [STDERR] ❌ Second API Attempt 2 failed: Request failed with status code 404
[ppc][DESKTOP][WEBKIT] ⏳ Retrying in 3 seconds to allow database synchronization...
[ppc][DESKTOP][WEBKIT] 📡 Standard Second API Payload: cake_id=59F29193, domain_name=https://www.taxreliefadvocates.com
[ppc][DESKTOP][WEBKIT] [STDERR] ❌ Second API Attempt 3 failed: Request failed with status code 404
[ppc][DESKTOP][WEBKIT] ⏳ Retrying in 3 seconds to allow database synchronization...
[ppc][DESKTOP][WEBKIT] 📡 Standard Second API Payload: cake_id=59F29193, domain_name=https://www.taxreliefadvocates.com
[ppc][DESKTOP][WEBKIT] [STDERR] ❌ Second API Attempt 4 failed: Request failed with status code 404
[ppc][DESKTOP][WEBKIT] ⏳ Retrying in 3 seconds to allow database synchronization...
[ppc][DESKTOP][WEBKIT] 📡 Standard Second API Payload: cake_id=59F29193, domain_name=https://www.taxreliefadvocates.com
[ppc][DESKTOP][WEBKIT] [STDERR] ❌ Second API Attempt 5 failed: Request failed with status code 404
[ppc][DESKTOP][WEBKIT] ✅ Row appended successfully to sheet: PPC
[ppc][DESKTOP][WEBKIT] ✨ Professional formatting applied to PPC
✅ Lead processed successfully for PPC
[ppc][DESKTOP][WEBKIT] 🎥 Video saved successfully: traces/videos/PPC_PPC.webm
[ppc][DESKTOP][WEBKIT] 
✅ Execution successfully processed! { success: true, leadId: '59F29193', brand: 'PPC' }
[ppc][DESKTOP][WEBKIT] [STDERR] ❌ Automation Run encountered a fatal exception: tracing.stop: Target page, context or browser has been closed
✅ [13/5/2026, 5:05:14 pm] COMPLETED: ppc [DESKTOP][WEBKIT]

================================================================
🚀 [13/5/2026, 5:05:16 pm] RUNNING: PPC (TABLET) on WEBKIT
🔗 Target URL: https://flmtra.com/?a=659&oc=782&c=2210&s1=
================================================================
[ppc][TABLET][WEBKIT] 🔌 [Browser Interceptor] Intercepting and optimizing engine: WEBKIT
[ppc][TABLET][WEBKIT] ◇ injected env (0) from .env // tip: ⌘ custom filepath { path: '/custom/path/.env' }
[ppc][TABLET][WEBKIT] ◇ injected env (0) from .env // tip: ⌁ auth for agents [www.vestauth.com]
[ppc][TABLET][WEBKIT] ◇ injected env (0) from .env // tip: ⌘ multiple files { path: ['.env.local', '.env'] }
[ppc][TABLET][WEBKIT] ◇ injected env (0) from .env // tip: ⌁ auth for agents [www.vestauth.com]
[ppc][TABLET][WEBKIT] 
🤖 ================================================================
🤖 MASTER RUNNER: LAUNCHING PPC
🤖 Mode:            TABLET
🤖 Tracking URL:     https://flmtra.com/?a=659&oc=782&c=2210&s1=
[ppc][TABLET][WEBKIT] 🤖 Target Sheet:    PPC
🤖 ================================================================
[ppc][TABLET][WEBKIT] 📋 Emulated Device Profile: TABLET (iPad Pro 11)
[ppc][TABLET][WEBKIT] ⏳ Delaying 2 seconds to allow responsive layouts to mount...
[ppc][TABLET][WEBKIT] 🔄 Processing lead for brand: PPC Tablet
[ppc][TABLET][WEBKIT] 📊 Campaign execution run index: 4
[ppc][TABLET][WEBKIT] 🎯 Enforcing dynamic credentials & parameters:
   - First Name:   ckmtestpixel
   - Last Name:    ckmtestpixel
   - Email:        ckmtestpixel@gmail.com
   - Slider Value: 50,000
   - State Value:  Texas
[ppc][TABLET][WEBKIT] 🔗 [Mobile] Navigating to: https://flmtra.com/?a=659&oc=782&c=2210&s1=
[ppc][TABLET][WEBKIT] ✅ [Mobile] Page loaded successfully
[ppc][TABLET][WEBKIT] 💻 [Tablet] Injecting high-fidelity glossy iPad Pro mockup frame...
[ppc][TABLET][WEBKIT] 💻 [Tablet] Injecting high-fidelity glossy iPad Pro mockup frame...
[ppc][TABLET][WEBKIT] 📝 [Mobile] Starting mobile-specific form filling...
[ppc][TABLET][WEBKIT] 🔘 [Mobile] Step 1: Selecting Debt Amount (50,000)
[ppc][TABLET][WEBKIT] ✅ [Mobile] Selected debt amount: span:has-text("$50k")
[ppc][TABLET][WEBKIT] 🔘 [Mobile] Clicking active visible button: .next-btn1:visible, .btn-next:visible
[ppc][TABLET][WEBKIT] ✅ [Mobile] Clicked: .next-btn1:visible, .btn-next:visible
[ppc][TABLET][WEBKIT] 💻 [Tablet] Injecting high-fidelity glossy iPad Pro mockup frame...
[ppc][TABLET][WEBKIT] ✅ [Mobile] Reached a recognized terminal step (State or Contact). Stopping dynamic traversal.
[ppc][TABLET][WEBKIT] 🔘 [Mobile] Step 2: Selecting State
[ppc][TABLET][WEBKIT] ✅ [Mobile] Selected state dynamically: "California"
📝 [Mobile] step3 column set to State: "California"
[ppc][TABLET][WEBKIT] 🔘 [Mobile] Clicking active visible button: .next-btn:visible, .next-btn2:visible, .btn-next:visible
[ppc][TABLET][WEBKIT] ✅ [Mobile] Clicked: .next-btn:visible, .next-btn2:visible, .btn-next:visible
[ppc][TABLET][WEBKIT] 💻 [Tablet] Injecting high-fidelity glossy iPad Pro mockup frame...
[ppc][TABLET][WEBKIT] 🔘 [Mobile] Step 3: Filling Contact Info (Dynamic Loop)...
[ppc][TABLET][WEBKIT] 💻 [Tablet] Injecting high-fidelity glossy iPad Pro mockup frame...
[ppc][TABLET][WEBKIT] ✅ [Mobile] Filled First Name: ckmtestpixel
[ppc][TABLET][WEBKIT] ✅ [Mobile] Filled Last Name: ckmtestpixel
[ppc][TABLET][WEBKIT] ✅ [Mobile] Filled Email: ckmtestpixel@gmail.com
[ppc][TABLET][WEBKIT] ✅ [Mobile] Filled Phone: 7767899899
[ppc][TABLET][WEBKIT] 🔘 [Mobile] Clicking active contact NEXT/SUBMIT button...
[ppc][TABLET][WEBKIT] 💻 [Tablet] Injecting high-fidelity glossy iPad Pro mockup frame...
[ppc][TABLET][WEBKIT] 🔘 [Mobile] Contact form stable (no new fields to fill). Exiting contact loop.
🔘 [Mobile] Scanning for additional dynamic steps...
[ppc][TABLET][WEBKIT] 🔘 [Mobile] Submitting form
[ppc][TABLET][WEBKIT] ⏳ [Mobile] Waiting for submission navigation to complete
[ppc][TABLET][WEBKIT] ⏳ [Mobile] Waiting for final Thank You page redirection...
[ppc][TABLET][WEBKIT] ✅ [Mobile] Targeted final redirect URL achieved!
[ppc][TABLET][WEBKIT] ✅ [Mobile] Final Thank You URL: https://tra.com/thank-you?debt=10000&leadid=88EB573F&reqid=26774977&affid=659&oid=133
[ppc][TABLET][WEBKIT] ✅ [Mobile] Extracted Lead ID: 88EB573F
[ppc][TABLET][WEBKIT] 📱 Device Type detected: T-WEBKIT
✅ Lead captured: 88EB573F
[ppc][TABLET][WEBKIT] 📡 Fetching First API data for Lead ID: 88EB573F...
[ppc][TABLET][WEBKIT] 📡 Raw XML Response: {
  "lead_info_response": {
    "$": {
      "xmlns:xsd": "http://www.w3.org/2001/XMLSchema",
      "xmlns:xsi": "http://www.w3.org/2001/XMLSchema-instance",
      "xmlns": "http://cakemarketing.com/api/1/"
    },
    "success": "true",
    "row_count": "1",
    "lead_id": "88EB573F",
    "personal_info": {
      "first_name": "CKMTESTPIXEL",
      "last_name": "CKMTESTPIXEL",
      "email_address": "ckmtestpixel@gmail.com",
      "address": {
        "street": "",
        "city": "",
        "state": "CA",
        "zip_code": "95503",
        "country": ""
      },
      "ip_address": "27.54.170.27",
      "phone_work": "",
      "phone_home": "776-789-9899",
      "phone_cell": "",
      "best_call_time": "",
      "opt_in": "false"
    },
    "traffic_info": {
      "lead_date": "2026-05-13T04:35:42.807",
      "payout": {
        "currency_id": "1",
        "amount": "0.0000",
        "formatted_amount": "$0.00"
      },
      "affiliate": {
        "affiliate_id": {
          "_": "659",
          "$": {
            "xmlns": "API:id_name_store"
          }
        },
        "affiliate_name": {
          "_": "QA affiliate",
          "$": {
            "xmlns": "API:id_name_store"
          }
        }
      },
      "campaign": {
        "campaign_id": {
          "_": "4125",
          "$": {
            "xmlns": "API:id_name_store"
          }
        },
        "campaign_name": {
          "_": "TRA.com CPL - PPC - CPA - $1.00",
          "$": {
            "xmlns": "API:id_name_store"
          }
        }
      },
      "creative_id": "2210",
      "subid_1": "",
      "subid_2": "",
      "subid_3": "",
      "subid_4": "",
      "subid_5": "",
      "referrer": "",
      "pixel_fired": "true",
      "returned_to_affiliate": "false",
      "test": "true",
      "upsell": "false"
    },
    "all_vertical_data": {
      "data": {
        "$": {
          "xmlns": ""
        },
        "tax_debt": "10000",
        "universal_leadid": "0CF37964-E469-7E1B-C8D2-89854466BEB2",
        "affid": "659",
        "TCPA_checkbox": "1",
        "reqid": "26774977",
        "page": "https://tra.com/ppcv7",
        "neustar": "fail",
        "neustar_disposition": ",,,,",
        "first_name_lower": "ckmtestpixel",
        "last_name_lower": "ckmtestpixel",
        "opt_special_offers": "on",
        "ckm_campaign_id": "4468"
      }
    },
    "dispositions": {
      "disposition": [
        {
          "disposition_type": "Not Paid For",
          "reason": "Unmatched Filter",
          "filter": "Nuestar Fail"
        },
        {
          "disposition_type": "Sent to Review Queue",
          "reason": "neustar: This value is not valid",
          "filter": "Equals Value"
        }
      ]
    },
    "pings": "",
    "posts": "",
    "sales": ""
  }
}
✅ First API Data retrieved on attempt 1
[ppc][TABLET][WEBKIT] 📡 Fetching Second API data for Lead ID: 88EB573F...
[ppc][TABLET][WEBKIT] 📡 Standard Second API Payload: cake_id=88EB573F, domain_name=https://www.taxreliefadvocates.com
[ppc][TABLET][WEBKIT] [STDERR] (node:19272) Warning: Setting the NODE_TLS_REJECT_UNAUTHORIZED environment variable to '0' makes TLS connections and HTTPS requests insecure by disabling certificate verification.
(Use `node --trace-warnings ...` to show where the warning was created)
[ppc][TABLET][WEBKIT] [STDERR] ❌ Second API Attempt 1 failed: Request failed with status code 404
[ppc][TABLET][WEBKIT] ⏳ Retrying in 3 seconds to allow database synchronization...
[ppc][TABLET][WEBKIT] 📡 Standard Second API Payload: cake_id=88EB573F, domain_name=https://www.taxreliefadvocates.com
[ppc][TABLET][WEBKIT] [STDERR] ❌ Second API Attempt 2 failed: Request failed with status code 404
[ppc][TABLET][WEBKIT] ⏳ Retrying in 3 seconds to allow database synchronization...
[ppc][TABLET][WEBKIT] 📡 Standard Second API Payload: cake_id=88EB573F, domain_name=https://www.taxreliefadvocates.com
[ppc][TABLET][WEBKIT] [STDERR] ❌ Second API Attempt 3 failed: Request failed with status code 404
[ppc][TABLET][WEBKIT] ⏳ Retrying in 3 seconds to allow database synchronization...
[ppc][TABLET][WEBKIT] 📡 Standard Second API Payload: cake_id=88EB573F, domain_name=https://www.taxreliefadvocates.com
[ppc][TABLET][WEBKIT] [STDERR] ❌ Second API Attempt 4 failed: Request failed with status code 404
[ppc][TABLET][WEBKIT] ⏳ Retrying in 3 seconds to allow database synchronization...
[ppc][TABLET][WEBKIT] 📡 Standard Second API Payload: cake_id=88EB573F, domain_name=https://www.taxreliefadvocates.com
[ppc][TABLET][WEBKIT] [STDERR] ❌ Second API Attempt 5 failed: Request failed with status code 404
[ppc][TABLET][WEBKIT] ✅ Row appended successfully to sheet: PPC
[ppc][TABLET][WEBKIT] ✨ Professional formatting applied to PPC
✅ Lead processed successfully for PPC Tablet
[ppc][TABLET][WEBKIT] 🎥 Video saved successfully: traces/videos/PPC_PPC_Tablet.webm
[ppc][TABLET][WEBKIT] 
✅ Execution successfully processed! { success: true, leadId: '88EB573F', brand: 'PPC Tablet' }
[ppc][TABLET][WEBKIT] [STDERR] ❌ Automation Run encountered a fatal exception: tracing.stop: Target page, context or browser has been closed
✅ [13/5/2026, 5:06:27 pm] COMPLETED: ppc [TABLET][WEBKIT]

================================================================
🚀 [13/5/2026, 5:06:29 pm] RUNNING: PPC (MOBILE) on WEBKIT
🔗 Target URL: https://flmtra.com/?a=659&oc=782&c=2210&s1=
================================================================
[ppc][MOBILE][WEBKIT] 🔌 [Browser Interceptor] Intercepting and optimizing engine: WEBKIT
[ppc][MOBILE][WEBKIT] ◇ injected env (0) from .env // tip: ⌁ auth for agents [www.vestauth.com]
[ppc][MOBILE][WEBKIT] ◇ injected env (0) from .env // tip: ◈ secrets for agents [www.dotenvx.com]
[ppc][MOBILE][WEBKIT] ◇ injected env (0) from .env // tip: ⌘ multiple files { path: ['.env.local', '.env'] }
[ppc][MOBILE][WEBKIT] ◇ injected env (0) from .env // tip: ⌘ custom filepath { path: '/custom/path/.env' }
[ppc][MOBILE][WEBKIT] 
🤖 ================================================================
[ppc][MOBILE][WEBKIT] 🤖 MASTER RUNNER: LAUNCHING PPC
🤖 Mode:            MOBILE
🤖 Tracking URL:     https://flmtra.com/?a=659&oc=782&c=2210&s1=
[ppc][MOBILE][WEBKIT] 🤖 Target Sheet:    PPC
🤖 ================================================================
[ppc][MOBILE][WEBKIT] 📱 Emulated Device Profile: MOBILE (iPhone 17 Pro)
[ppc][MOBILE][WEBKIT] ⏳ Delaying 2 seconds to allow responsive layouts to mount...
[ppc][MOBILE][WEBKIT] 🔄 Processing lead for brand: PPC Mobile
[ppc][MOBILE][WEBKIT] 📊 Campaign execution run index: 6
🎯 Enforcing dynamic credentials & parameters:
   - First Name:   ckmtestpixel
   - Last Name:    ckmtestpixel
   - Email:        ckmtestpixel@gmail.com
   - Slider Value: 15,000
   - State Value:  Maine
[ppc][MOBILE][WEBKIT] 🔗 [Mobile] Navigating to: https://flmtra.com/?a=659&oc=782&c=2210&s1=
[ppc][MOBILE][WEBKIT] ✅ [Mobile] Page loaded successfully
[ppc][MOBILE][WEBKIT] 📱 [Mobile] Injecting high-fidelity glossy Natural Titanium iPhone 17 Pro mockup frame...
[ppc][MOBILE][WEBKIT] 📱 [Mobile] Injecting high-fidelity glossy Natural Titanium iPhone 17 Pro mockup frame...
[ppc][MOBILE][WEBKIT] 📝 [Mobile] Starting mobile-specific form filling...
[ppc][MOBILE][WEBKIT] 🔘 [Mobile] Step 1: Selecting Debt Amount (15,000)
[ppc][MOBILE][WEBKIT] 🔘 [Mobile] Clicking active visible button: .next-btn1:visible, .btn-next:visible
[ppc][MOBILE][WEBKIT] ✅ [Mobile] Clicked: .next-btn1:visible, .btn-next:visible
[ppc][MOBILE][WEBKIT] 📱 [Mobile] Injecting high-fidelity glossy Natural Titanium iPhone 17 Pro mockup frame...
[ppc][MOBILE][WEBKIT] ✅ [Mobile] Reached a recognized terminal step (State or Contact). Stopping dynamic traversal.
[ppc][MOBILE][WEBKIT] 🔘 [Mobile] Step 2: Selecting State
[ppc][MOBILE][WEBKIT] ✅ [Mobile] Selected state dynamically: "Connecticut"
📝 [Mobile] step3 column set to State: "Connecticut"
[ppc][MOBILE][WEBKIT] 🔘 [Mobile] Clicking active visible button: .next-btn:visible, .next-btn2:visible, .btn-next:visible
[ppc][MOBILE][WEBKIT] ✅ [Mobile] Clicked: .next-btn:visible, .next-btn2:visible, .btn-next:visible
[ppc][MOBILE][WEBKIT] 📱 [Mobile] Injecting high-fidelity glossy Natural Titanium iPhone 17 Pro mockup frame...
[ppc][MOBILE][WEBKIT] 🔘 [Mobile] Step 3: Filling Contact Info (Dynamic Loop)...
[ppc][MOBILE][WEBKIT] 📱 [Mobile] Injecting high-fidelity glossy Natural Titanium iPhone 17 Pro mockup frame...
[ppc][MOBILE][WEBKIT] ✅ [Mobile] Filled First Name: ckmtestpixel
[ppc][MOBILE][WEBKIT] ✅ [Mobile] Filled Last Name: ckmtestpixel
[ppc][MOBILE][WEBKIT] ✅ [Mobile] Filled Email: ckmtestpixel@gmail.com
[ppc][MOBILE][WEBKIT] ✅ [Mobile] Filled Phone: 7767899899
[ppc][MOBILE][WEBKIT] 🔘 [Mobile] Clicking active contact NEXT/SUBMIT button...
[ppc][MOBILE][WEBKIT] 📱 [Mobile] Injecting high-fidelity glossy Natural Titanium iPhone 17 Pro mockup frame...
[ppc][MOBILE][WEBKIT] 🔘 [Mobile] Contact form stable (no new fields to fill). Exiting contact loop.
🔘 [Mobile] Scanning for additional dynamic steps...
[ppc][MOBILE][WEBKIT] 🔘 [Mobile] Submitting form
[ppc][MOBILE][WEBKIT] ⏳ [Mobile] Waiting for submission navigation to complete
[ppc][MOBILE][WEBKIT] ⏳ [Mobile] Waiting for final Thank You page redirection...
[ppc][MOBILE][WEBKIT] ✅ [Mobile] Targeted final redirect URL achieved!
[ppc][MOBILE][WEBKIT] ✅ [Mobile] Final Thank You URL: https://tra.com/thank-you?debt=10000&leadid=57ED1908&reqid=26774979&affid=659&oid=133
[ppc][MOBILE][WEBKIT] ✅ [Mobile] Extracted Lead ID: 57ED1908
[ppc][MOBILE][WEBKIT] 📱 Device Type detected: M-WEBKIT
✅ Lead captured: 57ED1908
[ppc][MOBILE][WEBKIT] 📡 Fetching First API data for Lead ID: 57ED1908...
[ppc][MOBILE][WEBKIT] 📡 Raw XML Response: {
  "lead_info_response": {
    "$": {
      "xmlns:xsd": "http://www.w3.org/2001/XMLSchema",
      "xmlns:xsi": "http://www.w3.org/2001/XMLSchema-instance",
      "xmlns": "http://cakemarketing.com/api/1/"
    },
    "success": "true",
    "row_count": "1",
    "lead_id": "57ED1908",
    "personal_info": {
      "first_name": "CKMTESTPIXEL",
      "last_name": "CKMTESTPIXEL",
      "email_address": "ckmtestpixel@gmail.com",
      "address": {
        "street": "",
        "city": "",
        "state": "CT",
        "zip_code": "06029",
        "country": ""
      },
      "ip_address": "27.54.170.27",
      "phone_work": "",
      "phone_home": "776-789-9899",
      "phone_cell": "",
      "best_call_time": "",
      "opt_in": "false"
    },
    "traffic_info": {
      "lead_date": "2026-05-13T04:36:55.963",
      "payout": {
        "currency_id": "1",
        "amount": "0.0000",
        "formatted_amount": "$0.00"
      },
      "affiliate": {
        "affiliate_id": {
          "_": "659",
          "$": {
            "xmlns": "API:id_name_store"
          }
        },
        "affiliate_name": {
          "_": "QA affiliate",
          "$": {
            "xmlns": "API:id_name_store"
          }
        }
      },
      "campaign": {
        "campaign_id": {
          "_": "4125",
          "$": {
            "xmlns": "API:id_name_store"
          }
        },
        "campaign_name": {
          "_": "TRA.com CPL - PPC - CPA - $1.00",
          "$": {
            "xmlns": "API:id_name_store"
          }
        }
      },
      "creative_id": "2210",
      "subid_1": "",
      "subid_2": "",
      "subid_3": "",
      "subid_4": "",
      "subid_5": "",
      "referrer": "",
      "pixel_fired": "true",
      "returned_to_affiliate": "false",
      "test": "true",
      "upsell": "false"
    },
    "all_vertical_data": {
      "data": {
        "$": {
          "xmlns": ""
        },
        "tax_debt": "10000",
        "universal_leadid": "0FDA0102-D30E-3CF9-1D21-76AAF30693EE",
        "affid": "659",
        "TCPA_checkbox": "1",
        "reqid": "26774979",
        "page": "https://tra.com/ppcv7",
        "neustar": "fail",
        "neustar_disposition": ",,,,",
        "first_name_lower": "ckmtestpixel",
        "last_name_lower": "ckmtestpixel",
        "opt_special_offers": "on",
        "ckm_campaign_id": "4468"
      }
    },
    "dispositions": {
      "disposition": [
        {
          "disposition_type": "Not Paid For",
          "reason": "Unmatched Filter",
          "filter": "Nuestar Fail"
        },
        {
          "disposition_type": "Sent to Review Queue",
          "reason": "neustar: This value is not valid",
          "filter": "Equals Value"
        }
      ]
    },
    "pings": "",
    "posts": "",
    "sales": ""
  }
}
[ppc][MOBILE][WEBKIT] ✅ First API Data retrieved on attempt 1
📡 Fetching Second API data for Lead ID: 57ED1908...
📡 Standard Second API Payload: cake_id=57ED1908, domain_name=https://www.taxreliefadvocates.com
[ppc][MOBILE][WEBKIT] [STDERR] (node:25384) Warning: Setting the NODE_TLS_REJECT_UNAUTHORIZED environment variable to '0' makes TLS connections and HTTPS requests insecure by disabling certificate verification.
(Use `node --trace-warnings ...` to show where the warning was created)
[ppc][MOBILE][WEBKIT] [STDERR] ❌ Second API Attempt 1 failed: Request failed with status code 404
[ppc][MOBILE][WEBKIT] ⏳ Retrying in 3 seconds to allow database synchronization...
[ppc][MOBILE][WEBKIT] 📡 Standard Second API Payload: cake_id=57ED1908, domain_name=https://www.taxreliefadvocates.com
[ppc][MOBILE][WEBKIT] [STDERR] ❌ Second API Attempt 2 failed: Request failed with status code 404
[ppc][MOBILE][WEBKIT] ⏳ Retrying in 3 seconds to allow database synchronization...
[ppc][MOBILE][WEBKIT] 📡 Standard Second API Payload: cake_id=57ED1908, domain_name=https://www.taxreliefadvocates.com
[ppc][MOBILE][WEBKIT] [STDERR] ❌ Second API Attempt 3 failed: Request failed with status code 404
[ppc][MOBILE][WEBKIT] ⏳ Retrying in 3 seconds to allow database synchronization...
[ppc][MOBILE][WEBKIT] 📡 Standard Second API Payload: cake_id=57ED1908, domain_name=https://www.taxreliefadvocates.com
[ppc][MOBILE][WEBKIT] [STDERR] ❌ Second API Attempt 4 failed: Request failed with status code 404
[ppc][MOBILE][WEBKIT] ⏳ Retrying in 3 seconds to allow database synchronization...
[ppc][MOBILE][WEBKIT] 📡 Standard Second API Payload: cake_id=57ED1908, domain_name=https://www.taxreliefadvocates.com
[ppc][MOBILE][WEBKIT] [STDERR] ❌ Second API Attempt 5 failed: Request failed with status code 404
[ppc][MOBILE][WEBKIT] ✅ Row appended successfully to sheet: PPC
[ppc][MOBILE][WEBKIT] ✨ Professional formatting applied to PPC
✅ Lead processed successfully for PPC Mobile
[ppc][MOBILE][WEBKIT] 🎥 Video saved successfully: traces/videos/PPC_PPC_Mobile.webm
[ppc][MOBILE][WEBKIT] 
✅ Execution successfully processed! { success: true, leadId: '57ED1908', brand: 'PPC Mobile' }
[ppc][MOBILE][WEBKIT] [STDERR] ❌ Automation Run encountered a fatal exception: tracing.stop: Target page, context or browser has been closed
✅ [13/5/2026, 5:07:39 pm] COMPLETED: ppc [MOBILE][WEBKIT]

================================================================
⚡ Running Campaign Viewports on Browser Engine: CHROMIUM - [TRA-CPM]
================================================================

================================================================
🚀 [13/5/2026, 5:07:46 pm] RUNNING: TRA-CPM (DESKTOP) on CHROMIUM
🔗 Target URL: https://flmtra.com/?a=659&oc=763&c=2225&s1=
================================================================
[tra-cpm][DESKTOP][CHROMIUM] 🔌 [Browser Interceptor] Intercepting and optimizing engine: CHROMIUM
[tra-cpm][DESKTOP][CHROMIUM] ◇ injected env (0) from .env // tip: ⌘ custom filepath { path: '/custom/path/.env' }
[tra-cpm][DESKTOP][CHROMIUM] ◇ injected env (0) from .env // tip: ⌘ custom filepath { path: '/custom/path/.env' }
[tra-cpm][DESKTOP][CHROMIUM] ◇ injected env (0) from .env // tip: ⌘ enable debugging { debug: true }
[tra-cpm][DESKTOP][CHROMIUM] ◇ injected env (0) from .env // tip: ⌘ multiple files { path: ['.env.local', '.env'] }
[tra-cpm][DESKTOP][CHROMIUM] 
🤖 ================================================================
[tra-cpm][DESKTOP][CHROMIUM] 🤖 MASTER RUNNER: LAUNCHING TRA-CPM
🤖 Mode:            DESKTOP
🤖 Tracking URL:     https://flmtra.com/?a=659&oc=763&c=2225&s1=
[tra-cpm][DESKTOP][CHROMIUM] 🤖 Target Sheet:    TRA-CPM
[tra-cpm][DESKTOP][CHROMIUM] 🤖 ================================================================
[tra-cpm][DESKTOP][CHROMIUM] 💻 Emulated Device Profile: DESKTOP
[tra-cpm][DESKTOP][CHROMIUM] 🔄 Processing lead for brand: TRA-CPM
[tra-cpm][DESKTOP][CHROMIUM] 📊 Campaign execution run index: 8
🎯 Enforcing dynamic credentials & parameters:
   - First Name:   ckmtestpixel
   - Last Name:    ckmtestpixel
   - Email:        ckmtestpixel@gmail.com
   - Slider Value: 30,000
   - State Value:  Florida
🔗 Navigating to: https://flmtra.com/?a=659&oc=763&c=2225&s1=
[tra-cpm][DESKTOP][CHROMIUM] ✅ Page loaded successfully
[tra-cpm][DESKTOP][CHROMIUM] 📝 Starting multi-step form filling process...
[tra-cpm][DESKTOP][CHROMIUM] 🔘 Step 1: Handling Debt Amount (30,000)
[tra-cpm][DESKTOP][CHROMIUM] 🔘 Attempting to click .next-btn1, .btn-next
[tra-cpm][DESKTOP][CHROMIUM] ✅ Clicked .next-btn1, .btn-next
[tra-cpm][DESKTOP][CHROMIUM] ✅ Reached a recognized terminal step (State or Contact). Stopping dynamic traversal.
[tra-cpm][DESKTOP][CHROMIUM] 🔘 Step: Selecting State
[tra-cpm][DESKTOP][CHROMIUM] ✅ Selected state dynamically: "District of Columbia"
📝 step3 column set to State: "District of Columbia"
[tra-cpm][DESKTOP][CHROMIUM] 🔘 Clicking generic NEXT button
[tra-cpm][DESKTOP][CHROMIUM] ✅ Clicked generic NEXT button
[tra-cpm][DESKTOP][CHROMIUM] 🔘 Filling Contact Info (Dynamic Loop)...
[tra-cpm][DESKTOP][CHROMIUM] ✅ Filled First Name: ckmtestpixel
[tra-cpm][DESKTOP][CHROMIUM] ✅ Filled Last Name: ckmtestpixel
[tra-cpm][DESKTOP][CHROMIUM] ✅ Filled Email: ckmtestpixel@gmail.com
[tra-cpm][DESKTOP][CHROMIUM] ✅ Filled Phone: 401-453-0576
[tra-cpm][DESKTOP][CHROMIUM] 🔘 Clicking active contact NEXT/SUBMIT button...
[tra-cpm][DESKTOP][CHROMIUM] [STDERR] ❌ Error during form filling: locator.click: Timeout 25000ms exceeded.
Call log:
[2m  - waiting for locator('#primary_phone:visible, #phone:visible, #phone_home:visible, input[name="phone"]:visible, input[name="phone_home"]:visible, input[name="primary_phone"]:visible, input[type="tel"]:visible').first()[22m
[2m    - locator resolved to <input type="tel" id="primary_phone" placeholder="Phone" name="primary_phone" aria-invalid="false" class="form-control valid" data-gtm-form-interact-field-id="4"/>[22m
[2m  - attempting click action[22m
[2m    - waiting for element to be visible, enabled and stable[22m
[2m    - element is visible, enabled and stable[22m
[2m    - scrolling into view if needed[22m
[2m    - done scrolling[22m
[2m    - <div class="loader">Loading…</div> intercepts pointer events[22m
[2m  - retrying click action[22m
[2m    - waiting for element to be visible, enabled and stable[22m
[2m    - element is visible, enabled and stable[22m
[2m    - scrolling into view if needed[22m
[2m  - element was detached from the DOM, retrying[22m
[2m    - waiting for" https://tra.com/thank-you?debt=10000&leadid=0242ED5E&reqid=26774983&affid=659&oid=136" navigation to finish...[22m
[2m    - navigated to "https://tra.com/thank-you?debt=10000&leadid=0242ED5E&reqid=26774983&affid=659&oid=136"[22m

[tra-cpm][DESKTOP][CHROMIUM] [STDERR] ❌ Failed processing TRA-CPM: locator.click: Timeout 25000ms exceeded.
Call log:
[2m  - waiting for locator('#primary_phone:visible, #phone:visible, #phone_home:visible, input[name="phone"]:visible, input[name="phone_home"]:visible, input[name="primary_phone"]:visible, input[type="tel"]:visible').first()[22m
[2m    - locator resolved to <input type="tel" id="primary_phone" placeholder="Phone" name="primary_phone" aria-invalid="false" class="form-control valid" data-gtm-form-interact-field-id="4"/>[22m
[2m  - attempting click action[22m
[2m    - waiting for element to be visible, enabled and stable[22m
[2m    - element is visible, enabled and stable[22m
[2m    - scrolling into view if needed[22m
[2m    - done scrolling[22m
[2m    - <div class="loader">Loading…</div> intercepts pointer events[22m
[2m  - retrying click action[22m
[2m    - waiting for element to be visible, enabled and stable[22m
[2m    - element is visible, enabled and stable[22m
[2m    - scrolling into view if needed[22m
[2m  - element was detached from the DOM, retrying[22m
[2m    - waiting for" https://tra.com/thank-you?debt=10000&leadid=0242ED5E&reqid=26774983&affid=659&oid=136" navigation to finish...[22m
[2m    - navigated to "https://tra.com/thank-you?debt=10000&leadid=0242ED5E&reqid=26774983&affid=659&oid=136"[22m

[tra-cpm][DESKTOP][CHROMIUM] 
✅ Execution successfully processed! {
  success: false,
  error: 'locator.click: Timeout 25000ms exceeded.\n' +
    'Call log:\n' +
    `\x1B[2m  - waiting for locator('#primary_phone:visible, #phone:visible, #phone_home:visible, input[name="phone"]:visible, input[name="phone_home"]:visible, input[name="primary_phone"]:visible, input[type="tel"]:visible').first()\x1B[22m\n` +
    '\x1B[2m    - locator resolved to <input type="tel" id="primary_phone" placeholder="Phone" name="primary_phone" aria-invalid="false" class="form-control valid" data-gtm-form-interact-field-id="4"/>\x1B[22m\n' +
    '\x1B[2m  - attempting click action\x1B[22m\n' +
    '\x1B[2m    - waiting for element to be visible, enabled and stable\x1B[22m\n' +
    '\x1B[2m    - element is visible, enabled and stable\x1B[22m\n' +
    '\x1B[2m    - scrolling into view if needed\x1B[22m\n' +
    '\x1B[2m    - done scrolling\x1B[22m\n' +
    '\x1B[2m    - <div class="loader">Loading…</div> intercepts pointer events\x1B[22m\n' +
    '\x1B[2m  - retrying click action\x1B[22m\n' +
    '\x1B[2m    - waiting for element to be visible, enabled and stable\x1B[22m\n' +
    '\x1B[2m    - element is visible, enabled and stable\x1B[22m\n' +
    '\x1B[2m    - scrolling into view if needed\x1B[22m\n' +
    '\x1B[2m  - element was detached from the DOM, retrying\x1B[22m\n' +
    '\x1B[2m    - waiting for" https://tra.com/thank-you?debt=10000&leadid=0242ED5E&reqid=26774983&affid=659&oid=136" navigation to finish...\x1B[22m\n' +
    '\x1B[2m    - navigated to "https://tra.com/thank-you?debt=10000&leadid=0242ED5E&reqid=26774983&affid=659&oid=136"\x1B[22m\n',
  brand: 'TRA-CPM'
}
[tra-cpm][DESKTOP][CHROMIUM] 📋 Trace report successfully saved: traces/tra-cpm_desktop.zip
✅ [13/5/2026, 5:08:42 pm] COMPLETED: tra-cpm [DESKTOP][CHROMIUM]

================================================================
🚀 [13/5/2026, 5:08:44 pm] RUNNING: TRA-CPM (TABLET) on CHROMIUM
🔗 Target URL: https://flmtra.com/?a=659&oc=763&c=2225&s1=
================================================================
[tra-cpm][TABLET][CHROMIUM] 🔌 [Browser Interceptor] Intercepting and optimizing engine: CHROMIUM
[tra-cpm][TABLET][CHROMIUM] ◇ injected env (0) from .env // tip: ⌘ custom filepath { path: '/custom/path/.env' }
◇ injected env (0) from .env // tip: ⌘ suppress logs { quiet: true }
[tra-cpm][TABLET][CHROMIUM] ◇ injected env (0) from .env // tip: ⌁ auth for agents [www.vestauth.com]
[tra-cpm][TABLET][CHROMIUM] ◇ injected env (0) from .env // tip: ◈ encrypted .env [www.dotenvx.com]
[tra-cpm][TABLET][CHROMIUM] 
🤖 ================================================================
[tra-cpm][TABLET][CHROMIUM] 🤖 MASTER RUNNER: LAUNCHING TRA-CPM
🤖 Mode:            TABLET
[tra-cpm][TABLET][CHROMIUM] 🤖 Tracking URL:     https://flmtra.com/?a=659&oc=763&c=2225&s1=
[tra-cpm][TABLET][CHROMIUM] 🤖 Target Sheet:    TRA-CPM
[tra-cpm][TABLET][CHROMIUM] 🤖 ================================================================
[tra-cpm][TABLET][CHROMIUM] 📋 Emulated Device Profile: TABLET (iPad Pro 11)
[tra-cpm][TABLET][CHROMIUM] ⏳ Delaying 2 seconds to allow responsive layouts to mount...
[tra-cpm][TABLET][CHROMIUM] 🔄 Processing lead for brand: TRA-CPM Tablet
[tra-cpm][TABLET][CHROMIUM] 📊 Campaign execution run index: 10
🎯 Enforcing dynamic credentials & parameters:
   - First Name:   ckmtestpixel
   - Last Name:    ckmtestpixel
   - Email:        ckmtestpixel@gmail.com
   - Slider Value: 10,000
   - State Value:  Oregon
[tra-cpm][TABLET][CHROMIUM] 🔗 [Mobile] Navigating to: https://flmtra.com/?a=659&oc=763&c=2225&s1=
[tra-cpm][TABLET][CHROMIUM] ✅ [Mobile] Page loaded successfully
[tra-cpm][TABLET][CHROMIUM] 💻 [Tablet] Injecting high-fidelity glossy iPad Pro mockup frame...
[tra-cpm][TABLET][CHROMIUM] 💻 [Tablet] Injecting high-fidelity glossy iPad Pro mockup frame...
[tra-cpm][TABLET][CHROMIUM] 📝 [Mobile] Starting mobile-specific form filling...
[tra-cpm][TABLET][CHROMIUM] 🔘 [Mobile] Step 1: Selecting Debt Amount (10,000)
[tra-cpm][TABLET][CHROMIUM] ✅ [Mobile] Selected debt amount: span:has-text("$10,000")
[tra-cpm][TABLET][CHROMIUM] 🔘 [Mobile] Clicking active visible button: .next-btn1:visible, .btn-next:visible
[tra-cpm][TABLET][CHROMIUM] ✅ [Mobile] Clicked: .next-btn1:visible, .btn-next:visible
[tra-cpm][TABLET][CHROMIUM] 💻 [Tablet] Injecting high-fidelity glossy iPad Pro mockup frame...
[tra-cpm][TABLET][CHROMIUM] ✅ [Mobile] Reached a recognized terminal step (State or Contact). Stopping dynamic traversal.
[tra-cpm][TABLET][CHROMIUM] 🔘 [Mobile] Step 2: Selecting State
[tra-cpm][TABLET][CHROMIUM] ✅ [Mobile] Selected state dynamically: "Georgia"
📝 [Mobile] step3 column set to State: "Georgia"
[tra-cpm][TABLET][CHROMIUM] 🔘 [Mobile] Clicking active visible button: .next-btn:visible, .next-btn2:visible, .btn-next:visible
[tra-cpm][TABLET][CHROMIUM] ✅ [Mobile] Clicked: .next-btn:visible, .next-btn2:visible, .btn-next:visible
[tra-cpm][TABLET][CHROMIUM] 💻 [Tablet] Injecting high-fidelity glossy iPad Pro mockup frame...
[tra-cpm][TABLET][CHROMIUM] 🔘 [Mobile] Step 3: Filling Contact Info (Dynamic Loop)...
[tra-cpm][TABLET][CHROMIUM] 💻 [Tablet] Injecting high-fidelity glossy iPad Pro mockup frame...
[tra-cpm][TABLET][CHROMIUM] ✅ [Mobile] Filled First Name: ckmtestpixel
[tra-cpm][TABLET][CHROMIUM] ✅ [Mobile] Filled Last Name: ckmtestpixel
[tra-cpm][TABLET][CHROMIUM] ✅ [Mobile] Filled Email: ckmtestpixel@gmail.com
[tra-cpm][TABLET][CHROMIUM] ✅ [Mobile] Filled Phone: 401-453-0576
[tra-cpm][TABLET][CHROMIUM] 🔘 [Mobile] Clicking active contact NEXT/SUBMIT button...
[tra-cpm][TABLET][CHROMIUM] 💻 [Tablet] Injecting high-fidelity glossy iPad Pro mockup frame...
[tra-cpm][TABLET][CHROMIUM] ✅ [Mobile] Filled Phone: 401-453-0576
[tra-cpm][TABLET][CHROMIUM] 🔘 [Mobile] Clicking active contact NEXT/SUBMIT button...
[tra-cpm][TABLET][CHROMIUM] 💻 [Tablet] Injecting high-fidelity glossy iPad Pro mockup frame...
[tra-cpm][TABLET][CHROMIUM] ✅ [Mobile] Filled Phone: 401-453-0576
[tra-cpm][TABLET][CHROMIUM] 🔘 [Mobile] Clicking active contact NEXT/SUBMIT button...
[tra-cpm][TABLET][CHROMIUM] 💻 [Tablet] Injecting high-fidelity glossy iPad Pro mockup frame...
[tra-cpm][TABLET][CHROMIUM] ✅ [Mobile] Filled Phone: 401-453-0576
[tra-cpm][TABLET][CHROMIUM] 🔘 [Mobile] Clicking active contact NEXT/SUBMIT button...
[tra-cpm][TABLET][CHROMIUM] 💻 [Tablet] Injecting high-fidelity glossy iPad Pro mockup frame...
[tra-cpm][TABLET][CHROMIUM] [STDERR] ⚠️ [Tablet] Failed to apply glossy iPad Pro mockup frame overlay: page.evaluate: TypeError: Cannot read properties of null (reading 'appendChild')
    at eval (eval at evaluate (:302:30), <anonymous>:104:23)
    at UtilityScript.evaluate (<anonymous>:304:16)
    at UtilityScript.<anonymous> (<anonymous>:1:44)
[tra-cpm][TABLET][CHROMIUM] 🔘 [Mobile] No active contact NEXT/SUBMIT button visible. Exiting loop.
🔘 [Mobile] Scanning for additional dynamic steps...
[tra-cpm][TABLET][CHROMIUM] 🔘 [Mobile] Submitting form
[tra-cpm][TABLET][CHROMIUM] ⏳ [Mobile] Waiting for submission navigation to complete
[tra-cpm][TABLET][CHROMIUM] ⏳ [Mobile] Waiting for final Thank You page redirection...
[tra-cpm][TABLET][CHROMIUM] ✅ [Mobile] Targeted final redirect URL achieved!
[tra-cpm][TABLET][CHROMIUM] ✅ [Mobile] Final Thank You URL: https://tra.com/thank-you?debt=#tax_debt#&leadid=#leadid#&reqid=#reqid#&affid=#affid#&oid=136
[tra-cpm][TABLET][CHROMIUM] [STDERR] ⚠️ [Mobile] No Lead ID found in URL
[tra-cpm][TABLET][CHROMIUM] 📱 Device Type detected: T-CHROMIUM
✅ Lead captured: DUPLICATE
[tra-cpm][TABLET][CHROMIUM] [STDERR] ⚠️ No Lead ID found. This is likely a duplicate lead submission redirected to a static thank you page. Using DUPLICATE fallback.
[tra-cpm][TABLET][CHROMIUM] [STDERR] (node:18476) Warning: Setting the NODE_TLS_REJECT_UNAUTHORIZED environment variable to '0' makes TLS connections and HTTPS requests insecure by disabling certificate verification.
(Use `node --trace-warnings ...` to show where the warning was created)
[tra-cpm][TABLET][CHROMIUM] ✅ Row appended successfully to sheet: TRA-CPM
[tra-cpm][TABLET][CHROMIUM] ✨ Professional formatting applied to TRA-CPM
✅ Lead processed successfully for TRA-CPM Tablet
[tra-cpm][TABLET][CHROMIUM] 🎥 Video saved successfully: traces/videos/TRA-CPM_TRA-CPM_Tablet.webm
[tra-cpm][TABLET][CHROMIUM] 
✅ Execution successfully processed! { success: true, leadId: null, brand: 'TRA-CPM Tablet' }
[tra-cpm][TABLET][CHROMIUM] [STDERR] ❌ Automation Run encountered a fatal exception: tracing.stop: Target page, context or browser has been closed
✅ [13/5/2026, 5:09:44 pm] COMPLETED: tra-cpm [TABLET][CHROMIUM]

================================================================
🚀 [13/5/2026, 5:09:46 pm] RUNNING: TRA-CPM (MOBILE) on CHROMIUM
🔗 Target URL: https://flmtra.com/?a=659&oc=763&c=2225&s1=
================================================================
[tra-cpm][MOBILE][CHROMIUM] 🔌 [Browser Interceptor] Intercepting and optimizing engine: CHROMIUM
[tra-cpm][MOBILE][CHROMIUM] ◇ injected env (0) from .env // tip: ⌘ override existing { override: true }
[tra-cpm][MOBILE][CHROMIUM] ◇ injected env (0) from .env // tip: ◈ secrets for agents [www.dotenvx.com]
[tra-cpm][MOBILE][CHROMIUM] ◇ injected env (0) from .env // tip: ⌘ override existing { override: true }
[tra-cpm][MOBILE][CHROMIUM] ◇ injected env (0) from .env // tip: ⌁ auth for agents [www.vestauth.com]
[tra-cpm][MOBILE][CHROMIUM] 
🤖 ================================================================
🤖 MASTER RUNNER: LAUNCHING TRA-CPM
🤖 Mode:            MOBILE
🤖 Tracking URL:     https://flmtra.com/?a=659&oc=763&c=2225&s1=
[tra-cpm][MOBILE][CHROMIUM] 🤖 Target Sheet:    TRA-CPM
🤖 ================================================================
[tra-cpm][MOBILE][CHROMIUM] 📱 Emulated Device Profile: MOBILE (iPhone 17 Pro)
[tra-cpm][MOBILE][CHROMIUM] ⏳ Delaying 2 seconds to allow responsive layouts to mount...
[tra-cpm][MOBILE][CHROMIUM] 🔄 Processing lead for brand: TRA-CPM Mobile
[tra-cpm][MOBILE][CHROMIUM] 📊 Campaign execution run index: 12
🎯 Enforcing dynamic credentials & parameters:
[tra-cpm][MOBILE][CHROMIUM]    - First Name:   ckmtestpixel
   - Last Name:    ckmtestpixel
   - Email:        ckmtestpixel@gmail.com
[tra-cpm][MOBILE][CHROMIUM]    - Slider Value: 20,000
   - State Value:  Colorado
[tra-cpm][MOBILE][CHROMIUM] 🔗 [Mobile] Navigating to: https://flmtra.com/?a=659&oc=763&c=2225&s1=
[tra-cpm][MOBILE][CHROMIUM] ✅ [Mobile] Page loaded successfully
[tra-cpm][MOBILE][CHROMIUM] 📱 [Mobile] Injecting high-fidelity glossy Natural Titanium iPhone 17 Pro mockup frame...
[tra-cpm][MOBILE][CHROMIUM] 📱 [Mobile] Injecting high-fidelity glossy Natural Titanium iPhone 17 Pro mockup frame...
[tra-cpm][MOBILE][CHROMIUM] 📝 [Mobile] Starting mobile-specific form filling...
[tra-cpm][MOBILE][CHROMIUM] 🔘 [Mobile] Step 1: Selecting Debt Amount (20,000)
[tra-cpm][MOBILE][CHROMIUM] 🔘 [Mobile] Clicking active visible button: .next-btn1:visible, .btn-next:visible
[tra-cpm][MOBILE][CHROMIUM] ✅ [Mobile] Clicked: .next-btn1:visible, .btn-next:visible
[tra-cpm][MOBILE][CHROMIUM] 📱 [Mobile] Injecting high-fidelity glossy Natural Titanium iPhone 17 Pro mockup frame...
[tra-cpm][MOBILE][CHROMIUM] ✅ [Mobile] Reached a recognized terminal step (State or Contact). Stopping dynamic traversal.
[tra-cpm][MOBILE][CHROMIUM] 🔘 [Mobile] Step 2: Selecting State
[tra-cpm][MOBILE][CHROMIUM] ✅ [Mobile] Selected state dynamically: "Idaho"
📝 [Mobile] step3 column set to State: "Idaho"
[tra-cpm][MOBILE][CHROMIUM] 🔘 [Mobile] Clicking active visible button: .next-btn:visible, .next-btn2:visible, .btn-next:visible
[tra-cpm][MOBILE][CHROMIUM] ✅ [Mobile] Clicked: .next-btn:visible, .next-btn2:visible, .btn-next:visible
[tra-cpm][MOBILE][CHROMIUM] 📱 [Mobile] Injecting high-fidelity glossy Natural Titanium iPhone 17 Pro mockup frame...
[tra-cpm][MOBILE][CHROMIUM] 🔘 [Mobile] Step 3: Filling Contact Info (Dynamic Loop)...
[tra-cpm][MOBILE][CHROMIUM] 📱 [Mobile] Injecting high-fidelity glossy Natural Titanium iPhone 17 Pro mockup frame...
[tra-cpm][MOBILE][CHROMIUM] ✅ [Mobile] Filled First Name: ckmtestpixel
[tra-cpm][MOBILE][CHROMIUM] ✅ [Mobile] Filled Last Name: ckmtestpixel
[tra-cpm][MOBILE][CHROMIUM] ✅ [Mobile] Filled Email: ckmtestpixel@gmail.com
[tra-cpm][MOBILE][CHROMIUM] ✅ [Mobile] Filled Phone: 401-453-0576
[tra-cpm][MOBILE][CHROMIUM] 🔘 [Mobile] Clicking active contact NEXT/SUBMIT button...
[tra-cpm][MOBILE][CHROMIUM] 📱 [Mobile] Injecting high-fidelity glossy Natural Titanium iPhone 17 Pro mockup frame...
[tra-cpm][MOBILE][CHROMIUM] ✅ [Mobile] Filled Phone: 401-453-0576
[tra-cpm][MOBILE][CHROMIUM] 🔘 [Mobile] Clicking active contact NEXT/SUBMIT button...
[tra-cpm][MOBILE][CHROMIUM] 📱 [Mobile] Injecting high-fidelity glossy Natural Titanium iPhone 17 Pro mockup frame...
[tra-cpm][MOBILE][CHROMIUM] ✅ [Mobile] Filled Phone: 401-453-0576
[tra-cpm][MOBILE][CHROMIUM] 🔘 [Mobile] Clicking active contact NEXT/SUBMIT button...
[tra-cpm][MOBILE][CHROMIUM] 📱 [Mobile] Injecting high-fidelity glossy Natural Titanium iPhone 17 Pro mockup frame...
[tra-cpm][MOBILE][CHROMIUM] ✅ [Mobile] Filled Phone: 401-453-0576
[tra-cpm][MOBILE][CHROMIUM] 🔘 [Mobile] Clicking active contact NEXT/SUBMIT button...
[tra-cpm][MOBILE][CHROMIUM] 📱 [Mobile] Injecting high-fidelity glossy Natural Titanium iPhone 17 Pro mockup frame...
[tra-cpm][MOBILE][CHROMIUM] 🔘 [Mobile] No active contact NEXT/SUBMIT button visible. Exiting loop.
🔘 [Mobile] Scanning for additional dynamic steps...
[tra-cpm][MOBILE][CHROMIUM] 🔘 [Mobile] Submitting form
[tra-cpm][MOBILE][CHROMIUM] ⏳ [Mobile] Waiting for submission navigation to complete
[tra-cpm][MOBILE][CHROMIUM] ⏳ [Mobile] Waiting for final Thank You page redirection...
[tra-cpm][MOBILE][CHROMIUM] ✅ [Mobile] Targeted final redirect URL achieved!
[tra-cpm][MOBILE][CHROMIUM] ✅ [Mobile] Final Thank You URL: https://tra.com/thank-you?debt=#tax_debt#&leadid=#leadid#&reqid=#reqid#&affid=#affid#&oid=136
[tra-cpm][MOBILE][CHROMIUM] [STDERR] ⚠️ [Mobile] No Lead ID found in URL
[tra-cpm][MOBILE][CHROMIUM] 📱 Device Type detected: M-CHROMIUM
✅ Lead captured: DUPLICATE
[tra-cpm][MOBILE][CHROMIUM] [STDERR] ⚠️ No Lead ID found. This is likely a duplicate lead submission redirected to a static thank you page. Using DUPLICATE fallback.
[tra-cpm][MOBILE][CHROMIUM] [STDERR] (node:18176) Warning: Setting the NODE_TLS_REJECT_UNAUTHORIZED environment variable to '0' makes TLS connections and HTTPS requests insecure by disabling certificate verification.
(Use `node --trace-warnings ...` to show where the warning was created)
[tra-cpm][MOBILE][CHROMIUM] ✅ Row appended successfully to sheet: TRA-CPM
[tra-cpm][MOBILE][CHROMIUM] ✨ Professional formatting applied to TRA-CPM
✅ Lead processed successfully for TRA-CPM Mobile
[tra-cpm][MOBILE][CHROMIUM] 🎥 Video saved successfully: traces/videos/TRA-CPM_TRA-CPM_Mobile.webm
[tra-cpm][MOBILE][CHROMIUM] 
✅ Execution successfully processed! { success: true, leadId: null, brand: 'TRA-CPM Mobile' }
[tra-cpm][MOBILE][CHROMIUM] [STDERR] ❌ Automation Run encountered a fatal exception: tracing.stop: Target page, context or browser has been closed
✅ [13/5/2026, 5:10:42 pm] COMPLETED: tra-cpm [MOBILE][CHROMIUM]

================================================================
⚡ Running Campaign Viewports on Browser Engine: FIREFOX - [TRA-CPM]
================================================================

================================================================
🚀 [13/5/2026, 5:10:46 pm] RUNNING: TRA-CPM (DESKTOP) on FIREFOX
🔗 Target URL: https://flmtra.com/?a=659&oc=763&c=2225&s1=
================================================================
[tra-cpm][DESKTOP][FIREFOX] 🔌 [Browser Interceptor] Intercepting and optimizing engine: FIREFOX
[tra-cpm][DESKTOP][FIREFOX] ◇ injected env (0) from .env // tip: ⌁ auth for agents [www.vestauth.com]
[tra-cpm][DESKTOP][FIREFOX] ◇ injected env (0) from .env // tip: ⌁ auth for agents [www.vestauth.com]
[tra-cpm][DESKTOP][FIREFOX] ◇ injected env (0) from .env // tip: ⌘ override existing { override: true }
[tra-cpm][DESKTOP][FIREFOX] ◇ injected env (0) from .env // tip: ◈ secrets for agents [www.dotenvx.com]
[tra-cpm][DESKTOP][FIREFOX] 
🤖 ================================================================
🤖 MASTER RUNNER: LAUNCHING TRA-CPM
🤖 Mode:            DESKTOP
[tra-cpm][DESKTOP][FIREFOX] 🤖 Tracking URL:     https://flmtra.com/?a=659&oc=763&c=2225&s1=
🤖 Target Sheet:    TRA-CPM
[tra-cpm][DESKTOP][FIREFOX] 🤖 ================================================================
[tra-cpm][DESKTOP][FIREFOX] 💻 Emulated Device Profile: DESKTOP
[tra-cpm][DESKTOP][FIREFOX] 🔌 [Browser Interceptor] Sanitizing mobile context options for Firefox emulation...
[tra-cpm][DESKTOP][FIREFOX] 🔄 Processing lead for brand: TRA-CPM
[tra-cpm][DESKTOP][FIREFOX] 📊 Campaign execution run index: 0
🎯 Enforcing dynamic credentials & parameters:
   - First Name:   ckmtestpixel
   - Last Name:    ckmtestpixel
   - Email:        ckmtestpixel@gmail.com
   - Slider Value: 10,000
   - State Value:  Montana
[tra-cpm][DESKTOP][FIREFOX] 🔗 Navigating to: https://flmtra.com/?a=659&oc=763&c=2225&s1=
[tra-cpm][DESKTOP][FIREFOX] ✅ Page loaded successfully
[tra-cpm][DESKTOP][FIREFOX] 📝 Starting multi-step form filling process...
[tra-cpm][DESKTOP][FIREFOX] 🔘 Step 1: Handling Debt Amount (10,000)
[tra-cpm][DESKTOP][FIREFOX] ✅ Selected debt amount via selector: span:has-text("$10,000")
[tra-cpm][DESKTOP][FIREFOX] 🔘 Attempting to click .next-btn1, .btn-next
[tra-cpm][DESKTOP][FIREFOX] ⚠️ Standard click failed, using dispatchEvent...
[tra-cpm][DESKTOP][FIREFOX] ✅ Clicked .next-btn1, .btn-next
[tra-cpm][DESKTOP][FIREFOX] ✅ Reached a recognized terminal step (State or Contact). Stopping dynamic traversal.
[tra-cpm][DESKTOP][FIREFOX] 🔘 Step: Selecting State
[tra-cpm][DESKTOP][FIREFOX] ✅ Selected state dynamically: "Alabama"
📝 step3 column set to State: "Alabama"
[tra-cpm][DESKTOP][FIREFOX] 🔘 Clicking generic NEXT button
[tra-cpm][DESKTOP][FIREFOX] ✅ Clicked generic NEXT button
[tra-cpm][DESKTOP][FIREFOX] 🔘 Filling Contact Info (Dynamic Loop)...
[tra-cpm][DESKTOP][FIREFOX] [STDERR] ❌ Error during form filling: locator.click: Timeout 25000ms exceeded.
Call log:
[2m  - waiting for locator('#first_name:visible, input[name="first_name"]:visible, input[placeholder*="First Name" i]:visible').first()[22m
[2m    - locator resolved to <input type="text" name="first_name" placeholder="First Name" class="form-control error"/>[22m
[2m  - attempting click action[22m
[2m    - waiting for element to be visible, enabled and stable[22m

[tra-cpm][DESKTOP][FIREFOX] [STDERR] ❌ Failed processing TRA-CPM: locator.click: Timeout 25000ms exceeded.
Call log:
[2m  - waiting for locator('#first_name:visible, input[name="first_name"]:visible, input[placeholder*="First Name" i]:visible').first()[22m
[2m    - locator resolved to <input type="text" name="first_name" placeholder="First Name" class="form-control error"/>[22m
[2m  - attempting click action[22m
[2m    - waiting for element to be visible, enabled and stable[22m

[tra-cpm][DESKTOP][FIREFOX] 
✅ Execution successfully processed! {
  success: false,
  error: 'locator.click: Timeout 25000ms exceeded.\n' +
    'Call log:\n' +
    `\x1B[2m  - waiting for locator('#first_name:visible, input[name="first_name"]:visible, input[placeholder*="First Name" i]:visible').first()\x1B[22m\n` +
    '\x1B[2m    - locator resolved to <input type="text" name="first_name" placeholder="First Name" class="form-control error"/>\x1B[22m\n' +
    '\x1B[2m  - attempting click action\x1B[22m\n' +
    '\x1B[2m    - waiting for element to be visible, enabled and stable\x1B[22m\n',
  brand: 'TRA-CPM'
}
[tra-cpm][DESKTOP][FIREFOX] 📋 Trace report successfully saved: traces/tra-cpm_desktop.zip
✅ [13/5/2026, 5:12:23 pm] COMPLETED: tra-cpm [DESKTOP][FIREFOX]

================================================================
🚀 [13/5/2026, 5:12:25 pm] RUNNING: TRA-CPM (TABLET) on FIREFOX
🔗 Target URL: https://flmtra.com/?a=659&oc=763&c=2225&s1=
================================================================
[tra-cpm][TABLET][FIREFOX] 🔌 [Browser Interceptor] Intercepting and optimizing engine: FIREFOX
[tra-cpm][TABLET][FIREFOX] ◇ injected env (0) from .env // tip: ⌘ enable debugging { debug: true }
[tra-cpm][TABLET][FIREFOX] ◇ injected env (0) from .env // tip: ⌘ enable debugging { debug: true }
[tra-cpm][TABLET][FIREFOX] ◇ injected env (0) from .env // tip: ⌘ multiple files { path: ['.env.local', '.env'] }
[tra-cpm][TABLET][FIREFOX] ◇ injected env (0) from .env // tip: ⌘ suppress logs { quiet: true }
[tra-cpm][TABLET][FIREFOX] 
🤖 ================================================================
[tra-cpm][TABLET][FIREFOX] 🤖 MASTER RUNNER: LAUNCHING TRA-CPM
🤖 Mode:            TABLET
🤖 Tracking URL:     https://flmtra.com/?a=659&oc=763&c=2225&s1=
[tra-cpm][TABLET][FIREFOX] 🤖 Target Sheet:    TRA-CPM
🤖 ================================================================
[tra-cpm][TABLET][FIREFOX] 📋 Emulated Device Profile: TABLET (iPad Pro 11)
🔌 [Browser Interceptor] Sanitizing mobile context options for Firefox emulation...
[tra-cpm][TABLET][FIREFOX] ⏳ Delaying 2 seconds to allow responsive layouts to mount...
[tra-cpm][TABLET][FIREFOX] 🔄 Processing lead for brand: TRA-CPM Tablet
[tra-cpm][TABLET][FIREFOX] 📊 Campaign execution run index: 1
🎯 Enforcing dynamic credentials & parameters:
   - First Name:   ckmtestpixel
   - Last Name:    ckmtestpixel
   - Email:        ckmtestpixel@gmail.com
   - Slider Value: 15,000
[tra-cpm][TABLET][FIREFOX]    - State Value:  California
[tra-cpm][TABLET][FIREFOX] 🔗 [Mobile] Navigating to: https://flmtra.com/?a=659&oc=763&c=2225&s1=
[tra-cpm][TABLET][FIREFOX] ✅ [Mobile] Page loaded successfully
[tra-cpm][TABLET][FIREFOX] 💻 [Tablet] Injecting high-fidelity glossy iPad Pro mockup frame...
[tra-cpm][TABLET][FIREFOX] 💻 [Tablet] Injecting high-fidelity glossy iPad Pro mockup frame...
[tra-cpm][TABLET][FIREFOX] 📝 [Mobile] Starting mobile-specific form filling...
[tra-cpm][TABLET][FIREFOX] 🔘 [Mobile] Step 1: Selecting Debt Amount (15,000)
[tra-cpm][TABLET][FIREFOX] 🔘 [Mobile] Clicking active visible button: .next-btn1:visible, .btn-next:visible
[tra-cpm][TABLET][FIREFOX] ✅ [Mobile] Clicked: .next-btn1:visible, .btn-next:visible
[tra-cpm][TABLET][FIREFOX] 💻 [Tablet] Injecting high-fidelity glossy iPad Pro mockup frame...
[tra-cpm][TABLET][FIREFOX] ✅ [Mobile] Reached a recognized terminal step (State or Contact). Stopping dynamic traversal.
[tra-cpm][TABLET][FIREFOX] 🔘 [Mobile] Step 2: Selecting State
[tra-cpm][TABLET][FIREFOX] ✅ [Mobile] Selected state dynamically: "Alaska"
📝 [Mobile] step3 column set to State: "Alaska"
[tra-cpm][TABLET][FIREFOX] 🔘 [Mobile] Clicking active visible button: .next-btn:visible, .next-btn2:visible, .btn-next:visible
[tra-cpm][TABLET][FIREFOX] ✅ [Mobile] Clicked: .next-btn:visible, .next-btn2:visible, .btn-next:visible
[tra-cpm][TABLET][FIREFOX] 💻 [Tablet] Injecting high-fidelity glossy iPad Pro mockup frame...
[tra-cpm][TABLET][FIREFOX] 🔘 [Mobile] Step 3: Filling Contact Info (Dynamic Loop)...
[tra-cpm][TABLET][FIREFOX] 💻 [Tablet] Injecting high-fidelity glossy iPad Pro mockup frame...
[tra-cpm][TABLET][FIREFOX] ✅ [Mobile] Filled First Name: ckmtestpixel
[tra-cpm][TABLET][FIREFOX] ✅ [Mobile] Filled Last Name: ckmtestpixel
[tra-cpm][TABLET][FIREFOX] ✅ [Mobile] Filled Email: ckmtestpixel@gmail.com
[tra-cpm][TABLET][FIREFOX] ✅ [Mobile] Filled Phone: 401-453-0576
[tra-cpm][TABLET][FIREFOX] 🔘 [Mobile] Clicking active contact NEXT/SUBMIT button...
[tra-cpm][TABLET][FIREFOX] 💻 [Tablet] Injecting high-fidelity glossy iPad Pro mockup frame...
[tra-cpm][TABLET][FIREFOX] ✅ [Mobile] Filled Phone: 401-453-0576
[tra-cpm][TABLET][FIREFOX] 🔘 [Mobile] Clicking active contact NEXT/SUBMIT button...
[tra-cpm][TABLET][FIREFOX] 💻 [Tablet] Injecting high-fidelity glossy iPad Pro mockup frame...
[tra-cpm][TABLET][FIREFOX] 🔘 [Mobile] No active contact NEXT/SUBMIT button visible. Exiting loop.
🔘 [Mobile] Scanning for additional dynamic steps...
[tra-cpm][TABLET][FIREFOX] 🔘 [Mobile] Submitting form
[tra-cpm][TABLET][FIREFOX] ⏳ [Mobile] Waiting for submission navigation to complete
[tra-cpm][TABLET][FIREFOX] ⏳ [Mobile] Waiting for final Thank You page redirection...
[tra-cpm][TABLET][FIREFOX] ✅ [Mobile] Targeted final redirect URL achieved!
[tra-cpm][TABLET][FIREFOX] ✅ [Mobile] Final Thank You URL: https://tra.com/thank-you?debt=10000&leadid=64861D1E&reqid=26774999&affid=659&oid=136
[tra-cpm][TABLET][FIREFOX] ✅ [Mobile] Extracted Lead ID: 64861D1E
[tra-cpm][TABLET][FIREFOX] 📱 Device Type detected: T-FIREFOX
✅ Lead captured: 64861D1E
[tra-cpm][TABLET][FIREFOX] 📡 Fetching First API data for Lead ID: 64861D1E...
[tra-cpm][TABLET][FIREFOX] 📡 Raw XML Response: {
  "lead_info_response": {
    "$": {
      "xmlns:xsd": "http://www.w3.org/2001/XMLSchema",
      "xmlns:xsi": "http://www.w3.org/2001/XMLSchema-instance",
      "xmlns": "http://cakemarketing.com/api/1/"
    },
    "success": "true",
    "row_count": "1",
    "lead_id": "64861D1E",
    "personal_info": {
      "first_name": "CKMTESTPIXEL",
      "last_name": "CKMTESTPIXEL",
      "email_address": "ckmtestpixel@gmail.com",
      "address": {
        "street": "",
        "city": "",
        "state": "AK",
        "zip_code": "99636",
        "country": ""
      },
      "ip_address": "27.54.170.27",
      "phone_work": "",
      "phone_home": "401-453-0576",
      "phone_cell": "",
      "best_call_time": "",
      "opt_in": "false"
    },
    "traffic_info": {
      "lead_date": "2026-05-13T04:42:49.347",
      "payout": {
        "currency_id": "1",
        "amount": "0.0000",
        "formatted_amount": "$0.00"
      },
      "affiliate": {
        "affiliate_id": {
          "_": "659",
          "$": {
            "xmlns": "API:id_name_store"
          }
        },
        "affiliate_name": {
          "_": "QA affiliate",
          "$": {
            "xmlns": "API:id_name_store"
          }
        }
      },
      "campaign": {
        "campaign_id": {
          "_": "4079",
          "$": {
            "xmlns": "API:id_name_store"
          }
        },
        "campaign_name": {
          "_": "TRA.com CPM  - CPM - CPA - $1.00",
          "$": {
            "xmlns": "API:id_name_store"
          }
        }
      },
      "creative_id": "2225",
      "subid_1": "",
      "subid_2": "",
      "subid_3": "",
      "subid_4": "",
      "subid_5": "",
      "referrer": "",
      "pixel_fired": "true",
      "returned_to_affiliate": "false",
      "test": "true",
      "upsell": "false"
    },
    "all_vertical_data": {
      "data": {
        "$": {
          "xmlns": ""
        },
        "tax_debt": "10000",
        "universal_leadid": "8BD9A32C-0B0F-E78A-F06B-D07A5A0C5BFD",
        "affid": "659",
        "TCPA_checkbox": "1",
        "reqid": "26774999",
        "page": "https://tra.com/cpm2",
        "neustar": "fail",
        "neustar_disposition": "N,U,I3,L,0",
        "first_name_lower": "ckmtestpixel",
        "last_name_lower": "ckmtestpixel",
        "opt_special_offers": "on",
        "ckm_campaign_id": "4438"
      }
    },
    "dispositions": "",
    "pings": "",
    "posts": "",
    "sales": ""
  }
}
[tra-cpm][TABLET][FIREFOX] [STDERR] (node:19292) Warning: Setting the NODE_TLS_REJECT_UNAUTHORIZED environment variable to '0' makes TLS connections and HTTPS requests insecure by disabling certificate verification.
(Use `node --trace-warnings ...` to show where the warning was created)
[tra-cpm][TABLET][FIREFOX] ✅ First API Data retrieved on attempt 1
📡 Fetching Second API data for Lead ID: 64861D1E...
📡 Standard Second API Payload: cake_id=64861D1E, domain_name=https://www.taxreliefadvocates.com
[tra-cpm][TABLET][FIREFOX] [STDERR] ❌ Second API Attempt 1 failed: Request failed with status code 404
[tra-cpm][TABLET][FIREFOX] ⏳ Retrying in 3 seconds to allow database synchronization...
[tra-cpm][TABLET][FIREFOX] 📡 Standard Second API Payload: cake_id=64861D1E, domain_name=https://www.taxreliefadvocates.com
[tra-cpm][TABLET][FIREFOX] [STDERR] ❌ Second API Attempt 2 failed: Request failed with status code 404
[tra-cpm][TABLET][FIREFOX] ⏳ Retrying in 3 seconds to allow database synchronization...
[tra-cpm][TABLET][FIREFOX] 📡 Standard Second API Payload: cake_id=64861D1E, domain_name=https://www.taxreliefadvocates.com
[tra-cpm][TABLET][FIREFOX] [STDERR] ❌ Second API Attempt 3 failed: Request failed with status code 404
[tra-cpm][TABLET][FIREFOX] ⏳ Retrying in 3 seconds to allow database synchronization...
[tra-cpm][TABLET][FIREFOX] 📡 Standard Second API Payload: cake_id=64861D1E, domain_name=https://www.taxreliefadvocates.com
[tra-cpm][TABLET][FIREFOX] [STDERR] ❌ Second API Attempt 4 failed: Request failed with status code 404
[tra-cpm][TABLET][FIREFOX] ⏳ Retrying in 3 seconds to allow database synchronization...
[tra-cpm][TABLET][FIREFOX] 📡 Standard Second API Payload: cake_id=64861D1E, domain_name=https://www.taxreliefadvocates.com
[tra-cpm][TABLET][FIREFOX] [STDERR] ❌ Second API Attempt 5 failed: Request failed with status code 404
[tra-cpm][TABLET][FIREFOX] ✅ Row appended successfully to sheet: TRA-CPM
[tra-cpm][TABLET][FIREFOX] ✨ Professional formatting applied to TRA-CPM
✅ Lead processed successfully for TRA-CPM Tablet
[tra-cpm][TABLET][FIREFOX] 🎥 Video saved successfully: traces/videos/TRA-CPM_TRA-CPM_Tablet.webm
[tra-cpm][TABLET][FIREFOX] 
✅ Execution successfully processed! { success: true, leadId: '64861D1E', brand: 'TRA-CPM Tablet' }
[tra-cpm][TABLET][FIREFOX] [STDERR] ❌ Automation Run encountered a fatal exception: tracing.stop: Target page, context or browser has been closed
✅ [13/5/2026, 5:13:33 pm] COMPLETED: tra-cpm [TABLET][FIREFOX]

================================================================
🚀 [13/5/2026, 5:13:35 pm] RUNNING: TRA-CPM (MOBILE) on FIREFOX
🔗 Target URL: https://flmtra.com/?a=659&oc=763&c=2225&s1=
================================================================
[tra-cpm][MOBILE][FIREFOX] 🔌 [Browser Interceptor] Intercepting and optimizing engine: FIREFOX
[tra-cpm][MOBILE][FIREFOX] ◇ injected env (0) from .env // tip: ⌘ suppress logs { quiet: true }
[tra-cpm][MOBILE][FIREFOX] ◇ injected env (0) from .env // tip: ⌘ multiple files { path: ['.env.local', '.env'] }
[tra-cpm][MOBILE][FIREFOX] ◇ injected env (0) from .env // tip: ⌘ enable debugging { debug: true }
[tra-cpm][MOBILE][FIREFOX] ◇ injected env (0) from .env // tip: ⌘ multiple files { path: ['.env.local', '.env'] }
[tra-cpm][MOBILE][FIREFOX] 
🤖 ================================================================
🤖 MASTER RUNNER: LAUNCHING TRA-CPM
🤖 Mode:            MOBILE
🤖 Tracking URL:     https://flmtra.com/?a=659&oc=763&c=2225&s1=
[tra-cpm][MOBILE][FIREFOX] 🤖 Target Sheet:    TRA-CPM
[tra-cpm][MOBILE][FIREFOX] 🤖 ================================================================
[tra-cpm][MOBILE][FIREFOX] 📱 Emulated Device Profile: MOBILE (iPhone 17 Pro)
🔌 [Browser Interceptor] Sanitizing mobile context options for Firefox emulation...
[tra-cpm][MOBILE][FIREFOX] ⏳ Delaying 2 seconds to allow responsive layouts to mount...
[tra-cpm][MOBILE][FIREFOX] 🔄 Processing lead for brand: TRA-CPM Mobile
[tra-cpm][MOBILE][FIREFOX] 📊 Campaign execution run index: 2
[tra-cpm][MOBILE][FIREFOX] 🎯 Enforcing dynamic credentials & parameters:
   - First Name:   ckmtestpixel
   - Last Name:    ckmtestpixel
   - Email:        ckmtestpixel@gmail.com
   - Phone Number: 401-247-1002
[tra-cpm][MOBILE][FIREFOX]    - Slider Value: 20,000
[tra-cpm][MOBILE][FIREFOX]    - State Value:  Rhode Island
[tra-cpm][MOBILE][FIREFOX] 🔗 [Mobile] Navigating to: https://flmtra.com/?a=659&oc=763&c=2225&s1=
[tra-cpm][MOBILE][FIREFOX] ✅ [Mobile] Page loaded successfully
[tra-cpm][MOBILE][FIREFOX] 📱 [Mobile] Injecting high-fidelity glossy Natural Titanium iPhone 17 Pro mockup frame...
[tra-cpm][MOBILE][FIREFOX] 📱 [Mobile] Injecting high-fidelity glossy Natural Titanium iPhone 17 Pro mockup frame...
[tra-cpm][MOBILE][FIREFOX] 📝 [Mobile] Starting mobile-specific form filling...
[tra-cpm][MOBILE][FIREFOX] 🔘 [Mobile] Step 1: Selecting Debt Amount (20,000)
[tra-cpm][MOBILE][FIREFOX] 🔘 [Mobile] Clicking active visible button: .next-btn1:visible, .btn-next:visible
[tra-cpm][MOBILE][FIREFOX] ✅ [Mobile] Clicked: .next-btn1:visible, .btn-next:visible
[tra-cpm][MOBILE][FIREFOX] 📱 [Mobile] Injecting high-fidelity glossy Natural Titanium iPhone 17 Pro mockup frame...
[tra-cpm][MOBILE][FIREFOX] ✅ [Mobile] Reached a recognized terminal step (State or Contact). Stopping dynamic traversal.
[tra-cpm][MOBILE][FIREFOX] 🔘 [Mobile] Step 2: Selecting State
[tra-cpm][MOBILE][FIREFOX] ✅ [Mobile] Selected state dynamically: "Arizona"
[tra-cpm][MOBILE][FIREFOX] 📝 [Mobile] step3 column set to State: "Arizona"
[tra-cpm][MOBILE][FIREFOX] 🔘 [Mobile] Clicking active visible button: .next-btn:visible, .next-btn2:visible, .btn-next:visible
[tra-cpm][MOBILE][FIREFOX] ✅ [Mobile] Clicked: .next-btn:visible, .next-btn2:visible, .btn-next:visible
[tra-cpm][MOBILE][FIREFOX] 📱 [Mobile] Injecting high-fidelity glossy Natural Titanium iPhone 17 Pro mockup frame...
[tra-cpm][MOBILE][FIREFOX] 🔘 [Mobile] Step 3: Filling Contact Info (Dynamic Loop)...
[tra-cpm][MOBILE][FIREFOX] 📱 [Mobile] Injecting high-fidelity glossy Natural Titanium iPhone 17 Pro mockup frame...
[tra-cpm][MOBILE][FIREFOX] ✅ [Mobile] Filled First Name: ckmtestpixel
[tra-cpm][MOBILE][FIREFOX] ✅ [Mobile] Filled Last Name: ckmtestpixel
[tra-cpm][MOBILE][FIREFOX] ✅ [Mobile] Filled Email: ckmtestpixel@gmail.com
[tra-cpm][MOBILE][FIREFOX] ✅ [Mobile] Filled Phone: 401-247-1002
[tra-cpm][MOBILE][FIREFOX] 🔘 [Mobile] Clicking active contact NEXT/SUBMIT button...
[tra-cpm][MOBILE][FIREFOX] 📱 [Mobile] Injecting high-fidelity glossy Natural Titanium iPhone 17 Pro mockup frame...
[tra-cpm][MOBILE][FIREFOX] ✅ [Mobile] Filled Phone: 401-247-1002
[tra-cpm][MOBILE][FIREFOX] 🔘 [Mobile] Clicking active contact NEXT/SUBMIT button...
[tra-cpm][MOBILE][FIREFOX] 📱 [Mobile] Injecting high-fidelity glossy Natural Titanium iPhone 17 Pro mockup frame...
[tra-cpm][MOBILE][FIREFOX] 🔘 [Mobile] No active contact NEXT/SUBMIT button visible. Exiting loop.
🔘 [Mobile] Scanning for additional dynamic steps...
[tra-cpm][MOBILE][FIREFOX] 🔘 [Mobile] Submitting form
[tra-cpm][MOBILE][FIREFOX] ⏳ [Mobile] Waiting for submission navigation to complete
[tra-cpm][MOBILE][FIREFOX] ⏳ [Mobile] Waiting for final Thank You page redirection...
[tra-cpm][MOBILE][FIREFOX] ✅ [Mobile] Targeted final redirect URL achieved!
[tra-cpm][MOBILE][FIREFOX] ✅ [Mobile] Final Thank You URL: https://tra.com/thank-you?debt=10000&leadid=8526D1BB&reqid=26775002&affid=659&oid=136
[tra-cpm][MOBILE][FIREFOX] ✅ [Mobile] Extracted Lead ID: 8526D1BB
📱 Device Type detected: M-FIREFOX
✅ Lead captured: 8526D1BB
[tra-cpm][MOBILE][FIREFOX] 📡 Fetching First API data for Lead ID: 8526D1BB...
[tra-cpm][MOBILE][FIREFOX] 📡 Raw XML Response: {
  "lead_info_response": {
    "$": {
      "xmlns:xsd": "http://www.w3.org/2001/XMLSchema",
      "xmlns:xsi": "http://www.w3.org/2001/XMLSchema-instance",
      "xmlns": "http://cakemarketing.com/api/1/"
    },
    "success": "true",
    "row_count": "1",
    "lead_id": "8526D1BB",
    "personal_info": {
      "first_name": "CKMTESTPIXEL",
      "last_name": "CKMTESTPIXEL",
      "email_address": "ckmtestpixel@gmail.com",
      "address": {
        "street": "",
        "city": "",
        "state": "AZ",
        "zip_code": "86011",
        "country": ""
      },
      "ip_address": "27.54.170.27",
      "phone_work": "",
      "phone_home": "401-247-1002",
      "phone_cell": "",
      "best_call_time": "",
      "opt_in": "false"
    },
    "traffic_info": {
      "lead_date": "2026-05-13T04:43:57.587",
      "payout": {
        "currency_id": "1",
        "amount": "0.0000",
        "formatted_amount": "$0.00"
      },
      "affiliate": {
        "affiliate_id": {
          "_": "659",
          "$": {
            "xmlns": "API:id_name_store"
          }
        },
        "affiliate_name": {
          "_": "QA affiliate",
          "$": {
            "xmlns": "API:id_name_store"
          }
        }
      },
      "campaign": {
        "campaign_id": {
          "_": "4079",
          "$": {
            "xmlns": "API:id_name_store"
          }
        },
        "campaign_name": {
          "_": "TRA.com CPM  - CPM - CPA - $1.00",
          "$": {
            "xmlns": "API:id_name_store"
          }
        }
      },
      "creative_id": "2225",
      "subid_1": "",
      "subid_2": "",
      "subid_3": "",
      "subid_4": "",
      "subid_5": "",
      "referrer": "",
      "pixel_fired": "true",
      "returned_to_affiliate": "false",
      "test": "true",
      "upsell": "false"
    },
    "all_vertical_data": {
      "data": {
        "$": {
          "xmlns": ""
        },
        "tax_debt": "10000",
        "universal_leadid": "2D369DE3-76D4-70E4-22A7-6AF3B18FF444",
        "affid": "659",
        "TCPA_checkbox": "1",
        "reqid": "26775002",
        "page": "https://tra.com/cpm2",
        "neustar": "pass",
        "neustar_disposition": "N,U,U,L,0",
        "first_name_lower": "ckmtestpixel",
        "last_name_lower": "ckmtestpixel",
        "opt_special_offers": "on",
        "ckm_campaign_id": "4438"
      }
    },
    "dispositions": "",
    "pings": "",
    "posts": "",
    "sales": ""
  }
}
✅ First API Data retrieved on attempt 1
[tra-cpm][MOBILE][FIREFOX] 📡 Fetching Second API data for Lead ID: 8526D1BB...
[tra-cpm][MOBILE][FIREFOX] 📡 Standard Second API Payload: cake_id=8526D1BB, domain_name=https://www.taxreliefadvocates.com
[tra-cpm][MOBILE][FIREFOX] [STDERR] (node:4136) Warning: Setting the NODE_TLS_REJECT_UNAUTHORIZED environment variable to '0' makes TLS connections and HTTPS requests insecure by disabling certificate verification.
(Use `node --trace-warnings ...` to show where the warning was created)
[tra-cpm][MOBILE][FIREFOX] [STDERR] ❌ Second API Attempt 1 failed: Request failed with status code 404
[tra-cpm][MOBILE][FIREFOX] ⏳ Retrying in 3 seconds to allow database synchronization...
[tra-cpm][MOBILE][FIREFOX] 📡 Standard Second API Payload: cake_id=8526D1BB, domain_name=https://www.taxreliefadvocates.com
[tra-cpm][MOBILE][FIREFOX] [STDERR] ❌ Second API Attempt 2 failed: Request failed with status code 404
[tra-cpm][MOBILE][FIREFOX] ⏳ Retrying in 3 seconds to allow database synchronization...
[tra-cpm][MOBILE][FIREFOX] 📡 Standard Second API Payload: cake_id=8526D1BB, domain_name=https://www.taxreliefadvocates.com
[tra-cpm][MOBILE][FIREFOX] [STDERR] ❌ Second API Attempt 3 failed: Request failed with status code 404
[tra-cpm][MOBILE][FIREFOX] ⏳ Retrying in 3 seconds to allow database synchronization...
[tra-cpm][MOBILE][FIREFOX] 📡 Standard Second API Payload: cake_id=8526D1BB, domain_name=https://www.taxreliefadvocates.com
[tra-cpm][MOBILE][FIREFOX] [STDERR] ❌ Second API Attempt 4 failed: Request failed with status code 404
[tra-cpm][MOBILE][FIREFOX] ⏳ Retrying in 3 seconds to allow database synchronization...
[tra-cpm][MOBILE][FIREFOX] 📡 Standard Second API Payload: cake_id=8526D1BB, domain_name=https://www.taxreliefadvocates.com
[tra-cpm][MOBILE][FIREFOX] [STDERR] ❌ Second API Attempt 5 failed: Request failed with status code 404
[tra-cpm][MOBILE][FIREFOX] ✅ Row appended successfully to sheet: TRA-CPM
[tra-cpm][MOBILE][FIREFOX] ✨ Professional formatting applied to TRA-CPM
[tra-cpm][MOBILE][FIREFOX] ✅ Lead processed successfully for TRA-CPM Mobile
[tra-cpm][MOBILE][FIREFOX] 🎥 Video saved successfully: traces/videos/TRA-CPM_TRA-CPM_Mobile.webm
[tra-cpm][MOBILE][FIREFOX] 
✅ Execution successfully processed! { success: true, leadId: '8526D1BB', brand: 'TRA-CPM Mobile' }
[tra-cpm][MOBILE][FIREFOX] [STDERR] ❌ Automation Run encountered a fatal exception: tracing.stop: Target page, context or browser has been closed
✅ [13/5/2026, 5:14:41 pm] COMPLETED: tra-cpm [MOBILE][FIREFOX]

================================================================
⚡ Running Campaign Viewports on Browser Engine: WEBKIT - [TRA-CPM]
================================================================

================================================================
🚀 [13/5/2026, 5:14:45 pm] RUNNING: TRA-CPM (DESKTOP) on WEBKIT
🔗 Target URL: https://flmtra.com/?a=659&oc=763&c=2225&s1=
================================================================
[tra-cpm][DESKTOP][WEBKIT] 🔌 [Browser Interceptor] Intercepting and optimizing engine: WEBKIT
[tra-cpm][DESKTOP][WEBKIT] ◇ injected env (0) from .env // tip: ⌘ suppress logs { quiet: true }
[tra-cpm][DESKTOP][WEBKIT] ◇ injected env (0) from .env // tip: ◈ encrypted .env [www.dotenvx.com]
[tra-cpm][DESKTOP][WEBKIT] ◇ injected env (0) from .env // tip: ⌘ custom filepath { path: '/custom/path/.env' }
[tra-cpm][DESKTOP][WEBKIT] ◇ injected env (0) from .env // tip: ⌁ auth for agents [www.vestauth.com]
[tra-cpm][DESKTOP][WEBKIT] 
🤖 ================================================================
[tra-cpm][DESKTOP][WEBKIT] 🤖 MASTER RUNNER: LAUNCHING TRA-CPM
🤖 Mode:            DESKTOP
🤖 Tracking URL:     https://flmtra.com/?a=659&oc=763&c=2225&s1=
[tra-cpm][DESKTOP][WEBKIT] 🤖 Target Sheet:    TRA-CPM
🤖 ================================================================
[tra-cpm][DESKTOP][WEBKIT] 💻 Emulated Device Profile: DESKTOP
[tra-cpm][DESKTOP][WEBKIT] 🔄 Processing lead for brand: TRA-CPM
[tra-cpm][DESKTOP][WEBKIT] 📊 Campaign execution run index: 3
🎯 Enforcing dynamic credentials & parameters:
[tra-cpm][DESKTOP][WEBKIT]    - First Name:   ckmtestpixel
   - Last Name:    ckmtestpixel
   - Email:        ckmtestpixel@gmail.com
   - Phone Number: 401-247-1003
   - Slider Value: 30,000
   - State Value:  Idaho
[tra-cpm][DESKTOP][WEBKIT] 🔗 Navigating to: https://flmtra.com/?a=659&oc=763&c=2225&s1=
[tra-cpm][DESKTOP][WEBKIT] ✅ Page loaded successfully
[tra-cpm][DESKTOP][WEBKIT] 📝 Starting multi-step form filling process...
[tra-cpm][DESKTOP][WEBKIT] 🔘 Step 1: Handling Debt Amount (30,000)
[tra-cpm][DESKTOP][WEBKIT] 🔘 Attempting to click .next-btn1, .btn-next
[tra-cpm][DESKTOP][WEBKIT] ✅ Clicked .next-btn1, .btn-next
[tra-cpm][DESKTOP][WEBKIT] ✅ Reached a recognized terminal step (State or Contact). Stopping dynamic traversal.
[tra-cpm][DESKTOP][WEBKIT] 🔘 Step: Selecting State
[tra-cpm][DESKTOP][WEBKIT] ✅ Selected state dynamically: "Arkansas"
📝 step3 column set to State: "Arkansas"
[tra-cpm][DESKTOP][WEBKIT] 🔘 Clicking generic NEXT button
[tra-cpm][DESKTOP][WEBKIT] ✅ Clicked generic NEXT button
[tra-cpm][DESKTOP][WEBKIT] 🔘 Filling Contact Info (Dynamic Loop)...
[tra-cpm][DESKTOP][WEBKIT] ✅ Filled First Name: ckmtestpixel
[tra-cpm][DESKTOP][WEBKIT] ✅ Filled Last Name: ckmtestpixel
[tra-cpm][DESKTOP][WEBKIT] ✅ Filled Email: ckmtestpixel@gmail.com
[tra-cpm][DESKTOP][WEBKIT] ✅ Filled Phone: 401-247-1003
[tra-cpm][DESKTOP][WEBKIT] 🔘 Clicking active contact NEXT/SUBMIT button...
[tra-cpm][DESKTOP][WEBKIT] [STDERR] ❌ Error during form filling: locator.click: Timeout 25000ms exceeded.
Call log:
[2m  - waiting for locator('#primary_phone:visible, #phone:visible, #phone_home:visible, input[name="phone"]:visible, input[name="phone_home"]:visible, input[name="primary_phone"]:visible, input[type="tel"]:visible').first()[22m
[2m    - locator resolved to <input type="tel" id="primary_phone" placeholder="Phone" name="primary_phone" aria-invalid="false" class="form-control valid"/>[22m
[2m  - attempting click action[22m
[2m    2 × waiting for element to be visible, enabled and stable[22m
[2m      - element is visible, enabled and stable[22m
[2m      - scrolling into view if needed[22m
[2m      - done scrolling[22m
[2m      - <div class="loader">Loading…</div> intercepts pointer events[22m
[2m    - retrying click action[22m
[2m    - waiting 20ms[22m
[2m    2 × waiting for element to be visible, enabled and stable[22m
[2m      - element is visible, enabled and stable[22m
[2m      - scrolling into view if needed[22m
[2m      - done scrolling[22m
[2m      - <div class="loader">Loading…</div> intercepts pointer events[22m
[2m    - retrying click action[22m
[2m      - waiting 100ms[22m
[2m    2 × waiting for element to be visible, enabled and stable[22m
[2m      - element is visible, enabled and stable[22m
[2m      - scrolling into view if needed[22m
[2m      - done scrolling[22m
[2m      - <div class="loader">Loading…</div> intercepts pointer events[22m
[2m    - retrying click action[22m
[2m      - waiting 500ms[22m
[2m    - waiting for" https://tra.com/thank-you?debt=10000&leadid=FA0802C4&reqid=26775006&affid=659&oid=136" navigation to finish...[22m
[2m    - navigated to "https://tra.com/thank-you?debt=10000&leadid=FA0802C4&reqid=26775006&affid=659&oid=136"[22m
[2m    - waiting for element to be visible, enabled and stable[22m
[2m  - element was detached from the DOM, retrying[22m

[tra-cpm][DESKTOP][WEBKIT] [STDERR] ❌ Failed processing TRA-CPM: locator.click: Timeout 25000ms exceeded.
Call log:
[2m  - waiting for locator('#primary_phone:visible, #phone:visible, #phone_home:visible, input[name="phone"]:visible, input[name="phone_home"]:visible, input[name="primary_phone"]:visible, input[type="tel"]:visible').first()[22m
[2m    - locator resolved to <input type="tel" id="primary_phone" placeholder="Phone" name="primary_phone" aria-invalid="false" class="form-control valid"/>[22m
[2m  - attempting click action[22m
[2m    2 × waiting for element to be visible, enabled and stable[22m
[2m      - element is visible, enabled and stable[22m
[2m      - scrolling into view if needed[22m
[2m      - done scrolling[22m
[2m      - <div class="loader">Loading…</div> intercepts pointer events[22m
[2m    - retrying click action[22m
[2m    - waiting 20ms[22m
[2m    2 × waiting for element to be visible, enabled and stable[22m
[2m      - element is visible, enabled and stable[22m
[2m      - scrolling into view if needed[22m
[2m      - done scrolling[22m
[2m      - <div class="loader">Loading…</div> intercepts pointer events[22m
[2m    - retrying click action[22m
[2m      - waiting 100ms[22m
[2m    2 × waiting for element to be visible, enabled and stable[22m
[2m      - element is visible, enabled and stable[22m
[2m      - scrolling into view if needed[22m
[2m      - done scrolling[22m
[2m      - <div class="loader">Loading…</div> intercepts pointer events[22m
[2m    - retrying click action[22m
[2m      - waiting 500ms[22m
[2m    - waiting for" https://tra.com/thank-you?debt=10000&leadid=FA0802C4&reqid=26775006&affid=659&oid=136" navigation to finish...[22m
[2m    - navigated to "https://tra.com/thank-you?debt=10000&leadid=FA0802C4&reqid=26775006&affid=659&oid=136"[22m
[2m    - waiting for element to be visible, enabled and stable[22m
[2m  - element was detached from the DOM, retrying[22m

[tra-cpm][DESKTOP][WEBKIT] 
✅ Execution successfully processed! {
  success: false,
  error: 'locator.click: Timeout 25000ms exceeded.\n' +
    'Call log:\n' +
    `\x1B[2m  - waiting for locator('#primary_phone:visible, #phone:visible, #phone_home:visible, input[name="phone"]:visible, input[name="phone_home"]:visible, input[name="primary_phone"]:visible, input[type="tel"]:visible').first()\x1B[22m\n` +
    '\x1B[2m    - locator resolved to <input type="tel" id="primary_phone" placeholder="Phone" name="primary_phone" aria-invalid="false" class="form-control valid"/>\x1B[22m\n' +
    '\x1B[2m  - attempting click action\x1B[22m\n' +
    '\x1B[2m    2 × waiting for element to be visible, enabled and stable\x1B[22m\n' +
    '\x1B[2m      - element is visible, enabled and stable\x1B[22m\n' +
    '\x1B[2m      - scrolling into view if needed\x1B[22m\n' +
    '\x1B[2m      - done scrolling\x1B[22m\n' +
    '\x1B[2m      - <div class="loader">Loading…</div> intercepts pointer events\x1B[22m\n' +
    '\x1B[2m    - retrying click action\x1B[22m\n' +
    '\x1B[2m    - waiting 20ms\x1B[22m\n' +
    '\x1B[2m    2 × waiting for element to be visible, enabled and stable\x1B[22m\n' +
    '\x1B[2m      - element is visible, enabled and stable\x1B[22m\n' +
    '\x1B[2m      - scrolling into view if needed\x1B[22m\n' +
    '\x1B[2m      - done scrolling\x1B[22m\n' +
    '\x1B[2m      - <div class="loader">Loading…</div> intercepts pointer events\x1B[22m\n' +
    '\x1B[2m    - retrying click action\x1B[22m\n' +
    '\x1B[2m      - waiting 100ms\x1B[22m\n' +
    '\x1B[2m    2 × waiting for element to be visible, enabled and stable\x1B[22m\n' +
    '\x1B[2m      - element is visible, enabled and stable\x1B[22m\n' +
    '\x1B[2m      - scrolling into view if needed\x1B[22m\n' +
    '\x1B[2m      - done scrolling\x1B[22m\n' +
    '\x1B[2m      - <div class="loader">Loading…</div> intercepts pointer events\x1B[22m\n' +
    '\x1B[2m    - retrying click action\x1B[22m\n' +
    '\x1B[2m      - waiting 500ms\x1B[22m\n' +
    '\x1B[2m    - waiting for" https://tra.com/thank-you?debt=10000&leadid=FA0802C4&reqid=26775006&affid=659&oid=136" navigation to finish...\x1B[22m\n' +
    '\x1B[2m    - navigated to "https://tra.com/thank-you?debt=10000&leadid=FA0802C4&reqid=26775006&affid=659&oid=136"\x1B[22m\n' +
    '\x1B[2m    - waiting for element to be visible, enabled and stable\x1B[22m\n' +
    '\x1B[2m  - element was detached from the DOM, retrying\x1B[22m\n',
  brand: 'TRA-CPM'
}
[tra-cpm][DESKTOP][WEBKIT] 📋 Trace report successfully saved: traces/tra-cpm_desktop.zip
✅ [13/5/2026, 5:15:39 pm] COMPLETED: tra-cpm [DESKTOP][WEBKIT]

================================================================
🚀 [13/5/2026, 5:15:41 pm] RUNNING: TRA-CPM (TABLET) on WEBKIT
🔗 Target URL: https://flmtra.com/?a=659&oc=763&c=2225&s1=
================================================================
[tra-cpm][TABLET][WEBKIT] 🔌 [Browser Interceptor] Intercepting and optimizing engine: WEBKIT
[tra-cpm][TABLET][WEBKIT] ◇ injected env (0) from .env // tip: ⌘ custom filepath { path: '/custom/path/.env' }
[tra-cpm][TABLET][WEBKIT] ◇ injected env (0) from .env // tip: ◈ encrypted .env [www.dotenvx.com]
[tra-cpm][TABLET][WEBKIT] ◇ injected env (0) from .env // tip: ◈ encrypted .env [www.dotenvx.com]
[tra-cpm][TABLET][WEBKIT] ◇ injected env (0) from .env // tip: ◈ secrets for agents [www.dotenvx.com]
[tra-cpm][TABLET][WEBKIT] 
🤖 ================================================================
🤖 MASTER RUNNER: LAUNCHING TRA-CPM
🤖 Mode:            TABLET
[tra-cpm][TABLET][WEBKIT] 🤖 Tracking URL:     https://flmtra.com/?a=659&oc=763&c=2225&s1=
[tra-cpm][TABLET][WEBKIT] 🤖 Target Sheet:    TRA-CPM
[tra-cpm][TABLET][WEBKIT] 🤖 ================================================================
[tra-cpm][TABLET][WEBKIT] 📋 Emulated Device Profile: TABLET (iPad Pro 11)
[tra-cpm][TABLET][WEBKIT] ⏳ Delaying 2 seconds to allow responsive layouts to mount...
[tra-cpm][TABLET][WEBKIT] 🔄 Processing lead for brand: TRA-CPM Tablet
[tra-cpm][TABLET][WEBKIT] 📊 Campaign execution run index: 4
🎯 Enforcing dynamic credentials & parameters:
[tra-cpm][TABLET][WEBKIT]    - First Name:   ckmtestpixel
   - Last Name:    ckmtestpixel
   - Email:        ckmtestpixel@gmail.com
   - Phone Number: 401-247-1004
   - Slider Value: 50,000
   - State Value:  Texas
[tra-cpm][TABLET][WEBKIT] 🔗 [Mobile] Navigating to: https://flmtra.com/?a=659&oc=763&c=2225&s1=
[tra-cpm][TABLET][WEBKIT] ✅ [Mobile] Page loaded successfully
[tra-cpm][TABLET][WEBKIT] 💻 [Tablet] Injecting high-fidelity glossy iPad Pro mockup frame...
[tra-cpm][TABLET][WEBKIT] 💻 [Tablet] Injecting high-fidelity glossy iPad Pro mockup frame...
[tra-cpm][TABLET][WEBKIT] 📝 [Mobile] Starting mobile-specific form filling...
[tra-cpm][TABLET][WEBKIT] 🔘 [Mobile] Step 1: Selecting Debt Amount (50,000)
[tra-cpm][TABLET][WEBKIT] ✅ [Mobile] Selected debt amount: span:has-text("$50k")
[tra-cpm][TABLET][WEBKIT] 🔘 [Mobile] Clicking active visible button: .next-btn1:visible, .btn-next:visible
[tra-cpm][TABLET][WEBKIT] ✅ [Mobile] Clicked: .next-btn1:visible, .btn-next:visible
[tra-cpm][TABLET][WEBKIT] 💻 [Tablet] Injecting high-fidelity glossy iPad Pro mockup frame...
[tra-cpm][TABLET][WEBKIT] ✅ [Mobile] Reached a recognized terminal step (State or Contact). Stopping dynamic traversal.
[tra-cpm][TABLET][WEBKIT] 🔘 [Mobile] Step 2: Selecting State
[tra-cpm][TABLET][WEBKIT] ✅ [Mobile] Selected state dynamically: "California"
📝 [Mobile] step3 column set to State: "California"
[tra-cpm][TABLET][WEBKIT] 🔘 [Mobile] Clicking active visible button: .next-btn:visible, .next-btn2:visible, .btn-next:visible
[tra-cpm][TABLET][WEBKIT] ✅ [Mobile] Clicked: .next-btn:visible, .next-btn2:visible, .btn-next:visible
[tra-cpm][TABLET][WEBKIT] 💻 [Tablet] Injecting high-fidelity glossy iPad Pro mockup frame...
[tra-cpm][TABLET][WEBKIT] 🔘 [Mobile] Step 3: Filling Contact Info (Dynamic Loop)...
[tra-cpm][TABLET][WEBKIT] 💻 [Tablet] Injecting high-fidelity glossy iPad Pro mockup frame...
[tra-cpm][TABLET][WEBKIT] ✅ [Mobile] Filled First Name: ckmtestpixel
[tra-cpm][TABLET][WEBKIT] ✅ [Mobile] Filled Last Name: ckmtestpixel
[tra-cpm][TABLET][WEBKIT] ✅ [Mobile] Filled Email: ckmtestpixel@gmail.com
[tra-cpm][TABLET][WEBKIT] ✅ [Mobile] Filled Phone: 401-247-1004
[tra-cpm][TABLET][WEBKIT] 🔘 [Mobile] Clicking active contact NEXT/SUBMIT button...
[tra-cpm][TABLET][WEBKIT] 💻 [Tablet] Injecting high-fidelity glossy iPad Pro mockup frame...
[tra-cpm][TABLET][WEBKIT] ✅ [Mobile] Filled Phone: 401-247-1004
[tra-cpm][TABLET][WEBKIT] 🔘 [Mobile] Clicking active contact NEXT/SUBMIT button...
[tra-cpm][TABLET][WEBKIT] 💻 [Tablet] Injecting high-fidelity glossy iPad Pro mockup frame...
[tra-cpm][TABLET][WEBKIT] ✅ [Mobile] Filled Phone: 401-247-1004
[tra-cpm][TABLET][WEBKIT] 🔘 [Mobile] Clicking active contact NEXT/SUBMIT button...
[tra-cpm][TABLET][WEBKIT] 💻 [Tablet] Injecting high-fidelity glossy iPad Pro mockup frame...
[tra-cpm][TABLET][WEBKIT] ✅ [Mobile] Filled Last Name: ckmtestpixel
[tra-cpm][TABLET][WEBKIT] 🔘 [Mobile] No active contact NEXT/SUBMIT button visible. Exiting loop.
🔘 [Mobile] Scanning for additional dynamic steps...
[tra-cpm][TABLET][WEBKIT] 🔘 [Mobile] Submitting form
[tra-cpm][TABLET][WEBKIT] ⏳ [Mobile] Waiting for submission navigation to complete
[tra-cpm][TABLET][WEBKIT] ⏳ [Mobile] Waiting for final Thank You page redirection...
[tra-cpm][TABLET][WEBKIT] ✅ [Mobile] Targeted final redirect URL achieved!
[tra-cpm][TABLET][WEBKIT] ✅ [Mobile] Final Thank You URL: https://tra.com/thank-you?debt=10000&leadid=C8395C18&reqid=26775007&affid=659&oid=136
[tra-cpm][TABLET][WEBKIT] ✅ [Mobile] Extracted Lead ID: C8395C18
📱 Device Type detected: T-WEBKIT
[tra-cpm][TABLET][WEBKIT] ✅ Lead captured: C8395C18
[tra-cpm][TABLET][WEBKIT] 📡 Fetching First API data for Lead ID: C8395C18...
[tra-cpm][TABLET][WEBKIT] 📡 Raw XML Response: {
  "lead_info_response": {
    "$": {
      "xmlns:xsd": "http://www.w3.org/2001/XMLSchema",
      "xmlns:xsi": "http://www.w3.org/2001/XMLSchema-instance",
      "xmlns": "http://cakemarketing.com/api/1/"
    },
    "success": "true",
    "row_count": "1",
    "lead_id": "C8395C18",
    "personal_info": {
      "first_name": "CKMTESTPIXEL",
      "last_name": "CKMTESTPIXEL",
      "email_address": "ckmtestpixel@gmail.com",
      "address": {
        "street": "",
        "city": "",
        "state": "CA",
        "zip_code": "95587",
        "country": ""
      },
      "ip_address": "27.54.170.27",
      "phone_work": "",
      "phone_home": "401-247-1004",
      "phone_cell": "",
      "best_call_time": "",
      "opt_in": "false"
    },
    "traffic_info": {
      "lead_date": "2026-05-13T04:46:08.33",
      "payout": {
        "currency_id": "1",
        "amount": "0.0000",
        "formatted_amount": "$0.00"
      },
      "affiliate": {
        "affiliate_id": {
          "_": "659",
          "$": {
            "xmlns": "API:id_name_store"
          }
        },
        "affiliate_name": {
          "_": "QA affiliate",
          "$": {
            "xmlns": "API:id_name_store"
          }
        }
      },
      "campaign": {
        "campaign_id": {
          "_": "4079",
          "$": {
            "xmlns": "API:id_name_store"
          }
        },
        "campaign_name": {
          "_": "TRA.com CPM  - CPM - CPA - $1.00",
          "$": {
            "xmlns": "API:id_name_store"
          }
        }
      },
      "creative_id": "2225",
      "subid_1": "",
      "subid_2": "",
      "subid_3": "",
      "subid_4": "",
      "subid_5": "",
      "referrer": "",
      "pixel_fired": "true",
      "returned_to_affiliate": "false",
      "test": "true",
      "upsell": "false"
    },
    "all_vertical_data": {
      "data": {
        "$": {
          "xmlns": ""
        },
        "tax_debt": "10000",
        "universal_leadid": "46C92AD3-AFBA-454B-7367-DA5C1989DEB5",
        "affid": "659",
        "TCPA_checkbox": "1",
        "reqid": "26775007",
        "page": "https://tra.com/cpm2",
        "neustar": "fail",
        "neustar_disposition": "N,U,I3,L,0",
        "first_name_lower": "ckmtestpixel",
        "last_name_lower": "ckmtestpixel",
        "opt_special_offers": "on",
        "ckm_campaign_id": "4438"
      }
    },
    "dispositions": "",
    "pings": "",
    "posts": "",
    "sales": ""
  }
}
✅ First API Data retrieved on attempt 1
[tra-cpm][TABLET][WEBKIT] 📡 Fetching Second API data for Lead ID: C8395C18...
[tra-cpm][TABLET][WEBKIT] 📡 Standard Second API Payload: cake_id=C8395C18, domain_name=https://www.taxreliefadvocates.com
[tra-cpm][TABLET][WEBKIT] [STDERR] (node:16912) Warning: Setting the NODE_TLS_REJECT_UNAUTHORIZED environment variable to '0' makes TLS connections and HTTPS requests insecure by disabling certificate verification.
(Use `node --trace-warnings ...` to show where the warning was created)
[tra-cpm][TABLET][WEBKIT] [STDERR] ❌ Second API Attempt 1 failed: Request failed with status code 404
[tra-cpm][TABLET][WEBKIT] ⏳ Retrying in 3 seconds to allow database synchronization...
[tra-cpm][TABLET][WEBKIT] 📡 Standard Second API Payload: cake_id=C8395C18, domain_name=https://www.taxreliefadvocates.com
[tra-cpm][TABLET][WEBKIT] [STDERR] ❌ Second API Attempt 2 failed: Request failed with status code 404
[tra-cpm][TABLET][WEBKIT] ⏳ Retrying in 3 seconds to allow database synchronization...
[tra-cpm][TABLET][WEBKIT] 📡 Standard Second API Payload: cake_id=C8395C18, domain_name=https://www.taxreliefadvocates.com
[tra-cpm][TABLET][WEBKIT] [STDERR] ❌ Second API Attempt 3 failed: Request failed with status code 404
[tra-cpm][TABLET][WEBKIT] ⏳ Retrying in 3 seconds to allow database synchronization...
[tra-cpm][TABLET][WEBKIT] 📡 Standard Second API Payload: cake_id=C8395C18, domain_name=https://www.taxreliefadvocates.com
[tra-cpm][TABLET][WEBKIT] [STDERR] ❌ Second API Attempt 4 failed: Request failed with status code 404
[tra-cpm][TABLET][WEBKIT] ⏳ Retrying in 3 seconds to allow database synchronization...
[tra-cpm][TABLET][WEBKIT] 📡 Standard Second API Payload: cake_id=C8395C18, domain_name=https://www.taxreliefadvocates.com
[tra-cpm][TABLET][WEBKIT] [STDERR] ❌ Second API Attempt 5 failed: Request failed with status code 404
[tra-cpm][TABLET][WEBKIT] ✅ Row appended successfully to sheet: TRA-CPM
[tra-cpm][TABLET][WEBKIT] ✨ Professional formatting applied to TRA-CPM
✅ Lead processed successfully for TRA-CPM Tablet
[tra-cpm][TABLET][WEBKIT] 🎥 Video saved successfully: traces/videos/TRA-CPM_TRA-CPM_Tablet.webm
[tra-cpm][TABLET][WEBKIT] 
✅ Execution successfully processed! { success: true, leadId: 'C8395C18', brand: 'TRA-CPM Tablet' }
[tra-cpm][TABLET][WEBKIT] [STDERR] ❌ Automation Run encountered a fatal exception: tracing.stop: Target page, context or browser has been closed
✅ [13/5/2026, 5:16:54 pm] COMPLETED: tra-cpm [TABLET][WEBKIT]

================================================================
🚀 [13/5/2026, 5:16:56 pm] RUNNING: TRA-CPM (MOBILE) on WEBKIT
🔗 Target URL: https://flmtra.com/?a=659&oc=763&c=2225&s1=
================================================================
[tra-cpm][MOBILE][WEBKIT] 🔌 [Browser Interceptor] Intercepting and optimizing engine: WEBKIT
[tra-cpm][MOBILE][WEBKIT] ◇ injected env (0) from .env // tip: ⌘ suppress logs { quiet: true }
[tra-cpm][MOBILE][WEBKIT] ◇ injected env (0) from .env // tip: ◈ secrets for agents [www.dotenvx.com]
[tra-cpm][MOBILE][WEBKIT] ◇ injected env (0) from .env // tip: ⌁ auth for agents [www.vestauth.com]
[tra-cpm][MOBILE][WEBKIT] ◇ injected env (0) from .env // tip: ⌁ auth for agents [www.vestauth.com]
[tra-cpm][MOBILE][WEBKIT] 
🤖 ================================================================
[tra-cpm][MOBILE][WEBKIT] 🤖 MASTER RUNNER: LAUNCHING TRA-CPM
🤖 Mode:            MOBILE
🤖 Tracking URL:     https://flmtra.com/?a=659&oc=763&c=2225&s1=
[tra-cpm][MOBILE][WEBKIT] 🤖 Target Sheet:    TRA-CPM
🤖 ================================================================
[tra-cpm][MOBILE][WEBKIT] 📱 Emulated Device Profile: MOBILE (iPhone 17 Pro)
[tra-cpm][MOBILE][WEBKIT] ⏳ Delaying 2 seconds to allow responsive layouts to mount...
[tra-cpm][MOBILE][WEBKIT] 🔄 Processing lead for brand: TRA-CPM Mobile
[tra-cpm][MOBILE][WEBKIT] 📊 Campaign execution run index: 5
[tra-cpm][MOBILE][WEBKIT] 🎯 Enforcing dynamic credentials & parameters:
   - First Name:   ckmtestpixel
   - Last Name:    ckmtestpixel
   - Email:        ckmtestpixel@gmail.com
   - Phone Number: 401-247-1005
   - Slider Value: 10,000
[tra-cpm][MOBILE][WEBKIT]    - State Value:  South Carolina
[tra-cpm][MOBILE][WEBKIT] 🔗 [Mobile] Navigating to: https://flmtra.com/?a=659&oc=763&c=2225&s1=
[tra-cpm][MOBILE][WEBKIT] ✅ [Mobile] Page loaded successfully
[tra-cpm][MOBILE][WEBKIT] 📱 [Mobile] Injecting high-fidelity glossy Natural Titanium iPhone 17 Pro mockup frame...
[tra-cpm][MOBILE][WEBKIT] 📱 [Mobile] Injecting high-fidelity glossy Natural Titanium iPhone 17 Pro mockup frame...
[tra-cpm][MOBILE][WEBKIT] 📝 [Mobile] Starting mobile-specific form filling...
[tra-cpm][MOBILE][WEBKIT] 🔘 [Mobile] Step 1: Selecting Debt Amount (10,000)
[tra-cpm][MOBILE][WEBKIT] ✅ [Mobile] Selected debt amount: span:has-text("$10,000")
[tra-cpm][MOBILE][WEBKIT] 🔘 [Mobile] Clicking active visible button: .next-btn1:visible, .btn-next:visible
[tra-cpm][MOBILE][WEBKIT] ✅ [Mobile] Clicked: .next-btn1:visible, .btn-next:visible
[tra-cpm][MOBILE][WEBKIT] 📱 [Mobile] Injecting high-fidelity glossy Natural Titanium iPhone 17 Pro mockup frame...
[tra-cpm][MOBILE][WEBKIT] ✅ [Mobile] Reached a recognized terminal step (State or Contact). Stopping dynamic traversal.
[tra-cpm][MOBILE][WEBKIT] 🔘 [Mobile] Step 2: Selecting State
[tra-cpm][MOBILE][WEBKIT] ✅ [Mobile] Selected state dynamically: "Colorado"
📝 [Mobile] step3 column set to State: "Colorado"
[tra-cpm][MOBILE][WEBKIT] 🔘 [Mobile] Clicking active visible button: .next-btn:visible, .next-btn2:visible, .btn-next:visible
[tra-cpm][MOBILE][WEBKIT] ✅ [Mobile] Clicked: .next-btn:visible, .next-btn2:visible, .btn-next:visible
[tra-cpm][MOBILE][WEBKIT] 📱 [Mobile] Injecting high-fidelity glossy Natural Titanium iPhone 17 Pro mockup frame...
[tra-cpm][MOBILE][WEBKIT] 🔘 [Mobile] Step 3: Filling Contact Info (Dynamic Loop)...
[tra-cpm][MOBILE][WEBKIT] 📱 [Mobile] Injecting high-fidelity glossy Natural Titanium iPhone 17 Pro mockup frame...
[tra-cpm][MOBILE][WEBKIT] ✅ [Mobile] Filled First Name: ckmtestpixel
[tra-cpm][MOBILE][WEBKIT] ✅ [Mobile] Filled Last Name: ckmtestpixel
[tra-cpm][MOBILE][WEBKIT] ✅ [Mobile] Filled Email: ckmtestpixel@gmail.com
[tra-cpm][MOBILE][WEBKIT] ✅ [Mobile] Filled Phone: 401-247-1005
[tra-cpm][MOBILE][WEBKIT] 🔘 [Mobile] Clicking active contact NEXT/SUBMIT button...
[tra-cpm][MOBILE][WEBKIT] 📱 [Mobile] Injecting high-fidelity glossy Natural Titanium iPhone 17 Pro mockup frame...
[tra-cpm][MOBILE][WEBKIT] ✅ [Mobile] Filled Phone: 401-247-1005
[tra-cpm][MOBILE][WEBKIT] 🔘 [Mobile] Clicking active contact NEXT/SUBMIT button...
[tra-cpm][MOBILE][WEBKIT] 📱 [Mobile] Injecting high-fidelity glossy Natural Titanium iPhone 17 Pro mockup frame...
[tra-cpm][MOBILE][WEBKIT] 🔘 [Mobile] No active contact NEXT/SUBMIT button visible. Exiting loop.
🔘 [Mobile] Scanning for additional dynamic steps...
[tra-cpm][MOBILE][WEBKIT] 🔘 [Mobile] Submitting form
[tra-cpm][MOBILE][WEBKIT] ⏳ [Mobile] Waiting for submission navigation to complete
[tra-cpm][MOBILE][WEBKIT] ⏳ [Mobile] Waiting for final Thank You page redirection...
[tra-cpm][MOBILE][WEBKIT] ✅ [Mobile] Targeted final redirect URL achieved!
[tra-cpm][MOBILE][WEBKIT] ✅ [Mobile] Final Thank You URL: https://tra.com/thank-you?debt=10000&leadid=79E704A8&reqid=26775008&affid=659&oid=136
[tra-cpm][MOBILE][WEBKIT] ✅ [Mobile] Extracted Lead ID: 79E704A8
📱 Device Type detected: M-WEBKIT
[tra-cpm][MOBILE][WEBKIT] ✅ Lead captured: 79E704A8
[tra-cpm][MOBILE][WEBKIT] 📡 Fetching First API data for Lead ID: 79E704A8...
[tra-cpm][MOBILE][WEBKIT] 📡 Raw XML Response: {
  "lead_info_response": {
    "$": {
      "xmlns:xsd": "http://www.w3.org/2001/XMLSchema",
      "xmlns:xsi": "http://www.w3.org/2001/XMLSchema-instance",
      "xmlns": "http://cakemarketing.com/api/1/"
    },
    "success": "true",
    "row_count": "1",
    "lead_id": "79E704A8",
    "personal_info": {
      "first_name": "CKMTESTPIXEL",
      "last_name": "CKMTESTPIXEL",
      "email_address": "ckmtestpixel@gmail.com",
      "address": {
        "street": "",
        "city": "",
        "state": "CO",
        "zip_code": "81039",
        "country": ""
      },
      "ip_address": "27.54.170.27",
      "phone_work": "",
      "phone_home": "401-247-1005",
      "phone_cell": "",
      "best_call_time": "",
      "opt_in": "false"
    },
    "traffic_info": {
      "lead_date": "2026-05-13T04:47:18.003",
      "payout": {
        "currency_id": "1",
        "amount": "0.0000",
        "formatted_amount": "$0.00"
      },
      "affiliate": {
        "affiliate_id": {
          "_": "659",
          "$": {
            "xmlns": "API:id_name_store"
          }
        },
        "affiliate_name": {
          "_": "QA affiliate",
          "$": {
            "xmlns": "API:id_name_store"
          }
        }
      },
      "campaign": {
        "campaign_id": {
          "_": "4079",
          "$": {
            "xmlns": "API:id_name_store"
          }
        },
        "campaign_name": {
          "_": "TRA.com CPM  - CPM - CPA - $1.00",
          "$": {
            "xmlns": "API:id_name_store"
          }
        }
      },
      "creative_id": "2225",
      "subid_1": "",
      "subid_2": "",
      "subid_3": "",
      "subid_4": "",
      "subid_5": "",
      "referrer": "",
      "pixel_fired": "true",
      "returned_to_affiliate": "false",
      "test": "true",
      "upsell": "false"
    },
    "all_vertical_data": {
      "data": {
        "$": {
          "xmlns": ""
        },
        "tax_debt": "10000",
        "universal_leadid": "E6A50A26-EFED-7B43-1822-37E625FE9513",
        "affid": "659",
        "TCPA_checkbox": "1",
        "reqid": "26775008",
        "page": "https://tra.com/cpm2",
        "neustar": "fail",
        "neustar_disposition": "N,U,I4,L,0",
        "first_name_lower": "ckmtestpixel",
        "last_name_lower": "ckmtestpixel",
        "opt_special_offers": "on",
        "ckm_campaign_id": "4438"
      }
    },
    "dispositions": "",
    "pings": "",
    "posts": "",
    "sales": ""
  }
}
[tra-cpm][MOBILE][WEBKIT] ✅ First API Data retrieved on attempt 1
[tra-cpm][MOBILE][WEBKIT] 📡 Fetching Second API data for Lead ID: 79E704A8...
[tra-cpm][MOBILE][WEBKIT] 📡 Standard Second API Payload: cake_id=79E704A8, domain_name=https://www.taxreliefadvocates.com
[tra-cpm][MOBILE][WEBKIT] [STDERR] (node:8312) Warning: Setting the NODE_TLS_REJECT_UNAUTHORIZED environment variable to '0' makes TLS connections and HTTPS requests insecure by disabling certificate verification.
(Use `node --trace-warnings ...` to show where the warning was created)
[tra-cpm][MOBILE][WEBKIT] [STDERR] ❌ Second API Attempt 1 failed: Request failed with status code 404
[tra-cpm][MOBILE][WEBKIT] ⏳ Retrying in 3 seconds to allow database synchronization...
[tra-cpm][MOBILE][WEBKIT] 📡 Standard Second API Payload: cake_id=79E704A8, domain_name=https://www.taxreliefadvocates.com
[tra-cpm][MOBILE][WEBKIT] [STDERR] ❌ Second API Attempt 2 failed: Request failed with status code 404
[tra-cpm][MOBILE][WEBKIT] ⏳ Retrying in 3 seconds to allow database synchronization...
[tra-cpm][MOBILE][WEBKIT] 📡 Standard Second API Payload: cake_id=79E704A8, domain_name=https://www.taxreliefadvocates.com
[tra-cpm][MOBILE][WEBKIT] [STDERR] ❌ Second API Attempt 3 failed: Request failed with status code 404
[tra-cpm][MOBILE][WEBKIT] ⏳ Retrying in 3 seconds to allow database synchronization...
[tra-cpm][MOBILE][WEBKIT] 📡 Standard Second API Payload: cake_id=79E704A8, domain_name=https://www.taxreliefadvocates.com
[tra-cpm][MOBILE][WEBKIT] [STDERR] ❌ Second API Attempt 4 failed: Request failed with status code 404
[tra-cpm][MOBILE][WEBKIT] ⏳ Retrying in 3 seconds to allow database synchronization...
[tra-cpm][MOBILE][WEBKIT] 📡 Standard Second API Payload: cake_id=79E704A8, domain_name=https://www.taxreliefadvocates.com
[tra-cpm][MOBILE][WEBKIT] [STDERR] ❌ Second API Attempt 5 failed: Request failed with status code 404
[tra-cpm][MOBILE][WEBKIT] ✅ Row appended successfully to sheet: TRA-CPM
[tra-cpm][MOBILE][WEBKIT] ✨ Professional formatting applied to TRA-CPM
✅ Lead processed successfully for TRA-CPM Mobile
[tra-cpm][MOBILE][WEBKIT] 🎥 Video saved successfully: traces/videos/TRA-CPM_TRA-CPM_Mobile.webm
[tra-cpm][MOBILE][WEBKIT] 
✅ Execution successfully processed! { success: true, leadId: '79E704A8', brand: 'TRA-CPM Mobile' }
[tra-cpm][MOBILE][WEBKIT] [STDERR] ❌ Automation Run encountered a fatal exception: tracing.stop: Target page, context or browser has been closed
✅ [13/5/2026, 5:18:53 pm] COMPLETED: tra-cpm [MOBILE][WEBKIT]

================================================================
⚡ Running Campaign Viewports on Browser Engine: CHROMIUM - [FTH-X]
================================================================

================================================================
🚀 [13/5/2026, 5:19:00 pm] RUNNING: FTH-X (DESKTOP) on CHROMIUM
🔗 Target URL: https://fthmlf-trk.com/?a=659&oc=821&c=81&s1=
================================================================
[fth-x][DESKTOP][CHROMIUM] 🔌 [Browser Interceptor] Intercepting and optimizing engine: CHROMIUM
[fth-x][DESKTOP][CHROMIUM] ◇ injected env (0) from .env // tip: ⌘ override existing { override: true }
[fth-x][DESKTOP][CHROMIUM] ◇ injected env (0) from .env // tip: ⌘ suppress logs { quiet: true }
[fth-x][DESKTOP][CHROMIUM] ◇ injected env (0) from .env // tip: ⌘ custom filepath { path: '/custom/path/.env' }
[fth-x][DESKTOP][CHROMIUM] ◇ injected env (0) from .env // tip: ⌘ multiple files { path: ['.env.local', '.env'] }
[fth-x][DESKTOP][CHROMIUM] 
🤖 ================================================================
[fth-x][DESKTOP][CHROMIUM] 🤖 MASTER RUNNER: LAUNCHING FTH-X
🤖 Mode:            DESKTOP
🤖 Tracking URL:     https://fthmlf-trk.com/?a=659&oc=821&c=81&s1=
[fth-x][DESKTOP][CHROMIUM] 🤖 Target Sheet:    FTH-X
[fth-x][DESKTOP][CHROMIUM] 🤖 ================================================================
[fth-x][DESKTOP][CHROMIUM] 💻 Emulated Device Profile: DESKTOP
[fth-x][DESKTOP][CHROMIUM] 🔄 Processing lead for brand: FTH-X
[fth-x][DESKTOP][CHROMIUM] 📊 Campaign execution run index: 0
[fth-x][DESKTOP][CHROMIUM] 🎯 Enforcing dynamic credentials & parameters:
   - First Name:   ckmtestpixel
   - Last Name:    ckmtestpixel
   - Email:        ckmtestpixel@gmail.com
   - Phone Number: 401-247-1000
   - Slider Value: 10,000
   - State Value:  Montana
[fth-x][DESKTOP][CHROMIUM] 🔗 Navigating to: https://fthmlf-trk.com/?a=659&oc=821&c=81&s1=
[fth-x][DESKTOP][CHROMIUM] [STDERR] ❌ Failed processing FTH-X: page.goto: net::ERR_CERT_AUTHORITY_INVALID at https://fthmlf-trk.com/?a=659&oc=821&c=81&s1=
Call log:
[2m  - navigating to "https://fthmlf-trk.com/?a=659&oc=821&c=81&s1=", waiting until "networkidle"[22m

[fth-x][DESKTOP][CHROMIUM] 
✅ Execution successfully processed! {
  success: false,
  error: 'page.goto: net::ERR_CERT_AUTHORITY_INVALID at https://fthmlf-trk.com/?a=659&oc=821&c=81&s1=\n' +
    'Call log:\n' +
    '\x1B[2m  - navigating to "https://fthmlf-trk.com/?a=659&oc=821&c=81&s1=", waiting until "networkidle"\x1B[22m\n',
  brand: 'FTH-X'
}
[fth-x][DESKTOP][CHROMIUM] 📋 Trace report successfully saved: traces/fth-x_desktop.zip
✅ [13/5/2026, 5:19:10 pm] COMPLETED: fth-x [DESKTOP][CHROMIUM]

================================================================
🚀 [13/5/2026, 5:19:12 pm] RUNNING: FTH-X (TABLET) on CHROMIUM
🔗 Target URL: https://fthmlf-trk.com/?a=659&oc=821&c=81&s1=
================================================================
[fth-x][TABLET][CHROMIUM] 🔌 [Browser Interceptor] Intercepting and optimizing engine: CHROMIUM
[fth-x][TABLET][CHROMIUM] ◇ injected env (0) from .env // tip: ⌘ enable debugging { debug: true }
[fth-x][TABLET][CHROMIUM] ◇ injected env (0) from .env // tip: ⌘ enable debugging { debug: true }
[fth-x][TABLET][CHROMIUM] ◇ injected env (0) from .env // tip: ⌘ override existing { override: true }
[fth-x][TABLET][CHROMIUM] ◇ injected env (0) from .env // tip: ⌘ suppress logs { quiet: true }
[fth-x][TABLET][CHROMIUM] 
🤖 ================================================================
🤖 MASTER RUNNER: LAUNCHING FTH-X
🤖 Mode:            TABLET
[fth-x][TABLET][CHROMIUM] 🤖 Tracking URL:     https://fthmlf-trk.com/?a=659&oc=821&c=81&s1=
🤖 Target Sheet:    FTH-X
[fth-x][TABLET][CHROMIUM] 🤖 ================================================================
[fth-x][TABLET][CHROMIUM] 📋 Emulated Device Profile: TABLET (iPad Pro 11)
[fth-x][TABLET][CHROMIUM] ⏳ Delaying 2 seconds to allow responsive layouts to mount...
[fth-x][TABLET][CHROMIUM] 🔄 Processing lead for brand: FTH-X Tablet
[fth-x][TABLET][CHROMIUM] 📊 Campaign execution run index: 1
[fth-x][TABLET][CHROMIUM] 🎯 Enforcing dynamic credentials & parameters:
[fth-x][TABLET][CHROMIUM]    - First Name:   ckmtestpixel
   - Last Name:    ckmtestpixel
   - Email:        ckmtestpixel@gmail.com
   - Phone Number: 401-247-1001
   - Slider Value: 15,000
   - State Value:  California
[fth-x][TABLET][CHROMIUM] 🔗 [Mobile] Navigating to: https://fthmlf-trk.com/?a=659&oc=821&c=81&s1=
[fth-x][TABLET][CHROMIUM] [STDERR] ❌ Failed processing FTH-X Tablet: page.goto: net::ERR_CERT_AUTHORITY_INVALID at https://fthmlf-trk.com/?a=659&oc=821&c=81&s1=
Call log:
[2m  - navigating to "https://fthmlf-trk.com/?a=659&oc=821&c=81&s1=", waiting until "networkidle"[22m

[fth-x][TABLET][CHROMIUM] 
✅ Execution successfully processed! {
  success: false,
  error: 'page.goto: net::ERR_CERT_AUTHORITY_INVALID at https://fthmlf-trk.com/?a=659&oc=821&c=81&s1=\n' +
    'Call log:\n' +
    '\x1B[2m  - navigating to "https://fthmlf-trk.com/?a=659&oc=821&c=81&s1=", waiting until "networkidle"\x1B[22m\n',
  brand: 'FTH-X Tablet'
}
[fth-x][TABLET][CHROMIUM] 📋 Trace report successfully saved: traces/fth-x_tablet.zip
✅ [13/5/2026, 5:19:22 pm] COMPLETED: fth-x [TABLET][CHROMIUM]

================================================================
🚀 [13/5/2026, 5:19:24 pm] RUNNING: FTH-X (MOBILE) on CHROMIUM
🔗 Target URL: https://fthmlf-trk.com/?a=659&oc=821&c=81&s1=
================================================================
[fth-x][MOBILE][CHROMIUM] 🔌 [Browser Interceptor] Intercepting and optimizing engine: CHROMIUM
[fth-x][MOBILE][CHROMIUM] ◇ injected env (0) from .env // tip: ◈ encrypted .env [www.dotenvx.com]
[fth-x][MOBILE][CHROMIUM] ◇ injected env (0) from .env // tip: ⌘ enable debugging { debug: true }
[fth-x][MOBILE][CHROMIUM] ◇ injected env (0) from .env // tip: ⌘ override existing { override: true }
[fth-x][MOBILE][CHROMIUM] ◇ injected env (0) from .env // tip: ◈ secrets for agents [www.dotenvx.com]
[fth-x][MOBILE][CHROMIUM] 
🤖 ================================================================
[fth-x][MOBILE][CHROMIUM] 🤖 MASTER RUNNER: LAUNCHING FTH-X
🤖 Mode:            MOBILE
🤖 Tracking URL:     https://fthmlf-trk.com/?a=659&oc=821&c=81&s1=
[fth-x][MOBILE][CHROMIUM] 🤖 Target Sheet:    FTH-X
[fth-x][MOBILE][CHROMIUM] 🤖 ================================================================
[fth-x][MOBILE][CHROMIUM] 📱 Emulated Device Profile: MOBILE (iPhone 17 Pro)
[fth-x][MOBILE][CHROMIUM] ⏳ Delaying 2 seconds to allow responsive layouts to mount...
[fth-x][MOBILE][CHROMIUM] 🔄 Processing lead for brand: FTH-X Mobile
[fth-x][MOBILE][CHROMIUM] 📊 Campaign execution run index: 2
[fth-x][MOBILE][CHROMIUM] 🎯 Enforcing dynamic credentials & parameters:
   - First Name:   ckmtestpixel
   - Last Name:    ckmtestpixel
   - Email:        ckmtestpixel@gmail.com
   - Phone Number: 401-247-1002
   - Slider Value: 20,000
   - State Value:  Rhode Island
[fth-x][MOBILE][CHROMIUM] 🔗 [Mobile] Navigating to: https://fthmlf-trk.com/?a=659&oc=821&c=81&s1=
[fth-x][MOBILE][CHROMIUM] [STDERR] ❌ Failed processing FTH-X Mobile: page.goto: net::ERR_CERT_AUTHORITY_INVALID at https://fthmlf-trk.com/?a=659&oc=821&c=81&s1=
Call log:
[2m  - navigating to "https://fthmlf-trk.com/?a=659&oc=821&c=81&s1=", waiting until "networkidle"[22m

[fth-x][MOBILE][CHROMIUM] 
✅ Execution successfully processed! {
  success: false,
  error: 'page.goto: net::ERR_CERT_AUTHORITY_INVALID at https://fthmlf-trk.com/?a=659&oc=821&c=81&s1=\n' +
    'Call log:\n' +
    '\x1B[2m  - navigating to "https://fthmlf-trk.com/?a=659&oc=821&c=81&s1=", waiting until "networkidle"\x1B[22m\n',
  brand: 'FTH-X Mobile'
}
[fth-x][MOBILE][CHROMIUM] 📋 Trace report successfully saved: traces/fth-x_mobile.zip
✅ [13/5/2026, 5:19:34 pm] COMPLETED: fth-x [MOBILE][CHROMIUM]

================================================================
⚡ Running Campaign Viewports on Browser Engine: FIREFOX - [FTH-X]
================================================================

================================================================
🚀 [13/5/2026, 5:19:38 pm] RUNNING: FTH-X (DESKTOP) on FIREFOX
🔗 Target URL: https://fthmlf-trk.com/?a=659&oc=821&c=81&s1=
================================================================
[fth-x][DESKTOP][FIREFOX] 🔌 [Browser Interceptor] Intercepting and optimizing engine: FIREFOX
[fth-x][DESKTOP][FIREFOX] ◇ injected env (0) from .env // tip: ⌘ override existing { override: true }
[fth-x][DESKTOP][FIREFOX] ◇ injected env (0) from .env // tip: ◈ encrypted .env [www.dotenvx.com]
[fth-x][DESKTOP][FIREFOX] ◇ injected env (0) from .env // tip: ⌘ multiple files { path: ['.env.local', '.env'] }
[fth-x][DESKTOP][FIREFOX] ◇ injected env (0) from .env // tip: ◈ encrypted .env [www.dotenvx.com]
[fth-x][DESKTOP][FIREFOX] 
🤖 ================================================================
[fth-x][DESKTOP][FIREFOX] 🤖 MASTER RUNNER: LAUNCHING FTH-X
🤖 Mode:            DESKTOP
🤖 Tracking URL:     https://fthmlf-trk.com/?a=659&oc=821&c=81&s1=
[fth-x][DESKTOP][FIREFOX] 🤖 Target Sheet:    FTH-X
[fth-x][DESKTOP][FIREFOX] 🤖 ================================================================
[fth-x][DESKTOP][FIREFOX] 💻 Emulated Device Profile: DESKTOP
🔌 [Browser Interceptor] Sanitizing mobile context options for Firefox emulation...
[fth-x][DESKTOP][FIREFOX] 🔄 Processing lead for brand: FTH-X
[fth-x][DESKTOP][FIREFOX] 📊 Campaign execution run index: 3
[fth-x][DESKTOP][FIREFOX] 🎯 Enforcing dynamic credentials & parameters:
   - First Name:   ckmtestpixel
   - Last Name:    ckmtestpixel
   - Email:        ckmtestpixel@gmail.com
   - Phone Number: 401-247-1003
   - Slider Value: 30,000
   - State Value:  Idaho
[fth-x][DESKTOP][FIREFOX] 🔗 Navigating to: https://fthmlf-trk.com/?a=659&oc=821&c=81&s1=
[fth-x][DESKTOP][FIREFOX] [STDERR] ❌ Failed processing FTH-X: page.goto: SSL_ERROR_UNKNOWN
Call log:
[2m  - navigating to "https://fthmlf-trk.com/?a=659&oc=821&c=81&s1=", waiting until "networkidle"[22m

[fth-x][DESKTOP][FIREFOX] 
✅ Execution successfully processed! {
  success: false,
  error: 'page.goto: SSL_ERROR_UNKNOWN\n' +
    'Call log:\n' +
    '\x1B[2m  - navigating to "https://fthmlf-trk.com/?a=659&oc=821&c=81&s1=", waiting until "networkidle"\x1B[22m\n',
  brand: 'FTH-X'
}
[fth-x][DESKTOP][FIREFOX] 📋 Trace report successfully saved: traces/fth-x_desktop.zip
✅ [13/5/2026, 5:19:47 pm] COMPLETED: fth-x [DESKTOP][FIREFOX]

================================================================
🚀 [13/5/2026, 5:19:49 pm] RUNNING: FTH-X (TABLET) on FIREFOX
🔗 Target URL: https://fthmlf-trk.com/?a=659&oc=821&c=81&s1=
================================================================
[fth-x][TABLET][FIREFOX] 🔌 [Browser Interceptor] Intercepting and optimizing engine: FIREFOX
[fth-x][TABLET][FIREFOX] ◇ injected env (0) from .env // tip: ⌁ auth for agents [www.vestauth.com]
[fth-x][TABLET][FIREFOX] ◇ injected env (0) from .env // tip: ◈ encrypted .env [www.dotenvx.com]
[fth-x][TABLET][FIREFOX] ◇ injected env (0) from .env // tip: ⌁ auth for agents [www.vestauth.com]
[fth-x][TABLET][FIREFOX] ◇ injected env (0) from .env // tip: ⌘ suppress logs { quiet: true }
[fth-x][TABLET][FIREFOX] 
🤖 ================================================================
[fth-x][TABLET][FIREFOX] 🤖 MASTER RUNNER: LAUNCHING FTH-X
🤖 Mode:            TABLET
🤖 Tracking URL:     https://fthmlf-trk.com/?a=659&oc=821&c=81&s1=
[fth-x][TABLET][FIREFOX] 🤖 Target Sheet:    FTH-X
[fth-x][TABLET][FIREFOX] 🤖 ================================================================
[fth-x][TABLET][FIREFOX] 📋 Emulated Device Profile: TABLET (iPad Pro 11)
🔌 [Browser Interceptor] Sanitizing mobile context options for Firefox emulation...
[fth-x][TABLET][FIREFOX] ⏳ Delaying 2 seconds to allow responsive layouts to mount...
[fth-x][TABLET][FIREFOX] 🔄 Processing lead for brand: FTH-X Tablet
[fth-x][TABLET][FIREFOX] 📊 Campaign execution run index: 4
[fth-x][TABLET][FIREFOX] 🎯 Enforcing dynamic credentials & parameters:
   - First Name:   ckmtestpixel
   - Last Name:    ckmtestpixel
   - Email:        ckmtestpixel@gmail.com
   - Phone Number: 401-247-1004
[fth-x][TABLET][FIREFOX]    - Slider Value: 50,000
[fth-x][TABLET][FIREFOX]    - State Value:  Texas
[fth-x][TABLET][FIREFOX] 🔗 [Mobile] Navigating to: https://fthmlf-trk.com/?a=659&oc=821&c=81&s1=
[fth-x][TABLET][FIREFOX] [STDERR] ❌ Failed processing FTH-X Tablet: page.goto: SSL_ERROR_UNKNOWN
Call log:
[2m  - navigating to "https://fthmlf-trk.com/?a=659&oc=821&c=81&s1=", waiting until "networkidle"[22m

[fth-x][TABLET][FIREFOX] 
✅ Execution successfully processed! {
  success: false,
  error: 'page.goto: SSL_ERROR_UNKNOWN\n' +
    'Call log:\n' +
    '\x1B[2m  - navigating to "https://fthmlf-trk.com/?a=659&oc=821&c=81&s1=", waiting until "networkidle"\x1B[22m\n',
  brand: 'FTH-X Tablet'
}
[fth-x][TABLET][FIREFOX] 📋 Trace report successfully saved: traces/fth-x_tablet.zip
✅ [13/5/2026, 5:20:01 pm] COMPLETED: fth-x [TABLET][FIREFOX]

================================================================
🚀 [13/5/2026, 5:20:03 pm] RUNNING: FTH-X (MOBILE) on FIREFOX
🔗 Target URL: https://fthmlf-trk.com/?a=659&oc=821&c=81&s1=
================================================================
[fth-x][MOBILE][FIREFOX] 🔌 [Browser Interceptor] Intercepting and optimizing engine: FIREFOX
[fth-x][MOBILE][FIREFOX] ◇ injected env (0) from .env // tip: ⌘ multiple files { path: ['.env.local', '.env'] }
[fth-x][MOBILE][FIREFOX] ◇ injected env (0) from .env // tip: ⌘ override existing { override: true }
[fth-x][MOBILE][FIREFOX] ◇ injected env (0) from .env // tip: ⌁ auth for agents [www.vestauth.com]
[fth-x][MOBILE][FIREFOX] ◇ injected env (0) from .env // tip: ◈ secrets for agents [www.dotenvx.com]
[fth-x][MOBILE][FIREFOX] 
🤖 ================================================================
[fth-x][MOBILE][FIREFOX] 🤖 MASTER RUNNER: LAUNCHING FTH-X
🤖 Mode:            MOBILE
🤖 Tracking URL:     https://fthmlf-trk.com/?a=659&oc=821&c=81&s1=
[fth-x][MOBILE][FIREFOX] 🤖 Target Sheet:    FTH-X
[fth-x][MOBILE][FIREFOX] 🤖 ================================================================
[fth-x][MOBILE][FIREFOX] 📱 Emulated Device Profile: MOBILE (iPhone 17 Pro)
🔌 [Browser Interceptor] Sanitizing mobile context options for Firefox emulation...
[fth-x][MOBILE][FIREFOX] ⏳ Delaying 2 seconds to allow responsive layouts to mount...
[fth-x][MOBILE][FIREFOX] 🔄 Processing lead for brand: FTH-X Mobile
[fth-x][MOBILE][FIREFOX] 📊 Campaign execution run index: 5
[fth-x][MOBILE][FIREFOX] 🎯 Enforcing dynamic credentials & parameters:
   - First Name:   ckmtestpixel
   - Last Name:    ckmtestpixel
   - Email:        ckmtestpixel@gmail.com
   - Phone Number: 401-247-1005
[fth-x][MOBILE][FIREFOX]    - Slider Value: 10,000
   - State Value:  South Carolina
[fth-x][MOBILE][FIREFOX] 🔗 [Mobile] Navigating to: https://fthmlf-trk.com/?a=659&oc=821&c=81&s1=
[fth-x][MOBILE][FIREFOX] [STDERR] ❌ Failed processing FTH-X Mobile: page.goto: SSL_ERROR_UNKNOWN
Call log:
[2m  - navigating to "https://fthmlf-trk.com/?a=659&oc=821&c=81&s1=", waiting until "networkidle"[22m

[fth-x][MOBILE][FIREFOX] 
✅ Execution successfully processed! {
  success: false,
  error: 'page.goto: SSL_ERROR_UNKNOWN\n' +
    'Call log:\n' +
    '\x1B[2m  - navigating to "https://fthmlf-trk.com/?a=659&oc=821&c=81&s1=", waiting until "networkidle"\x1B[22m\n',
  brand: 'FTH-X Mobile'
}
[fth-x][MOBILE][FIREFOX] 📋 Trace report successfully saved: traces/fth-x_mobile.zip
✅ [13/5/2026, 5:20:15 pm] COMPLETED: fth-x [MOBILE][FIREFOX]

================================================================
⚡ Running Campaign Viewports on Browser Engine: WEBKIT - [FTH-X]
================================================================

================================================================
🚀 [13/5/2026, 5:20:19 pm] RUNNING: FTH-X (DESKTOP) on WEBKIT
🔗 Target URL: https://fthmlf-trk.com/?a=659&oc=821&c=81&s1=
================================================================
[fth-x][DESKTOP][WEBKIT] 🔌 [Browser Interceptor] Intercepting and optimizing engine: WEBKIT
[fth-x][DESKTOP][WEBKIT] ◇ injected env (0) from .env // tip: ⌁ auth for agents [www.vestauth.com]
[fth-x][DESKTOP][WEBKIT] ◇ injected env (0) from .env // tip: ⌘ custom filepath { path: '/custom/path/.env' }
[fth-x][DESKTOP][WEBKIT] ◇ injected env (0) from .env // tip: ◈ secrets for agents [www.dotenvx.com]
[fth-x][DESKTOP][WEBKIT] ◇ injected env (0) from .env // tip: ◈ encrypted .env [www.dotenvx.com]
[fth-x][DESKTOP][WEBKIT] 
🤖 ================================================================
🤖 MASTER RUNNER: LAUNCHING FTH-X
🤖 Mode:            DESKTOP
🤖 Tracking URL:     https://fthmlf-trk.com/?a=659&oc=821&c=81&s1=
[fth-x][DESKTOP][WEBKIT] 🤖 Target Sheet:    FTH-X
🤖 ================================================================
[fth-x][DESKTOP][WEBKIT] 💻 Emulated Device Profile: DESKTOP
[fth-x][DESKTOP][WEBKIT] 🔄 Processing lead for brand: FTH-X
[fth-x][DESKTOP][WEBKIT] 📊 Campaign execution run index: 6
[fth-x][DESKTOP][WEBKIT] 🎯 Enforcing dynamic credentials & parameters:
   - First Name:   ckmtestpixel
   - Last Name:    ckmtestpixel
   - Email:        ckmtestpixel@gmail.com
   - Phone Number: 401-247-1006
   - Slider Value: 15,000
   - State Value:  Maine
[fth-x][DESKTOP][WEBKIT] 🔗 Navigating to: https://fthmlf-trk.com/?a=659&oc=821&c=81&s1=
[fth-x][DESKTOP][WEBKIT] [STDERR] ❌ Failed processing FTH-X: page.goto: SSL peer certificate or SSH remote key was not OK
Call log:
[2m  - navigating to "https://fthmlf-trk.com/?a=659&oc=821&c=81&s1=", waiting until "networkidle"[22m

[fth-x][DESKTOP][WEBKIT] 
✅ Execution successfully processed! {
  success: false,
  error: 'page.goto: SSL peer certificate or SSH remote key was not OK\n' +
    'Call log:\n' +
    '\x1B[2m  - navigating to "https://fthmlf-trk.com/?a=659&oc=821&c=81&s1=", waiting until "networkidle"\x1B[22m\n',
  brand: 'FTH-X'
}
[fth-x][DESKTOP][WEBKIT] 📋 Trace report successfully saved: traces/fth-x_desktop.zip
✅ [13/5/2026, 5:20:25 pm] COMPLETED: fth-x [DESKTOP][WEBKIT]

================================================================
🚀 [13/5/2026, 5:20:27 pm] RUNNING: FTH-X (TABLET) on WEBKIT
🔗 Target URL: https://fthmlf-trk.com/?a=659&oc=821&c=81&s1=
================================================================
[fth-x][TABLET][WEBKIT] 🔌 [Browser Interceptor] Intercepting and optimizing engine: WEBKIT
[fth-x][TABLET][WEBKIT] ◇ injected env (0) from .env // tip: ⌁ auth for agents [www.vestauth.com]
[fth-x][TABLET][WEBKIT] ◇ injected env (0) from .env // tip: ⌘ suppress logs { quiet: true }
[fth-x][TABLET][WEBKIT] ◇ injected env (0) from .env // tip: ⌘ override existing { override: true }
[fth-x][TABLET][WEBKIT] ◇ injected env (0) from .env // tip: ⌁ auth for agents [www.vestauth.com]
[fth-x][TABLET][WEBKIT] 
🤖 ================================================================
[fth-x][TABLET][WEBKIT] 🤖 MASTER RUNNER: LAUNCHING FTH-X
🤖 Mode:            TABLET
🤖 Tracking URL:     https://fthmlf-trk.com/?a=659&oc=821&c=81&s1=
[fth-x][TABLET][WEBKIT] 🤖 Target Sheet:    FTH-X
🤖 ================================================================
[fth-x][TABLET][WEBKIT] 📋 Emulated Device Profile: TABLET (iPad Pro 11)
[fth-x][TABLET][WEBKIT] ⏳ Delaying 2 seconds to allow responsive layouts to mount...
[fth-x][TABLET][WEBKIT] 🔄 Processing lead for brand: FTH-X Tablet
[fth-x][TABLET][WEBKIT] 📊 Campaign execution run index: 7
🎯 Enforcing dynamic credentials & parameters:
   - First Name:   ckmtestpixel
   - Last Name:    ckmtestpixel
   - Email:        ckmtestpixel@gmail.com
   - Phone Number: 401-247-1007
[fth-x][TABLET][WEBKIT]    - Slider Value: 20,000
   - State Value:  Nebraska
[fth-x][TABLET][WEBKIT] 🔗 [Mobile] Navigating to: https://fthmlf-trk.com/?a=659&oc=821&c=81&s1=
[fth-x][TABLET][WEBKIT] [STDERR] ❌ Failed processing FTH-X Tablet: page.goto: SSL peer certificate or SSH remote key was not OK
Call log:
[2m  - navigating to "https://fthmlf-trk.com/?a=659&oc=821&c=81&s1=", waiting until "networkidle"[22m

[fth-x][TABLET][WEBKIT] 
✅ Execution successfully processed! {
  success: false,
  error: 'page.goto: SSL peer certificate or SSH remote key was not OK\n' +
    'Call log:\n' +
    '\x1B[2m  - navigating to "https://fthmlf-trk.com/?a=659&oc=821&c=81&s1=", waiting until "networkidle"\x1B[22m\n',
  brand: 'FTH-X Tablet'
}
[fth-x][TABLET][WEBKIT] 📋 Trace report successfully saved: traces/fth-x_tablet.zip
✅ [13/5/2026, 5:20:36 pm] COMPLETED: fth-x [TABLET][WEBKIT]

================================================================
🚀 [13/5/2026, 5:20:38 pm] RUNNING: FTH-X (MOBILE) on WEBKIT
🔗 Target URL: https://fthmlf-trk.com/?a=659&oc=821&c=81&s1=
================================================================
[fth-x][MOBILE][WEBKIT] 🔌 [Browser Interceptor] Intercepting and optimizing engine: WEBKIT
[fth-x][MOBILE][WEBKIT] ◇ injected env (0) from .env // tip: ⌁ auth for agents [www.vestauth.com]
[fth-x][MOBILE][WEBKIT] ◇ injected env (0) from .env // tip: ⌘ enable debugging { debug: true }
[fth-x][MOBILE][WEBKIT] ◇ injected env (0) from .env // tip: ⌘ override existing { override: true }
[fth-x][MOBILE][WEBKIT] ◇ injected env (0) from .env // tip: ⌘ suppress logs { quiet: true }
[fth-x][MOBILE][WEBKIT] 
🤖 ================================================================
[fth-x][MOBILE][WEBKIT] 🤖 MASTER RUNNER: LAUNCHING FTH-X
🤖 Mode:            MOBILE
🤖 Tracking URL:     https://fthmlf-trk.com/?a=659&oc=821&c=81&s1=
[fth-x][MOBILE][WEBKIT] 🤖 Target Sheet:    FTH-X
[fth-x][MOBILE][WEBKIT] 🤖 ================================================================
[fth-x][MOBILE][WEBKIT] 📱 Emulated Device Profile: MOBILE (iPhone 17 Pro)
[fth-x][MOBILE][WEBKIT] ⏳ Delaying 2 seconds to allow responsive layouts to mount...
[fth-x][MOBILE][WEBKIT] 🔄 Processing lead for brand: FTH-X Mobile
[fth-x][MOBILE][WEBKIT] 📊 Campaign execution run index: 8
🎯 Enforcing dynamic credentials & parameters:
[fth-x][MOBILE][WEBKIT]    - First Name:   ckmtestpixel
   - Last Name:    ckmtestpixel
   - Email:        ckmtestpixel@gmail.com
   - Phone Number: 401-247-1008
   - Slider Value: 30,000
   - State Value:  Florida
[fth-x][MOBILE][WEBKIT] 🔗 [Mobile] Navigating to: https://fthmlf-trk.com/?a=659&oc=821&c=81&s1=
[fth-x][MOBILE][WEBKIT] [STDERR] ❌ Failed processing FTH-X Mobile: page.goto: SSL peer certificate or SSH remote key was not OK
Call log:
[2m  - navigating to "https://fthmlf-trk.com/?a=659&oc=821&c=81&s1=", waiting until "networkidle"[22m

[fth-x][MOBILE][WEBKIT] 
✅ Execution successfully processed! {
  success: false,
  error: 'page.goto: SSL peer certificate or SSH remote key was not OK\n' +
    'Call log:\n' +
    '\x1B[2m  - navigating to "https://fthmlf-trk.com/?a=659&oc=821&c=81&s1=", waiting until "networkidle"\x1B[22m\n',
  brand: 'FTH-X Mobile'
}
[fth-x][MOBILE][WEBKIT] 📋 Trace report successfully saved: traces/fth-x_mobile.zip
✅ [13/5/2026, 5:20:47 pm] COMPLETED: fth-x [MOBILE][WEBKIT]

================================================================
⚡ Running Campaign Viewports on Browser Engine: CHROMIUM - [EVEREST-TR-X]
================================================================

================================================================
🚀 [13/5/2026, 5:20:54 pm] RUNNING: Everest Tax Releif(X) (DESKTOP) on CHROMIUM
🔗 Target URL: https://mlf-trk.com/?a=659&oc=812&c=2498&s1=
================================================================
[everest-tr-x][DESKTOP][CHROMIUM] 🔌 [Browser Interceptor] Intercepting and optimizing engine: CHROMIUM
[everest-tr-x][DESKTOP][CHROMIUM] ◇ injected env (0) from .env // tip: ◈ encrypted .env [www.dotenvx.com]
[everest-tr-x][DESKTOP][CHROMIUM] ◇ injected env (0) from .env // tip: ⌘ override existing { override: true }
[everest-tr-x][DESKTOP][CHROMIUM] ◇ injected env (0) from .env // tip: ◈ secrets for agents [www.dotenvx.com]
[everest-tr-x][DESKTOP][CHROMIUM] ◇ injected env (0) from .env // tip: ⌘ enable debugging { debug: true }
[everest-tr-x][DESKTOP][CHROMIUM] 
🤖 ================================================================
🤖 MASTER RUNNER: LAUNCHING EVEREST TAX RELEIF(X)
[everest-tr-x][DESKTOP][CHROMIUM] 🤖 Mode:            DESKTOP
🤖 Tracking URL:     https://mlf-trk.com/?a=659&oc=812&c=2498&s1=
🤖 Target Sheet:    Everest Tax Releif(X)
🤖 ================================================================
[everest-tr-x][DESKTOP][CHROMIUM] 💻 Emulated Device Profile: DESKTOP
[everest-tr-x][DESKTOP][CHROMIUM] 🔄 Processing lead for brand: Everest Tax Releif(X)
[everest-tr-x][DESKTOP][CHROMIUM] 📊 Campaign execution run index: 6
🎯 Enforcing dynamic credentials & parameters:
[everest-tr-x][DESKTOP][CHROMIUM]    - First Name:   ckmtestpixel
   - Last Name:    ckmtestpixel
   - Email:        ckmtestpixel@gmail.com
   - Phone Number: 401-247-1006
   - Slider Value: 30,000
   - State Value:  Maine
[everest-tr-x][DESKTOP][CHROMIUM] 🔗 Navigating to: https://mlf-trk.com/?a=659&oc=812&c=2498&s1=
[everest-tr-x][DESKTOP][CHROMIUM] ✅ Page loaded successfully
[everest-tr-x][DESKTOP][CHROMIUM] 📝 Starting multi-step form filling process...
[everest-tr-x][DESKTOP][CHROMIUM] 🔘 Step 1: Handling Debt Amount (30,000)
[everest-tr-x][DESKTOP][CHROMIUM] 🔘 Found jQuery UI Slider #slider. Setting value via jQuery and DOM evaluation...
[everest-tr-x][DESKTOP][CHROMIUM] ✅ Set jQuery UI Slider #slider to 30,000
[everest-tr-x][DESKTOP][CHROMIUM] 🔘 Attempting to click .next-btn1, .btn-next
[everest-tr-x][DESKTOP][CHROMIUM] ✅ Clicked .next-btn1, .btn-next
[everest-tr-x][DESKTOP][CHROMIUM] 🔘 Dynamic Choice found: clicking "Federal & State" (Option 3 of 4)
📝 step1 column set to: "Federal & State"
[everest-tr-x][DESKTOP][CHROMIUM] 🔘 Dynamic Choice found: clicking "More than $6,000" (Option 1 of 3)
📝 step2 column set to: "More than $6,000"
[everest-tr-x][DESKTOP][CHROMIUM] ✅ Reached a recognized terminal step (State or Contact). Stopping dynamic traversal.
[everest-tr-x][DESKTOP][CHROMIUM] 🔘 Step: Selecting State
[everest-tr-x][DESKTOP][CHROMIUM] ✅ Selected state dynamically: "Connecticut"
📝 step3 column set to State: "Connecticut"
[everest-tr-x][DESKTOP][CHROMIUM] 🔘 Clicking generic NEXT button
[everest-tr-x][DESKTOP][CHROMIUM] ✅ Clicked generic NEXT button
[everest-tr-x][DESKTOP][CHROMIUM] 🔘 Advancing past post-state step...
[everest-tr-x][DESKTOP][CHROMIUM] 🔘 Filling Contact Info (Dynamic Loop)...
[everest-tr-x][DESKTOP][CHROMIUM] ✅ Filled First Name: ckmtestpixel
[everest-tr-x][DESKTOP][CHROMIUM] ✅ Filled Last Name: ckmtestpixel
[everest-tr-x][DESKTOP][CHROMIUM] ✅ Filled Email: ckmtestpixel@gmail.com
[everest-tr-x][DESKTOP][CHROMIUM] ✅ Filled Phone: 401-247-1006
[everest-tr-x][DESKTOP][CHROMIUM] 🔘 Clicking active contact NEXT/SUBMIT button...
[everest-tr-x][DESKTOP][CHROMIUM] 🔘 No active contact NEXT/SUBMIT button visible. Exiting loop.
[everest-tr-x][DESKTOP][CHROMIUM] 🔘 Checking for additional submit/next buttons...
[everest-tr-x][DESKTOP][CHROMIUM] 🔘 Submitting form
[everest-tr-x][DESKTOP][CHROMIUM] [STDERR] ⚠️  Submit navigation timeout or error, waiting 5s for final URL
[everest-tr-x][DESKTOP][CHROMIUM] ⏳ Waiting for final redirect to Thank You page...
[everest-tr-x][DESKTOP][CHROMIUM] ✅ Targeted final redirect URL achieved!
[everest-tr-x][DESKTOP][CHROMIUM] ✅ Final Thank You URL: https://www.everesttaxrelief.net/thankyou_ts.php?debt=30000&leadid=AC8C3C70&affid=659&reqid=26775025&sub
[everest-tr-x][DESKTOP][CHROMIUM] ✅ Extracted Lead ID: AC8C3C70
📱 Device Type detected: D-CHROMIUM
[everest-tr-x][DESKTOP][CHROMIUM] ✅ Lead captured: AC8C3C70
[everest-tr-x][DESKTOP][CHROMIUM] 📡 Fetching First API data for Lead ID: AC8C3C70...
[everest-tr-x][DESKTOP][CHROMIUM] 📡 Raw XML Response: {
  "lead_info_response": {
    "$": {
      "xmlns:xsd": "http://www.w3.org/2001/XMLSchema",
      "xmlns:xsi": "http://www.w3.org/2001/XMLSchema-instance",
      "xmlns": "http://cakemarketing.com/api/1/"
    },
    "success": "true",
    "row_count": "1",
    "lead_id": "AC8C3C70",
    "personal_info": {
      "first_name": "CKMTESTPIXEL",
      "last_name": "CKMTESTPIXEL",
      "email_address": "ckmtestpixel@gmail.com",
      "address": {
        "street": "",
        "city": "",
        "state": "CT",
        "zip_code": "",
        "country": ""
      },
      "ip_address": "27.54.170.27",
      "phone_work": "",
      "phone_home": "401-247-1006",
      "phone_cell": "",
      "best_call_time": "",
      "opt_in": "false"
    },
    "traffic_info": {
      "lead_date": "2026-05-13T04:51:22.887",
      "payout": {
        "currency_id": "1",
        "amount": "0.0000",
        "formatted_amount": "$0.00"
      },
      "affiliate": {
        "affiliate_id": {
          "_": "659",
          "$": {
            "xmlns": "API:id_name_store"
          }
        },
        "affiliate_name": {
          "_": "QA affiliate",
          "$": {
            "xmlns": "API:id_name_store"
          }
        }
      },
      "campaign": {
        "campaign_id": {
          "_": "4290",
          "$": {
            "xmlns": "API:id_name_store"
          }
        },
        "campaign_name": {
          "_": "Everest Tax Relief (X) - Main - CPA - $1.00",
          "$": {
            "xmlns": "API:id_name_store"
          }
        }
      },
      "creative_id": "2498",
      "subid_1": "",
      "subid_2": "",
      "subid_3": "",
      "subid_4": "",
      "subid_5": "",
      "referrer": "",
      "pixel_fired": "true",
      "returned_to_affiliate": "false",
      "test": "true",
      "upsell": "false"
    },
    "all_vertical_data": {
      "data": {
        "$": {
          "xmlns": ""
        },
        "tax_debt": "30000",
        "universal_leadid": "4E5C67EC-B360-F4A0-CDCD-D401BE9C4A65",
        "affid": "659",
        "TCPA_checkbox": "checked",
        "reqid": "26775025",
        "cr_price": "0.00",
        "page": "everesttaxrelief.net/v5/",
        "neustar": "pass",
        "neustar_disposition": "N,C,A3,L,0",
        "first_name_lower": "ckmtestpixel",
        "last_name_lower": "ckmtestpixel",
        "income": "6500",
        "first_name_capital": "Ckmtestpixel",
        "last_name_capital": "Ckmtestpixel",
        "debt_type": "Federal & State",
        "nodl_flag": "pass",
        "ckm_campaign_id": "4578"
      }
    },
    "dispositions": "",
    "pings": "",
    "posts": "",
    "sales": ""
  }
}
✅ First API Data retrieved on attempt 1
[everest-tr-x][DESKTOP][CHROMIUM] 📡 Fetching Second API data for Lead ID: AC8C3C70...
[everest-tr-x][DESKTOP][CHROMIUM] 📡 Everest Custom Second API Payload: cake_id=AC8C3C70, domain_name=https://everesttaxrelief.net
[everest-tr-x][DESKTOP][CHROMIUM] [STDERR] (node:14740) Warning: Setting the NODE_TLS_REJECT_UNAUTHORIZED environment variable to '0' makes TLS connections and HTTPS requests insecure by disabling certificate verification.
(Use `node --trace-warnings ...` to show where the warning was created)
[everest-tr-x][DESKTOP][CHROMIUM] ✅ Second API Data retrieved on attempt 1: dbid (id)=15622
[everest-tr-x][DESKTOP][CHROMIUM] ✅ Row appended successfully to sheet: Everest Tax Releif(X)
[everest-tr-x][DESKTOP][CHROMIUM] ✨ Professional formatting applied to Everest Tax Releif(X)
✅ Lead processed successfully for Everest Tax Releif(X)
[everest-tr-x][DESKTOP][CHROMIUM] 🎥 Video saved successfully: traces/videos/Everest Tax Releif(X)_Everest_Tax_Releif(X).webm
[everest-tr-x][DESKTOP][CHROMIUM] 
✅ Execution successfully processed! { success: true, leadId: 'AC8C3C70', brand: 'Everest Tax Releif(X)' }
[everest-tr-x][DESKTOP][CHROMIUM] [STDERR] ❌ Automation Run encountered a fatal exception: tracing.stop: Target page, context or browser has been closed
✅ [13/5/2026, 5:21:41 pm] COMPLETED: everest-tr-x [DESKTOP][CHROMIUM]

================================================================
🚀 [13/5/2026, 5:21:43 pm] RUNNING: Everest Tax Releif(X) (TABLET) on CHROMIUM
🔗 Target URL: https://mlf-trk.com/?a=659&oc=812&c=2498&s1=
================================================================
[everest-tr-x][TABLET][CHROMIUM] 🔌 [Browser Interceptor] Intercepting and optimizing engine: CHROMIUM
[everest-tr-x][TABLET][CHROMIUM] ◇ injected env (0) from .env // tip: ⌁ auth for agents [www.vestauth.com]
[everest-tr-x][TABLET][CHROMIUM] ◇ injected env (0) from .env // tip: ⌘ custom filepath { path: '/custom/path/.env' }
[everest-tr-x][TABLET][CHROMIUM] ◇ injected env (0) from .env // tip: ⌘ override existing { override: true }
[everest-tr-x][TABLET][CHROMIUM] ◇ injected env (0) from .env // tip: ⌘ override existing { override: true }
[everest-tr-x][TABLET][CHROMIUM] 
🤖 ================================================================
🤖 MASTER RUNNER: LAUNCHING EVEREST TAX RELEIF(X)
🤖 Mode:            TABLET
🤖 Tracking URL:     https://mlf-trk.com/?a=659&oc=812&c=2498&s1=
🤖 Target Sheet:    Everest Tax Releif(X)
🤖 ================================================================
[everest-tr-x][TABLET][CHROMIUM] 📋 Emulated Device Profile: TABLET (iPad Pro 11)
[everest-tr-x][TABLET][CHROMIUM] ⏳ Delaying 2 seconds to allow responsive layouts to mount...
[everest-tr-x][TABLET][CHROMIUM] 🔄 Processing lead for brand: Everest Tax Releif(X) Tablet
[everest-tr-x][TABLET][CHROMIUM] 📊 Campaign execution run index: 7
[everest-tr-x][TABLET][CHROMIUM] 🎯 Enforcing dynamic credentials & parameters:
   - First Name:   ckmtestpixel
[everest-tr-x][TABLET][CHROMIUM]    - Last Name:    ckmtestpixel
[everest-tr-x][TABLET][CHROMIUM]    - Email:        ckmtestpixel@gmail.com
[everest-tr-x][TABLET][CHROMIUM]    - Phone Number: 401-247-1007
   - Slider Value: 50,000
   - State Value:  Nebraska
[everest-tr-x][TABLET][CHROMIUM] 🔗 [Mobile] Navigating to: https://mlf-trk.com/?a=659&oc=812&c=2498&s1=
[everest-tr-x][TABLET][CHROMIUM] ✅ [Mobile] Page loaded successfully
[everest-tr-x][TABLET][CHROMIUM] 💻 [Tablet] Injecting high-fidelity glossy iPad Pro mockup frame...
[everest-tr-x][TABLET][CHROMIUM] 💻 [Tablet] Injecting high-fidelity glossy iPad Pro mockup frame...
[everest-tr-x][TABLET][CHROMIUM] 📝 [Mobile] Starting mobile-specific form filling...
[everest-tr-x][TABLET][CHROMIUM] 🔘 [Mobile] Step 1: Selecting Debt Amount (50,000)
[everest-tr-x][TABLET][CHROMIUM] 🔘 [Mobile] Found jQuery UI Slider #slider. Setting value via jQuery and DOM evaluation...
[everest-tr-x][TABLET][CHROMIUM] ✅ [Mobile] Set jQuery UI Slider #slider to 50,000
[everest-tr-x][TABLET][CHROMIUM] 🔘 [Mobile] Clicking active visible button: .next-btn1:visible, .btn-next:visible
[everest-tr-x][TABLET][CHROMIUM] ✅ [Mobile] Clicked: .next-btn1:visible, .btn-next:visible
[everest-tr-x][TABLET][CHROMIUM] 💻 [Tablet] Injecting high-fidelity glossy iPad Pro mockup frame...
[everest-tr-x][TABLET][CHROMIUM] 🔘 [Mobile] Dynamic Choice found: clicking "Other" (Option 4 of 4)
📝 [Mobile] step1 column set to: "Other"
[everest-tr-x][TABLET][CHROMIUM] 💻 [Tablet] Injecting high-fidelity glossy iPad Pro mockup frame...
[everest-tr-x][TABLET][CHROMIUM] 🔘 [Mobile] Dynamic Choice found: clicking "$4,000 - $6,000" (Option 2 of 3)
📝 [Mobile] step2 column set to: "$4,000 - $6,000"
[everest-tr-x][TABLET][CHROMIUM] 💻 [Tablet] Injecting high-fidelity glossy iPad Pro mockup frame...
[everest-tr-x][TABLET][CHROMIUM] ✅ [Mobile] Reached a recognized terminal step (State or Contact). Stopping dynamic traversal.
[everest-tr-x][TABLET][CHROMIUM] 🔘 [Mobile] Step 2: Selecting State
[everest-tr-x][TABLET][CHROMIUM] ✅ [Mobile] Selected state dynamically: "Delaware"
📝 [Mobile] step3 column set to State: "Delaware"
[everest-tr-x][TABLET][CHROMIUM] 🔘 [Mobile] Clicking active visible button: .next-btn:visible, .next-btn2:visible, .btn-next:visible
[everest-tr-x][TABLET][CHROMIUM] ✅ [Mobile] Clicked: .next-btn:visible, .next-btn2:visible, .btn-next:visible
[everest-tr-x][TABLET][CHROMIUM] 💻 [Tablet] Injecting high-fidelity glossy iPad Pro mockup frame...
[everest-tr-x][TABLET][CHROMIUM] 🔘 [Mobile] Step 3: Filling Contact Info (Dynamic Loop)...
[everest-tr-x][TABLET][CHROMIUM] 💻 [Tablet] Injecting high-fidelity glossy iPad Pro mockup frame...
[everest-tr-x][TABLET][CHROMIUM] ✅ [Mobile] Filled First Name: ckmtestpixel
[everest-tr-x][TABLET][CHROMIUM] ✅ [Mobile] Filled Last Name: ckmtestpixel
[everest-tr-x][TABLET][CHROMIUM] ✅ [Mobile] Filled Email: ckmtestpixel@gmail.com
[everest-tr-x][TABLET][CHROMIUM] ✅ [Mobile] Filled Phone: 401-247-1007
[everest-tr-x][TABLET][CHROMIUM] 🔘 [Mobile] Clicking active contact NEXT/SUBMIT button...
[everest-tr-x][TABLET][CHROMIUM] 💻 [Tablet] Injecting high-fidelity glossy iPad Pro mockup frame...
[everest-tr-x][TABLET][CHROMIUM] [STDERR] ⚠️ [Tablet] Failed to apply glossy iPad Pro mockup frame overlay: page.evaluate: TypeError: Cannot read properties of null (reading 'appendChild')
    at eval (eval at evaluate (:302:30), <anonymous>:104:23)
    at UtilityScript.evaluate (<anonymous>:304:16)
    at UtilityScript.<anonymous> (<anonymous>:1:44)
[everest-tr-x][TABLET][CHROMIUM] 🔘 [Mobile] No active contact NEXT/SUBMIT button visible. Exiting loop.
🔘 [Mobile] Scanning for additional dynamic steps...
[everest-tr-x][TABLET][CHROMIUM] 🔘 [Mobile] Submitting form
[everest-tr-x][TABLET][CHROMIUM] ⏳ [Mobile] Waiting for submission navigation to complete
[everest-tr-x][TABLET][CHROMIUM] ⏳ [Mobile] Waiting for final Thank You page redirection...
[everest-tr-x][TABLET][CHROMIUM] ✅ [Mobile] Targeted final redirect URL achieved!
[everest-tr-x][TABLET][CHROMIUM] ✅ [Mobile] Final Thank You URL: https://www.everesttaxrelief.net/thankyou_ts.php?debt=50000&leadid=1F204A0D&affid=659&reqid=26775028&sub
[everest-tr-x][TABLET][CHROMIUM] ✅ [Mobile] Extracted Lead ID: 1F204A0D
[everest-tr-x][TABLET][CHROMIUM] 📱 Device Type detected: T-CHROMIUM
✅ Lead captured: 1F204A0D
[everest-tr-x][TABLET][CHROMIUM] 📡 Fetching First API data for Lead ID: 1F204A0D...
[everest-tr-x][TABLET][CHROMIUM] 📡 Raw XML Response: {
  "lead_info_response": {
    "$": {
      "xmlns:xsd": "http://www.w3.org/2001/XMLSchema",
      "xmlns:xsi": "http://www.w3.org/2001/XMLSchema-instance",
      "xmlns": "http://cakemarketing.com/api/1/"
    },
    "success": "true",
    "row_count": "1",
    "lead_id": "1F204A0D",
    "personal_info": {
      "first_name": "CKMTESTPIXEL",
      "last_name": "CKMTESTPIXEL",
      "email_address": "ckmtestpixel@gmail.com",
      "address": {
        "street": "",
        "city": "",
        "state": "DE",
        "zip_code": "",
        "country": ""
      },
      "ip_address": "27.54.170.27",
      "phone_work": "",
      "phone_home": "401-247-1007",
      "phone_cell": "",
      "best_call_time": "",
      "opt_in": "false"
    },
    "traffic_info": {
      "lead_date": "2026-05-13T04:52:05.88",
      "payout": {
        "currency_id": "1",
        "amount": "0.0000",
        "formatted_amount": "$0.00"
      },
      "affiliate": {
        "affiliate_id": {
          "_": "659",
          "$": {
            "xmlns": "API:id_name_store"
          }
        },
        "affiliate_name": {
          "_": "QA affiliate",
          "$": {
            "xmlns": "API:id_name_store"
          }
        }
      },
      "campaign": {
        "campaign_id": {
          "_": "4290",
          "$": {
            "xmlns": "API:id_name_store"
          }
        },
        "campaign_name": {
          "_": "Everest Tax Relief (X) - Main - CPA - $1.00",
          "$": {
            "xmlns": "API:id_name_store"
          }
        }
      },
      "creative_id": "2498",
      "subid_1": "",
      "subid_2": "",
      "subid_3": "",
      "subid_4": "",
      "subid_5": "",
      "referrer": "",
      "pixel_fired": "true",
      "returned_to_affiliate": "false",
      "test": "true",
      "upsell": "false"
    },
    "all_vertical_data": {
      "data": {
        "$": {
          "xmlns": ""
        },
        "tax_debt": "50000",
        "universal_leadid": "C9735BC9-3188-E19E-8CF6-E04B21F30C04",
        "affid": "659",
        "TCPA_checkbox": "checked",
        "reqid": "26775028",
        "cr_price": "0.00",
        "page": "everesttaxrelief.net/v5/",
        "neustar": "fail",
        "neustar_disposition": "N,U,U,L,0",
        "first_name_lower": "ckmtestpixel",
        "last_name_lower": "ckmtestpixel",
        "income": "5000",
        "first_name_capital": "Ckmtestpixel",
        "last_name_capital": "Ckmtestpixel",
        "debt_type": "Other",
        "nodl_flag": "pass",
        "ckm_campaign_id": "4578"
      }
    },
    "dispositions": {
      "disposition": [
        {
          "disposition_type": "Not Paid For",
          "reason": "Unmatched Filter",
          "filter": "Nuestar Fail"
        },
        {
          "disposition_type": "Not Paid For",
          "reason": "Unmatched Filter",
          "filter": "Debt Type Does Not Contain"
        },
        {
          "disposition_type": "Sent to Review Queue",
          "reason": "debt_type: This value is not valid",
          "filter": "Equals Value"
        },
        {
          "disposition_type": "Sent to Review Queue",
          "reason": "neustar: This value is not valid",
          "filter": "Equals Value"
        }
      ]
    },
    "pings": "",
    "posts": "",
    "sales": ""
  }
}
✅ First API Data retrieved on attempt 1
[everest-tr-x][TABLET][CHROMIUM] 📡 Fetching Second API data for Lead ID: 1F204A0D...
[everest-tr-x][TABLET][CHROMIUM] 📡 Everest Custom Second API Payload: cake_id=1F204A0D, domain_name=https://everesttaxrelief.net
[everest-tr-x][TABLET][CHROMIUM] [STDERR] (node:9172) Warning: Setting the NODE_TLS_REJECT_UNAUTHORIZED environment variable to '0' makes TLS connections and HTTPS requests insecure by disabling certificate verification.
(Use `node --trace-warnings ...` to show where the warning was created)
[everest-tr-x][TABLET][CHROMIUM] ✅ Second API Data retrieved on attempt 1: dbid (id)=15624
[everest-tr-x][TABLET][CHROMIUM] ✅ Row appended successfully to sheet: Everest Tax Releif(X)
[everest-tr-x][TABLET][CHROMIUM] ✨ Professional formatting applied to Everest Tax Releif(X)
✅ Lead processed successfully for Everest Tax Releif(X) Tablet
[everest-tr-x][TABLET][CHROMIUM] 🎥 Video saved successfully: traces/videos/Everest Tax Releif(X)_Everest_Tax_Releif(X)_Tablet.webm
[everest-tr-x][TABLET][CHROMIUM] 
✅ Execution successfully processed! {
  success: true,
  leadId: '1F204A0D',
  brand: 'Everest Tax Releif(X) Tablet'
}
[everest-tr-x][TABLET][CHROMIUM] [STDERR] ❌ Automation Run encountered a fatal exception: tracing.stop: Target page, context or browser has been closed
✅ [13/5/2026, 5:22:37 pm] COMPLETED: everest-tr-x [TABLET][CHROMIUM]

================================================================
🚀 [13/5/2026, 5:22:39 pm] RUNNING: Everest Tax Releif(X) (MOBILE) on CHROMIUM
🔗 Target URL: https://mlf-trk.com/?a=659&oc=812&c=2498&s1=
================================================================
[everest-tr-x][MOBILE][CHROMIUM] 🔌 [Browser Interceptor] Intercepting and optimizing engine: CHROMIUM
[everest-tr-x][MOBILE][CHROMIUM] ◇ injected env (0) from .env // tip: ⌘ multiple files { path: ['.env.local', '.env'] }
[everest-tr-x][MOBILE][CHROMIUM] ◇ injected env (0) from .env // tip: ⌘ custom filepath { path: '/custom/path/.env' }
[everest-tr-x][MOBILE][CHROMIUM] ◇ injected env (0) from .env // tip: ⌘ enable debugging { debug: true }
[everest-tr-x][MOBILE][CHROMIUM] ◇ injected env (0) from .env // tip: ⌁ auth for agents [www.vestauth.com]
[everest-tr-x][MOBILE][CHROMIUM] 
🤖 ================================================================
[everest-tr-x][MOBILE][CHROMIUM] 🤖 MASTER RUNNER: LAUNCHING EVEREST TAX RELEIF(X)
🤖 Mode:            MOBILE
🤖 Tracking URL:     https://mlf-trk.com/?a=659&oc=812&c=2498&s1=
[everest-tr-x][MOBILE][CHROMIUM] 🤖 Target Sheet:    Everest Tax Releif(X)
[everest-tr-x][MOBILE][CHROMIUM] 🤖 ================================================================
[everest-tr-x][MOBILE][CHROMIUM] 📱 Emulated Device Profile: MOBILE (iPhone 17 Pro)
[everest-tr-x][MOBILE][CHROMIUM] ⏳ Delaying 2 seconds to allow responsive layouts to mount...
[everest-tr-x][MOBILE][CHROMIUM] 🔄 Processing lead for brand: Everest Tax Releif(X) Mobile
[everest-tr-x][MOBILE][CHROMIUM] 📊 Campaign execution run index: 8
🎯 Enforcing dynamic credentials & parameters:
   - First Name:   ckmtestpixel
   - Last Name:    ckmtestpixel
   - Email:        ckmtestpixel@gmail.com
   - Phone Number: 401-247-1008
   - Slider Value: 20,000
   - State Value:  Florida
🔗 [Mobile] Navigating to: https://mlf-trk.com/?a=659&oc=812&c=2498&s1=
[everest-tr-x][MOBILE][CHROMIUM] ✅ [Mobile] Page loaded successfully
[everest-tr-x][MOBILE][CHROMIUM] 📱 [Mobile] Injecting high-fidelity glossy Natural Titanium iPhone 17 Pro mockup frame...
[everest-tr-x][MOBILE][CHROMIUM] 📱 [Mobile] Injecting high-fidelity glossy Natural Titanium iPhone 17 Pro mockup frame...
[everest-tr-x][MOBILE][CHROMIUM] 📝 [Mobile] Starting mobile-specific form filling...
[everest-tr-x][MOBILE][CHROMIUM] 🔘 [Mobile] Step 1: Selecting Debt Amount (20,000)
[everest-tr-x][MOBILE][CHROMIUM] 🔘 [Mobile] Found jQuery UI Slider #slider. Setting value via jQuery and DOM evaluation...
[everest-tr-x][MOBILE][CHROMIUM] ✅ [Mobile] Set jQuery UI Slider #slider to 20,000
[everest-tr-x][MOBILE][CHROMIUM] 🔘 [Mobile] Clicking active visible button: .next-btn1:visible, .btn-next:visible
[everest-tr-x][MOBILE][CHROMIUM] ✅ [Mobile] Clicked: .next-btn1:visible, .btn-next:visible
[everest-tr-x][MOBILE][CHROMIUM] 📱 [Mobile] Injecting high-fidelity glossy Natural Titanium iPhone 17 Pro mockup frame...
[everest-tr-x][MOBILE][CHROMIUM] 🔘 [Mobile] Dynamic Choice found: clicking "Federal" (Option 1 of 4)
📝 [Mobile] step1 column set to: "Federal"
[everest-tr-x][MOBILE][CHROMIUM] 📱 [Mobile] Injecting high-fidelity glossy Natural Titanium iPhone 17 Pro mockup frame...
[everest-tr-x][MOBILE][CHROMIUM] 🔘 [Mobile] Dynamic Choice found: clicking "Less than $4,000" (Option 3 of 3)
📝 [Mobile] step2 column set to: "Less than $4,000"
[everest-tr-x][MOBILE][CHROMIUM] 📱 [Mobile] Injecting high-fidelity glossy Natural Titanium iPhone 17 Pro mockup frame...
[everest-tr-x][MOBILE][CHROMIUM] ✅ [Mobile] Reached a recognized terminal step (State or Contact). Stopping dynamic traversal.
[everest-tr-x][MOBILE][CHROMIUM] 🔘 [Mobile] Step 2: Selecting State
[everest-tr-x][MOBILE][CHROMIUM] ✅ [Mobile] Selected state dynamically: "District of Columbia"
📝 [Mobile] step3 column set to State: "District of Columbia"
[everest-tr-x][MOBILE][CHROMIUM] 🔘 [Mobile] Clicking active visible button: .next-btn:visible, .next-btn2:visible, .btn-next:visible
[everest-tr-x][MOBILE][CHROMIUM] ✅ [Mobile] Clicked: .next-btn:visible, .next-btn2:visible, .btn-next:visible
[everest-tr-x][MOBILE][CHROMIUM] 📱 [Mobile] Injecting high-fidelity glossy Natural Titanium iPhone 17 Pro mockup frame...
[everest-tr-x][MOBILE][CHROMIUM] 🔘 [Mobile] Step 3: Filling Contact Info (Dynamic Loop)...
[everest-tr-x][MOBILE][CHROMIUM] 📱 [Mobile] Injecting high-fidelity glossy Natural Titanium iPhone 17 Pro mockup frame...
[everest-tr-x][MOBILE][CHROMIUM] ✅ [Mobile] Filled First Name: ckmtestpixel
[everest-tr-x][MOBILE][CHROMIUM] ✅ [Mobile] Filled Last Name: ckmtestpixel
[everest-tr-x][MOBILE][CHROMIUM] ✅ [Mobile] Filled Email: ckmtestpixel@gmail.com
[everest-tr-x][MOBILE][CHROMIUM] ✅ [Mobile] Filled Phone: 401-247-1008
[everest-tr-x][MOBILE][CHROMIUM] 🔘 [Mobile] Clicking active contact NEXT/SUBMIT button...
[everest-tr-x][MOBILE][CHROMIUM] 📱 [Mobile] Injecting high-fidelity glossy Natural Titanium iPhone 17 Pro mockup frame...
[everest-tr-x][MOBILE][CHROMIUM] [STDERR] ⚠️ [Mobile] Failed to apply glossy iPhone 17 Pro mockup frame overlay: page.evaluate: TypeError: Cannot read properties of null (reading 'appendChild')
    at eval (eval at evaluate (:302:30), <anonymous>:133:23)
    at UtilityScript.evaluate (<anonymous>:304:16)
    at UtilityScript.<anonymous> (<anonymous>:1:44)
[everest-tr-x][MOBILE][CHROMIUM] 🔘 [Mobile] No active contact NEXT/SUBMIT button visible. Exiting loop.
🔘 [Mobile] Scanning for additional dynamic steps...
[everest-tr-x][MOBILE][CHROMIUM] 🔘 [Mobile] Submitting form
[everest-tr-x][MOBILE][CHROMIUM] ⏳ [Mobile] Waiting for submission navigation to complete
[everest-tr-x][MOBILE][CHROMIUM] ⏳ [Mobile] Waiting for final Thank You page redirection...
[everest-tr-x][MOBILE][CHROMIUM] ✅ [Mobile] Targeted final redirect URL achieved!
[everest-tr-x][MOBILE][CHROMIUM] ✅ [Mobile] Final Thank You URL: https://www.everesttaxrelief.net/thankyou_ts.php?debt=20000&leadid=4CF77533&affid=659&reqid=26775032&sub
[everest-tr-x][MOBILE][CHROMIUM] ✅ [Mobile] Extracted Lead ID: 4CF77533
[everest-tr-x][MOBILE][CHROMIUM] 📱 Device Type detected: M-CHROMIUM
✅ Lead captured: 4CF77533
[everest-tr-x][MOBILE][CHROMIUM] 📡 Fetching First API data for Lead ID: 4CF77533...
[everest-tr-x][MOBILE][CHROMIUM] 📡 Raw XML Response: {
  "lead_info_response": {
    "$": {
      "xmlns:xsd": "http://www.w3.org/2001/XMLSchema",
      "xmlns:xsi": "http://www.w3.org/2001/XMLSchema-instance",
      "xmlns": "http://cakemarketing.com/api/1/"
    },
    "success": "true",
    "row_count": "1",
    "lead_id": "4CF77533",
    "personal_info": {
      "first_name": "CKMTESTPIXEL",
      "last_name": "CKMTESTPIXEL",
      "email_address": "ckmtestpixel@gmail.com",
      "address": {
        "street": "",
        "city": "",
        "state": "DC",
        "zip_code": "",
        "country": ""
      },
      "ip_address": "27.54.170.27",
      "phone_work": "",
      "phone_home": "401-247-1008",
      "phone_cell": "",
      "best_call_time": "",
      "opt_in": "false"
    },
    "traffic_info": {
      "lead_date": "2026-05-13T04:53:01.937",
      "payout": {
        "currency_id": "1",
        "amount": "0.0000",
        "formatted_amount": "$0.00"
      },
      "affiliate": {
        "affiliate_id": {
          "_": "659",
          "$": {
            "xmlns": "API:id_name_store"
          }
        },
        "affiliate_name": {
          "_": "QA affiliate",
          "$": {
            "xmlns": "API:id_name_store"
          }
        }
      },
      "campaign": {
        "campaign_id": {
          "_": "4290",
          "$": {
            "xmlns": "API:id_name_store"
          }
        },
        "campaign_name": {
          "_": "Everest Tax Relief (X) - Main - CPA - $1.00",
          "$": {
            "xmlns": "API:id_name_store"
          }
        }
      },
      "creative_id": "2498",
      "subid_1": "",
      "subid_2": "",
      "subid_3": "",
      "subid_4": "",
      "subid_5": "",
      "referrer": "",
      "pixel_fired": "true",
      "returned_to_affiliate": "false",
      "test": "true",
      "upsell": "false"
    },
    "all_vertical_data": {
      "data": {
        "$": {
          "xmlns": ""
        },
        "tax_debt": "20000",
        "universal_leadid": "97662637-C441-D1B5-B004-D9263CDF9FA2",
        "affid": "659",
        "TCPA_checkbox": "checked",
        "reqid": "26775032",
        "cr_price": "0.00",
        "page": "everesttaxrelief.net/v5/",
        "neustar": "pass",
        "neustar_disposition": "N,B,U,L,0",
        "first_name_lower": "ckmtestpixel",
        "last_name_lower": "ckmtestpixel",
        "income": "3500",
        "first_name_capital": "Ckmtestpixel",
        "last_name_capital": "Ckmtestpixel",
        "debt_type": "Federal",
        "nodl_flag": "pass",
        "ckm_campaign_id": "4578"
      }
    },
    "dispositions": {
      "disposition": [
        {
          "disposition_type": "Not Paid For",
          "reason": "Unmatched Filter",
          "filter": "income"
        },
        {
          "disposition_type": "Sent to Review Queue",
          "reason": "Income: This value is too large",
          "filter": "Less Than Or Equal To Value"
        }
      ]
    },
    "pings": "",
    "posts": "",
    "sales": ""
  }
}
✅ First API Data retrieved on attempt 1
[everest-tr-x][MOBILE][CHROMIUM] 📡 Fetching Second API data for Lead ID: 4CF77533...
[everest-tr-x][MOBILE][CHROMIUM] 📡 Everest Custom Second API Payload: cake_id=4CF77533, domain_name=https://everesttaxrelief.net
[everest-tr-x][MOBILE][CHROMIUM] [STDERR] (node:3924) Warning: Setting the NODE_TLS_REJECT_UNAUTHORIZED environment variable to '0' makes TLS connections and HTTPS requests insecure by disabling certificate verification.
(Use `node --trace-warnings ...` to show where the warning was created)
[everest-tr-x][MOBILE][CHROMIUM] ✅ Second API Data retrieved on attempt 1: dbid (id)=15625
[everest-tr-x][MOBILE][CHROMIUM] ✅ Row appended successfully to sheet: Everest Tax Releif(X)
[everest-tr-x][MOBILE][CHROMIUM] ✨ Professional formatting applied to Everest Tax Releif(X)
✅ Lead processed successfully for Everest Tax Releif(X) Mobile
[everest-tr-x][MOBILE][CHROMIUM] 🎥 Video saved successfully: traces/videos/Everest Tax Releif(X)_Everest_Tax_Releif(X)_Mobile.webm
[everest-tr-x][MOBILE][CHROMIUM] 
✅ Execution successfully processed! {
  success: true,
  leadId: '4CF77533',
  brand: 'Everest Tax Releif(X) Mobile'
}
[everest-tr-x][MOBILE][CHROMIUM] [STDERR] ❌ Automation Run encountered a fatal exception: tracing.stop: Target page, context or browser has been closed
✅ [13/5/2026, 5:23:32 pm] COMPLETED: everest-tr-x [MOBILE][CHROMIUM]

================================================================
⚡ Running Campaign Viewports on Browser Engine: FIREFOX - [EVEREST-TR-X]
================================================================

================================================================
🚀 [13/5/2026, 5:23:36 pm] RUNNING: Everest Tax Releif(X) (DESKTOP) on FIREFOX
🔗 Target URL: https://mlf-trk.com/?a=659&oc=812&c=2498&s1=
================================================================
[everest-tr-x][DESKTOP][FIREFOX] 🔌 [Browser Interceptor] Intercepting and optimizing engine: FIREFOX
[everest-tr-x][DESKTOP][FIREFOX] ◇ injected env (0) from .env // tip: ◈ secrets for agents [www.dotenvx.com]
[everest-tr-x][DESKTOP][FIREFOX] ◇ injected env (0) from .env // tip: ⌁ auth for agents [www.vestauth.com]
[everest-tr-x][DESKTOP][FIREFOX] ◇ injected env (0) from .env // tip: ⌘ multiple files { path: ['.env.local', '.env'] }
[everest-tr-x][DESKTOP][FIREFOX] ◇ injected env (0) from .env // tip: ⌁ auth for agents [www.vestauth.com]
[everest-tr-x][DESKTOP][FIREFOX] 
🤖 ================================================================
[everest-tr-x][DESKTOP][FIREFOX] 🤖 MASTER RUNNER: LAUNCHING EVEREST TAX RELEIF(X)
🤖 Mode:            DESKTOP
🤖 Tracking URL:     https://mlf-trk.com/?a=659&oc=812&c=2498&s1=
🤖 Target Sheet:    Everest Tax Releif(X)
🤖 ================================================================
[everest-tr-x][DESKTOP][FIREFOX] 💻 Emulated Device Profile: DESKTOP
🔌 [Browser Interceptor] Sanitizing mobile context options for Firefox emulation...
[everest-tr-x][DESKTOP][FIREFOX] 🔄 Processing lead for brand: Everest Tax Releif(X)
[everest-tr-x][DESKTOP][FIREFOX] 📊 Campaign execution run index: 9
🎯 Enforcing dynamic credentials & parameters:
   - First Name:   ckmtestpixel
   - Last Name:    ckmtestpixel
   - Email:        ckmtestpixel@gmail.com
   - Phone Number: 401-247-1009
[everest-tr-x][DESKTOP][FIREFOX]    - Slider Value: 30,000
   - State Value:  Indiana
[everest-tr-x][DESKTOP][FIREFOX] 🔗 Navigating to: https://mlf-trk.com/?a=659&oc=812&c=2498&s1=
[everest-tr-x][DESKTOP][FIREFOX] ✅ Page loaded successfully
[everest-tr-x][DESKTOP][FIREFOX] 📝 Starting multi-step form filling process...
[everest-tr-x][DESKTOP][FIREFOX] 🔘 Step 1: Handling Debt Amount (30,000)
[everest-tr-x][DESKTOP][FIREFOX] 🔘 Found jQuery UI Slider #slider. Setting value via jQuery and DOM evaluation...
[everest-tr-x][DESKTOP][FIREFOX] ✅ Set jQuery UI Slider #slider to 30,000
[everest-tr-x][DESKTOP][FIREFOX] 🔘 Attempting to click .next-btn1, .btn-next
[everest-tr-x][DESKTOP][FIREFOX] ⚠️ Standard click failed, using dispatchEvent...
[everest-tr-x][DESKTOP][FIREFOX] ✅ Clicked .next-btn1, .btn-next
[everest-tr-x][DESKTOP][FIREFOX] 🔘 Dynamic Choice found: clicking "State" (Option 2 of 4)
📝 step1 column set to: "State"
[everest-tr-x][DESKTOP][FIREFOX] 🔘 Dynamic Choice found: clicking "Federal" (Option 1 of 3)
📝 step2 column set to: "Federal"
[everest-tr-x][DESKTOP][FIREFOX] 🔘 Dynamic Choice found: clicking "Other" (Option 2 of 2)
📝 step3 column set to: "Other"
[everest-tr-x][DESKTOP][FIREFOX] 🔘 Dynamic Choice found: clicking "Federal & State" (Option 1 of 1)
[everest-tr-x][DESKTOP][FIREFOX] 🔘 No choices found, but NEXT button is visible. Clicking to advance...
[everest-tr-x][DESKTOP][FIREFOX] [STDERR] ❌ Error during form filling: page.waitForTimeout: Target page, context or browser has been closed
[everest-tr-x][DESKTOP][FIREFOX] [STDERR] ❌ Failed processing Everest Tax Releif(X): page.waitForTimeout: Target page, context or browser has been closed
[everest-tr-x][DESKTOP][FIREFOX] 
✅ Execution successfully processed! {
  success: false,
  error: 'page.waitForTimeout: Target page, context or browser has been closed',
  brand: 'Everest Tax Releif(X)'
}
[everest-tr-x][DESKTOP][FIREFOX] [STDERR] ❌ Automation Run encountered a fatal exception: tracing.stop: Target page, context or browser has been closed
^C