===================================================== 
SCHEDULER STARTED AT: 05-06-2026 11:00:01.32 
===================================================== 
Running Playwright batch scheduler... 
◇ injected env (10) from .env // tip: ⌘ multiple files { path: ['.env.local', '.env'] }
◇ injected env (0) from .env // tip: ⌘ enable debugging { debug: true }
◇ injected env (0) from .env // tip: ⌘ enable debugging { debug: true }

🤖 ================================================================
🤖 STARTING LEADS AUTOMATION BATCH RUN [5/6/2026, 11:00:01 am]
🤖 Interval configured: every 2 hours
🤖 ================================================================

🤖 [FLM Agent] Starting Global URL Health Verification...
🤖 [AI Agent] Pre-flight check: Verifying health for FTD-X...
🔴 [FLM Agent] FTD-X is DOWN: timeout of 10000ms exceeded
🤖 [AI Agent] Pre-flight check: Verifying health for FSI-PPC2...
✅ [AI Agent] FSI-PPC2 URL is healthy.
🤖 [AI Agent] Pre-flight check: Verifying health for TRA-CPL...
✅ [AI Agent] TRA-CPL URL is healthy.
🤖 [AI Agent] Pre-flight check: Verifying health for TRA-D3...
✅ [AI Agent] TRA-D3 URL is healthy.
🤖 [AI Agent] Pre-flight check: Verifying health for PPC-ST...
✅ [AI Agent] PPC-ST URL is healthy.
🤖 [AI Agent] Pre-flight check: Verifying health for PPC-ST2...
✅ [AI Agent] PPC-ST2 URL is healthy.
🤖 [AI Agent] Pre-flight check: Verifying health for PPC-M-CA...
✅ [AI Agent] PPC-M-CA URL is healthy.
🤖 [AI Agent] Pre-flight check: Verifying health for PPC CR...
✅ [AI Agent] PPC CR URL is healthy.
🤖 [AI Agent] Pre-flight check: Verifying health for PPC FS...
✅ [AI Agent] PPC FS URL is healthy.
🤖 [AI Agent] Pre-flight check: Verifying health for PPC...
✅ [AI Agent] PPC URL is healthy.
🤖 [AI Agent] Pre-flight check: Verifying health for TRA-CPM...
✅ [AI Agent] TRA-CPM URL is healthy.
🤖 [AI Agent] Pre-flight check: Verifying health for Everest Tax Releif(X)...
✅ [AI Agent] Everest Tax Releif(X) URL is healthy.
🤖 [AI Agent] Pre-flight check: Verifying health for VTS Original...
✅ [AI Agent] VTS Original URL is healthy.
🤖 [AI Agent] Pre-flight check: Verifying health for VTS-NE-Branded...
✅ [AI Agent] VTS-NE-Branded URL is healthy.
🤖 [AI Agent] Pre-flight check: Verifying health for Original...
✅ [AI Agent] Original URL is healthy.
🤖 [AI Agent] Pre-flight check: Verifying health for 1800 Fresh Tax (X) Main...
✅ [AI Agent] 1800 Fresh Tax (X) Main URL is healthy.
🤖 [AI Agent] Pre-flight check: Verifying health for FSI - MAIN...
✅ [AI Agent] FSI - MAIN URL is healthy.
🤖 [AI Agent] Pre-flight check: Verifying health for 1803 Fresh Tax - AFR cobranded...
✅ [AI Agent] 1803 Fresh Tax - AFR cobranded URL is healthy.
🤖 [AI Agent] Pre-flight check: Verifying health for Senior Tax Defence-Main...
✅ [AI Agent] Senior Tax Defence-Main URL is healthy.
🤖 [AI Agent] Pre-flight check: Verifying health for Fresh Start Initiative (X) Main...
✅ [AI Agent] Fresh Start Initiative (X) Main URL is healthy.
🤖 [AI Agent] Pre-flight check: Verifying health for America's First Tax Relief (AFTR)...
✅ [AI Agent] America's First Tax Relief (AFTR) URL is healthy.
🤖 [AI Agent] Pre-flight check: Verifying health for Premier Tax Relief (PTR)...
✅ [AI Agent] Premier Tax Relief (PTR) URL is healthy.
🤖 [AI Agent] Pre-flight check: Verifying health for FTH-quesstionnarie...
✅ [AI Agent] FTH-quesstionnarie URL is healthy.
🤖 [FLM Agent] Global Health Verification Complete.


================================================================
⚡ Processing 23 Tasks in Parallel (Concurrency: 4)
================================================================

================================================================
🚀 [5/6/2026, 11:01:18 am] RUNNING: FTD-X [DESKTOP - CHROME]
🔗 Target URL: https://mlfftd.com/?a=659&oc=656&c=167&s1=
================================================================

================================================================
🚀 [5/6/2026, 11:01:18 am] RUNNING: FSI-PPC2 [DESKTOP - CHROME]
🔗 Target URL: https://fsimlf-trk.com/?a=659&oc=750&c=143&s1=
================================================================

================================================================
🚀 [5/6/2026, 11:01:18 am] RUNNING: TRA-CPL [DESKTOP - CHROME]
🔗 Target URL: https://flmtra.com/?a=659&oc=756&c=2210&s1=
================================================================

================================================================
🚀 [5/6/2026, 11:01:18 am] RUNNING: TRA-D3 [DESKTOP - CHROME]
🔗 Target URL: https://flmtra.com/?a=659&oc=792&c=2386&s1=
================================================================
[ftd-x][Desktop - Chrome] 🔌 [Browser Interceptor] Intercepting and optimizing engine: CHROMIUM
[fsi-ppc2][Desktop - Chrome] 🔌 [Browser Interceptor] Intercepting and optimizing engine: CHROMIUM
[tra-cpl][Desktop - Chrome] 🔌 [Browser Interceptor] Intercepting and optimizing engine: CHROMIUM
[ftd-x][Desktop - Chrome] ◇ injected env (0) from .env // tip: ◈ secrets for agents [www.dotenvx.com]
[ftd-x][Desktop - Chrome] ◇ injected env (0) from .env // tip: ◈ secrets for agents [www.dotenvx.com]
[fsi-ppc2][Desktop - Chrome] ◇ injected env (0) from .env // tip: ◈ encrypted .env [www.dotenvx.com]
[ftd-x][Desktop - Chrome] ◇ injected env (0) from .env // tip: ⌁ auth for agents [www.vestauth.com]
[fsi-ppc2][Desktop - Chrome] ◇ injected env (0) from .env // tip: ⌘ enable debugging { debug: true }
[tra-cpl][Desktop - Chrome] ◇ injected env (0) from .env // tip: ◈ encrypted .env [www.dotenvx.com]
[tra-cpl][Desktop - Chrome] ◇ injected env (0) from .env // tip: ⌘ multiple files { path: ['.env.local', '.env'] }
[fsi-ppc2][Desktop - Chrome] ◇ injected env (0) from .env // tip: ◈ secrets for agents [www.dotenvx.com]
[tra-cpl][Desktop - Chrome] ◇ injected env (0) from .env // tip: ◈ encrypted .env [www.dotenvx.com]
[tra-d3][Desktop - Chrome] 🔌 [Browser Interceptor] Intercepting and optimizing engine: CHROMIUM
[tra-d3][Desktop - Chrome] ◇ injected env (0) from .env // tip: ⌘ enable debugging { debug: true }
[tra-d3][Desktop - Chrome] ◇ injected env (0) from .env // tip: ⌘ multiple files { path: ['.env.local', '.env'] }
[tra-d3][Desktop - Chrome] ◇ injected env (0) from .env // tip: ⌘ multiple files { path: ['.env.local', '.env'] }
[fsi-ppc2][Desktop - Chrome] ◇ injected env (0) from .env // tip: ⌘ suppress logs { quiet: true }
[tra-cpl][Desktop - Chrome] ◇ injected env (0) from .env // tip: ⌘ suppress logs { quiet: true }
[ftd-x][Desktop - Chrome] ◇ injected env (0) from .env // tip: ◈ secrets for agents [www.dotenvx.com]
[tra-d3][Desktop - Chrome] ◇ injected env (0) from .env // tip: ⌘ multiple files { path: ['.env.local', '.env'] }
[tra-cpl][Desktop - Chrome] ◇ injected env (0) from .env // tip: ⌘ suppress logs { quiet: true }
[fsi-ppc2][Desktop - Chrome] ◇ injected env (0) from .env // tip: ⌘ enable debugging { debug: true }
[tra-cpl][Desktop - Chrome] ◇ injected env (0) from .env // tip: ◈ secrets for agents [www.dotenvx.com]
[fsi-ppc2][Desktop - Chrome] ◇ injected env (0) from .env // tip: ◈ encrypted .env [www.dotenvx.com]
[fsi-ppc2][Desktop - Chrome] 
🤖 ================================================================
[tra-cpl][Desktop - Chrome] 
🤖 ================================================================
🤖 MASTER RUNNER: LAUNCHING TRA-CPL
[fsi-ppc2][Desktop - Chrome] 🤖 MASTER RUNNER: LAUNCHING FSI-PPC2
🤖 Mode:            DESKTOP
🤖 Tracking URL:     https://fsimlf-trk.com/?a=659&oc=750&c=143&s1=
🤖 Target Sheet:    FSI-PPC2
🤖 ================================================================
[tra-cpl][Desktop - Chrome] 🤖 Mode:            DESKTOP
🤖 Tracking URL:     https://flmtra.com/?a=659&oc=756&c=2210&s1=
🤖 Target Sheet:    TRA-CPL
🤖 ================================================================
[tra-cpl][Desktop - Chrome] 🔌 [Browser Interceptor] Intercepting and optimizing engine: CHROMIUM
[fsi-ppc2][Desktop - Chrome] 🔌 [Browser Interceptor] Intercepting and optimizing engine: CHROMIUM
[tra-cpl][Desktop - Chrome] 🔌 [Browser Interceptor] Speed Optimization: Capping slowMo from 2000ms to 100ms
[fsi-ppc2][Desktop - Chrome] 🔌 [Browser Interceptor] Speed Optimization: Capping slowMo from 2000ms to 100ms
[ftd-x][Desktop - Chrome] ◇ injected env (0) from .env // tip: ⌁ auth for agents [www.vestauth.com]
[tra-d3][Desktop - Chrome] ◇ injected env (0) from .env // tip: ⌁ auth for agents [www.vestauth.com]
[tra-d3][Desktop - Chrome] ◇ injected env (0) from .env // tip: ⌁ auth for agents [www.vestauth.com]
[ftd-x][Desktop - Chrome] ◇ injected env (0) from .env // tip: ◈ secrets for agents [www.dotenvx.com]
[tra-d3][Desktop - Chrome] 
🤖 ================================================================
[tra-d3][Desktop - Chrome] 🤖 MASTER RUNNER: LAUNCHING TRA-D3
[tra-d3][Desktop - Chrome] 🤖 Mode:            DESKTOP
[tra-d3][Desktop - Chrome] 🤖 Tracking URL:     https://flmtra.com/?a=659&oc=792&c=2386&s1=
[tra-d3][Desktop - Chrome] 🤖 Target Sheet:    TRA-DT3
[tra-d3][Desktop - Chrome] 🤖 ================================================================
[ftd-x][Desktop - Chrome] 
🤖 ================================================================
[tra-d3][Desktop - Chrome] 🔌 [Browser Interceptor] Intercepting and optimizing engine: CHROMIUM
[ftd-x][Desktop - Chrome] 🤖 MASTER RUNNER: LAUNCHING FTD-X
[tra-d3][Desktop - Chrome] 🔌 [Browser Interceptor] Speed Optimization: Capping slowMo from 2000ms to 100ms
[ftd-x][Desktop - Chrome] 🤖 Mode:            DESKTOP
[ftd-x][Desktop - Chrome] 🤖 Tracking URL:     https://mlfftd.com/?a=659&oc=656&c=167&s1=
🤖 Target Sheet:    FTD-X
[ftd-x][Desktop - Chrome] 🤖 ================================================================
[ftd-x][Desktop - Chrome] 🔌 [Browser Interceptor] Intercepting and optimizing engine: CHROMIUM
[ftd-x][Desktop - Chrome] 🔌 [Browser Interceptor] Speed Optimization: Capping slowMo from 2000ms to 100ms
[ftd-x][Desktop - Chrome] 💻 Emulated Device Profile: DESKTOP - [Desktop - Chrome]
[fsi-ppc2][Desktop - Chrome] 💻 Emulated Device Profile: DESKTOP - [Desktop - Chrome]
[tra-cpl][Desktop - Chrome] 💻 Emulated Device Profile: DESKTOP - [Desktop - Chrome]
[tra-d3][Desktop - Chrome] 💻 Emulated Device Profile: DESKTOP - [Desktop - Chrome]
[ftd-x][Desktop - Chrome] 🔄 Processing lead for brand: FTD-X
[ftd-x][Desktop - Chrome] 📊 Campaign execution run index: 84
[ftd-x][Desktop - Chrome] 📅 [Forced Override] Friday, June 5th forced to Week 1 Monday range: 0 - 7,500
📅 [Rotational Logic] Week 1 Day 5. Target Range: 1000-7500 (Max allowed by URL: 70000)
[ftd-x][Desktop - Chrome] 🔗 Navigating to: https://mlfftd.com/?a=659&oc=656&c=167&s1=
[fsi-ppc2][Desktop - Chrome] 🔄 Processing lead for brand: FSI-PPC2
[fsi-ppc2][Desktop - Chrome] 📊 Campaign execution run index: 94
[fsi-ppc2][Desktop - Chrome] 🔗 Navigating to: https://fsimlf-trk.com/?a=659&oc=750&c=143&s1=
[tra-d3][Desktop - Chrome] 🔄 Processing lead for brand: TRA-D3
[tra-d3][Desktop - Chrome] 📊 Campaign execution run index: 71
[tra-d3][Desktop - Chrome] 📅 [Forced Override] Friday, June 5th forced to Week 1 Monday range: 0 - 7,500
📅 [Rotational Logic] Week 1 Day 5. Target Range: 1000-7500 (Max allowed by URL: 10000)
[tra-d3][Desktop - Chrome] 🔗 Navigating to: https://flmtra.com/?a=659&oc=792&c=2386&s1=
[tra-cpl][Desktop - Chrome] 🔄 Processing lead for brand: TRA-CPL
[tra-cpl][Desktop - Chrome] 📊 Campaign execution run index: 77
[tra-cpl][Desktop - Chrome] 📅 [Forced Override] Friday, June 5th forced to Week 1 Monday range: 0 - 7,500
📅 [Rotational Logic] Week 1 Day 5. Target Range: 1000-7500 (Max allowed by URL: 30000)
[tra-cpl][Desktop - Chrome] 🔗 Navigating to: https://flmtra.com/?a=659&oc=756&c=2210&s1=
[fsi-ppc2][Desktop - Chrome] ✅ Page loaded successfully
[fsi-ppc2][Desktop - Chrome] 📝 Starting multi-step form filling process...
[fsi-ppc2][Desktop - Chrome] 🔘 Step 1: Handling Debt Amount (35,000)
[fsi-ppc2][Desktop - Chrome] 🔍 [Dropdown Scanner] Scanning 5 dropdown options against daily range: 0 - 200000
[ftd-x][Desktop - Chrome] ✅ Page loaded successfully
[ftd-x][Desktop - Chrome] 📝 Starting multi-step form filling process...
[ftd-x][Desktop - Chrome] 🔘 Step 1: Handling Debt Amount (1,000)
[ftd-x][Desktop - Chrome] 🔘 Found jQuery UI Slider #slider. Setting value via jQuery and DOM evaluation...
[ftd-x][Desktop - Chrome] ✅ Set jQuery UI Slider #slider to 1,000
[fsi-ppc2][Desktop - Chrome] ✅ [Rotational Logic] Selected dropdown choice: "$20,000 - $50,000"
[fsi-ppc2][Desktop - Chrome] 🔘 Attempting to click .next-btn1, .btn-next
[ftd-x][Desktop - Chrome] 🔘 Attempting to click .next-btn1, .btn-next
[fsi-ppc2][Desktop - Chrome] ✅ Clicked .next-btn1, .btn-next
[ftd-x][Desktop - Chrome] ✅ Clicked .next-btn1, .btn-next
[fsi-ppc2][Desktop - Chrome] ✅ Reached a recognized terminal step (State or Contact). Stopping dynamic traversal.
[fsi-ppc2][Desktop - Chrome] 🔘 Step: Selecting State
[fsi-ppc2][Desktop - Chrome] ✅ Selected state dynamically: "Vermont"
📝 step3 column set to State: "Vermont"
[fsi-ppc2][Desktop - Chrome] 🔘 Attempting to click .next-btn, .next-btn2, .btn-next
[fsi-ppc2][Desktop - Chrome] ✅ Clicked .next-btn, .next-btn2, .btn-next
[ftd-x][Desktop - Chrome] 🔘 [Rotation] Selecting Option 1: "IRS Tax Debt"
[tra-d3][Desktop - Chrome] ✅ Page loaded successfully
[tra-d3][Desktop - Chrome] 📝 Starting multi-step form filling process...
[ftd-x][Desktop - Chrome] ⏳ Waiting 2 seconds after choice selection...
[tra-cpl][Desktop - Chrome] ✅ Page loaded successfully
[tra-cpl][Desktop - Chrome] 📝 Starting multi-step form filling process...
[tra-d3][Desktop - Chrome] 🔘 Step 1: Handling Debt Amount (2,000)
[tra-cpl][Desktop - Chrome] 🔘 Step 1: Handling Debt Amount (1,000)
[tra-cpl][Desktop - Chrome] 🔘 Found jQuery UI Slider #slider. Setting value via jQuery and DOM evaluation...
[tra-cpl][Desktop - Chrome] ✅ Set jQuery UI Slider #slider to 1,000
[tra-d3][Desktop - Chrome] 🔘 Found jQuery UI Slider #slider. Setting value via jQuery and DOM evaluation...
[tra-d3][Desktop - Chrome] ✅ Set jQuery UI Slider #slider to 2,000
[fsi-ppc2][Desktop - Chrome] 🔘 Filling Contact Info (Dynamic Loop)...
[fsi-ppc2][Desktop - Chrome] ✅ Filled First Name: ckmtestpixel
[ftd-x][Desktop - Chrome] ✅ Page auto-advanced after option selection.
[tra-d3][Desktop - Chrome] 🔘 Attempting to click .next-btn1, .btn-next
[ftd-x][Desktop - Chrome] 🔘 [Rotation] Selecting Option 1: "Less than $4,000"
[ftd-x][Desktop - Chrome] ⏳ Waiting 2 seconds after choice selection...
[fsi-ppc2][Desktop - Chrome] ✅ Filled Last Name: ckmtestpixel
[tra-cpl][Desktop - Chrome] 🔘 Attempting to click .next-btn1, .btn-next
[fsi-ppc2][Desktop - Chrome] ✅ Filled Email: ckmtestpixel@gmail.com
[tra-d3][Desktop - Chrome] ✅ Clicked .next-btn1, .btn-next
[tra-cpl][Desktop - Chrome] ✅ Clicked .next-btn1, .btn-next
[fsi-ppc2][Desktop - Chrome] ✅ Filled Phone: 401-247-1094
[fsi-ppc2][Desktop - Chrome] 🔘 Clicking active contact NEXT/SUBMIT button...
[ftd-x][Desktop - Chrome] ✅ Page auto-advanced after option selection.
[ftd-x][Desktop - Chrome] ✅ Reached a recognized terminal step (State or Contact). Stopping dynamic traversal.
[ftd-x][Desktop - Chrome] 🔘 Step: Selecting State
[ftd-x][Desktop - Chrome] ✅ Selected state dynamically: "Ohio"
[ftd-x][Desktop - Chrome] 📝 step3 column set to State: "Ohio"
[ftd-x][Desktop - Chrome] 🔘 Clicking generic NEXT button
[ftd-x][Desktop - Chrome] ✅ Clicked generic NEXT button
[tra-cpl][Desktop - Chrome] ✅ Reached a recognized terminal step (State or Contact). Stopping dynamic traversal.
[ftd-x][Desktop - Chrome] 🔘 Advancing past post-state step...
[tra-cpl][Desktop - Chrome] 🔘 Step: Selecting State
[tra-cpl][Desktop - Chrome] ✅ Selected state dynamically: "Nevada"
[tra-cpl][Desktop - Chrome] 📝 step3 column set to State: "Nevada"
[tra-cpl][Desktop - Chrome] 🔘 Clicking generic NEXT button
[tra-cpl][Desktop - Chrome] ✅ Clicked generic NEXT button
[ftd-x][Desktop - Chrome] 🔘 Filling Contact Info (Dynamic Loop)...
[tra-d3][Desktop - Chrome] 🔘 [Rotation] Selecting Option 2: "State Tax Debt"
[tra-d3][Desktop - Chrome] ⏳ Waiting 2 seconds after choice selection...
[ftd-x][Desktop - Chrome] ✅ Filled First Name: ckmtestpixel
[fsi-ppc2][Desktop - Chrome] ✅ Thank you page or lead id detected in URL during contact loop. Exiting contact loop.
✅ Thank you page detected before Step 6. Exiting form filling.
[fsi-ppc2][Desktop - Chrome] 🔘 Submitting form
✅ Form already submitted. Bypassing submitForm logic.
[fsi-ppc2][Desktop - Chrome] ⏳ Waiting for final redirect to Thank You page...
[ftd-x][Desktop - Chrome] ✅ Filled Last Name: ckmtestpixel
[fsi-ppc2][Desktop - Chrome] ✅ Targeted final redirect URL achieved!
[fsi-ppc2][Desktop - Chrome] ✅ Final Thank You URL: https://www.fresh-start-initiative.com/ty_next/?debt=20000&leadid=DC0BEAF4&reqid=26865745&affid=659&subid=#s1#
[fsi-ppc2][Desktop - Chrome] 📋 [Pre-Fix] Thank-you URL before debt correction: https://www.fresh-start-initiative.com/ty_next/?debt=20000&leadid=DC0BEAF4&reqid=26865745&affid=659&subid=#s1#
[fsi-ppc2][Desktop - Chrome] 💾 [Debt Debug] formPage.selectedSliderAmount = "$20,000 - $50,000"
💾 [Debt Debug] selectedDebtNum (mapped value) = "20000"
[fsi-ppc2][Desktop - Chrome] 🔧 [Debt Fix] Current debt in URL: 20000, Should be: 20000
✅ [Debt Fix] Debt parameter already correct
[fsi-ppc2][Desktop - Chrome] 📋 [Diagnostic] Full Thank You URL Parameters: {"debt":"20000","leadid":"DC0BEAF4","reqid":"26865745","affid":"659","subid":""}
[fsi-ppc2][Desktop - Chrome] ✅ Extracted Lead ID: DC0BEAF4
[fsi-ppc2][Desktop - Chrome] 📱 Device Type detected: Desktop - Chrome
[fsi-ppc2][Desktop - Chrome] ✅ Lead captured: DC0BEAF4
[fsi-ppc2][Desktop - Chrome] 📡 Fetching First API data for Lead ID: DC0BEAF4...
[tra-cpl][Desktop - Chrome] 🔘 Advancing past post-state step...
[ftd-x][Desktop - Chrome] ✅ Filled Email: ckmtestpixel@gmail.com
[tra-d3][Desktop - Chrome] ✅ Page auto-advanced after option selection.
[ftd-x][Desktop - Chrome] ✅ Filled Phone: 401-247-1084
[ftd-x][Desktop - Chrome] 🔘 Clicking active contact NEXT/SUBMIT button...
[tra-cpl][Desktop - Chrome] 🔘 Filling Contact Info (Dynamic Loop)...
[tra-d3][Desktop - Chrome] 🔘 [Rotation] Selecting Option 4: "Close"
[tra-d3][Desktop - Chrome] ⏳ Waiting 2 seconds after choice selection...
[fsi-ppc2][Desktop - Chrome] 📡 Raw XML Response: {
  "lead_info_response": {
    "$": {
      "xmlns:xsd": "http://www.w3.org/2001/XMLSchema",
      "xmlns:xsi": "http://www.w3.org/2001/XMLSchema-instance",
      "xmlns": "http://cakemarketing.com/api/1/"
    },
    "success": "true",
    "row_count": "1",
    "lead_id": "DC0BEAF4",
    "personal_info": {
      "first_name": "CKMTESTPIXEL",
      "last_name": "CKMTESTPIXEL",
      "email_address": "ckmtestpixel@gmail.com",
      "address": {
        "street": "",
        "city": "",
        "state": "VT",
        "zip_code": "",
        "country": ""
      },
      "ip_address": "27.54.170.27",
      "phone_work": "",
      "phone_home": "401-247-1094",
      "phone_cell": "",
      "best_call_time": "",
      "opt_in": "true"
    },
    "traffic_info": {
      "lead_date": "2026-06-04T22:31:36.907",
      "payout": {
        "currency_id": "1",
        "amount": "0.0000",
        "formatted_amount": "$0.00"
      },
      "affiliate": {
        "affiliate_id": {
          "_": "659",
          "$": {
            "xmlns": "API:id_name_store"
          }
        },
        "affiliate_name": {
          "_": "QA affiliate",
          "$": {
            "xmlns": "API:id_name_store"
          }
        }
      },
      "campaign": {
        "campaign_id": {
          "_": "4069",
          "$": {
            "xmlns": "API:id_name_store"
          }
        },
        "campaign_name": {
          "_": "Fresh Start Initiative (PPC) - PPC NEW - CPA - $1.00",
          "$": {
            "xmlns": "API:id_name_store"
          }
        }
      },
      "creative_id": "143",
      "subid_1": "",
      "subid_2": "",
      "subid_3": "",
      "subid_4": "",
      "subid_5": "",
      "referrer": "",
      "pixel_fired": "true",
      "returned_to_affiliate": "false",
      "test": "true",
      "upsell": "false"
    },
    "all_vertical_data": {
      "data": {
        "$": {
          "xmlns": ""
        },
        "tax_debt": "20000",
        "universal_leadid": "3D45EF6E-9BF7-DEA7-E45C-E5DD51204386",
        "affid": "659",
        "TCPA_checkbox": "checked",
        "reqid": "26865745",
        "cr_price": "0.00",
        "page": "fresh-start-initiative.comfresh-start-initiative.com/ppc2/index.php",
        "neustar": "fail",
        "neustar_disposition": "N,U,I3,L,0",
        "nd_odlv": "26",
        "first_name_lower": "ckmtestpixel",
        "last_name_lower": "ckmtestpixel",
        "first_name_capital": "Ckmtestpixel",
        "last_name_capital": "Ckmtestpixel",
        "nodl_flag": "pass",
        "ckm_campaign_id": "4297",
        "email_oversight": "Verified"
      }
    },
    "dispositions": {
      "disposition": {
        "disposition_type": "Not Paid For",
        "reason": "Unmatched Filter",
        "filter": "Nuestar Fail"
      }
    },
    "pings": "",
    "posts": "",
    "sales": ""
  }
}
✅ First API Data retrieved on attempt 1
[fsi-ppc2][Desktop - Chrome] 📡 Fetching Second API data for Lead ID: DC0BEAF4...
📡 Standard Second API Payload: cake_id=DC0BEAF4, domain_name=https://www.freshstartinitiative.com
[fsi-ppc2][Desktop - Chrome] [STDERR] (node:20048) Warning: Setting the NODE_TLS_REJECT_UNAUTHORIZED environment variable to '0' makes TLS connections and HTTPS requests insecure by disabling certificate verification.
(Use `node --trace-warnings ...` to show where the warning was created)
[tra-cpl][Desktop - Chrome] ✅ Filled First Name: ckmtestpixel
[fsi-ppc2][Desktop - Chrome] [STDERR] ⚠️  Attempt 1: Second API returned no DBID. Response: {"status":false,"message":"Domain not found in configuration: freshstartinitiative.com"}
[fsi-ppc2][Desktop - Chrome] ⏳ Retrying in 1 second to allow database synchronization...
[tra-cpl][Desktop - Chrome] ✅ Filled Last Name: ckmtestpixel
[tra-d3][Desktop - Chrome] 🔘 Choice is still visible (no auto-advance). Clicking NEXT button...
[tra-cpl][Desktop - Chrome] 🔘 Clicking active contact NEXT/SUBMIT button...
[fsi-ppc2][Desktop - Chrome] 📡 Standard Second API Payload: cake_id=DC0BEAF4, domain_name=https://www.freshstartinitiative.com
[ftd-x][Desktop - Chrome] ✅ Thank you page or lead id detected in URL during contact loop. Exiting contact loop.
[ftd-x][Desktop - Chrome] ✅ Thank you page detected before Step 6. Exiting form filling.
[ftd-x][Desktop - Chrome] 🔘 Submitting form
[ftd-x][Desktop - Chrome] ✅ Form already submitted. Bypassing submitForm logic.
⏳ Waiting for final redirect to Thank You page...
✅ Targeted final redirect URL achieved!
✅ Final Thank You URL: https://www.fidelity-tax-defense.net/thankyou_ts_checklist.php?debt=1000&leadid=2AC8E832&affid=659&reqid=26865744&subid=#s1#&employment=#employment#
📋 [Pre-Fix] Thank-you URL before debt correction: https://www.fidelity-tax-defense.net/thankyou_ts_checklist.php?debt=1000&leadid=2AC8E832&affid=659&reqid=26865744&subid=#s1#&employment=#employment#
💾 [Debt Debug] formPage.selectedSliderAmount = "1,000"
💾 [Debt Debug] selectedDebtNum (mapped value) = "1000"
🔧 [Debt Fix] Current debt in URL: 1000, Should be: 1000
✅ [Debt Fix] Debt parameter already correct
[ftd-x][Desktop - Chrome] 📋 [Diagnostic] Full Thank You URL Parameters: {"debt":"1000","leadid":"2AC8E832","affid":"659","reqid":"26865744","subid":""}
[ftd-x][Desktop - Chrome] ✅ Extracted Lead ID: 2AC8E832
[ftd-x][Desktop - Chrome] 📱 Device Type detected: Desktop - Chrome
[ftd-x][Desktop - Chrome] ✅ Lead captured: 2AC8E832
[ftd-x][Desktop - Chrome] 📡 Fetching First API data for Lead ID: 2AC8E832...
[fsi-ppc2][Desktop - Chrome] [STDERR] ⚠️  Attempt 2: Second API returned no DBID. Response: {"status":false,"message":"Domain not found in configuration: freshstartinitiative.com"}
[fsi-ppc2][Desktop - Chrome] ⏳ Retrying in 1 second to allow database synchronization...
[tra-d3][Desktop - Chrome] ✅ Clicked NEXT button after selecting checkbox/radio.
[fsi-ppc2][Desktop - Chrome] 📡 Standard Second API Payload: cake_id=DC0BEAF4, domain_name=https://www.freshstartinitiative.com
[fsi-ppc2][Desktop - Chrome] [STDERR] ⚠️  Attempt 3: Second API returned no DBID. Response: {"status":false,"message":"Domain not found in configuration: freshstartinitiative.com"}
[fsi-ppc2][Desktop - Chrome] ⏳ Retrying in 1 second to allow database synchronization...
[tra-cpl][Desktop - Chrome] ✅ Filled Email: ckmtestpixel@gmail.com
[tra-cpl][Desktop - Chrome] 🔘 Clicking active contact NEXT/SUBMIT button...
[tra-d3][Desktop - Chrome] ✅ Reached a recognized terminal step (State or Contact). Stopping dynamic traversal.
[tra-d3][Desktop - Chrome] 🔘 Filling Contact Info (Dynamic Loop)...
[tra-d3][Desktop - Chrome] ✅ Thank you page or lead id detected in URL during contact loop. Exiting contact loop.
[tra-d3][Desktop - Chrome] ✅ Thank you page detected before Step 6. Exiting form filling.
[tra-d3][Desktop - Chrome] 🔘 Submitting form
✅ Form already submitted. Bypassing submitForm logic.
[tra-d3][Desktop - Chrome] ⏳ Waiting for final redirect to Thank You page...
[fsi-ppc2][Desktop - Chrome] 📡 Standard Second API Payload: cake_id=DC0BEAF4, domain_name=https://www.freshstartinitiative.com
[fsi-ppc2][Desktop - Chrome] [STDERR] ⚠️  Attempt 4: Second API returned no DBID. Response: {"status":false,"message":"Domain not found in configuration: freshstartinitiative.com"}
[fsi-ppc2][Desktop - Chrome] ⏳ Retrying in 1 second to allow database synchronization...
[ftd-x][Desktop - Chrome] 📡 Raw XML Response: {
  "lead_info_response": {
    "$": {
      "xmlns:xsd": "http://www.w3.org/2001/XMLSchema",
      "xmlns:xsi": "http://www.w3.org/2001/XMLSchema-instance",
      "xmlns": "http://cakemarketing.com/api/1/"
    },
    "success": "true",
    "row_count": "1",
    "lead_id": "2AC8E832",
    "personal_info": {
      "first_name": "CKMTESTPIXEL",
      "last_name": "CKMTESTPIXEL",
      "email_address": "ckmtestpixel@gmail.com",
      "address": {
        "street": "",
        "city": "",
        "state": "OH",
        "zip_code": "",
        "country": ""
      },
      "ip_address": "27.54.170.27",
      "phone_work": "",
      "phone_home": "401-247-1084",
      "phone_cell": "",
      "best_call_time": "",
      "opt_in": "false"
    },
    "traffic_info": {
      "lead_date": "2026-06-04T22:31:42.663",
      "payout": {
        "currency_id": "1",
        "amount": "0.0000",
        "formatted_amount": "$0.00"
      },
      "affiliate": {
        "affiliate_id": {
          "_": "659",
          "$": {
            "xmlns": "API:id_name_store"
          }
        },
        "affiliate_name": {
          "_": "QA affiliate",
          "$": {
            "xmlns": "API:id_name_store"
          }
        }
      },
      "campaign": {
        "campaign_id": {
          "_": "4060",
          "$": {
            "xmlns": "API:id_name_store"
          }
        },
        "campaign_name": {
          "_": "Fidelity Tax Defense - Slider - 24/7 - CPA - $1.00",
          "$": {
            "xmlns": "API:id_name_store"
          }
        }
      },
      "creative_id": "167",
      "subid_1": "",
      "subid_2": "",
      "subid_3": "",
      "subid_4": "",
      "subid_5": "",
      "referrer": "",
      "pixel_fired": "true",
      "returned_to_affiliate": "false",
      "test": "true",
      "upsell": "false"
    },
    "all_vertical_data": {
      "data": {
        "$": {
          "xmlns": ""
        },
        "tax_debt": "1000",
        "universal_leadid": "42D4554E-A6C9-BC33-2B7C-8D289C953142",
        "affid": "659",
        "TCPA_checkbox": "checked",
        "reqid": "26865744",
        "cr_price": "0.00",
        "page": "fidelity-tax-defense.net/ftdx/",
        "neustar": "under",
        "first_name_lower": "ckmtestpixel",
        "last_name_lower": "ckmtestpixel",
        "income": "3500",
        "first_name_capital": "Ckmtestpixel",
        "last_name_capital": "Ckmtestpixel",
        "opt_special_offers": "checked",
        "debt_type": "IRS Tax Debt",
        "nodl_flag": "pass",
        "ckm_campaign_id": "4227",
        "email_oversight": "Verified"
      }
    },
    "dispositions": {
      "disposition": [
        {
          "disposition_type": "Not Paid For",
          "reason": "Unmatched Filter",
          "filter": "Min Tax Debt"
        },
        {
          "disposition_type": "Not Paid For",
          "reason": "Unmatched Filter",
          "filter": "Nuestar Fail"
        },
        {
          "disposition_type": "Sent to Review Queue",
          "reason": "Income: This value is too large",
          "filter": "Less Than Or Equal To Value"
        }
      ]
    },
    "pings": "",
    "posts": "",
    "sales": ""
  }
}
✅ First API Data retrieved on attempt 1
[ftd-x][Desktop - Chrome] 📡 Fetching Second API data for Lead ID: 2AC8E832...
[ftd-x][Desktop - Chrome] 📡 Standard Second API Payload: cake_id=2AC8E832, domain_name=https://fidelity-tax-defense.net
[ftd-x][Desktop - Chrome] [STDERR] (node:23156) Warning: Setting the NODE_TLS_REJECT_UNAUTHORIZED environment variable to '0' makes TLS connections and HTTPS requests insecure by disabling certificate verification.
(Use `node --trace-warnings ...` to show where the warning was created)
[tra-cpl][Desktop - Chrome] ✅ Filled Phone: 401-247-1077
[tra-cpl][Desktop - Chrome] 🔘 Clicking active contact NEXT/SUBMIT button...
[fsi-ppc2][Desktop - Chrome] 📡 Standard Second API Payload: cake_id=DC0BEAF4, domain_name=https://www.freshstartinitiative.com
[fsi-ppc2][Desktop - Chrome] [STDERR] ⚠️  Attempt 5: Second API returned no DBID. Response: {"status":false,"message":"Domain not found in configuration: freshstartinitiative.com"}
[fsi-ppc2][Desktop - Chrome] 📡 [Rest-Assurance] Verifying Lead ID: DC0BEAF4 via Backend...
[fsi-ppc2][Desktop - Chrome] 🛡️  [Rest-Assurance] VERIFIED (Backend Debt: 20000)
[fsi-ppc2][Desktop - Chrome] ✅ Row appended successfully to sheet: FSI-PPC2
[fsi-ppc2][Desktop - Chrome] ✨ Fast formatting applied to newly appended row 346 of FSI-PPC2
[fsi-ppc2][Desktop - Chrome] 🤖 [AI Agent Audit] Status: PASS
🤖 [AI Agent Audit] Details: Mapping verified: UI $20,000 - $50,000 -> Cake 20,000
✅ Lead processed successfully for FSI-PPC2
[fsi-ppc2][Desktop - Chrome] 🎥 Video saved successfully: traces/videos/FSI-PPC2_FSI-PPC2.webm
[fsi-ppc2][Desktop - Chrome] 
✅ Execution successfully processed! { success: true, leadId: 'DC0BEAF4', brand: 'FSI-PPC2' }
[fsi-ppc2][Desktop - Chrome] 📋 Trace report successfully saved: traces/fsi-ppc2_desktop.zip
✅ [5/6/2026, 11:01:55 am] COMPLETED: fsi-ppc2 [Desktop - Chrome][CHROMIUM]

================================================================
🚀 [5/6/2026, 11:01:55 am] RUNNING: PPC-ST [DESKTOP - CHROME]
🔗 Target URL: https://flmtra.com/?a=659&oc=837&c=2210&s1=
================================================================
[ppc-st][Desktop - Chrome] 🔌 [Browser Interceptor] Intercepting and optimizing engine: CHROMIUM
[ppc-st][Desktop - Chrome] ◇ injected env (0) from .env // tip: ⌘ multiple files { path: ['.env.local', '.env'] }
[ppc-st][Desktop - Chrome] ◇ injected env (0) from .env // tip: ◈ secrets for agents [www.dotenvx.com]
[ppc-st][Desktop - Chrome] ◇ injected env (0) from .env // tip: ⌘ multiple files { path: ['.env.local', '.env'] }
[ppc-st][Desktop - Chrome] ◇ injected env (0) from .env // tip: ⌘ enable debugging { debug: true }
[ppc-st][Desktop - Chrome] ◇ injected env (0) from .env // tip: ⌘ enable debugging { debug: true }
[ppc-st][Desktop - Chrome] ◇ injected env (0) from .env // tip: ⌘ multiple files { path: ['.env.local', '.env'] }
[ppc-st][Desktop - Chrome] 
🤖 ================================================================
🤖 MASTER RUNNER: LAUNCHING PPC-ST
[ppc-st][Desktop - Chrome] 🤖 Mode:            DESKTOP
🤖 Tracking URL:     https://flmtra.com/?a=659&oc=837&c=2210&s1=
[ppc-st][Desktop - Chrome] 🤖 Target Sheet:    PPC-ST
🤖 ================================================================
[ppc-st][Desktop - Chrome] 🔌 [Browser Interceptor] Intercepting and optimizing engine: CHROMIUM
[ppc-st][Desktop - Chrome] 🔌 [Browser Interceptor] Speed Optimization: Capping slowMo from 2000ms to 100ms
[ppc-st][Desktop - Chrome] 💻 Emulated Device Profile: DESKTOP - [Desktop - Chrome]
[ppc-st][Desktop - Chrome] 🔄 Processing lead for brand: PPC-ST
[ppc-st][Desktop - Chrome] 📊 Campaign execution run index: 73
[ppc-st][Desktop - Chrome] 📅 [Forced Override] Friday, June 5th forced to Week 1 Monday range: 0 - 7,500
📅 [Rotational Logic] Week 1 Day 5. Target Range: 1000-7500 (Max allowed by URL: 18000)
[ppc-st][Desktop - Chrome] 🔗 Navigating to: https://flmtra.com/?a=659&oc=837&c=2210&s1=
[tra-cpl][Desktop - Chrome] ✅ Filled Phone: 401-247-1077
[tra-cpl][Desktop - Chrome] 🔘 No active contact NEXT/SUBMIT button visible. Exiting loop.
[tra-cpl][Desktop - Chrome] ✅ Thank you page detected before Step 6. Exiting form filling.
[tra-cpl][Desktop - Chrome] 🔘 Submitting form
✅ Form already submitted. Bypassing submitForm logic.
[tra-cpl][Desktop - Chrome] ⏳ Waiting for final redirect to Thank You page...
[tra-cpl][Desktop - Chrome] ✅ Targeted final redirect URL achieved!
[tra-cpl][Desktop - Chrome] ✅ Final Thank You URL: https://tra.com/thank-you?debt=1000&leadid=F260D57B&reqid=26865747&affid=659&oid=133
📋 [Pre-Fix] Thank-you URL before debt correction: https://tra.com/thank-you?debt=1000&leadid=F260D57B&reqid=26865747&affid=659&oid=133
[tra-cpl][Desktop - Chrome] 💾 [Debt Debug] formPage.selectedSliderAmount = "1,000"
💾 [Debt Debug] selectedDebtNum (mapped value) = "1000"
[tra-cpl][Desktop - Chrome] 🔧 [Debt Fix] Current debt in URL: 1000, Should be: 1000
✅ [Debt Fix] Debt parameter already correct
[tra-cpl][Desktop - Chrome] 📋 [Diagnostic] Full Thank You URL Parameters: {"debt":"1000","leadid":"F260D57B","reqid":"26865747","affid":"659","oid":"133"}
[tra-cpl][Desktop - Chrome] ✅ Extracted Lead ID: F260D57B
[tra-cpl][Desktop - Chrome] 📱 Device Type detected: Desktop - Chrome
[tra-cpl][Desktop - Chrome] ✅ Lead captured: F260D57B
[tra-cpl][Desktop - Chrome] 📡 Fetching First API data for Lead ID: F260D57B...
[tra-cpl][Desktop - Chrome] 📡 Raw XML Response: {
  "lead_info_response": {
    "$": {
      "xmlns:xsd": "http://www.w3.org/2001/XMLSchema",
      "xmlns:xsi": "http://www.w3.org/2001/XMLSchema-instance",
      "xmlns": "http://cakemarketing.com/api/1/"
    },
    "success": "true",
    "row_count": "1",
    "lead_id": "F260D57B",
    "personal_info": {
      "first_name": "CKMTESTPIXEL",
      "last_name": "CKMTESTPIXEL",
      "email_address": "ckmtestpixel@gmail.com",
      "address": {
        "street": "",
        "city": "",
        "state": "NV",
        "zip_code": "89133",
        "country": ""
      },
      "ip_address": "27.54.170.27",
      "phone_work": "",
      "phone_home": "401-247-1077",
      "phone_cell": "",
      "best_call_time": "",
      "opt_in": "false"
    },
    "traffic_info": {
      "lead_date": "2026-06-04T22:31:50.72",
      "payout": {
        "currency_id": "1",
        "amount": "0.0000",
        "formatted_amount": "$0.00"
      },
      "affiliate": {
        "affiliate_id": {
          "_": "659",
          "$": {
            "xmlns": "API:id_name_store"
          }
        },
        "affiliate_name": {
          "_": "QA affiliate",
          "$": {
            "xmlns": "API:id_name_store"
          }
        }
      },
      "campaign": {
        "campaign_id": {
          "_": "4075",
          "$": {
            "xmlns": "API:id_name_store"
          }
        },
        "campaign_name": {
          "_": "TRA.com CPL - CPL - CPA - $1.00",
          "$": {
            "xmlns": "API:id_name_store"
          }
        }
      },
      "creative_id": "2210",
      "subid_1": "",
      "subid_2": "",
      "subid_3": "",
      "subid_4": "",
      "subid_5": "",
      "referrer": "",
      "pixel_fired": "true",
      "returned_to_affiliate": "false",
      "test": "true",
      "upsell": "false"
    },
    "all_vertical_data": {
      "data": {
        "$": {
          "xmlns": ""
        },
        "tax_debt": "1000",
        "universal_leadid": "05807AAA-506A-8E99-CE94-A3B24F88CA83",
        "affid": "659",
        "TCPA_checkbox": "1",
        "reqid": "26865747",
        "page": "https://tra.com/list",
        "neustar": "under",
        "first_name_lower": "ckmtestpixel",
        "last_name_lower": "ckmtestpixel",
        "opt_special_offers": "on",
        "ckm_campaign_id": "3953"
      }
    },
    "dispositions": {
      "disposition": [
        {
          "disposition_type": "Not Paid For",
          "reason": "Unmatched Filter",
          "filter": "Min Tax Debt"
        },
        {
          "disposition_type": "Not Paid For",
          "reason": "Unmatched Filter",
          "filter": "Nuestar Fail"
        }
      ]
    },
    "pings": "",
    "posts": "",
    "sales": ""
  }
}
✅ First API Data retrieved on attempt 1
[tra-cpl][Desktop - Chrome] 📡 Fetching Second API data for Lead ID: F260D57B...
[tra-cpl][Desktop - Chrome] 📡 Standard Second API Payload: cake_id=F260D57B, domain_name=https://www.taxreliefadvocates.com
[tra-cpl][Desktop - Chrome] [STDERR] (node:14628) Warning: Setting the NODE_TLS_REJECT_UNAUTHORIZED environment variable to '0' makes TLS connections and HTTPS requests insecure by disabling certificate verification.
(Use `node --trace-warnings ...` to show where the warning was created)
[tra-d3][Desktop - Chrome] ✅ Final Thank You URL: https://tra.com/dt3?debt=&reqid=26865746&affid=659#tax_debt#&leadid=#leadid#&reqid=26865746&affid=659&subid=
📋 [Pre-Fix] Thank-you URL before debt correction: https://tra.com/dt3?debt=&reqid=26865746&affid=659#tax_debt#&leadid=#leadid#&reqid=26865746&affid=659&subid=
[tra-d3][Desktop - Chrome] 💾 [Debt Debug] formPage.selectedSliderAmount = "2,000"
💾 [Debt Debug] selectedDebtNum (mapped value) = "2000"
🔧 [Debt Fix] Current debt in URL: , Should be: 2000
🔧 [Debt Fix] Correcting debt parameter:  → 2000
[tra-d3][Desktop - Chrome] ✅ [Debt Fix] Updated thank-you URL: https://tra.com/dt3?debt=2000&reqid=26865746&affid=659#tax_debt#&leadid=#leadid#&reqid=26865746&affid=659&subid=
[tra-d3][Desktop - Chrome] 📋 [Diagnostic] Full Thank You URL Parameters: {"debt":"2000","reqid":"26865746","affid":"659"}
[tra-d3][Desktop - Chrome] 🔍 [DOM Deep-Scan] URL ID missing or non-standard (e.g. numeric reqid). Searching for Hex-8 or GUID IDs...
[tra-d3][Desktop - Chrome] ✅ Extracted Lead ID: 34E8E5EC
[tra-d3][Desktop - Chrome] 📱 Device Type detected: Desktop - Chrome
[tra-d3][Desktop - Chrome] ✅ Lead captured: 34E8E5EC
[tra-d3][Desktop - Chrome] 🔧 [URL Fix] Appending leadid=34E8E5EC to Thank You URL
[tra-d3][Desktop - Chrome] 📡 Fetching First API data for Lead ID: 34E8E5EC...
[tra-cpl][Desktop - Chrome] [STDERR] ⚠️  Attempt 1: Second API returned no DBID. Response: {"status":false,"message":"Domain not found in configuration: taxreliefadvocates.com"}
[tra-cpl][Desktop - Chrome] ⏳ Retrying in 1 second to allow database synchronization...
[tra-cpl][Desktop - Chrome] 📡 Standard Second API Payload: cake_id=F260D57B, domain_name=https://www.taxreliefadvocates.com
[tra-cpl][Desktop - Chrome] [STDERR] ⚠️  Attempt 2: Second API returned no DBID. Response: {"status":false,"message":"Domain not found in configuration: taxreliefadvocates.com"}
[tra-cpl][Desktop - Chrome] ⏳ Retrying in 1 second to allow database synchronization...
[tra-cpl][Desktop - Chrome] 📡 Standard Second API Payload: cake_id=F260D57B, domain_name=https://www.taxreliefadvocates.com
[tra-d3][Desktop - Chrome] 📡 Raw XML Response: {
  "lead_info_response": {
    "$": {
      "xmlns:xsd": "http://www.w3.org/2001/XMLSchema",
      "xmlns:xsi": "http://www.w3.org/2001/XMLSchema-instance",
      "xmlns": "http://cakemarketing.com/api/1/"
    },
    "success": "false",
    "message": "Lead/Vertical Not Found",
    "row_count": "0"
  }
}
[tra-d3][Desktop - Chrome] [STDERR] ⚠️  Attempt 1: First API returned empty lead data or success=false
[tra-d3][Desktop - Chrome] ⏳ Retrying in 1.5 seconds...
[tra-cpl][Desktop - Chrome] [STDERR] ⚠️  Attempt 3: Second API returned no DBID. Response: {"status":false,"message":"Domain not found in configuration: taxreliefadvocates.com"}
[tra-cpl][Desktop - Chrome] ⏳ Retrying in 1 second to allow database synchronization...
[tra-cpl][Desktop - Chrome] 📡 Standard Second API Payload: cake_id=F260D57B, domain_name=https://www.taxreliefadvocates.com
[tra-cpl][Desktop - Chrome] [STDERR] ⚠️  Attempt 4: Second API returned no DBID. Response: {"status":false,"message":"Domain not found in configuration: taxreliefadvocates.com"}
[tra-cpl][Desktop - Chrome] ⏳ Retrying in 1 second to allow database synchronization...
[tra-d3][Desktop - Chrome] 📡 Raw XML Response: {
  "lead_info_response": {
    "$": {
      "xmlns:xsd": "http://www.w3.org/2001/XMLSchema",
      "xmlns:xsi": "http://www.w3.org/2001/XMLSchema-instance",
      "xmlns": "http://cakemarketing.com/api/1/"
    },
    "success": "false",
    "message": "Lead/Vertical Not Found",
    "row_count": "0"
  }
}
[tra-d3][Desktop - Chrome] [STDERR] ⚠️  Attempt 2: First API returned empty lead data or success=false
[tra-d3][Desktop - Chrome] ⏳ Retrying in 1.5 seconds...
[tra-cpl][Desktop - Chrome] 📡 Standard Second API Payload: cake_id=F260D57B, domain_name=https://www.taxreliefadvocates.com
[tra-cpl][Desktop - Chrome] [STDERR] ⚠️  Attempt 5: Second API returned no DBID. Response: {"status":false,"message":"Domain not found in configuration: taxreliefadvocates.com"}
[tra-cpl][Desktop - Chrome] 📡 [Rest-Assurance] Verifying Lead ID: F260D57B via Backend...
[tra-cpl][Desktop - Chrome] 🛡️  [Rest-Assurance] VERIFIED (Backend Debt: 1000)
[tra-d3][Desktop - Chrome] 📡 Raw XML Response: {
  "lead_info_response": {
    "$": {
      "xmlns:xsd": "http://www.w3.org/2001/XMLSchema",
      "xmlns:xsi": "http://www.w3.org/2001/XMLSchema-instance",
      "xmlns": "http://cakemarketing.com/api/1/"
    },
    "success": "false",
    "message": "Lead/Vertical Not Found",
    "row_count": "0"
  }
}
⏳ Retrying in 1.5 seconds...
[tra-d3][Desktop - Chrome] [STDERR] ⚠️  Attempt 3: First API returned empty lead data or success=false
[tra-cpl][Desktop - Chrome] ✅ Row appended successfully to sheet: TRA-CPL
[tra-cpl][Desktop - Chrome] ✨ Fast formatting applied to newly appended row 273 of TRA-CPL
[tra-cpl][Desktop - Chrome] 🤖 [AI Agent Audit] Status: FAIL
🤖 [AI Agent Audit] Details: MISMATCH DETECTED: UI 1,000 Expected 5,000 but API got 1000
✅ Lead processed successfully for TRA-CPL
[tra-cpl][Desktop - Chrome] [STDERR] 🚨 [AI Agent] Data mismatch detected for TRA-CPL. Please review Google Sheet.
[tra-d3][Desktop - Chrome] 📡 Raw XML Response: {
  "lead_info_response": {
    "$": {
      "xmlns:xsd": "http://www.w3.org/2001/XMLSchema",
      "xmlns:xsi": "http://www.w3.org/2001/XMLSchema-instance",
      "xmlns": "http://cakemarketing.com/api/1/"
    },
    "success": "false",
    "message": "Lead/Vertical Not Found",
    "row_count": "0"
  }
}
⏳ Retrying in 1.5 seconds...
[tra-d3][Desktop - Chrome] [STDERR] ⚠️  Attempt 4: First API returned empty lead data or success=false
[tra-cpl][Desktop - Chrome] 🎥 Video saved successfully: traces/videos/TRA-CPL_TRA-CPL.webm
[tra-cpl][Desktop - Chrome] 
✅ Execution successfully processed! { success: true, leadId: 'F260D57B', brand: 'TRA-CPL' }
[tra-cpl][Desktop - Chrome] 📋 Trace report successfully saved: traces/tra-cpl_desktop.zip
[tra-d3][Desktop - Chrome] 📡 Raw XML Response: {
  "lead_info_response": {
    "$": {
      "xmlns:xsd": "http://www.w3.org/2001/XMLSchema",
      "xmlns:xsi": "http://www.w3.org/2001/XMLSchema-instance",
      "xmlns": "http://cakemarketing.com/api/1/"
    },
    "success": "false",
    "message": "Lead/Vertical Not Found",
    "row_count": "0"
  }
}
[tra-d3][Desktop - Chrome] [STDERR] ⚠️  Attempt 5: First API returned empty lead data or success=false
[tra-d3][Desktop - Chrome] ⏳ Retrying in 1.5 seconds...
✅ [5/6/2026, 11:02:11 am] COMPLETED: tra-cpl [Desktop - Chrome][CHROMIUM]

================================================================
🚀 [5/6/2026, 11:02:11 am] RUNNING: PPC-ST2 [DESKTOP - CHROME]
🔗 Target URL: https://flmtra.com/?a=659&oc=858&c=2210&s1=
================================================================
[ppc-st2][Desktop - Chrome] 🔌 [Browser Interceptor] Intercepting and optimizing engine: CHROMIUM
[ppc-st2][Desktop - Chrome] ◇ injected env (0) from .env // tip: ⌘ custom filepath { path: '/custom/path/.env' }
[ppc-st2][Desktop - Chrome] ◇ injected env (0) from .env // tip: ⌁ auth for agents [www.vestauth.com]
[ppc-st2][Desktop - Chrome] ◇ injected env (0) from .env // tip: ⌘ enable debugging { debug: true }
[ppc-st2][Desktop - Chrome] ◇ injected env (0) from .env // tip: ⌘ suppress logs { quiet: true }
[ppc-st2][Desktop - Chrome] ◇ injected env (0) from .env // tip: ◈ secrets for agents [www.dotenvx.com]
[ppc-st2][Desktop - Chrome] ◇ injected env (0) from .env // tip: ◈ secrets for agents [www.dotenvx.com]
[ppc-st2][Desktop - Chrome] 
🤖 ================================================================
[ppc-st2][Desktop - Chrome] 🤖 MASTER RUNNER: LAUNCHING PPC-ST2
🤖 Mode:            DESKTOP
[ppc-st2][Desktop - Chrome] 🤖 Tracking URL:     https://flmtra.com/?a=659&oc=858&c=2210&s1=
[ppc-st2][Desktop - Chrome] 🤖 Target Sheet:    PPC-ST2
🤖 ================================================================
[ppc-st2][Desktop - Chrome] 🔌 [Browser Interceptor] Intercepting and optimizing engine: CHROMIUM
[ppc-st2][Desktop - Chrome] 🔌 [Browser Interceptor] Speed Optimization: Capping slowMo from 2000ms to 100ms
[ppc-st2][Desktop - Chrome] 💻 Emulated Device Profile: DESKTOP - [Desktop - Chrome]
[tra-d3][Desktop - Chrome] 📡 Raw XML Response: {
  "lead_info_response": {
    "$": {
      "xmlns:xsd": "http://www.w3.org/2001/XMLSchema",
      "xmlns:xsi": "http://www.w3.org/2001/XMLSchema-instance",
      "xmlns": "http://cakemarketing.com/api/1/"
    },
    "success": "false",
    "message": "Lead/Vertical Not Found",
    "row_count": "0"
  }
}
[tra-d3][Desktop - Chrome] [STDERR] ⚠️  Attempt 6: First API returned empty lead data or success=false
[tra-d3][Desktop - Chrome] 📡 Fetching Second API data for Lead ID: 34E8E5EC...
[tra-d3][Desktop - Chrome] 📡 Standard Second API Payload: cake_id=34E8E5EC, domain_name=https://www.taxreliefadvocates.com
[tra-d3][Desktop - Chrome] [STDERR] (node:1188) Warning: Setting the NODE_TLS_REJECT_UNAUTHORIZED environment variable to '0' makes TLS connections and HTTPS requests insecure by disabling certificate verification.
(Use `node --trace-warnings ...` to show where the warning was created)
[ppc-st2][Desktop - Chrome] 🔄 Processing lead for brand: PPC-ST2
[ppc-st2][Desktop - Chrome] 📊 Campaign execution run index: 70
[ppc-st2][Desktop - Chrome] 📅 [Forced Override] Friday, June 5th forced to Week 1 Monday range: 0 - 7,500
[ppc-st2][Desktop - Chrome] 📅 [Rotational Logic] Week 1 Day 5. Target Range: 1000-7500 (Max allowed by URL: 20000)
[ppc-st2][Desktop - Chrome] 🔗 Navigating to: https://flmtra.com/?a=659&oc=858&c=2210&s1=
[tra-d3][Desktop - Chrome] [STDERR] ⚠️  Attempt 1: Second API returned no DBID. Response: {"status":false,"message":"Domain not found in configuration: taxreliefadvocates.com"}
[tra-d3][Desktop - Chrome] ⏳ Retrying in 1 second to allow database synchronization...
[tra-d3][Desktop - Chrome] 📡 Standard Second API Payload: cake_id=34E8E5EC, domain_name=https://www.taxreliefadvocates.com
[tra-d3][Desktop - Chrome] [STDERR] ⚠️  Attempt 2: Second API returned no DBID. Response: {"status":false,"message":"Domain not found in configuration: taxreliefadvocates.com"}
[tra-d3][Desktop - Chrome] ⏳ Retrying in 1 second to allow database synchronization...
[tra-d3][Desktop - Chrome] 📡 Standard Second API Payload: cake_id=34E8E5EC, domain_name=https://www.taxreliefadvocates.com
[tra-d3][Desktop - Chrome] [STDERR] ⚠️  Attempt 3: Second API returned no DBID. Response: {"status":false,"message":"Domain not found in configuration: taxreliefadvocates.com"}
[tra-d3][Desktop - Chrome] ⏳ Retrying in 1 second to allow database synchronization...
[tra-d3][Desktop - Chrome] 📡 Standard Second API Payload: cake_id=34E8E5EC, domain_name=https://www.taxreliefadvocates.com
[tra-d3][Desktop - Chrome] [STDERR] ⚠️  Attempt 4: Second API returned no DBID. Response: {"status":false,"message":"Domain not found in configuration: taxreliefadvocates.com"}
[tra-d3][Desktop - Chrome] ⏳ Retrying in 1 second to allow database synchronization...
[tra-d3][Desktop - Chrome] 📡 Standard Second API Payload: cake_id=34E8E5EC, domain_name=https://www.taxreliefadvocates.com
[tra-d3][Desktop - Chrome] [STDERR] ⚠️  Attempt 5: Second API returned no DBID. Response: {"status":false,"message":"Domain not found in configuration: taxreliefadvocates.com"}
[tra-d3][Desktop - Chrome] 📡 [Rest-Assurance] Verifying Lead ID: 34E8E5EC via Backend...
[tra-d3][Desktop - Chrome] [STDERR] 🛡️  [Rest-Assurance] VERIFICATION_FAILED: Lead not found in Backend
[ppc-st2][Desktop - Chrome] ✅ Page loaded successfully
[ppc-st2][Desktop - Chrome] 📝 Starting multi-step form filling process...
[ppc-st2][Desktop - Chrome] 🔘 Step 1: Handling Debt Amount (1,000)
[ppc-st2][Desktop - Chrome] 🔘 Found jQuery UI Slider #slider. Setting value via jQuery and DOM evaluation...
[ppc-st2][Desktop - Chrome] ✅ Set jQuery UI Slider #slider to 1,000
[ppc-st][Desktop - Chrome] ✅ Page loaded successfully
[ppc-st][Desktop - Chrome] 📝 Starting multi-step form filling process...
[ppc-st][Desktop - Chrome] 🔘 Step 1: Handling Debt Amount (4,000)
[ppc-st][Desktop - Chrome] 🔘 Found jQuery UI Slider #slider. Setting value via jQuery and DOM evaluation...
[ppc-st][Desktop - Chrome] ✅ Set jQuery UI Slider #slider to 4,000
[ppc-st2][Desktop - Chrome] 🔘 Attempting to click .next-btn1, .btn-next
[tra-d3][Desktop - Chrome] ✅ Row appended successfully to sheet: TRA-DT3
[tra-d3][Desktop - Chrome] ✨ Fast formatting applied to newly appended row 226 of TRA-DT3
[tra-d3][Desktop - Chrome] 🤖 [AI Agent Audit] Status: FAIL
[tra-d3][Desktop - Chrome] [STDERR] 🚨 [AI Agent] Data mismatch detected for TRA-D3. Please review Google Sheet.
[tra-d3][Desktop - Chrome] 🤖 [AI Agent Audit] Details: MISMATCH DETECTED: UI 2,000 Expected 5,000 but API got undefined
✅ Lead processed successfully for TRA-D3
[ppc-st2][Desktop - Chrome] ✅ Clicked .next-btn1, .btn-next
[ppc-st][Desktop - Chrome] 🔘 Attempting to click .next-btn1, .btn-next
[ppc-st][Desktop - Chrome] ✅ Clicked .next-btn1, .btn-next
[ppc-st2][Desktop - Chrome] ✅ Reached a recognized terminal step (State or Contact). Stopping dynamic traversal.
[ppc-st2][Desktop - Chrome] 🔘 Step: Selecting State
[ppc-st2][Desktop - Chrome] ✅ Selected state dynamically: "Massachusetts"
📝 step3 column set to State: "Massachusetts"
[ppc-st2][Desktop - Chrome] 🔘 Clicking generic NEXT button
[ppc-st][Desktop - Chrome] ✅ Reached a recognized terminal step (State or Contact). Stopping dynamic traversal.
[ppc-st][Desktop - Chrome] 🔘 Step: Selecting State
[ppc-st2][Desktop - Chrome] ✅ Clicked generic NEXT button
[ppc-st][Desktop - Chrome] ✅ Selected state dynamically: "Mississippi"
[ppc-st][Desktop - Chrome] 📝 step3 column set to State: "Mississippi"
[ppc-st][Desktop - Chrome] 🔘 Clicking generic NEXT button
[ppc-st][Desktop - Chrome] ✅ Clicked generic NEXT button
[tra-d3][Desktop - Chrome] 🎥 Video saved successfully: traces/videos/TRA-DT3_TRA-D3.webm
[tra-d3][Desktop - Chrome] 
✅ Execution successfully processed! { success: true, leadId: '34E8E5EC', brand: 'TRA-D3' }
[ppc-st2][Desktop - Chrome] 🔘 Filling Contact Info (Dynamic Loop)...
[ppc-st][Desktop - Chrome] 🔘 Filling Contact Info (Dynamic Loop)...
[tra-d3][Desktop - Chrome] 📋 Trace report successfully saved: traces/tra-d3_desktop.zip
[ppc-st2][Desktop - Chrome] ✅ Filled First Name: ckmtestpixel
✅ [5/6/2026, 11:02:26 am] COMPLETED: tra-d3 [Desktop - Chrome][CHROMIUM]

================================================================
🚀 [5/6/2026, 11:02:26 am] RUNNING: PPC-M-CA [DESKTOP - CHROME]
🔗 Target URL: https://flmtra.com/?a=659&oc=822&c=2210&s1=
================================================================
[ppc-st][Desktop - Chrome] ✅ Filled First Name: ckmtestpixel
[ppc-st2][Desktop - Chrome] ✅ Filled Last Name: ckmtestpixel
[ppc-m-ca][Desktop - Chrome] 🔌 [Browser Interceptor] Intercepting and optimizing engine: CHROMIUM
[ppc-m-ca][Desktop - Chrome] ◇ injected env (0) from .env // tip: ⌘ enable debugging { debug: true }
[ppc-m-ca][Desktop - Chrome] ◇ injected env (0) from .env // tip: ◈ secrets for agents [www.dotenvx.com]
[ppc-m-ca][Desktop - Chrome] ◇ injected env (0) from .env // tip: ⌘ suppress logs { quiet: true }
[ppc-m-ca][Desktop - Chrome] ◇ injected env (0) from .env // tip: ⌘ multiple files { path: ['.env.local', '.env'] }
[ppc-st][Desktop - Chrome] ✅ Filled Last Name: ckmtestpixel
[ppc-st2][Desktop - Chrome] ✅ Filled Email: ckmtestpixel@gmail.com
[ppc-st][Desktop - Chrome] ✅ Filled Email: ckmtestpixel@gmail.com
[ppc-st2][Desktop - Chrome] ✅ Filled Phone: 401-247-1070
[ppc-st2][Desktop - Chrome] 🔘 Clicking active contact NEXT/SUBMIT button...
[ppc-st][Desktop - Chrome] ✅ Filled Phone: 401-247-1073
[ppc-m-ca][Desktop - Chrome] ◇ injected env (0) from .env // tip: ⌘ override existing { override: true }
[ppc-m-ca][Desktop - Chrome] ◇ injected env (0) from .env // tip: ⌘ suppress logs { quiet: true }
[ppc-m-ca][Desktop - Chrome] 
🤖 ================================================================
[ppc-m-ca][Desktop - Chrome] 🤖 MASTER RUNNER: LAUNCHING PPC-M-CA
[ppc-m-ca][Desktop - Chrome] 🤖 Mode:            DESKTOP
[ppc-m-ca][Desktop - Chrome] 🤖 Tracking URL:     https://flmtra.com/?a=659&oc=822&c=2210&s1=
[ppc-m-ca][Desktop - Chrome] 🤖 Target Sheet:    PPC-M/CA
🤖 ================================================================
[ppc-m-ca][Desktop - Chrome] 🔌 [Browser Interceptor] Intercepting and optimizing engine: CHROMIUM
[ppc-m-ca][Desktop - Chrome] 🔌 [Browser Interceptor] Speed Optimization: Capping slowMo from 2000ms to 100ms
[ppc-st][Desktop - Chrome] 🔘 Clicking active contact NEXT/SUBMIT button...
[ppc-m-ca][Desktop - Chrome] 💻 Emulated Device Profile: DESKTOP - [Desktop - Chrome]
[ppc-m-ca][Desktop - Chrome] 🔄 Processing lead for brand: PPC-M-CA
[ppc-m-ca][Desktop - Chrome] 📊 Campaign execution run index: 70
[ppc-m-ca][Desktop - Chrome] 📅 [Forced Override] Friday, June 5th forced to Week 1 Monday range: 0 - 7,500
📅 [Rotational Logic] Week 1 Day 5. Target Range: 1000-7500 (Max allowed by URL: 50000)
[ppc-m-ca][Desktop - Chrome] 🔗 Navigating to: https://flmtra.com/?a=659&oc=822&c=2210&s1=
[ppc-st2][Desktop - Chrome] ✅ Filled Phone: 401-247-1070
[ppc-st2][Desktop - Chrome] 🔘 Clicking active contact NEXT/SUBMIT button...
[ppc-st2][Desktop - Chrome] ✅ Filled Phone: 401-247-1070
[ppc-st2][Desktop - Chrome] 🔘 Clicking active contact NEXT/SUBMIT button...
[ppc-st2][Desktop - Chrome] ✅ Filled Phone: 401-247-1070
[ppc-st2][Desktop - Chrome] 🔘 Clicking active contact NEXT/SUBMIT button...
[ppc-st][Desktop - Chrome] ✅ Filled Phone: 401-247-1073
[ppc-st][Desktop - Chrome] 🔘 No active contact NEXT/SUBMIT button visible. Exiting loop.
[ppc-st][Desktop - Chrome] ✅ Thank you page detected before Step 6. Exiting form filling.
🔘 Submitting form
✅ Form already submitted. Bypassing submitForm logic.
[ppc-st][Desktop - Chrome] ⏳ Waiting for final redirect to Thank You page...
[ppc-st][Desktop - Chrome] ✅ Targeted final redirect URL achieved!
[ppc-st][Desktop - Chrome] ✅ Final Thank You URL: https://tra.com/thank-you/nn?debt=5000&leadid=421A823D&reqid=26865749&affid=659&oid=133
[ppc-st][Desktop - Chrome] 📋 [Pre-Fix] Thank-you URL before debt correction: https://tra.com/thank-you/nn?debt=5000&leadid=421A823D&reqid=26865749&affid=659&oid=133
[ppc-st][Desktop - Chrome] 💾 [Debt Debug] formPage.selectedSliderAmount = "4,000"
💾 [Debt Debug] selectedDebtNum (mapped value) = "4000"
[ppc-st][Desktop - Chrome] 🔧 [Debt Fix] Current debt in URL: 5000, Should be: 4000
🔧 [Debt Fix] Correcting debt parameter: 5000 → 4000
[ppc-st][Desktop - Chrome] ✅ [Debt Fix] Updated thank-you URL: https://tra.com/thank-you/nn?debt=4000&leadid=421A823D&reqid=26865749&affid=659&oid=133
[ppc-st][Desktop - Chrome] 📋 [Diagnostic] Full Thank You URL Parameters: {"debt":"4000","leadid":"421A823D","reqid":"26865749","affid":"659","oid":"133"}
[ppc-st][Desktop - Chrome] ✅ Extracted Lead ID: 421A823D
[ppc-st][Desktop - Chrome] 📱 Device Type detected: Desktop - Chrome
[ppc-st][Desktop - Chrome] ✅ Lead captured: 421A823D
[ppc-st][Desktop - Chrome] 📡 Fetching First API data for Lead ID: 421A823D...
[ppc-m-ca][Desktop - Chrome] ✅ Page loaded successfully
[ppc-m-ca][Desktop - Chrome] 📝 Starting multi-step form filling process...
[ppc-m-ca][Desktop - Chrome] 🔘 Step 1: Handling Debt Amount (1,000)
[ppc-m-ca][Desktop - Chrome] 🔘 Found jQuery UI Slider #slider. Setting value via jQuery and DOM evaluation...
[ppc-m-ca][Desktop - Chrome] ✅ Set jQuery UI Slider #slider to 1,000
[ppc-m-ca][Desktop - Chrome] 🔘 Attempting to click .next-btn1, .btn-next
[ppc-m-ca][Desktop - Chrome] ✅ Clicked .next-btn1, .btn-next
[ppc-st][Desktop - Chrome] 📡 Raw XML Response: {
  "lead_info_response": {
    "$": {
      "xmlns:xsd": "http://www.w3.org/2001/XMLSchema",
      "xmlns:xsi": "http://www.w3.org/2001/XMLSchema-instance",
      "xmlns": "http://cakemarketing.com/api/1/"
    },
    "success": "true",
    "row_count": "1",
    "lead_id": "421A823D",
    "personal_info": {
      "first_name": "CKMTESTPIXEL",
      "last_name": "CKMTESTPIXEL",
      "email_address": "ckmtestpixel@gmail.com",
      "address": {
        "street": "",
        "city": "",
        "state": "MS",
        "zip_code": "39464",
        "country": ""
      },
      "ip_address": "27.54.170.27",
      "phone_work": "",
      "phone_home": "401-247-1073",
      "phone_cell": "",
      "best_call_time": "",
      "opt_in": "false"
    },
    "traffic_info": {
      "lead_date": "2026-06-04T22:32:31",
      "payout": {
        "currency_id": "1",
        "amount": "0.0000",
        "formatted_amount": "$0.00"
      },
      "affiliate": {
        "affiliate_id": {
          "_": "659",
          "$": {
            "xmlns": "API:id_name_store"
          }
        },
        "affiliate_name": {
          "_": "QA affiliate",
          "$": {
            "xmlns": "API:id_name_store"
          }
        }
      },
      "campaign": {
        "campaign_id": {
          "_": "4444",
          "$": {
            "xmlns": "API:id_name_store"
          }
        },
        "campaign_name": {
          "_": "TRA.com CPL - PPC ST - CPA - $1.00",
          "$": {
            "xmlns": "API:id_name_store"
          }
        }
      },
      "creative_id": "2210",
      "subid_1": "",
      "subid_2": "",
      "subid_3": "",
      "subid_4": "",
      "subid_5": "",
      "referrer": "",
      "pixel_fired": "true",
      "returned_to_affiliate": "false",
      "test": "true",
      "upsell": "false"
    },
    "all_vertical_data": {
      "data": {
        "$": {
          "xmlns": ""
        },
        "tax_debt": "5000",
        "universal_leadid": "D1972209-BE83-D4EA-F032-5E1788C2AD5B",
        "affid": "659",
        "TCPA_checkbox": "1",
        "reqid": "26865749",
        "page": "https://tra.com/ppc/st",
        "neustar": "under",
        "first_name_lower": "ckmtestpixel",
        "last_name_lower": "ckmtestpixel",
        "opt_special_offers": "on",
        "ckm_campaign_id": "4444"
      }
    },
    "dispositions": "",
    "pings": "",
    "posts": "",
    "sales": ""
  }
}
[ppc-st][Desktop - Chrome] ✅ First API Data retrieved on attempt 1
[ppc-st][Desktop - Chrome] 📡 Fetching Second API data for Lead ID: 421A823D...
[ppc-st][Desktop - Chrome] 📡 Standard Second API Payload: cake_id=421A823D, domain_name=https://www.taxreliefadvocates.com
[ppc-st][Desktop - Chrome] [STDERR] (node:23984) Warning: Setting the NODE_TLS_REJECT_UNAUTHORIZED environment variable to '0' makes TLS connections and HTTPS requests insecure by disabling certificate verification.
(Use `node --trace-warnings ...` to show where the warning was created)
[ppc-st][Desktop - Chrome] [STDERR] ⚠️  Attempt 1: Second API returned no DBID. Response: {"status":false,"message":"Domain not found in configuration: taxreliefadvocates.com"}
[ppc-st][Desktop - Chrome] ⏳ Retrying in 1 second to allow database synchronization...
[ppc-m-ca][Desktop - Chrome] ✅ Reached a recognized terminal step (State or Contact). Stopping dynamic traversal.
[ppc-m-ca][Desktop - Chrome] 🔘 Step: Selecting State
[ppc-m-ca][Desktop - Chrome] ✅ Selected state dynamically: "Massachusetts"
📝 step3 column set to State: "Massachusetts"
[ppc-m-ca][Desktop - Chrome] 🔘 Clicking generic NEXT button
[ppc-m-ca][Desktop - Chrome] ✅ Clicked generic NEXT button
[ppc-st][Desktop - Chrome] 📡 Standard Second API Payload: cake_id=421A823D, domain_name=https://www.taxreliefadvocates.com
[ppc-st][Desktop - Chrome] [STDERR] ⚠️  Attempt 2: Second API returned no DBID. Response: {"status":false,"message":"Domain not found in configuration: taxreliefadvocates.com"}
[ppc-st][Desktop - Chrome] ⏳ Retrying in 1 second to allow database synchronization...
[ppc-st][Desktop - Chrome] 📡 Standard Second API Payload: cake_id=421A823D, domain_name=https://www.taxreliefadvocates.com
[ppc-m-ca][Desktop - Chrome] 🔘 Filling Contact Info (Dynamic Loop)...
[ppc-st][Desktop - Chrome] [STDERR] ⚠️  Attempt 3: Second API returned no DBID. Response: {"status":false,"message":"Domain not found in configuration: taxreliefadvocates.com"}
[ppc-st][Desktop - Chrome] ⏳ Retrying in 1 second to allow database synchronization...
[ppc-m-ca][Desktop - Chrome] ✅ Filled First Name: ckmtestpixel
[ppc-st2][Desktop - Chrome] ✅ Filled Phone: 401-247-1070
[ppc-st2][Desktop - Chrome] 🔘 No active contact NEXT/SUBMIT button visible. Exiting loop.
[ppc-st2][Desktop - Chrome] ✅ Thank you page detected before Step 6. Exiting form filling.
[ppc-st2][Desktop - Chrome] 🔘 Submitting form
[ppc-st2][Desktop - Chrome] ✅ Form already submitted. Bypassing submitForm logic.
[ppc-st2][Desktop - Chrome] ⏳ Waiting for final redirect to Thank You page...
[ppc-st2][Desktop - Chrome] ✅ Targeted final redirect URL achieved!
[ppc-st2][Desktop - Chrome] ✅ Final Thank You URL: https://tra.com/thank-you/nn?debt=1000&leadid=0CE9FBDA&reqid=26865751&affid=659&oid=133
[ppc-st2][Desktop - Chrome] 📋 [Pre-Fix] Thank-you URL before debt correction: https://tra.com/thank-you/nn?debt=1000&leadid=0CE9FBDA&reqid=26865751&affid=659&oid=133
[ppc-st2][Desktop - Chrome] 💾 [Debt Debug] formPage.selectedSliderAmount = "1,000"
💾 [Debt Debug] selectedDebtNum (mapped value) = "1000"
[ppc-st2][Desktop - Chrome] 🔧 [Debt Fix] Current debt in URL: 1000, Should be: 1000
✅ [Debt Fix] Debt parameter already correct
[ppc-st2][Desktop - Chrome] 📋 [Diagnostic] Full Thank You URL Parameters: {"debt":"1000","leadid":"0CE9FBDA","reqid":"26865751","affid":"659","oid":"133"}
[ppc-st2][Desktop - Chrome] ✅ Extracted Lead ID: 0CE9FBDA
[ppc-st2][Desktop - Chrome] 📱 Device Type detected: Desktop - Chrome
✅ Lead captured: 0CE9FBDA
[ppc-st2][Desktop - Chrome] 📡 Fetching First API data for Lead ID: 0CE9FBDA...
[ppc-st][Desktop - Chrome] 📡 Standard Second API Payload: cake_id=421A823D, domain_name=https://www.taxreliefadvocates.com
[ppc-m-ca][Desktop - Chrome] ✅ Filled Last Name: ckmtestpixel
[ppc-st][Desktop - Chrome] [STDERR] ⚠️  Attempt 4: Second API returned no DBID. Response: {"status":false,"message":"Domain not found in configuration: taxreliefadvocates.com"}
[ppc-st][Desktop - Chrome] ⏳ Retrying in 1 second to allow database synchronization...
[ppc-m-ca][Desktop - Chrome] ✅ Filled Email: ckmtestpixel@gmail.com
[ppc-st][Desktop - Chrome] 📡 Standard Second API Payload: cake_id=421A823D, domain_name=https://www.taxreliefadvocates.com
[ppc-m-ca][Desktop - Chrome] ✅ Filled Phone: 401-247-1070
[ppc-m-ca][Desktop - Chrome] 🔘 Clicking active contact NEXT/SUBMIT button...
[ppc-st][Desktop - Chrome] [STDERR] ⚠️  Attempt 5: Second API returned no DBID. Response: {"status":false,"message":"Domain not found in configuration: taxreliefadvocates.com"}
[ppc-st][Desktop - Chrome] 📡 [Rest-Assurance] Verifying Lead ID: 421A823D via Backend...
[ppc-st][Desktop - Chrome] 🛡️  [Rest-Assurance] VERIFIED (Backend Debt: 5000)
[ppc-st2][Desktop - Chrome] 📡 Raw XML Response: {
  "lead_info_response": {
    "$": {
      "xmlns:xsd": "http://www.w3.org/2001/XMLSchema",
      "xmlns:xsi": "http://www.w3.org/2001/XMLSchema-instance",
      "xmlns": "http://cakemarketing.com/api/1/"
    },
    "success": "true",
    "row_count": "1",
    "lead_id": "0CE9FBDA",
    "personal_info": {
      "first_name": "CKMTESTPIXEL",
      "last_name": "CKMTESTPIXEL",
      "email_address": "ckmtestpixel@gmail.com",
      "address": {
        "street": "",
        "city": "",
        "state": "MA",
        "zip_code": "01364",
        "country": ""
      },
      "ip_address": "27.54.170.27",
      "phone_work": "",
      "phone_home": "401-247-1070",
      "phone_cell": "",
      "best_call_time": "",
      "opt_in": "false"
    },
    "traffic_info": {
      "lead_date": "2026-06-04T22:32:38.403",
      "payout": {
        "currency_id": "1",
        "amount": "0.0000",
        "formatted_amount": "$0.00"
      },
      "affiliate": {
        "affiliate_id": {
          "_": "659",
          "$": {
            "xmlns": "API:id_name_store"
          }
        },
        "affiliate_name": {
          "_": "QA affiliate",
          "$": {
            "xmlns": "API:id_name_store"
          }
        }
      },
      "campaign": {
        "campaign_id": {
          "_": "4587",
          "$": {
            "xmlns": "API:id_name_store"
          }
        },
        "campaign_name": {
          "_": "TRA.com CPL - PPC ST 2 - CPA - $1.00",
          "$": {
            "xmlns": "API:id_name_store"
          }
        }
      },
      "creative_id": "2210",
      "subid_1": "",
      "subid_2": "",
      "subid_3": "",
      "subid_4": "",
      "subid_5": "",
      "referrer": "",
      "pixel_fired": "true",
      "returned_to_affiliate": "false",
      "test": "true",
      "upsell": "false"
    },
    "all_vertical_data": {
      "data": {
        "$": {
          "xmlns": ""
        },
        "tax_debt": "1000",
        "universal_leadid": "C5C12139-542D-F783-F162-F0DF38DC24C0",
        "affid": "659",
        "TCPA_checkbox": "1",
        "reqid": "26865751",
        "page": "https://tra.com/ppc/st2",
        "neustar": "under",
        "first_name_lower": "ckmtestpixel",
        "last_name_lower": "ckmtestpixel",
        "opt_special_offers": "on",
        "ckm_campaign_id": "4587"
      }
    },
    "dispositions": "",
    "pings": "",
    "posts": "",
    "sales": ""
  }
}
[ppc-st2][Desktop - Chrome] ✅ First API Data retrieved on attempt 1
[ppc-st2][Desktop - Chrome] 📡 Fetching Second API data for Lead ID: 0CE9FBDA...
[ppc-st2][Desktop - Chrome] 📡 Standard Second API Payload: cake_id=0CE9FBDA, domain_name=https://www.taxreliefadvocates.com
[ppc-st2][Desktop - Chrome] [STDERR] (node:21588) Warning: Setting the NODE_TLS_REJECT_UNAUTHORIZED environment variable to '0' makes TLS connections and HTTPS requests insecure by disabling certificate verification.
(Use `node --trace-warnings ...` to show where the warning was created)
[ppc-st2][Desktop - Chrome] [STDERR] ⚠️  Attempt 1: Second API returned no DBID. Response: {"status":false,"message":"Domain not found in configuration: taxreliefadvocates.com"}
[ppc-st2][Desktop - Chrome] ⏳ Retrying in 1 second to allow database synchronization...
[ppc-st][Desktop - Chrome] ✅ Row appended successfully to sheet: PPC-ST
[ppc-st2][Desktop - Chrome] 📡 Standard Second API Payload: cake_id=0CE9FBDA, domain_name=https://www.taxreliefadvocates.com
[ppc-st][Desktop - Chrome] ✨ Fast formatting applied to newly appended row 247 of PPC-ST
[ppc-st][Desktop - Chrome] 🤖 [AI Agent Audit] Status: PASS
🤖 [AI Agent Audit] Details: Mapping verified: UI 4,000 -> Cake 5,000
[ppc-st][Desktop - Chrome] ✅ Lead processed successfully for PPC-ST
[ppc-st2][Desktop - Chrome] [STDERR] ⚠️  Attempt 2: Second API returned no DBID. Response: {"status":false,"message":"Domain not found in configuration: taxreliefadvocates.com"}
[ppc-st2][Desktop - Chrome] ⏳ Retrying in 1 second to allow database synchronization...
[ftd-x][Desktop - Chrome] [STDERR] ⚠️  Attempt 1: Second API returned no DBID. Response: {"status":false,"message":"Connection exception: Connection timed out"}
[ftd-x][Desktop - Chrome] ⏳ Retrying in 1 second to allow database synchronization...
[ppc-st2][Desktop - Chrome] 📡 Standard Second API Payload: cake_id=0CE9FBDA, domain_name=https://www.taxreliefadvocates.com
[ppc-st2][Desktop - Chrome] [STDERR] ⚠️  Attempt 3: Second API returned no DBID. Response: {"status":false,"message":"Domain not found in configuration: taxreliefadvocates.com"}
[ppc-st2][Desktop - Chrome] ⏳ Retrying in 1 second to allow database synchronization...
[ftd-x][Desktop - Chrome] 📡 Standard Second API Payload: cake_id=2AC8E832, domain_name=https://fidelity-tax-defense.net
[ppc-st][Desktop - Chrome] 🎥 Video saved successfully: traces/videos/PPC-ST_PPC-ST.webm
[ppc-st][Desktop - Chrome] 
✅ Execution successfully processed! { success: true, leadId: '421A823D', brand: 'PPC-ST' }
[ppc-st2][Desktop - Chrome] 📡 Standard Second API Payload: cake_id=0CE9FBDA, domain_name=https://www.taxreliefadvocates.com
[ppc-st2][Desktop - Chrome] [STDERR] ⚠️  Attempt 4: Second API returned no DBID. Response: {"status":false,"message":"Domain not found in configuration: taxreliefadvocates.com"}
[ppc-st2][Desktop - Chrome] ⏳ Retrying in 1 second to allow database synchronization...
[ppc-st][Desktop - Chrome] 📋 Trace report successfully saved: traces/ppc-st_desktop.zip
✅ [5/6/2026, 11:02:53 am] COMPLETED: ppc-st [Desktop - Chrome][CHROMIUM]

================================================================
🚀 [5/6/2026, 11:02:53 am] RUNNING: PPC CR [DESKTOP - CHROME]
🔗 Target URL: https://flmtra.com/?a=659&oc=848&c=2210&s1=
================================================================
[ppc-cr][Desktop - Chrome] 🔌 [Browser Interceptor] Intercepting and optimizing engine: CHROMIUM
[ppc-cr][Desktop - Chrome] ◇ injected env (0) from .env // tip: ◈ encrypted .env [www.dotenvx.com]
[ppc-cr][Desktop - Chrome] ◇ injected env (0) from .env // tip: ⌘ enable debugging { debug: true }
[ppc-cr][Desktop - Chrome] ◇ injected env (0) from .env // tip: ⌘ enable debugging { debug: true }
[ppc-st2][Desktop - Chrome] 📡 Standard Second API Payload: cake_id=0CE9FBDA, domain_name=https://www.taxreliefadvocates.com
[ppc-cr][Desktop - Chrome] ◇ injected env (0) from .env // tip: ◈ secrets for agents [www.dotenvx.com]
[ppc-st2][Desktop - Chrome] [STDERR] ⚠️  Attempt 5: Second API returned no DBID. Response: {"status":false,"message":"Domain not found in configuration: taxreliefadvocates.com"}
[ppc-st2][Desktop - Chrome] 📡 [Rest-Assurance] Verifying Lead ID: 0CE9FBDA via Backend...
[ppc-st2][Desktop - Chrome] 🛡️  [Rest-Assurance] VERIFIED (Backend Debt: 1000)
[ppc-m-ca][Desktop - Chrome] ✅ Filled Phone: 401-247-1070
[ppc-m-ca][Desktop - Chrome] 🔘 No active contact NEXT/SUBMIT button visible. Exiting loop.
✅ Thank you page detected before Step 6. Exiting form filling.
[ppc-m-ca][Desktop - Chrome] 🔘 Submitting form
✅ Form already submitted. Bypassing submitForm logic.
[ppc-m-ca][Desktop - Chrome] ⏳ Waiting for final redirect to Thank You page...
[ppc-m-ca][Desktop - Chrome] ✅ Targeted final redirect URL achieved!
[ppc-m-ca][Desktop - Chrome] ✅ Final Thank You URL: https://tra.com/thank-you?debt=5000&leadid=BDC5107A&reqid=26865752&affid=659&oid=133&page=tra_ppcm_ca
[ppc-m-ca][Desktop - Chrome] 📋 [Pre-Fix] Thank-you URL before debt correction: https://tra.com/thank-you?debt=5000&leadid=BDC5107A&reqid=26865752&affid=659&oid=133&page=tra_ppcm_ca
[ppc-m-ca][Desktop - Chrome] 💾 [Debt Debug] formPage.selectedSliderAmount = "1,000"
💾 [Debt Debug] selectedDebtNum (mapped value) = "1000"
[ppc-m-ca][Desktop - Chrome] 🔧 [Debt Fix] Current debt in URL: 5000, Should be: 1000
🔧 [Debt Fix] Correcting debt parameter: 5000 → 1000
[ppc-m-ca][Desktop - Chrome] ✅ [Debt Fix] Updated thank-you URL: https://tra.com/thank-you?debt=1000&leadid=BDC5107A&reqid=26865752&affid=659&oid=133&page=tra_ppcm_ca
[ppc-m-ca][Desktop - Chrome] 📋 [Diagnostic] Full Thank You URL Parameters: {"debt":"1000","leadid":"BDC5107A","reqid":"26865752","affid":"659","oid":"133","page":"tra_ppcm_ca"}
[ppc-m-ca][Desktop - Chrome] ✅ Extracted Lead ID: BDC5107A
[ppc-m-ca][Desktop - Chrome] 📱 Device Type detected: Desktop - Chrome
[ppc-m-ca][Desktop - Chrome] ✅ Lead captured: BDC5107A
[ppc-m-ca][Desktop - Chrome] 📡 Fetching First API data for Lead ID: BDC5107A...
[ppc-cr][Desktop - Chrome] ◇ injected env (0) from .env // tip: ⌘ suppress logs { quiet: true }
[ppc-cr][Desktop - Chrome] ◇ injected env (0) from .env // tip: ⌘ enable debugging { debug: true }
[ppc-cr][Desktop - Chrome] 
🤖 ================================================================
[ppc-cr][Desktop - Chrome] 🤖 MASTER RUNNER: LAUNCHING PPC CR
🤖 Mode:            DESKTOP
[ppc-cr][Desktop - Chrome] 🤖 Tracking URL:     https://flmtra.com/?a=659&oc=848&c=2210&s1=
🤖 Target Sheet:    PPC-CR
[ppc-cr][Desktop - Chrome] 🤖 ================================================================
[ppc-cr][Desktop - Chrome] 🔌 [Browser Interceptor] Intercepting and optimizing engine: CHROMIUM
[ppc-cr][Desktop - Chrome] 🔌 [Browser Interceptor] Speed Optimization: Capping slowMo from 2000ms to 100ms
[ppc-cr][Desktop - Chrome] 💻 Emulated Device Profile: DESKTOP - [Desktop - Chrome]
[ppc-cr][Desktop - Chrome] 🔄 Processing lead for brand: PPC CR
[ppc-cr][Desktop - Chrome] 📊 Campaign execution run index: 78
[ppc-cr][Desktop - Chrome] 📅 [Forced Override] Friday, June 5th forced to Week 1 Monday range: 0 - 7,500
📅 [Rotational Logic] Week 1 Day 5. Target Range: 1000-1000 (Max allowed by URL: 1000)
[ppc-cr][Desktop - Chrome] 🔗 Navigating to: https://flmtra.com/?a=659&oc=848&c=2210&s1=
[ppc-st2][Desktop - Chrome] ✅ Row appended successfully to sheet: PPC-ST2
[ppc-st2][Desktop - Chrome] ✨ Fast formatting applied to newly appended row 235 of PPC-ST2
[ppc-st2][Desktop - Chrome] 🤖 [AI Agent Audit] Status: FAIL
🤖 [AI Agent Audit] Details: MISMATCH DETECTED: UI 1,000 Expected 5,000 but API got 1000
✅ Lead processed successfully for PPC-ST2
[ppc-st2][Desktop - Chrome] [STDERR] 🚨 [AI Agent] Data mismatch detected for PPC-ST2. Please review Google Sheet.
[ppc-m-ca][Desktop - Chrome] 📡 Raw XML Response: {
  "lead_info_response": {
    "$": {
      "xmlns:xsd": "http://www.w3.org/2001/XMLSchema",
      "xmlns:xsi": "http://www.w3.org/2001/XMLSchema-instance",
      "xmlns": "http://cakemarketing.com/api/1/"
    },
    "success": "true",
    "row_count": "1",
    "lead_id": "BDC5107A",
    "personal_info": {
      "first_name": "CKMTESTPIXEL",
      "last_name": "CKMTESTPIXEL",
      "email_address": "ckmtestpixel@gmail.com",
      "address": {
        "street": "",
        "city": "",
        "state": "MA",
        "zip_code": "01821",
        "country": ""
      },
      "ip_address": "27.54.170.27",
      "phone_work": "",
      "phone_home": "401-247-1070",
      "phone_cell": "",
      "best_call_time": "",
      "opt_in": "false"
    },
    "traffic_info": {
      "lead_date": "2026-06-04T22:32:49.207",
      "payout": {
        "currency_id": "1",
        "amount": "0.0000",
        "formatted_amount": "$0.00"
      },
      "affiliate": {
        "affiliate_id": {
          "_": "659",
          "$": {
            "xmlns": "API:id_name_store"
          }
        },
        "affiliate_name": {
          "_": "QA affiliate",
          "$": {
            "xmlns": "API:id_name_store"
          }
        }
      },
      "campaign": {
        "campaign_id": {
          "_": "4362",
          "$": {
            "xmlns": "API:id_name_store"
          }
        },
        "campaign_name": {
          "_": "TRA.com CPL - PPC M/CA - CPA - $1.00",
          "$": {
            "xmlns": "API:id_name_store"
          }
        }
      },
      "creative_id": "2210",
      "subid_1": "",
      "subid_2": "",
      "subid_3": "",
      "subid_4": "",
      "subid_5": "",
      "referrer": "",
      "pixel_fired": "true",
      "returned_to_affiliate": "false",
      "test": "true",
      "upsell": "false"
    },
    "all_vertical_data": {
      "data": {
        "$": {
          "xmlns": ""
        },
        "tax_debt": "5000",
        "universal_leadid": "EB4BED2F-432A-B9F9-E38F-E132F2C0A6A2",
        "affid": "659",
        "TCPA_checkbox": "1",
        "reqid": "26865752",
        "page": "https://tra.com/ppcm/ca",
        "neustar": "pass",
        "neustar_disposition": "N,U,A7,L,0",
        "first_name_lower": "ckmtestpixel",
        "last_name_lower": "ckmtestpixel",
        "opt_special_offers": "on",
        "ckm_campaign_id": "4362"
      }
    },
    "dispositions": {
      "disposition": {
        "disposition_type": "Not Paid For",
        "reason": "Unmatched Filter",
        "filter": "Min Tax Debt"
      }
    },
    "pings": "",
    "posts": "",
    "sales": ""
  }
}
[ppc-m-ca][Desktop - Chrome] ✅ First API Data retrieved on attempt 1
[ppc-m-ca][Desktop - Chrome] 📡 Fetching Second API data for Lead ID: BDC5107A...
[ppc-m-ca][Desktop - Chrome] 📡 Standard Second API Payload: cake_id=BDC5107A, domain_name=https://www.taxreliefadvocates.com
[ppc-m-ca][Desktop - Chrome] [STDERR] (node:23160) Warning: Setting the NODE_TLS_REJECT_UNAUTHORIZED environment variable to '0' makes TLS connections and HTTPS requests insecure by disabling certificate verification.
(Use `node --trace-warnings ...` to show where the warning was created)
[ppc-st2][Desktop - Chrome] 🎥 Video saved successfully: traces/videos/PPC-ST2_PPC-ST2.webm
[ppc-st2][Desktop - Chrome] 
✅ Execution successfully processed! { success: true, leadId: '0CE9FBDA', brand: 'PPC-ST2' }
[ppc-m-ca][Desktop - Chrome] [STDERR] ⚠️  Attempt 1: Second API returned no DBID. Response: {"status":false,"message":"Domain not found in configuration: taxreliefadvocates.com"}
[ppc-m-ca][Desktop - Chrome] ⏳ Retrying in 1 second to allow database synchronization...
[ppc-st2][Desktop - Chrome] 📋 Trace report successfully saved: traces/ppc-st2_desktop.zip
✅ [5/6/2026, 11:02:59 am] COMPLETED: ppc-st2 [Desktop - Chrome][CHROMIUM]

================================================================
🚀 [5/6/2026, 11:02:59 am] RUNNING: PPC FS [DESKTOP - CHROME]
🔗 Target URL: https://flmtra.com/?a=659&oc=841&c=2210&s1=
================================================================
[ppc-m-ca][Desktop - Chrome] 📡 Standard Second API Payload: cake_id=BDC5107A, domain_name=https://www.taxreliefadvocates.com
[ppc-fs][Desktop - Chrome] 🔌 [Browser Interceptor] Intercepting and optimizing engine: CHROMIUM
[ppc-fs][Desktop - Chrome] ◇ injected env (0) from .env // tip: ⌘ enable debugging { debug: true }
[ppc-fs][Desktop - Chrome] ◇ injected env (0) from .env // tip: ⌘ suppress logs { quiet: true }
[ppc-fs][Desktop - Chrome] ◇ injected env (0) from .env // tip: ⌘ enable debugging { debug: true }
[ppc-fs][Desktop - Chrome] ◇ injected env (0) from .env // tip: ⌘ multiple files { path: ['.env.local', '.env'] }
[ppc-m-ca][Desktop - Chrome] [STDERR] ⚠️  Attempt 2: Second API returned no DBID. Response: {"status":false,"message":"Domain not found in configuration: taxreliefadvocates.com"}
[ppc-m-ca][Desktop - Chrome] ⏳ Retrying in 1 second to allow database synchronization...
[ppc-m-ca][Desktop - Chrome] 📡 Standard Second API Payload: cake_id=BDC5107A, domain_name=https://www.taxreliefadvocates.com
[ppc-m-ca][Desktop - Chrome] [STDERR] ⚠️  Attempt 3: Second API returned no DBID. Response: {"status":false,"message":"Domain not found in configuration: taxreliefadvocates.com"}
[ppc-m-ca][Desktop - Chrome] ⏳ Retrying in 1 second to allow database synchronization...
[ppc-fs][Desktop - Chrome] ◇ injected env (0) from .env // tip: ⌘ custom filepath { path: '/custom/path/.env' }
[ppc-fs][Desktop - Chrome] ◇ injected env (0) from .env // tip: ⌘ enable debugging { debug: true }
[ppc-fs][Desktop - Chrome] 
🤖 ================================================================
[ppc-fs][Desktop - Chrome] 🤖 MASTER RUNNER: LAUNCHING PPC FS
[ppc-fs][Desktop - Chrome] 🤖 Mode:            DESKTOP
[ppc-fs][Desktop - Chrome] 🤖 Tracking URL:     https://flmtra.com/?a=659&oc=841&c=2210&s1=
[ppc-fs][Desktop - Chrome] 🤖 Target Sheet:    PPC-FS
🤖 ================================================================
[ppc-fs][Desktop - Chrome] 🔌 [Browser Interceptor] Intercepting and optimizing engine: CHROMIUM
[ppc-fs][Desktop - Chrome] 🔌 [Browser Interceptor] Speed Optimization: Capping slowMo from 2000ms to 100ms
[ppc-fs][Desktop - Chrome] 💻 Emulated Device Profile: DESKTOP - [Desktop - Chrome]
[ppc-fs][Desktop - Chrome] 🔄 Processing lead for brand: PPC FS
[ppc-fs][Desktop - Chrome] 📊 Campaign execution run index: 73
[ppc-fs][Desktop - Chrome] 📅 [Forced Override] Friday, June 5th forced to Week 1 Monday range: 0 - 7,500
[ppc-fs][Desktop - Chrome] 📅 [Rotational Logic] Week 1 Day 5. Target Range: 1000-7500 (Max allowed by URL: 50000)
[ppc-fs][Desktop - Chrome] 🔗 Navigating to: https://flmtra.com/?a=659&oc=841&c=2210&s1=
[ppc-m-ca][Desktop - Chrome] 📡 Standard Second API Payload: cake_id=BDC5107A, domain_name=https://www.taxreliefadvocates.com
[ppc-m-ca][Desktop - Chrome] [STDERR] ⚠️  Attempt 4: Second API returned no DBID. Response: {"status":false,"message":"Domain not found in configuration: taxreliefadvocates.com"}
[ppc-m-ca][Desktop - Chrome] ⏳ Retrying in 1 second to allow database synchronization...
[ppc-m-ca][Desktop - Chrome] 📡 Standard Second API Payload: cake_id=BDC5107A, domain_name=https://www.taxreliefadvocates.com
[ppc-m-ca][Desktop - Chrome] [STDERR] ⚠️  Attempt 5: Second API returned no DBID. Response: {"status":false,"message":"Domain not found in configuration: taxreliefadvocates.com"}
[ppc-m-ca][Desktop - Chrome] 📡 [Rest-Assurance] Verifying Lead ID: BDC5107A via Backend...
[ppc-cr][Desktop - Chrome] ✅ Page loaded successfully
[ppc-cr][Desktop - Chrome] 📝 Starting multi-step form filling process...
[ppc-cr][Desktop - Chrome] 🔘 Step 1: Handling Debt Amount (1,000)
[ppc-cr][Desktop - Chrome] 🔘 Found jQuery UI Slider #slider. Setting value via jQuery and DOM evaluation...
[ppc-cr][Desktop - Chrome] ✅ Set jQuery UI Slider #slider to 1,000
[ppc-m-ca][Desktop - Chrome] 🛡️  [Rest-Assurance] VERIFIED (Backend Debt: 5000)
[ppc-cr][Desktop - Chrome] 🔘 Attempting to click .next-btn1, .btn-next
[ppc-cr][Desktop - Chrome] ✅ Clicked .next-btn1, .btn-next
[ppc-m-ca][Desktop - Chrome] ✅ Row appended successfully to sheet: PPC-M/CA
[ppc-m-ca][Desktop - Chrome] ✨ Fast formatting applied to newly appended row 177 of PPC-M/CA
[ppc-m-ca][Desktop - Chrome] 🤖 [AI Agent Audit] Status: PASS
🤖 [AI Agent Audit] Details: Mapping verified: UI 1,000 -> Cake 5,000
✅ Lead processed successfully for PPC-M-CA
[ppc-cr][Desktop - Chrome] ✅ Reached a recognized terminal step (State or Contact). Stopping dynamic traversal.
[ppc-cr][Desktop - Chrome] 🔘 Step: Selecting State
[ppc-cr][Desktop - Chrome] ✅ Selected state dynamically: "New Hampshire"
[ppc-cr][Desktop - Chrome] 📝 step3 column set to State: "New Hampshire"
[ppc-cr][Desktop - Chrome] 🔘 Clicking generic NEXT button
[ppc-cr][Desktop - Chrome] ✅ Clicked generic NEXT button
[ppc-m-ca][Desktop - Chrome] 🎥 Video saved successfully: traces/videos/PPC-M/CA_PPC-M-CA.webm
[ppc-m-ca][Desktop - Chrome] 
✅ Execution successfully processed! { success: true, leadId: 'BDC5107A', brand: 'PPC-M-CA' }
[ppc-m-ca][Desktop - Chrome] 📋 Trace report successfully saved: traces/ppc-m-ca_desktop.zip
[ppc-cr][Desktop - Chrome] 🔘 Filling Contact Info (Dynamic Loop)...
[ppc-fs][Desktop - Chrome] ✅ Page loaded successfully
[ppc-fs][Desktop - Chrome] 📝 Starting multi-step form filling process...
[ppc-fs][Desktop - Chrome] 🔘 Step 1: Handling Debt Amount (4,000)
✅ [5/6/2026, 11:03:10 am] COMPLETED: ppc-m-ca [Desktop - Chrome][CHROMIUM]

================================================================
🚀 [5/6/2026, 11:03:10 am] RUNNING: PPC [DESKTOP - CHROME]
🔗 Target URL: https://flmtra.com/?a=659&oc=782&c=2210&s1=
================================================================
[ppc-fs][Desktop - Chrome] 🔘 Found jQuery UI Slider #slider. Setting value via jQuery and DOM evaluation...
[ppc-fs][Desktop - Chrome] ✅ Set jQuery UI Slider #slider to 4,000
[ppc-cr][Desktop - Chrome] ✅ Filled First Name: ckmtestpixel
[ppc][Desktop - Chrome] 🔌 [Browser Interceptor] Intercepting and optimizing engine: CHROMIUM
[ppc][Desktop - Chrome] ◇ injected env (0) from .env // tip: ⌘ custom filepath { path: '/custom/path/.env' }
[ppc][Desktop - Chrome] ◇ injected env (0) from .env // tip: ⌘ multiple files { path: ['.env.local', '.env'] }
[ppc][Desktop - Chrome] ◇ injected env (0) from .env // tip: ⌘ multiple files { path: ['.env.local', '.env'] }
[ppc][Desktop - Chrome] ◇ injected env (0) from .env // tip: ⌘ suppress logs { quiet: true }
[ppc-fs][Desktop - Chrome] 🔘 Attempting to click .next-btn1, .btn-next
[ppc-cr][Desktop - Chrome] ✅ Filled Last Name: ckmtestpixel
[ppc-fs][Desktop - Chrome] ✅ Clicked .next-btn1, .btn-next
[ppc-cr][Desktop - Chrome] ✅ Filled Email: ckmtestpixel@gmail.com
[ppc][Desktop - Chrome] ◇ injected env (0) from .env // tip: ⌘ override existing { override: true }
[ppc][Desktop - Chrome] ◇ injected env (0) from .env // tip: ⌘ suppress logs { quiet: true }
[ppc][Desktop - Chrome] 
🤖 ================================================================
[ppc][Desktop - Chrome] 🤖 MASTER RUNNER: LAUNCHING PPC
[ppc][Desktop - Chrome] 🤖 Mode:            DESKTOP
[ppc][Desktop - Chrome] 🤖 Tracking URL:     https://flmtra.com/?a=659&oc=782&c=2210&s1=
🤖 Target Sheet:    PPC
[ppc][Desktop - Chrome] 🤖 ================================================================
[ppc][Desktop - Chrome] 🔌 [Browser Interceptor] Intercepting and optimizing engine: CHROMIUM
[ppc][Desktop - Chrome] 🔌 [Browser Interceptor] Speed Optimization: Capping slowMo from 2000ms to 100ms
[ppc-cr][Desktop - Chrome] ✅ Filled Phone: 401-247-1078
[ppc-cr][Desktop - Chrome] 🔘 Clicking active contact NEXT/SUBMIT button...
[ppc][Desktop - Chrome] 💻 Emulated Device Profile: DESKTOP - [Desktop - Chrome]
[ppc-fs][Desktop - Chrome] ✅ Reached a recognized terminal step (State or Contact). Stopping dynamic traversal.
[ppc][Desktop - Chrome] 🔄 Processing lead for brand: PPC
[ppc][Desktop - Chrome] 📊 Campaign execution run index: 72
[ppc][Desktop - Chrome] 📅 [Forced Override] Friday, June 5th forced to Week 1 Monday range: 0 - 7,500
[ppc][Desktop - Chrome] 📅 [Rotational Logic] Week 1 Day 5. Target Range: 1000-7500 (Max allowed by URL: 30000)
[ppc][Desktop - Chrome] 🔗 Navigating to: https://flmtra.com/?a=659&oc=782&c=2210&s1=
[ppc-fs][Desktop - Chrome] 🔘 Step: Selecting State
[ppc-fs][Desktop - Chrome] ✅ Selected state dynamically: "Mississippi"
📝 step3 column set to State: "Mississippi"
[ppc-fs][Desktop - Chrome] 🔘 Clicking generic NEXT button
[ppc-fs][Desktop - Chrome] ✅ Clicked generic NEXT button
[ppc-fs][Desktop - Chrome] 🔘 Filling Contact Info (Dynamic Loop)...
[ppc-fs][Desktop - Chrome] ✅ Filled First Name: ckmtestpixel
[ppc-fs][Desktop - Chrome] ✅ Filled Last Name: ckmtestpixel
[ppc-fs][Desktop - Chrome] ✅ Filled Email: ckmtestpixel@gmail.com
[ppc-fs][Desktop - Chrome] ✅ Filled Phone: 401-247-1073
[ppc-fs][Desktop - Chrome] 🔘 Clicking active contact NEXT/SUBMIT button...
[ppc-cr][Desktop - Chrome] ✅ Filled Phone: 401-247-1078
[ppc-cr][Desktop - Chrome] 🔘 No active contact NEXT/SUBMIT button visible. Exiting loop.
✅ Thank you page detected before Step 6. Exiting form filling.
[ppc-cr][Desktop - Chrome] 🔘 Submitting form
✅ Form already submitted. Bypassing submitForm logic.
[ppc-cr][Desktop - Chrome] ⏳ Waiting for final redirect to Thank You page...
[ppc-cr][Desktop - Chrome] ✅ Targeted final redirect URL achieved!
[ppc-cr][Desktop - Chrome] ✅ Final Thank You URL: https://tra.com/thank-you?debt=5000&leadid=AE7B32AD&reqid=26865755&affid=659&oid=133
[ppc-cr][Desktop - Chrome] 📋 [Pre-Fix] Thank-you URL before debt correction: https://tra.com/thank-you?debt=5000&leadid=AE7B32AD&reqid=26865755&affid=659&oid=133
[ppc-cr][Desktop - Chrome] 💾 [Debt Debug] formPage.selectedSliderAmount = "1,000"
💾 [Debt Debug] selectedDebtNum (mapped value) = "1000"
🔧 [Debt Fix] Current debt in URL: 5000, Should be: 1000
🔧 [Debt Fix] Correcting debt parameter: 5000 → 1000
[ppc-cr][Desktop - Chrome] ✅ [Debt Fix] Updated thank-you URL: https://tra.com/thank-you?debt=1000&leadid=AE7B32AD&reqid=26865755&affid=659&oid=133
[ppc-cr][Desktop - Chrome] 📋 [Diagnostic] Full Thank You URL Parameters: {"debt":"1000","leadid":"AE7B32AD","reqid":"26865755","affid":"659","oid":"133"}
[ppc-cr][Desktop - Chrome] ✅ Extracted Lead ID: AE7B32AD
[ppc-cr][Desktop - Chrome] 📱 Device Type detected: Desktop - Chrome
[ppc-cr][Desktop - Chrome] ✅ Lead captured: AE7B32AD
[ppc-cr][Desktop - Chrome] 📡 Fetching First API data for Lead ID: AE7B32AD...
[ppc][Desktop - Chrome] ✅ Page loaded successfully
[ppc][Desktop - Chrome] 📝 Starting multi-step form filling process...
[ppc][Desktop - Chrome] 🔘 Step 1: Handling Debt Amount (3,000)
[ppc][Desktop - Chrome] 🔘 Found jQuery UI Slider #slider. Setting value via jQuery and DOM evaluation...
[ppc][Desktop - Chrome] ✅ Set jQuery UI Slider #slider to 3,000
[ppc][Desktop - Chrome] 🔘 Attempting to click .next-btn1, .btn-next
[ppc][Desktop - Chrome] ✅ Clicked .next-btn1, .btn-next
[ppc-cr][Desktop - Chrome] 📡 Raw XML Response: {
  "lead_info_response": {
    "$": {
      "xmlns:xsd": "http://www.w3.org/2001/XMLSchema",
      "xmlns:xsi": "http://www.w3.org/2001/XMLSchema-instance",
      "xmlns": "http://cakemarketing.com/api/1/"
    },
    "success": "true",
    "row_count": "1",
    "lead_id": "AE7B32AD",
    "personal_info": {
      "first_name": "CKMTESTPIXEL",
      "last_name": "CKMTESTPIXEL",
      "email_address": "ckmtestpixel@gmail.com",
      "address": {
        "street": "",
        "city": "",
        "state": "NH",
        "zip_code": "03440",
        "country": ""
      },
      "ip_address": "27.54.170.27",
      "phone_work": "",
      "phone_home": "401-247-1078",
      "phone_cell": "",
      "best_call_time": "",
      "opt_in": "false"
    },
    "traffic_info": {
      "lead_date": "2026-06-04T22:33:14.81",
      "payout": {
        "currency_id": "1",
        "amount": "0.0000",
        "formatted_amount": "$0.00"
      },
      "affiliate": {
        "affiliate_id": {
          "_": "659",
          "$": {
            "xmlns": "API:id_name_store"
          }
        },
        "affiliate_name": {
          "_": "QA affiliate",
          "$": {
            "xmlns": "API:id_name_store"
          }
        }
      },
      "campaign": {
        "campaign_id": {
          "_": "4510",
          "$": {
            "xmlns": "API:id_name_store"
          }
        },
        "campaign_name": {
          "_": "TRA.com CPL - PPC CR - CPA - $1.00",
          "$": {
            "xmlns": "API:id_name_store"
          }
        }
      },
      "creative_id": "2210",
      "subid_1": "",
      "subid_2": "",
      "subid_3": "",
      "subid_4": "",
      "subid_5": "",
      "referrer": "",
      "pixel_fired": "true",
      "returned_to_affiliate": "false",
      "test": "true",
      "upsell": "false"
    },
    "all_vertical_data": {
      "data": {
        "$": {
          "xmlns": ""
        },
        "tax_debt": "5000",
        "universal_leadid": "A6AC8929-0022-7D20-AEF4-3131CF1A3C67",
        "affid": "659",
        "TCPA_checkbox": "1",
        "reqid": "26865755",
        "page": "https://tra.com/ppc/cr",
        "neustar": "under",
        "first_name_lower": "ckmtestpixel",
        "last_name_lower": "ckmtestpixel",
        "opt_special_offers": "on",
        "ckm_campaign_id": "4510"
      }
    },
    "dispositions": {
      "disposition": [
        {
          "disposition_type": "Not Paid For",
          "reason": "Unmatched Filter",
          "filter": "Min Tax Debt"
        },
        {
          "disposition_type": "Not Paid For",
          "reason": "Unmatched Filter",
          "filter": "Nuestar Fail"
        }
      ]
    },
    "pings": "",
    "posts": "",
    "sales": ""
  }
}
[ppc-cr][Desktop - Chrome] ✅ First API Data retrieved on attempt 1
[ppc-cr][Desktop - Chrome] 📡 [Rest-Assurance] Verifying Lead ID: AE7B32AD via Backend...
[ppc-cr][Desktop - Chrome] 🛡️  [Rest-Assurance] VERIFIED (Backend Debt: 5000)
[ppc-cr][Desktop - Chrome] [STDERR] (node:5412) Warning: Setting the NODE_TLS_REJECT_UNAUTHORIZED environment variable to '0' makes TLS connections and HTTPS requests insecure by disabling certificate verification.
(Use `node --trace-warnings ...` to show where the warning was created)
[ppc][Desktop - Chrome] ✅ Reached a recognized terminal step (State or Contact). Stopping dynamic traversal.
[ppc][Desktop - Chrome] 🔘 Step: Selecting State
[ppc][Desktop - Chrome] ✅ Selected state dynamically: "Minnesota"
[ppc][Desktop - Chrome] 📝 step3 column set to State: "Minnesota"
[ppc][Desktop - Chrome] 🔘 Clicking generic NEXT button
[ppc][Desktop - Chrome] ✅ Clicked generic NEXT button
[ppc-cr][Desktop - Chrome] ✅ Row appended successfully to sheet: PPC-CR
[ppc-fs][Desktop - Chrome] ✅ Filled Phone: 401-247-1073
[ppc-fs][Desktop - Chrome] 🔘 No active contact NEXT/SUBMIT button visible. Exiting loop.
[ppc-fs][Desktop - Chrome] ✅ Thank you page detected before Step 6. Exiting form filling.
[ppc-fs][Desktop - Chrome] 🔘 Submitting form
✅ Form already submitted. Bypassing submitForm logic.
[ppc-fs][Desktop - Chrome] ⏳ Waiting for final redirect to Thank You page...
[ppc-fs][Desktop - Chrome] ✅ Targeted final redirect URL achieved!
[ppc-fs][Desktop - Chrome] ✅ Final Thank You URL: https://tra.com/thank-you?debt=5000&leadid=52617F08&reqid=26865756&affid=659&oid=133
📋 [Pre-Fix] Thank-you URL before debt correction: https://tra.com/thank-you?debt=5000&leadid=52617F08&reqid=26865756&affid=659&oid=133
[ppc-fs][Desktop - Chrome] 💾 [Debt Debug] formPage.selectedSliderAmount = "4,000"
💾 [Debt Debug] selectedDebtNum (mapped value) = "4000"
[ppc-fs][Desktop - Chrome] 🔧 [Debt Fix] Current debt in URL: 5000, Should be: 4000
🔧 [Debt Fix] Correcting debt parameter: 5000 → 4000
[ppc-fs][Desktop - Chrome] ✅ [Debt Fix] Updated thank-you URL: https://tra.com/thank-you?debt=4000&leadid=52617F08&reqid=26865756&affid=659&oid=133
[ppc-fs][Desktop - Chrome] 📋 [Diagnostic] Full Thank You URL Parameters: {"debt":"4000","leadid":"52617F08","reqid":"26865756","affid":"659","oid":"133"}
[ppc-fs][Desktop - Chrome] ✅ Extracted Lead ID: 52617F08
📱 Device Type detected: Desktop - Chrome
[ppc-fs][Desktop - Chrome] ✅ Lead captured: 52617F08
[ppc-fs][Desktop - Chrome] 📡 Fetching First API data for Lead ID: 52617F08...
[ppc-cr][Desktop - Chrome] ✨ Fast formatting applied to newly appended row 207 of PPC-CR
[ppc-cr][Desktop - Chrome] 🤖 [AI Agent Audit] Status: PASS
🤖 [AI Agent Audit] Details: Mapping verified: UI 1,000 -> Cake 5,000
✅ Lead processed successfully for PPC CR
[ppc-cr][Desktop - Chrome] 🎥 Video saved successfully: traces/videos/PPC-CR_PPC_CR.webm
[ppc-cr][Desktop - Chrome] 
✅ Execution successfully processed! { success: true, leadId: 'AE7B32AD', brand: 'PPC CR' }
[ppc][Desktop - Chrome] 🔘 Filling Contact Info (Dynamic Loop)...
[ppc][Desktop - Chrome] ✅ Filled First Name: ckmtestpixel
[ppc-cr][Desktop - Chrome] 📋 Trace report successfully saved: traces/ppc-cr_desktop.zip
✅ [5/6/2026, 11:03:29 am] COMPLETED: ppc-cr [Desktop - Chrome][CHROMIUM]

================================================================
🚀 [5/6/2026, 11:03:29 am] RUNNING: TRA-CPM [DESKTOP - CHROME]
🔗 Target URL: https://flmtra.com/?a=659&oc=763&c=2225&s1=
================================================================
[ppc][Desktop - Chrome] ✅ Filled Last Name: ckmtestpixel
[ppc-fs][Desktop - Chrome] 📡 Raw XML Response: {
  "lead_info_response": {
    "$": {
      "xmlns:xsd": "http://www.w3.org/2001/XMLSchema",
      "xmlns:xsi": "http://www.w3.org/2001/XMLSchema-instance",
      "xmlns": "http://cakemarketing.com/api/1/"
    },
    "success": "true",
    "row_count": "1",
    "lead_id": "52617F08",
    "personal_info": {
      "first_name": "CKMTESTPIXEL",
      "last_name": "CKMTESTPIXEL",
      "email_address": "ckmtestpixel@gmail.com",
      "address": {
        "street": "",
        "city": "",
        "state": "MS",
        "zip_code": "38638",
        "country": ""
      },
      "ip_address": "27.54.170.27",
      "phone_work": "",
      "phone_home": "401-247-1073",
      "phone_cell": "",
      "best_call_time": "",
      "opt_in": "false"
    },
    "traffic_info": {
      "lead_date": "2026-06-04T22:33:20.703",
      "payout": {
        "currency_id": "1",
        "amount": "0.0000",
        "formatted_amount": "$0.00"
      },
      "affiliate": {
        "affiliate_id": {
          "_": "659",
          "$": {
            "xmlns": "API:id_name_store"
          }
        },
        "affiliate_name": {
          "_": "QA affiliate",
          "$": {
            "xmlns": "API:id_name_store"
          }
        }
      },
      "campaign": {
        "campaign_id": {
          "_": "4473",
          "$": {
            "xmlns": "API:id_name_store"
          }
        },
        "campaign_name": {
          "_": "TRA.com CPL - PPC FS - CPA - $1.00",
          "$": {
            "xmlns": "API:id_name_store"
          }
        }
      },
      "creative_id": "2210",
      "subid_1": "",
      "subid_2": "",
      "subid_3": "",
      "subid_4": "",
      "subid_5": "",
      "referrer": "",
      "pixel_fired": "true",
      "returned_to_affiliate": "false",
      "test": "true",
      "upsell": "false"
    },
    "all_vertical_data": {
      "data": {
        "$": {
          "xmlns": ""
        },
        "tax_debt": "5000",
        "universal_leadid": "F1AE7163-3479-7503-6747-E9595CA9A7C1",
        "affid": "659",
        "TCPA_checkbox": "1",
        "reqid": "26865756",
        "page": "https://tra.com/ppc/fs",
        "neustar": "under",
        "first_name_lower": "ckmtestpixel",
        "last_name_lower": "ckmtestpixel",
        "opt_special_offers": "on"
      }
    },
    "dispositions": {
      "disposition": {
        "disposition_type": "Not Paid For",
        "reason": "Unmatched Filter",
        "filter": "Min Tax Debt"
      }
    },
    "pings": "",
    "posts": "",
    "sales": ""
  }
}
✅ First API Data retrieved on attempt 1
[ppc-fs][Desktop - Chrome] 📡 Fetching Second API data for Lead ID: 52617F08...
[ppc-fs][Desktop - Chrome] 📡 Standard Second API Payload: cake_id=52617F08, domain_name=https://www.taxreliefadvocates.com
[ppc-fs][Desktop - Chrome] [STDERR] (node:23556) Warning: Setting the NODE_TLS_REJECT_UNAUTHORIZED environment variable to '0' makes TLS connections and HTTPS requests insecure by disabling certificate verification.
(Use `node --trace-warnings ...` to show where the warning was created)
[tra-cpm][Desktop - Chrome] 🔌 [Browser Interceptor] Intercepting and optimizing engine: CHROMIUM
[tra-cpm][Desktop - Chrome] ◇ injected env (0) from .env // tip: ⌁ auth for agents [www.vestauth.com]
[tra-cpm][Desktop - Chrome] ◇ injected env (0) from .env // tip: ⌘ enable debugging { debug: true }
[tra-cpm][Desktop - Chrome] ◇ injected env (0) from .env // tip: ⌘ custom filepath { path: '/custom/path/.env' }
[tra-cpm][Desktop - Chrome] ◇ injected env (0) from .env // tip: ⌘ custom filepath { path: '/custom/path/.env' }
[ppc][Desktop - Chrome] ✅ Filled Email: ckmtestpixel@gmail.com
[ppc-fs][Desktop - Chrome] [STDERR] ⚠️  Attempt 1: Second API returned no DBID. Response: {"status":false,"message":"Domain not found in configuration: taxreliefadvocates.com"}
[ppc-fs][Desktop - Chrome] ⏳ Retrying in 1 second to allow database synchronization...
[ppc][Desktop - Chrome] ✅ Filled Phone: 401-247-1072
[ppc][Desktop - Chrome] 🔘 Clicking active contact NEXT/SUBMIT button...
[tra-cpm][Desktop - Chrome] ◇ injected env (0) from .env // tip: ⌘ override existing { override: true }
[tra-cpm][Desktop - Chrome] ◇ injected env (0) from .env // tip: ⌘ override existing { override: true }
[tra-cpm][Desktop - Chrome] 
🤖 ================================================================
[tra-cpm][Desktop - Chrome] 🤖 MASTER RUNNER: LAUNCHING TRA-CPM
🤖 Mode:            DESKTOP
[tra-cpm][Desktop - Chrome] 🤖 Tracking URL:     https://flmtra.com/?a=659&oc=763&c=2225&s1=
🤖 Target Sheet:    TRA-CPM
🤖 ================================================================
[tra-cpm][Desktop - Chrome] 🔌 [Browser Interceptor] Intercepting and optimizing engine: CHROMIUM
[tra-cpm][Desktop - Chrome] 🔌 [Browser Interceptor] Speed Optimization: Capping slowMo from 2000ms to 100ms
[tra-cpm][Desktop - Chrome] 💻 Emulated Device Profile: DESKTOP - [Desktop - Chrome]
[ppc-fs][Desktop - Chrome] 📡 Standard Second API Payload: cake_id=52617F08, domain_name=https://www.taxreliefadvocates.com
[ppc-fs][Desktop - Chrome] [STDERR] ⚠️  Attempt 2: Second API returned no DBID. Response: {"status":false,"message":"Domain not found in configuration: taxreliefadvocates.com"}
[ppc-fs][Desktop - Chrome] ⏳ Retrying in 1 second to allow database synchronization...
[tra-cpm][Desktop - Chrome] 🔄 Processing lead for brand: TRA-CPM
[tra-cpm][Desktop - Chrome] 📊 Campaign execution run index: 75
📅 [Forced Override] Friday, June 5th forced to Week 1 Monday range: 0 - 7,500
📅 [Rotational Logic] Week 1 Day 5. Target Range: 1000-7500 (Max allowed by URL: 9000)
[tra-cpm][Desktop - Chrome] 🔗 Navigating to: https://flmtra.com/?a=659&oc=763&c=2225&s1=
[ppc-fs][Desktop - Chrome] 📡 Standard Second API Payload: cake_id=52617F08, domain_name=https://www.taxreliefadvocates.com
[ppc-fs][Desktop - Chrome] [STDERR] ⚠️  Attempt 3: Second API returned no DBID. Response: {"status":false,"message":"Domain not found in configuration: taxreliefadvocates.com"}
[ppc-fs][Desktop - Chrome] ⏳ Retrying in 1 second to allow database synchronization...
[ppc-fs][Desktop - Chrome] 📡 Standard Second API Payload: cake_id=52617F08, domain_name=https://www.taxreliefadvocates.com
[ppc-fs][Desktop - Chrome] [STDERR] ⚠️  Attempt 4: Second API returned no DBID. Response: {"status":false,"message":"Domain not found in configuration: taxreliefadvocates.com"}
[ppc-fs][Desktop - Chrome] ⏳ Retrying in 1 second to allow database synchronization...
[ppc-fs][Desktop - Chrome] 📡 Standard Second API Payload: cake_id=52617F08, domain_name=https://www.taxreliefadvocates.com
[ppc-fs][Desktop - Chrome] [STDERR] ⚠️  Attempt 5: Second API returned no DBID. Response: {"status":false,"message":"Domain not found in configuration: taxreliefadvocates.com"}
[ppc-fs][Desktop - Chrome] 📡 [Rest-Assurance] Verifying Lead ID: 52617F08 via Backend...
[ppc-fs][Desktop - Chrome] 🛡️  [Rest-Assurance] VERIFIED (Backend Debt: 5000)
[ppc-fs][Desktop - Chrome] ✅ Row appended successfully to sheet: PPC-FS
[ppc-fs][Desktop - Chrome] ✨ Fast formatting applied to newly appended row 3 of PPC-FS
[ppc-fs][Desktop - Chrome] 🤖 [AI Agent Audit] Status: PASS
🤖 [AI Agent Audit] Details: Mapping verified: UI 4,000 -> Cake 5,000
✅ Lead processed successfully for PPC FS
[ppc][Desktop - Chrome] ✅ Filled Phone: 401-247-1072
[ppc][Desktop - Chrome] 🔘 No active contact NEXT/SUBMIT button visible. Exiting loop.
✅ Thank you page detected before Step 6. Exiting form filling.
[ppc][Desktop - Chrome] 🔘 Submitting form
✅ Form already submitted. Bypassing submitForm logic.
[ppc][Desktop - Chrome] ⏳ Waiting for final redirect to Thank You page...
[ppc][Desktop - Chrome] ✅ Targeted final redirect URL achieved!
[ppc][Desktop - Chrome] ✅ Final Thank You URL: https://tra.com/thank-you?debt=5000&leadid=F657362F&reqid=26865757&affid=659&oid=133
📋 [Pre-Fix] Thank-you URL before debt correction: https://tra.com/thank-you?debt=5000&leadid=F657362F&reqid=26865757&affid=659&oid=133
[ppc][Desktop - Chrome] 💾 [Debt Debug] formPage.selectedSliderAmount = "3,000"
💾 [Debt Debug] selectedDebtNum (mapped value) = "3000"
[ppc][Desktop - Chrome] 🔧 [Debt Fix] Current debt in URL: 5000, Should be: 3000
🔧 [Debt Fix] Correcting debt parameter: 5000 → 3000
[ppc][Desktop - Chrome] ✅ [Debt Fix] Updated thank-you URL: https://tra.com/thank-you?debt=3000&leadid=F657362F&reqid=26865757&affid=659&oid=133
[ppc][Desktop - Chrome] 📋 [Diagnostic] Full Thank You URL Parameters: {"debt":"3000","leadid":"F657362F","reqid":"26865757","affid":"659","oid":"133"}
[ppc][Desktop - Chrome] ✅ Extracted Lead ID: F657362F
[ppc][Desktop - Chrome] 📱 Device Type detected: Desktop - Chrome
[ppc][Desktop - Chrome] ✅ Lead captured: F657362F
[ppc][Desktop - Chrome] 📡 Fetching First API data for Lead ID: F657362F...
[tra-cpm][Desktop - Chrome] ✅ Page loaded successfully
[tra-cpm][Desktop - Chrome] 📝 Starting multi-step form filling process...
[tra-cpm][Desktop - Chrome] 🔘 Step 1: Handling Debt Amount (6,000)
[tra-cpm][Desktop - Chrome] 🔘 Found jQuery UI Slider #slider. Setting value via jQuery and DOM evaluation...
[tra-cpm][Desktop - Chrome] ✅ Set jQuery UI Slider #slider to 6,000
[ppc-fs][Desktop - Chrome] 🎥 Video saved successfully: traces/videos/PPC-FS_PPC_FS.webm
[ppc-fs][Desktop - Chrome] 
✅ Execution successfully processed! { success: true, leadId: '52617F08', brand: 'PPC FS' }
[tra-cpm][Desktop - Chrome] 🔘 Attempting to click .next-btn1, .btn-next
[tra-cpm][Desktop - Chrome] ✅ Clicked .next-btn1, .btn-next
[ppc][Desktop - Chrome] 📡 Raw XML Response: {
  "lead_info_response": {
    "$": {
      "xmlns:xsd": "http://www.w3.org/2001/XMLSchema",
      "xmlns:xsi": "http://www.w3.org/2001/XMLSchema-instance",
      "xmlns": "http://cakemarketing.com/api/1/"
    },
    "success": "true",
    "row_count": "1",
    "lead_id": "F657362F",
    "personal_info": {
      "first_name": "CKMTESTPIXEL",
      "last_name": "CKMTESTPIXEL",
      "email_address": "ckmtestpixel@gmail.com",
      "address": {
        "street": "",
        "city": "",
        "state": "MN",
        "zip_code": "55343",
        "country": ""
      },
      "ip_address": "27.54.170.27",
      "phone_work": "",
      "phone_home": "401-247-1072",
      "phone_cell": "",
      "best_call_time": "",
      "opt_in": "false"
    },
    "traffic_info": {
      "lead_date": "2026-06-04T22:33:32.22",
      "payout": {
        "currency_id": "1",
        "amount": "0.0000",
        "formatted_amount": "$0.00"
      },
      "affiliate": {
        "affiliate_id": {
          "_": "659",
          "$": {
            "xmlns": "API:id_name_store"
          }
        },
        "affiliate_name": {
          "_": "QA affiliate",
          "$": {
            "xmlns": "API:id_name_store"
          }
        }
      },
      "campaign": {
        "campaign_id": {
          "_": "4125",
          "$": {
            "xmlns": "API:id_name_store"
          }
        },
        "campaign_name": {
          "_": "TRA.com CPL - PPC - CPA - $1.00",
          "$": {
            "xmlns": "API:id_name_store"
          }
        }
      },
      "creative_id": "2210",
      "subid_1": "",
      "subid_2": "",
      "subid_3": "",
      "subid_4": "",
      "subid_5": "",
      "referrer": "",
      "pixel_fired": "true",
      "returned_to_affiliate": "false",
      "test": "true",
      "upsell": "false"
    },
    "all_vertical_data": {
      "data": {
        "$": {
          "xmlns": ""
        },
        "tax_debt": "5000",
        "universal_leadid": "A087D7B9-8F04-4A3E-D33F-CCD88A6926B1",
        "affid": "659",
        "TCPA_checkbox": "1",
        "reqid": "26865757",
        "page": "https://tra.com/ppcv7",
        "neustar": "under",
        "first_name_lower": "ckmtestpixel",
        "last_name_lower": "ckmtestpixel",
        "opt_special_offers": "on",
        "ckm_campaign_id": "4468"
      }
    },
    "dispositions": {
      "disposition": [
        {
          "disposition_type": "Not Paid For",
          "reason": "Unmatched Filter",
          "filter": "Min Tax Debt"
        },
        {
          "disposition_type": "Not Paid For",
          "reason": "Unmatched Filter",
          "filter": "Nuestar Fail"
        }
      ]
    },
    "pings": "",
    "posts": "",
    "sales": ""
  }
}
[ppc][Desktop - Chrome] ✅ First API Data retrieved on attempt 1
[ppc][Desktop - Chrome] 📡 Fetching Second API data for Lead ID: F657362F...
[ppc][Desktop - Chrome] 📡 Standard Second API Payload: cake_id=F657362F, domain_name=https://www.taxreliefadvocates.com
[ppc-fs][Desktop - Chrome] 📋 Trace report successfully saved: traces/ppc-fs_desktop.zip
[ppc][Desktop - Chrome] [STDERR] (node:24008) Warning: Setting the NODE_TLS_REJECT_UNAUTHORIZED environment variable to '0' makes TLS connections and HTTPS requests insecure by disabling certificate verification.
(Use `node --trace-warnings ...` to show where the warning was created)
✅ [5/6/2026, 11:03:42 am] COMPLETED: ppc-fs [Desktop - Chrome][CHROMIUM]

================================================================
🚀 [5/6/2026, 11:03:42 am] RUNNING: Everest Tax Releif(X) [DESKTOP - CHROME]
🔗 Target URL: https://mlf-trk.com/?a=659&oc=812&c=2498&s1=
================================================================
[ppc][Desktop - Chrome] [STDERR] ⚠️  Attempt 1: Second API returned no DBID. Response: {"status":false,"message":"Domain not found in configuration: taxreliefadvocates.com"}
[ppc][Desktop - Chrome] ⏳ Retrying in 1 second to allow database synchronization...
[everest-tr-x][Desktop - Chrome] 🔌 [Browser Interceptor] Intercepting and optimizing engine: CHROMIUM
[everest-tr-x][Desktop - Chrome] ◇ injected env (0) from .env // tip: ◈ encrypted .env [www.dotenvx.com]
[everest-tr-x][Desktop - Chrome] ◇ injected env (0) from .env // tip: ◈ secrets for agents [www.dotenvx.com]
[everest-tr-x][Desktop - Chrome] ◇ injected env (0) from .env // tip: ◈ secrets for agents [www.dotenvx.com]
[everest-tr-x][Desktop - Chrome] ◇ injected env (0) from .env // tip: ⌘ suppress logs { quiet: true }
[tra-cpm][Desktop - Chrome] ✅ Reached a recognized terminal step (State or Contact). Stopping dynamic traversal.
[tra-cpm][Desktop - Chrome] 🔘 Step: Selecting State
[tra-cpm][Desktop - Chrome] ✅ Selected state dynamically: "Montana"
📝 step3 column set to State: "Montana"
[ppc][Desktop - Chrome] 📡 Standard Second API Payload: cake_id=F657362F, domain_name=https://www.taxreliefadvocates.com
[tra-cpm][Desktop - Chrome] 🔘 Clicking generic NEXT button
[ppc][Desktop - Chrome] [STDERR] ⚠️  Attempt 2: Second API returned no DBID. Response: {"status":false,"message":"Domain not found in configuration: taxreliefadvocates.com"}
[ppc][Desktop - Chrome] ⏳ Retrying in 1 second to allow database synchronization...
[tra-cpm][Desktop - Chrome] ✅ Clicked generic NEXT button
[everest-tr-x][Desktop - Chrome] ◇ injected env (0) from .env // tip: ⌘ enable debugging { debug: true }
[everest-tr-x][Desktop - Chrome] ◇ injected env (0) from .env // tip: ⌘ suppress logs { quiet: true }
[everest-tr-x][Desktop - Chrome] 
🤖 ================================================================
[everest-tr-x][Desktop - Chrome] 🤖 MASTER RUNNER: LAUNCHING EVEREST TAX RELEIF(X)
🤖 Mode:            DESKTOP
🤖 Tracking URL:     https://mlf-trk.com/?a=659&oc=812&c=2498&s1=
🤖 Target Sheet:    Everest Tax Releif(X)
[everest-tr-x][Desktop - Chrome] 🤖 ================================================================
[everest-tr-x][Desktop - Chrome] 🔌 [Browser Interceptor] Intercepting and optimizing engine: CHROMIUM
[everest-tr-x][Desktop - Chrome] 🔌 [Browser Interceptor] Speed Optimization: Capping slowMo from 2000ms to 100ms
[everest-tr-x][Desktop - Chrome] 💻 Emulated Device Profile: DESKTOP - [Desktop - Chrome]
[everest-tr-x][Desktop - Chrome] 🔄 Processing lead for brand: Everest Tax Releif(X)
[everest-tr-x][Desktop - Chrome] 📊 Campaign execution run index: 74
[everest-tr-x][Desktop - Chrome] 📅 [Forced Override] Friday, June 5th forced to Week 1 Monday range: 0 - 7,500
📅 [Rotational Logic] Week 1 Day 5. Target Range: 1000-7500 (Max allowed by URL: 70000)
[everest-tr-x][Desktop - Chrome] 🔗 Navigating to: https://mlf-trk.com/?a=659&oc=812&c=2498&s1=
[ppc][Desktop - Chrome] 📡 Standard Second API Payload: cake_id=F657362F, domain_name=https://www.taxreliefadvocates.com
[ppc][Desktop - Chrome] [STDERR] ⚠️  Attempt 3: Second API returned no DBID. Response: {"status":false,"message":"Domain not found in configuration: taxreliefadvocates.com"}
[ppc][Desktop - Chrome] ⏳ Retrying in 1 second to allow database synchronization...
[tra-cpm][Desktop - Chrome] 🔘 Filling Contact Info (Dynamic Loop)...
[ppc][Desktop - Chrome] 📡 Standard Second API Payload: cake_id=F657362F, domain_name=https://www.taxreliefadvocates.com
[ppc][Desktop - Chrome] [STDERR] ⚠️  Attempt 4: Second API returned no DBID. Response: {"status":false,"message":"Domain not found in configuration: taxreliefadvocates.com"}
[ppc][Desktop - Chrome] ⏳ Retrying in 1 second to allow database synchronization...
[tra-cpm][Desktop - Chrome] ✅ Filled First Name: ckmtestpixel
[tra-cpm][Desktop - Chrome] ✅ Filled Last Name: ckmtestpixel
[ppc][Desktop - Chrome] 📡 Standard Second API Payload: cake_id=F657362F, domain_name=https://www.taxreliefadvocates.com
[ppc][Desktop - Chrome] [STDERR] ⚠️  Attempt 5: Second API returned no DBID. Response: {"status":false,"message":"Domain not found in configuration: taxreliefadvocates.com"}
[ppc][Desktop - Chrome] 📡 [Rest-Assurance] Verifying Lead ID: F657362F via Backend...
[tra-cpm][Desktop - Chrome] ✅ Filled Email: ckmtestpixel@gmail.com
[ppc][Desktop - Chrome] 🛡️  [Rest-Assurance] VERIFIED (Backend Debt: 5000)
[tra-cpm][Desktop - Chrome] ✅ Filled Phone: 401-247-1075
[tra-cpm][Desktop - Chrome] 🔘 Clicking active contact NEXT/SUBMIT button...
[ppc][Desktop - Chrome] ✅ Row appended successfully to sheet: PPC
[ppc][Desktop - Chrome] ✨ Fast formatting applied to newly appended row 205 of PPC
[ppc][Desktop - Chrome] 🤖 [AI Agent Audit] Status: PASS
[ppc][Desktop - Chrome] 🤖 [AI Agent Audit] Details: Mapping verified: UI 3,000 -> Cake 5,000
✅ Lead processed successfully for PPC
[everest-tr-x][Desktop - Chrome] ✅ Page loaded successfully
[everest-tr-x][Desktop - Chrome] 📝 Starting multi-step form filling process...
[everest-tr-x][Desktop - Chrome] 🔘 Step 1: Handling Debt Amount (5,000)
[everest-tr-x][Desktop - Chrome] 🔘 Found jQuery UI Slider #slider. Setting value via jQuery and DOM evaluation...
[everest-tr-x][Desktop - Chrome] ✅ Set jQuery UI Slider #slider to 5,000
[everest-tr-x][Desktop - Chrome] 🔘 Attempting to click .next-btn1, .btn-next
[ftd-x][Desktop - Chrome] [STDERR] ⚠️  Attempt 2: Second API returned no DBID. Response: {"status":false,"message":"Connection exception: Connection timed out"}
[ftd-x][Desktop - Chrome] ⏳ Retrying in 1 second to allow database synchronization...
[everest-tr-x][Desktop - Chrome] ✅ Clicked .next-btn1, .btn-next
[ppc][Desktop - Chrome] 🎥 Video saved successfully: traces/videos/PPC_PPC.webm
[ppc][Desktop - Chrome] 
✅ Execution successfully processed! { success: true, leadId: 'F657362F', brand: 'PPC' }
[ftd-x][Desktop - Chrome] 📡 Standard Second API Payload: cake_id=2AC8E832, domain_name=https://fidelity-tax-defense.net
[ppc][Desktop - Chrome] 📋 Trace report successfully saved: traces/ppc_desktop.zip
[everest-tr-x][Desktop - Chrome] 🔘 [Rotation] Selecting Option 3: "Federal & State"
✅ [5/6/2026, 11:03:54 am] COMPLETED: ppc [Desktop - Chrome][CHROMIUM]

================================================================
🚀 [5/6/2026, 11:03:54 am] RUNNING: VTS Original [DESKTOP - CHROME]
🔗 Target URL: https://mlfvts-trk.com/?a=659&oc=323&c=569&s1=
================================================================
[everest-tr-x][Desktop - Chrome] ⏳ Waiting 2 seconds after choice selection...
[vts-original][Desktop - Chrome] 🔌 [Browser Interceptor] Intercepting and optimizing engine: CHROMIUM
[vts-original][Desktop - Chrome] ◇ injected env (0) from .env // tip: ◈ secrets for agents [www.dotenvx.com]
[vts-original][Desktop - Chrome] ◇ injected env (0) from .env // tip: ⌘ custom filepath { path: '/custom/path/.env' }
[vts-original][Desktop - Chrome] ◇ injected env (0) from .env // tip: ⌘ custom filepath { path: '/custom/path/.env' }
[vts-original][Desktop - Chrome] ◇ injected env (0) from .env // tip: ⌁ auth for agents [www.vestauth.com]
[vts-original][Desktop - Chrome] ◇ injected env (0) from .env // tip: ⌘ enable debugging { debug: true }
[vts-original][Desktop - Chrome] ◇ injected env (0) from .env // tip: ⌘ enable debugging { debug: true }
[vts-original][Desktop - Chrome] 
🤖 ================================================================
[vts-original][Desktop - Chrome] 🤖 MASTER RUNNER: LAUNCHING VTS ORIGINAL
🤖 Mode:            DESKTOP
[vts-original][Desktop - Chrome] 🤖 Tracking URL:     https://mlfvts-trk.com/?a=659&oc=323&c=569&s1=
[vts-original][Desktop - Chrome] 🤖 Target Sheet:    VTS-Original
🤖 ================================================================
[vts-original][Desktop - Chrome] 🔌 [Browser Interceptor] Intercepting and optimizing engine: CHROMIUM
[vts-original][Desktop - Chrome] 🔌 [Browser Interceptor] Speed Optimization: Capping slowMo from 2000ms to 100ms
[vts-original][Desktop - Chrome] 💻 Emulated Device Profile: DESKTOP - [Desktop - Chrome]
[vts-original][Desktop - Chrome] 🔄 Processing lead for brand: VTS Original
[vts-original][Desktop - Chrome] 📊 Campaign execution run index: 72
[vts-original][Desktop - Chrome] 📅 [Forced Override] Friday, June 5th forced to Week 1 Monday range: 0 - 7,500
📅 [Rotational Logic] Week 1 Day 5. Target Range: 1000-7500 (Max allowed by URL: 70000)
[everest-tr-x][Desktop - Chrome] ✅ Page auto-advanced after option selection.
[vts-original][Desktop - Chrome] 🔗 Navigating to: https://mlfvts-trk.com/?a=659&oc=323&c=569&s1=
[everest-tr-x][Desktop - Chrome] 🔘 [Rotation] Selecting Option 3: "Less than $4,000"
[tra-cpm][Desktop - Chrome] ✅ Filled Phone: 401-247-1075
[everest-tr-x][Desktop - Chrome] ⏳ Waiting 2 seconds after choice selection...
[tra-cpm][Desktop - Chrome] 🔘 No active contact NEXT/SUBMIT button visible. Exiting loop.
✅ Thank you page detected before Step 6. Exiting form filling.
[tra-cpm][Desktop - Chrome] 🔘 Submitting form
[tra-cpm][Desktop - Chrome] ✅ Form already submitted. Bypassing submitForm logic.
[tra-cpm][Desktop - Chrome] ⏳ Waiting for final redirect to Thank You page...
[tra-cpm][Desktop - Chrome] ✅ Targeted final redirect URL achieved!
[tra-cpm][Desktop - Chrome] ✅ Final Thank You URL: https://tra.com/thank-you?debt=6000&leadid=5E1F4811&reqid=26865759&affid=659&oid=136
📋 [Pre-Fix] Thank-you URL before debt correction: https://tra.com/thank-you?debt=6000&leadid=5E1F4811&reqid=26865759&affid=659&oid=136
[tra-cpm][Desktop - Chrome] 💾 [Debt Debug] formPage.selectedSliderAmount = "6,000"
💾 [Debt Debug] selectedDebtNum (mapped value) = "6000"
[tra-cpm][Desktop - Chrome] 🔧 [Debt Fix] Current debt in URL: 6000, Should be: 6000
✅ [Debt Fix] Debt parameter already correct
[tra-cpm][Desktop - Chrome] 📋 [Diagnostic] Full Thank You URL Parameters: {"debt":"6000","leadid":"5E1F4811","reqid":"26865759","affid":"659","oid":"136"}
[tra-cpm][Desktop - Chrome] ✅ Extracted Lead ID: 5E1F4811
[tra-cpm][Desktop - Chrome] 📱 Device Type detected: Desktop - Chrome
[tra-cpm][Desktop - Chrome] ✅ Lead captured: 5E1F4811
[tra-cpm][Desktop - Chrome] 📡 Fetching First API data for Lead ID: 5E1F4811...
[everest-tr-x][Desktop - Chrome] ✅ Page auto-advanced after option selection.
[everest-tr-x][Desktop - Chrome] ✅ Reached a recognized terminal step (State or Contact). Stopping dynamic traversal.
[everest-tr-x][Desktop - Chrome] 🔘 Step: Selecting State
[everest-tr-x][Desktop - Chrome] ✅ Selected state dynamically: "Missouri"
📝 step3 column set to State: "Missouri"
[everest-tr-x][Desktop - Chrome] 🔘 Clicking generic NEXT button
[everest-tr-x][Desktop - Chrome] ✅ Clicked generic NEXT button
[tra-cpm][Desktop - Chrome] 📡 Raw XML Response: {
  "lead_info_response": {
    "$": {
      "xmlns:xsd": "http://www.w3.org/2001/XMLSchema",
      "xmlns:xsi": "http://www.w3.org/2001/XMLSchema-instance",
      "xmlns": "http://cakemarketing.com/api/1/"
    },
    "success": "true",
    "row_count": "1",
    "lead_id": "5E1F4811",
    "personal_info": {
      "first_name": "CKMTESTPIXEL",
      "last_name": "CKMTESTPIXEL",
      "email_address": "ckmtestpixel@gmail.com",
      "address": {
        "street": "",
        "city": "",
        "state": "MT",
        "zip_code": "59864",
        "country": ""
      },
      "ip_address": "27.54.170.27",
      "phone_work": "",
      "phone_home": "401-247-1075",
      "phone_cell": "",
      "best_call_time": "",
      "opt_in": "false"
    },
    "traffic_info": {
      "lead_date": "2026-06-04T22:33:50.06",
      "payout": {
        "currency_id": "1",
        "amount": "0.0000",
        "formatted_amount": "$0.00"
      },
      "affiliate": {
        "affiliate_id": {
          "_": "659",
          "$": {
            "xmlns": "API:id_name_store"
          }
        },
        "affiliate_name": {
          "_": "QA affiliate",
          "$": {
            "xmlns": "API:id_name_store"
          }
        }
      },
      "campaign": {
        "campaign_id": {
          "_": "4079",
          "$": {
            "xmlns": "API:id_name_store"
          }
        },
        "campaign_name": {
          "_": "TRA.com CPM  - CPM - CPA - $1.00",
          "$": {
            "xmlns": "API:id_name_store"
          }
        }
      },
      "creative_id": "2225",
      "subid_1": "",
      "subid_2": "",
      "subid_3": "",
      "subid_4": "",
      "subid_5": "",
      "referrer": "",
      "pixel_fired": "true",
      "returned_to_affiliate": "false",
      "test": "true",
      "upsell": "false"
    },
    "all_vertical_data": {
      "data": {
        "$": {
          "xmlns": ""
        },
        "tax_debt": "6000",
        "universal_leadid": "F6D3AD76-BAEF-E95C-B98C-6DF417451111",
        "affid": "659",
        "TCPA_checkbox": "1",
        "reqid": "26865759",
        "page": "https://tra.com/cpm2",
        "neustar": "under",
        "first_name_lower": "ckmtestpixel",
        "last_name_lower": "ckmtestpixel",
        "opt_special_offers": "on",
        "ckm_campaign_id": "4438"
      }
    },
    "dispositions": {
      "disposition": {
        "disposition_type": "Not Paid For",
        "reason": "Unmatched Filter",
        "filter": "Min Tax Debt"
      }
    },
    "pings": "",
    "posts": "",
    "sales": ""
  }
}
✅ First API Data retrieved on attempt 1
[tra-cpm][Desktop - Chrome] 📡 Fetching Second API data for Lead ID: 5E1F4811...
[tra-cpm][Desktop - Chrome] 📡 Standard Second API Payload: cake_id=5E1F4811, domain_name=https://www.taxreliefadvocates.com
[tra-cpm][Desktop - Chrome] [STDERR] (node:18880) Warning: Setting the NODE_TLS_REJECT_UNAUTHORIZED environment variable to '0' makes TLS connections and HTTPS requests insecure by disabling certificate verification.
(Use `node --trace-warnings ...` to show where the warning was created)
[tra-cpm][Desktop - Chrome] [STDERR] ⚠️  Attempt 1: Second API returned no DBID. Response: {"status":false,"message":"Domain not found in configuration: taxreliefadvocates.com"}
[tra-cpm][Desktop - Chrome] ⏳ Retrying in 1 second to allow database synchronization...
[everest-tr-x][Desktop - Chrome] 🔘 Advancing past post-state step...
[tra-cpm][Desktop - Chrome] 📡 Standard Second API Payload: cake_id=5E1F4811, domain_name=https://www.taxreliefadvocates.com
[everest-tr-x][Desktop - Chrome] 🔘 Filling Contact Info (Dynamic Loop)...
[tra-cpm][Desktop - Chrome] [STDERR] ⚠️  Attempt 2: Second API returned no DBID. Response: {"status":false,"message":"Domain not found in configuration: taxreliefadvocates.com"}
[tra-cpm][Desktop - Chrome] ⏳ Retrying in 1 second to allow database synchronization...
[everest-tr-x][Desktop - Chrome] ✅ Filled First Name: ckmtestpixel
[everest-tr-x][Desktop - Chrome] ✅ Filled Last Name: ckmtestpixel
[vts-original][Desktop - Chrome] ✅ Page loaded successfully
[vts-original][Desktop - Chrome] 📝 Starting multi-step form filling process...
[tra-cpm][Desktop - Chrome] 📡 Standard Second API Payload: cake_id=5E1F4811, domain_name=https://www.taxreliefadvocates.com
[vts-original][Desktop - Chrome] 🔘 Step 1: Handling Debt Amount (3,000)
[vts-original][Desktop - Chrome] 🔘 Found jQuery UI Slider #slider. Setting value via jQuery and DOM evaluation...
[vts-original][Desktop - Chrome] ✅ Set jQuery UI Slider #slider to 3,000
[everest-tr-x][Desktop - Chrome] ✅ Filled Email: ckmtestpixel@gmail.com
[tra-cpm][Desktop - Chrome] [STDERR] ⚠️  Attempt 3: Second API returned no DBID. Response: {"status":false,"message":"Domain not found in configuration: taxreliefadvocates.com"}
[tra-cpm][Desktop - Chrome] ⏳ Retrying in 1 second to allow database synchronization...
[vts-original][Desktop - Chrome] 🔘 Attempting to click .next-btn1, .btn-next
[everest-tr-x][Desktop - Chrome] ✅ Filled Phone: 401-247-1074
[everest-tr-x][Desktop - Chrome] 🔘 Clicking active contact NEXT/SUBMIT button...
[vts-original][Desktop - Chrome] ✅ Clicked .next-btn1, .btn-next
[tra-cpm][Desktop - Chrome] 📡 Standard Second API Payload: cake_id=5E1F4811, domain_name=https://www.taxreliefadvocates.com
[tra-cpm][Desktop - Chrome] [STDERR] ⚠️  Attempt 4: Second API returned no DBID. Response: {"status":false,"message":"Domain not found in configuration: taxreliefadvocates.com"}
[tra-cpm][Desktop - Chrome] ⏳ Retrying in 1 second to allow database synchronization...
[tra-cpm][Desktop - Chrome] 📡 Standard Second API Payload: cake_id=5E1F4811, domain_name=https://www.taxreliefadvocates.com
[vts-original][Desktop - Chrome] 🔘 [Rotation] Selecting Option 1: "IRS Tax Debt"
[tra-cpm][Desktop - Chrome] [STDERR] ⚠️  Attempt 5: Second API returned no DBID. Response: {"status":false,"message":"Domain not found in configuration: taxreliefadvocates.com"}
[tra-cpm][Desktop - Chrome] 📡 [Rest-Assurance] Verifying Lead ID: 5E1F4811 via Backend...
[vts-original][Desktop - Chrome] ⏳ Waiting 2 seconds after choice selection...
[tra-cpm][Desktop - Chrome] 🛡️  [Rest-Assurance] VERIFIED (Backend Debt: 6000)
[vts-original][Desktop - Chrome] ✅ Page auto-advanced after option selection.
[vts-original][Desktop - Chrome] ✅ Reached a recognized terminal step (State or Contact). Stopping dynamic traversal.
[vts-original][Desktop - Chrome] 🔘 Step: Selecting State
[vts-original][Desktop - Chrome] ✅ Selected state dynamically: "Minnesota"
📝 step3 column set to State: "Minnesota"
[vts-original][Desktop - Chrome] 🔘 Clicking generic NEXT button
[vts-original][Desktop - Chrome] ✅ Clicked generic NEXT button
[everest-tr-x][Desktop - Chrome] ✅ Thank you page or lead id detected in URL during contact loop. Exiting contact loop.
✅ Thank you page detected before Step 6. Exiting form filling.
[everest-tr-x][Desktop - Chrome] 🔘 Submitting form
✅ Form already submitted. Bypassing submitForm logic.
[everest-tr-x][Desktop - Chrome] ⏳ Waiting for final redirect to Thank You page...
[everest-tr-x][Desktop - Chrome] ✅ Targeted final redirect URL achieved!
[everest-tr-x][Desktop - Chrome] ✅ Final Thank You URL: https://www.everesttaxrelief.net/thankyou_ts.php?debt=5000&leadid=9433D9AB&affid=659&reqid=26865760&sub
[everest-tr-x][Desktop - Chrome] 📋 [Pre-Fix] Thank-you URL before debt correction: https://www.everesttaxrelief.net/thankyou_ts.php?debt=5000&leadid=9433D9AB&affid=659&reqid=26865760&sub
[everest-tr-x][Desktop - Chrome] 💾 [Debt Debug] formPage.selectedSliderAmount = "5,000"
[everest-tr-x][Desktop - Chrome] 💾 [Debt Debug] selectedDebtNum (mapped value) = "5000"
[everest-tr-x][Desktop - Chrome] 🔧 [Debt Fix] Current debt in URL: 5000, Should be: 5000
✅ [Debt Fix] Debt parameter already correct
[everest-tr-x][Desktop - Chrome] 📋 [Diagnostic] Full Thank You URL Parameters: {"debt":"5000","leadid":"9433D9AB","affid":"659","reqid":"26865760","sub":""}
[everest-tr-x][Desktop - Chrome] ✅ Extracted Lead ID: 9433D9AB
📱 Device Type detected: Desktop - Chrome
[everest-tr-x][Desktop - Chrome] ✅ Lead captured: 9433D9AB
[everest-tr-x][Desktop - Chrome] 📡 Fetching First API data for Lead ID: 9433D9AB...
[tra-cpm][Desktop - Chrome] ✅ Row appended successfully to sheet: TRA-CPM
[tra-cpm][Desktop - Chrome] ✨ Fast formatting applied to newly appended row 172 of TRA-CPM
[tra-cpm][Desktop - Chrome] 🤖 [AI Agent Audit] Status: FAIL
[tra-cpm][Desktop - Chrome] [STDERR] 🚨 [AI Agent] Data mismatch detected for TRA-CPM. Please review Google Sheet.
[tra-cpm][Desktop - Chrome] 🤖 [AI Agent Audit] Details: MISMATCH DETECTED: UI 6,000 Expected 5,000 but API got 6000
✅ Lead processed successfully for TRA-CPM
[vts-original][Desktop - Chrome] 🔘 Advancing past post-state step...
[tra-cpm][Desktop - Chrome] 🎥 Video saved successfully: traces/videos/TRA-CPM_TRA-CPM.webm
[tra-cpm][Desktop - Chrome] 
✅ Execution successfully processed! { success: true, leadId: '5E1F4811', brand: 'TRA-CPM' }
[vts-original][Desktop - Chrome] 🔘 Filling Contact Info (Dynamic Loop)...
[vts-original][Desktop - Chrome] ✅ Filled First Name: ckmtestpixel
[tra-cpm][Desktop - Chrome] 📋 Trace report successfully saved: traces/tra-cpm_desktop.zip
[vts-original][Desktop - Chrome] ✅ Filled Last Name: ckmtestpixel
[vts-original][Desktop - Chrome] 🔘 Clicking active contact NEXT/SUBMIT button...
✅ [5/6/2026, 11:04:11 am] COMPLETED: tra-cpm [Desktop - Chrome][CHROMIUM]

================================================================
🚀 [5/6/2026, 11:04:11 am] RUNNING: VTS-NE-Branded [DESKTOP - CHROME]
🔗 Target URL: https://mlfvts-trk.com/?a=659&oc=830&c=569&s1=
================================================================
[everest-tr-x][Desktop - Chrome] 📡 Raw XML Response: {
  "lead_info_response": {
    "$": {
      "xmlns:xsd": "http://www.w3.org/2001/XMLSchema",
      "xmlns:xsi": "http://www.w3.org/2001/XMLSchema-instance",
      "xmlns": "http://cakemarketing.com/api/1/"
    },
    "success": "true",
    "row_count": "1",
    "lead_id": "9433D9AB",
    "personal_info": {
      "first_name": "CKMTESTPIXEL",
      "last_name": "CKMTESTPIXEL",
      "email_address": "ckmtestpixel@gmail.com",
      "address": {
        "street": "",
        "city": "",
        "state": "MO",
        "zip_code": "",
        "country": ""
      },
      "ip_address": "27.54.170.27",
      "phone_work": "",
      "phone_home": "401-247-1074",
      "phone_cell": "",
      "best_call_time": "",
      "opt_in": "false"
    },
    "traffic_info": {
      "lead_date": "2026-06-04T22:34:05.027",
      "payout": {
        "currency_id": "1",
        "amount": "0.0000",
        "formatted_amount": "$0.00"
      },
      "affiliate": {
        "affiliate_id": {
          "_": "659",
          "$": {
            "xmlns": "API:id_name_store"
          }
        },
        "affiliate_name": {
          "_": "QA affiliate",
          "$": {
            "xmlns": "API:id_name_store"
          }
        }
      },
      "campaign": {
        "campaign_id": {
          "_": "4290",
          "$": {
            "xmlns": "API:id_name_store"
          }
        },
        "campaign_name": {
          "_": "Everest Tax Relief (X) - Main - CPA - $1.00",
          "$": {
            "xmlns": "API:id_name_store"
          }
        }
      },
      "creative_id": "2498",
      "subid_1": "",
      "subid_2": "",
      "subid_3": "",
      "subid_4": "",
      "subid_5": "",
      "referrer": "",
      "pixel_fired": "true",
      "returned_to_affiliate": "false",
      "test": "true",
      "upsell": "false"
    },
    "all_vertical_data": {
      "data": {
        "$": {
          "xmlns": ""
        },
        "tax_debt": "5000",
        "universal_leadid": "9E21FD51-A377-1FF1-AE5C-65F114528ED1",
        "affid": "659",
        "TCPA_checkbox": "checked",
        "reqid": "26865760",
        "cr_price": "3",
        "page": "everesttaxrelief.net/v5/",
        "neustar": "under",
        "first_name_lower": "ckmtestpixel",
        "last_name_lower": "ckmtestpixel",
        "income": "3500",
        "first_name_capital": "Ckmtestpixel",
        "last_name_capital": "Ckmtestpixel",
        "debt_type": "Federal & State",
        "nodl_flag": "pass",
        "ckm_campaign_id": "4578",
        "email_oversight": "Verified"
      }
    },
    "dispositions": {
      "disposition": [
        {
          "disposition_type": "Not Paid For",
          "reason": "Unmatched Filter",
          "filter": "Min Tax Debt"
        },
        {
          "disposition_type": "Not Paid For",
          "reason": "Unmatched Filter",
          "filter": "Nuestar Fail"
        },
        {
          "disposition_type": "Not Paid For",
          "reason": "Unmatched Filter",
          "filter": "income"
        },
        {
          "disposition_type": "Sent to Review Queue",
          "reason": "Income: This value is too large",
          "filter": "Less Than Or Equal To Value"
        }
      ]
    },
    "pings": "",
    "posts": "",
    "sales": ""
  }
}
[everest-tr-x][Desktop - Chrome] ✅ First API Data retrieved on attempt 1
[everest-tr-x][Desktop - Chrome] 📡 Fetching Second API data for Lead ID: 9433D9AB...
[everest-tr-x][Desktop - Chrome] 📡 Everest Custom Second API Payload: cake_id=9433D9AB, domain_name=https://everesttaxrelief.net
[everest-tr-x][Desktop - Chrome] [STDERR] (node:16380) Warning: Setting the NODE_TLS_REJECT_UNAUTHORIZED environment variable to '0' makes TLS connections and HTTPS requests insecure by disabling certificate verification.
(Use `node --trace-warnings ...` to show where the warning was created)
[vts-ne-branded][Desktop - Chrome] 🔌 [Browser Interceptor] Intercepting and optimizing engine: CHROMIUM
[vts-ne-branded][Desktop - Chrome] ◇ injected env (0) from .env // tip: ⌁ auth for agents [www.vestauth.com]
[vts-ne-branded][Desktop - Chrome] ◇ injected env (0) from .env // tip: ⌘ enable debugging { debug: true }
[vts-ne-branded][Desktop - Chrome] ◇ injected env (0) from .env // tip: ⌘ custom filepath { path: '/custom/path/.env' }
[vts-ne-branded][Desktop - Chrome] ◇ injected env (0) from .env // tip: ◈ encrypted .env [www.dotenvx.com]
[vts-original][Desktop - Chrome] ✅ Filled Email: ckmtestpixel@gmail.com
[vts-original][Desktop - Chrome] 🔘 Clicking active contact NEXT/SUBMIT button...
[everest-tr-x][Desktop - Chrome] ✅ Second API Data retrieved on attempt 1: DBID=15958
[everest-tr-x][Desktop - Chrome] 📡 [Rest-Assurance] Verifying Lead ID: 9433D9AB via Backend...
[vts-ne-branded][Desktop - Chrome] ◇ injected env (0) from .env // tip: ⌘ custom filepath { path: '/custom/path/.env' }
[vts-ne-branded][Desktop - Chrome] ◇ injected env (0) from .env // tip: ⌘ custom filepath { path: '/custom/path/.env' }
[vts-ne-branded][Desktop - Chrome] 
🤖 ================================================================
[vts-ne-branded][Desktop - Chrome] 🤖 MASTER RUNNER: LAUNCHING VTS-NE-BRANDED
🤖 Mode:            DESKTOP
[vts-ne-branded][Desktop - Chrome] 🤖 Tracking URL:     https://mlfvts-trk.com/?a=659&oc=830&c=569&s1=
🤖 Target Sheet:    VTS-NE-Branded
🤖 ================================================================
[vts-ne-branded][Desktop - Chrome] 🔌 [Browser Interceptor] Intercepting and optimizing engine: CHROMIUM
[vts-ne-branded][Desktop - Chrome] 🔌 [Browser Interceptor] Speed Optimization: Capping slowMo from 2000ms to 100ms
[vts-original][Desktop - Chrome] ✅ Filled Phone: 401-247-1072
[everest-tr-x][Desktop - Chrome] 🛡️  [Rest-Assurance] VERIFIED (Backend Debt: 5000)
[vts-original][Desktop - Chrome] 🔘 Clicking active contact NEXT/SUBMIT button...
[vts-ne-branded][Desktop - Chrome] 💻 Emulated Device Profile: DESKTOP - [Desktop - Chrome]
[vts-ne-branded][Desktop - Chrome] 🔄 Processing lead for brand: VTS-NE-Branded
[vts-ne-branded][Desktop - Chrome] 📊 Campaign execution run index: 70
[vts-ne-branded][Desktop - Chrome] 📅 [Forced Override] Friday, June 5th forced to Week 1 Monday range: 0 - 7,500
📅 [Rotational Logic] Week 1 Day 5. Target Range: 1000-7500 (Max allowed by URL: 8000)
[vts-ne-branded][Desktop - Chrome] 🔗 Navigating to: https://mlfvts-trk.com/?a=659&oc=830&c=569&s1=
[everest-tr-x][Desktop - Chrome] ✅ Row appended successfully to sheet: Everest Tax Releif(X)
[everest-tr-x][Desktop - Chrome] ✨ Fast formatting applied to newly appended row 198 of Everest Tax Releif(X)
[everest-tr-x][Desktop - Chrome] 🤖 [AI Agent Audit] Status: PASS
🤖 [AI Agent Audit] Details: Mapping verified: UI 5,000 -> Cake 5,000
[everest-tr-x][Desktop - Chrome] ✅ Lead processed successfully for Everest Tax Releif(X)
[vts-original][Desktop - Chrome] ✅ Thank you page or lead id detected in URL during contact loop. Exiting contact loop.
✅ Thank you page detected before Step 6. Exiting form filling.
[vts-original][Desktop - Chrome] 🔘 Submitting form
[vts-original][Desktop - Chrome] ✅ Form already submitted. Bypassing submitForm logic.
[vts-original][Desktop - Chrome] ⏳ Waiting for final redirect to Thank You page...
[vts-original][Desktop - Chrome] ✅ Targeted final redirect URL achieved!
[vts-original][Desktop - Chrome] ✅ Final Thank You URL: https://www.veteranstaxservices.com/thankyou_ts_checklist.php?debt=3000&leadid=CCC78AAB&affid=659&reqid=26865762&subid=#s1#
📋 [Pre-Fix] Thank-you URL before debt correction: https://www.veteranstaxservices.com/thankyou_ts_checklist.php?debt=3000&leadid=CCC78AAB&affid=659&reqid=26865762&subid=#s1#
[vts-original][Desktop - Chrome] 💾 [Debt Debug] formPage.selectedSliderAmount = "3,000"
💾 [Debt Debug] selectedDebtNum (mapped value) = "3000"
[vts-original][Desktop - Chrome] 🔧 [Debt Fix] Current debt in URL: 3000, Should be: 3000
[vts-original][Desktop - Chrome] ✅ [Debt Fix] Debt parameter already correct
[vts-original][Desktop - Chrome] 📋 [Diagnostic] Full Thank You URL Parameters: {"debt":"3000","leadid":"CCC78AAB","affid":"659","reqid":"26865762","subid":""}
[vts-original][Desktop - Chrome] ✅ Extracted Lead ID: CCC78AAB
[vts-original][Desktop - Chrome] 📱 Device Type detected: Desktop - Chrome
[vts-original][Desktop - Chrome] ✅ Lead captured: CCC78AAB
[vts-original][Desktop - Chrome] 📡 Fetching First API data for Lead ID: CCC78AAB...
[everest-tr-x][Desktop - Chrome] 🎥 Video saved successfully: traces/videos/Everest Tax Releif(X)_Everest_Tax_Releif(X).webm
[everest-tr-x][Desktop - Chrome] 
✅ Execution successfully processed! { success: true, leadId: '9433D9AB', brand: 'Everest Tax Releif(X)' }
[everest-tr-x][Desktop - Chrome] 📋 Trace report successfully saved: traces/everest-tr-x_desktop.zip
✅ [5/6/2026, 11:04:17 am] COMPLETED: everest-tr-x [Desktop - Chrome][CHROMIUM]

================================================================
🚀 [5/6/2026, 11:04:17 am] RUNNING: Original [DESKTOP - CHROME]
🔗 Target URL: https://mlf-1800-trk.com/?a=659&oc=337&c=617&s1=
================================================================
[original][Desktop - Chrome] 🔌 [Browser Interceptor] Intercepting and optimizing engine: CHROMIUM
[original][Desktop - Chrome] ◇ injected env (0) from .env // tip: ◈ encrypted .env [www.dotenvx.com]
[original][Desktop - Chrome] ◇ injected env (0) from .env // tip: ◈ secrets for agents [www.dotenvx.com]
[original][Desktop - Chrome] ◇ injected env (0) from .env // tip: ⌘ custom filepath { path: '/custom/path/.env' }
[original][Desktop - Chrome] ◇ injected env (0) from .env // tip: ◈ secrets for agents [www.dotenvx.com]
[vts-ne-branded][Desktop - Chrome] ✅ Page loaded successfully
[vts-ne-branded][Desktop - Chrome] 📝 Starting multi-step form filling process...
[vts-ne-branded][Desktop - Chrome] 🔘 Step 1: Handling Debt Amount (1,000)
[vts-ne-branded][Desktop - Chrome] 🔘 Found jQuery UI Slider #slider. Setting value via jQuery and DOM evaluation...
[vts-ne-branded][Desktop - Chrome] ✅ Set jQuery UI Slider #slider to 1,000
[vts-ne-branded][Desktop - Chrome] 🔘 Attempting to click .next-btn1, .btn-next
[vts-original][Desktop - Chrome] 📡 Raw XML Response: {
  "lead_info_response": {
    "$": {
      "xmlns:xsd": "http://www.w3.org/2001/XMLSchema",
      "xmlns:xsi": "http://www.w3.org/2001/XMLSchema-instance",
      "xmlns": "http://cakemarketing.com/api/1/"
    },
    "success": "true",
    "row_count": "1",
    "lead_id": "CCC78AAB",
    "personal_info": {
      "first_name": "CKMTESTPIXEL",
      "last_name": "CKMTESTPIXEL",
      "email_address": "ckmtestpixel@gmail.com",
      "address": {
        "street": "",
        "city": "",
        "state": "MN",
        "zip_code": "",
        "country": ""
      },
      "ip_address": "27.54.170.27",
      "phone_work": "",
      "phone_home": "401-247-1072",
      "phone_cell": "",
      "best_call_time": "",
      "opt_in": "false"
    },
    "traffic_info": {
      "lead_date": "2026-06-04T22:34:13.74",
      "payout": {
        "currency_id": "1",
        "amount": "0.0000",
        "formatted_amount": "$0.00"
      },
      "affiliate": {
        "affiliate_id": {
          "_": "659",
          "$": {
            "xmlns": "API:id_name_store"
          }
        },
        "affiliate_name": {
          "_": "QA affiliate",
          "$": {
            "xmlns": "API:id_name_store"
          }
        }
      },
      "campaign": {
        "campaign_id": {
          "_": "4062",
          "$": {
            "xmlns": "API:id_name_store"
          }
        },
        "campaign_name": {
          "_": "Veterans Tax Services - VTS - Original  - CPA - $1.00",
          "$": {
            "xmlns": "API:id_name_store"
          }
        }
      },
      "creative_id": "569",
      "subid_1": "",
      "subid_2": "",
      "subid_3": "",
      "subid_4": "",
      "subid_5": "",
      "referrer": "",
      "pixel_fired": "true",
      "returned_to_affiliate": "false",
      "test": "true",
      "upsell": "false"
    },
    "all_vertical_data": {
      "data": {
        "$": {
          "xmlns": ""
        },
        "tax_debt": "3000",
        "universal_leadid": "29114138-DA54-F94A-D7F2-C88540941F64",
        "affid": "659",
        "TCPA_checkbox": "checked",
        "reqid": "26865762",
        "cr_price": "0.00",
        "page": "www.veteranstaxservices.com/v5/",
        "neustar": "under",
        "first_name_lower": "ckmtestpixel",
        "last_name_lower": "ckmtestpixel",
        "first_name_capital": "Ckmtestpixel",
        "last_name_capital": "Ckmtestpixel",
        "opt_special_offers": "checked",
        "debt_type": "IRS Tax Debt",
        "nodl_flag": "pass",
        "ckm_campaign_id": "3902",
        "email_oversight": "Verified"
      }
    },
    "dispositions": {
      "disposition": {
        "disposition_type": "Not Paid For",
        "reason": "Unmatched Filter",
        "filter": "Min Tax Debt"
      }
    },
    "pings": "",
    "posts": "",
    "sales": ""
  }
}
[vts-original][Desktop - Chrome] ✅ First API Data retrieved on attempt 1
[vts-original][Desktop - Chrome] 📡 Fetching Second API data for Lead ID: CCC78AAB...
[vts-original][Desktop - Chrome] 📡 VTS Original (via Everest) Custom Second API Payload: cake_id=CCC78AAB, domain_name=https://everesttaxrelief.net
[vts-original][Desktop - Chrome] [STDERR] (node:21452) Warning: Setting the NODE_TLS_REJECT_UNAUTHORIZED environment variable to '0' makes TLS connections and HTTPS requests insecure by disabling certificate verification.
(Use `node --trace-warnings ...` to show where the warning was created)
[vts-ne-branded][Desktop - Chrome] ✅ Clicked .next-btn1, .btn-next
[original][Desktop - Chrome] ◇ injected env (0) from .env // tip: ⌁ auth for agents [www.vestauth.com]
[original][Desktop - Chrome] ◇ injected env (0) from .env // tip: ⌘ suppress logs { quiet: true }
[original][Desktop - Chrome] 
🤖 ================================================================
🤖 MASTER RUNNER: LAUNCHING ORIGINAL
🤖 Mode:            DESKTOP
[original][Desktop - Chrome] 🤖 Tracking URL:     https://mlf-1800-trk.com/?a=659&oc=337&c=617&s1=
🤖 Target Sheet:    Original
🤖 ================================================================
[original][Desktop - Chrome] 🔌 [Browser Interceptor] Intercepting and optimizing engine: CHROMIUM
[original][Desktop - Chrome] 🔌 [Browser Interceptor] Speed Optimization: Capping slowMo from 2000ms to 100ms
[original][Desktop - Chrome] 💻 Emulated Device Profile: DESKTOP - [Desktop - Chrome]
[original][Desktop - Chrome] 🔄 Processing lead for brand: Original
[original][Desktop - Chrome] 📊 Campaign execution run index: 70
[original][Desktop - Chrome] 📅 [Forced Override] Friday, June 5th forced to Week 1 Monday range: 0 - 7,500
📅 [Rotational Logic] Week 1 Day 5. Target Range: 1000-500 (Max allowed by URL: 500)
[original][Desktop - Chrome] 🔗 Navigating to: https://mlf-1800-trk.com/?a=659&oc=337&c=617&s1=
[vts-original][Desktop - Chrome] [STDERR] ⚠️  Attempt 1: Second API returned no DBID. Response: {"status":false,"message":"No record found for cake_id: CCC78AAB"}
[vts-original][Desktop - Chrome] ⏳ Retrying in 1 second to allow database synchronization...
[vts-ne-branded][Desktop - Chrome] 🔘 [Rotation] Selecting Option 3: "IRS & State Tax Debt"
[vts-original][Desktop - Chrome] 📡 VTS Original (via Everest) Custom Second API Payload: cake_id=CCC78AAB, domain_name=https://everesttaxrelief.net
[vts-ne-branded][Desktop - Chrome] ⏳ Waiting 2 seconds after choice selection...
[vts-original][Desktop - Chrome] [STDERR] ⚠️  Attempt 2: Second API returned no DBID. Response: {"status":false,"message":"No record found for cake_id: CCC78AAB"}
[vts-original][Desktop - Chrome] ⏳ Retrying in 1 second to allow database synchronization...
[vts-original][Desktop - Chrome] 📡 VTS Original (via Everest) Custom Second API Payload: cake_id=CCC78AAB, domain_name=https://everesttaxrelief.net
[vts-original][Desktop - Chrome] [STDERR] ⚠️  Attempt 3: Second API returned no DBID. Response: {"status":false,"message":"No record found for cake_id: CCC78AAB"}
[vts-original][Desktop - Chrome] ⏳ Retrying in 1 second to allow database synchronization...
[vts-ne-branded][Desktop - Chrome] ✅ Page auto-advanced after option selection.
[vts-ne-branded][Desktop - Chrome] ✅ Reached a recognized terminal step (State or Contact). Stopping dynamic traversal.
[vts-ne-branded][Desktop - Chrome] 🔘 Step: Selecting State
[vts-ne-branded][Desktop - Chrome] ✅ Selected state dynamically: "Massachusetts"
📝 step3 column set to State: "Massachusetts"
[vts-ne-branded][Desktop - Chrome] 🔘 Clicking generic NEXT button
[vts-ne-branded][Desktop - Chrome] ✅ Clicked generic NEXT button
[vts-original][Desktop - Chrome] 📡 VTS Original (via Everest) Custom Second API Payload: cake_id=CCC78AAB, domain_name=https://everesttaxrelief.net
[vts-original][Desktop - Chrome] [STDERR] ⚠️  Attempt 4: Second API returned no DBID. Response: {"status":false,"message":"No record found for cake_id: CCC78AAB"}
[vts-original][Desktop - Chrome] ⏳ Retrying in 1 second to allow database synchronization...
[original][Desktop - Chrome] ✅ Page loaded successfully
[original][Desktop - Chrome] 📝 Starting multi-step form filling process...
[original][Desktop - Chrome] 🔘 Step 1: Handling Debt Amount (500)
[original][Desktop - Chrome] 🔘 Found jQuery UI Slider #slider. Setting value via jQuery and DOM evaluation...
[original][Desktop - Chrome] ✅ Set jQuery UI Slider #slider to 500
[vts-ne-branded][Desktop - Chrome] 🔘 Advancing past post-state step...
[vts-original][Desktop - Chrome] 📡 VTS Original (via Everest) Custom Second API Payload: cake_id=CCC78AAB, domain_name=https://everesttaxrelief.net
[vts-original][Desktop - Chrome] [STDERR] ⚠️  Attempt 5: Second API returned no DBID. Response: {"status":false,"message":"No record found for cake_id: CCC78AAB"}
[vts-original][Desktop - Chrome] 📡 [Rest-Assurance] Verifying Lead ID: CCC78AAB via Backend...
[original][Desktop - Chrome] 🔘 Clicking generic NEXT button
[vts-ne-branded][Desktop - Chrome] 🔘 Filling Contact Info (Dynamic Loop)...
[original][Desktop - Chrome] ✅ Clicked generic NEXT button
[vts-original][Desktop - Chrome] 🛡️  [Rest-Assurance] VERIFIED (Backend Debt: 3000)
[vts-ne-branded][Desktop - Chrome] ✅ Filled First Name: ckmtestpixel
[vts-ne-branded][Desktop - Chrome] ✅ Filled Last Name: ckmtestpixel
[vts-ne-branded][Desktop - Chrome] 🔘 Clicking active contact NEXT/SUBMIT button...
[original][Desktop - Chrome] 🔘 [Rotation] Selecting Option 2: "GET HELP TODAY!"
[vts-original][Desktop - Chrome] ✅ Row appended successfully to sheet: VTS-Original
[vts-ne-branded][Desktop - Chrome] ✅ Filled Email: ckmtestpixel@gmail.com
[original][Desktop - Chrome] ⏳ Waiting 2 seconds after choice selection...
[vts-ne-branded][Desktop - Chrome] 🔘 Clicking active contact NEXT/SUBMIT button...
[vts-original][Desktop - Chrome] ✨ Fast formatting applied to newly appended row 206 of VTS-Original
[vts-original][Desktop - Chrome] [STDERR] 🚨 [AI Agent] Data mismatch detected for VTS Original. Please review Google Sheet.
[vts-original][Desktop - Chrome] 🤖 [AI Agent Audit] Status: FAIL
🤖 [AI Agent Audit] Details: MISMATCH DETECTED: UI 3,000 Expected 5,000 but API got 3000
✅ Lead processed successfully for VTS Original
[vts-ne-branded][Desktop - Chrome] ✅ Filled Phone: 401-247-1070
[vts-ne-branded][Desktop - Chrome] 🔘 Clicking active contact NEXT/SUBMIT button...
[vts-original][Desktop - Chrome] 🎥 Video saved successfully: traces/videos/VTS-Original_VTS_Original.webm
[vts-original][Desktop - Chrome] 
✅ Execution successfully processed! { success: true, leadId: 'CCC78AAB', brand: 'VTS Original' }
[original][Desktop - Chrome] 🔘 Choice is still visible (no auto-advance). Clicking NEXT button...
[original][Desktop - Chrome] ✅ Clicked NEXT button after selecting checkbox/radio.
[vts-original][Desktop - Chrome] 📋 Trace report successfully saved: traces/vts-original_desktop.zip
✅ [5/6/2026, 11:04:31 am] COMPLETED: vts-original [Desktop - Chrome][CHROMIUM]

================================================================
🚀 [5/6/2026, 11:04:31 am] RUNNING: 1800 Fresh Tax (X) Main [DESKTOP - CHROME]
🔗 Target URL: https://flmtrk.com/?a=659&oc=696&c=1867&s1=
================================================================
[1800-fresh-tax-x-main][Desktop - Chrome] 🔌 [Browser Interceptor] Intercepting and optimizing engine: CHROMIUM
[1800-fresh-tax-x-main][Desktop - Chrome] ◇ injected env (0) from .env // tip: ⌘ override existing { override: true }
[1800-fresh-tax-x-main][Desktop - Chrome] ◇ injected env (0) from .env // tip: ⌘ override existing { override: true }
[1800-fresh-tax-x-main][Desktop - Chrome] ◇ injected env (0) from .env // tip: ◈ encrypted .env [www.dotenvx.com]
[1800-fresh-tax-x-main][Desktop - Chrome] ◇ injected env (0) from .env // tip: ◈ encrypted .env [www.dotenvx.com]
[original][Desktop - Chrome] 🔘 [Rotation] Selecting Option 3: "Gujarat Tax Debt"
[vts-ne-branded][Desktop - Chrome] ✅ Thank you page or lead id detected in URL during contact loop. Exiting contact loop.
[vts-ne-branded][Desktop - Chrome] ✅ Thank you page detected before Step 6. Exiting form filling.
[vts-ne-branded][Desktop - Chrome] 🔘 Submitting form
[vts-ne-branded][Desktop - Chrome] ✅ Form already submitted. Bypassing submitForm logic.
[vts-ne-branded][Desktop - Chrome] ⏳ Waiting for final redirect to Thank You page...
[vts-ne-branded][Desktop - Chrome] ✅ Targeted final redirect URL achieved!
[vts-ne-branded][Desktop - Chrome] ✅ Final Thank You URL: https://www.veteranstaxservices.com/thankyou_ts_checklist.php?debt=1000&leadid=C9AFFF66&affid=659&reqid=26865764&subid=#s1#
[vts-ne-branded][Desktop - Chrome] 📋 [Pre-Fix] Thank-you URL before debt correction: https://www.veteranstaxservices.com/thankyou_ts_checklist.php?debt=1000&leadid=C9AFFF66&affid=659&reqid=26865764&subid=#s1#
💾 [Debt Debug] formPage.selectedSliderAmount = "1,000"
💾 [Debt Debug] selectedDebtNum (mapped value) = "1000"
[vts-ne-branded][Desktop - Chrome] 🔧 [Debt Fix] Current debt in URL: 1000, Should be: 1000
[vts-ne-branded][Desktop - Chrome] ✅ [Debt Fix] Debt parameter already correct
[vts-ne-branded][Desktop - Chrome] 📋 [Diagnostic] Full Thank You URL Parameters: {"debt":"1000","leadid":"C9AFFF66","affid":"659","reqid":"26865764","subid":""}
[vts-ne-branded][Desktop - Chrome] ✅ Extracted Lead ID: C9AFFF66
[vts-ne-branded][Desktop - Chrome] 📱 Device Type detected: Desktop - Chrome
[vts-ne-branded][Desktop - Chrome] ✅ Lead captured: C9AFFF66
[vts-ne-branded][Desktop - Chrome] 📡 Fetching First API data for Lead ID: C9AFFF66...
[original][Desktop - Chrome] ⏳ Waiting 2 seconds after choice selection...
[1800-fresh-tax-x-main][Desktop - Chrome] ◇ injected env (0) from .env // tip: ◈ encrypted .env [www.dotenvx.com]
[1800-fresh-tax-x-main][Desktop - Chrome] ◇ injected env (0) from .env // tip: ⌘ enable debugging { debug: true }
[1800-fresh-tax-x-main][Desktop - Chrome] 
🤖 ================================================================
[1800-fresh-tax-x-main][Desktop - Chrome] 🤖 MASTER RUNNER: LAUNCHING 1800 FRESH TAX (X) MAIN
[1800-fresh-tax-x-main][Desktop - Chrome] 🤖 Mode:            DESKTOP
[1800-fresh-tax-x-main][Desktop - Chrome] 🤖 Tracking URL:     https://flmtrk.com/?a=659&oc=696&c=1867&s1=
🤖 Target Sheet:    1800 Fresh Tax (X) Main
[1800-fresh-tax-x-main][Desktop - Chrome] 🤖 ================================================================
[1800-fresh-tax-x-main][Desktop - Chrome] 🔌 [Browser Interceptor] Intercepting and optimizing engine: CHROMIUM
[1800-fresh-tax-x-main][Desktop - Chrome] 🔌 [Browser Interceptor] Speed Optimization: Capping slowMo from 2000ms to 100ms
[1800-fresh-tax-x-main][Desktop - Chrome] 💻 Emulated Device Profile: DESKTOP - [Desktop - Chrome]
[1800-fresh-tax-x-main][Desktop - Chrome] 🔄 Processing lead for brand: 1800 Fresh Tax (X) Main
[1800-fresh-tax-x-main][Desktop - Chrome] 📊 Campaign execution run index: 71
[1800-fresh-tax-x-main][Desktop - Chrome] 📅 [Forced Override] Friday, June 5th forced to Week 1 Monday range: 0 - 7,500
📅 [Rotational Logic] Week 1 Day 5. Target Range: 1000-7500 (Max allowed by URL: 12000)
[1800-fresh-tax-x-main][Desktop - Chrome] 🔗 Navigating to: https://flmtrk.com/?a=659&oc=696&c=1867&s1=
[original][Desktop - Chrome] ✅ Page auto-advanced after option selection.
[original][Desktop - Chrome] 🔘 [Rotation] Selecting Option 5: "GET HELP TODAY!"
[original][Desktop - Chrome] ⏳ Waiting 2 seconds after choice selection...
[vts-ne-branded][Desktop - Chrome] 📡 Raw XML Response: {
  "lead_info_response": {
    "$": {
      "xmlns:xsd": "http://www.w3.org/2001/XMLSchema",
      "xmlns:xsi": "http://www.w3.org/2001/XMLSchema-instance",
      "xmlns": "http://cakemarketing.com/api/1/"
    },
    "success": "true",
    "row_count": "1",
    "lead_id": "C9AFFF66",
    "personal_info": {
      "first_name": "CKMTESTPIXEL",
      "last_name": "CKMTESTPIXEL",
      "email_address": "ckmtestpixel@gmail.com",
      "address": {
        "street": "",
        "city": "",
        "state": "MA",
        "zip_code": "",
        "country": ""
      },
      "ip_address": "27.54.170.27",
      "phone_work": "",
      "phone_home": "401-247-1070",
      "phone_cell": "",
      "best_call_time": "",
      "opt_in": "false"
    },
    "traffic_info": {
      "lead_date": "2026-06-04T22:34:29.81",
      "payout": {
        "currency_id": "1",
        "amount": "0.0000",
        "formatted_amount": "$0.00"
      },
      "affiliate": {
        "affiliate_id": {
          "_": "659",
          "$": {
            "xmlns": "API:id_name_store"
          }
        },
        "affiliate_name": {
          "_": "QA affiliate",
          "$": {
            "xmlns": "API:id_name_store"
          }
        }
      },
      "campaign": {
        "campaign_id": {
          "_": "4406",
          "$": {
            "xmlns": "API:id_name_store"
          }
        },
        "campaign_name": {
          "_": "Veterans Tax Services - NE Branded - CPA - $1.00",
          "$": {
            "xmlns": "API:id_name_store"
          }
        }
      },
      "creative_id": "569",
      "subid_1": "",
      "subid_2": "",
      "subid_3": "",
      "subid_4": "",
      "subid_5": "",
      "referrer": "",
      "pixel_fired": "true",
      "returned_to_affiliate": "false",
      "test": "true",
      "upsell": "false"
    },
    "all_vertical_data": {
      "data": {
        "$": {
          "xmlns": ""
        },
        "tax_debt": "1000",
        "universal_leadid": "56B03C1D-7934-1548-8661-453CA3A7B8D3",
        "affid": "659",
        "TCPA_checkbox": "checked",
        "reqid": "26865764",
        "cr_price": "0.00",
        "page": "www.veteranstaxservices.com/v5ne/",
        "neustar": "under",
        "first_name_lower": "ckmtestpixel",
        "last_name_lower": "ckmtestpixel",
        "first_name_capital": "Ckmtestpixel",
        "last_name_capital": "Ckmtestpixel",
        "opt_special_offers": "checked",
        "debt_type": "IRS & State Tax Debt",
        "nodl_flag": "pass",
        "ckm_campaign_id": "4406",
        "email_oversight": "Verified"
      }
    },
    "dispositions": {
      "disposition": {
        "disposition_type": "Not Paid For",
        "reason": "Unmatched Filter",
        "filter": "Min Tax Debt"
      }
    },
    "pings": "",
    "posts": "",
    "sales": ""
  }
}
[vts-ne-branded][Desktop - Chrome] ✅ First API Data retrieved on attempt 1
[vts-ne-branded][Desktop - Chrome] 📡 Fetching Second API data for Lead ID: C9AFFF66...
[vts-ne-branded][Desktop - Chrome] 📡 VTS Original (via Everest) Custom Second API Payload: cake_id=C9AFFF66, domain_name=https://everesttaxrelief.net
[vts-ne-branded][Desktop - Chrome] [STDERR] (node:9384) Warning: Setting the NODE_TLS_REJECT_UNAUTHORIZED environment variable to '0' makes TLS connections and HTTPS requests insecure by disabling certificate verification.
(Use `node --trace-warnings ...` to show where the warning was created)
[vts-ne-branded][Desktop - Chrome] [STDERR] ⚠️  Attempt 1: Second API returned no DBID. Response: {"status":false,"message":"No record found for cake_id: C9AFFF66"}
[vts-ne-branded][Desktop - Chrome] ⏳ Retrying in 1 second to allow database synchronization...
[original][Desktop - Chrome] 🔘 Choice is still visible (no auto-advance). Clicking NEXT button...
[vts-ne-branded][Desktop - Chrome] 📡 VTS Original (via Everest) Custom Second API Payload: cake_id=C9AFFF66, domain_name=https://everesttaxrelief.net
[original][Desktop - Chrome] ✅ Clicked NEXT button after selecting checkbox/radio.
[vts-ne-branded][Desktop - Chrome] [STDERR] ⚠️  Attempt 2: Second API returned no DBID. Response: {"status":false,"message":"No record found for cake_id: C9AFFF66"}
[vts-ne-branded][Desktop - Chrome] ⏳ Retrying in 1 second to allow database synchronization...
[vts-ne-branded][Desktop - Chrome] 📡 VTS Original (via Everest) Custom Second API Payload: cake_id=C9AFFF66, domain_name=https://everesttaxrelief.net
[vts-ne-branded][Desktop - Chrome] [STDERR] ⚠️  Attempt 3: Second API returned no DBID. Response: {"status":false,"message":"No record found for cake_id: C9AFFF66"}
[vts-ne-branded][Desktop - Chrome] ⏳ Retrying in 1 second to allow database synchronization...
[original][Desktop - Chrome] ✅ Reached a recognized terminal step (State or Contact). Stopping dynamic traversal.
[original][Desktop - Chrome] 🔘 Filling Contact Info (Dynamic Loop)...
[1800-fresh-tax-x-main][Desktop - Chrome] ✅ Page loaded successfully
[1800-fresh-tax-x-main][Desktop - Chrome] 📝 Starting multi-step form filling process...
[1800-fresh-tax-x-main][Desktop - Chrome] 🔘 Step 1: Handling Debt Amount (2,000)
[1800-fresh-tax-x-main][Desktop - Chrome] 🔘 Found jQuery UI Slider #slider. Setting value via jQuery and DOM evaluation...
[1800-fresh-tax-x-main][Desktop - Chrome] ✅ Set jQuery UI Slider #slider to 2,000
[vts-ne-branded][Desktop - Chrome] 📡 VTS Original (via Everest) Custom Second API Payload: cake_id=C9AFFF66, domain_name=https://everesttaxrelief.net
[original][Desktop - Chrome] ✅ Filled First Name: ckmtestpixel
[vts-ne-branded][Desktop - Chrome] [STDERR] ⚠️  Attempt 4: Second API returned no DBID. Response: {"status":false,"message":"No record found for cake_id: C9AFFF66"}
[vts-ne-branded][Desktop - Chrome] ⏳ Retrying in 1 second to allow database synchronization...
[original][Desktop - Chrome] ✅ Filled Last Name: ckmtestpixel
[1800-fresh-tax-x-main][Desktop - Chrome] 🔘 Attempting to click .next-btn1, .btn-next
[1800-fresh-tax-x-main][Desktop - Chrome] ✅ Clicked .next-btn1, .btn-next
[original][Desktop - Chrome] ✅ Filled Email: ckmtestpixel@gmail.com
[vts-ne-branded][Desktop - Chrome] 📡 VTS Original (via Everest) Custom Second API Payload: cake_id=C9AFFF66, domain_name=https://everesttaxrelief.net
[original][Desktop - Chrome] ✅ Filled Phone: 401-247-1070
[original][Desktop - Chrome] 🔘 Clicking active contact NEXT/SUBMIT button...
[vts-ne-branded][Desktop - Chrome] [STDERR] ⚠️  Attempt 5: Second API returned no DBID. Response: {"status":false,"message":"No record found for cake_id: C9AFFF66"}
[vts-ne-branded][Desktop - Chrome] 📡 [Rest-Assurance] Verifying Lead ID: C9AFFF66 via Backend...
[vts-ne-branded][Desktop - Chrome] 🛡️  [Rest-Assurance] VERIFIED (Backend Debt: 1000)
[1800-fresh-tax-x-main][Desktop - Chrome] 🔘 [Rotation] Selecting Option 4: "Other"
[1800-fresh-tax-x-main][Desktop - Chrome] ⏳ Waiting 2 seconds after choice selection...
[original][Desktop - Chrome] ✅ Thank you page or lead id detected in URL during contact loop. Exiting contact loop.
✅ Thank you page detected before Step 6. Exiting form filling.
[original][Desktop - Chrome] 🔘 Submitting form
[original][Desktop - Chrome] ✅ Form already submitted. Bypassing submitForm logic.
[original][Desktop - Chrome] ⏳ Waiting for final redirect to Thank You page...
[original][Desktop - Chrome] ✅ Targeted final redirect URL achieved!
[original][Desktop - Chrome] ✅ Final Thank You URL: https://www.1800freshtax.com/thankyou.php
📋 [Pre-Fix] Thank-you URL before debt correction: https://www.1800freshtax.com/thankyou.php
[original][Desktop - Chrome] 💾 [Debt Debug] formPage.selectedSliderAmount = "500"
💾 [Debt Debug] selectedDebtNum (mapped value) = "500"
[original][Desktop - Chrome] 🔧 [Debt Fix] Current debt in URL: null, Should be: 500
🔧 [Debt Fix] Correcting debt parameter: null → 500
[original][Desktop - Chrome] ✅ [Debt Fix] Updated thank-you URL: https://www.1800freshtax.com/thankyou.php?debt=500
[original][Desktop - Chrome] 📋 [Diagnostic] Full Thank You URL Parameters: {"debt":"500"}
[original][Desktop - Chrome] 🔍 [DOM Deep-Scan] URL ID missing or non-standard (e.g. numeric reqid). Searching for Hex-8 or GUID IDs...
[original][Desktop - Chrome] [STDERR] ⚠️ No Lead ID found in URL or DOM.
[original][Desktop - Chrome] 📱 Device Type detected: Desktop - Chrome
✅ Lead captured: DUPLICATE
[original][Desktop - Chrome] [STDERR] ⚠️ No Lead ID found. This is likely a duplicate lead submission redirected to a static thank you page. Using DUPLICATE fallback.
❌ Invalid Lead ID format detected: DUPLICATE. Expected 8-char alphanumeric with letters and digits (example: ACAAA01E).
[original][Desktop - Chrome] [STDERR] (node:23132) Warning: Setting the NODE_TLS_REJECT_UNAUTHORIZED environment variable to '0' makes TLS connections and HTTPS requests insecure by disabling certificate verification.
(Use `node --trace-warnings ...` to show where the warning was created)
[vts-ne-branded][Desktop - Chrome] ✅ Row appended successfully to sheet: VTS-NE-Branded
[vts-ne-branded][Desktop - Chrome] ✨ Fast formatting applied to newly appended row 117 of VTS-NE-Branded
[vts-ne-branded][Desktop - Chrome] 🤖 [AI Agent Audit] Status: FAIL
🤖 [AI Agent Audit] Details: MISMATCH DETECTED: UI 1,000 Expected 5,000 but API got 1000
✅ Lead processed successfully for VTS-NE-Branded
[vts-ne-branded][Desktop - Chrome] [STDERR] 🚨 [AI Agent] Data mismatch detected for VTS-NE-Branded. Please review Google Sheet.
[1800-fresh-tax-x-main][Desktop - Chrome] ✅ Page auto-advanced after option selection.
[original][Desktop - Chrome] ✅ Row appended successfully to sheet: Original
[1800-fresh-tax-x-main][Desktop - Chrome] 🔘 [Rotation] Selecting Option 2: "$3,000 - $5,000"
[vts-ne-branded][Desktop - Chrome] 🎥 Video saved successfully: traces/videos/VTS-NE-Branded_VTS-NE-Branded.webm
[vts-ne-branded][Desktop - Chrome] 
✅ Execution successfully processed! { success: true, leadId: 'C9AFFF66', brand: 'VTS-NE-Branded' }
[1800-fresh-tax-x-main][Desktop - Chrome] ⏳ Waiting 2 seconds after choice selection...
[original][Desktop - Chrome] ✨ Fast formatting applied to newly appended row 110 of Original
[original][Desktop - Chrome] 🤖 [AI Agent Audit] Status: FAIL
🤖 [AI Agent Audit] Details: MISMATCH DETECTED: UI 500 Expected 5,000 but API got 
[original][Desktop - Chrome] [STDERR] 🚨 [AI Agent] Data mismatch detected for Original. Please review Google Sheet.
[original][Desktop - Chrome] [STDERR] ❌ Failed processing Original: Invalid Lead ID format: DUPLICATE
[original][Desktop - Chrome] 
✅ Execution successfully processed! {
  success: false,
  error: 'Invalid Lead ID format: DUPLICATE',
  brand: 'Original'
}
[vts-ne-branded][Desktop - Chrome] 📋 Trace report successfully saved: traces/vts-ne-branded_desktop.zip
[original][Desktop - Chrome] 📋 Trace report successfully saved: traces/original_desktop.zip
✅ [5/6/2026, 11:04:46 am] COMPLETED: vts-ne-branded [Desktop - Chrome][CHROMIUM]

================================================================
🚀 [5/6/2026, 11:04:46 am] RUNNING: FSI - MAIN [DESKTOP - CHROME]
🔗 Target URL: https://fsimlf-trk.com/?a=659&oc=159&c=111&s1=
================================================================
[fsi-main][Desktop - Chrome] 🔌 [Browser Interceptor] Intercepting and optimizing engine: CHROMIUM
[fsi-main][Desktop - Chrome] ◇ injected env (0) from .env // tip: ⌘ enable debugging { debug: true }
[fsi-main][Desktop - Chrome] ◇ injected env (0) from .env // tip: ⌘ custom filepath { path: '/custom/path/.env' }
[fsi-main][Desktop - Chrome] ◇ injected env (0) from .env // tip: ⌘ multiple files { path: ['.env.local', '.env'] }
[fsi-main][Desktop - Chrome] ◇ injected env (0) from .env // tip: ⌘ suppress logs { quiet: true }
[1800-fresh-tax-x-main][Desktop - Chrome] ✅ Page auto-advanced after option selection.
[1800-fresh-tax-x-main][Desktop - Chrome] ✅ Reached a recognized terminal step (State or Contact). Stopping dynamic traversal.
[1800-fresh-tax-x-main][Desktop - Chrome] 🔘 Step: Selecting State
[1800-fresh-tax-x-main][Desktop - Chrome] ✅ Selected state dynamically: "Michigan"
📝 step3 column set to State: "Michigan"
[1800-fresh-tax-x-main][Desktop - Chrome] 🔘 Clicking generic NEXT button
[1800-fresh-tax-x-main][Desktop - Chrome] ✅ Clicked generic NEXT button
[fsi-main][Desktop - Chrome] ◇ injected env (0) from .env // tip: ⌘ enable debugging { debug: true }
[fsi-main][Desktop - Chrome] ◇ injected env (0) from .env // tip: ⌘ override existing { override: true }
[fsi-main][Desktop - Chrome] 
🤖 ================================================================
🤖 MASTER RUNNER: LAUNCHING FSI - MAIN
[fsi-main][Desktop - Chrome] 🤖 Mode:            DESKTOP
🤖 Tracking URL:     https://fsimlf-trk.com/?a=659&oc=159&c=111&s1=
🤖 Target Sheet:    FSI - MAIN
🤖 ================================================================
[fsi-main][Desktop - Chrome] 🔌 [Browser Interceptor] Intercepting and optimizing engine: CHROMIUM
[fsi-main][Desktop - Chrome] 🔌 [Browser Interceptor] Speed Optimization: Capping slowMo from 2000ms to 100ms
[fsi-main][Desktop - Chrome] 💻 Emulated Device Profile: DESKTOP - [Desktop - Chrome]
[fsi-main][Desktop - Chrome] 🔄 Processing lead for brand: FSI - MAIN
[fsi-main][Desktop - Chrome] 📊 Campaign execution run index: 70
[fsi-main][Desktop - Chrome] 📅 [Forced Override] Friday, June 5th forced to Week 1 Monday range: 0 - 7,500
[fsi-main][Desktop - Chrome] 📅 [Rotational Logic] Week 1 Day 5. Target Range: 1000-7500 (Max allowed by URL: 25000)
[fsi-main][Desktop - Chrome] 🔗 Navigating to: https://fsimlf-trk.com/?a=659&oc=159&c=111&s1=
[1800-fresh-tax-x-main][Desktop - Chrome] 🔘 Advancing past post-state step...
✅ [5/6/2026, 11:04:49 am] COMPLETED: original [Desktop - Chrome][CHROMIUM]

================================================================
🚀 [5/6/2026, 11:04:49 am] RUNNING: 1803 Fresh Tax - AFR cobranded [DESKTOP - CHROME]
🔗 Target URL: https://flmtrk.com/?a=659&oc=696&c=1867&s1=
================================================================
[1800-fresh-tax-x-main][Desktop - Chrome] 🔘 Filling Contact Info (Dynamic Loop)...
[1800-fresh-tax-x-main][Desktop - Chrome] ✅ Filled First Name: ckmtestpixel
[1803-fresh-tax-afr][Desktop - Chrome] 🔌 [Browser Interceptor] Intercepting and optimizing engine: CHROMIUM
[1803-fresh-tax-afr][Desktop - Chrome] ◇ injected env (0) from .env // tip: ◈ secrets for agents [www.dotenvx.com]
[1803-fresh-tax-afr][Desktop - Chrome] ◇ injected env (0) from .env // tip: ⌘ enable debugging { debug: true }
[1803-fresh-tax-afr][Desktop - Chrome] ◇ injected env (0) from .env // tip: ⌘ enable debugging { debug: true }
[1803-fresh-tax-afr][Desktop - Chrome] ◇ injected env (0) from .env // tip: ⌘ multiple files { path: ['.env.local', '.env'] }
[1800-fresh-tax-x-main][Desktop - Chrome] ✅ Filled Last Name: ckmtestpixel
[1800-fresh-tax-x-main][Desktop - Chrome] 🔘 Clicking active contact NEXT/SUBMIT button...
[1803-fresh-tax-afr][Desktop - Chrome] ◇ injected env (0) from .env // tip: ◈ secrets for agents [www.dotenvx.com]
[1803-fresh-tax-afr][Desktop - Chrome] ◇ injected env (0) from .env // tip: ⌁ auth for agents [www.vestauth.com]
[1803-fresh-tax-afr][Desktop - Chrome] 
🤖 ================================================================
[1803-fresh-tax-afr][Desktop - Chrome] 🤖 MASTER RUNNER: LAUNCHING 1803 FRESH TAX - AFR COBRANDED
🤖 Mode:            DESKTOP
[1803-fresh-tax-afr][Desktop - Chrome] 🤖 Tracking URL:     https://flmtrk.com/?a=659&oc=696&c=1867&s1=
🤖 Target Sheet:    1803 Fresh Tax - AFR cobranded
🤖 ================================================================
[1803-fresh-tax-afr][Desktop - Chrome] 🔌 [Browser Interceptor] Intercepting and optimizing engine: CHROMIUM
[1803-fresh-tax-afr][Desktop - Chrome] 🔌 [Browser Interceptor] Speed Optimization: Capping slowMo from 2000ms to 100ms
[1803-fresh-tax-afr][Desktop - Chrome] 💻 Emulated Device Profile: DESKTOP - [Desktop - Chrome]
[1800-fresh-tax-x-main][Desktop - Chrome] ✅ Filled Email: ckmtestpixel@gmail.com
[1800-fresh-tax-x-main][Desktop - Chrome] 🔘 Clicking active contact NEXT/SUBMIT button...
[1800-fresh-tax-x-main][Desktop - Chrome] ✅ Filled Phone: 401-247-1071
[1800-fresh-tax-x-main][Desktop - Chrome] 🔘 Clicking active contact NEXT/SUBMIT button...
[fsi-main][Desktop - Chrome] ✅ Page loaded successfully
[fsi-main][Desktop - Chrome] 📝 Starting multi-step form filling process...
[ftd-x][Desktop - Chrome] [STDERR] ⚠️  Attempt 3: Second API returned no DBID. Response: {"status":false,"message":"Connection exception: Connection timed out"}
[ftd-x][Desktop - Chrome] ⏳ Retrying in 1 second to allow database synchronization...
[fsi-main][Desktop - Chrome] 🔘 Step 1: Handling Debt Amount (1,000)
[fsi-main][Desktop - Chrome] 🔘 Found jQuery UI Slider #slider. Setting value via jQuery and DOM evaluation...
[1803-fresh-tax-afr][Desktop - Chrome] 🔄 Processing lead for brand: 1803 Fresh Tax - AFR cobranded
[1803-fresh-tax-afr][Desktop - Chrome] 📊 Campaign execution run index: 1
📅 [Forced Override] Friday, June 5th forced to Week 1 Monday range: 0 - 7,500
📅 [Rotational Logic] Week 1 Day 5. Target Range: 1000-7500 (Max allowed by URL: 12000)
[fsi-main][Desktop - Chrome] ✅ Set jQuery UI Slider #slider to 1,000
[1803-fresh-tax-afr][Desktop - Chrome] 🔗 Navigating to: https://flmtrk.com/?a=659&oc=696&c=1867&s1=
[fsi-main][Desktop - Chrome] 🔘 Clicking generic NEXT button
[fsi-main][Desktop - Chrome] ✅ Clicked generic NEXT button
[ftd-x][Desktop - Chrome] 📡 Standard Second API Payload: cake_id=2AC8E832, domain_name=https://fidelity-tax-defense.net
[fsi-main][Desktop - Chrome] 🔘 [Rotation] Selecting Option 1: "What type of back taxes do you need help with?"
[fsi-main][Desktop - Chrome] ⏳ Waiting 2 seconds after choice selection...
[1800-fresh-tax-x-main][Desktop - Chrome] ✅ Thank you page or lead id detected in URL during contact loop. Exiting contact loop.
✅ Thank you page detected before Step 6. Exiting form filling.
[1800-fresh-tax-x-main][Desktop - Chrome] 🔘 Submitting form
[1800-fresh-tax-x-main][Desktop - Chrome] ✅ Form already submitted. Bypassing submitForm logic.
[1800-fresh-tax-x-main][Desktop - Chrome] ⏳ Waiting for final redirect to Thank You page...
[1800-fresh-tax-x-main][Desktop - Chrome] ✅ Targeted final redirect URL achieved!
✅ Final Thank You URL: https://www.1800freshtax.com/thankyou_ts_checklist.php?debt=2000&leadid=81DF130F&reqid=26865769&affid=659&subid=#s1#
📋 [Pre-Fix] Thank-you URL before debt correction: https://www.1800freshtax.com/thankyou_ts_checklist.php?debt=2000&leadid=81DF130F&reqid=26865769&affid=659&subid=#s1#
💾 [Debt Debug] formPage.selectedSliderAmount = "2,000"
💾 [Debt Debug] selectedDebtNum (mapped value) = "2000"
🔧 [Debt Fix] Current debt in URL: 2000, Should be: 2000
✅ [Debt Fix] Debt parameter already correct
[1800-fresh-tax-x-main][Desktop - Chrome] 📋 [Diagnostic] Full Thank You URL Parameters: {"debt":"2000","leadid":"81DF130F","reqid":"26865769","affid":"659","subid":""}
[1800-fresh-tax-x-main][Desktop - Chrome] ✅ Extracted Lead ID: 81DF130F
[1800-fresh-tax-x-main][Desktop - Chrome] 📱 Device Type detected: Desktop - Chrome
[1800-fresh-tax-x-main][Desktop - Chrome] ✅ Lead captured: 81DF130F
[1800-fresh-tax-x-main][Desktop - Chrome] 📡 Fetching First API data for Lead ID: 81DF130F...
[fsi-main][Desktop - Chrome] 🔘 Choice is still visible (no auto-advance). Clicking NEXT button...
[fsi-main][Desktop - Chrome] ✅ Clicked NEXT button after selecting checkbox/radio.
[1803-fresh-tax-afr][Desktop - Chrome] ✅ Page loaded successfully
[1803-fresh-tax-afr][Desktop - Chrome] 📝 Starting multi-step form filling process...
[1803-fresh-tax-afr][Desktop - Chrome] 🔘 Step 1: Handling Debt Amount (2,000)
[1803-fresh-tax-afr][Desktop - Chrome] 🔘 Found jQuery UI Slider #slider. Setting value via jQuery and DOM evaluation...
[1803-fresh-tax-afr][Desktop - Chrome] ✅ Set jQuery UI Slider #slider to 2,000
[1800-fresh-tax-x-main][Desktop - Chrome] 📡 Raw XML Response: {
  "lead_info_response": {
    "$": {
      "xmlns:xsd": "http://www.w3.org/2001/XMLSchema",
      "xmlns:xsi": "http://www.w3.org/2001/XMLSchema-instance",
      "xmlns": "http://cakemarketing.com/api/1/"
    },
    "success": "true",
    "row_count": "1",
    "lead_id": "81DF130F",
    "personal_info": {
      "first_name": "CKMTESTPIXEL",
      "last_name": "CKMTESTPIXEL",
      "email_address": "ckmtestpixel@gmail.com",
      "address": {
        "street": "",
        "city": "",
        "state": "MI",
        "zip_code": "",
        "country": ""
      },
      "ip_address": "27.54.170.27",
      "phone_work": "",
      "phone_home": "401-247-1071",
      "phone_cell": "",
      "best_call_time": "",
      "opt_in": "false"
    },
    "traffic_info": {
      "lead_date": "2026-06-04T22:34:53.583",
      "payout": {
        "currency_id": "1",
        "amount": "0.0000",
        "formatted_amount": "$0.00"
      },
      "affiliate": {
        "affiliate_id": {
          "_": "659",
          "$": {
            "xmlns": "API:id_name_store"
          }
        },
        "affiliate_name": {
          "_": "QA affiliate",
          "$": {
            "xmlns": "API:id_name_store"
          }
        }
      },
      "campaign": {
        "campaign_id": {
          "_": "4071",
          "$": {
            "xmlns": "API:id_name_store"
          }
        },
        "campaign_name": {
          "_": "1800 Fresh Tax (X) - Main - CPA - $1.00",
          "$": {
            "xmlns": "API:id_name_store"
          }
        }
      },
      "creative_id": "1867",
      "subid_1": "",
      "subid_2": "",
      "subid_3": "",
      "subid_4": "",
      "subid_5": "",
      "referrer": "",
      "pixel_fired": "true",
      "returned_to_affiliate": "false",
      "test": "true",
      "upsell": "false"
    },
    "all_vertical_data": {
      "data": {
        "$": {
          "xmlns": ""
        },
        "tax_debt": "2000",
        "universal_leadid": "A7015870-83C1-EFC7-3CDE-638C6115630D",
        "affid": "659",
        "TCPA_checkbox": "checked",
        "reqid": "26865769",
        "cr_price": "3",
        "page": "www.1800freshtax.com/lf4/",
        "neustar": "under",
        "first_name_lower": "ckmtestpixel",
        "last_name_lower": "ckmtestpixel",
        "income": "4500",
        "first_name_capital": "Ckmtestpixel",
        "last_name_capital": "Ckmtestpixel",
        "debt_type": "Other",
        "nodl_flag": "pass",
        "ckm_campaign_id": "4337",
        "email_oversight": "Verified"
      }
    },
    "dispositions": {
      "disposition": [
        {
          "disposition_type": "Not Paid For",
          "reason": "Unmatched Filter",
          "filter": "Min Tax Debt"
        },
        {
          "disposition_type": "Not Paid For",
          "reason": "Unmatched Filter",
          "filter": "Nuestar Fail"
        },
        {
          "disposition_type": "Not Paid For",
          "reason": "Unmatched Filter",
          "filter": "Debt Type Does Not Contain"
        },
        {
          "disposition_type": "Sent to Review Queue",
          "reason": "debt_type: This value is not valid",
          "filter": "Equals Value"
        }
      ]
    },
    "pings": "",
    "posts": "",
    "sales": ""
  }
}
✅ First API Data retrieved on attempt 1
[1800-fresh-tax-x-main][Desktop - Chrome] 📡 Fetching Second API data for Lead ID: 81DF130F...
[1800-fresh-tax-x-main][Desktop - Chrome] 📡 Standard Second API Payload: cake_id=81DF130F, domain_name=https://www.1800freshtax.com
[1800-fresh-tax-x-main][Desktop - Chrome] [STDERR] (node:20188) Warning: Setting the NODE_TLS_REJECT_UNAUTHORIZED environment variable to '0' makes TLS connections and HTTPS requests insecure by disabling certificate verification.
(Use `node --trace-warnings ...` to show where the warning was created)
[1803-fresh-tax-afr][Desktop - Chrome] 🔘 Attempting to click .next-btn1, .btn-next
[1803-fresh-tax-afr][Desktop - Chrome] ✅ Clicked .next-btn1, .btn-next
[1800-fresh-tax-x-main][Desktop - Chrome] [STDERR] ⚠️  Attempt 1: Second API returned no DBID. Response: {"status":false,"message":"No record found for cake_id: 81DF130F"}
[1800-fresh-tax-x-main][Desktop - Chrome] ⏳ Retrying in 1 second to allow database synchronization...
[fsi-main][Desktop - Chrome] 🔘 [Rotation] Selecting Option 5: "Get Help Today"
[fsi-main][Desktop - Chrome] ⏳ Waiting 2 seconds after choice selection...
[1800-fresh-tax-x-main][Desktop - Chrome] 📡 Standard Second API Payload: cake_id=81DF130F, domain_name=https://www.1800freshtax.com
[1800-fresh-tax-x-main][Desktop - Chrome] [STDERR] ⚠️  Attempt 2: Second API returned no DBID. Response: {"status":false,"message":"No record found for cake_id: 81DF130F"}
[1800-fresh-tax-x-main][Desktop - Chrome] ⏳ Retrying in 1 second to allow database synchronization...
[1803-fresh-tax-afr][Desktop - Chrome] 🔘 [Rotation] Selecting Option 2: "IRS Tax Debt"
[1803-fresh-tax-afr][Desktop - Chrome] ⏳ Waiting 2 seconds after choice selection...
[1800-fresh-tax-x-main][Desktop - Chrome] 📡 Standard Second API Payload: cake_id=81DF130F, domain_name=https://www.1800freshtax.com
[1800-fresh-tax-x-main][Desktop - Chrome] [STDERR] ⚠️  Attempt 3: Second API returned no DBID. Response: {"status":false,"message":"No record found for cake_id: 81DF130F"}
[1800-fresh-tax-x-main][Desktop - Chrome] ⏳ Retrying in 1 second to allow database synchronization...
[fsi-main][Desktop - Chrome] 🔘 Choice is still visible (no auto-advance). Clicking NEXT button...
[fsi-main][Desktop - Chrome] ⚠️ NEXT button not visible after checkbox selection.
[fsi-main][Desktop - Chrome] 🔘 [Rotation] Selecting Option 5: "Get Help Today"
[fsi-main][Desktop - Chrome] ⏳ Waiting 2 seconds after choice selection...
[1800-fresh-tax-x-main][Desktop - Chrome] 📡 Standard Second API Payload: cake_id=81DF130F, domain_name=https://www.1800freshtax.com
[1803-fresh-tax-afr][Desktop - Chrome] ✅ Page auto-advanced after option selection.
[1803-fresh-tax-afr][Desktop - Chrome] 🔘 [Rotation] Selecting Option 2: "$3,000 - $5,000"
[1800-fresh-tax-x-main][Desktop - Chrome] [STDERR] ⚠️  Attempt 4: Second API returned no DBID. Response: {"status":false,"message":"No record found for cake_id: 81DF130F"}
[1800-fresh-tax-x-main][Desktop - Chrome] ⏳ Retrying in 1 second to allow database synchronization...
[1803-fresh-tax-afr][Desktop - Chrome] ⏳ Waiting 2 seconds after choice selection...
[1800-fresh-tax-x-main][Desktop - Chrome] 📡 Standard Second API Payload: cake_id=81DF130F, domain_name=https://www.1800freshtax.com
[fsi-main][Desktop - Chrome] 🔘 Choice is still visible (no auto-advance). Clicking NEXT button...
[fsi-main][Desktop - Chrome] ⚠️ NEXT button not visible after checkbox selection.
[1800-fresh-tax-x-main][Desktop - Chrome] [STDERR] ⚠️  Attempt 5: Second API returned no DBID. Response: {"status":false,"message":"No record found for cake_id: 81DF130F"}
[1800-fresh-tax-x-main][Desktop - Chrome] 📡 [Rest-Assurance] Verifying Lead ID: 81DF130F via Backend...
[fsi-main][Desktop - Chrome] 🔘 [Rotation] Selecting Option 5: "Get Help Today"
[fsi-main][Desktop - Chrome] ⏳ Waiting 2 seconds after choice selection...
[1800-fresh-tax-x-main][Desktop - Chrome] 🛡️  [Rest-Assurance] VERIFIED (Backend Debt: 2000)
[1803-fresh-tax-afr][Desktop - Chrome] ✅ Page auto-advanced after option selection.
[1803-fresh-tax-afr][Desktop - Chrome] ✅ Reached a recognized terminal step (State or Contact). Stopping dynamic traversal.
[1803-fresh-tax-afr][Desktop - Chrome] 🔘 Step: Selecting State
[1803-fresh-tax-afr][Desktop - Chrome] ✅ Selected state dynamically: "Alaska"
📝 step3 column set to State: "Alaska"
[1803-fresh-tax-afr][Desktop - Chrome] 🔘 Clicking generic NEXT button
[1803-fresh-tax-afr][Desktop - Chrome] ✅ Clicked generic NEXT button
[fsi-main][Desktop - Chrome] 🔘 Choice is still visible (no auto-advance). Clicking NEXT button...
[fsi-main][Desktop - Chrome] ⚠️ NEXT button not visible after checkbox selection.
[1800-fresh-tax-x-main][Desktop - Chrome] ✅ Row appended successfully to sheet: 1800 Fresh Tax (X) Main
[fsi-main][Desktop - Chrome] 🔘 [Rotation] Selecting Option 5: "Get Help Today"
[fsi-main][Desktop - Chrome] ⏳ Waiting 2 seconds after choice selection...
[1803-fresh-tax-afr][Desktop - Chrome] 🔘 Advancing past post-state step...
[1800-fresh-tax-x-main][Desktop - Chrome] ✨ Fast formatting applied to newly appended row 198 of 1800 Fresh Tax (X) Main
[1800-fresh-tax-x-main][Desktop - Chrome] 🤖 [AI Agent Audit] Status: FAIL
[1800-fresh-tax-x-main][Desktop - Chrome] [STDERR] 🚨 [AI Agent] Data mismatch detected for 1800 Fresh Tax (X) Main. Please review Google Sheet.
[1800-fresh-tax-x-main][Desktop - Chrome] 🤖 [AI Agent Audit] Details: MISMATCH DETECTED: UI 2,000 Expected 5,000 but API got 2000
✅ Lead processed successfully for 1800 Fresh Tax (X) Main
[1803-fresh-tax-afr][Desktop - Chrome] 🔘 Filling Contact Info (Dynamic Loop)...
[1800-fresh-tax-x-main][Desktop - Chrome] 🎥 Video saved successfully: traces/videos/1800 Fresh Tax (X) Main_1800_Fresh_Tax_(X)_Main.webm
[1800-fresh-tax-x-main][Desktop - Chrome] 
✅ Execution successfully processed! { success: true, leadId: '81DF130F', brand: '1800 Fresh Tax (X) Main' }
[1803-fresh-tax-afr][Desktop - Chrome] ✅ Filled First Name: ckmtestpixel
[1803-fresh-tax-afr][Desktop - Chrome] ✅ Filled Last Name: ckmtestpixel
[1803-fresh-tax-afr][Desktop - Chrome] 🔘 Clicking active contact NEXT/SUBMIT button...
[1800-fresh-tax-x-main][Desktop - Chrome] 📋 Trace report successfully saved: traces/1800-fresh-tax-x-main_desktop.zip
[fsi-main][Desktop - Chrome] 🔘 Choice is still visible (no auto-advance). Clicking NEXT button...
[fsi-main][Desktop - Chrome] ⚠️ NEXT button not visible after checkbox selection.
✅ [5/6/2026, 11:05:10 am] COMPLETED: 1800-fresh-tax-x-main [Desktop - Chrome][CHROMIUM]

================================================================
🚀 [5/6/2026, 11:05:10 am] RUNNING: Senior Tax Defence-Main [DESKTOP - CHROME]
🔗 Target URL: https://flmtrk.com/?a=659&oc=714&c=1892&s1=
================================================================
[fsi-main][Desktop - Chrome] 🔘 [Rotation] Selecting Option 5: "Get Help Today"
[fsi-main][Desktop - Chrome] ⏳ Waiting 2 seconds after choice selection...
[1803-fresh-tax-afr][Desktop - Chrome] ✅ Filled Email: ckmtestpixel@gmail.com
[senior-tax-defence-main][Desktop - Chrome] 🔌 [Browser Interceptor] Intercepting and optimizing engine: CHROMIUM
[senior-tax-defence-main][Desktop - Chrome] ◇ injected env (0) from .env // tip: ⌘ custom filepath { path: '/custom/path/.env' }
[senior-tax-defence-main][Desktop - Chrome] ◇ injected env (0) from .env // tip: ⌘ override existing { override: true }
[senior-tax-defence-main][Desktop - Chrome] ◇ injected env (0) from .env // tip: ◈ encrypted .env [www.dotenvx.com]
[1803-fresh-tax-afr][Desktop - Chrome] 🔘 Clicking active contact NEXT/SUBMIT button...
[senior-tax-defence-main][Desktop - Chrome] ◇ injected env (0) from .env // tip: ◈ encrypted .env [www.dotenvx.com]
[1803-fresh-tax-afr][Desktop - Chrome] ✅ Filled Phone: 401-247-1001
[senior-tax-defence-main][Desktop - Chrome] ◇ injected env (0) from .env // tip: ⌘ custom filepath { path: '/custom/path/.env' }
[senior-tax-defence-main][Desktop - Chrome] ◇ injected env (0) from .env // tip: ⌘ multiple files { path: ['.env.local', '.env'] }
[senior-tax-defence-main][Desktop - Chrome] 
🤖 ================================================================
[senior-tax-defence-main][Desktop - Chrome] 🤖 MASTER RUNNER: LAUNCHING SENIOR TAX DEFENCE-MAIN
🤖 Mode:            DESKTOP
🤖 Tracking URL:     https://flmtrk.com/?a=659&oc=714&c=1892&s1=
🤖 Target Sheet:    Senior Tax Defence-Main
🤖 ================================================================
[senior-tax-defence-main][Desktop - Chrome] 🔌 [Browser Interceptor] Intercepting and optimizing engine: CHROMIUM
[senior-tax-defence-main][Desktop - Chrome] 🔌 [Browser Interceptor] Speed Optimization: Capping slowMo from 2000ms to 100ms
[1803-fresh-tax-afr][Desktop - Chrome] 🔘 Clicking active contact NEXT/SUBMIT button...
[senior-tax-defence-main][Desktop - Chrome] 💻 Emulated Device Profile: DESKTOP - [Desktop - Chrome]
[fsi-main][Desktop - Chrome] 🔘 Choice is still visible (no auto-advance). Clicking NEXT button...
[fsi-main][Desktop - Chrome] ⚠️ NEXT button not visible after checkbox selection.
[senior-tax-defence-main][Desktop - Chrome] 🔄 Processing lead for brand: Senior Tax Defence-Main
[senior-tax-defence-main][Desktop - Chrome] 📊 Campaign execution run index: 1
[senior-tax-defence-main][Desktop - Chrome] 📅 [Forced Override] Friday, June 5th forced to Week 1 Monday range: 0 - 7,500
📅 [Rotational Logic] Week 1 Day 5. Target Range: 1000-7500 (Max allowed by URL: 30000)
[senior-tax-defence-main][Desktop - Chrome] 🔗 Navigating to: https://flmtrk.com/?a=659&oc=714&c=1892&s1=
[fsi-main][Desktop - Chrome] 🔘 [Rotation] Selecting Option 5: "Get Help Today"
[fsi-main][Desktop - Chrome] ⏳ Waiting 2 seconds after choice selection...
[fsi-main][Desktop - Chrome] 🔘 Choice is still visible (no auto-advance). Clicking NEXT button...
[fsi-main][Desktop - Chrome] ⚠️ NEXT button not visible after checkbox selection.
[fsi-main][Desktop - Chrome] 🔘 [Rotation] Selecting Option 5: "Get Help Today"
[fsi-main][Desktop - Chrome] ⏳ Waiting 2 seconds after choice selection...
[1803-fresh-tax-afr][Desktop - Chrome] ✅ Thank you page or lead id detected in URL during contact loop. Exiting contact loop.
✅ Thank you page detected before Step 6. Exiting form filling.
[1803-fresh-tax-afr][Desktop - Chrome] 🔘 Submitting form
[1803-fresh-tax-afr][Desktop - Chrome] ✅ Form already submitted. Bypassing submitForm logic.
[1803-fresh-tax-afr][Desktop - Chrome] ⏳ Waiting for final redirect to Thank You page...
[fsi-main][Desktop - Chrome] 🔘 Choice is still visible (no auto-advance). Clicking NEXT button...
[fsi-main][Desktop - Chrome] ⚠️ NEXT button not visible after checkbox selection.
[1803-fresh-tax-afr][Desktop - Chrome] ✅ Targeted final redirect URL achieved!
[1803-fresh-tax-afr][Desktop - Chrome] ✅ Final Thank You URL: https://www.1800freshtax.com/thankyou_ts_checklist.php?debt=2000&leadid=37D8B203&reqid=26865771&affid=659&subid=#s1#
[1803-fresh-tax-afr][Desktop - Chrome] 📋 [Pre-Fix] Thank-you URL before debt correction: https://www.1800freshtax.com/thankyou_ts_checklist.php?debt=2000&leadid=37D8B203&reqid=26865771&affid=659&subid=#s1#
[1803-fresh-tax-afr][Desktop - Chrome] 💾 [Debt Debug] formPage.selectedSliderAmount = "2,000"
💾 [Debt Debug] selectedDebtNum (mapped value) = "2000"
[1803-fresh-tax-afr][Desktop - Chrome] 🔧 [Debt Fix] Current debt in URL: 2000, Should be: 2000
✅ [Debt Fix] Debt parameter already correct
[1803-fresh-tax-afr][Desktop - Chrome] 📋 [Diagnostic] Full Thank You URL Parameters: {"debt":"2000","leadid":"37D8B203","reqid":"26865771","affid":"659","subid":""}
[1803-fresh-tax-afr][Desktop - Chrome] ✅ Extracted Lead ID: 37D8B203
[1803-fresh-tax-afr][Desktop - Chrome] 📱 Device Type detected: Desktop - Chrome
✅ Lead captured: 37D8B203
[1803-fresh-tax-afr][Desktop - Chrome] 📡 Fetching First API data for Lead ID: 37D8B203...
[fsi-main][Desktop - Chrome] 🔘 [Rotation] Selecting Option 5: "Get Help Today"
[fsi-main][Desktop - Chrome] ⏳ Waiting 2 seconds after choice selection...
[fsi-main][Desktop - Chrome] 🔘 Choice is still visible (no auto-advance). Clicking NEXT button...
[fsi-main][Desktop - Chrome] ⚠️ NEXT button not visible after checkbox selection.
[1803-fresh-tax-afr][Desktop - Chrome] 📡 Raw XML Response: {
  "lead_info_response": {
    "$": {
      "xmlns:xsd": "http://www.w3.org/2001/XMLSchema",
      "xmlns:xsi": "http://www.w3.org/2001/XMLSchema-instance",
      "xmlns": "http://cakemarketing.com/api/1/"
    },
    "success": "true",
    "row_count": "1",
    "lead_id": "37D8B203",
    "personal_info": {
      "first_name": "CKMTESTPIXEL",
      "last_name": "CKMTESTPIXEL",
      "email_address": "ckmtestpixel@gmail.com",
      "address": {
        "street": "",
        "city": "",
        "state": "AK",
        "zip_code": "",
        "country": ""
      },
      "ip_address": "27.54.170.27",
      "phone_work": "",
      "phone_home": "401-247-1001",
      "phone_cell": "",
      "best_call_time": "",
      "opt_in": "false"
    },
    "traffic_info": {
      "lead_date": "2026-06-04T22:35:14.793",
      "payout": {
        "currency_id": "1",
        "amount": "0.0000",
        "formatted_amount": "$0.00"
      },
      "affiliate": {
        "affiliate_id": {
          "_": "659",
          "$": {
            "xmlns": "API:id_name_store"
          }
        },
        "affiliate_name": {
          "_": "QA affiliate",
          "$": {
            "xmlns": "API:id_name_store"
          }
        }
      },
      "campaign": {
        "campaign_id": {
          "_": "4071",
          "$": {
            "xmlns": "API:id_name_store"
          }
        },
        "campaign_name": {
          "_": "1800 Fresh Tax (X) - Main - CPA - $1.00",
          "$": {
            "xmlns": "API:id_name_store"
          }
        }
      },
      "creative_id": "1867",
      "subid_1": "",
      "subid_2": "",
      "subid_3": "",
      "subid_4": "",
      "subid_5": "",
      "referrer": "",
      "pixel_fired": "true",
      "returned_to_affiliate": "false",
      "test": "true",
      "upsell": "false"
    },
    "all_vertical_data": {
      "data": {
        "$": {
          "xmlns": ""
        },
        "tax_debt": "2000",
        "universal_leadid": "015D985E-7651-ED9B-94B4-E74AFA41B99E",
        "affid": "659",
        "TCPA_checkbox": "checked",
        "reqid": "26865771",
        "cr_price": "3",
        "page": "www.1800freshtax.com/lf4/",
        "neustar": "under",
        "first_name_lower": "ckmtestpixel",
        "last_name_lower": "ckmtestpixel",
        "income": "4500",
        "first_name_capital": "Ckmtestpixel",
        "last_name_capital": "Ckmtestpixel",
        "debt_type": "IRS Tax Debt",
        "nodl_flag": "pass",
        "ckm_campaign_id": "4337",
        "email_oversight": "Verified"
      }
    },
    "dispositions": {
      "disposition": [
        {
          "disposition_type": "Not Paid For",
          "reason": "Unmatched Filter",
          "filter": "Min Tax Debt"
        },
        {
          "disposition_type": "Not Paid For",
          "reason": "Unmatched Filter",
          "filter": "Nuestar Fail"
        }
      ]
    },
    "pings": "",
    "posts": "",
    "sales": ""
  }
}
[1803-fresh-tax-afr][Desktop - Chrome] ✅ First API Data retrieved on attempt 1
[1803-fresh-tax-afr][Desktop - Chrome] 📡 Fetching Second API data for Lead ID: 37D8B203...
[1803-fresh-tax-afr][Desktop - Chrome] 📡 Standard Second API Payload: cake_id=37D8B203, domain_name=https://www.1800freshtax.com
[1803-fresh-tax-afr][Desktop - Chrome] [STDERR] (node:21352) Warning: Setting the NODE_TLS_REJECT_UNAUTHORIZED environment variable to '0' makes TLS connections and HTTPS requests insecure by disabling certificate verification.
(Use `node --trace-warnings ...` to show where the warning was created)
[fsi-main][Desktop - Chrome] 🔘 [Rotation] Selecting Option 5: "Get Help Today"
[fsi-main][Desktop - Chrome] ⏳ Waiting 2 seconds after choice selection...
[senior-tax-defence-main][Desktop - Chrome] ✅ Page loaded successfully
[senior-tax-defence-main][Desktop - Chrome] 📝 Starting multi-step form filling process...
[1803-fresh-tax-afr][Desktop - Chrome] [STDERR] ⚠️  Attempt 1: Second API returned no DBID. Response: {"status":false,"message":"No record found for cake_id: 37D8B203"}
[1803-fresh-tax-afr][Desktop - Chrome] ⏳ Retrying in 1 second to allow database synchronization...
[senior-tax-defence-main][Desktop - Chrome] 🔘 Step 1: Handling Debt Amount (2,000)
[senior-tax-defence-main][Desktop - Chrome] 🔘 Found jQuery UI Slider #slider. Setting value via jQuery and DOM evaluation...
[senior-tax-defence-main][Desktop - Chrome] ✅ Set jQuery UI Slider #slider to 2,000
[senior-tax-defence-main][Desktop - Chrome] 🔘 Clicking generic NEXT button
[senior-tax-defence-main][Desktop - Chrome] ✅ Clicked generic NEXT button
[1803-fresh-tax-afr][Desktop - Chrome] 📡 Standard Second API Payload: cake_id=37D8B203, domain_name=https://www.1800freshtax.com
[1803-fresh-tax-afr][Desktop - Chrome] [STDERR] ⚠️  Attempt 2: Second API returned no DBID. Response: {"status":false,"message":"No record found for cake_id: 37D8B203"}
[1803-fresh-tax-afr][Desktop - Chrome] ⏳ Retrying in 1 second to allow database synchronization...
[fsi-main][Desktop - Chrome] 🔘 Choice is still visible (no auto-advance). Clicking NEXT button...
[fsi-main][Desktop - Chrome] ⚠️ NEXT button not visible after checkbox selection.
[fsi-main][Desktop - Chrome] 🔘 [Rotation] Selecting Option 5: "Get Help Today"
[fsi-main][Desktop - Chrome] ⏳ Waiting 2 seconds after choice selection...
[1803-fresh-tax-afr][Desktop - Chrome] 📡 Standard Second API Payload: cake_id=37D8B203, domain_name=https://www.1800freshtax.com
[senior-tax-defence-main][Desktop - Chrome] 🔘 [Rotation] Selecting Option 2: "Get Help Today!"
[1803-fresh-tax-afr][Desktop - Chrome] [STDERR] ⚠️  Attempt 3: Second API returned no DBID. Response: {"status":false,"message":"No record found for cake_id: 37D8B203"}
[1803-fresh-tax-afr][Desktop - Chrome] ⏳ Retrying in 1 second to allow database synchronization...
[senior-tax-defence-main][Desktop - Chrome] ⏳ Waiting 2 seconds after choice selection...
[1803-fresh-tax-afr][Desktop - Chrome] 📡 Standard Second API Payload: cake_id=37D8B203, domain_name=https://www.1800freshtax.com
[fsi-main][Desktop - Chrome] 🔘 Choice is still visible (no auto-advance). Clicking NEXT button...
[fsi-main][Desktop - Chrome] ⚠️ NEXT button not visible after checkbox selection.
[1803-fresh-tax-afr][Desktop - Chrome] [STDERR] ⚠️  Attempt 4: Second API returned no DBID. Response: {"status":false,"message":"No record found for cake_id: 37D8B203"}
[1803-fresh-tax-afr][Desktop - Chrome] ⏳ Retrying in 1 second to allow database synchronization...
[fsi-main][Desktop - Chrome] 🔘 [Rotation] Selecting Option 5: "Get Help Today"
[fsi-main][Desktop - Chrome] ⏳ Waiting 2 seconds after choice selection...
[senior-tax-defence-main][Desktop - Chrome] 🔘 Choice is still visible (no auto-advance). Clicking NEXT button...
[senior-tax-defence-main][Desktop - Chrome] ✅ Clicked NEXT button after selecting checkbox/radio.
[1803-fresh-tax-afr][Desktop - Chrome] 📡 Standard Second API Payload: cake_id=37D8B203, domain_name=https://www.1800freshtax.com
[1803-fresh-tax-afr][Desktop - Chrome] [STDERR] ⚠️  Attempt 5: Second API returned no DBID. Response: {"status":false,"message":"No record found for cake_id: 37D8B203"}
[1803-fresh-tax-afr][Desktop - Chrome] 📡 [Rest-Assurance] Verifying Lead ID: 37D8B203 via Backend...
[1803-fresh-tax-afr][Desktop - Chrome] 🛡️  [Rest-Assurance] VERIFIED (Backend Debt: 2000)
[fsi-main][Desktop - Chrome] 🔘 Choice is still visible (no auto-advance). Clicking NEXT button...
[fsi-main][Desktop - Chrome] ⚠️ NEXT button not visible after checkbox selection.
[fsi-main][Desktop - Chrome] 🔘 [Rotation] Selecting Option 5: "Get Help Today"
[fsi-main][Desktop - Chrome] ⏳ Waiting 2 seconds after choice selection...
[senior-tax-defence-main][Desktop - Chrome] 🔘 [Rotation] Selecting Option 2: "State Back Taxes"
[1803-fresh-tax-afr][Desktop - Chrome] ✅ Row appended successfully to sheet: 1803 Fresh Tax - AFR cobranded
[senior-tax-defence-main][Desktop - Chrome] ⏳ Waiting 2 seconds after choice selection...
[1803-fresh-tax-afr][Desktop - Chrome] ✨ Fast formatting applied to newly appended row 6 of 1803 Fresh Tax - AFR cobranded
[1803-fresh-tax-afr][Desktop - Chrome] 🤖 [AI Agent Audit] Status: FAIL
🤖 [AI Agent Audit] Details: MISMATCH DETECTED: UI 2,000 Expected 5,000 but API got 2000
[1803-fresh-tax-afr][Desktop - Chrome] [STDERR] 🚨 [AI Agent] Data mismatch detected for 1803 Fresh Tax - AFR cobranded. Please review Google Sheet.
[1803-fresh-tax-afr][Desktop - Chrome] ✅ Lead processed successfully for 1803 Fresh Tax - AFR cobranded
[1803-fresh-tax-afr][Desktop - Chrome] 🎥 Video saved successfully: traces/videos/1803 Fresh Tax - AFR cobranded_1803_Fresh_Tax_-_AFR_cobranded.webm
[1803-fresh-tax-afr][Desktop - Chrome] 
✅ Execution successfully processed! {
  success: true,
  leadId: '37D8B203',
  brand: '1803 Fresh Tax - AFR cobranded'
}
[fsi-main][Desktop - Chrome] 🔘 Choice is still visible (no auto-advance). Clicking NEXT button...
[fsi-main][Desktop - Chrome] ⚠️ NEXT button not visible after checkbox selection.
[fsi-main][Desktop - Chrome] 🔘 [Rotation] Selecting Option 5: "Get Help Today"
[fsi-main][Desktop - Chrome] ⏳ Waiting 2 seconds after choice selection...
[1803-fresh-tax-afr][Desktop - Chrome] 📋 Trace report successfully saved: traces/1803-fresh-tax-afr_desktop.zip
[senior-tax-defence-main][Desktop - Chrome] ✅ Page auto-advanced after option selection.
[senior-tax-defence-main][Desktop - Chrome] ✅ Reached a recognized terminal step (State or Contact). Stopping dynamic traversal.
[senior-tax-defence-main][Desktop - Chrome] 🔘 Step: Selecting State
[senior-tax-defence-main][Desktop - Chrome] ✅ Selected state dynamically: "Alaska"
[senior-tax-defence-main][Desktop - Chrome] 📝 step3 column set to State: "Alaska"
[senior-tax-defence-main][Desktop - Chrome] 🔘 Clicking generic NEXT button
[senior-tax-defence-main][Desktop - Chrome] ✅ Clicked generic NEXT button
✅ [5/6/2026, 11:05:30 am] COMPLETED: 1803-fresh-tax-afr [Desktop - Chrome][CHROMIUM]

================================================================
🚀 [5/6/2026, 11:05:30 am] RUNNING: Fresh Start Initiative (X) Main [DESKTOP - CHROME]
🔗 Target URL: https://flmtrk.com/?a=659&oc=729&c=1940&s1=
================================================================
[fresh-start-initiative-x-main][Desktop - Chrome] 🔌 [Browser Interceptor] Intercepting and optimizing engine: CHROMIUM
[fresh-start-initiative-x-main][Desktop - Chrome] ◇ injected env (0) from .env // tip: ⌘ enable debugging { debug: true }
[fresh-start-initiative-x-main][Desktop - Chrome] ◇ injected env (0) from .env // tip: ⌘ multiple files { path: ['.env.local', '.env'] }
[fresh-start-initiative-x-main][Desktop - Chrome] ◇ injected env (0) from .env // tip: ◈ secrets for agents [www.dotenvx.com]
[fresh-start-initiative-x-main][Desktop - Chrome] ◇ injected env (0) from .env // tip: ⌘ enable debugging { debug: true }
[fsi-main][Desktop - Chrome] 🔘 Choice is still visible (no auto-advance). Clicking NEXT button...
[senior-tax-defence-main][Desktop - Chrome] 🔘 Filling Contact Info (Dynamic Loop)...
[fsi-main][Desktop - Chrome] ⚠️ NEXT button not visible after checkbox selection.
[fsi-main][Desktop - Chrome] 🔘 [Rotation] Selecting Option 5: "Get Help Today"
[fsi-main][Desktop - Chrome] ⏳ Waiting 2 seconds after choice selection...
[senior-tax-defence-main][Desktop - Chrome] ✅ Filled First Name: ckmtestpixel
[fresh-start-initiative-x-main][Desktop - Chrome] ◇ injected env (0) from .env // tip: ⌘ override existing { override: true }
[fresh-start-initiative-x-main][Desktop - Chrome] ◇ injected env (0) from .env // tip: ⌘ suppress logs { quiet: true }
[fresh-start-initiative-x-main][Desktop - Chrome] 
🤖 ================================================================
[fresh-start-initiative-x-main][Desktop - Chrome] 🤖 MASTER RUNNER: LAUNCHING FRESH START INITIATIVE (X) MAIN
[fresh-start-initiative-x-main][Desktop - Chrome] 🤖 Mode:            DESKTOP
[fresh-start-initiative-x-main][Desktop - Chrome] 🤖 Tracking URL:     https://flmtrk.com/?a=659&oc=729&c=1940&s1=
🤖 Target Sheet:    Fresh Start Initiative (X) Main
🤖 ================================================================
[fresh-start-initiative-x-main][Desktop - Chrome] 🔌 [Browser Interceptor] Intercepting and optimizing engine: CHROMIUM
[fresh-start-initiative-x-main][Desktop - Chrome] 🔌 [Browser Interceptor] Speed Optimization: Capping slowMo from 2000ms to 100ms
[senior-tax-defence-main][Desktop - Chrome] ✅ Filled Last Name: ckmtestpixel
[fresh-start-initiative-x-main][Desktop - Chrome] 💻 Emulated Device Profile: DESKTOP - [Desktop - Chrome]
[fresh-start-initiative-x-main][Desktop - Chrome] 🔄 Processing lead for brand: Fresh Start Initiative (X) Main
[fresh-start-initiative-x-main][Desktop - Chrome] 📊 Campaign execution run index: 1
[fresh-start-initiative-x-main][Desktop - Chrome] 📅 [Forced Override] Friday, June 5th forced to Week 1 Monday range: 0 - 7,500
📅 [Rotational Logic] Week 1 Day 5. Target Range: 1000-7500 (Max allowed by URL: 25000)
[fresh-start-initiative-x-main][Desktop - Chrome] 🔗 Navigating to: https://flmtrk.com/?a=659&oc=729&c=1940&s1=
[senior-tax-defence-main][Desktop - Chrome] ✅ Filled Email: ckmtestpixel@gmail.com
[senior-tax-defence-main][Desktop - Chrome] ✅ Filled Phone: 401-247-1001
[senior-tax-defence-main][Desktop - Chrome] 🔘 Clicking active contact NEXT/SUBMIT button...
[fsi-main][Desktop - Chrome] 🔘 Choice is still visible (no auto-advance). Clicking NEXT button...
[fsi-main][Desktop - Chrome] ⚠️ NEXT button not visible after checkbox selection.
[fsi-main][Desktop - Chrome] 🔘 Filling Contact Info (Dynamic Loop)...
[fsi-main][Desktop - Chrome] 🔘 No active contact NEXT/SUBMIT button visible. Exiting loop.
[fsi-main][Desktop - Chrome] 🔘 Checking for additional submit/next buttons...
[fsi-main][Desktop - Chrome] 🔘 Submitting form
[fsi-main][Desktop - Chrome] 💾 Setting hidden debt fields to: 1000
[fsi-main][Desktop - Chrome] [STDERR] ⚠️ Form submission failure analysis complete.
[fsi-main][Desktop - Chrome] ⏳ Waiting for final redirect to Thank You page...
[senior-tax-defence-main][Desktop - Chrome] ✅ Thank you page or lead id detected in URL during contact loop. Exiting contact loop.
✅ Thank you page detected before Step 6. Exiting form filling.
🔘 Submitting form
✅ Form already submitted. Bypassing submitForm logic.
⏳ Waiting for final redirect to Thank You page...
[senior-tax-defence-main][Desktop - Chrome] ✅ Targeted final redirect URL achieved!
[senior-tax-defence-main][Desktop - Chrome] ✅ Final Thank You URL: https://www.seniortaxdefense.com/thankyou_ts_checklist.php?debt=50000&leadid=E948A934&affid=659&reqid=26865772&subid=#s1#
📋 [Pre-Fix] Thank-you URL before debt correction: https://www.seniortaxdefense.com/thankyou_ts_checklist.php?debt=50000&leadid=E948A934&affid=659&reqid=26865772&subid=#s1#
[senior-tax-defence-main][Desktop - Chrome] 💾 [Debt Debug] formPage.selectedSliderAmount = "2,000"
💾 [Debt Debug] selectedDebtNum (mapped value) = "2000"
[senior-tax-defence-main][Desktop - Chrome] 🔧 [Debt Fix] Current debt in URL: 50000, Should be: 2000
🔧 [Debt Fix] Correcting debt parameter: 50000 → 2000
✅ [Debt Fix] Updated thank-you URL: https://www.seniortaxdefense.com/thankyou_ts_checklist.php?debt=2000&leadid=E948A934&affid=659&reqid=26865772&subid=#s1#
[senior-tax-defence-main][Desktop - Chrome] 📋 [Diagnostic] Full Thank You URL Parameters: {"debt":"2000","leadid":"E948A934","affid":"659","reqid":"26865772","subid":""}
[senior-tax-defence-main][Desktop - Chrome] ✅ Extracted Lead ID: E948A934
📱 Device Type detected: Desktop - Chrome
[senior-tax-defence-main][Desktop - Chrome] ✅ Lead captured: E948A934
[senior-tax-defence-main][Desktop - Chrome] 📡 Fetching First API data for Lead ID: E948A934...
[fresh-start-initiative-x-main][Desktop - Chrome] ✅ Page loaded successfully
[fresh-start-initiative-x-main][Desktop - Chrome] 📝 Starting multi-step form filling process...
[fresh-start-initiative-x-main][Desktop - Chrome] 🔘 Step 1: Handling Debt Amount (2,000)
[fresh-start-initiative-x-main][Desktop - Chrome] 🔘 Found jQuery UI Slider #slider. Setting value via jQuery and DOM evaluation...
[fresh-start-initiative-x-main][Desktop - Chrome] ✅ Set jQuery UI Slider #slider to 2,000
[fresh-start-initiative-x-main][Desktop - Chrome] 🔘 Clicking generic NEXT button
[fresh-start-initiative-x-main][Desktop - Chrome] ✅ Clicked generic NEXT button
[senior-tax-defence-main][Desktop - Chrome] 📡 Raw XML Response: {
  "lead_info_response": {
    "$": {
      "xmlns:xsd": "http://www.w3.org/2001/XMLSchema",
      "xmlns:xsi": "http://www.w3.org/2001/XMLSchema-instance",
      "xmlns": "http://cakemarketing.com/api/1/"
    },
    "success": "true",
    "row_count": "1",
    "lead_id": "E948A934",
    "personal_info": {
      "first_name": "CKMTESTPIXEL",
      "last_name": "CKMTESTPIXEL",
      "email_address": "ckmtestpixel@gmail.com",
      "address": {
        "street": "",
        "city": "",
        "state": "AK",
        "zip_code": "",
        "country": ""
      },
      "ip_address": "27.54.170.27",
      "phone_work": "",
      "phone_home": "401-247-1001",
      "phone_cell": "",
      "best_call_time": "",
      "opt_in": "false"
    },
    "traffic_info": {
      "lead_date": "2026-06-04T22:35:35.787",
      "payout": {
        "currency_id": "1",
        "amount": "0.0000",
        "formatted_amount": "$0.00"
      },
      "affiliate": {
        "affiliate_id": {
          "_": "659",
          "$": {
            "xmlns": "API:id_name_store"
          }
        },
        "affiliate_name": {
          "_": "QA affiliate",
          "$": {
            "xmlns": "API:id_name_store"
          }
        }
      },
      "campaign": {
        "campaign_id": {
          "_": "4400",
          "$": {
            "xmlns": "API:id_name_store"
          }
        },
        "campaign_name": {
          "_": "Senior Tax Defense - Main - CPA - $1.00",
          "$": {
            "xmlns": "API:id_name_store"
          }
        }
      },
      "creative_id": "1892",
      "subid_1": "",
      "subid_2": "",
      "subid_3": "",
      "subid_4": "",
      "subid_5": "",
      "referrer": "",
      "pixel_fired": "true",
      "returned_to_affiliate": "false",
      "test": "true",
      "upsell": "false"
    },
    "all_vertical_data": {
      "data": {
        "$": {
          "xmlns": ""
        },
        "tax_debt": "50000",
        "universal_leadid": "B9031B7A-44A2-B829-C265-06B5DEDF2024",
        "affid": "659",
        "TCPA_checkbox": "checked",
        "reqid": "26865772",
        "cr_price": "0.00",
        "page": "www.seniortaxdefense.com/index.php",
        "neustar": "fail",
        "neustar_disposition": "N,U,I4,L,0",
        "first_name_lower": "ckmtestpixel",
        "last_name_lower": "ckmtestpixel",
        "alt_subid": "100",
        "first_name_capital": "Ckmtestpixel",
        "last_name_capital": "Ckmtestpixel",
        "alt_affid": "100",
        "alt_s2": "100",
        "debt_type": "State Back Taxes",
        "nodl_flag": "pass",
        "ckm_campaign_id": "4400",
        "email_oversight": "Verified"
      }
    },
    "dispositions": {
      "disposition": [
        {
          "disposition_type": "Not Paid For",
          "reason": "Unmatched Filter",
          "filter": "Nuestar Fail"
        },
        {
          "disposition_type": "Sent to Review Queue",
          "reason": "neustar: This value is not valid",
          "filter": "Contained In Value List"
        }
      ]
    },
    "pings": "",
    "posts": "",
    "sales": ""
  }
}
[senior-tax-defence-main][Desktop - Chrome] ✅ First API Data retrieved on attempt 1
[senior-tax-defence-main][Desktop - Chrome] 📡 Fetching Second API data for Lead ID: E948A934...
[senior-tax-defence-main][Desktop - Chrome] [STDERR] (node:17896) Warning: Setting the NODE_TLS_REJECT_UNAUTHORIZED environment variable to '0' makes TLS connections and HTTPS requests insecure by disabling certificate verification.
(Use `node --trace-warnings ...` to show where the warning was created)
[fresh-start-initiative-x-main][Desktop - Chrome] 🔘 [Rotation] Selecting Option 1: "How much tax debt do you owe?"
[fresh-start-initiative-x-main][Desktop - Chrome] ⏳ Waiting 2 seconds after choice selection...
[senior-tax-defence-main][Desktop - Chrome] [STDERR] ⚠️  Attempt 1: Second API returned no DBID. Response: {"status":false,"message":"Missing domain_name or cake_id"}
[senior-tax-defence-main][Desktop - Chrome] ⏳ Retrying in 1 second to allow database synchronization...
[senior-tax-defence-main][Desktop - Chrome] [STDERR] ⚠️  Attempt 2: Second API returned no DBID. Response: {"status":false,"message":"Missing domain_name or cake_id"}
[senior-tax-defence-main][Desktop - Chrome] ⏳ Retrying in 1 second to allow database synchronization...
[fresh-start-initiative-x-main][Desktop - Chrome] 🔘 Choice is still visible (no auto-advance). Clicking NEXT button...
[fresh-start-initiative-x-main][Desktop - Chrome] ✅ Clicked NEXT button after selecting checkbox/radio.
[senior-tax-defence-main][Desktop - Chrome] [STDERR] ⚠️  Attempt 3: Second API returned no DBID. Response: {"status":false,"message":"Missing domain_name or cake_id"}
[senior-tax-defence-main][Desktop - Chrome] ⏳ Retrying in 1 second to allow database synchronization...
[senior-tax-defence-main][Desktop - Chrome] [STDERR] ⚠️  Attempt 4: Second API returned no DBID. Response: {"status":false,"message":"Missing domain_name or cake_id"}
[senior-tax-defence-main][Desktop - Chrome] ⏳ Retrying in 1 second to allow database synchronization...
[fresh-start-initiative-x-main][Desktop - Chrome] 🔘 [Rotation] Selecting Option 2: "State"
[fresh-start-initiative-x-main][Desktop - Chrome] ⏳ Waiting 2 seconds after choice selection...
[fsi-main][Desktop - Chrome] ✅ Final Thank You URL: https://www.fresh-start-initiative.com/fsi22.php?reqid=26865770&affid=659&a=659&s1=
📋 [Pre-Fix] Thank-you URL before debt correction: https://www.fresh-start-initiative.com/fsi22.php?reqid=26865770&affid=659&a=659&s1=
[fsi-main][Desktop - Chrome] 💾 [Debt Debug] formPage.selectedSliderAmount = "1,000"
💾 [Debt Debug] selectedDebtNum (mapped value) = "1000"
🔧 [Debt Fix] Current debt in URL: null, Should be: 1000
🔧 [Debt Fix] Correcting debt parameter: null → 1000
[fsi-main][Desktop - Chrome] ✅ [Debt Fix] Updated thank-you URL: https://www.fresh-start-initiative.com/fsi22.php?reqid=26865770&affid=659&a=659&s1=&debt=1000
[fsi-main][Desktop - Chrome] 📋 [Diagnostic] Full Thank You URL Parameters: {"reqid":"26865770","affid":"659","a":"659","s1":"","debt":"1000"}
[fsi-main][Desktop - Chrome] 🔍 [DOM Deep-Scan] URL ID missing or non-standard (e.g. numeric reqid). Searching for Hex-8 or GUID IDs...
[fsi-main][Desktop - Chrome] ✅ Extracted Lead ID: 3CF1523A
📱 Device Type detected: Desktop - Chrome
[fsi-main][Desktop - Chrome] ✅ Lead captured: 3CF1523A
🔧 [URL Fix] Appending leadid=3CF1523A to Thank You URL
[fsi-main][Desktop - Chrome] 📡 Fetching First API data for Lead ID: 3CF1523A...
[senior-tax-defence-main][Desktop - Chrome] [STDERR] ⚠️  Attempt 5: Second API returned no DBID. Response: {"status":false,"message":"Missing domain_name or cake_id"}
[senior-tax-defence-main][Desktop - Chrome] 📡 [Rest-Assurance] Verifying Lead ID: E948A934 via Backend...
[senior-tax-defence-main][Desktop - Chrome] 🛡️  [Rest-Assurance] VERIFIED (Backend Debt: 50000)
[fresh-start-initiative-x-main][Desktop - Chrome] ✅ Page auto-advanced after option selection.
[fresh-start-initiative-x-main][Desktop - Chrome] 🔘 [Rotation] Selecting Option 2: "$4,000 - $6,000"
[fresh-start-initiative-x-main][Desktop - Chrome] ⏳ Waiting 2 seconds after choice selection...
[senior-tax-defence-main][Desktop - Chrome] ✅ Row appended successfully to sheet: Senior Tax Defence-Main
[fsi-main][Desktop - Chrome] 📡 Raw XML Response: {
  "lead_info_response": {
    "$": {
      "xmlns:xsd": "http://www.w3.org/2001/XMLSchema",
      "xmlns:xsi": "http://www.w3.org/2001/XMLSchema-instance",
      "xmlns": "http://cakemarketing.com/api/1/"
    },
    "success": "false",
    "message": "Lead/Vertical Not Found",
    "row_count": "0"
  }
}
[fsi-main][Desktop - Chrome] [STDERR] ⚠️  Attempt 1: First API returned empty lead data or success=false
[fsi-main][Desktop - Chrome] ⏳ Retrying in 1.5 seconds...
[senior-tax-defence-main][Desktop - Chrome] ✨ Fast formatting applied to newly appended row 6 of Senior Tax Defence-Main
[senior-tax-defence-main][Desktop - Chrome] 🤖 [AI Agent Audit] Status: FAIL
🤖 [AI Agent Audit] Details: MISMATCH DETECTED: UI 2,000 Expected 5,000 but API got 50000
[senior-tax-defence-main][Desktop - Chrome] [STDERR] 🚨 [AI Agent] Data mismatch detected for Senior Tax Defence-Main. Please review Google Sheet.
[senior-tax-defence-main][Desktop - Chrome] ✅ Lead processed successfully for Senior Tax Defence-Main
[senior-tax-defence-main][Desktop - Chrome] 🎥 Video saved successfully: traces/videos/Senior Tax Defence-Main_Senior_Tax_Defence-Main.webm
[senior-tax-defence-main][Desktop - Chrome] 
✅ Execution successfully processed! { success: true, leadId: 'E948A934', brand: 'Senior Tax Defence-Main' }
[fresh-start-initiative-x-main][Desktop - Chrome] ✅ Page auto-advanced after option selection.
[fresh-start-initiative-x-main][Desktop - Chrome] ✅ Reached a recognized terminal step (State or Contact). Stopping dynamic traversal.
[fresh-start-initiative-x-main][Desktop - Chrome] 🔘 Step: Selecting State
[fresh-start-initiative-x-main][Desktop - Chrome] ✅ Selected state dynamically: "Alaska"
[fresh-start-initiative-x-main][Desktop - Chrome] 🔘 Clicking generic NEXT button
[fresh-start-initiative-x-main][Desktop - Chrome] ✅ Clicked generic NEXT button
[senior-tax-defence-main][Desktop - Chrome] 📋 Trace report successfully saved: traces/senior-tax-defence-main_desktop.zip
[fsi-main][Desktop - Chrome] 📡 Raw XML Response: {
  "lead_info_response": {
    "$": {
      "xmlns:xsd": "http://www.w3.org/2001/XMLSchema",
      "xmlns:xsi": "http://www.w3.org/2001/XMLSchema-instance",
      "xmlns": "http://cakemarketing.com/api/1/"
    },
    "success": "false",
    "message": "Lead/Vertical Not Found",
    "row_count": "0"
  }
}
[fsi-main][Desktop - Chrome] [STDERR] ⚠️  Attempt 2: First API returned empty lead data or success=false
[fsi-main][Desktop - Chrome] ⏳ Retrying in 1.5 seconds...
✅ [5/6/2026, 11:05:51 am] COMPLETED: senior-tax-defence-main [Desktop - Chrome][CHROMIUM]

================================================================
🚀 [5/6/2026, 11:05:51 am] RUNNING: America's First Tax Relief (AFTR) [DESKTOP - CHROME]
🔗 Target URL: https://mlf-trk.com/?a=659&oc=759&c=2211&s1=
================================================================
[aftr-main][Desktop - Chrome] 🔌 [Browser Interceptor] Intercepting and optimizing engine: CHROMIUM
[aftr-main][Desktop - Chrome] ◇ injected env (0) from .env // tip: ◈ encrypted .env [www.dotenvx.com]
[aftr-main][Desktop - Chrome] ◇ injected env (0) from .env // tip: ⌘ suppress logs { quiet: true }
[aftr-main][Desktop - Chrome] ◇ injected env (0) from .env // tip: ⌘ multiple files { path: ['.env.local', '.env'] }
[aftr-main][Desktop - Chrome] ◇ injected env (0) from .env // tip: ⌘ custom filepath { path: '/custom/path/.env' }
[fresh-start-initiative-x-main][Desktop - Chrome] 🔘 Filling Contact Info (Dynamic Loop)...
[aftr-main][Desktop - Chrome] ◇ injected env (0) from .env // tip: ⌘ enable debugging { debug: true }
[aftr-main][Desktop - Chrome] ◇ injected env (0) from .env // tip: ⌘ multiple files { path: ['.env.local', '.env'] }
[aftr-main][Desktop - Chrome] 
🤖 ================================================================
🤖 MASTER RUNNER: LAUNCHING AMERICA'S FIRST TAX RELIEF (AFTR)
🤖 Mode:            DESKTOP
[aftr-main][Desktop - Chrome] 🤖 Tracking URL:     https://mlf-trk.com/?a=659&oc=759&c=2211&s1=
🤖 Target Sheet:    America's First Tax Relief (AFTR)
🤖 ================================================================
[aftr-main][Desktop - Chrome] 🔌 [Browser Interceptor] Intercepting and optimizing engine: CHROMIUM
[aftr-main][Desktop - Chrome] 🔌 [Browser Interceptor] Speed Optimization: Capping slowMo from 2000ms to 100ms
[fresh-start-initiative-x-main][Desktop - Chrome] ✅ Filled First Name: ckmtestpixel
[fsi-main][Desktop - Chrome] 📡 Raw XML Response: {
  "lead_info_response": {
    "$": {
      "xmlns:xsd": "http://www.w3.org/2001/XMLSchema",
      "xmlns:xsi": "http://www.w3.org/2001/XMLSchema-instance",
      "xmlns": "http://cakemarketing.com/api/1/"
    },
    "success": "false",
    "message": "Lead/Vertical Not Found",
    "row_count": "0"
  }
}
⏳ Retrying in 1.5 seconds...
[fsi-main][Desktop - Chrome] [STDERR] ⚠️  Attempt 3: First API returned empty lead data or success=false
[aftr-main][Desktop - Chrome] 💻 Emulated Device Profile: DESKTOP - [Desktop - Chrome]
[fresh-start-initiative-x-main][Desktop - Chrome] ✅ Filled Last Name: ckmtestpixel
[aftr-main][Desktop - Chrome] 🔄 Processing lead for brand: America's First Tax Relief (AFTR)
[aftr-main][Desktop - Chrome] 📊 Campaign execution run index: 5
[aftr-main][Desktop - Chrome] 📅 [Forced Override] Friday, June 5th forced to Week 1 Monday range: 0 - 7,500
📅 [Rotational Logic] Week 1 Day 5. Target Range: 1000-7500 (Max allowed by URL: 35000)
[aftr-main][Desktop - Chrome] 🔗 Navigating to: https://mlf-trk.com/?a=659&oc=759&c=2211&s1=
[fresh-start-initiative-x-main][Desktop - Chrome] ✅ Filled Email: ckmtestpixel@gmail.com
[fresh-start-initiative-x-main][Desktop - Chrome] ✅ Filled Phone: 401-247-1001
[fresh-start-initiative-x-main][Desktop - Chrome] 🔘 Clicking active contact NEXT/SUBMIT button...
[ftd-x][Desktop - Chrome] [STDERR] ⚠️  Attempt 4: Second API returned no DBID. Response: {"status":false,"message":"Connection exception: Connection timed out"}
[ftd-x][Desktop - Chrome] ⏳ Retrying in 1 second to allow database synchronization...
[fsi-main][Desktop - Chrome] 📡 Raw XML Response: {
  "lead_info_response": {
    "$": {
      "xmlns:xsd": "http://www.w3.org/2001/XMLSchema",
      "xmlns:xsi": "http://www.w3.org/2001/XMLSchema-instance",
      "xmlns": "http://cakemarketing.com/api/1/"
    },
    "success": "false",
    "message": "Lead/Vertical Not Found",
    "row_count": "0"
  }
}
[fsi-main][Desktop - Chrome] [STDERR] ⚠️  Attempt 4: First API returned empty lead data or success=false
[fsi-main][Desktop - Chrome] ⏳ Retrying in 1.5 seconds...
[ftd-x][Desktop - Chrome] 📡 Standard Second API Payload: cake_id=2AC8E832, domain_name=https://fidelity-tax-defense.net
[fsi-main][Desktop - Chrome] 📡 Raw XML Response: {
  "lead_info_response": {
    "$": {
      "xmlns:xsd": "http://www.w3.org/2001/XMLSchema",
      "xmlns:xsi": "http://www.w3.org/2001/XMLSchema-instance",
      "xmlns": "http://cakemarketing.com/api/1/"
    },
    "success": "false",
    "message": "Lead/Vertical Not Found",
    "row_count": "0"
  }
}
⏳ Retrying in 1.5 seconds...
[fsi-main][Desktop - Chrome] [STDERR] ⚠️  Attempt 5: First API returned empty lead data or success=false
[fresh-start-initiative-x-main][Desktop - Chrome] ✅ Thank you page or lead id detected in URL during contact loop. Exiting contact loop.
✅ Thank you page detected before Step 6. Exiting form filling.
[fresh-start-initiative-x-main][Desktop - Chrome] 🔘 Submitting form
✅ Form already submitted. Bypassing submitForm logic.
[fresh-start-initiative-x-main][Desktop - Chrome] ⏳ Waiting for final redirect to Thank You page...
[fresh-start-initiative-x-main][Desktop - Chrome] ✅ Targeted final redirect URL achieved!
[fresh-start-initiative-x-main][Desktop - Chrome] ✅ Final Thank You URL: https://www.fresh-start-initiative.com/thankyou_ts_checklist_fsi23.php?debt=2000&leadid=98FF6FB2&reqid=26865775&affid=659
[fresh-start-initiative-x-main][Desktop - Chrome] 📋 [Pre-Fix] Thank-you URL before debt correction: https://www.fresh-start-initiative.com/thankyou_ts_checklist_fsi23.php?debt=2000&leadid=98FF6FB2&reqid=26865775&affid=659
[fresh-start-initiative-x-main][Desktop - Chrome] 💾 [Debt Debug] formPage.selectedSliderAmount = "2,000"
💾 [Debt Debug] selectedDebtNum (mapped value) = "2000"
[fresh-start-initiative-x-main][Desktop - Chrome] 🔧 [Debt Fix] Current debt in URL: 2000, Should be: 2000
✅ [Debt Fix] Debt parameter already correct
[fresh-start-initiative-x-main][Desktop - Chrome] 📋 [Diagnostic] Full Thank You URL Parameters: {"debt":"2000","leadid":"98FF6FB2","reqid":"26865775","affid":"659"}
[fresh-start-initiative-x-main][Desktop - Chrome] ✅ Extracted Lead ID: 98FF6FB2
[fresh-start-initiative-x-main][Desktop - Chrome] 📱 Device Type detected: Desktop - Chrome
[fresh-start-initiative-x-main][Desktop - Chrome] ✅ Lead captured: 98FF6FB2
[fresh-start-initiative-x-main][Desktop - Chrome] 📡 Fetching First API data for Lead ID: 98FF6FB2...
[fsi-main][Desktop - Chrome] 📡 Raw XML Response: {
  "lead_info_response": {
    "$": {
      "xmlns:xsd": "http://www.w3.org/2001/XMLSchema",
      "xmlns:xsi": "http://www.w3.org/2001/XMLSchema-instance",
      "xmlns": "http://cakemarketing.com/api/1/"
    },
    "success": "false",
    "message": "Lead/Vertical Not Found",
    "row_count": "0"
  }
}
[fsi-main][Desktop - Chrome] [STDERR] ⚠️  Attempt 6: First API returned empty lead data or success=false
[fsi-main][Desktop - Chrome] 📡 Fetching Second API data for Lead ID: 3CF1523A...
[fsi-main][Desktop - Chrome] 📡 Standard Second API Payload: cake_id=3CF1523A, domain_name=https://www.freshstartinitiative.com
[fsi-main][Desktop - Chrome] [STDERR] (node:9876) Warning: Setting the NODE_TLS_REJECT_UNAUTHORIZED environment variable to '0' makes TLS connections and HTTPS requests insecure by disabling certificate verification.
(Use `node --trace-warnings ...` to show where the warning was created)
[aftr-main][Desktop - Chrome] ✅ Page loaded successfully
[aftr-main][Desktop - Chrome] 📝 Starting multi-step form filling process...
[aftr-main][Desktop - Chrome] 🔘 Step 1: Handling Debt Amount (6,000)
[aftr-main][Desktop - Chrome] 🔘 Found jQuery UI Slider #slider. Setting value via jQuery and DOM evaluation...
[aftr-main][Desktop - Chrome] ✅ Set jQuery UI Slider #slider to 6,000
[fsi-main][Desktop - Chrome] [STDERR] ⚠️  Attempt 1: Second API returned no DBID. Response: {"status":false,"message":"Domain not found in configuration: freshstartinitiative.com"}
[fsi-main][Desktop - Chrome] ⏳ Retrying in 1 second to allow database synchronization...
[aftr-main][Desktop - Chrome] 🔘 Attempting to click .next-btn1, .btn-next
[aftr-main][Desktop - Chrome] ✅ Clicked .next-btn1, .btn-next
[fsi-main][Desktop - Chrome] 📡 Standard Second API Payload: cake_id=3CF1523A, domain_name=https://www.freshstartinitiative.com
[fsi-main][Desktop - Chrome] [STDERR] ⚠️  Attempt 2: Second API returned no DBID. Response: {"status":false,"message":"Domain not found in configuration: freshstartinitiative.com"}
[fsi-main][Desktop - Chrome] ⏳ Retrying in 1 second to allow database synchronization...
[fresh-start-initiative-x-main][Desktop - Chrome] 📡 Raw XML Response: {
  "lead_info_response": {
    "$": {
      "xmlns:xsd": "http://www.w3.org/2001/XMLSchema",
      "xmlns:xsi": "http://www.w3.org/2001/XMLSchema-instance",
      "xmlns": "http://cakemarketing.com/api/1/"
    },
    "success": "true",
    "row_count": "1",
    "lead_id": "98FF6FB2",
    "personal_info": {
      "first_name": "CKMTESTPIXEL",
      "last_name": "CKMTESTPIXEL",
      "email_address": "ckmtestpixel@gmail.com",
      "address": {
        "street": "",
        "city": "",
        "state": "AK",
        "zip_code": "",
        "country": ""
      },
      "ip_address": "27.54.170.27",
      "phone_work": "",
      "phone_home": "401-247-1001",
      "phone_cell": "",
      "best_call_time": "",
      "opt_in": "true"
    },
    "traffic_info": {
      "lead_date": "2026-06-04T22:35:55.147",
      "payout": {
        "currency_id": "1",
        "amount": "0.0000",
        "formatted_amount": "$0.00"
      },
      "affiliate": {
        "affiliate_id": {
          "_": "659",
          "$": {
            "xmlns": "API:id_name_store"
          }
        },
        "affiliate_name": {
          "_": "QA affiliate",
          "$": {
            "xmlns": "API:id_name_store"
          }
        }
      },
      "campaign": {
        "campaign_id": {
          "_": "4074",
          "$": {
            "xmlns": "API:id_name_store"
          }
        },
        "campaign_name": {
          "_": "Fresh Start Initiative (X) - Main - CPA - $1.00",
          "$": {
            "xmlns": "API:id_name_store"
          }
        }
      },
      "creative_id": "1940",
      "subid_1": "",
      "subid_2": "",
      "subid_3": "",
      "subid_4": "",
      "subid_5": "",
      "referrer": "",
      "pixel_fired": "true",
      "returned_to_affiliate": "false",
      "test": "true",
      "upsell": "false"
    },
    "all_vertical_data": {
      "data": {
        "$": {
          "xmlns": ""
        },
        "tax_debt": "2000",
        "universal_leadid": "2FDBA37D-790E-6BA4-723F-F9B818CF4BC8",
        "affid": "659",
        "TCPA_checkbox": "checked",
        "reqid": "26865775",
        "cr_price": "3",
        "page": "fresh-start-initiative.comfresh-start-initiative.com/v1/index.php",
        "neustar": "under",
        "first_name_lower": "ckmtestpixel",
        "last_name_lower": "ckmtestpixel",
        "income": "5000",
        "first_name_capital": "Ckmtestpixel",
        "last_name_capital": "Ckmtestpixel",
        "debt_type": "State",
        "nodl_flag": "pass",
        "ckm_campaign_id": "4381",
        "email_oversight": "Verified"
      }
    },
    "dispositions": {
      "disposition": [
        {
          "disposition_type": "Not Paid For",
          "reason": "Unmatched Filter",
          "filter": "Min Tax Debt"
        },
        {
          "disposition_type": "Not Paid For",
          "reason": "Unmatched Filter",
          "filter": "Nuestar Fail"
        }
      ]
    },
    "pings": "",
    "posts": "",
    "sales": ""
  }
}
✅ First API Data retrieved on attempt 1
[fresh-start-initiative-x-main][Desktop - Chrome] 📡 Fetching Second API data for Lead ID: 98FF6FB2...
[fresh-start-initiative-x-main][Desktop - Chrome] 📡 Standard Second API Payload: cake_id=98FF6FB2, domain_name=https://www.freshstartinitiative.com
[fresh-start-initiative-x-main][Desktop - Chrome] [STDERR] (node:7292) Warning: Setting the NODE_TLS_REJECT_UNAUTHORIZED environment variable to '0' makes TLS connections and HTTPS requests insecure by disabling certificate verification.
(Use `node --trace-warnings ...` to show where the warning was created)
[aftr-main][Desktop - Chrome] ✅ Reached a recognized terminal step (State or Contact). Stopping dynamic traversal.
[aftr-main][Desktop - Chrome] 🔘 Filling Contact Info (Dynamic Loop)...
[fsi-main][Desktop - Chrome] 📡 Standard Second API Payload: cake_id=3CF1523A, domain_name=https://www.freshstartinitiative.com
[fresh-start-initiative-x-main][Desktop - Chrome] [STDERR] ⚠️  Attempt 1: Second API returned no DBID. Response: {"status":false,"message":"Domain not found in configuration: freshstartinitiative.com"}
[fresh-start-initiative-x-main][Desktop - Chrome] ⏳ Retrying in 1 second to allow database synchronization...
[aftr-main][Desktop - Chrome] ✅ Filled First Name: ckmtestpixel
[fsi-main][Desktop - Chrome] [STDERR] ⚠️  Attempt 3: Second API returned no DBID. Response: {"status":false,"message":"Domain not found in configuration: freshstartinitiative.com"}
[fsi-main][Desktop - Chrome] ⏳ Retrying in 1 second to allow database synchronization...
[aftr-main][Desktop - Chrome] ✅ Filled Last Name: ckmtestpixel
[aftr-main][Desktop - Chrome] 🔘 Clicking active contact NEXT/SUBMIT button...
[fresh-start-initiative-x-main][Desktop - Chrome] 📡 Standard Second API Payload: cake_id=98FF6FB2, domain_name=https://www.freshstartinitiative.com
[fsi-main][Desktop - Chrome] 📡 Standard Second API Payload: cake_id=3CF1523A, domain_name=https://www.freshstartinitiative.com
[fresh-start-initiative-x-main][Desktop - Chrome] [STDERR] ⚠️  Attempt 2: Second API returned no DBID. Response: {"status":false,"message":"Domain not found in configuration: freshstartinitiative.com"}
[fresh-start-initiative-x-main][Desktop - Chrome] ⏳ Retrying in 1 second to allow database synchronization...
[aftr-main][Desktop - Chrome] ✅ Filled Email: ckmtestpixel@gmail.com
[fsi-main][Desktop - Chrome] [STDERR] ⚠️  Attempt 4: Second API returned no DBID. Response: {"status":false,"message":"Domain not found in configuration: freshstartinitiative.com"}
[fsi-main][Desktop - Chrome] ⏳ Retrying in 1 second to allow database synchronization...
[aftr-main][Desktop - Chrome] 🔘 Clicking active contact NEXT/SUBMIT button...
[fresh-start-initiative-x-main][Desktop - Chrome] 📡 Standard Second API Payload: cake_id=98FF6FB2, domain_name=https://www.freshstartinitiative.com
[fsi-main][Desktop - Chrome] 📡 Standard Second API Payload: cake_id=3CF1523A, domain_name=https://www.freshstartinitiative.com
[aftr-main][Desktop - Chrome] ✅ Filled Phone: 401-247-1005
[aftr-main][Desktop - Chrome] 🔘 Clicking active contact NEXT/SUBMIT button...
[fresh-start-initiative-x-main][Desktop - Chrome] [STDERR] ⚠️  Attempt 3: Second API returned no DBID. Response: {"status":false,"message":"Domain not found in configuration: freshstartinitiative.com"}
[fresh-start-initiative-x-main][Desktop - Chrome] ⏳ Retrying in 1 second to allow database synchronization...
[fsi-main][Desktop - Chrome] [STDERR] ⚠️  Attempt 5: Second API returned no DBID. Response: {"status":false,"message":"Domain not found in configuration: freshstartinitiative.com"}
[fsi-main][Desktop - Chrome] 📡 [Rest-Assurance] Verifying Lead ID: 3CF1523A via Backend...
[fsi-main][Desktop - Chrome] [STDERR] 🛡️  [Rest-Assurance] VERIFICATION_FAILED: Lead not found in Backend
[fresh-start-initiative-x-main][Desktop - Chrome] 📡 Standard Second API Payload: cake_id=98FF6FB2, domain_name=https://www.freshstartinitiative.com
[fresh-start-initiative-x-main][Desktop - Chrome] [STDERR] ⚠️  Attempt 4: Second API returned no DBID. Response: {"status":false,"message":"Domain not found in configuration: freshstartinitiative.com"}
[fresh-start-initiative-x-main][Desktop - Chrome] ⏳ Retrying in 1 second to allow database synchronization...
[aftr-main][Desktop - Chrome] ✅ Thank you page or lead id detected in URL during contact loop. Exiting contact loop.
✅ Thank you page detected before Step 6. Exiting form filling.
[aftr-main][Desktop - Chrome] 🔘 Submitting form
✅ Form already submitted. Bypassing submitForm logic.
[aftr-main][Desktop - Chrome] ⏳ Waiting for final redirect to Thank You page...
[aftr-main][Desktop - Chrome] ✅ Targeted final redirect URL achieved!
[aftr-main][Desktop - Chrome] ✅ Final Thank You URL: https://americasfirsttaxrelief.com/thankyou.php
📋 [Pre-Fix] Thank-you URL before debt correction: https://americasfirsttaxrelief.com/thankyou.php
💾 [Debt Debug] formPage.selectedSliderAmount = "6,000"
💾 [Debt Debug] selectedDebtNum (mapped value) = "6000"
🔧 [Debt Fix] Current debt in URL: null, Should be: 6000
🔧 [Debt Fix] Correcting debt parameter: null → 6000
✅ [Debt Fix] Updated thank-you URL: https://americasfirsttaxrelief.com/thankyou.php?debt=6000
[aftr-main][Desktop - Chrome] 📋 [Diagnostic] Full Thank You URL Parameters: {"debt":"6000"}
[aftr-main][Desktop - Chrome] 🔍 [DOM Deep-Scan] URL ID missing or non-standard (e.g. numeric reqid). Searching for Hex-8 or GUID IDs...
[aftr-main][Desktop - Chrome] ✅ Extracted Lead ID: 5b37de34590ff08a67e782a2e5f85096
📱 Device Type detected: Desktop - Chrome
[aftr-main][Desktop - Chrome] [STDERR] ❌ Invalid Lead ID format detected: 5b37de34590ff08a67e782a2e5f85096. Expected 8-char alphanumeric with letters and digits (example: ACAAA01E).
[aftr-main][Desktop - Chrome] ✅ Lead captured: 5b37de34590ff08a67e782a2e5f85096
[aftr-main][Desktop - Chrome] 🔧 [URL Fix] Appending leadid=5b37de34590ff08a67e782a2e5f85096 to Thank You URL
[aftr-main][Desktop - Chrome] 📡 Fetching First API data for Lead ID: 5b37de34590ff08a67e782a2e5f85096...
[fsi-main][Desktop - Chrome] ✅ Row appended successfully to sheet: FSI - MAIN
[fresh-start-initiative-x-main][Desktop - Chrome] 📡 Standard Second API Payload: cake_id=98FF6FB2, domain_name=https://www.freshstartinitiative.com
[fresh-start-initiative-x-main][Desktop - Chrome] [STDERR] ⚠️  Attempt 5: Second API returned no DBID. Response: {"status":false,"message":"Domain not found in configuration: freshstartinitiative.com"}
[fresh-start-initiative-x-main][Desktop - Chrome] 📡 [Rest-Assurance] Verifying Lead ID: 98FF6FB2 via Backend...
[fsi-main][Desktop - Chrome] ✨ Fast formatting applied to newly appended row 139 of FSI - MAIN
[fsi-main][Desktop - Chrome] 🤖 [AI Agent Audit] Status: FAIL
🤖 [AI Agent Audit] Details: MISMATCH DETECTED: UI 1,000 Expected 5,000 but API got undefined
[fsi-main][Desktop - Chrome] [STDERR] 🚨 [AI Agent] Data mismatch detected for FSI - MAIN. Please review Google Sheet.
[fsi-main][Desktop - Chrome] ✅ Lead processed successfully for FSI - MAIN
[fresh-start-initiative-x-main][Desktop - Chrome] 🛡️  [Rest-Assurance] VERIFIED (Backend Debt: 2000)
[fsi-main][Desktop - Chrome] 🎥 Video saved successfully: traces/videos/FSI - MAIN_FSI_-_MAIN.webm
[fsi-main][Desktop - Chrome] 
✅ Execution successfully processed! { success: true, leadId: '3CF1523A', brand: 'FSI - MAIN' }
[aftr-main][Desktop - Chrome] 📡 Raw XML Response: {
  "lead_info_response": {
    "$": {
      "xmlns:xsd": "http://www.w3.org/2001/XMLSchema",
      "xmlns:xsi": "http://www.w3.org/2001/XMLSchema-instance",
      "xmlns": "http://cakemarketing.com/api/1/"
    },
    "success": "false",
    "message": "Lead/Vertical Not Found",
    "row_count": "0"
  }
}
[aftr-main][Desktop - Chrome] [STDERR] ⚠️  Attempt 1: First API returned empty lead data or success=false
[aftr-main][Desktop - Chrome] ⏳ Retrying in 1.5 seconds...
[fresh-start-initiative-x-main][Desktop - Chrome] ✅ Row appended successfully to sheet: Fresh Start Initiative (X) Main
[fresh-start-initiative-x-main][Desktop - Chrome] ✨ Fast formatting applied to newly appended row 5 of Fresh Start Initiative (X) Main
[fresh-start-initiative-x-main][Desktop - Chrome] 🤖 [AI Agent Audit] Status: FAIL
[fresh-start-initiative-x-main][Desktop - Chrome] [STDERR] 🚨 [AI Agent] Data mismatch detected for Fresh Start Initiative (X) Main. Please review Google Sheet.
[fresh-start-initiative-x-main][Desktop - Chrome] 🤖 [AI Agent Audit] Details: MISMATCH DETECTED: UI 2,000 Expected 5,000 but API got 2000
✅ Lead processed successfully for Fresh Start Initiative (X) Main
[fsi-main][Desktop - Chrome] 📋 Trace report successfully saved: traces/fsi-main_desktop.zip
[fresh-start-initiative-x-main][Desktop - Chrome] 🎥 Video saved successfully: traces/videos/Fresh Start Initiative (X) Main_Fresh_Start_Initiative_(X)_Main.webm
[fresh-start-initiative-x-main][Desktop - Chrome] 
✅ Execution successfully processed! {
  success: true,
  leadId: '98FF6FB2',
  brand: 'Fresh Start Initiative (X) Main'
}
[aftr-main][Desktop - Chrome] 📡 Raw XML Response: {
  "lead_info_response": {
    "$": {
      "xmlns:xsd": "http://www.w3.org/2001/XMLSchema",
      "xmlns:xsi": "http://www.w3.org/2001/XMLSchema-instance",
      "xmlns": "http://cakemarketing.com/api/1/"
    },
    "success": "false",
    "message": "Lead/Vertical Not Found",
    "row_count": "0"
  }
}
[aftr-main][Desktop - Chrome] [STDERR] ⚠️  Attempt 2: First API returned empty lead data or success=false
[aftr-main][Desktop - Chrome] ⏳ Retrying in 1.5 seconds...
✅ [5/6/2026, 11:06:10 am] COMPLETED: fsi-main [Desktop - Chrome][CHROMIUM]

================================================================
🚀 [5/6/2026, 11:06:10 am] RUNNING: Premier Tax Relief (PTR) [DESKTOP - CHROME]
🔗 Target URL: https://flmtra.com/?a=659&oc=763&c=2225&s1=
================================================================
[ptr-main][Desktop - Chrome] 🔌 [Browser Interceptor] Intercepting and optimizing engine: CHROMIUM
[ptr-main][Desktop - Chrome] ◇ injected env (0) from .env // tip: ⌘ suppress logs { quiet: true }
[ptr-main][Desktop - Chrome] ◇ injected env (0) from .env // tip: ⌘ custom filepath { path: '/custom/path/.env' }
[ptr-main][Desktop - Chrome] ◇ injected env (0) from .env // tip: ◈ encrypted .env [www.dotenvx.com]
[ptr-main][Desktop - Chrome] ◇ injected env (0) from .env // tip: ⌁ auth for agents [www.vestauth.com]
[fresh-start-initiative-x-main][Desktop - Chrome] 📋 Trace report successfully saved: traces/fresh-start-initiative-x-main_desktop.zip
✅ [5/6/2026, 11:06:11 am] COMPLETED: fresh-start-initiative-x-main [Desktop - Chrome][CHROMIUM]

================================================================
🚀 [5/6/2026, 11:06:11 am] RUNNING: FTH-quesstionnarie [DESKTOP - CHROME]
🔗 Target URL: https://fthmlf-trk.com/?a=659&oc=786&c=2385&s1=
================================================================
[fth-questionnaire][Desktop - Chrome] 🔌 [Browser Interceptor] Intercepting and optimizing engine: CHROMIUM
[fth-questionnaire][Desktop - Chrome] ◇ injected env (0) from .env // tip: ⌘ multiple files { path: ['.env.local', '.env'] }
[fth-questionnaire][Desktop - Chrome] ◇ injected env (0) from .env // tip: ◈ encrypted .env [www.dotenvx.com]
[fth-questionnaire][Desktop - Chrome] ◇ injected env (0) from .env // tip: ◈ encrypted .env [www.dotenvx.com]
[fth-questionnaire][Desktop - Chrome] ◇ injected env (0) from .env // tip: ⌘ custom filepath { path: '/custom/path/.env' }
[aftr-main][Desktop - Chrome] 📡 Raw XML Response: {
  "lead_info_response": {
    "$": {
      "xmlns:xsd": "http://www.w3.org/2001/XMLSchema",
      "xmlns:xsi": "http://www.w3.org/2001/XMLSchema-instance",
      "xmlns": "http://cakemarketing.com/api/1/"
    },
    "success": "false",
    "message": "Lead/Vertical Not Found",
    "row_count": "0"
  }
}
[aftr-main][Desktop - Chrome] [STDERR] ⚠️  Attempt 3: First API returned empty lead data or success=false
[aftr-main][Desktop - Chrome] ⏳ Retrying in 1.5 seconds...
[ptr-main][Desktop - Chrome] ◇ injected env (0) from .env // tip: ⌘ suppress logs { quiet: true }
[ptr-main][Desktop - Chrome] ◇ injected env (0) from .env // tip: ⌁ auth for agents [www.vestauth.com]
[ptr-main][Desktop - Chrome] 
🤖 ================================================================
[ptr-main][Desktop - Chrome] 🤖 MASTER RUNNER: LAUNCHING PREMIER TAX RELIEF (PTR)
[ptr-main][Desktop - Chrome] 🤖 Mode:            DESKTOP
[ptr-main][Desktop - Chrome] 🤖 Tracking URL:     https://flmtra.com/?a=659&oc=763&c=2225&s1=
[ptr-main][Desktop - Chrome] 🤖 Target Sheet:    Premier Tax Relief (PTR)
🤖 ================================================================
[ptr-main][Desktop - Chrome] 🔌 [Browser Interceptor] Intercepting and optimizing engine: CHROMIUM
[ptr-main][Desktop - Chrome] 🔌 [Browser Interceptor] Speed Optimization: Capping slowMo from 2000ms to 100ms
[ptr-main][Desktop - Chrome] 💻 Emulated Device Profile: DESKTOP - [Desktop - Chrome]
[ptr-main][Desktop - Chrome] 🔄 Processing lead for brand: Premier Tax Relief (PTR)
[ptr-main][Desktop - Chrome] 📊 Campaign execution run index: 4
📅 [Forced Override] Friday, June 5th forced to Week 1 Monday range: 0 - 7,500
📅 [Rotational Logic] Week 1 Day 5. Target Range: 1000-7500 (Max allowed by URL: 40000)
[ptr-main][Desktop - Chrome] 🔗 Navigating to: https://flmtra.com/?a=659&oc=763&c=2225&s1=
[fth-questionnaire][Desktop - Chrome] ◇ injected env (0) from .env // tip: ◈ encrypted .env [www.dotenvx.com]
[fth-questionnaire][Desktop - Chrome] ◇ injected env (0) from .env // tip: ◈ secrets for agents [www.dotenvx.com]
[fth-questionnaire][Desktop - Chrome] 
🤖 ================================================================
[fth-questionnaire][Desktop - Chrome] 🤖 MASTER RUNNER: LAUNCHING FTH-QUESSTIONNARIE
🤖 Mode:            DESKTOP
[fth-questionnaire][Desktop - Chrome] 🤖 Tracking URL:     https://fthmlf-trk.com/?a=659&oc=786&c=2385&s1=
[fth-questionnaire][Desktop - Chrome] 🤖 Target Sheet:    FTH-quesstionnarie
🤖 ================================================================
[fth-questionnaire][Desktop - Chrome] 🔌 [Browser Interceptor] Intercepting and optimizing engine: CHROMIUM
[fth-questionnaire][Desktop - Chrome] 🔌 [Browser Interceptor] Speed Optimization: Capping slowMo from 2000ms to 100ms
[fth-questionnaire][Desktop - Chrome] 💻 Emulated Device Profile: DESKTOP - [Desktop - Chrome]
[aftr-main][Desktop - Chrome] 📡 Raw XML Response: {
  "lead_info_response": {
    "$": {
      "xmlns:xsd": "http://www.w3.org/2001/XMLSchema",
      "xmlns:xsi": "http://www.w3.org/2001/XMLSchema-instance",
      "xmlns": "http://cakemarketing.com/api/1/"
    },
    "success": "false",
    "message": "Lead/Vertical Not Found",
    "row_count": "0"
  }
}
[aftr-main][Desktop - Chrome] [STDERR] ⚠️  Attempt 4: First API returned empty lead data or success=false
[aftr-main][Desktop - Chrome] ⏳ Retrying in 1.5 seconds...
[fth-questionnaire][Desktop - Chrome] 🔄 Processing lead for brand: FTH-quesstionnarie
[fth-questionnaire][Desktop - Chrome] 📊 Campaign execution run index: 22
[fth-questionnaire][Desktop - Chrome] 📅 [Forced Override] Friday, June 5th forced to Week 1 Monday range: 0 - 7,500
[fth-questionnaire][Desktop - Chrome] 📅 [Rotational Logic] Week 1 Day 5. Target Range: 1000-7500 (Max allowed by URL: 50000)
[fth-questionnaire][Desktop - Chrome] 🔗 Navigating to: https://fthmlf-trk.com/?a=659&oc=786&c=2385&s1=
[aftr-main][Desktop - Chrome] 📡 Raw XML Response: {
  "lead_info_response": {
    "$": {
      "xmlns:xsd": "http://www.w3.org/2001/XMLSchema",
      "xmlns:xsi": "http://www.w3.org/2001/XMLSchema-instance",
      "xmlns": "http://cakemarketing.com/api/1/"
    },
    "success": "false",
    "message": "Lead/Vertical Not Found",
    "row_count": "0"
  }
}
[aftr-main][Desktop - Chrome] [STDERR] ⚠️  Attempt 5: First API returned empty lead data or success=false
[aftr-main][Desktop - Chrome] ⏳ Retrying in 1.5 seconds...
[aftr-main][Desktop - Chrome] 📡 Raw XML Response: {
  "lead_info_response": {
    "$": {
      "xmlns:xsd": "http://www.w3.org/2001/XMLSchema",
      "xmlns:xsi": "http://www.w3.org/2001/XMLSchema-instance",
      "xmlns": "http://cakemarketing.com/api/1/"
    },
    "success": "false",
    "message": "Lead/Vertical Not Found",
    "row_count": "0"
  }
}
[aftr-main][Desktop - Chrome] [STDERR] ⚠️  Attempt 6: First API returned empty lead data or success=false
[aftr-main][Desktop - Chrome] 📡 Fetching Second API data for Lead ID: 5b37de34590ff08a67e782a2e5f85096...
[aftr-main][Desktop - Chrome] 📡 Standard Second API Payload: cake_id=5b37de34590ff08a67e782a2e5f85096, domain_name=https://www.americafreshtaxrelief.com
[aftr-main][Desktop - Chrome] [STDERR] (node:6660) Warning: Setting the NODE_TLS_REJECT_UNAUTHORIZED environment variable to '0' makes TLS connections and HTTPS requests insecure by disabling certificate verification.
(Use `node --trace-warnings ...` to show where the warning was created)
[aftr-main][Desktop - Chrome] [STDERR] ⚠️  Attempt 1: Second API returned no DBID. Response: {"status":false,"message":"Domain not found in configuration: americafreshtaxrelief.com"}
[aftr-main][Desktop - Chrome] ⏳ Retrying in 1 second to allow database synchronization...
[fth-questionnaire][Desktop - Chrome] ✅ Page loaded successfully
[fth-questionnaire][Desktop - Chrome] 📝 Starting multi-step form filling process...
[fth-questionnaire][Desktop - Chrome] 🔘 Step 1: Handling Debt Amount (2,000)
[aftr-main][Desktop - Chrome] 📡 Standard Second API Payload: cake_id=5b37de34590ff08a67e782a2e5f85096, domain_name=https://www.americafreshtaxrelief.com
[fth-questionnaire][Desktop - Chrome] 🔍 [Smart Choice Scanner] Scanning for options matching daily range: 1000 - 7500
[fth-questionnaire][Desktop - Chrome] ✅ Selected debt amount via regex fallback
[aftr-main][Desktop - Chrome] [STDERR] ⚠️  Attempt 2: Second API returned no DBID. Response: {"status":false,"message":"Domain not found in configuration: americafreshtaxrelief.com"}
[aftr-main][Desktop - Chrome] ⏳ Retrying in 1 second to allow database synchronization...
[fth-questionnaire][Desktop - Chrome] 🔘 Clicking generic NEXT button
[fth-questionnaire][Desktop - Chrome] ✅ Clicked generic NEXT button
[aftr-main][Desktop - Chrome] 📡 Standard Second API Payload: cake_id=5b37de34590ff08a67e782a2e5f85096, domain_name=https://www.americafreshtaxrelief.com
[ptr-main][Desktop - Chrome] ✅ Page loaded successfully
[ptr-main][Desktop - Chrome] 📝 Starting multi-step form filling process...
[ptr-main][Desktop - Chrome] 🔘 Step 1: Handling Debt Amount (5,000)
[aftr-main][Desktop - Chrome] [STDERR] ⚠️  Attempt 3: Second API returned no DBID. Response: {"status":false,"message":"Domain not found in configuration: americafreshtaxrelief.com"}
[aftr-main][Desktop - Chrome] ⏳ Retrying in 1 second to allow database synchronization...
[ptr-main][Desktop - Chrome] 🔘 Found jQuery UI Slider #slider. Setting value via jQuery and DOM evaluation...
[ptr-main][Desktop - Chrome] ✅ Set jQuery UI Slider #slider to 5,000
[fth-questionnaire][Desktop - Chrome] 🔘 [Rotation] Selecting Option 7: "Lien"
[fth-questionnaire][Desktop - Chrome] ⏳ Waiting 2 seconds after choice selection...
[aftr-main][Desktop - Chrome] 📡 Standard Second API Payload: cake_id=5b37de34590ff08a67e782a2e5f85096, domain_name=https://www.americafreshtaxrelief.com
[ptr-main][Desktop - Chrome] 🔘 Attempting to click .next-btn1, .btn-next
[aftr-main][Desktop - Chrome] [STDERR] ⚠️  Attempt 4: Second API returned no DBID. Response: {"status":false,"message":"Domain not found in configuration: americafreshtaxrelief.com"}
[aftr-main][Desktop - Chrome] ⏳ Retrying in 1 second to allow database synchronization...
[ptr-main][Desktop - Chrome] ✅ Clicked .next-btn1, .btn-next
[aftr-main][Desktop - Chrome] 📡 Standard Second API Payload: cake_id=5b37de34590ff08a67e782a2e5f85096, domain_name=https://www.americafreshtaxrelief.com
[aftr-main][Desktop - Chrome] [STDERR] ⚠️  Attempt 5: Second API returned no DBID. Response: {"status":false,"message":"Domain not found in configuration: americafreshtaxrelief.com"}
[aftr-main][Desktop - Chrome] 📡 [Rest-Assurance] Verifying Lead ID: 5b37de34590ff08a67e782a2e5f85096 via Backend...
[fth-questionnaire][Desktop - Chrome] 🔘 Choice is still visible (no auto-advance). Clicking NEXT button...
[fth-questionnaire][Desktop - Chrome] ✅ Clicked NEXT button after selecting checkbox/radio.
[aftr-main][Desktop - Chrome] [STDERR] 🛡️  [Rest-Assurance] VERIFICATION_FAILED: Lead not found in Backend
[ptr-main][Desktop - Chrome] ✅ Reached a recognized terminal step (State or Contact). Stopping dynamic traversal.
[ptr-main][Desktop - Chrome] 🔘 Step: Selecting State
[ptr-main][Desktop - Chrome] ✅ Selected state dynamically: "California"
📝 step3 column set to State: "California"
[ptr-main][Desktop - Chrome] 🔘 Clicking generic NEXT button
[ptr-main][Desktop - Chrome] ✅ Clicked generic NEXT button
[aftr-main][Desktop - Chrome] ✅ Row appended successfully to sheet: America's First Tax Relief (AFTR)
[aftr-main][Desktop - Chrome] ✨ Fast formatting applied to newly appended row 5 of America's First Tax Relief (AFTR)
[aftr-main][Desktop - Chrome] 🤖 [AI Agent Audit] Status: FAIL
🤖 [AI Agent Audit] Details: MISMATCH DETECTED: UI 6,000 Expected 5,000 but API got undefined
[aftr-main][Desktop - Chrome] [STDERR] 🚨 [AI Agent] Data mismatch detected for America's First Tax Relief (AFTR). Please review Google Sheet.
[aftr-main][Desktop - Chrome] [STDERR] ❌ Failed processing America's First Tax Relief (AFTR): Invalid Lead ID format: 5b37de34590ff08a67e782a2e5f85096
[aftr-main][Desktop - Chrome] 
✅ Execution successfully processed! {
  success: false,
  error: 'Invalid Lead ID format: 5b37de34590ff08a67e782a2e5f85096',
  brand: "America's First Tax Relief (AFTR)"
}
[fth-questionnaire][Desktop - Chrome] 🔘 [Rotation] Selecting Option 2: "No"
[fth-questionnaire][Desktop - Chrome] ⏳ Waiting 2 seconds after choice selection...
[ptr-main][Desktop - Chrome] 🔘 Filling Contact Info (Dynamic Loop)...
[aftr-main][Desktop - Chrome] 📋 Trace report successfully saved: traces/aftr-main_desktop.zip
[ptr-main][Desktop - Chrome] ✅ Filled First Name: ckmtestpixel
[fth-questionnaire][Desktop - Chrome] ✅ Page auto-advanced after option selection.
[ptr-main][Desktop - Chrome] ✅ Filled Last Name: ckmtestpixel
[fth-questionnaire][Desktop - Chrome] 🔘 [Rotation] Selecting Option 5: "$20,000 - $50,000"
[fth-questionnaire][Desktop - Chrome] ⏳ Waiting 2 seconds after choice selection...
[ptr-main][Desktop - Chrome] ✅ Filled Email: ckmtestpixel@gmail.com
[ptr-main][Desktop - Chrome] ✅ Filled Phone: 401-247-1004
[ptr-main][Desktop - Chrome] 🔘 Clicking active contact NEXT/SUBMIT button...
[fth-questionnaire][Desktop - Chrome] ✅ Page auto-advanced after option selection.
[fth-questionnaire][Desktop - Chrome] 🔘 [Rotation] Selecting Option 3: "Didn’t pay enough estimated taxes"
[fth-questionnaire][Desktop - Chrome] ⏳ Waiting 2 seconds after choice selection...
[fth-questionnaire][Desktop - Chrome] 🔘 Choice is still visible (no auto-advance). Clicking NEXT button...
✅ [5/6/2026, 11:06:33 am] COMPLETED: aftr-main [Desktop - Chrome][CHROMIUM]
[fth-questionnaire][Desktop - Chrome] ✅ Clicked NEXT button after selecting checkbox/radio.
[fth-questionnaire][Desktop - Chrome] 🔘 [Rotation] Selecting Option 3: "Yes: 3-4"
[fth-questionnaire][Desktop - Chrome] ⏳ Waiting 2 seconds after choice selection...
[fth-questionnaire][Desktop - Chrome] ✅ Page auto-advanced after option selection.
[fth-questionnaire][Desktop - Chrome] 🔘 [Rotation] Selecting Option 1: "Yes"
[fth-questionnaire][Desktop - Chrome] ⏳ Waiting 2 seconds after choice selection...
[ptr-main][Desktop - Chrome] ✅ Filled Phone: 401-247-1004
[ptr-main][Desktop - Chrome] 🔘 No active contact NEXT/SUBMIT button visible. Exiting loop.
✅ Thank you page detected before Step 6. Exiting form filling.
[ptr-main][Desktop - Chrome] 🔘 Submitting form
[ptr-main][Desktop - Chrome] ✅ Form already submitted. Bypassing submitForm logic.
[ptr-main][Desktop - Chrome] ⏳ Waiting for final redirect to Thank You page...
[ptr-main][Desktop - Chrome] ✅ Targeted final redirect URL achieved!
[ptr-main][Desktop - Chrome] ✅ Final Thank You URL: https://tra.com/thank-you?debt=5000&leadid=44F26F05&reqid=26865778&affid=659&oid=136
📋 [Pre-Fix] Thank-you URL before debt correction: https://tra.com/thank-you?debt=5000&leadid=44F26F05&reqid=26865778&affid=659&oid=136
[ptr-main][Desktop - Chrome] 💾 [Debt Debug] formPage.selectedSliderAmount = "5,000"
💾 [Debt Debug] selectedDebtNum (mapped value) = "5000"
[ptr-main][Desktop - Chrome] 🔧 [Debt Fix] Current debt in URL: 5000, Should be: 5000
✅ [Debt Fix] Debt parameter already correct
[ptr-main][Desktop - Chrome] 📋 [Diagnostic] Full Thank You URL Parameters: {"debt":"5000","leadid":"44F26F05","reqid":"26865778","affid":"659","oid":"136"}
[ptr-main][Desktop - Chrome] ✅ Extracted Lead ID: 44F26F05
[ptr-main][Desktop - Chrome] 📱 Device Type detected: Desktop - Chrome
✅ Lead captured: 44F26F05
[ptr-main][Desktop - Chrome] 📡 Fetching First API data for Lead ID: 44F26F05...
[fth-questionnaire][Desktop - Chrome] ✅ Page auto-advanced after option selection.
[fth-questionnaire][Desktop - Chrome] 🔘 [Rotation] Selecting Option 3: "Both Federal and State Tax Debt"
[fth-questionnaire][Desktop - Chrome] ⏳ Waiting 2 seconds after choice selection...
[ptr-main][Desktop - Chrome] 📡 Raw XML Response: {
  "lead_info_response": {
    "$": {
      "xmlns:xsd": "http://www.w3.org/2001/XMLSchema",
      "xmlns:xsi": "http://www.w3.org/2001/XMLSchema-instance",
      "xmlns": "http://cakemarketing.com/api/1/"
    },
    "success": "true",
    "row_count": "1",
    "lead_id": "44F26F05",
    "personal_info": {
      "first_name": "CKMTESTPIXEL",
      "last_name": "CKMTESTPIXEL",
      "email_address": "ckmtestpixel@gmail.com",
      "address": {
        "street": "",
        "city": "",
        "state": "CA",
        "zip_code": "90637",
        "country": ""
      },
      "ip_address": "27.54.170.27",
      "phone_work": "",
      "phone_home": "401-247-1004",
      "phone_cell": "",
      "best_call_time": "",
      "opt_in": "false"
    },
    "traffic_info": {
      "lead_date": "2026-06-04T22:36:31.113",
      "payout": {
        "currency_id": "1",
        "amount": "0.0000",
        "formatted_amount": "$0.00"
      },
      "affiliate": {
        "affiliate_id": {
          "_": "659",
          "$": {
            "xmlns": "API:id_name_store"
          }
        },
        "affiliate_name": {
          "_": "QA affiliate",
          "$": {
            "xmlns": "API:id_name_store"
          }
        }
      },
      "campaign": {
        "campaign_id": {
          "_": "4079",
          "$": {
            "xmlns": "API:id_name_store"
          }
        },
        "campaign_name": {
          "_": "TRA.com CPM  - CPM - CPA - $1.00",
          "$": {
            "xmlns": "API:id_name_store"
          }
        }
      },
      "creative_id": "2225",
      "subid_1": "",
      "subid_2": "",
      "subid_3": "",
      "subid_4": "",
      "subid_5": "",
      "referrer": "",
      "pixel_fired": "true",
      "returned_to_affiliate": "false",
      "test": "true",
      "upsell": "false"
    },
    "all_vertical_data": {
      "data": {
        "$": {
          "xmlns": ""
        },
        "tax_debt": "5000",
        "universal_leadid": "E033C4AE-9D55-8DEB-FF2C-0DBE5B543AFA",
        "affid": "659",
        "TCPA_checkbox": "1",
        "reqid": "26865778",
        "page": "https://tra.com/cpm2",
        "neustar": "under",
        "first_name_lower": "ckmtestpixel",
        "last_name_lower": "ckmtestpixel",
        "opt_special_offers": "on",
        "ckm_campaign_id": "4438"
      }
    },
    "dispositions": {
      "disposition": {
        "disposition_type": "Not Paid For",
        "reason": "Unmatched Filter",
        "filter": "Min Tax Debt"
      }
    },
    "pings": "",
    "posts": "",
    "sales": ""
  }
}
[ptr-main][Desktop - Chrome] ✅ First API Data retrieved on attempt 1
[ptr-main][Desktop - Chrome] 📡 Fetching Second API data for Lead ID: 44F26F05...
[ptr-main][Desktop - Chrome] 📡 Standard Second API Payload: cake_id=44F26F05, domain_name=https://www.premiertaxrelief.com
[ptr-main][Desktop - Chrome] [STDERR] (node:13868) Warning: Setting the NODE_TLS_REJECT_UNAUTHORIZED environment variable to '0' makes TLS connections and HTTPS requests insecure by disabling certificate verification.
(Use `node --trace-warnings ...` to show where the warning was created)
[ptr-main][Desktop - Chrome] [STDERR] ⚠️  Attempt 1: Second API returned no DBID. Response: {"status":false,"message":"Domain not found in configuration: premiertaxrelief.com"}
[ptr-main][Desktop - Chrome] ⏳ Retrying in 1 second to allow database synchronization...
[fth-questionnaire][Desktop - Chrome] ✅ Page auto-advanced after option selection.
[fth-questionnaire][Desktop - Chrome] 🔘 [Rotation] Selecting Option 3: "W2 & 1099"
[fth-questionnaire][Desktop - Chrome] ⏳ Waiting 2 seconds after choice selection...
[ptr-main][Desktop - Chrome] 📡 Standard Second API Payload: cake_id=44F26F05, domain_name=https://www.premiertaxrelief.com
[ptr-main][Desktop - Chrome] [STDERR] ⚠️  Attempt 2: Second API returned no DBID. Response: {"status":false,"message":"Domain not found in configuration: premiertaxrelief.com"}
[ptr-main][Desktop - Chrome] ⏳ Retrying in 1 second to allow database synchronization...
[ptr-main][Desktop - Chrome] 📡 Standard Second API Payload: cake_id=44F26F05, domain_name=https://www.premiertaxrelief.com
[ptr-main][Desktop - Chrome] [STDERR] ⚠️  Attempt 3: Second API returned no DBID. Response: {"status":false,"message":"Domain not found in configuration: premiertaxrelief.com"}
[ptr-main][Desktop - Chrome] ⏳ Retrying in 1 second to allow database synchronization...
[fth-questionnaire][Desktop - Chrome] ✅ Page auto-advanced after option selection.
[fth-questionnaire][Desktop - Chrome] 🔘 [Rotation] Selecting Option 2: "$4,000 - $6,000"
[fth-questionnaire][Desktop - Chrome] ⏳ Waiting 2 seconds after choice selection...
[ptr-main][Desktop - Chrome] 📡 Standard Second API Payload: cake_id=44F26F05, domain_name=https://www.premiertaxrelief.com
[ptr-main][Desktop - Chrome] [STDERR] ⚠️  Attempt 4: Second API returned no DBID. Response: {"status":false,"message":"Domain not found in configuration: premiertaxrelief.com"}
[ptr-main][Desktop - Chrome] ⏳ Retrying in 1 second to allow database synchronization...
[ptr-main][Desktop - Chrome] 📡 Standard Second API Payload: cake_id=44F26F05, domain_name=https://www.premiertaxrelief.com
[fth-questionnaire][Desktop - Chrome] ✅ Page auto-advanced after option selection.
[fth-questionnaire][Desktop - Chrome] ✅ Reached a recognized terminal step (State or Contact). Stopping dynamic traversal.
[fth-questionnaire][Desktop - Chrome] 🔘 Step: Selecting State
[fth-questionnaire][Desktop - Chrome] ✅ Selected state dynamically: "Minnesota"
[ptr-main][Desktop - Chrome] [STDERR] ⚠️  Attempt 5: Second API returned no DBID. Response: {"status":false,"message":"Domain not found in configuration: premiertaxrelief.com"}
[ptr-main][Desktop - Chrome] 📡 [Rest-Assurance] Verifying Lead ID: 44F26F05 via Backend...
[fth-questionnaire][Desktop - Chrome] 🔘 Clicking generic NEXT button
[fth-questionnaire][Desktop - Chrome] ✅ Clicked generic NEXT button
[ptr-main][Desktop - Chrome] 🛡️  [Rest-Assurance] VERIFIED (Backend Debt: 5000)
[fth-questionnaire][Desktop - Chrome] 🔘 Advancing past post-state step...
[ptr-main][Desktop - Chrome] ✅ Row appended successfully to sheet: Premier Tax Relief (PTR)
[fth-questionnaire][Desktop - Chrome] 🔘 Filling Contact Info (Dynamic Loop)...
[ptr-main][Desktop - Chrome] ✨ Fast formatting applied to newly appended row 6 of Premier Tax Relief (PTR)
[ptr-main][Desktop - Chrome] 🤖 [AI Agent Audit] Status: PASS
🤖 [AI Agent Audit] Details: Mapping verified: UI 5,000 -> Cake 5,000
[ptr-main][Desktop - Chrome] ✅ Lead processed successfully for Premier Tax Relief (PTR)
[fth-questionnaire][Desktop - Chrome] ✅ Filled First Name: ckmtestpixel
[fth-questionnaire][Desktop - Chrome] ✅ Filled Last Name: ckmtestpixel
[fth-questionnaire][Desktop - Chrome] 🔘 Clicking active contact NEXT/SUBMIT button...
[ptr-main][Desktop - Chrome] 🎥 Video saved successfully: traces/videos/Premier Tax Relief (PTR)_Premier_Tax_Relief_(PTR).webm
[ptr-main][Desktop - Chrome] 
✅ Execution successfully processed! {
  success: true,
  leadId: '44F26F05',
  brand: 'Premier Tax Relief (PTR)'
}
[ptr-main][Desktop - Chrome] 📋 Trace report successfully saved: traces/ptr-main_desktop.zip
[fth-questionnaire][Desktop - Chrome] ✅ Filled Email: ckmtestpixel@gmail.com
[fth-questionnaire][Desktop - Chrome] 🔘 Clicking active contact NEXT/SUBMIT button...
✅ [5/6/2026, 11:06:50 am] COMPLETED: ptr-main [Desktop - Chrome][CHROMIUM]
[fth-questionnaire][Desktop - Chrome] ✅ Filled Phone: 401-247-1022
[fth-questionnaire][Desktop - Chrome] 🔘 Clicking active contact NEXT/SUBMIT button...
[fth-questionnaire][Desktop - Chrome] ✅ Thank you page or lead id detected in URL during contact loop. Exiting contact loop.
✅ Thank you page detected before Step 6. Exiting form filling.
[fth-questionnaire][Desktop - Chrome] 🔘 Submitting form
✅ Form already submitted. Bypassing submitForm logic.
[fth-questionnaire][Desktop - Chrome] ⏳ Waiting for final redirect to Thank You page...
[ftd-x][Desktop - Chrome] [STDERR] ⚠️  Attempt 5: Second API returned no DBID. Response: {"status":false,"message":"Connection exception: Connection timed out"}
[ftd-x][Desktop - Chrome] 📡 [Rest-Assurance] Verifying Lead ID: 2AC8E832 via Backend...
[fth-questionnaire][Desktop - Chrome] ✅ Targeted final redirect URL achieved!
[fth-questionnaire][Desktop - Chrome] ✅ Final Thank You URL: https://www.fresh-tax-help.com/quest-thank-you/?debt=20000&reqid=26865779&leadid=6CFF5186&affid=659&subid=#s1#
[fth-questionnaire][Desktop - Chrome] 📋 [Pre-Fix] Thank-you URL before debt correction: https://www.fresh-tax-help.com/quest-thank-you/?debt=20000&reqid=26865779&leadid=6CFF5186&affid=659&subid=#s1#
[fth-questionnaire][Desktop - Chrome] 💾 [Debt Debug] formPage.selectedSliderAmount = "2,000"
[fth-questionnaire][Desktop - Chrome] 💾 [Debt Debug] selectedDebtNum (mapped value) = "2000"
[fth-questionnaire][Desktop - Chrome] 🔧 [Debt Fix] Current debt in URL: 20000, Should be: 2000
[fth-questionnaire][Desktop - Chrome] 🔧 [Debt Fix] Correcting debt parameter: 20000 → 2000
[fth-questionnaire][Desktop - Chrome] ✅ [Debt Fix] Updated thank-you URL: https://www.fresh-tax-help.com/quest-thank-you/?debt=2000&reqid=26865779&leadid=6CFF5186&affid=659&subid=#s1#
[fth-questionnaire][Desktop - Chrome] 📋 [Diagnostic] Full Thank You URL Parameters: {"debt":"2000","reqid":"26865779","leadid":"6CFF5186","affid":"659","subid":""}
[fth-questionnaire][Desktop - Chrome] ✅ Extracted Lead ID: 6CFF5186
📱 Device Type detected: Desktop - Chrome
[fth-questionnaire][Desktop - Chrome] ✅ Lead captured: 6CFF5186
[fth-questionnaire][Desktop - Chrome] 📡 Fetching First API data for Lead ID: 6CFF5186...
[ftd-x][Desktop - Chrome] 🛡️  [Rest-Assurance] VERIFIED (Backend Debt: 1000)
[ftd-x][Desktop - Chrome] ✅ Row appended successfully to sheet: FTD-X
[ftd-x][Desktop - Chrome] ✨ Fast formatting applied to newly appended row 299 of FTD-X
[ftd-x][Desktop - Chrome] 🤖 [AI Agent Audit] Status: FAIL
[ftd-x][Desktop - Chrome] [STDERR] 🚨 [AI Agent] Data mismatch detected for FTD-X. Please review Google Sheet.
[ftd-x][Desktop - Chrome] 🤖 [AI Agent Audit] Details: MISMATCH DETECTED: UI 1,000 Expected 5,000 but API got 1000
✅ Lead processed successfully for FTD-X
[fth-questionnaire][Desktop - Chrome] 📡 Raw XML Response: {
  "lead_info_response": {
    "$": {
      "xmlns:xsd": "http://www.w3.org/2001/XMLSchema",
      "xmlns:xsi": "http://www.w3.org/2001/XMLSchema-instance",
      "xmlns": "http://cakemarketing.com/api/1/"
    },
    "success": "true",
    "row_count": "1",
    "lead_id": "6CFF5186",
    "personal_info": {
      "first_name": "CKMTESTPIXEL",
      "last_name": "CKMTESTPIXEL",
      "email_address": "ckmtestpixel@gmail.com",
      "address": {
        "street": "",
        "city": "",
        "state": "MN",
        "zip_code": "",
        "country": ""
      },
      "ip_address": "27.54.170.27",
      "phone_work": "",
      "phone_home": "401-247-1022",
      "phone_cell": "",
      "best_call_time": "",
      "opt_in": "false"
    },
    "traffic_info": {
      "lead_date": "2026-06-04T22:36:52.9",
      "payout": {
        "currency_id": "1",
        "amount": "0.0000",
        "formatted_amount": "$0.00"
      },
      "affiliate": {
        "affiliate_id": {
          "_": "659",
          "$": {
            "xmlns": "API:id_name_store"
          }
        },
        "affiliate_name": {
          "_": "QA affiliate",
          "$": {
            "xmlns": "API:id_name_store"
          }
        }
      },
      "campaign": {
        "campaign_id": {
          "_": "4148",
          "$": {
            "xmlns": "API:id_name_store"
          }
        },
        "campaign_name": {
          "_": "Fresh Tax Help (Questionnaire) - Main - CPA - $1.00",
          "$": {
            "xmlns": "API:id_name_store"
          }
        }
      },
      "creative_id": "2385",
      "subid_1": "",
      "subid_2": "",
      "subid_3": "",
      "subid_4": "",
      "subid_5": "",
      "referrer": "",
      "pixel_fired": "true",
      "returned_to_affiliate": "false",
      "test": "true",
      "upsell": "false"
    },
    "all_vertical_data": {
      "data": {
        "$": {
          "xmlns": ""
        },
        "tax_debt": "20000",
        "universal_leadid": "50D5AFF8-81C5-F901-B7C9-F9DA3774C6A2",
        "affid": "659",
        "TCPA_checkbox": "checked",
        "reqid": "26865779",
        "cr_price": "3",
        "page": "fresh-tax-help.com/questionnaire/index.php",
        "neustar": "fail",
        "neustar_disposition": "N,U,U,L,0",
        "nd_odlv": "26",
        "current_situation": "Lien",
        "first_name_lower": "ckmtestpixel",
        "last_name_lower": "ckmtestpixel",
        "income": "5000",
        "first_name_capital": "Ckmtestpixel",
        "last_name_capital": "Ckmtestpixel",
        "back_taxes_years": "3-4",
        "current_situation_reason": "Didn’t pay enough estimated taxes",
        "opt_special_offers": "checked",
        "debt_type": "Both",
        "nodl_flag": "pass",
        "employment": "W2 & 1099",
        "payment_plan": "Yes",
        "dont_know_if_i_owe": "No",
        "email_oversight": "Verified"
      }
    },
    "dispositions": {
      "disposition": [
        {
          "disposition_type": "Not Paid For",
          "reason": "Unmatched Filter",
          "filter": "Nuestar Fail"
        },
        {
          "disposition_type": "Sent to Review Queue",
          "reason": "neustar: This value is not valid",
          "filter": "Equals Value"
        }
      ]
    },
    "pings": "",
    "posts": "",
    "sales": ""
  }
}
✅ First API Data retrieved on attempt 1
[fth-questionnaire][Desktop - Chrome] 📡 Fetching Second API data for Lead ID: 6CFF5186...
[fth-questionnaire][Desktop - Chrome] 📡 Standard Second API Payload: cake_id=6CFF5186, domain_name=https://www.1800freshtax.com
[fth-questionnaire][Desktop - Chrome] [STDERR] (node:21892) Warning: Setting the NODE_TLS_REJECT_UNAUTHORIZED environment variable to '0' makes TLS connections and HTTPS requests insecure by disabling certificate verification.
(Use `node --trace-warnings ...` to show where the warning was created)
[fth-questionnaire][Desktop - Chrome] [STDERR] ⚠️  Attempt 1: Second API returned no DBID. Response: {"status":false,"message":"No record found for cake_id: 6CFF5186"}
[fth-questionnaire][Desktop - Chrome] ⏳ Retrying in 1 second to allow database synchronization...
[fth-questionnaire][Desktop - Chrome] 📡 Standard Second API Payload: cake_id=6CFF5186, domain_name=https://www.1800freshtax.com
[fth-questionnaire][Desktop - Chrome] [STDERR] ⚠️  Attempt 2: Second API returned no DBID. Response: {"status":false,"message":"No record found for cake_id: 6CFF5186"}
[fth-questionnaire][Desktop - Chrome] ⏳ Retrying in 1 second to allow database synchronization...
[fth-questionnaire][Desktop - Chrome] 📡 Standard Second API Payload: cake_id=6CFF5186, domain_name=https://www.1800freshtax.com
[fth-questionnaire][Desktop - Chrome] [STDERR] ⚠️  Attempt 3: Second API returned no DBID. Response: {"status":false,"message":"No record found for cake_id: 6CFF5186"}
[fth-questionnaire][Desktop - Chrome] ⏳ Retrying in 1 second to allow database synchronization...
[fth-questionnaire][Desktop - Chrome] 📡 Standard Second API Payload: cake_id=6CFF5186, domain_name=https://www.1800freshtax.com
[fth-questionnaire][Desktop - Chrome] [STDERR] ⚠️  Attempt 4: Second API returned no DBID. Response: {"status":false,"message":"No record found for cake_id: 6CFF5186"}
[fth-questionnaire][Desktop - Chrome] ⏳ Retrying in 1 second to allow database synchronization...
[fth-questionnaire][Desktop - Chrome] 📡 Standard Second API Payload: cake_id=6CFF5186, domain_name=https://www.1800freshtax.com
[fth-questionnaire][Desktop - Chrome] [STDERR] ⚠️  Attempt 5: Second API returned no DBID. Response: {"status":false,"message":"No record found for cake_id: 6CFF5186"}
[fth-questionnaire][Desktop - Chrome] 📡 [Rest-Assurance] Verifying Lead ID: 6CFF5186 via Backend...
[fth-questionnaire][Desktop - Chrome] 🛡️  [Rest-Assurance] VERIFIED (Backend Debt: 20000)
[fth-questionnaire][Desktop - Chrome] ✅ Row appended successfully to sheet: FTH-quesstionnarie
[fth-questionnaire][Desktop - Chrome] ✨ Fast formatting applied to newly appended row 7 of FTH-quesstionnarie
[fth-questionnaire][Desktop - Chrome] 🤖 [AI Agent Audit] Status: FAIL
🤖 [AI Agent Audit] Details: MISMATCH DETECTED: UI 2,000 Expected 5,000 but API got 20000
[fth-questionnaire][Desktop - Chrome] [STDERR] 🚨 [AI Agent] Data mismatch detected for FTH-quesstionnarie. Please review Google Sheet.
[fth-questionnaire][Desktop - Chrome] ✅ Lead processed successfully for FTH-quesstionnarie
[fth-questionnaire][Desktop - Chrome] 🎥 Video saved successfully: traces/videos/FTH-quesstionnarie_FTH-quesstionnarie.webm
[fth-questionnaire][Desktop - Chrome] 
✅ Execution successfully processed! { success: true, leadId: '6CFF5186', brand: 'FTH-quesstionnarie' }
[fth-questionnaire][Desktop - Chrome] 📋 Trace report successfully saved: traces/fth-questionnaire_desktop.zip
✅ [5/6/2026, 11:07:10 am] COMPLETED: fth-questionnaire [Desktop - Chrome][CHROMIUM]
[ftd-x][Desktop - Chrome] 🎥 Video saved successfully: traces/videos/FTD-X_FTD-X.webm
[ftd-x][Desktop - Chrome] 
✅ Execution successfully processed! { success: true, leadId: '2AC8E832', brand: 'FTD-X' }
[ftd-x][Desktop - Chrome] 📋 Trace report successfully saved: traces/ftd-x_desktop.zip
✅ [5/6/2026, 11:07:16 am] COMPLETED: ftd-x [Desktop - Chrome][CHROMIUM]

📊 ================================================================
📊 BATCH COMPLETED IN 7.26 MINUTES
📊 Total Runners Executed: 24
📊 Succeeded:              23
📊 Failed:                 1
📊 ================================================================
🕕 [Scheduler] Dispatching Batch Intelligence Report...
===================================================== 
SCHEDULER FINISHED AT: 05-06-2026 11:07:17.65 
===================================================== 
