===================================================== 
SCHEDULER STARTED AT: 14-05-2026 19:02:43.81 
===================================================== 
Cleaning up existing browser processes... 
Running Playwright batch scheduler... 
◇ injected env (17) from .env // tip: ⌘ override existing { override: true }
◇ injected env (0) from .env // tip: ◈ encrypted .env [www.dotenvx.com]

🤖 ================================================================
🤖 STARTING LEADS AUTOMATION BATCH RUN [14/5/2026, 9:00:11 pm]
🤖 Interval configured: every 2 hours
🤖 ================================================================

🤖 [FLM Agent] Starting Global URL Health Verification...
🤖 [FLM Agent] Pre-flight check: Verifying health for FTD-X...
🔴 [FLM Agent] FTD-X is DOWN: getaddrinfo ENOTFOUND mlfftd.com
🤖 [FLM Agent] Pre-flight check: Verifying health for FSI-PPC2...
🔴 [FLM Agent] FSI-PPC2 is DOWN: getaddrinfo ENOTFOUND fsimlf-trk.com
🤖 [FLM Agent] Pre-flight check: Verifying health for TRA-CPL...
🔴 [FLM Agent] TRA-CPL is DOWN: getaddrinfo ENOTFOUND flmtra.com
🤖 [FLM Agent] Pre-flight check: Verifying health for TRA-D3...
🔴 [FLM Agent] TRA-D3 is DOWN: getaddrinfo ENOTFOUND flmtra.com
🤖 [FLM Agent] Pre-flight check: Verifying health for PPC-ST...
🔴 [FLM Agent] PPC-ST is DOWN: getaddrinfo ENOTFOUND flmtra.com
🤖 [FLM Agent] Pre-flight check: Verifying health for PPC-ST2...
🔴 [FLM Agent] PPC-ST2 is DOWN: getaddrinfo ENOTFOUND flmtra.com
🤖 [FLM Agent] Pre-flight check: Verifying health for PPC-M-CA...
🔴 [FLM Agent] PPC-M-CA is DOWN: getaddrinfo ENOTFOUND flmtra.com
🤖 [FLM Agent] Pre-flight check: Verifying health for PPC CR...
🔴 [FLM Agent] PPC CR is DOWN: getaddrinfo ENOTFOUND flmtra.com
🤖 [FLM Agent] Pre-flight check: Verifying health for PPC FS...
🔴 [FLM Agent] PPC FS is DOWN: getaddrinfo ENOTFOUND flmtra.com
🤖 [FLM Agent] Pre-flight check: Verifying health for PPC...
🔴 [FLM Agent] PPC is DOWN: getaddrinfo ENOTFOUND flmtra.com
🤖 [FLM Agent] Pre-flight check: Verifying health for TRA-CPM...
🔴 [FLM Agent] TRA-CPM is DOWN: getaddrinfo ENOTFOUND flmtra.com
🤖 [FLM Agent] Pre-flight check: Verifying health for FTH-X...
🔴 [FLM Agent] FTH-X is DOWN: getaddrinfo ENOTFOUND fthmlf-trk.com
🤖 [FLM Agent] Pre-flight check: Verifying health for Everest Tax Releif(X)...
🔴 [FLM Agent] Everest Tax Releif(X) is DOWN: getaddrinfo ENOTFOUND mlf-trk.com
🤖 [FLM Agent] Pre-flight check: Verifying health for VTS Original...
🔴 [FLM Agent] VTS Original is DOWN: getaddrinfo ENOTFOUND mlfvts-trk.com
🤖 [FLM Agent] Pre-flight check: Verifying health for 1800 Fresh Tax (X) Main...
🔴 [FLM Agent] 1800 Fresh Tax (X) Main is DOWN: getaddrinfo ENOTFOUND flmtrk.com
🤖 [FLM Agent] Pre-flight check: Verifying health for FSI - MAIN...
🔴 [FLM Agent] FSI - MAIN is DOWN: getaddrinfo ENOTFOUND fsimlf-trk.com
🤖 [FLM Agent] Global Health Verification Complete.


================================================================
⚡ Processing Campaign Matrix: [FTD-X]
================================================================
⏭️  [SKIP] ftd-x [Android - Chrome] already completed.
⏭️  [SKIP] ftd-x [Android - Firefox] already completed.
⏭️  [SKIP] ftd-x [iOS - Chrome] already completed.
⏭️  [SKIP] ftd-x [iOS - Safari] already completed.
⏭️  [SKIP] ftd-x [Tablet - Safari] already completed.
⏭️  [SKIP] ftd-x [Tablet - Chrome] already completed.
⏭️  [SKIP] ftd-x [Windows - Chrome] already completed.
⏭️  [SKIP] ftd-x [Windows - Firefox] already completed.
⏭️  [SKIP] ftd-x [MAC - Safari] already completed.
⏭️  [SKIP] ftd-x [MAC - Chrome] already completed.

================================================================
⚡ Processing Campaign Matrix: [FSI-PPC2]
================================================================
⏭️  [SKIP] fsi-ppc2 [Android - Chrome] already completed.
⏭️  [SKIP] fsi-ppc2 [Android - Firefox] already completed.
⏭️  [SKIP] fsi-ppc2 [iOS - Chrome] already completed.
⏭️  [SKIP] fsi-ppc2 [iOS - Safari] already completed.
⏭️  [SKIP] fsi-ppc2 [Tablet - Safari] already completed.

================================================================
🚀 [14/5/2026, 9:00:11 pm] RUNNING: FSI-PPC2 [TABLET - CHROME]
🔗 Target URL: https://fsimlf-trk.com/?a=659&oc=750&c=143&s1=
================================================================
[fsi-ppc2][Tablet - Chrome] 🔌 [Browser Interceptor] Intercepting and optimizing engine: CHROMIUM
[fsi-ppc2][Tablet - Chrome] ◇ injected env (0) from .env // tip: ⌘ enable debugging { debug: true }
[fsi-ppc2][Tablet - Chrome] ◇ injected env (0) from .env // tip: ⌘ enable debugging { debug: true }
[fsi-ppc2][Tablet - Chrome] ◇ injected env (0) from .env // tip: ⌘ enable debugging { debug: true }
[fsi-ppc2][Tablet - Chrome] ◇ injected env (0) from .env // tip: ⌘ enable debugging { debug: true }
[fsi-ppc2][Tablet - Chrome] ◇ injected env (0) from .env // tip: ◈ encrypted .env [www.dotenvx.com]
[fsi-ppc2][Tablet - Chrome] 
🤖 ================================================================
[fsi-ppc2][Tablet - Chrome] 🤖 MASTER RUNNER: LAUNCHING FSI-PPC2
🤖 Mode:            TABLET
🤖 Tracking URL:     https://fsimlf-trk.com/?a=659&oc=750&c=143&s1=
🤖 Target Sheet:    FSI-PPC2
🤖 ================================================================
[fsi-ppc2][Tablet - Chrome] 🔌 [Browser Interceptor] Intercepting and optimizing engine: CHROMIUM
[fsi-ppc2][Tablet - Chrome] 📋 Emulated Device Profile: TABLET (iPad Pro 11) - [Tablet - Chrome]
[fsi-ppc2][Tablet - Chrome] ⏳ Delaying 200ms to allow responsive layouts to mount...
[fsi-ppc2][Tablet - Chrome] 🔄 Processing lead for brand: FSI-PPC2 Tablet
[fsi-ppc2][Tablet - Chrome] 📊 Campaign execution run index: 58
[fsi-ppc2][Tablet - Chrome] 🎯 Enforcing dynamic credentials & parameters:
   - First Name:   ckmtestpixel
[fsi-ppc2][Tablet - Chrome]    - Last Name:    ckmtestpixel
   - Email:        ckmtestpixel@gmail.com
   - Phone Number: 401-247-1058
   - Slider Value: 35,000
   - State Value:  Florida
[fsi-ppc2][Tablet - Chrome] 🔗 [Mobile] Navigating to: https://fsimlf-trk.com/?a=659&oc=750&c=143&s1=
[fsi-ppc2][Tablet - Chrome] ✅ [Mobile] Page loaded successfully
[fsi-ppc2][Tablet - Chrome] 💻 [Tablet] Injecting high-fidelity glossy iPad Pro mockup frame...
[fsi-ppc2][Tablet - Chrome] 💻 [Tablet] Injecting high-fidelity glossy iPad Pro mockup frame...
[fsi-ppc2][Tablet - Chrome] 📝 [Mobile] Starting mobile-specific form filling...
[fsi-ppc2][Tablet - Chrome] 🔘 [Mobile] Step 1: Selecting Debt Amount (35,000)
[fsi-ppc2][Tablet - Chrome] 🔘 [Mobile] Found dropdown menu. Performing visible selection...
[fsi-ppc2][Tablet - Chrome] ✅ [Mobile] Selected dropdown option: "$20,000 - $50,000"
[fsi-ppc2][Tablet - Chrome] 🔘 [Mobile] Clicking active visible button: .next-btn1:visible, .btn-next:visible
[fsi-ppc2][Tablet - Chrome] ✅ [Mobile] Clicked: .next-btn1:visible, .btn-next:visible
[fsi-ppc2][Tablet - Chrome] 💻 [Tablet] Injecting high-fidelity glossy iPad Pro mockup frame...
[fsi-ppc2][Tablet - Chrome] ✅ [Mobile] Reached a recognized terminal step (State or Contact). Stopping dynamic traversal.
[fsi-ppc2][Tablet - Chrome] 🔘 [Mobile] Step 2: Selecting State
[fsi-ppc2][Tablet - Chrome] ✅ [Mobile] Selected state dynamically: "Delaware"
📝 [Mobile] step3 column set to State: "Delaware"
[fsi-ppc2][Tablet - Chrome] 🔘 [Mobile] Clicking active visible button: .next-btn:visible, .next-btn2:visible, .btn-next:visible
[fsi-ppc2][Tablet - Chrome] ✅ [Mobile] Clicked: .next-btn:visible, .next-btn2:visible, .btn-next:visible
[fsi-ppc2][Tablet - Chrome] 💻 [Tablet] Injecting high-fidelity glossy iPad Pro mockup frame...
[fsi-ppc2][Tablet - Chrome] 🔘 [Mobile] Step 3: Filling Contact Info (Dynamic Loop)...
[fsi-ppc2][Tablet - Chrome] 💻 [Tablet] Injecting high-fidelity glossy iPad Pro mockup frame...
[fsi-ppc2][Tablet - Chrome] ✅ [Mobile] Filled First Name: ckmtestpixel
[fsi-ppc2][Tablet - Chrome] ✅ [Mobile] Filled Last Name: ckmtestpixel
[fsi-ppc2][Tablet - Chrome] ✅ [Mobile] Filled Email: ckmtestpixel@gmail.com
[fsi-ppc2][Tablet - Chrome] ✅ [Mobile] Filled Phone: 401-247-1058
[fsi-ppc2][Tablet - Chrome] 🔘 [Mobile] Clicking active contact NEXT/SUBMIT button...
[fsi-ppc2][Tablet - Chrome] 💻 [Tablet] Injecting high-fidelity glossy iPad Pro mockup frame...
[fsi-ppc2][Tablet - Chrome] [STDERR] ⚠️ [Tablet] Failed to apply glossy iPad Pro mockup frame overlay: page.evaluate: TypeError: Cannot read properties of null (reading 'appendChild')
    at eval (eval at evaluate (:302:30), <anonymous>:104:23)
    at UtilityScript.evaluate (<anonymous>:304:16)
    at UtilityScript.<anonymous> (<anonymous>:1:44)
[fsi-ppc2][Tablet - Chrome] 🔘 [Mobile] No active contact NEXT/SUBMIT button visible. Exiting loop.
🔘 [Mobile] Scanning for additional dynamic steps...
[fsi-ppc2][Tablet - Chrome] 🔘 [Mobile] Submitting form
[fsi-ppc2][Tablet - Chrome] ⏳ [Mobile] Waiting for submission navigation to complete
[fsi-ppc2][Tablet - Chrome] [STDERR] ⚠️ [Mobile] Standard submit buttons not found, consulting FLM Agent...
[fsi-ppc2][Tablet - Chrome] 🤖 [FLM Agent] Analyzing Submit button for global...
[fsi-ppc2][Tablet - Chrome] ⏳ [Mobile] Waiting for final Thank You page redirection...
[fsi-ppc2][Tablet - Chrome] ✅ [Mobile] Targeted final redirect URL achieved!
[fsi-ppc2][Tablet - Chrome] ✅ [Mobile] Final Thank You URL: https://www.fresh-start-initiative.com/ty_next/?debt=20000&leadid=6458461C&reqid=26782535&affid=659&subid=#s1#
[fsi-ppc2][Tablet - Chrome] ✅ [Mobile] Extracted Lead ID: 6458461C
[fsi-ppc2][Tablet - Chrome] 📱 Device Type detected: Tablet - Chrome
✅ Lead captured: 6458461C
[fsi-ppc2][Tablet - Chrome] 📡 Fetching First API data for Lead ID: 6458461C...
[fsi-ppc2][Tablet - Chrome] 📡 Raw XML Response: {
  "lead_info_response": {
    "$": {
      "xmlns:xsd": "http://www.w3.org/2001/XMLSchema",
      "xmlns:xsi": "http://www.w3.org/2001/XMLSchema-instance",
      "xmlns": "http://cakemarketing.com/api/1/"
    },
    "success": "true",
    "row_count": "1",
    "lead_id": "6458461C",
    "personal_info": {
      "first_name": "CKMTESTPIXEL",
      "last_name": "CKMTESTPIXEL",
      "email_address": "ckmtestpixel@gmail.com",
      "address": {
        "street": "",
        "city": "",
        "state": "DE",
        "zip_code": "",
        "country": ""
      },
      "ip_address": "27.54.170.27",
      "phone_work": "",
      "phone_home": "401-247-1058",
      "phone_cell": "",
      "best_call_time": "",
      "opt_in": "true"
    },
    "traffic_info": {
      "lead_date": "2026-05-14T21:07:07.713",
      "payout": {
        "currency_id": "1",
        "amount": "0.0000",
        "formatted_amount": "$0.00"
      },
      "affiliate": {
        "affiliate_id": {
          "_": "659",
          "$": {
            "xmlns": "API:id_name_store"
          }
        },
        "affiliate_name": {
          "_": "QA affiliate",
          "$": {
            "xmlns": "API:id_name_store"
          }
        }
      },
      "campaign": {
        "campaign_id": {
          "_": "4069",
          "$": {
            "xmlns": "API:id_name_store"
          }
        },
        "campaign_name": {
          "_": "Fresh Start Initiative (PPC) - PPC NEW - CPA - $1.00",
          "$": {
            "xmlns": "API:id_name_store"
          }
        }
      },
      "creative_id": "143",
      "subid_1": "",
      "subid_2": "",
      "subid_3": "",
      "subid_4": "",
      "subid_5": "",
      "referrer": "",
      "pixel_fired": "true",
      "returned_to_affiliate": "false",
      "test": "true",
      "upsell": "false"
    },
    "all_vertical_data": {
      "data": {
        "$": {
          "xmlns": ""
        },
        "tax_debt": "20000",
        "universal_leadid": "B8075553-17AC-4B39-36D6-6AA0BBE9B714",
        "affid": "659",
        "TCPA_checkbox": "checked",
        "reqid": "26782535",
        "cr_price": "0.00",
        "page": "fresh-start-initiative.comfresh-start-initiative.com/ppc2/index.php",
        "neustar": "pass",
        "neustar_disposition": "N,B,I5,L,0",
        "nd_odlv": "28",
        "first_name_lower": "ckmtestpixel",
        "last_name_lower": "ckmtestpixel",
        "first_name_capital": "Ckmtestpixel",
        "last_name_capital": "Ckmtestpixel",
        "nodl_flag": "pass",
        "ckm_campaign_id": "4297"
      }
    },
    "dispositions": "",
    "pings": "",
    "posts": "",
    "sales": ""
  }
}
[fsi-ppc2][Tablet - Chrome] ✅ First API Data retrieved on attempt 1
[fsi-ppc2][Tablet - Chrome] 📡 Fetching Second API data for Lead ID: 6458461C...
[fsi-ppc2][Tablet - Chrome] 📡 Standard Second API Payload: cake_id=6458461C, domain_name=https://www.freshstartinitiative.com
[fsi-ppc2][Tablet - Chrome] [STDERR] (node:14372) Warning: Setting the NODE_TLS_REJECT_UNAUTHORIZED environment variable to '0' makes TLS connections and HTTPS requests insecure by disabling certificate verification.
(Use `node --trace-warnings ...` to show where the warning was created)
[fsi-ppc2][Tablet - Chrome] [STDERR] ❌ Second API Attempt 1 failed: Request failed with status code 404
[fsi-ppc2][Tablet - Chrome] ⏳ Retrying in 1 second to allow database synchronization...
[fsi-ppc2][Tablet - Chrome] 📡 Standard Second API Payload: cake_id=6458461C, domain_name=https://www.freshstartinitiative.com
[fsi-ppc2][Tablet - Chrome] [STDERR] ❌ Second API Attempt 2 failed: Request failed with status code 404
[fsi-ppc2][Tablet - Chrome] ⏳ Retrying in 1 second to allow database synchronization...
[fsi-ppc2][Tablet - Chrome] 📡 Standard Second API Payload: cake_id=6458461C, domain_name=https://www.freshstartinitiative.com
[fsi-ppc2][Tablet - Chrome] [STDERR] ❌ Second API Attempt 3 failed: Request failed with status code 404
[fsi-ppc2][Tablet - Chrome] ⏳ Retrying in 1 second to allow database synchronization...
[fsi-ppc2][Tablet - Chrome] 📡 Standard Second API Payload: cake_id=6458461C, domain_name=https://www.freshstartinitiative.com
[fsi-ppc2][Tablet - Chrome] [STDERR] ❌ Second API Attempt 4 failed: Request failed with status code 404
[fsi-ppc2][Tablet - Chrome] ⏳ Retrying in 1 second to allow database synchronization...
[fsi-ppc2][Tablet - Chrome] 📡 Standard Second API Payload: cake_id=6458461C, domain_name=https://www.freshstartinitiative.com
[fsi-ppc2][Tablet - Chrome] [STDERR] ❌ Second API Attempt 5 failed: Request failed with status code 404
[fsi-ppc2][Tablet - Chrome] 📡 [Rest-Assurance] Verifying Lead ID: 6458461C via Backend...
[fsi-ppc2][Tablet - Chrome] 🛡️  [Rest-Assurance] VERIFIED (Backend Debt: 20000)
[fsi-ppc2][Tablet - Chrome] ✅ Row appended successfully to sheet: FSI-PPC2
[fsi-ppc2][Tablet - Chrome] ⚠️  Non-fatal formatting error for FSI-PPC2 (Banding might already exist): Invalid requests[2].addBanding: You cannot add alternating background colors to a range that already has alternating background colors.
✅ Lead processed successfully for FSI-PPC2 Tablet
[fsi-ppc2][Tablet - Chrome] 🎥 Video saved successfully: traces/videos/FSI-PPC2_FSI-PPC2_Tablet.webm
[fsi-ppc2][Tablet - Chrome] 
✅ Execution successfully processed! { success: true, leadId: '6458461C', brand: 'FSI-PPC2 Tablet' }
[fsi-ppc2][Tablet - Chrome] [STDERR] ❌ Automation Run encountered a fatal exception: tracing.stop: Target page, context or browser has been closed
✅ [15/5/2026, 9:37:42 am] COMPLETED: fsi-ppc2 [Tablet - Chrome][CHROMIUM]

================================================================
🚀 [15/5/2026, 9:37:42 am] RUNNING: FSI-PPC2 [WINDOWS - CHROME]
🔗 Target URL: https://fsimlf-trk.com/?a=659&oc=750&c=143&s1=
================================================================
[fsi-ppc2][Windows - Chrome] 🔌 [Browser Interceptor] Intercepting and optimizing engine: CHROMIUM
[fsi-ppc2][Windows - Chrome] ◇ injected env (0) from .env // tip: ⌘ suppress logs { quiet: true }
[fsi-ppc2][Windows - Chrome] ◇ injected env (0) from .env // tip: ⌘ custom filepath { path: '/custom/path/.env' }
[fsi-ppc2][Windows - Chrome] ◇ injected env (0) from .env // tip: ⌘ enable debugging { debug: true }
[fsi-ppc2][Windows - Chrome] ◇ injected env (0) from .env // tip: ⌘ enable debugging { debug: true }
[fsi-ppc2][Windows - Chrome] ◇ injected env (0) from .env // tip: ◈ encrypted .env [www.dotenvx.com]
[fsi-ppc2][Windows - Chrome] 
🤖 ================================================================
[fsi-ppc2][Windows - Chrome] 🤖 MASTER RUNNER: LAUNCHING FSI-PPC2
🤖 Mode:            DESKTOP
[fsi-ppc2][Windows - Chrome] 🤖 Tracking URL:     https://fsimlf-trk.com/?a=659&oc=750&c=143&s1=
[fsi-ppc2][Windows - Chrome] 🤖 Target Sheet:    FSI-PPC2
🤖 ================================================================
[fsi-ppc2][Windows - Chrome] 🔌 [Browser Interceptor] Intercepting and optimizing engine: CHROMIUM
[fsi-ppc2][Windows - Chrome] 💻 Emulated Device Profile: DESKTOP - [Windows - Chrome]
[fsi-ppc2][Windows - Chrome] 🔄 Processing lead for brand: FSI-PPC2
[fsi-ppc2][Windows - Chrome] 📊 Campaign execution run index: 61
[fsi-ppc2][Windows - Chrome] 🎯 Enforcing dynamic credentials & parameters:
   - First Name:   ckmtestpixel
[fsi-ppc2][Windows - Chrome]    - Last Name:    ckmtestpixel
   - Email:        ckmtestpixel@gmail.com
   - Phone Number: 401-247-1061
   - Slider Value: 15,000
   - State Value:  Idaho
[fsi-ppc2][Windows - Chrome] 🔗 Navigating to: https://fsimlf-trk.com/?a=659&oc=750&c=143&s1=
[fsi-ppc2][Windows - Chrome] ✅ Page loaded successfully
[fsi-ppc2][Windows - Chrome] 📝 Starting multi-step form filling process...
[fsi-ppc2][Windows - Chrome] 🔘 Step 1: Handling Debt Amount (15,000)
[fsi-ppc2][Windows - Chrome] 🔘 Found dropdown menu. Performing visible selection...
[fsi-ppc2][Windows - Chrome] ✅ Selected dropdown option: "$10,000 - $19,999"
[fsi-ppc2][Windows - Chrome] 🔘 Attempting to click .next-btn1, .btn-next
[fsi-ppc2][Windows - Chrome] ✅ Clicked .next-btn1, .btn-next
[fsi-ppc2][Windows - Chrome] ✅ Reached a recognized terminal step (State or Contact). Stopping dynamic traversal.
[fsi-ppc2][Windows - Chrome] 🔘 Step: Selecting State
[fsi-ppc2][Windows - Chrome] ✅ Selected state dynamically: "Georgia"
[fsi-ppc2][Windows - Chrome] 📝 step3 column set to State: "Georgia"
[fsi-ppc2][Windows - Chrome] 🔘 Attempting to click .next-btn, .next-btn2, .btn-next
[fsi-ppc2][Windows - Chrome] ✅ Clicked .next-btn, .next-btn2, .btn-next
[fsi-ppc2][Windows - Chrome] 🔘 Filling Contact Info (Dynamic Loop)...
[fsi-ppc2][Windows - Chrome] ✅ Filled First Name: ckmtestpixel
[fsi-ppc2][Windows - Chrome] ✅ Filled Last Name: ckmtestpixel
[fsi-ppc2][Windows - Chrome] ✅ Filled Email: ckmtestpixel@gmail.com
[fsi-ppc2][Windows - Chrome] ✅ Filled Phone: 401-247-1061
[fsi-ppc2][Windows - Chrome] 🔘 Clicking active contact NEXT/SUBMIT button...
[fsi-ppc2][Windows - Chrome] 🔘 No active contact NEXT/SUBMIT button visible. Exiting loop.
[fsi-ppc2][Windows - Chrome] 🔘 Checking for additional submit/next buttons...
[fsi-ppc2][Windows - Chrome] 🔘 Submitting form
[fsi-ppc2][Windows - Chrome] [STDERR] ⚠️ Form submission failure analysis complete.
[fsi-ppc2][Windows - Chrome] ⏳ Waiting for final redirect to Thank You page...
[fsi-ppc2][Windows - Chrome] ✅ Targeted final redirect URL achieved!
[fsi-ppc2][Windows - Chrome] ✅ Final Thank You URL: https://www.fresh-start-initiative.com/ty_next/?debt=10000&leadid=71BA8554&reqid=26782538&affid=659&subid=#s1#
[fsi-ppc2][Windows - Chrome] ✅ Extracted Lead ID: 71BA8554
[fsi-ppc2][Windows - Chrome] 📱 Device Type detected: Windows - Chrome
✅ Lead captured: 71BA8554
[fsi-ppc2][Windows - Chrome] 📡 Fetching First API data for Lead ID: 71BA8554...
[fsi-ppc2][Windows - Chrome] 📡 Raw XML Response: {
  "lead_info_response": {
    "$": {
      "xmlns:xsd": "http://www.w3.org/2001/XMLSchema",
      "xmlns:xsi": "http://www.w3.org/2001/XMLSchema-instance",
      "xmlns": "http://cakemarketing.com/api/1/"
    },
    "success": "true",
    "row_count": "1",
    "lead_id": "71BA8554",
    "personal_info": {
      "first_name": "CKMTESTPIXEL",
      "last_name": "CKMTESTPIXEL",
      "email_address": "ckmtestpixel@gmail.com",
      "address": {
        "street": "",
        "city": "",
        "state": "GA",
        "zip_code": "",
        "country": ""
      },
      "ip_address": "27.54.170.27",
      "phone_work": "",
      "phone_home": "401-247-1061",
      "phone_cell": "",
      "best_call_time": "",
      "opt_in": "true"
    },
    "traffic_info": {
      "lead_date": "2026-05-14T21:07:56.293",
      "payout": {
        "currency_id": "1",
        "amount": "0.0000",
        "formatted_amount": "$0.00"
      },
      "affiliate": {
        "affiliate_id": {
          "_": "659",
          "$": {
            "xmlns": "API:id_name_store"
          }
        },
        "affiliate_name": {
          "_": "QA affiliate",
          "$": {
            "xmlns": "API:id_name_store"
          }
        }
      },
      "campaign": {
        "campaign_id": {
          "_": "4069",
          "$": {
            "xmlns": "API:id_name_store"
          }
        },
        "campaign_name": {
          "_": "Fresh Start Initiative (PPC) - PPC NEW - CPA - $1.00",
          "$": {
            "xmlns": "API:id_name_store"
          }
        }
      },
      "creative_id": "143",
      "subid_1": "",
      "subid_2": "",
      "subid_3": "",
      "subid_4": "",
      "subid_5": "",
      "referrer": "",
      "pixel_fired": "false",
      "returned_to_affiliate": "false",
      "test": "true",
      "upsell": "false"
    },
    "all_vertical_data": {
      "data": {
        "$": {
          "xmlns": ""
        },
        "tax_debt": "10000",
        "universal_leadid": "86FEA48F-B92F-1A73-DFF2-98A6F9EB6873",
        "affid": "659",
        "TCPA_checkbox": "checked",
        "reqid": "26782538",
        "cr_price": "0.00",
        "page": "fresh-start-initiative.comfresh-start-initiative.com/ppc2/index.php",
        "neustar": "pass",
        "neustar_disposition": "N,U,A7,L,0",
        "nd_odlv": "28",
        "first_name_lower": "ckmtestpixel",
        "last_name_lower": "ckmtestpixel",
        "first_name_capital": "Ckmtestpixel",
        "last_name_capital": "Ckmtestpixel",
        "nodl_flag": "pass",
        "ckm_campaign_id": "4297"
      }
    },
    "dispositions": "",
    "pings": "",
    "posts": "",
    "sales": ""
  }
}
✅ First API Data retrieved on attempt 1
📡 Fetching Second API data for Lead ID: 71BA8554...
📡 Standard Second API Payload: cake_id=71BA8554, domain_name=https://www.freshstartinitiative.com
[fsi-ppc2][Windows - Chrome] [STDERR] (node:1648) Warning: Setting the NODE_TLS_REJECT_UNAUTHORIZED environment variable to '0' makes TLS connections and HTTPS requests insecure by disabling certificate verification.
(Use `node --trace-warnings ...` to show where the warning was created)
[fsi-ppc2][Windows - Chrome] [STDERR] ❌ Second API Attempt 1 failed: Request failed with status code 404
[fsi-ppc2][Windows - Chrome] ⏳ Retrying in 1 second to allow database synchronization...
[fsi-ppc2][Windows - Chrome] 📡 Standard Second API Payload: cake_id=71BA8554, domain_name=https://www.freshstartinitiative.com
[fsi-ppc2][Windows - Chrome] [STDERR] ❌ Second API Attempt 2 failed: Request failed with status code 404
[fsi-ppc2][Windows - Chrome] ⏳ Retrying in 1 second to allow database synchronization...
[fsi-ppc2][Windows - Chrome] 📡 Standard Second API Payload: cake_id=71BA8554, domain_name=https://www.freshstartinitiative.com
[fsi-ppc2][Windows - Chrome] [STDERR] ❌ Second API Attempt 3 failed: Request failed with status code 404
[fsi-ppc2][Windows - Chrome] ⏳ Retrying in 1 second to allow database synchronization...
[fsi-ppc2][Windows - Chrome] 📡 Standard Second API Payload: cake_id=71BA8554, domain_name=https://www.freshstartinitiative.com
[fsi-ppc2][Windows - Chrome] [STDERR] ❌ Second API Attempt 4 failed: Request failed with status code 404
[fsi-ppc2][Windows - Chrome] ⏳ Retrying in 1 second to allow database synchronization...
[fsi-ppc2][Windows - Chrome] 📡 Standard Second API Payload: cake_id=71BA8554, domain_name=https://www.freshstartinitiative.com
[fsi-ppc2][Windows - Chrome] [STDERR] ❌ Second API Attempt 5 failed: Request failed with status code 404
[fsi-ppc2][Windows - Chrome] 📡 [Rest-Assurance] Verifying Lead ID: 71BA8554 via Backend...
[fsi-ppc2][Windows - Chrome] 🛡️  [Rest-Assurance] VERIFIED (Backend Debt: 10000)
[fsi-ppc2][Windows - Chrome] ✅ Row appended successfully to sheet: FSI-PPC2
[fsi-ppc2][Windows - Chrome] ⚠️  Non-fatal formatting error for FSI-PPC2 (Banding might already exist): Invalid requests[2].addBanding: You cannot add alternating background colors to a range that already has alternating background colors.
✅ Lead processed successfully for FSI-PPC2
[fsi-ppc2][Windows - Chrome] 🎥 Video saved successfully: traces/videos/FSI-PPC2_FSI-PPC2.webm
[fsi-ppc2][Windows - Chrome] 
✅ Execution successfully processed! { success: true, leadId: '71BA8554', brand: 'FSI-PPC2' }
[fsi-ppc2][Windows - Chrome] [STDERR] ❌ Automation Run encountered a fatal exception: tracing.stop: Target page, context or browser has been closed
✅ [15/5/2026, 9:38:10 am] COMPLETED: fsi-ppc2 [Windows - Chrome][CHROMIUM]

================================================================
🚀 [15/5/2026, 9:38:11 am] RUNNING: FSI-PPC2 [WINDOWS - FIREFOX]
🔗 Target URL: https://fsimlf-trk.com/?a=659&oc=750&c=143&s1=
================================================================
[fsi-ppc2][Windows - Firefox] 🔌 [Browser Interceptor] Intercepting and optimizing engine: FIREFOX
[fsi-ppc2][Windows - Firefox] ◇ injected env (0) from .env // tip: ◈ secrets for agents [www.dotenvx.com]
[fsi-ppc2][Windows - Firefox] ◇ injected env (0) from .env // tip: ⌘ enable debugging { debug: true }
[fsi-ppc2][Windows - Firefox] ◇ injected env (0) from .env // tip: ⌘ suppress logs { quiet: true }
[fsi-ppc2][Windows - Firefox] ◇ injected env (0) from .env // tip: ◈ secrets for agents [www.dotenvx.com]
[fsi-ppc2][Windows - Firefox] ◇ injected env (0) from .env // tip: ⌁ auth for agents [www.vestauth.com]
[fsi-ppc2][Windows - Firefox] 
🤖 ================================================================
🤖 MASTER RUNNER: LAUNCHING FSI-PPC2
[fsi-ppc2][Windows - Firefox] 🤖 Mode:            DESKTOP
🤖 Tracking URL:     https://fsimlf-trk.com/?a=659&oc=750&c=143&s1=
🤖 Target Sheet:    FSI-PPC2
🤖 ================================================================
🔌 [Browser Interceptor] Intercepting and optimizing engine: FIREFOX
[fsi-ppc2][Windows - Firefox] 💻 Emulated Device Profile: DESKTOP - [Windows - Firefox]
🔌 [Browser Interceptor] Sanitizing mobile context options for Firefox emulation...
🔌 [Browser Interceptor] Sanitizing mobile context options for Firefox emulation...
[fsi-ppc2][Windows - Firefox] 🔄 Processing lead for brand: FSI-PPC2
[fsi-ppc2][Windows - Firefox] 📊 Campaign execution run index: 63
[fsi-ppc2][Windows - Firefox] 🎯 Enforcing dynamic credentials & parameters:
   - First Name:   ckmtestpixel
   - Last Name:    ckmtestpixel
[fsi-ppc2][Windows - Firefox]    - Email:        ckmtestpixel@gmail.com
   - Phone Number: 401-247-1063
   - Slider Value: 75,000
   - State Value:  Indiana
[fsi-ppc2][Windows - Firefox] 🔗 Navigating to: https://fsimlf-trk.com/?a=659&oc=750&c=143&s1=
[fsi-ppc2][Windows - Firefox] ✅ Page loaded successfully
[fsi-ppc2][Windows - Firefox] 📝 Starting multi-step form filling process...
[fsi-ppc2][Windows - Firefox] 🔘 Step 1: Handling Debt Amount (75,000)
[fsi-ppc2][Windows - Firefox] 🔘 Found dropdown menu. Performing visible selection...
[fsi-ppc2][Windows - Firefox] ✅ Selected dropdown option: "$50,000 or more"
[fsi-ppc2][Windows - Firefox] 🔘 Attempting to click .next-btn1, .btn-next
[fsi-ppc2][Windows - Firefox] ⚠️ Standard click failed, using dispatchEvent...
[fsi-ppc2][Windows - Firefox] ✅ Clicked .next-btn1, .btn-next
[fsi-ppc2][Windows - Firefox] ✅ Reached a recognized terminal step (State or Contact). Stopping dynamic traversal.
[fsi-ppc2][Windows - Firefox] 🔘 Step: Selecting State
[fsi-ppc2][Windows - Firefox] ✅ Selected state dynamically: "Idaho"
📝 step3 column set to State: "Idaho"
[fsi-ppc2][Windows - Firefox] 🔘 Attempting to click .next-btn, .next-btn2, .btn-next
[fsi-ppc2][Windows - Firefox] ⚠️ Standard click failed, using dispatchEvent...
[fsi-ppc2][Windows - Firefox] ✅ Clicked .next-btn, .next-btn2, .btn-next
[fsi-ppc2][Windows - Firefox] 🔘 Filling Contact Info (Dynamic Loop)...
[fsi-ppc2][Windows - Firefox] [STDERR] ❌ Error during form filling: locator.click: Timeout 25000ms exceeded.
Call log:
[2m  - waiting for locator('#first_name:visible, input[name="first_name"]:visible, input[placeholder*="First Name" i]:visible').first()[22m
[2m    - locator resolved to <input type="text" tabindex="9" id="first_name" name="first_name" aria-required="true" placeholder="First Name" class="form-control signchange input-state error"/>[22m
[2m  - attempting click action[22m
[2m    - waiting for element to be visible, enabled and stable[22m

❌ Failed processing FSI-PPC2: locator.click: Timeout 25000ms exceeded.
Call log:
[2m  - waiting for locator('#first_name:visible, input[name="first_name"]:visible, input[placeholder*="First Name" i]:visible').first()[22m
[2m    - locator resolved to <input type="text" tabindex="9" id="first_name" name="first_name" aria-required="true" placeholder="First Name" class="form-control signchange input-state error"/>[22m
[2m  - attempting click action[22m
[2m    - waiting for element to be visible, enabled and stable[22m

[fsi-ppc2][Windows - Firefox] 
✅ Execution successfully processed! {
  success: false,
  error: 'locator.click: Timeout 25000ms exceeded.\n' +
    'Call log:\n' +
    `\x1B[2m  - waiting for locator('#first_name:visible, input[name="first_name"]:visible, input[placeholder*="First Name" i]:visible').first()\x1B[22m\n` +
    '\x1B[2m    - locator resolved to <input type="text" tabindex="9" id="first_name" name="first_name" aria-required="true" placeholder="First Name" class="form-control signchange input-state error"/>\x1B[22m\n' +
    '\x1B[2m  - attempting click action\x1B[22m\n' +
    '\x1B[2m    - waiting for element to be visible, enabled and stable\x1B[22m\n',
  brand: 'FSI-PPC2'
}
[fsi-ppc2][Windows - Firefox] 📋 Trace report successfully saved: traces/fsi-ppc2_desktop.zip
✅ [15/5/2026, 9:39:26 am] COMPLETED: fsi-ppc2 [Windows - Firefox][FIREFOX]

================================================================
🚀 [15/5/2026, 9:39:26 am] RUNNING: FSI-PPC2 [MAC - SAFARI]
🔗 Target URL: https://fsimlf-trk.com/?a=659&oc=750&c=143&s1=
================================================================
[fsi-ppc2][MAC - Safari] 🔌 [Browser Interceptor] Intercepting and optimizing engine: WEBKIT
[fsi-ppc2][MAC - Safari] ◇ injected env (0) from .env // tip: ⌘ enable debugging { debug: true }
[fsi-ppc2][MAC - Safari] ◇ injected env (0) from .env // tip: ◈ encrypted .env [www.dotenvx.com]
[fsi-ppc2][MAC - Safari] ◇ injected env (0) from .env // tip: ⌁ auth for agents [www.vestauth.com]
[fsi-ppc2][MAC - Safari] ◇ injected env (0) from .env // tip: ◈ encrypted .env [www.dotenvx.com]
[fsi-ppc2][MAC - Safari] ◇ injected env (0) from .env // tip: ⌘ override existing { override: true }
[fsi-ppc2][MAC - Safari] 
🤖 ================================================================
[fsi-ppc2][MAC - Safari] 🤖 MASTER RUNNER: LAUNCHING FSI-PPC2
🤖 Mode:            DESKTOP
🤖 Tracking URL:     https://fsimlf-trk.com/?a=659&oc=750&c=143&s1=
[fsi-ppc2][MAC - Safari] 🤖 Target Sheet:    FSI-PPC2
🤖 ================================================================
[fsi-ppc2][MAC - Safari] 🔌 [Browser Interceptor] Intercepting and optimizing engine: WEBKIT
[fsi-ppc2][MAC - Safari] 💻 Emulated Device Profile: DESKTOP - [MAC - Safari]
[fsi-ppc2][MAC - Safari] 🔄 Processing lead for brand: FSI-PPC2
[fsi-ppc2][MAC - Safari] 📊 Campaign execution run index: 64
[fsi-ppc2][MAC - Safari] 🎯 Enforcing dynamic credentials & parameters:
   - First Name:   ckmtestpixel
   - Last Name:    ckmtestpixel
   - Email:        ckmtestpixel@gmail.com
   - Phone Number: 401-247-1064
   - Slider Value: 5,000
   - State Value:  Iowa
[fsi-ppc2][MAC - Safari] 🔗 Navigating to: https://fsimlf-trk.com/?a=659&oc=750&c=143&s1=
[fsi-ppc2][MAC - Safari] ✅ Page loaded successfully
[fsi-ppc2][MAC - Safari] 📝 Starting multi-step form filling process...
[fsi-ppc2][MAC - Safari] 🔘 Step 1: Handling Debt Amount (5,000)
[fsi-ppc2][MAC - Safari] 🔘 Found dropdown menu. Performing visible selection...
[fsi-ppc2][MAC - Safari] ✅ Selected dropdown option: "$0 - $9,999"
[fsi-ppc2][MAC - Safari] 🔘 Attempting to click .next-btn1, .btn-next
[fsi-ppc2][MAC - Safari] ⚠️ Standard click failed, using dispatchEvent...
[fsi-ppc2][MAC - Safari] ✅ Clicked .next-btn1, .btn-next
[fsi-ppc2][MAC - Safari] ✅ Reached a recognized terminal step (State or Contact). Stopping dynamic traversal.
[fsi-ppc2][MAC - Safari] 🔘 Step: Selecting State
[fsi-ppc2][MAC - Safari] ✅ Selected state dynamically: "Illinois"
[fsi-ppc2][MAC - Safari] 📝 step3 column set to State: "Illinois"
[fsi-ppc2][MAC - Safari] 🔘 Attempting to click .next-btn, .next-btn2, .btn-next
[fsi-ppc2][MAC - Safari] ⚠️ Standard click failed, using dispatchEvent...
[fsi-ppc2][MAC - Safari] ✅ Clicked .next-btn, .next-btn2, .btn-next
[fsi-ppc2][MAC - Safari] 🔘 Filling Contact Info (Dynamic Loop)...
[fsi-ppc2][MAC - Safari] [STDERR] ❌ Error during form filling: locator.click: Timeout 25000ms exceeded.
Call log:
[2m  - waiting for locator('#first_name:visible, input[name="first_name"]:visible, input[placeholder*="First Name" i]:visible').first()[22m
[2m    - locator resolved to <input type="text" tabindex="9" id="first_name" name="first_name" aria-required="true" placeholder="First Name" class="form-control signchange input-state error"/>[22m
[2m  - attempting click action[22m
[2m    2 × waiting for element to be visible, enabled and stable[22m
[2m      - element is visible, enabled and stable[22m
[2m      - scrolling into view if needed[22m
[2m      - done scrolling[22m
[2m      - element is outside of the viewport[22m
[2m    - retrying click action[22m
[2m    - waiting 20ms[22m
[2m    2 × waiting for element to be visible, enabled and stable[22m
[2m      - element is visible, enabled and stable[22m
[2m      - scrolling into view if needed[22m
[2m      - done scrolling[22m
[2m      - element is outside of the viewport[22m
[2m    - retrying click action[22m
[2m      - waiting 100ms[22m
[2m    34 × waiting for element to be visible, enabled and stable[22m
[2m       - element is visible, enabled and stable[22m
[2m       - scrolling into view if needed[22m
[2m       - done scrolling[22m
[2m       - element is outside of the viewport[22m
[2m     - retrying click action[22m
[2m       - waiting 500ms[22m

[fsi-ppc2][MAC - Safari] [STDERR] ❌ Failed processing FSI-PPC2: locator.click: Timeout 25000ms exceeded.
Call log:
[2m  - waiting for locator('#first_name:visible, input[name="first_name"]:visible, input[placeholder*="First Name" i]:visible').first()[22m
[2m    - locator resolved to <input type="text" tabindex="9" id="first_name" name="first_name" aria-required="true" placeholder="First Name" class="form-control signchange input-state error"/>[22m
[2m  - attempting click action[22m
[2m    2 × waiting for element to be visible, enabled and stable[22m
[2m      - element is visible, enabled and stable[22m
[2m      - scrolling into view if needed[22m
[2m      - done scrolling[22m
[2m      - element is outside of the viewport[22m
[2m    - retrying click action[22m
[2m    - waiting 20ms[22m
[2m    2 × waiting for element to be visible, enabled and stable[22m
[2m      - element is visible, enabled and stable[22m
[2m      - scrolling into view if needed[22m
[2m      - done scrolling[22m
[2m      - element is outside of the viewport[22m
[2m    - retrying click action[22m
[2m      - waiting 100ms[22m
[2m    34 × waiting for element to be visible, enabled and stable[22m
[2m       - element is visible, enabled and stable[22m
[2m       - scrolling into view if needed[22m
[2m       - done scrolling[22m
[2m       - element is outside of the viewport[22m
[2m     - retrying click action[22m
[2m       - waiting 500ms[22m

[fsi-ppc2][MAC - Safari] 
✅ Execution successfully processed! {
  success: false,
  error: 'locator.click: Timeout 25000ms exceeded.\n' +
    'Call log:\n' +
    `\x1B[2m  - waiting for locator('#first_name:visible, input[name="first_name"]:visible, input[placeholder*="First Name" i]:visible').first()\x1B[22m\n` +
    '\x1B[2m    - locator resolved to <input type="text" tabindex="9" id="first_name" name="first_name" aria-required="true" placeholder="First Name" class="form-control signchange input-state error"/>\x1B[22m\n' +
    '\x1B[2m  - attempting click action\x1B[22m\n' +
    '\x1B[2m    2 × waiting for element to be visible, enabled and stable\x1B[22m\n' +
    '\x1B[2m      - element is visible, enabled and stable\x1B[22m\n' +
    '\x1B[2m      - scrolling into view if needed\x1B[22m\n' +
    '\x1B[2m      - done scrolling\x1B[22m\n' +
    '\x1B[2m      - element is outside of the viewport\x1B[22m\n' +
    '\x1B[2m    - retrying click action\x1B[22m\n' +
    '\x1B[2m    - waiting 20ms\x1B[22m\n' +
    '\x1B[2m    2 × waiting for element to be visible, enabled and stable\x1B[22m\n' +
    '\x1B[2m      - element is visible, enabled and stable\x1B[22m\n' +
    '\x1B[2m      - scrolling into view if needed\x1B[22m\n' +
    '\x1B[2m      - done scrolling\x1B[22m\n' +
    '\x1B[2m      - element is outside of the viewport\x1B[22m\n' +
    '\x1B[2m    - retrying click action\x1B[22m\n' +
    '\x1B[2m      - waiting 100ms\x1B[22m\n' +
    '\x1B[2m    34 × waiting for element to be visible, enabled and stable\x1B[22m\n' +
    '\x1B[2m       - element is visible, enabled and stable\x1B[22m\n' +
    '\x1B[2m       - scrolling into view if needed\x1B[22m\n' +
    '\x1B[2m       - done scrolling\x1B[22m\n' +
    '\x1B[2m       - element is outside of the viewport\x1B[22m\n' +
    '\x1B[2m     - retrying click action\x1B[22m\n' +
    '\x1B[2m       - waiting 500ms\x1B[22m\n',
  brand: 'FSI-PPC2'
}
[fsi-ppc2][MAC - Safari] 📋 Trace report successfully saved: traces/fsi-ppc2_desktop.zip
✅ [15/5/2026, 9:40:29 am] COMPLETED: fsi-ppc2 [MAC - Safari][WEBKIT]

================================================================
🚀 [15/5/2026, 9:40:29 am] RUNNING: FSI-PPC2 [MAC - CHROME]
🔗 Target URL: https://fsimlf-trk.com/?a=659&oc=750&c=143&s1=
================================================================
[fsi-ppc2][MAC - Chrome] 🔌 [Browser Interceptor] Intercepting and optimizing engine: CHROMIUM
[fsi-ppc2][MAC - Chrome] ◇ injected env (0) from .env // tip: ⌘ suppress logs { quiet: true }
[fsi-ppc2][MAC - Chrome] ◇ injected env (0) from .env // tip: ⌘ enable debugging { debug: true }
[fsi-ppc2][MAC - Chrome] ◇ injected env (0) from .env // tip: ⌘ enable debugging { debug: true }
[fsi-ppc2][MAC - Chrome] ◇ injected env (0) from .env // tip: ⌘ suppress logs { quiet: true }
[fsi-ppc2][MAC - Chrome] ◇ injected env (0) from .env // tip: ⌘ suppress logs { quiet: true }
[fsi-ppc2][MAC - Chrome] 
🤖 ================================================================
🤖 MASTER RUNNER: LAUNCHING FSI-PPC2
🤖 Mode:            DESKTOP
[fsi-ppc2][MAC - Chrome] 🤖 Tracking URL:     https://fsimlf-trk.com/?a=659&oc=750&c=143&s1=
[fsi-ppc2][MAC - Chrome] 🤖 Target Sheet:    FSI-PPC2
🤖 ================================================================
[fsi-ppc2][MAC - Chrome] 🔌 [Browser Interceptor] Intercepting and optimizing engine: CHROMIUM
[fsi-ppc2][MAC - Chrome] 💻 Emulated Device Profile: DESKTOP - [MAC - Chrome]
[fsi-ppc2][MAC - Chrome] 🔄 Processing lead for brand: FSI-PPC2
[fsi-ppc2][MAC - Chrome] 📊 Campaign execution run index: 65
[fsi-ppc2][MAC - Chrome] 🎯 Enforcing dynamic credentials & parameters:
   - First Name:   ckmtestpixel
[fsi-ppc2][MAC - Chrome]    - Last Name:    ckmtestpixel
   - Email:        ckmtestpixel@gmail.com
   - Phone Number: 401-247-1065
   - Slider Value: 15,000
   - State Value:  Kansas
🔗 Navigating to: https://fsimlf-trk.com/?a=659&oc=750&c=143&s1=
[fsi-ppc2][MAC - Chrome] ✅ Page loaded successfully
[fsi-ppc2][MAC - Chrome] 📝 Starting multi-step form filling process...
[fsi-ppc2][MAC - Chrome] 🔘 Step 1: Handling Debt Amount (15,000)
[fsi-ppc2][MAC - Chrome] 🔘 Found dropdown menu. Performing visible selection...
[fsi-ppc2][MAC - Chrome] ✅ Selected dropdown option: "$10,000 - $19,999"
[fsi-ppc2][MAC - Chrome] 🔘 Attempting to click .next-btn1, .btn-next
[fsi-ppc2][MAC - Chrome] ✅ Clicked .next-btn1, .btn-next
[fsi-ppc2][MAC - Chrome] ✅ Reached a recognized terminal step (State or Contact). Stopping dynamic traversal.
[fsi-ppc2][MAC - Chrome] 🔘 Step: Selecting State
[fsi-ppc2][MAC - Chrome] ✅ Selected state dynamically: "Indiana"
📝 step3 column set to State: "Indiana"
[fsi-ppc2][MAC - Chrome] 🔘 Attempting to click .next-btn, .next-btn2, .btn-next
[fsi-ppc2][MAC - Chrome] ✅ Clicked .next-btn, .next-btn2, .btn-next
[fsi-ppc2][MAC - Chrome] 🔘 Filling Contact Info (Dynamic Loop)...
[fsi-ppc2][MAC - Chrome] ✅ Filled First Name: ckmtestpixel
[fsi-ppc2][MAC - Chrome] ✅ Filled Last Name: ckmtestpixel
[fsi-ppc2][MAC - Chrome] ✅ Filled Email: ckmtestpixel@gmail.com
[fsi-ppc2][MAC - Chrome] ✅ Filled Phone: 401-247-1065
[fsi-ppc2][MAC - Chrome] 🔘 Clicking active contact NEXT/SUBMIT button...
[fsi-ppc2][MAC - Chrome] 🔘 No active contact NEXT/SUBMIT button visible. Exiting loop.
[fsi-ppc2][MAC - Chrome] 🔘 Checking for additional submit/next buttons...
[fsi-ppc2][MAC - Chrome] 🔘 Submitting form
[fsi-ppc2][MAC - Chrome] [STDERR] ⚠️ Form submission failure analysis complete.
[fsi-ppc2][MAC - Chrome] ⏳ Waiting for final redirect to Thank You page...
[fsi-ppc2][MAC - Chrome] ✅ Targeted final redirect URL achieved!
[fsi-ppc2][MAC - Chrome] ✅ Final Thank You URL: https://www.fresh-start-initiative.com/ty_next/?debt=10000&leadid=519EB2F2&reqid=26782546&affid=659&subid=#s1#
✅ Extracted Lead ID: 519EB2F2
[fsi-ppc2][MAC - Chrome] 📱 Device Type detected: MAC - Chrome
✅ Lead captured: 519EB2F2
[fsi-ppc2][MAC - Chrome] 📡 Fetching First API data for Lead ID: 519EB2F2...
[fsi-ppc2][MAC - Chrome] 📡 Raw XML Response: {
  "lead_info_response": {
    "$": {
      "xmlns:xsd": "http://www.w3.org/2001/XMLSchema",
      "xmlns:xsi": "http://www.w3.org/2001/XMLSchema-instance",
      "xmlns": "http://cakemarketing.com/api/1/"
    },
    "success": "true",
    "row_count": "1",
    "lead_id": "519EB2F2",
    "personal_info": {
      "first_name": "CKMTESTPIXEL",
      "last_name": "CKMTESTPIXEL",
      "email_address": "ckmtestpixel@gmail.com",
      "address": {
        "street": "",
        "city": "",
        "state": "IN",
        "zip_code": "",
        "country": ""
      },
      "ip_address": "27.54.170.27",
      "phone_work": "",
      "phone_home": "401-247-1065",
      "phone_cell": "",
      "best_call_time": "",
      "opt_in": "true"
    },
    "traffic_info": {
      "lead_date": "2026-05-14T21:10:43.93",
      "payout": {
        "currency_id": "1",
        "amount": "0.0000",
        "formatted_amount": "$0.00"
      },
      "affiliate": {
        "affiliate_id": {
          "_": "659",
          "$": {
            "xmlns": "API:id_name_store"
          }
        },
        "affiliate_name": {
          "_": "QA affiliate",
          "$": {
            "xmlns": "API:id_name_store"
          }
        }
      },
      "campaign": {
        "campaign_id": {
          "_": "4069",
          "$": {
            "xmlns": "API:id_name_store"
          }
        },
        "campaign_name": {
          "_": "Fresh Start Initiative (PPC) - PPC NEW - CPA - $1.00",
          "$": {
            "xmlns": "API:id_name_store"
          }
        }
      },
      "creative_id": "143",
      "subid_1": "",
      "subid_2": "",
      "subid_3": "",
      "subid_4": "",
      "subid_5": "",
      "referrer": "",
      "pixel_fired": "false",
      "returned_to_affiliate": "false",
      "test": "true",
      "upsell": "false"
    },
    "all_vertical_data": {
      "data": {
        "$": {
          "xmlns": ""
        },
        "tax_debt": "10000",
        "universal_leadid": "036582D7-FF00-BD6E-5BF4-3DE63FBCB7FD",
        "affid": "659",
        "TCPA_checkbox": "checked",
        "reqid": "26782546",
        "cr_price": "0.00",
        "page": "fresh-start-initiative.comfresh-start-initiative.com/ppc2/index.php",
        "neustar": "fail",
        "neustar_disposition": "N,U,A1,L,0",
        "nd_odlv": "26",
        "first_name_lower": "ckmtestpixel",
        "last_name_lower": "ckmtestpixel",
        "first_name_capital": "Ckmtestpixel",
        "last_name_capital": "Ckmtestpixel",
        "nodl_flag": "pass",
        "ckm_campaign_id": "4297"
      }
    },
    "dispositions": {
      "disposition": {
        "disposition_type": "Not Paid For",
        "reason": "Unmatched Filter",
        "filter": "Nuestar Fail"
      }
    },
    "pings": "",
    "posts": "",
    "sales": ""
  }
}
[fsi-ppc2][MAC - Chrome] ✅ First API Data retrieved on attempt 1
[fsi-ppc2][MAC - Chrome] 📡 Fetching Second API data for Lead ID: 519EB2F2...
[fsi-ppc2][MAC - Chrome] 📡 Standard Second API Payload: cake_id=519EB2F2, domain_name=https://www.freshstartinitiative.com
[fsi-ppc2][MAC - Chrome] [STDERR] (node:23576) Warning: Setting the NODE_TLS_REJECT_UNAUTHORIZED environment variable to '0' makes TLS connections and HTTPS requests insecure by disabling certificate verification.
(Use `node --trace-warnings ...` to show where the warning was created)
[fsi-ppc2][MAC - Chrome] [STDERR] ❌ Second API Attempt 1 failed: Request failed with status code 404
[fsi-ppc2][MAC - Chrome] ⏳ Retrying in 1 second to allow database synchronization...
[fsi-ppc2][MAC - Chrome] 📡 Standard Second API Payload: cake_id=519EB2F2, domain_name=https://www.freshstartinitiative.com
[fsi-ppc2][MAC - Chrome] [STDERR] ❌ Second API Attempt 2 failed: Request failed with status code 404
[fsi-ppc2][MAC - Chrome] ⏳ Retrying in 1 second to allow database synchronization...
[fsi-ppc2][MAC - Chrome] 📡 Standard Second API Payload: cake_id=519EB2F2, domain_name=https://www.freshstartinitiative.com
[fsi-ppc2][MAC - Chrome] [STDERR] ❌ Second API Attempt 3 failed: Request failed with status code 404
[fsi-ppc2][MAC - Chrome] ⏳ Retrying in 1 second to allow database synchronization...
[fsi-ppc2][MAC - Chrome] 📡 Standard Second API Payload: cake_id=519EB2F2, domain_name=https://www.freshstartinitiative.com
[fsi-ppc2][MAC - Chrome] [STDERR] ❌ Second API Attempt 4 failed: Request failed with status code 404
[fsi-ppc2][MAC - Chrome] ⏳ Retrying in 1 second to allow database synchronization...
[fsi-ppc2][MAC - Chrome] 📡 Standard Second API Payload: cake_id=519EB2F2, domain_name=https://www.freshstartinitiative.com
[fsi-ppc2][MAC - Chrome] [STDERR] ❌ Second API Attempt 5 failed: Request failed with status code 404
[fsi-ppc2][MAC - Chrome] 📡 [Rest-Assurance] Verifying Lead ID: 519EB2F2 via Backend...
[fsi-ppc2][MAC - Chrome] 🛡️  [Rest-Assurance] VERIFIED (Backend Debt: 10000)
[fsi-ppc2][MAC - Chrome] ✅ Row appended successfully to sheet: FSI-PPC2
[fsi-ppc2][MAC - Chrome] ⚠️  Non-fatal formatting error for FSI-PPC2 (Banding might already exist): Invalid requests[2].addBanding: You cannot add alternating background colors to a range that already has alternating background colors.
✅ Lead processed successfully for FSI-PPC2
[fsi-ppc2][MAC - Chrome] 🎥 Video saved successfully: traces/videos/FSI-PPC2_FSI-PPC2.webm
[fsi-ppc2][MAC - Chrome] 
✅ Execution successfully processed! { success: true, leadId: '519EB2F2', brand: 'FSI-PPC2' }
[fsi-ppc2][MAC - Chrome] [STDERR] ❌ Automation Run encountered a fatal exception: tracing.stop: Target page, context or browser has been closed
✅ [15/5/2026, 9:40:58 am] COMPLETED: fsi-ppc2 [MAC - Chrome][CHROMIUM]

================================================================
⚡ Processing Campaign Matrix: [TRA-CPL]
================================================================

================================================================
🚀 [15/5/2026, 9:40:58 am] RUNNING: TRA-CPL [ANDROID - CHROME]
🔗 Target URL: https://flmtra.com/?a=659&oc=756&c=2210&s1=
================================================================
[tra-cpl][Android - Chrome] 🔌 [Browser Interceptor] Intercepting and optimizing engine: CHROMIUM
[tra-cpl][Android - Chrome] ◇ injected env (0) from .env // tip: ⌘ enable debugging { debug: true }
[tra-cpl][Android - Chrome] ◇ injected env (0) from .env // tip: ⌘ custom filepath { path: '/custom/path/.env' }
[tra-cpl][Android - Chrome] ◇ injected env (0) from .env // tip: ⌘ multiple files { path: ['.env.local', '.env'] }
[tra-cpl][Android - Chrome] ◇ injected env (0) from .env // tip: ◈ secrets for agents [www.dotenvx.com]
[tra-cpl][Android - Chrome] ◇ injected env (0) from .env // tip: ⌘ suppress logs { quiet: true }
[tra-cpl][Android - Chrome] 
🤖 ================================================================
🤖 MASTER RUNNER: LAUNCHING TRA-CPL
[tra-cpl][Android - Chrome] 🤖 Mode:            MOBILE
🤖 Tracking URL:     https://flmtra.com/?a=659&oc=756&c=2210&s1=
[tra-cpl][Android - Chrome] 🤖 Target Sheet:    TRA-CPL
🤖 ================================================================
[tra-cpl][Android - Chrome] 🔌 [Browser Interceptor] Intercepting and optimizing engine: CHROMIUM
[tra-cpl][Android - Chrome] 📋 Emulated Device Profile: MOBILE (Pixel 7) - [Android - Chrome]
[tra-cpl][Android - Chrome] ⏳ Delaying 200ms to allow responsive layouts to mount...
[tra-cpl][Android - Chrome] 🔄 Processing lead for brand: TRA-CPL Mobile
[tra-cpl][Android - Chrome] 📊 Campaign execution run index: 47
[tra-cpl][Android - Chrome] 🎯 Enforcing dynamic credentials & parameters:
   - First Name:   ckmtestpixel
   - Last Name:    ckmtestpixel
   - Email:        ckmtestpixel@gmail.com
   - Phone Number: 401-247-1047
   - Slider Value: 62,268
   - State Value:  West Virginia
[tra-cpl][Android - Chrome] 🔗 [Mobile] Navigating to: https://flmtra.com/?a=659&oc=756&c=2210&s1=
[tra-cpl][Android - Chrome] ✅ [Mobile] Page loaded successfully
[tra-cpl][Android - Chrome] 📱 [Mobile] Injecting high-fidelity glossy Natural Titanium iPhone 17 Pro mockup frame...
[tra-cpl][Android - Chrome] 📱 [Mobile] Injecting high-fidelity glossy Natural Titanium iPhone 17 Pro mockup frame...
[tra-cpl][Android - Chrome] 📝 [Mobile] Starting mobile-specific form filling...
[tra-cpl][Android - Chrome] 🔘 [Mobile] Step 1: Selecting Debt Amount (62,268)
[tra-cpl][Android - Chrome] 🔘 [Mobile] Clicking active visible button: .next-btn1:visible, .btn-next:visible
[tra-cpl][Android - Chrome] ✅ [Mobile] Clicked: .next-btn1:visible, .btn-next:visible
[tra-cpl][Android - Chrome] 📱 [Mobile] Injecting high-fidelity glossy Natural Titanium iPhone 17 Pro mockup frame...
[tra-cpl][Android - Chrome] ✅ [Mobile] Reached a recognized terminal step (State or Contact). Stopping dynamic traversal.
[tra-cpl][Android - Chrome] 🔘 [Mobile] Step 2: Selecting State
[tra-cpl][Android - Chrome] ✅ [Mobile] Selected state dynamically: "Washington"
📝 [Mobile] step3 column set to State: "Washington"
[tra-cpl][Android - Chrome] 🔘 [Mobile] Clicking active visible button: .next-btn:visible, .next-btn2:visible, .btn-next:visible
[tra-cpl][Android - Chrome] ✅ [Mobile] Clicked: .next-btn:visible, .next-btn2:visible, .btn-next:visible
[tra-cpl][Android - Chrome] 📱 [Mobile] Injecting high-fidelity glossy Natural Titanium iPhone 17 Pro mockup frame...
[tra-cpl][Android - Chrome] 🔘 [Mobile] Step 3: Filling Contact Info (Dynamic Loop)...
[tra-cpl][Android - Chrome] 📱 [Mobile] Injecting high-fidelity glossy Natural Titanium iPhone 17 Pro mockup frame...
[tra-cpl][Android - Chrome] ✅ [Mobile] Filled First Name: ckmtestpixel
[tra-cpl][Android - Chrome] ✅ [Mobile] Filled Last Name: ckmtestpixel
[tra-cpl][Android - Chrome] 🔘 [Mobile] Clicking active contact NEXT/SUBMIT button...
[tra-cpl][Android - Chrome] 📱 [Mobile] Injecting high-fidelity glossy Natural Titanium iPhone 17 Pro mockup frame...
[tra-cpl][Android - Chrome] ✅ [Mobile] Filled Email: ckmtestpixel@gmail.com
[tra-cpl][Android - Chrome] 🔘 [Mobile] Clicking active contact NEXT/SUBMIT button...
[tra-cpl][Android - Chrome] 📱 [Mobile] Injecting high-fidelity glossy Natural Titanium iPhone 17 Pro mockup frame...
[tra-cpl][Android - Chrome] ✅ [Mobile] Filled Phone: 401-247-1047
[tra-cpl][Android - Chrome] 🔘 [Mobile] Clicking active contact NEXT/SUBMIT button...
[tra-cpl][Android - Chrome] 📱 [Mobile] Injecting high-fidelity glossy Natural Titanium iPhone 17 Pro mockup frame...
[tra-cpl][Android - Chrome] ✅ [Mobile] Filled Phone: 401-247-1047
[tra-cpl][Android - Chrome] 🔘 [Mobile] Clicking active contact NEXT/SUBMIT button...
[tra-cpl][Android - Chrome] 📱 [Mobile] Injecting high-fidelity glossy Natural Titanium iPhone 17 Pro mockup frame...
[tra-cpl][Android - Chrome] 🔘 [Mobile] No active contact NEXT/SUBMIT button visible. Exiting loop.
🔘 [Mobile] Scanning for additional dynamic steps...
[tra-cpl][Android - Chrome] 🔘 [Mobile] Submitting form
[tra-cpl][Android - Chrome] ⏳ [Mobile] Waiting for submission navigation to complete
[tra-cpl][Android - Chrome] [STDERR] ⚠️ [Mobile] Standard submit buttons not found, consulting FLM Agent...
[tra-cpl][Android - Chrome] 🤖 [FLM Agent] Analyzing Submit button for global...
[tra-cpl][Android - Chrome] ⏳ [Mobile] Waiting for final Thank You page redirection...
[tra-cpl][Android - Chrome] ✅ [Mobile] Targeted final redirect URL achieved!
[tra-cpl][Android - Chrome] ✅ [Mobile] Final Thank You URL: https://tra.com/thank-you?debt=10000&leadid=CAD58792&reqid=26782547&affid=659&oid=133
[tra-cpl][Android - Chrome] ✅ [Mobile] Extracted Lead ID: CAD58792
[tra-cpl][Android - Chrome] 📱 Device Type detected: Android - Chrome
✅ Lead captured: CAD58792
[tra-cpl][Android - Chrome] 📡 Fetching First API data for Lead ID: CAD58792...
[tra-cpl][Android - Chrome] 📡 Raw XML Response: {
  "lead_info_response": {
    "$": {
      "xmlns:xsd": "http://www.w3.org/2001/XMLSchema",
      "xmlns:xsi": "http://www.w3.org/2001/XMLSchema-instance",
      "xmlns": "http://cakemarketing.com/api/1/"
    },
    "success": "true",
    "row_count": "1",
    "lead_id": "CAD58792",
    "personal_info": {
      "first_name": "CKMTESTPIXEL",
      "last_name": "CKMTESTPIXEL",
      "email_address": "ckmtestpixel@gmail.com",
      "address": {
        "street": "",
        "city": "",
        "state": "WA",
        "zip_code": "98621",
        "country": ""
      },
      "ip_address": "27.54.170.27",
      "phone_work": "",
      "phone_home": "401-247-1047",
      "phone_cell": "",
      "best_call_time": "",
      "opt_in": "false"
    },
    "traffic_info": {
      "lead_date": "2026-05-14T21:11:24.65",
      "payout": {
        "currency_id": "1",
        "amount": "0.0000",
        "formatted_amount": "$0.00"
      },
      "affiliate": {
        "affiliate_id": {
          "_": "659",
          "$": {
            "xmlns": "API:id_name_store"
          }
        },
        "affiliate_name": {
          "_": "QA affiliate",
          "$": {
            "xmlns": "API:id_name_store"
          }
        }
      },
      "campaign": {
        "campaign_id": {
          "_": "4075",
          "$": {
            "xmlns": "API:id_name_store"
          }
        },
        "campaign_name": {
          "_": "TRA.com CPL - CPL - CPA - $1.00",
          "$": {
            "xmlns": "API:id_name_store"
          }
        }
      },
      "creative_id": "2210",
      "subid_1": "",
      "subid_2": "",
      "subid_3": "",
      "subid_4": "",
      "subid_5": "",
      "referrer": "",
      "pixel_fired": "true",
      "returned_to_affiliate": "false",
      "test": "true",
      "upsell": "false"
    },
    "all_vertical_data": {
      "data": {
        "$": {
          "xmlns": ""
        },
        "tax_debt": "10000",
        "universal_leadid": "0C1DAC8B-E992-B5E1-0741-AECDC6FD39B8",
        "affid": "659",
        "TCPA_checkbox": "1",
        "reqid": "26782547",
        "page": "https://tra.com/list",
        "neustar": "fail",
        "neustar_disposition": "N,U,I3,L,0",
        "first_name_lower": "ckmtestpixel",
        "last_name_lower": "ckmtestpixel",
        "opt_special_offers": "on",
        "ckm_campaign_id": "3953"
      }
    },
    "dispositions": {
      "disposition": [
        {
          "disposition_type": "Not Paid For",
          "reason": "Unmatched Filter",
          "filter": "Nuestar Fail"
        },
        {
          "disposition_type": "Sent to Review Queue",
          "reason": "neustar: This value is not valid",
          "filter": "Equals Value"
        }
      ]
    },
    "pings": "",
    "posts": "",
    "sales": ""
  }
}
[tra-cpl][Android - Chrome] ✅ First API Data retrieved on attempt 1
[tra-cpl][Android - Chrome] 📡 Fetching Second API data for Lead ID: CAD58792...
[tra-cpl][Android - Chrome] 📡 Standard Second API Payload: cake_id=CAD58792, domain_name=https://www.taxreliefadvocates.com
[tra-cpl][Android - Chrome] [STDERR] (node:23488) Warning: Setting the NODE_TLS_REJECT_UNAUTHORIZED environment variable to '0' makes TLS connections and HTTPS requests insecure by disabling certificate verification.
(Use `node --trace-warnings ...` to show where the warning was created)
[tra-cpl][Android - Chrome] [STDERR] ❌ Second API Attempt 1 failed: Request failed with status code 404
[tra-cpl][Android - Chrome] ⏳ Retrying in 1 second to allow database synchronization...
[tra-cpl][Android - Chrome] 📡 Standard Second API Payload: cake_id=CAD58792, domain_name=https://www.taxreliefadvocates.com
[tra-cpl][Android - Chrome] [STDERR] ❌ Second API Attempt 2 failed: Request failed with status code 404
[tra-cpl][Android - Chrome] ⏳ Retrying in 1 second to allow database synchronization...
[tra-cpl][Android - Chrome] 📡 Standard Second API Payload: cake_id=CAD58792, domain_name=https://www.taxreliefadvocates.com
[tra-cpl][Android - Chrome] [STDERR] ❌ Second API Attempt 3 failed: Request failed with status code 404
[tra-cpl][Android - Chrome] ⏳ Retrying in 1 second to allow database synchronization...
[tra-cpl][Android - Chrome] 📡 Standard Second API Payload: cake_id=CAD58792, domain_name=https://www.taxreliefadvocates.com
[tra-cpl][Android - Chrome] [STDERR] ❌ Second API Attempt 4 failed: Request failed with status code 404
[tra-cpl][Android - Chrome] ⏳ Retrying in 1 second to allow database synchronization...
[tra-cpl][Android - Chrome] 📡 Standard Second API Payload: cake_id=CAD58792, domain_name=https://www.taxreliefadvocates.com
[tra-cpl][Android - Chrome] [STDERR] ❌ Second API Attempt 5 failed: Request failed with status code 404
[tra-cpl][Android - Chrome] 📡 [Rest-Assurance] Verifying Lead ID: CAD58792 via Backend...
[tra-cpl][Android - Chrome] 🛡️  [Rest-Assurance] VERIFIED (Backend Debt: 10000)
[tra-cpl][Android - Chrome] ✅ Row appended successfully to sheet: TRA-CPL
[tra-cpl][Android - Chrome] ⚠️  Non-fatal formatting error for TRA-CPL (Banding might already exist): Invalid requests[2].addBanding: You cannot add alternating background colors to a range that already has alternating background colors.
✅ Lead processed successfully for TRA-CPL Mobile
[tra-cpl][Android - Chrome] 🎥 Video saved successfully: traces/videos/TRA-CPL_TRA-CPL_Mobile.webm
[tra-cpl][Android - Chrome] 
✅ Execution successfully processed! { success: true, leadId: 'CAD58792', brand: 'TRA-CPL Mobile' }
[tra-cpl][Android - Chrome] [STDERR] ❌ Automation Run encountered a fatal exception: tracing.stop: Target page, context or browser has been closed
✅ [15/5/2026, 9:42:52 am] COMPLETED: tra-cpl [Android - Chrome][CHROMIUM]

================================================================
🚀 [15/5/2026, 9:42:52 am] RUNNING: TRA-CPL [ANDROID - FIREFOX]
🔗 Target URL: https://flmtra.com/?a=659&oc=756&c=2210&s1=
================================================================
[tra-cpl][Android - Firefox] 🔌 [Browser Interceptor] Intercepting and optimizing engine: FIREFOX
[tra-cpl][Android - Firefox] ◇ injected env (0) from .env // tip: ◈ encrypted .env [www.dotenvx.com]
[tra-cpl][Android - Firefox] ◇ injected env (0) from .env // tip: ◈ encrypted .env [www.dotenvx.com]
[tra-cpl][Android - Firefox] ◇ injected env (0) from .env // tip: ⌘ multiple files { path: ['.env.local', '.env'] }
[tra-cpl][Android - Firefox] ◇ injected env (0) from .env // tip: ⌘ multiple files { path: ['.env.local', '.env'] }
[tra-cpl][Android - Firefox] ◇ injected env (0) from .env // tip: ⌘ enable debugging { debug: true }
[tra-cpl][Android - Firefox] 
🤖 ================================================================
[tra-cpl][Android - Firefox] 🤖 MASTER RUNNER: LAUNCHING TRA-CPL
🤖 Mode:            MOBILE
🤖 Tracking URL:     https://flmtra.com/?a=659&oc=756&c=2210&s1=
[tra-cpl][Android - Firefox] 🤖 Target Sheet:    TRA-CPL
🤖 ================================================================
[tra-cpl][Android - Firefox] 🔌 [Browser Interceptor] Intercepting and optimizing engine: FIREFOX
[tra-cpl][Android - Firefox] 📋 Emulated Device Profile: MOBILE (Pixel 7) - [Android - Firefox]
[tra-cpl][Android - Firefox] 🔌 [Browser Interceptor] Sanitizing mobile context options for Firefox emulation...
🔌 [Browser Interceptor] Sanitizing mobile context options for Firefox emulation...
[tra-cpl][Android - Firefox] ⏳ Delaying 200ms to allow responsive layouts to mount...
[tra-cpl][Android - Firefox] 🔄 Processing lead for brand: TRA-CPL Mobile
[tra-cpl][Android - Firefox] 📊 Campaign execution run index: 50
[tra-cpl][Android - Firefox] 🎯 Enforcing dynamic credentials & parameters:
[tra-cpl][Android - Firefox]    - First Name:   ckmtestpixel
   - Last Name:    ckmtestpixel
   - Email:        ckmtestpixel@gmail.com
   - Phone Number: 401-247-1050
   - Slider Value: 7,213
   - State Value:  Alabama
[tra-cpl][Android - Firefox] 🔗 [Mobile] Navigating to: https://flmtra.com/?a=659&oc=756&c=2210&s1=
[tra-cpl][Android - Firefox] ✅ [Mobile] Page loaded successfully
[tra-cpl][Android - Firefox] 📱 [Mobile] Injecting high-fidelity glossy Natural Titanium iPhone 17 Pro mockup frame...
[tra-cpl][Android - Firefox] 📱 [Mobile] Injecting high-fidelity glossy Natural Titanium iPhone 17 Pro mockup frame...
[tra-cpl][Android - Firefox] 📝 [Mobile] Starting mobile-specific form filling...
[tra-cpl][Android - Firefox] 🔘 [Mobile] Step 1: Selecting Debt Amount (7,213)
[tra-cpl][Android - Firefox] 🔘 [Mobile] Clicking active visible button: .next-btn1:visible, .btn-next:visible
[tra-cpl][Android - Firefox] ✅ [Mobile] Clicked: .next-btn1:visible, .btn-next:visible
[tra-cpl][Android - Firefox] 📱 [Mobile] Injecting high-fidelity glossy Natural Titanium iPhone 17 Pro mockup frame...
[tra-cpl][Android - Firefox] ✅ [Mobile] Reached a recognized terminal step (State or Contact). Stopping dynamic traversal.
[tra-cpl][Android - Firefox] 🔘 [Mobile] Step 2: Selecting State
[tra-cpl][Android - Firefox] ✅ [Mobile] Selected state dynamically: "Wyoming"
📝 [Mobile] step3 column set to State: "Wyoming"
[tra-cpl][Android - Firefox] 🔘 [Mobile] Clicking active visible button: .next-btn:visible, .next-btn2:visible, .btn-next:visible
[tra-cpl][Android - Firefox] ✅ [Mobile] Clicked: .next-btn:visible, .next-btn2:visible, .btn-next:visible
[tra-cpl][Android - Firefox] 📱 [Mobile] Injecting high-fidelity glossy Natural Titanium iPhone 17 Pro mockup frame...
[tra-cpl][Android - Firefox] 🔘 [Mobile] Step 3: Filling Contact Info (Dynamic Loop)...
[tra-cpl][Android - Firefox] 📱 [Mobile] Injecting high-fidelity glossy Natural Titanium iPhone 17 Pro mockup frame...
[tra-cpl][Android - Firefox] ✅ [Mobile] Filled First Name: ckmtestpixel
[tra-cpl][Android - Firefox] ✅ [Mobile] Filled Last Name: ckmtestpixel
[tra-cpl][Android - Firefox] 🔘 [Mobile] Clicking active contact NEXT/SUBMIT button...
[tra-cpl][Android - Firefox] 📱 [Mobile] Injecting high-fidelity glossy Natural Titanium iPhone 17 Pro mockup frame...
[tra-cpl][Android - Firefox] ✅ [Mobile] Filled Email: ckmtestpixel@gmail.com
[tra-cpl][Android - Firefox] 🔘 [Mobile] Clicking active contact NEXT/SUBMIT button...
[tra-cpl][Android - Firefox] 📱 [Mobile] Injecting high-fidelity glossy Natural Titanium iPhone 17 Pro mockup frame...
[tra-cpl][Android - Firefox] ✅ [Mobile] Filled Phone: 401-247-1050
[tra-cpl][Android - Firefox] 🔘 [Mobile] Clicking active contact NEXT/SUBMIT button...
[tra-cpl][Android - Firefox] 📱 [Mobile] Injecting high-fidelity glossy Natural Titanium iPhone 17 Pro mockup frame...
[tra-cpl][Android - Firefox] ✅ [Mobile] Filled Phone: 401-247-1050
[tra-cpl][Android - Firefox] 🔘 [Mobile] Clicking active contact NEXT/SUBMIT button...
[tra-cpl][Android - Firefox] 📱 [Mobile] Injecting high-fidelity glossy Natural Titanium iPhone 17 Pro mockup frame...
[tra-cpl][Android - Firefox] 🔘 [Mobile] No active contact NEXT/SUBMIT button visible. Exiting loop.
🔘 [Mobile] Scanning for additional dynamic steps...
[tra-cpl][Android - Firefox] 🔘 [Mobile] Submitting form
[tra-cpl][Android - Firefox] ⏳ [Mobile] Waiting for submission navigation to complete
[tra-cpl][Android - Firefox] [STDERR] ⚠️ [Mobile] Standard submit buttons not found, consulting FLM Agent...
[tra-cpl][Android - Firefox] 🤖 [FLM Agent] Analyzing Submit button for global...
[tra-cpl][Android - Firefox] ⏳ [Mobile] Waiting for final Thank You page redirection...
[tra-cpl][Android - Firefox] ✅ [Mobile] Targeted final redirect URL achieved!
[tra-cpl][Android - Firefox] ✅ [Mobile] Final Thank You URL: https://tra.com/thank-you?debt=10000&leadid=1432C98B&reqid=26782554&affid=659&oid=133
[tra-cpl][Android - Firefox] ✅ [Mobile] Extracted Lead ID: 1432C98B
📱 Device Type detected: Android - Firefox
[tra-cpl][Android - Firefox] ✅ Lead captured: 1432C98B
[tra-cpl][Android - Firefox] 📡 Fetching First API data for Lead ID: 1432C98B...
[tra-cpl][Android - Firefox] 📡 Raw XML Response: {
  "lead_info_response": {
    "$": {
      "xmlns:xsd": "http://www.w3.org/2001/XMLSchema",
      "xmlns:xsi": "http://www.w3.org/2001/XMLSchema-instance",
      "xmlns": "http://cakemarketing.com/api/1/"
    },
    "success": "true",
    "row_count": "1",
    "lead_id": "1432C98B",
    "personal_info": {
      "first_name": "CKMTESTPIXEL",
      "last_name": "CKMTESTPIXEL",
      "email_address": "ckmtestpixel@gmail.com",
      "address": {
        "street": "",
        "city": "",
        "state": "WY",
        "zip_code": "82336",
        "country": ""
      },
      "ip_address": "27.54.170.27",
      "phone_work": "",
      "phone_home": "401-247-1050",
      "phone_cell": "",
      "best_call_time": "",
      "opt_in": "false"
    },
    "traffic_info": {
      "lead_date": "2026-05-14T21:13:21.037",
      "payout": {
        "currency_id": "1",
        "amount": "0.0000",
        "formatted_amount": "$0.00"
      },
      "affiliate": {
        "affiliate_id": {
          "_": "659",
          "$": {
            "xmlns": "API:id_name_store"
          }
        },
        "affiliate_name": {
          "_": "QA affiliate",
          "$": {
            "xmlns": "API:id_name_store"
          }
        }
      },
      "campaign": {
        "campaign_id": {
          "_": "4075",
          "$": {
            "xmlns": "API:id_name_store"
          }
        },
        "campaign_name": {
          "_": "TRA.com CPL - CPL - CPA - $1.00",
          "$": {
            "xmlns": "API:id_name_store"
          }
        }
      },
      "creative_id": "2210",
      "subid_1": "",
      "subid_2": "",
      "subid_3": "",
      "subid_4": "",
      "subid_5": "",
      "referrer": "",
      "pixel_fired": "true",
      "returned_to_affiliate": "false",
      "test": "true",
      "upsell": "false"
    },
    "all_vertical_data": {
      "data": {
        "$": {
          "xmlns": ""
        },
        "tax_debt": "10000",
        "universal_leadid": "5F5CC39E-7B15-BA2D-134D-4DCCE1D7C895",
        "affid": "659",
        "TCPA_checkbox": "1",
        "reqid": "26782554",
        "page": "https://tra.com/list",
        "neustar": "pass",
        "neustar_disposition": "N,U,A1,L,0",
        "first_name_lower": "ckmtestpixel",
        "last_name_lower": "ckmtestpixel",
        "opt_special_offers": "on",
        "ckm_campaign_id": "3953"
      }
    },
    "dispositions": "",
    "pings": "",
    "posts": "",
    "sales": ""
  }
}
✅ First API Data retrieved on attempt 1
[tra-cpl][Android - Firefox] 📡 Fetching Second API data for Lead ID: 1432C98B...
[tra-cpl][Android - Firefox] 📡 Standard Second API Payload: cake_id=1432C98B, domain_name=https://www.taxreliefadvocates.com
[tra-cpl][Android - Firefox] [STDERR] (node:19380) Warning: Setting the NODE_TLS_REJECT_UNAUTHORIZED environment variable to '0' makes TLS connections and HTTPS requests insecure by disabling certificate verification.
(Use `node --trace-warnings ...` to show where the warning was created)
[tra-cpl][Android - Firefox] [STDERR] ❌ Second API Attempt 1 failed: Request failed with status code 404
[tra-cpl][Android - Firefox] ⏳ Retrying in 1 second to allow database synchronization...
[tra-cpl][Android - Firefox] 📡 Standard Second API Payload: cake_id=1432C98B, domain_name=https://www.taxreliefadvocates.com
[tra-cpl][Android - Firefox] [STDERR] ❌ Second API Attempt 2 failed: Request failed with status code 404
[tra-cpl][Android - Firefox] ⏳ Retrying in 1 second to allow database synchronization...
[tra-cpl][Android - Firefox] 📡 Standard Second API Payload: cake_id=1432C98B, domain_name=https://www.taxreliefadvocates.com
[tra-cpl][Android - Firefox] [STDERR] ❌ Second API Attempt 3 failed: Request failed with status code 404
[tra-cpl][Android - Firefox] ⏳ Retrying in 1 second to allow database synchronization...
[tra-cpl][Android - Firefox] 📡 Standard Second API Payload: cake_id=1432C98B, domain_name=https://www.taxreliefadvocates.com
[tra-cpl][Android - Firefox] [STDERR] ❌ Second API Attempt 4 failed: Request failed with status code 404
[tra-cpl][Android - Firefox] ⏳ Retrying in 1 second to allow database synchronization...
[tra-cpl][Android - Firefox] 📡 Standard Second API Payload: cake_id=1432C98B, domain_name=https://www.taxreliefadvocates.com
[tra-cpl][Android - Firefox] [STDERR] ❌ Second API Attempt 5 failed: Request failed with status code 404
[tra-cpl][Android - Firefox] 📡 [Rest-Assurance] Verifying Lead ID: 1432C98B via Backend...
[tra-cpl][Android - Firefox] 🛡️  [Rest-Assurance] VERIFIED (Backend Debt: 10000)
[tra-cpl][Android - Firefox] ✅ Row appended successfully to sheet: TRA-CPL
[tra-cpl][Android - Firefox] ⚠️  Non-fatal formatting error for TRA-CPL (Banding might already exist): Invalid requests[2].addBanding: You cannot add alternating background colors to a range that already has alternating background colors.
✅ Lead processed successfully for TRA-CPL Mobile
[tra-cpl][Android - Firefox] 🎥 Video saved successfully: traces/videos/TRA-CPL_TRA-CPL_Mobile.webm
[tra-cpl][Android - Firefox] 
✅ Execution successfully processed! { success: true, leadId: '1432C98B', brand: 'TRA-CPL Mobile' }
[tra-cpl][Android - Firefox] [STDERR] ❌ Automation Run encountered a fatal exception: tracing.stop: Target page, context or browser has been closed
✅ [15/5/2026, 9:44:20 am] COMPLETED: tra-cpl [Android - Firefox][FIREFOX]

================================================================
🚀 [15/5/2026, 9:44:21 am] RUNNING: TRA-CPL [IOS - CHROME]
🔗 Target URL: https://flmtra.com/?a=659&oc=756&c=2210&s1=
================================================================
[tra-cpl][iOS - Chrome] 🔌 [Browser Interceptor] Intercepting and optimizing engine: CHROMIUM
[tra-cpl][iOS - Chrome] ◇ injected env (0) from .env // tip: ⌘ enable debugging { debug: true }
[tra-cpl][iOS - Chrome] ◇ injected env (0) from .env // tip: ◈ encrypted .env [www.dotenvx.com]
[tra-cpl][iOS - Chrome] ◇ injected env (0) from .env // tip: ⌘ multiple files { path: ['.env.local', '.env'] }
[tra-cpl][iOS - Chrome] ◇ injected env (0) from .env // tip: ◈ secrets for agents [www.dotenvx.com]
[tra-cpl][iOS - Chrome] ◇ injected env (0) from .env // tip: ◈ encrypted .env [www.dotenvx.com]
[tra-cpl][iOS - Chrome] 
🤖 ================================================================
[tra-cpl][iOS - Chrome] 🤖 MASTER RUNNER: LAUNCHING TRA-CPL
🤖 Mode:            MOBILE
🤖 Tracking URL:     https://flmtra.com/?a=659&oc=756&c=2210&s1=
[tra-cpl][iOS - Chrome] 🤖 Target Sheet:    TRA-CPL
🤖 ================================================================
[tra-cpl][iOS - Chrome] 🔌 [Browser Interceptor] Intercepting and optimizing engine: CHROMIUM
[tra-cpl][iOS - Chrome] 📋 Emulated Device Profile: MOBILE (iPhone 17 Pro Mode) - [iOS - Chrome]
[tra-cpl][iOS - Chrome] ⏳ Delaying 200ms to allow responsive layouts to mount...
[tra-cpl][iOS - Chrome] 🔄 Processing lead for brand: TRA-CPL Mobile
[tra-cpl][iOS - Chrome] 📊 Campaign execution run index: 51
[tra-cpl][iOS - Chrome] 🎯 Enforcing dynamic credentials & parameters:
   - First Name:   ckmtestpixel
[tra-cpl][iOS - Chrome]    - Last Name:    ckmtestpixel
   - Email:        ckmtestpixel@gmail.com
   - Phone Number: 401-247-1051
   - Slider Value: 8,415
   - State Value:  Alaska
[tra-cpl][iOS - Chrome] 🔗 [Mobile] Navigating to: https://flmtra.com/?a=659&oc=756&c=2210&s1=
[tra-cpl][iOS - Chrome] ✅ [Mobile] Page loaded successfully
[tra-cpl][iOS - Chrome] 📱 [Mobile] Injecting high-fidelity glossy Natural Titanium iPhone 17 Pro mockup frame...
[tra-cpl][iOS - Chrome] 📱 [Mobile] Injecting high-fidelity glossy Natural Titanium iPhone 17 Pro mockup frame...
[tra-cpl][iOS - Chrome] 📝 [Mobile] Starting mobile-specific form filling...
[tra-cpl][iOS - Chrome] 🔘 [Mobile] Step 1: Selecting Debt Amount (8,415)
[tra-cpl][iOS - Chrome] 🔘 [Mobile] Clicking active visible button: .next-btn1:visible, .btn-next:visible
[tra-cpl][iOS - Chrome] ✅ [Mobile] Clicked: .next-btn1:visible, .btn-next:visible
[tra-cpl][iOS - Chrome] 📱 [Mobile] Injecting high-fidelity glossy Natural Titanium iPhone 17 Pro mockup frame...
[tra-cpl][iOS - Chrome] ✅ [Mobile] Reached a recognized terminal step (State or Contact). Stopping dynamic traversal.
[tra-cpl][iOS - Chrome] 🔘 [Mobile] Step 2: Selecting State
[tra-cpl][iOS - Chrome] ✅ [Mobile] Selected state dynamically: "Alabama"
📝 [Mobile] step3 column set to State: "Alabama"
[tra-cpl][iOS - Chrome] 🔘 [Mobile] Clicking active visible button: .next-btn:visible, .next-btn2:visible, .btn-next:visible
[tra-cpl][iOS - Chrome] ✅ [Mobile] Clicked: .next-btn:visible, .next-btn2:visible, .btn-next:visible
[tra-cpl][iOS - Chrome] 📱 [Mobile] Injecting high-fidelity glossy Natural Titanium iPhone 17 Pro mockup frame...
[tra-cpl][iOS - Chrome] 🔘 [Mobile] Step 3: Filling Contact Info (Dynamic Loop)...
[tra-cpl][iOS - Chrome] 📱 [Mobile] Injecting high-fidelity glossy Natural Titanium iPhone 17 Pro mockup frame...
[tra-cpl][iOS - Chrome] ✅ [Mobile] Filled First Name: ckmtestpixel
[tra-cpl][iOS - Chrome] ✅ [Mobile] Filled Last Name: ckmtestpixel
[tra-cpl][iOS - Chrome] 🔘 [Mobile] Clicking active contact NEXT/SUBMIT button...
[tra-cpl][iOS - Chrome] 📱 [Mobile] Injecting high-fidelity glossy Natural Titanium iPhone 17 Pro mockup frame...
[tra-cpl][iOS - Chrome] ✅ [Mobile] Filled Email: ckmtestpixel@gmail.com
[tra-cpl][iOS - Chrome] 🔘 [Mobile] Clicking active contact NEXT/SUBMIT button...
[tra-cpl][iOS - Chrome] 📱 [Mobile] Injecting high-fidelity glossy Natural Titanium iPhone 17 Pro mockup frame...
[tra-cpl][iOS - Chrome] ✅ [Mobile] Filled Phone: 401-247-1051
[tra-cpl][iOS - Chrome] 🔘 [Mobile] Clicking active contact NEXT/SUBMIT button...
[tra-cpl][iOS - Chrome] 📱 [Mobile] Injecting high-fidelity glossy Natural Titanium iPhone 17 Pro mockup frame...
[tra-cpl][iOS - Chrome] ✅ [Mobile] Filled Phone: 401-247-1051
[tra-cpl][iOS - Chrome] 🔘 [Mobile] Clicking active contact NEXT/SUBMIT button...
[tra-cpl][iOS - Chrome] 📱 [Mobile] Injecting high-fidelity glossy Natural Titanium iPhone 17 Pro mockup frame...
[tra-cpl][iOS - Chrome] 🔘 [Mobile] No active contact NEXT/SUBMIT button visible. Exiting loop.
🔘 [Mobile] Scanning for additional dynamic steps...
[tra-cpl][iOS - Chrome] 🔘 [Mobile] Submitting form
[tra-cpl][iOS - Chrome] ⏳ [Mobile] Waiting for submission navigation to complete
[tra-cpl][iOS - Chrome] [STDERR] ⚠️ [Mobile] Standard submit buttons not found, consulting FLM Agent...
[tra-cpl][iOS - Chrome] 🤖 [FLM Agent] Analyzing Submit button for global...
[tra-cpl][iOS - Chrome] ⏳ [Mobile] Waiting for final Thank You page redirection...
[tra-cpl][iOS - Chrome] ✅ [Mobile] Targeted final redirect URL achieved!
[tra-cpl][iOS - Chrome] ✅ [Mobile] Final Thank You URL: https://tra.com/thank-you?debt=10000&leadid=518C2C3F&reqid=26782557&affid=659&oid=133
[tra-cpl][iOS - Chrome] ✅ [Mobile] Extracted Lead ID: 518C2C3F
[tra-cpl][iOS - Chrome] 📱 Device Type detected: iOS - Chrome
✅ Lead captured: 518C2C3F
[tra-cpl][iOS - Chrome] 📡 Fetching First API data for Lead ID: 518C2C3F...
[tra-cpl][iOS - Chrome] 📡 Raw XML Response: {
  "lead_info_response": {
    "$": {
      "xmlns:xsd": "http://www.w3.org/2001/XMLSchema",
      "xmlns:xsi": "http://www.w3.org/2001/XMLSchema-instance",
      "xmlns": "http://cakemarketing.com/api/1/"
    },
    "success": "true",
    "row_count": "1",
    "lead_id": "518C2C3F",
    "personal_info": {
      "first_name": "CKMTESTPIXEL",
      "last_name": "CKMTESTPIXEL",
      "email_address": "ckmtestpixel@gmail.com",
      "address": {
        "street": "",
        "city": "",
        "state": "AL",
        "zip_code": "36904",
        "country": ""
      },
      "ip_address": "27.54.170.27",
      "phone_work": "",
      "phone_home": "401-247-1051",
      "phone_cell": "",
      "best_call_time": "",
      "opt_in": "false"
    },
    "traffic_info": {
      "lead_date": "2026-05-14T21:14:50.227",
      "payout": {
        "currency_id": "1",
        "amount": "0.0000",
        "formatted_amount": "$0.00"
      },
      "affiliate": {
        "affiliate_id": {
          "_": "659",
          "$": {
            "xmlns": "API:id_name_store"
          }
        },
        "affiliate_name": {
          "_": "QA affiliate",
          "$": {
            "xmlns": "API:id_name_store"
          }
        }
      },
      "campaign": {
        "campaign_id": {
          "_": "4075",
          "$": {
            "xmlns": "API:id_name_store"
          }
        },
        "campaign_name": {
          "_": "TRA.com CPL - CPL - CPA - $1.00",
          "$": {
            "xmlns": "API:id_name_store"
          }
        }
      },
      "creative_id": "2210",
      "subid_1": "",
      "subid_2": "",
      "subid_3": "",
      "subid_4": "",
      "subid_5": "",
      "referrer": "",
      "pixel_fired": "true",
      "returned_to_affiliate": "false",
      "test": "true",
      "upsell": "false"
    },
    "all_vertical_data": {
      "data": {
        "$": {
          "xmlns": ""
        },
        "tax_debt": "10000",
        "universal_leadid": "135226A5-E0F8-C256-DEF7-ED4F0CB6EB16",
        "affid": "659",
        "TCPA_checkbox": "1",
        "reqid": "26782557",
        "page": "https://tra.com/list",
        "neustar": "fail",
        "neustar_disposition": "N,U,I1,L,0",
        "first_name_lower": "ckmtestpixel",
        "last_name_lower": "ckmtestpixel",
        "opt_special_offers": "on",
        "ckm_campaign_id": "3953"
      }
    },
    "dispositions": {
      "disposition": [
        {
          "disposition_type": "Not Paid For",
          "reason": "Unmatched Filter",
          "filter": "Nuestar Fail"
        },
        {
          "disposition_type": "Sent to Review Queue",
          "reason": "neustar: This value is not valid",
          "filter": "Equals Value"
        }
      ]
    },
    "pings": "",
    "posts": "",
    "sales": ""
  }
}
[tra-cpl][iOS - Chrome] ✅ First API Data retrieved on attempt 1
[tra-cpl][iOS - Chrome] 📡 Fetching Second API data for Lead ID: 518C2C3F...
[tra-cpl][iOS - Chrome] 📡 Standard Second API Payload: cake_id=518C2C3F, domain_name=https://www.taxreliefadvocates.com
[tra-cpl][iOS - Chrome] [STDERR] (node:9832) Warning: Setting the NODE_TLS_REJECT_UNAUTHORIZED environment variable to '0' makes TLS connections and HTTPS requests insecure by disabling certificate verification.
(Use `node --trace-warnings ...` to show where the warning was created)
[tra-cpl][iOS - Chrome] [STDERR] ❌ Second API Attempt 1 failed: Request failed with status code 404
[tra-cpl][iOS - Chrome] ⏳ Retrying in 1 second to allow database synchronization...
[tra-cpl][iOS - Chrome] 📡 Standard Second API Payload: cake_id=518C2C3F, domain_name=https://www.taxreliefadvocates.com
[tra-cpl][iOS - Chrome] [STDERR] ❌ Second API Attempt 2 failed: Request failed with status code 404
[tra-cpl][iOS - Chrome] ⏳ Retrying in 1 second to allow database synchronization...
[tra-cpl][iOS - Chrome] 📡 Standard Second API Payload: cake_id=518C2C3F, domain_name=https://www.taxreliefadvocates.com
[tra-cpl][iOS - Chrome] [STDERR] ❌ Second API Attempt 3 failed: Request failed with status code 404
[tra-cpl][iOS - Chrome] ⏳ Retrying in 1 second to allow database synchronization...
[tra-cpl][iOS - Chrome] 📡 Standard Second API Payload: cake_id=518C2C3F, domain_name=https://www.taxreliefadvocates.com
[tra-cpl][iOS - Chrome] [STDERR] ❌ Second API Attempt 4 failed: Request failed with status code 404
[tra-cpl][iOS - Chrome] ⏳ Retrying in 1 second to allow database synchronization...
[tra-cpl][iOS - Chrome] 📡 Standard Second API Payload: cake_id=518C2C3F, domain_name=https://www.taxreliefadvocates.com
[tra-cpl][iOS - Chrome] [STDERR] ❌ Second API Attempt 5 failed: Request failed with status code 404
[tra-cpl][iOS - Chrome] 📡 [Rest-Assurance] Verifying Lead ID: 518C2C3F via Backend...
[tra-cpl][iOS - Chrome] 🛡️  [Rest-Assurance] VERIFIED (Backend Debt: 10000)
[tra-cpl][iOS - Chrome] ✅ Row appended successfully to sheet: TRA-CPL
[tra-cpl][iOS - Chrome] ⚠️  Non-fatal formatting error for TRA-CPL (Banding might already exist): Invalid requests[2].addBanding: You cannot add alternating background colors to a range that already has alternating background colors.
✅ Lead processed successfully for TRA-CPL Mobile
[tra-cpl][iOS - Chrome] 🎥 Video saved successfully: traces/videos/TRA-CPL_TRA-CPL_Mobile.webm
[tra-cpl][iOS - Chrome] 
✅ Execution successfully processed! { success: true, leadId: '518C2C3F', brand: 'TRA-CPL Mobile' }
[tra-cpl][iOS - Chrome] [STDERR] ❌ Automation Run encountered a fatal exception: tracing.stop: Target page, context or browser has been closed
✅ [15/5/2026, 9:46:16 am] COMPLETED: tra-cpl [iOS - Chrome][CHROMIUM]

================================================================
🚀 [15/5/2026, 9:46:16 am] RUNNING: TRA-CPL [IOS - SAFARI]
🔗 Target URL: https://flmtra.com/?a=659&oc=756&c=2210&s1=
================================================================
[tra-cpl][iOS - Safari] 🔌 [Browser Interceptor] Intercepting and optimizing engine: WEBKIT
[tra-cpl][iOS - Safari] ◇ injected env (0) from .env // tip: ⌘ override existing { override: true }
[tra-cpl][iOS - Safari] ◇ injected env (0) from .env // tip: ⌘ enable debugging { debug: true }
[tra-cpl][iOS - Safari] ◇ injected env (0) from .env // tip: ◈ encrypted .env [www.dotenvx.com]
[tra-cpl][iOS - Safari] ◇ injected env (0) from .env // tip: ⌘ enable debugging { debug: true }
[tra-cpl][iOS - Safari] ◇ injected env (0) from .env // tip: ⌘ multiple files { path: ['.env.local', '.env'] }
[tra-cpl][iOS - Safari] 
🤖 ================================================================
[tra-cpl][iOS - Safari] 🤖 MASTER RUNNER: LAUNCHING TRA-CPL
🤖 Mode:            MOBILE
🤖 Tracking URL:     https://flmtra.com/?a=659&oc=756&c=2210&s1=
[tra-cpl][iOS - Safari] 🤖 Target Sheet:    TRA-CPL
🤖 ================================================================
[tra-cpl][iOS - Safari] 🔌 [Browser Interceptor] Intercepting and optimizing engine: WEBKIT
[tra-cpl][iOS - Safari] 📋 Emulated Device Profile: MOBILE (iPhone 17 Pro Mode) - [iOS - Safari]
[tra-cpl][iOS - Safari] ⏳ Delaying 200ms to allow responsive layouts to mount...
[tra-cpl][iOS - Safari] 🔄 Processing lead for brand: TRA-CPL Mobile
[tra-cpl][iOS - Safari] 📊 Campaign execution run index: 54
[tra-cpl][iOS - Safari] 🎯 Enforcing dynamic credentials & parameters:
   - First Name:   ckmtestpixel
   - Last Name:    ckmtestpixel
   - Email:        ckmtestpixel@gmail.com
[tra-cpl][iOS - Safari]    - Phone Number: 401-247-1054
   - Slider Value: 66,723
   - State Value:  California
[tra-cpl][iOS - Safari] 🔗 [Mobile] Navigating to: https://flmtra.com/?a=659&oc=756&c=2210&s1=
[tra-cpl][iOS - Safari] ✅ [Mobile] Page loaded successfully
[tra-cpl][iOS - Safari] 📱 [Mobile] Injecting high-fidelity glossy Natural Titanium iPhone 17 Pro mockup frame...
[tra-cpl][iOS - Safari] 📱 [Mobile] Injecting high-fidelity glossy Natural Titanium iPhone 17 Pro mockup frame...
[tra-cpl][iOS - Safari] 📝 [Mobile] Starting mobile-specific form filling...
[tra-cpl][iOS - Safari] 🔘 [Mobile] Step 1: Selecting Debt Amount (66,723)
[tra-cpl][iOS - Safari] 🔘 [Mobile] Clicking active visible button: .next-btn1:visible, .btn-next:visible
[tra-cpl][iOS - Safari] ✅ [Mobile] Clicked: .next-btn1:visible, .btn-next:visible
[tra-cpl][iOS - Safari] 📱 [Mobile] Injecting high-fidelity glossy Natural Titanium iPhone 17 Pro mockup frame...
[tra-cpl][iOS - Safari] ✅ [Mobile] Reached a recognized terminal step (State or Contact). Stopping dynamic traversal.
[tra-cpl][iOS - Safari] 🔘 [Mobile] Step 2: Selecting State
[tra-cpl][iOS - Safari] ✅ [Mobile] Selected state dynamically: "Arkansas"
📝 [Mobile] step3 column set to State: "Arkansas"
[tra-cpl][iOS - Safari] 🔘 [Mobile] Clicking active visible button: .next-btn:visible, .next-btn2:visible, .btn-next:visible
[tra-cpl][iOS - Safari] ✅ [Mobile] Clicked: .next-btn:visible, .next-btn2:visible, .btn-next:visible
[tra-cpl][iOS - Safari] 📱 [Mobile] Injecting high-fidelity glossy Natural Titanium iPhone 17 Pro mockup frame...
[tra-cpl][iOS - Safari] 🔘 [Mobile] Step 3: Filling Contact Info (Dynamic Loop)...
[tra-cpl][iOS - Safari] 📱 [Mobile] Injecting high-fidelity glossy Natural Titanium iPhone 17 Pro mockup frame...
[tra-cpl][iOS - Safari] ✅ [Mobile] Filled First Name: ckmtestpixel
[tra-cpl][iOS - Safari] ✅ [Mobile] Filled Last Name: ckmtestpixel
[tra-cpl][iOS - Safari] 🔘 [Mobile] Clicking active contact NEXT/SUBMIT button...
[tra-cpl][iOS - Safari] 📱 [Mobile] Injecting high-fidelity glossy Natural Titanium iPhone 17 Pro mockup frame...
[tra-cpl][iOS - Safari] ✅ [Mobile] Filled Email: ckmtestpixel@gmail.com
[tra-cpl][iOS - Safari] 🔘 [Mobile] Clicking active contact NEXT/SUBMIT button...
[tra-cpl][iOS - Safari] 📱 [Mobile] Injecting high-fidelity glossy Natural Titanium iPhone 17 Pro mockup frame...
[tra-cpl][iOS - Safari] ✅ [Mobile] Filled Phone: 401-247-1054
[tra-cpl][iOS - Safari] 🔘 [Mobile] Clicking active contact NEXT/SUBMIT button...
[tra-cpl][iOS - Safari] 📱 [Mobile] Injecting high-fidelity glossy Natural Titanium iPhone 17 Pro mockup frame...
[tra-cpl][iOS - Safari] ✅ [Mobile] Filled Phone: 401-247-1054
[tra-cpl][iOS - Safari] 🔘 [Mobile] No active contact NEXT/SUBMIT button visible. Exiting loop.
🔘 [Mobile] Scanning for additional dynamic steps...
[tra-cpl][iOS - Safari] 🔘 [Mobile] Submitting form
[tra-cpl][iOS - Safari] ⏳ [Mobile] Waiting for submission navigation to complete
[tra-cpl][iOS - Safari] [STDERR] ⚠️ [Mobile] Standard submit buttons not found, consulting FLM Agent...
[tra-cpl][iOS - Safari] 🤖 [FLM Agent] Analyzing Submit button for global...
[tra-cpl][iOS - Safari] ⏳ [Mobile] Waiting for final Thank You page redirection...
[tra-cpl][iOS - Safari] ✅ [Mobile] Targeted final redirect URL achieved!
[tra-cpl][iOS - Safari] ✅ [Mobile] Final Thank You URL: https://tra.com/thank-you?debt=10000&leadid=793760FE&reqid=26782564&affid=659&oid=133
[tra-cpl][iOS - Safari] ✅ [Mobile] Extracted Lead ID: 793760FE
[tra-cpl][iOS - Safari] 📱 Device Type detected: iOS - Safari
✅ Lead captured: 793760FE
[tra-cpl][iOS - Safari] 📡 Fetching First API data for Lead ID: 793760FE...
[tra-cpl][iOS - Safari] 📡 Raw XML Response: {
  "lead_info_response": {
    "$": {
      "xmlns:xsd": "http://www.w3.org/2001/XMLSchema",
      "xmlns:xsi": "http://www.w3.org/2001/XMLSchema-instance",
      "xmlns": "http://cakemarketing.com/api/1/"
    },
    "success": "true",
    "row_count": "1",
    "lead_id": "793760FE",
    "personal_info": {
      "first_name": "CKMTESTPIXEL",
      "last_name": "CKMTESTPIXEL",
      "email_address": "ckmtestpixel@gmail.com",
      "address": {
        "street": "",
        "city": "",
        "state": "AR",
        "zip_code": "71603",
        "country": ""
      },
      "ip_address": "27.54.170.27",
      "phone_work": "",
      "phone_home": "401-247-1054",
      "phone_cell": "",
      "best_call_time": "",
      "opt_in": "false"
    },
    "traffic_info": {
      "lead_date": "2026-05-14T21:16:45.607",
      "payout": {
        "currency_id": "1",
        "amount": "0.0000",
        "formatted_amount": "$0.00"
      },
      "affiliate": {
        "affiliate_id": {
          "_": "659",
          "$": {
            "xmlns": "API:id_name_store"
          }
        },
        "affiliate_name": {
          "_": "QA affiliate",
          "$": {
            "xmlns": "API:id_name_store"
          }
        }
      },
      "campaign": {
        "campaign_id": {
          "_": "4075",
          "$": {
            "xmlns": "API:id_name_store"
          }
        },
        "campaign_name": {
          "_": "TRA.com CPL - CPL - CPA - $1.00",
          "$": {
            "xmlns": "API:id_name_store"
          }
        }
      },
      "creative_id": "2210",
      "subid_1": "",
      "subid_2": "",
      "subid_3": "",
      "subid_4": "",
      "subid_5": "",
      "referrer": "",
      "pixel_fired": "true",
      "returned_to_affiliate": "false",
      "test": "true",
      "upsell": "false"
    },
    "all_vertical_data": {
      "data": {
        "$": {
          "xmlns": ""
        },
        "tax_debt": "10000",
        "universal_leadid": "61D74F3B-6EF3-63B5-CC48-A9C7C68B42F1",
        "affid": "659",
        "TCPA_checkbox": "1",
        "reqid": "26782564",
        "page": "https://tra.com/list",
        "neustar": "fail",
        "neustar_disposition": "N,U,I3,L,0",
        "first_name_lower": "ckmtestpixel",
        "last_name_lower": "ckmtestpixel",
        "opt_special_offers": "on",
        "ckm_campaign_id": "3953"
      }
    },
    "dispositions": {
      "disposition": [
        {
          "disposition_type": "Not Paid For",
          "reason": "Unmatched Filter",
          "filter": "Nuestar Fail"
        },
        {
          "disposition_type": "Sent to Review Queue",
          "reason": "neustar: This value is not valid",
          "filter": "Equals Value"
        }
      ]
    },
    "pings": "",
    "posts": "",
    "sales": ""
  }
}
✅ First API Data retrieved on attempt 1
[tra-cpl][iOS - Safari] 📡 Fetching Second API data for Lead ID: 793760FE...
[tra-cpl][iOS - Safari] 📡 Standard Second API Payload: cake_id=793760FE, domain_name=https://www.taxreliefadvocates.com
[tra-cpl][iOS - Safari] [STDERR] (node:26484) Warning: Setting the NODE_TLS_REJECT_UNAUTHORIZED environment variable to '0' makes TLS connections and HTTPS requests insecure by disabling certificate verification.
(Use `node --trace-warnings ...` to show where the warning was created)
[tra-cpl][iOS - Safari] [STDERR] ❌ Second API Attempt 1 failed: Request failed with status code 404
[tra-cpl][iOS - Safari] ⏳ Retrying in 1 second to allow database synchronization...
[tra-cpl][iOS - Safari] 📡 Standard Second API Payload: cake_id=793760FE, domain_name=https://www.taxreliefadvocates.com
[tra-cpl][iOS - Safari] [STDERR] ❌ Second API Attempt 2 failed: Request failed with status code 404
[tra-cpl][iOS - Safari] ⏳ Retrying in 1 second to allow database synchronization...
[tra-cpl][iOS - Safari] 📡 Standard Second API Payload: cake_id=793760FE, domain_name=https://www.taxreliefadvocates.com
[tra-cpl][iOS - Safari] [STDERR] ❌ Second API Attempt 3 failed: Request failed with status code 404
[tra-cpl][iOS - Safari] ⏳ Retrying in 1 second to allow database synchronization...
[tra-cpl][iOS - Safari] 📡 Standard Second API Payload: cake_id=793760FE, domain_name=https://www.taxreliefadvocates.com
[tra-cpl][iOS - Safari] [STDERR] ❌ Second API Attempt 4 failed: Request failed with status code 404
[tra-cpl][iOS - Safari] ⏳ Retrying in 1 second to allow database synchronization...
[tra-cpl][iOS - Safari] 📡 Standard Second API Payload: cake_id=793760FE, domain_name=https://www.taxreliefadvocates.com
[tra-cpl][iOS - Safari] [STDERR] ❌ Second API Attempt 5 failed: Request failed with status code 404
[tra-cpl][iOS - Safari] 📡 [Rest-Assurance] Verifying Lead ID: 793760FE via Backend...
[tra-cpl][iOS - Safari] 🛡️  [Rest-Assurance] VERIFIED (Backend Debt: 10000)
[tra-cpl][iOS - Safari] ✅ Row appended successfully to sheet: TRA-CPL
[tra-cpl][iOS - Safari] ⚠️  Non-fatal formatting error for TRA-CPL (Banding might already exist): Invalid requests[2].addBanding: You cannot add alternating background colors to a range that already has alternating background colors.
✅ Lead processed successfully for TRA-CPL Mobile
[tra-cpl][iOS - Safari] 🎥 Video saved successfully: traces/videos/TRA-CPL_TRA-CPL_Mobile.webm
[tra-cpl][iOS - Safari] 
✅ Execution successfully processed! { success: true, leadId: '793760FE', brand: 'TRA-CPL Mobile' }
[tra-cpl][iOS - Safari] [STDERR] ❌ Automation Run encountered a fatal exception: tracing.stop: Target page, context or browser has been closed
✅ [15/5/2026, 9:47:20 am] COMPLETED: tra-cpl [iOS - Safari][WEBKIT]

================================================================
🚀 [15/5/2026, 9:47:20 am] RUNNING: TRA-CPL [TABLET - SAFARI]
🔗 Target URL: https://flmtra.com/?a=659&oc=756&c=2210&s1=
================================================================
[tra-cpl][Tablet - Safari] 🔌 [Browser Interceptor] Intercepting and optimizing engine: WEBKIT
[tra-cpl][Tablet - Safari] ◇ injected env (0) from .env // tip: ⌘ suppress logs { quiet: true }
[tra-cpl][Tablet - Safari] ◇ injected env (0) from .env // tip: ⌘ multiple files { path: ['.env.local', '.env'] }
[tra-cpl][Tablet - Safari] ◇ injected env (0) from .env // tip: ⌘ suppress logs { quiet: true }
[tra-cpl][Tablet - Safari] ◇ injected env (0) from .env // tip: ⌁ auth for agents [www.vestauth.com]
[tra-cpl][Tablet - Safari] ◇ injected env (0) from .env // tip: ⌘ override existing { override: true }
[tra-cpl][Tablet - Safari] 
🤖 ================================================================
[tra-cpl][Tablet - Safari] 🤖 MASTER RUNNER: LAUNCHING TRA-CPL
🤖 Mode:            TABLET
[tra-cpl][Tablet - Safari] 🤖 Tracking URL:     https://flmtra.com/?a=659&oc=756&c=2210&s1=
[tra-cpl][Tablet - Safari] 🤖 Target Sheet:    TRA-CPL
[tra-cpl][Tablet - Safari] 🤖 ================================================================
[tra-cpl][Tablet - Safari] 🔌 [Browser Interceptor] Intercepting and optimizing engine: WEBKIT
[tra-cpl][Tablet - Safari] 📋 Emulated Device Profile: TABLET (iPad Pro 11) - [Tablet - Safari]
[tra-cpl][Tablet - Safari] ⏳ Delaying 200ms to allow responsive layouts to mount...
[tra-cpl][Tablet - Safari] 🔄 Processing lead for brand: TRA-CPL Tablet
[tra-cpl][Tablet - Safari] 📊 Campaign execution run index: 56
[tra-cpl][Tablet - Safari] 🎯 Enforcing dynamic credentials & parameters:
   - First Name:   ckmtestpixel
   - Last Name:    ckmtestpixel
   - Email:        ckmtestpixel@gmail.com
   - Phone Number: 401-247-1056
   - Slider Value: 2,187
   - State Value:  Connecticut
[tra-cpl][Tablet - Safari] 🔗 [Mobile] Navigating to: https://flmtra.com/?a=659&oc=756&c=2210&s1=
[tra-cpl][Tablet - Safari] ✅ [Mobile] Page loaded successfully
[tra-cpl][Tablet - Safari] 💻 [Tablet] Injecting high-fidelity glossy iPad Pro mockup frame...
[tra-cpl][Tablet - Safari] 💻 [Tablet] Injecting high-fidelity glossy iPad Pro mockup frame...
[tra-cpl][Tablet - Safari] 📝 [Mobile] Starting mobile-specific form filling...
[tra-cpl][Tablet - Safari] 🔘 [Mobile] Step 1: Selecting Debt Amount (2,187)
[tra-cpl][Tablet - Safari] 🔘 [Mobile] Clicking active visible button: .next-btn1:visible, .btn-next:visible
[tra-cpl][Tablet - Safari] ✅ [Mobile] Clicked: .next-btn1:visible, .btn-next:visible
[tra-cpl][Tablet - Safari] 💻 [Tablet] Injecting high-fidelity glossy iPad Pro mockup frame...
[tra-cpl][Tablet - Safari] ✅ [Mobile] Reached a recognized terminal step (State or Contact). Stopping dynamic traversal.
[tra-cpl][Tablet - Safari] 🔘 [Mobile] Step 2: Selecting State
[tra-cpl][Tablet - Safari] ✅ [Mobile] Selected state dynamically: "Colorado"
[tra-cpl][Tablet - Safari] 📝 [Mobile] step3 column set to State: "Colorado"
[tra-cpl][Tablet - Safari] 🔘 [Mobile] Clicking active visible button: .next-btn:visible, .next-btn2:visible, .btn-next:visible
[tra-cpl][Tablet - Safari] ✅ [Mobile] Clicked: .next-btn:visible, .next-btn2:visible, .btn-next:visible
[tra-cpl][Tablet - Safari] 💻 [Tablet] Injecting high-fidelity glossy iPad Pro mockup frame...
[tra-cpl][Tablet - Safari] 🔘 [Mobile] Step 3: Filling Contact Info (Dynamic Loop)...
[tra-cpl][Tablet - Safari] 💻 [Tablet] Injecting high-fidelity glossy iPad Pro mockup frame...
[tra-cpl][Tablet - Safari] ✅ [Mobile] Filled First Name: ckmtestpixel
[tra-cpl][Tablet - Safari] ✅ [Mobile] Filled Last Name: ckmtestpixel
[tra-cpl][Tablet - Safari] 🔘 [Mobile] Clicking active contact NEXT/SUBMIT button...
[tra-cpl][Tablet - Safari] 💻 [Tablet] Injecting high-fidelity glossy iPad Pro mockup frame...
[tra-cpl][Tablet - Safari] ✅ [Mobile] Filled Email: ckmtestpixel@gmail.com
[tra-cpl][Tablet - Safari] 🔘 [Mobile] Clicking active contact NEXT/SUBMIT button...
[tra-cpl][Tablet - Safari] 💻 [Tablet] Injecting high-fidelity glossy iPad Pro mockup frame...
[tra-cpl][Tablet - Safari] ✅ [Mobile] Filled Phone: 401-247-1056
[tra-cpl][Tablet - Safari] 🔘 [Mobile] Clicking active contact NEXT/SUBMIT button...
[tra-cpl][Tablet - Safari] 💻 [Tablet] Injecting high-fidelity glossy iPad Pro mockup frame...
[tra-cpl][Tablet - Safari] ✅ [Mobile] Filled Phone: 401-247-1056
[tra-cpl][Tablet - Safari] 🔘 [Mobile] Clicking active contact NEXT/SUBMIT button...
[tra-cpl][Tablet - Safari] 💻 [Tablet] Injecting high-fidelity glossy iPad Pro mockup frame...
[tra-cpl][Tablet - Safari] 🔘 [Mobile] No active contact NEXT/SUBMIT button visible. Exiting loop.
🔘 [Mobile] Scanning for additional dynamic steps...
[tra-cpl][Tablet - Safari] 🔘 [Mobile] Submitting form
[tra-cpl][Tablet - Safari] ⏳ [Mobile] Waiting for submission navigation to complete
[tra-cpl][Tablet - Safari] [STDERR] ⚠️ [Mobile] Standard submit buttons not found, consulting FLM Agent...
[tra-cpl][Tablet - Safari] 🤖 [FLM Agent] Analyzing Submit button for global...
[tra-cpl][Tablet - Safari] ⏳ [Mobile] Waiting for final Thank You page redirection...
[tra-cpl][Tablet - Safari] ✅ [Mobile] Targeted final redirect URL achieved!
[tra-cpl][Tablet - Safari] ✅ [Mobile] Final Thank You URL: https://tra.com/thank-you?debt=10000&leadid=ADC29100&reqid=26782569&affid=659&oid=133
[tra-cpl][Tablet - Safari] ✅ [Mobile] Extracted Lead ID: ADC29100
📱 Device Type detected: Tablet - Safari
[tra-cpl][Tablet - Safari] ✅ Lead captured: ADC29100
[tra-cpl][Tablet - Safari] 📡 Fetching First API data for Lead ID: ADC29100...
[tra-cpl][Tablet - Safari] 📡 Raw XML Response: {
  "lead_info_response": {
    "$": {
      "xmlns:xsd": "http://www.w3.org/2001/XMLSchema",
      "xmlns:xsi": "http://www.w3.org/2001/XMLSchema-instance",
      "xmlns": "http://cakemarketing.com/api/1/"
    },
    "success": "true",
    "row_count": "1",
    "lead_id": "ADC29100",
    "personal_info": {
      "first_name": "CKMTESTPIXEL",
      "last_name": "CKMTESTPIXEL",
      "email_address": "ckmtestpixel@gmail.com",
      "address": {
        "street": "",
        "city": "",
        "state": "CO",
        "zip_code": "81242",
        "country": ""
      },
      "ip_address": "27.54.170.27",
      "phone_work": "",
      "phone_home": "401-247-1056",
      "phone_cell": "",
      "best_call_time": "",
      "opt_in": "false"
    },
    "traffic_info": {
      "lead_date": "2026-05-14T21:17:52.707",
      "payout": {
        "currency_id": "1",
        "amount": "0.0000",
        "formatted_amount": "$0.00"
      },
      "affiliate": {
        "affiliate_id": {
          "_": "659",
          "$": {
            "xmlns": "API:id_name_store"
          }
        },
        "affiliate_name": {
          "_": "QA affiliate",
          "$": {
            "xmlns": "API:id_name_store"
          }
        }
      },
      "campaign": {
        "campaign_id": {
          "_": "4075",
          "$": {
            "xmlns": "API:id_name_store"
          }
        },
        "campaign_name": {
          "_": "TRA.com CPL - CPL - CPA - $1.00",
          "$": {
            "xmlns": "API:id_name_store"
          }
        }
      },
      "creative_id": "2210",
      "subid_1": "",
      "subid_2": "",
      "subid_3": "",
      "subid_4": "",
      "subid_5": "",
      "referrer": "",
      "pixel_fired": "true",
      "returned_to_affiliate": "false",
      "test": "true",
      "upsell": "false"
    },
    "all_vertical_data": {
      "data": {
        "$": {
          "xmlns": ""
        },
        "tax_debt": "10000",
        "universal_leadid": "3F7B7F7E-7DBB-41BB-549F-BF57575EBFCE",
        "affid": "659",
        "TCPA_checkbox": "1",
        "reqid": "26782569",
        "page": "https://tra.com/list",
        "neustar": "fail",
        "neustar_disposition": "N,B,A1,L,0",
        "first_name_lower": "ckmtestpixel",
        "last_name_lower": "ckmtestpixel",
        "opt_special_offers": "on",
        "ckm_campaign_id": "3953"
      }
    },
    "dispositions": {
      "disposition": [
        {
          "disposition_type": "Not Paid For",
          "reason": "Unmatched Filter",
          "filter": "Nuestar Fail"
        },
        {
          "disposition_type": "Sent to Review Queue",
          "reason": "neustar: This value is not valid",
          "filter": "Equals Value"
        }
      ]
    },
    "pings": "",
    "posts": "",
    "sales": ""
  }
}
[tra-cpl][Tablet - Safari] ✅ First API Data retrieved on attempt 1
[tra-cpl][Tablet - Safari] 📡 Fetching Second API data for Lead ID: ADC29100...
[tra-cpl][Tablet - Safari] 📡 Standard Second API Payload: cake_id=ADC29100, domain_name=https://www.taxreliefadvocates.com
[tra-cpl][Tablet - Safari] [STDERR] (node:21400) Warning: Setting the NODE_TLS_REJECT_UNAUTHORIZED environment variable to '0' makes TLS connections and HTTPS requests insecure by disabling certificate verification.
(Use `node --trace-warnings ...` to show where the warning was created)
[tra-cpl][Tablet - Safari] [STDERR] ❌ Second API Attempt 1 failed: Request failed with status code 404
[tra-cpl][Tablet - Safari] ⏳ Retrying in 1 second to allow database synchronization...
[tra-cpl][Tablet - Safari] 📡 Standard Second API Payload: cake_id=ADC29100, domain_name=https://www.taxreliefadvocates.com
[tra-cpl][Tablet - Safari] [STDERR] ❌ Second API Attempt 2 failed: Request failed with status code 404
[tra-cpl][Tablet - Safari] ⏳ Retrying in 1 second to allow database synchronization...
[tra-cpl][Tablet - Safari] 📡 Standard Second API Payload: cake_id=ADC29100, domain_name=https://www.taxreliefadvocates.com
[tra-cpl][Tablet - Safari] [STDERR] ❌ Second API Attempt 3 failed: Request failed with status code 404
[tra-cpl][Tablet - Safari] ⏳ Retrying in 1 second to allow database synchronization...
[tra-cpl][Tablet - Safari] 📡 Standard Second API Payload: cake_id=ADC29100, domain_name=https://www.taxreliefadvocates.com
[tra-cpl][Tablet - Safari] [STDERR] ❌ Second API Attempt 4 failed: Request failed with status code 404
[tra-cpl][Tablet - Safari] ⏳ Retrying in 1 second to allow database synchronization...
[tra-cpl][Tablet - Safari] 📡 Standard Second API Payload: cake_id=ADC29100, domain_name=https://www.taxreliefadvocates.com
[tra-cpl][Tablet - Safari] [STDERR] ❌ Second API Attempt 5 failed: Request failed with status code 404
[tra-cpl][Tablet - Safari] 📡 [Rest-Assurance] Verifying Lead ID: ADC29100 via Backend...
[tra-cpl][Tablet - Safari] 🛡️  [Rest-Assurance] VERIFIED (Backend Debt: 10000)
[tra-cpl][Tablet - Safari] ✅ Row appended successfully to sheet: TRA-CPL
[tra-cpl][Tablet - Safari] ⚠️  Non-fatal formatting error for TRA-CPL (Banding might already exist): Invalid requests[2].addBanding: You cannot add alternating background colors to a range that already has alternating background colors.
✅ Lead processed successfully for TRA-CPL Tablet
[tra-cpl][Tablet - Safari] 🎥 Video saved successfully: traces/videos/TRA-CPL_TRA-CPL_Tablet.webm
[tra-cpl][Tablet - Safari] 
✅ Execution successfully processed! { success: true, leadId: 'ADC29100', brand: 'TRA-CPL Tablet' }
[tra-cpl][Tablet - Safari] [STDERR] ❌ Automation Run encountered a fatal exception: tracing.stop: Target page, context or browser has been closed
✅ [15/5/2026, 9:49:20 am] COMPLETED: tra-cpl [Tablet - Safari][WEBKIT]

================================================================
🚀 [15/5/2026, 9:49:20 am] RUNNING: TRA-CPL [TABLET - CHROME]
🔗 Target URL: https://flmtra.com/?a=659&oc=756&c=2210&s1=
================================================================
[tra-cpl][Tablet - Chrome] 🔌 [Browser Interceptor] Intercepting and optimizing engine: CHROMIUM
[tra-cpl][Tablet - Chrome] ◇ injected env (0) from .env // tip: ⌘ suppress logs { quiet: true }
[tra-cpl][Tablet - Chrome] ◇ injected env (0) from .env // tip: ⌁ auth for agents [www.vestauth.com]
[tra-cpl][Tablet - Chrome] ◇ injected env (0) from .env // tip: ◈ secrets for agents [www.dotenvx.com]
[tra-cpl][Tablet - Chrome] ◇ injected env (0) from .env // tip: ⌘ override existing { override: true }
[tra-cpl][Tablet - Chrome] ◇ injected env (0) from .env // tip: ◈ encrypted .env [www.dotenvx.com]
[tra-cpl][Tablet - Chrome] 
🤖 ================================================================
🤖 MASTER RUNNER: LAUNCHING TRA-CPL
[tra-cpl][Tablet - Chrome] 🤖 Mode:            TABLET
🤖 Tracking URL:     https://flmtra.com/?a=659&oc=756&c=2210&s1=
[tra-cpl][Tablet - Chrome] 🤖 Target Sheet:    TRA-CPL
🤖 ================================================================
[tra-cpl][Tablet - Chrome] 🔌 [Browser Interceptor] Intercepting and optimizing engine: CHROMIUM
[tra-cpl][Tablet - Chrome] 📋 Emulated Device Profile: TABLET (iPad Pro 11) - [Tablet - Chrome]
[tra-cpl][Tablet - Chrome] ⏳ Delaying 200ms to allow responsive layouts to mount...
[tra-cpl][Tablet - Chrome] 🔄 Processing lead for brand: TRA-CPL Tablet
[tra-cpl][Tablet - Chrome] 📊 Campaign execution run index: 58
[tra-cpl][Tablet - Chrome] 🎯 Enforcing dynamic credentials & parameters:
   - First Name:   ckmtestpixel
   - Last Name:    ckmtestpixel
   - Email:        ckmtestpixel@gmail.com
   - Phone Number: 401-247-1058
   - Slider Value: 8,298
   - State Value:  Florida
[tra-cpl][Tablet - Chrome] 🔗 [Mobile] Navigating to: https://flmtra.com/?a=659&oc=756&c=2210&s1=
[tra-cpl][Tablet - Chrome] ✅ [Mobile] Page loaded successfully
[tra-cpl][Tablet - Chrome] 💻 [Tablet] Injecting high-fidelity glossy iPad Pro mockup frame...
[tra-cpl][Tablet - Chrome] 💻 [Tablet] Injecting high-fidelity glossy iPad Pro mockup frame...
[tra-cpl][Tablet - Chrome] 📝 [Mobile] Starting mobile-specific form filling...
[tra-cpl][Tablet - Chrome] 🔘 [Mobile] Step 1: Selecting Debt Amount (8,298)
[tra-cpl][Tablet - Chrome] 🔘 [Mobile] Clicking active visible button: .next-btn1:visible, .btn-next:visible
[tra-cpl][Tablet - Chrome] ✅ [Mobile] Clicked: .next-btn1:visible, .btn-next:visible
[tra-cpl][Tablet - Chrome] 💻 [Tablet] Injecting high-fidelity glossy iPad Pro mockup frame...
[tra-cpl][Tablet - Chrome] ✅ [Mobile] Reached a recognized terminal step (State or Contact). Stopping dynamic traversal.
[tra-cpl][Tablet - Chrome] 🔘 [Mobile] Step 2: Selecting State
[tra-cpl][Tablet - Chrome] ✅ [Mobile] Selected state dynamically: "Delaware"
📝 [Mobile] step3 column set to State: "Delaware"
[tra-cpl][Tablet - Chrome] 🔘 [Mobile] Clicking active visible button: .next-btn:visible, .next-btn2:visible, .btn-next:visible
[tra-cpl][Tablet - Chrome] ✅ [Mobile] Clicked: .next-btn:visible, .next-btn2:visible, .btn-next:visible
[tra-cpl][Tablet - Chrome] 💻 [Tablet] Injecting high-fidelity glossy iPad Pro mockup frame...
[tra-cpl][Tablet - Chrome] 🔘 [Mobile] Step 3: Filling Contact Info (Dynamic Loop)...
[tra-cpl][Tablet - Chrome] 💻 [Tablet] Injecting high-fidelity glossy iPad Pro mockup frame...
[tra-cpl][Tablet - Chrome] ✅ [Mobile] Filled First Name: ckmtestpixel
[tra-cpl][Tablet - Chrome] ✅ [Mobile] Filled Last Name: ckmtestpixel
[tra-cpl][Tablet - Chrome] 🔘 [Mobile] Clicking active contact NEXT/SUBMIT button...
[tra-cpl][Tablet - Chrome] 💻 [Tablet] Injecting high-fidelity glossy iPad Pro mockup frame...
[tra-cpl][Tablet - Chrome] ✅ [Mobile] Filled Email: ckmtestpixel@gmail.com
[tra-cpl][Tablet - Chrome] 🔘 [Mobile] Clicking active contact NEXT/SUBMIT button...
[tra-cpl][Tablet - Chrome] 💻 [Tablet] Injecting high-fidelity glossy iPad Pro mockup frame...
[tra-cpl][Tablet - Chrome] ✅ [Mobile] Filled Phone: 401-247-1058
[tra-cpl][Tablet - Chrome] 🔘 [Mobile] Clicking active contact NEXT/SUBMIT button...
[tra-cpl][Tablet - Chrome] 💻 [Tablet] Injecting high-fidelity glossy iPad Pro mockup frame...
[tra-cpl][Tablet - Chrome] ✅ [Mobile] Filled Phone: 401-247-1058
[tra-cpl][Tablet - Chrome] 🔘 [Mobile] Clicking active contact NEXT/SUBMIT button...
[tra-cpl][Tablet - Chrome] 💻 [Tablet] Injecting high-fidelity glossy iPad Pro mockup frame...
[tra-cpl][Tablet - Chrome] 🔘 [Mobile] No active contact NEXT/SUBMIT button visible. Exiting loop.
🔘 [Mobile] Scanning for additional dynamic steps...
[tra-cpl][Tablet - Chrome] 🔘 [Mobile] Submitting form
[tra-cpl][Tablet - Chrome] ⏳ [Mobile] Waiting for submission navigation to complete
[tra-cpl][Tablet - Chrome] [STDERR] ⚠️ [Mobile] Standard submit buttons not found, consulting FLM Agent...
[tra-cpl][Tablet - Chrome] 🤖 [FLM Agent] Analyzing Submit button for global...
[tra-cpl][Tablet - Chrome] ⏳ [Mobile] Waiting for final Thank You page redirection...
[tra-cpl][Tablet - Chrome] ✅ [Mobile] Targeted final redirect URL achieved!
[tra-cpl][Tablet - Chrome] ✅ [Mobile] Final Thank You URL: https://tra.com/thank-you?debt=10000&leadid=9105B3ED&reqid=26782575&affid=659&oid=133
[tra-cpl][Tablet - Chrome] ✅ [Mobile] Extracted Lead ID: 9105B3ED
[tra-cpl][Tablet - Chrome] 📱 Device Type detected: Tablet - Chrome
✅ Lead captured: 9105B3ED
[tra-cpl][Tablet - Chrome] 📡 Fetching First API data for Lead ID: 9105B3ED...
[tra-cpl][Tablet - Chrome] 📡 Raw XML Response: {
  "lead_info_response": {
    "$": {
      "xmlns:xsd": "http://www.w3.org/2001/XMLSchema",
      "xmlns:xsi": "http://www.w3.org/2001/XMLSchema-instance",
      "xmlns": "http://cakemarketing.com/api/1/"
    },
    "success": "true",
    "row_count": "1",
    "lead_id": "9105B3ED",
    "personal_info": {
      "first_name": "CKMTESTPIXEL",
      "last_name": "CKMTESTPIXEL",
      "email_address": "ckmtestpixel@gmail.com",
      "address": {
        "street": "",
        "city": "",
        "state": "DE",
        "zip_code": "19706",
        "country": ""
      },
      "ip_address": "27.54.170.27",
      "phone_work": "",
      "phone_home": "401-247-1058",
      "phone_cell": "",
      "best_call_time": "",
      "opt_in": "false"
    },
    "traffic_info": {
      "lead_date": "2026-05-14T21:19:47.057",
      "payout": {
        "currency_id": "1",
        "amount": "0.0000",
        "formatted_amount": "$0.00"
      },
      "affiliate": {
        "affiliate_id": {
          "_": "659",
          "$": {
            "xmlns": "API:id_name_store"
          }
        },
        "affiliate_name": {
          "_": "QA affiliate",
          "$": {
            "xmlns": "API:id_name_store"
          }
        }
      },
      "campaign": {
        "campaign_id": {
          "_": "4075",
          "$": {
            "xmlns": "API:id_name_store"
          }
        },
        "campaign_name": {
          "_": "TRA.com CPL - CPL - CPA - $1.00",
          "$": {
            "xmlns": "API:id_name_store"
          }
        }
      },
      "creative_id": "2210",
      "subid_1": "",
      "subid_2": "",
      "subid_3": "",
      "subid_4": "",
      "subid_5": "",
      "referrer": "",
      "pixel_fired": "true",
      "returned_to_affiliate": "false",
      "test": "true",
      "upsell": "false"
    },
    "all_vertical_data": {
      "data": {
        "$": {
          "xmlns": ""
        },
        "tax_debt": "10000",
        "universal_leadid": "6F6BE841-7A40-39DC-9E5B-885C54682FBE",
        "affid": "659",
        "TCPA_checkbox": "1",
        "reqid": "26782575",
        "page": "https://tra.com/list",
        "neustar": "fail",
        "neustar_disposition": "N,B,I5,L,0",
        "first_name_lower": "ckmtestpixel",
        "last_name_lower": "ckmtestpixel",
        "opt_special_offers": "on",
        "ckm_campaign_id": "3953"
      }
    },
    "dispositions": {
      "disposition": [
        {
          "disposition_type": "Not Paid For",
          "reason": "Unmatched Filter",
          "filter": "Nuestar Fail"
        },
        {
          "disposition_type": "Sent to Review Queue",
          "reason": "neustar: This value is not valid",
          "filter": "Equals Value"
        }
      ]
    },
    "pings": "",
    "posts": "",
    "sales": ""
  }
}
✅ First API Data retrieved on attempt 1
[tra-cpl][Tablet - Chrome] 📡 Fetching Second API data for Lead ID: 9105B3ED...
[tra-cpl][Tablet - Chrome] 📡 Standard Second API Payload: cake_id=9105B3ED, domain_name=https://www.taxreliefadvocates.com
[tra-cpl][Tablet - Chrome] [STDERR] (node:3792) Warning: Setting the NODE_TLS_REJECT_UNAUTHORIZED environment variable to '0' makes TLS connections and HTTPS requests insecure by disabling certificate verification.
(Use `node --trace-warnings ...` to show where the warning was created)
[tra-cpl][Tablet - Chrome] [STDERR] ❌ Second API Attempt 1 failed: Request failed with status code 404
[tra-cpl][Tablet - Chrome] ⏳ Retrying in 1 second to allow database synchronization...
[tra-cpl][Tablet - Chrome] 📡 Standard Second API Payload: cake_id=9105B3ED, domain_name=https://www.taxreliefadvocates.com
[tra-cpl][Tablet - Chrome] [STDERR] ❌ Second API Attempt 2 failed: Request failed with status code 404
[tra-cpl][Tablet - Chrome] ⏳ Retrying in 1 second to allow database synchronization...
[tra-cpl][Tablet - Chrome] 📡 Standard Second API Payload: cake_id=9105B3ED, domain_name=https://www.taxreliefadvocates.com
[tra-cpl][Tablet - Chrome] [STDERR] ❌ Second API Attempt 3 failed: Request failed with status code 404
[tra-cpl][Tablet - Chrome] ⏳ Retrying in 1 second to allow database synchronization...
[tra-cpl][Tablet - Chrome] 📡 Standard Second API Payload: cake_id=9105B3ED, domain_name=https://www.taxreliefadvocates.com
[tra-cpl][Tablet - Chrome] [STDERR] ❌ Second API Attempt 4 failed: Request failed with status code 404
[tra-cpl][Tablet - Chrome] ⏳ Retrying in 1 second to allow database synchronization...
[tra-cpl][Tablet - Chrome] 📡 Standard Second API Payload: cake_id=9105B3ED, domain_name=https://www.taxreliefadvocates.com
[tra-cpl][Tablet - Chrome] [STDERR] ❌ Second API Attempt 5 failed: Request failed with status code 404
[tra-cpl][Tablet - Chrome] 📡 [Rest-Assurance] Verifying Lead ID: 9105B3ED via Backend...
[tra-cpl][Tablet - Chrome] 🛡️  [Rest-Assurance] VERIFIED (Backend Debt: 10000)
[tra-cpl][Tablet - Chrome] ✅ Row appended successfully to sheet: TRA-CPL
[tra-cpl][Tablet - Chrome] ⚠️  Non-fatal formatting error for TRA-CPL (Banding might already exist): Invalid requests[2].addBanding: You cannot add alternating background colors to a range that already has alternating background colors.
✅ Lead processed successfully for TRA-CPL Tablet
[tra-cpl][Tablet - Chrome] 🎥 Video saved successfully: traces/videos/TRA-CPL_TRA-CPL_Tablet.webm
[tra-cpl][Tablet - Chrome] 
✅ Execution successfully processed! { success: true, leadId: '9105B3ED', brand: 'TRA-CPL Tablet' }
[tra-cpl][Tablet - Chrome] [STDERR] ❌ Automation Run encountered a fatal exception: tracing.stop: Target page, context or browser has been closed
✅ [15/5/2026, 9:51:38 am] COMPLETED: tra-cpl [Tablet - Chrome][CHROMIUM]

================================================================
🚀 [15/5/2026, 9:51:38 am] RUNNING: TRA-CPL [WINDOWS - CHROME]
🔗 Target URL: https://flmtra.com/?a=659&oc=756&c=2210&s1=
================================================================
[tra-cpl][Windows - Chrome] 🔌 [Browser Interceptor] Intercepting and optimizing engine: CHROMIUM
[tra-cpl][Windows - Chrome] ◇ injected env (0) from .env // tip: ⌘ multiple files { path: ['.env.local', '.env'] }
[tra-cpl][Windows - Chrome] ◇ injected env (0) from .env // tip: ⌘ multiple files { path: ['.env.local', '.env'] }
[tra-cpl][Windows - Chrome] ◇ injected env (0) from .env // tip: ⌘ override existing { override: true }
[tra-cpl][Windows - Chrome] ◇ injected env (0) from .env // tip: ◈ secrets for agents [www.dotenvx.com]
[tra-cpl][Windows - Chrome] ◇ injected env (0) from .env // tip: ⌘ custom filepath { path: '/custom/path/.env' }
[tra-cpl][Windows - Chrome] 
🤖 ================================================================
🤖 MASTER RUNNER: LAUNCHING TRA-CPL
🤖 Mode:            DESKTOP
[tra-cpl][Windows - Chrome] 🤖 Tracking URL:     https://flmtra.com/?a=659&oc=756&c=2210&s1=
[tra-cpl][Windows - Chrome] 🤖 Target Sheet:    TRA-CPL
🤖 ================================================================
[tra-cpl][Windows - Chrome] 🔌 [Browser Interceptor] Intercepting and optimizing engine: CHROMIUM
[tra-cpl][Windows - Chrome] 💻 Emulated Device Profile: DESKTOP - [Windows - Chrome]
[tra-cpl][Windows - Chrome] 🔄 Processing lead for brand: TRA-CPL
[tra-cpl][Windows - Chrome] 📊 Campaign execution run index: 61
[tra-cpl][Windows - Chrome] 🎯 Enforcing dynamic credentials & parameters:
   - First Name:   ckmtestpixel
   - Last Name:    ckmtestpixel
   - Email:        ckmtestpixel@gmail.com
[tra-cpl][Windows - Chrome]    - Phone Number: 401-247-1061
   - Slider Value: 67,113
   - State Value:  Idaho
[tra-cpl][Windows - Chrome] 🔗 Navigating to: https://flmtra.com/?a=659&oc=756&c=2210&s1=
[tra-cpl][Windows - Chrome] ✅ Page loaded successfully
[tra-cpl][Windows - Chrome] 📝 Starting multi-step form filling process...
[tra-cpl][Windows - Chrome] 🔘 Step 1: Handling Debt Amount (67,113)
[tra-cpl][Windows - Chrome] 🔘 Attempting to click .next-btn1, .btn-next
[tra-cpl][Windows - Chrome] ✅ Clicked .next-btn1, .btn-next
[tra-cpl][Windows - Chrome] ✅ Reached a recognized terminal step (State or Contact). Stopping dynamic traversal.
[tra-cpl][Windows - Chrome] 🔘 Step: Selecting State
[tra-cpl][Windows - Chrome] ✅ Selected state dynamically: "Georgia"
[tra-cpl][Windows - Chrome] 📝 step3 column set to State: "Georgia"
[tra-cpl][Windows - Chrome] 🔘 Clicking generic NEXT button
[tra-cpl][Windows - Chrome] ✅ Clicked generic NEXT button
[tra-cpl][Windows - Chrome] 🔘 Advancing past post-state step...
[tra-cpl][Windows - Chrome] 🔘 Filling Contact Info (Dynamic Loop)...
[tra-cpl][Windows - Chrome] ✅ Filled First Name: ckmtestpixel
[tra-cpl][Windows - Chrome] ✅ Filled Last Name: ckmtestpixel
[tra-cpl][Windows - Chrome] 🔘 Clicking active contact NEXT/SUBMIT button...
[tra-cpl][Windows - Chrome] ✅ Filled Email: ckmtestpixel@gmail.com
[tra-cpl][Windows - Chrome] 🔘 Clicking active contact NEXT/SUBMIT button...
[tra-cpl][Windows - Chrome] ✅ Filled Phone: 401-247-1061
[tra-cpl][Windows - Chrome] 🔘 Clicking active contact NEXT/SUBMIT button...
[tra-cpl][Windows - Chrome] [STDERR] ❌ Error during form filling: locator.click: Timeout 25000ms exceeded.
Call log:
[2m  - waiting for locator('#primary_phone:visible, #phone:visible, #phone_home:visible, input[name="phone"]:visible, input[name="phone_home"]:visible, input[name="primary_phone"]:visible, input[type="tel"]:visible').first()[22m
[2m    - locator resolved to <input type="tel" tabindex="1" id="primary_phone" placeholder="Phone" name="primary_phone" aria-invalid="false" class="form-control valid" data-gtm-form-interact-field-id="4"/>[22m
[2m  - attempting click action[22m
[2m    2 × waiting for element to be visible, enabled and stable[22m
[2m      - element is visible, enabled and stable[22m
[2m      - scrolling into view if needed[22m
[2m      - done scrolling[22m
[2m      - <div class="loader">Loading…</div> intercepts pointer events[22m
[2m    - retrying click action[22m
[2m    - waiting 20ms[22m
[2m    2 × waiting for element to be visible, enabled and stable[22m
[2m      - element is visible, enabled and stable[22m
[2m      - scrolling into view if needed[22m
[2m      - done scrolling[22m
[2m      - <div class="loader">Loading…</div> intercepts pointer events[22m
[2m    - retrying click action[22m
[2m      - waiting 100ms[22m
[2m    4 × waiting for element to be visible, enabled and stable[22m
[2m      - element is visible, enabled and stable[22m
[2m      - scrolling into view if needed[22m
[2m      - done scrolling[22m
[2m      - <div class="loader">Loading…</div> intercepts pointer events[22m
[2m    - retrying click action[22m
[2m      - waiting 500ms[22m
[2m    - waiting for" https://tra.com/thank-you?debt=10000&leadid=958EF541&reqid=26782581&affid=659&oid=133" navigation to finish...[22m
[2m    - navigated to "https://tra.com/thank-you?debt=10000&leadid=958EF541&reqid=26782581&affid=659&oid=133"[22m
[2m    - waiting for element to be visible, enabled and stable[22m
[2m  - element was detached from the DOM, retrying[22m

[tra-cpl][Windows - Chrome] [STDERR] ❌ Failed processing TRA-CPL: locator.click: Timeout 25000ms exceeded.
Call log:
[2m  - waiting for locator('#primary_phone:visible, #phone:visible, #phone_home:visible, input[name="phone"]:visible, input[name="phone_home"]:visible, input[name="primary_phone"]:visible, input[type="tel"]:visible').first()[22m
[2m    - locator resolved to <input type="tel" tabindex="1" id="primary_phone" placeholder="Phone" name="primary_phone" aria-invalid="false" class="form-control valid" data-gtm-form-interact-field-id="4"/>[22m
[2m  - attempting click action[22m
[2m    2 × waiting for element to be visible, enabled and stable[22m
[2m      - element is visible, enabled and stable[22m
[2m      - scrolling into view if needed[22m
[2m      - done scrolling[22m
[2m      - <div class="loader">Loading…</div> intercepts pointer events[22m
[2m    - retrying click action[22m
[2m    - waiting 20ms[22m
[2m    2 × waiting for element to be visible, enabled and stable[22m
[2m      - element is visible, enabled and stable[22m
[2m      - scrolling into view if needed[22m
[2m      - done scrolling[22m
[2m      - <div class="loader">Loading…</div> intercepts pointer events[22m
[2m    - retrying click action[22m
[2m      - waiting 100ms[22m
[2m    4 × waiting for element to be visible, enabled and stable[22m
[2m      - element is visible, enabled and stable[22m
[2m      - scrolling into view if needed[22m
[2m      - done scrolling[22m
[2m      - <div class="loader">Loading…</div> intercepts pointer events[22m
[2m    - retrying click action[22m
[2m      - waiting 500ms[22m
[2m    - waiting for" https://tra.com/thank-you?debt=10000&leadid=958EF541&reqid=26782581&affid=659&oid=133" navigation to finish...[22m
[2m    - navigated to "https://tra.com/thank-you?debt=10000&leadid=958EF541&reqid=26782581&affid=659&oid=133"[22m
[2m    - waiting for element to be visible, enabled and stable[22m
[2m  - element was detached from the DOM, retrying[22m

[tra-cpl][Windows - Chrome] 
✅ Execution successfully processed! {
  success: false,
  error: 'locator.click: Timeout 25000ms exceeded.\n' +
    'Call log:\n' +
    `\x1B[2m  - waiting for locator('#primary_phone:visible, #phone:visible, #phone_home:visible, input[name="phone"]:visible, input[name="phone_home"]:visible, input[name="primary_phone"]:visible, input[type="tel"]:visible').first()\x1B[22m\n` +
    '\x1B[2m    - locator resolved to <input type="tel" tabindex="1" id="primary_phone" placeholder="Phone" name="primary_phone" aria-invalid="false" class="form-control valid" data-gtm-form-interact-field-id="4"/>\x1B[22m\n' +
    '\x1B[2m  - attempting click action\x1B[22m\n' +
    '\x1B[2m    2 × waiting for element to be visible, enabled and stable\x1B[22m\n' +
    '\x1B[2m      - element is visible, enabled and stable\x1B[22m\n' +
    '\x1B[2m      - scrolling into view if needed\x1B[22m\n' +
    '\x1B[2m      - done scrolling\x1B[22m\n' +
    '\x1B[2m      - <div class="loader">Loading…</div> intercepts pointer events\x1B[22m\n' +
    '\x1B[2m    - retrying click action\x1B[22m\n' +
    '\x1B[2m    - waiting 20ms\x1B[22m\n' +
    '\x1B[2m    2 × waiting for element to be visible, enabled and stable\x1B[22m\n' +
    '\x1B[2m      - element is visible, enabled and stable\x1B[22m\n' +
    '\x1B[2m      - scrolling into view if needed\x1B[22m\n' +
    '\x1B[2m      - done scrolling\x1B[22m\n' +
    '\x1B[2m      - <div class="loader">Loading…</div> intercepts pointer events\x1B[22m\n' +
    '\x1B[2m    - retrying click action\x1B[22m\n' +
    '\x1B[2m      - waiting 100ms\x1B[22m\n' +
    '\x1B[2m    4 × waiting for element to be visible, enabled and stable\x1B[22m\n' +
    '\x1B[2m      - element is visible, enabled and stable\x1B[22m\n' +
    '\x1B[2m      - scrolling into view if needed\x1B[22m\n' +
    '\x1B[2m      - done scrolling\x1B[22m\n' +
    '\x1B[2m      - <div class="loader">Loading…</div> intercepts pointer events\x1B[22m\n' +
    '\x1B[2m    - retrying click action\x1B[22m\n' +
    '\x1B[2m      - waiting 500ms\x1B[22m\n' +
    '\x1B[2m    - waiting for" https://tra.com/thank-you?debt=10000&leadid=958EF541&reqid=26782581&affid=659&oid=133" navigation to finish...\x1B[22m\n' +
    '\x1B[2m    - navigated to "https://tra.com/thank-you?debt=10000&leadid=958EF541&reqid=26782581&affid=659&oid=133"\x1B[22m\n' +
    '\x1B[2m    - waiting for element to be visible, enabled and stable\x1B[22m\n' +
    '\x1B[2m  - element was detached from the DOM, retrying\x1B[22m\n',
  brand: 'TRA-CPL'
}
[tra-cpl][Windows - Chrome] 📋 Trace report successfully saved: traces/tra-cpl_desktop.zip
✅ [15/5/2026, 9:52:34 am] COMPLETED: tra-cpl [Windows - Chrome][CHROMIUM]

================================================================
🚀 [15/5/2026, 9:52:34 am] RUNNING: TRA-CPL [WINDOWS - FIREFOX]
🔗 Target URL: https://flmtra.com/?a=659&oc=756&c=2210&s1=
================================================================
[tra-cpl][Windows - Firefox] 🔌 [Browser Interceptor] Intercepting and optimizing engine: FIREFOX
[tra-cpl][Windows - Firefox] ◇ injected env (0) from .env // tip: ⌘ custom filepath { path: '/custom/path/.env' }
[tra-cpl][Windows - Firefox] ◇ injected env (0) from .env // tip: ◈ secrets for agents [www.dotenvx.com]
[tra-cpl][Windows - Firefox] ◇ injected env (0) from .env // tip: ⌘ custom filepath { path: '/custom/path/.env' }
[tra-cpl][Windows - Firefox] ◇ injected env (0) from .env // tip: ◈ encrypted .env [www.dotenvx.com]
[tra-cpl][Windows - Firefox] ◇ injected env (0) from .env // tip: ◈ encrypted .env [www.dotenvx.com]
[tra-cpl][Windows - Firefox] 
🤖 ================================================================
[tra-cpl][Windows - Firefox] 🤖 MASTER RUNNER: LAUNCHING TRA-CPL
🤖 Mode:            DESKTOP
[tra-cpl][Windows - Firefox] 🤖 Tracking URL:     https://flmtra.com/?a=659&oc=756&c=2210&s1=
[tra-cpl][Windows - Firefox] 🤖 Target Sheet:    TRA-CPL
[tra-cpl][Windows - Firefox] 🤖 ================================================================
[tra-cpl][Windows - Firefox] 🔌 [Browser Interceptor] Intercepting and optimizing engine: FIREFOX
[tra-cpl][Windows - Firefox] 💻 Emulated Device Profile: DESKTOP - [Windows - Firefox]
[tra-cpl][Windows - Firefox] 🔌 [Browser Interceptor] Sanitizing mobile context options for Firefox emulation...
🔌 [Browser Interceptor] Sanitizing mobile context options for Firefox emulation...
[tra-cpl][Windows - Firefox] 🔄 Processing lead for brand: TRA-CPL
[tra-cpl][Windows - Firefox] 📊 Campaign execution run index: 62
[tra-cpl][Windows - Firefox] 🎯 Enforcing dynamic credentials & parameters:
   - First Name:   ckmtestpixel
[tra-cpl][Windows - Firefox]    - Last Name:    ckmtestpixel
   - Email:        ckmtestpixel@gmail.com
   - Phone Number: 401-247-1062
   - Slider Value: 1,40,296
   - State Value:  Illinois
[tra-cpl][Windows - Firefox] 🔗 Navigating to: https://flmtra.com/?a=659&oc=756&c=2210&s1=
[tra-cpl][Windows - Firefox] ✅ Page loaded successfully
[tra-cpl][Windows - Firefox] 📝 Starting multi-step form filling process...
[tra-cpl][Windows - Firefox] 🔘 Step 1: Handling Debt Amount (1,40,296)
[tra-cpl][Windows - Firefox] 🔘 Attempting to click .next-btn1, .btn-next
[tra-cpl][Windows - Firefox] ⚠️ Standard click failed, using dispatchEvent...
[tra-cpl][Windows - Firefox] ✅ Clicked .next-btn1, .btn-next
[tra-cpl][Windows - Firefox] ✅ Reached a recognized terminal step (State or Contact). Stopping dynamic traversal.
[tra-cpl][Windows - Firefox] 🔘 Step: Selecting State
[tra-cpl][Windows - Firefox] ✅ Selected state dynamically: "Hawaii"
📝 step3 column set to State: "Hawaii"
[tra-cpl][Windows - Firefox] 🔘 Clicking generic NEXT button
[tra-cpl][Windows - Firefox] ✅ Clicked generic NEXT button
[tra-cpl][Windows - Firefox] 🔘 Advancing past post-state step...
[tra-cpl][Windows - Firefox] 🔘 Advancing past post-state step...
[tra-cpl][Windows - Firefox] 🔘 Advancing past post-state step...
[tra-cpl][Windows - Firefox] 🔘 Filling Contact Info (Dynamic Loop)...
[tra-cpl][Windows - Firefox] 🔘 Clicking active contact NEXT/SUBMIT button...
[tra-cpl][Windows - Firefox] 🔘 Contact form stable (no new fields to fill). Exiting contact loop.
[tra-cpl][Windows - Firefox] 🔘 Checking for additional submit/next buttons...
[tra-cpl][Windows - Firefox] 🔘 Submitting form
[tra-cpl][Windows - Firefox] [STDERR] ⚠️ Form submission failure analysis complete.
[tra-cpl][Windows - Firefox] ⏳ Waiting for final redirect to Thank You page...
[tra-cpl][Windows - Firefox] ✅ Final Thank You URL: https://tra.com/list?reqid=26782584&affid=659&a=659&cpAFID=659&cpSID=&s1=&cpSID2=
[tra-cpl][Windows - Firefox] ✅ Extracted Lead ID: 26782584
[tra-cpl][Windows - Firefox] 📱 Device Type detected: Windows - Firefox
✅ Lead captured: 26782584
[tra-cpl][Windows - Firefox] 📡 Fetching First API data for Lead ID: 26782584...
[tra-cpl][Windows - Firefox] 📡 Raw XML Response: {
  "lead_info_response": {
    "$": {
      "xmlns:xsd": "http://www.w3.org/2001/XMLSchema",
      "xmlns:xsi": "http://www.w3.org/2001/XMLSchema-instance",
      "xmlns": "http://cakemarketing.com/api/1/"
    },
    "success": "false",
    "message": "Lead/Vertical Not Found",
    "row_count": "0"
  }
}
[tra-cpl][Windows - Firefox] [STDERR] ⚠️  Attempt 1: First API returned empty lead data or success=false
[tra-cpl][Windows - Firefox] ⏳ Retrying in 1 second...
[tra-cpl][Windows - Firefox] 📡 Raw XML Response: {
  "lead_info_response": {
    "$": {
      "xmlns:xsd": "http://www.w3.org/2001/XMLSchema",
      "xmlns:xsi": "http://www.w3.org/2001/XMLSchema-instance",
      "xmlns": "http://cakemarketing.com/api/1/"
    },
    "success": "false",
    "message": "Lead/Vertical Not Found",
    "row_count": "0"
  }
}
[tra-cpl][Windows - Firefox] [STDERR] ⚠️  Attempt 2: First API returned empty lead data or success=false
[tra-cpl][Windows - Firefox] ⏳ Retrying in 1 second...
[tra-cpl][Windows - Firefox] 📡 Raw XML Response: {
  "lead_info_response": {
    "$": {
      "xmlns:xsd": "http://www.w3.org/2001/XMLSchema",
      "xmlns:xsi": "http://www.w3.org/2001/XMLSchema-instance",
      "xmlns": "http://cakemarketing.com/api/1/"
    },
    "success": "false",
    "message": "Lead/Vertical Not Found",
    "row_count": "0"
  }
}
📡 Fetching Second API data for Lead ID: 26782584...
📡 Standard Second API Payload: cake_id=26782584, domain_name=https://www.taxreliefadvocates.com
[tra-cpl][Windows - Firefox] [STDERR] ⚠️  Attempt 3: First API returned empty lead data or success=false
[tra-cpl][Windows - Firefox] [STDERR] (node:22752) Warning: Setting the NODE_TLS_REJECT_UNAUTHORIZED environment variable to '0' makes TLS connections and HTTPS requests insecure by disabling certificate verification.
(Use `node --trace-warnings ...` to show where the warning was created)
[tra-cpl][Windows - Firefox] [STDERR] ❌ Second API Attempt 1 failed: Request failed with status code 404
[tra-cpl][Windows - Firefox] ⏳ Retrying in 1 second to allow database synchronization...
[tra-cpl][Windows - Firefox] 📡 Standard Second API Payload: cake_id=26782584, domain_name=https://www.taxreliefadvocates.com
[tra-cpl][Windows - Firefox] [STDERR] ❌ Second API Attempt 2 failed: Request failed with status code 404
[tra-cpl][Windows - Firefox] ⏳ Retrying in 1 second to allow database synchronization...
[tra-cpl][Windows - Firefox] 📡 Standard Second API Payload: cake_id=26782584, domain_name=https://www.taxreliefadvocates.com
[tra-cpl][Windows - Firefox] [STDERR] ❌ Second API Attempt 3 failed: Request failed with status code 404
[tra-cpl][Windows - Firefox] ⏳ Retrying in 1 second to allow database synchronization...
[tra-cpl][Windows - Firefox] 📡 Standard Second API Payload: cake_id=26782584, domain_name=https://www.taxreliefadvocates.com
[tra-cpl][Windows - Firefox] [STDERR] ❌ Second API Attempt 4 failed: Request failed with status code 404
[tra-cpl][Windows - Firefox] ⏳ Retrying in 1 second to allow database synchronization...
[tra-cpl][Windows - Firefox] 📡 Standard Second API Payload: cake_id=26782584, domain_name=https://www.taxreliefadvocates.com
[tra-cpl][Windows - Firefox] [STDERR] ❌ Second API Attempt 5 failed: Request failed with status code 404
[tra-cpl][Windows - Firefox] 📡 [Rest-Assurance] Verifying Lead ID: 26782584 via Backend...
[tra-cpl][Windows - Firefox] [STDERR] 🛡️  [Rest-Assurance] VERIFICATION_FAILED: Lead not found in Backend
[tra-cpl][Windows - Firefox] ✅ Row appended successfully to sheet: TRA-CPL
[tra-cpl][Windows - Firefox] ⚠️  Non-fatal formatting error for TRA-CPL (Banding might already exist): Invalid requests[2].addBanding: You cannot add alternating background colors to a range that already has alternating background colors.
[tra-cpl][Windows - Firefox] ✅ Lead processed successfully for TRA-CPL
[tra-cpl][Windows - Firefox] 🎥 Video saved successfully: traces/videos/TRA-CPL_TRA-CPL.webm
[tra-cpl][Windows - Firefox] 
✅ Execution successfully processed! { success: true, leadId: '26782584', brand: 'TRA-CPL' }
[tra-cpl][Windows - Firefox] [STDERR] ❌ Automation Run encountered a fatal exception: tracing.stop: Target page, context or browser has been closed
✅ [15/5/2026, 9:55:34 am] COMPLETED: tra-cpl [Windows - Firefox][FIREFOX]

================================================================
🚀 [15/5/2026, 9:55:34 am] RUNNING: TRA-CPL [MAC - SAFARI]
🔗 Target URL: https://flmtra.com/?a=659&oc=756&c=2210&s1=
================================================================
[tra-cpl][MAC - Safari] 🔌 [Browser Interceptor] Intercepting and optimizing engine: WEBKIT
[tra-cpl][MAC - Safari] ◇ injected env (0) from .env // tip: ⌘ override existing { override: true }
[tra-cpl][MAC - Safari] ◇ injected env (0) from .env // tip: ⌘ multiple files { path: ['.env.local', '.env'] }
[tra-cpl][MAC - Safari] ◇ injected env (0) from .env // tip: ⌁ auth for agents [www.vestauth.com]
[tra-cpl][MAC - Safari] ◇ injected env (0) from .env // tip: ⌘ suppress logs { quiet: true }
[tra-cpl][MAC - Safari] ◇ injected env (0) from .env // tip: ◈ encrypted .env [www.dotenvx.com]
[tra-cpl][MAC - Safari] 
🤖 ================================================================
🤖 MASTER RUNNER: LAUNCHING TRA-CPL
[tra-cpl][MAC - Safari] 🤖 Mode:            DESKTOP
[tra-cpl][MAC - Safari] 🤖 Tracking URL:     https://flmtra.com/?a=659&oc=756&c=2210&s1=
[tra-cpl][MAC - Safari] 🤖 Target Sheet:    TRA-CPL
[tra-cpl][MAC - Safari] 🤖 ================================================================
[tra-cpl][MAC - Safari] 🔌 [Browser Interceptor] Intercepting and optimizing engine: WEBKIT
[tra-cpl][MAC - Safari] 💻 Emulated Device Profile: DESKTOP - [MAC - Safari]
[tra-cpl][MAC - Safari] 🔄 Processing lead for brand: TRA-CPL
[tra-cpl][MAC - Safari] 📊 Campaign execution run index: 63
[tra-cpl][MAC - Safari] 🎯 Enforcing dynamic credentials & parameters:
   - First Name:   ckmtestpixel
   - Last Name:    ckmtestpixel
   - Email:        ckmtestpixel@gmail.com
   - Phone Number: 401-247-1063
   - Slider Value: 4,481
   - State Value:  Indiana
[tra-cpl][MAC - Safari] 🔗 Navigating to: https://flmtra.com/?a=659&oc=756&c=2210&s1=
[tra-cpl][MAC - Safari] ✅ Page loaded successfully
[tra-cpl][MAC - Safari] 📝 Starting multi-step form filling process...
[tra-cpl][MAC - Safari] 🔘 Step 1: Handling Debt Amount (4,481)
[tra-cpl][MAC - Safari] 🔘 Clicking generic NEXT button
[tra-cpl][MAC - Safari] ✅ Clicked generic NEXT button
[tra-cpl][MAC - Safari] 🔘 Dynamic Choice found: clicking "Close" (Option 1 of 1)
📝 step1 column set to: "Close"
[tra-cpl][MAC - Safari] ⚠️ No visible dynamic choices or next buttons on this step. Ending traversal.
[tra-cpl][MAC - Safari] 🔘 Filling Contact Info (Dynamic Loop)...
[tra-cpl][MAC - Safari] 🔘 No active contact NEXT/SUBMIT button visible. Exiting loop.
[tra-cpl][MAC - Safari] 🔘 Checking for additional submit/next buttons...
[tra-cpl][MAC - Safari] 🔘 Submitting form
[tra-cpl][MAC - Safari] [STDERR] ⚠️ Form submission failure analysis complete.
[tra-cpl][MAC - Safari] ⏳ Waiting for final redirect to Thank You page...
[tra-cpl][MAC - Safari] ✅ Final Thank You URL: https://tra.com/list?reqid=26782589&affid=659&a=659&cpAFID=659&cpSID=&s1=&cpSID2=
[tra-cpl][MAC - Safari] ✅ Extracted Lead ID: 26782589
[tra-cpl][MAC - Safari] 📱 Device Type detected: MAC - Safari
✅ Lead captured: 26782589
[tra-cpl][MAC - Safari] 📡 Fetching First API data for Lead ID: 26782589...
[tra-cpl][MAC - Safari] 📡 Raw XML Response: {
  "lead_info_response": {
    "$": {
      "xmlns:xsd": "http://www.w3.org/2001/XMLSchema",
      "xmlns:xsi": "http://www.w3.org/2001/XMLSchema-instance",
      "xmlns": "http://cakemarketing.com/api/1/"
    },
    "success": "false",
    "message": "Lead/Vertical Not Found",
    "row_count": "0"
  }
}
[tra-cpl][MAC - Safari] [STDERR] ⚠️  Attempt 1: First API returned empty lead data or success=false
[tra-cpl][MAC - Safari] ⏳ Retrying in 1 second...
[tra-cpl][MAC - Safari] 📡 Raw XML Response: {
  "lead_info_response": {
    "$": {
      "xmlns:xsd": "http://www.w3.org/2001/XMLSchema",
      "xmlns:xsi": "http://www.w3.org/2001/XMLSchema-instance",
      "xmlns": "http://cakemarketing.com/api/1/"
    },
    "success": "false",
    "message": "Lead/Vertical Not Found",
    "row_count": "0"
  }
}
⏳ Retrying in 1 second...
[tra-cpl][MAC - Safari] [STDERR] ⚠️  Attempt 2: First API returned empty lead data or success=false
[tra-cpl][MAC - Safari] 📡 Raw XML Response: {
  "lead_info_response": {
    "$": {
      "xmlns:xsd": "http://www.w3.org/2001/XMLSchema",
      "xmlns:xsi": "http://www.w3.org/2001/XMLSchema-instance",
      "xmlns": "http://cakemarketing.com/api/1/"
    },
    "success": "false",
    "message": "Lead/Vertical Not Found",
    "row_count": "0"
  }
}
[tra-cpl][MAC - Safari] [STDERR] ⚠️  Attempt 3: First API returned empty lead data or success=false
[tra-cpl][MAC - Safari] 📡 Fetching Second API data for Lead ID: 26782589...
[tra-cpl][MAC - Safari] 📡 Standard Second API Payload: cake_id=26782589, domain_name=https://www.taxreliefadvocates.com
[tra-cpl][MAC - Safari] [STDERR] (node:4692) Warning: Setting the NODE_TLS_REJECT_UNAUTHORIZED environment variable to '0' makes TLS connections and HTTPS requests insecure by disabling certificate verification.
(Use `node --trace-warnings ...` to show where the warning was created)
[tra-cpl][MAC - Safari] [STDERR] ❌ Second API Attempt 1 failed: Request failed with status code 404
[tra-cpl][MAC - Safari] ⏳ Retrying in 1 second to allow database synchronization...
[tra-cpl][MAC - Safari] 📡 Standard Second API Payload: cake_id=26782589, domain_name=https://www.taxreliefadvocates.com
[tra-cpl][MAC - Safari] [STDERR] ❌ Second API Attempt 2 failed: Request failed with status code 404
[tra-cpl][MAC - Safari] ⏳ Retrying in 1 second to allow database synchronization...
[tra-cpl][MAC - Safari] 📡 Standard Second API Payload: cake_id=26782589, domain_name=https://www.taxreliefadvocates.com
[tra-cpl][MAC - Safari] [STDERR] ❌ Second API Attempt 3 failed: Request failed with status code 404
[tra-cpl][MAC - Safari] ⏳ Retrying in 1 second to allow database synchronization...
[tra-cpl][MAC - Safari] 📡 Standard Second API Payload: cake_id=26782589, domain_name=https://www.taxreliefadvocates.com
[tra-cpl][MAC - Safari] [STDERR] ❌ Second API Attempt 4 failed: Request failed with status code 404
[tra-cpl][MAC - Safari] ⏳ Retrying in 1 second to allow database synchronization...
[tra-cpl][MAC - Safari] 📡 Standard Second API Payload: cake_id=26782589, domain_name=https://www.taxreliefadvocates.com
[tra-cpl][MAC - Safari] [STDERR] ❌ Second API Attempt 5 failed: Request failed with status code 404
[tra-cpl][MAC - Safari] 📡 [Rest-Assurance] Verifying Lead ID: 26782589 via Backend...
[tra-cpl][MAC - Safari] [STDERR] 🛡️  [Rest-Assurance] VERIFICATION_FAILED: Lead not found in Backend
[tra-cpl][MAC - Safari] ✅ Row appended successfully to sheet: TRA-CPL
[tra-cpl][MAC - Safari] ⚠️  Non-fatal formatting error for TRA-CPL (Banding might already exist): Invalid requests[2].addBanding: You cannot add alternating background colors to a range that already has alternating background colors.
[tra-cpl][MAC - Safari] ✅ Lead processed successfully for TRA-CPL
[tra-cpl][MAC - Safari] 🎥 Video saved successfully: traces/videos/TRA-CPL_TRA-CPL.webm
[tra-cpl][MAC - Safari] 
✅ Execution successfully processed! { success: true, leadId: '26782589', brand: 'TRA-CPL' }
[tra-cpl][MAC - Safari] [STDERR] ❌ Automation Run encountered a fatal exception: tracing.stop: Target page, context or browser has been closed
✅ [15/5/2026, 9:56:49 am] COMPLETED: tra-cpl [MAC - Safari][WEBKIT]

================================================================
🚀 [15/5/2026, 9:56:49 am] RUNNING: TRA-CPL [MAC - CHROME]
🔗 Target URL: https://flmtra.com/?a=659&oc=756&c=2210&s1=
================================================================
[tra-cpl][MAC - Chrome] 🔌 [Browser Interceptor] Intercepting and optimizing engine: CHROMIUM
[tra-cpl][MAC - Chrome] ◇ injected env (0) from .env // tip: ⌁ auth for agents [www.vestauth.com]
[tra-cpl][MAC - Chrome] ◇ injected env (0) from .env // tip: ⌘ custom filepath { path: '/custom/path/.env' }
[tra-cpl][MAC - Chrome] ◇ injected env (0) from .env // tip: ◈ encrypted .env [www.dotenvx.com]
[tra-cpl][MAC - Chrome] ◇ injected env (0) from .env // tip: ◈ encrypted .env [www.dotenvx.com]
[tra-cpl][MAC - Chrome] ◇ injected env (0) from .env // tip: ◈ encrypted .env [www.dotenvx.com]
[tra-cpl][MAC - Chrome] 
🤖 ================================================================
[tra-cpl][MAC - Chrome] 🤖 MASTER RUNNER: LAUNCHING TRA-CPL
🤖 Mode:            DESKTOP
[tra-cpl][MAC - Chrome] 🤖 Tracking URL:     https://flmtra.com/?a=659&oc=756&c=2210&s1=
[tra-cpl][MAC - Chrome] 🤖 Target Sheet:    TRA-CPL
🤖 ================================================================
[tra-cpl][MAC - Chrome] 🔌 [Browser Interceptor] Intercepting and optimizing engine: CHROMIUM
[tra-cpl][MAC - Chrome] 💻 Emulated Device Profile: DESKTOP - [MAC - Chrome]
[tra-cpl][MAC - Chrome] 🔄 Processing lead for brand: TRA-CPL
[tra-cpl][MAC - Chrome] 📊 Campaign execution run index: 64
[tra-cpl][MAC - Chrome] 🎯 Enforcing dynamic credentials & parameters:
   - First Name:   ckmtestpixel
[tra-cpl][MAC - Chrome]    - Last Name:    ckmtestpixel
   - Email:        ckmtestpixel@gmail.com
   - Phone Number: 401-247-1064
   - Slider Value: 7,294
   - State Value:  Iowa
[tra-cpl][MAC - Chrome] 🔗 Navigating to: https://flmtra.com/?a=659&oc=756&c=2210&s1=
[tra-cpl][MAC - Chrome] ✅ Page loaded successfully
[tra-cpl][MAC - Chrome] 📝 Starting multi-step form filling process...
[tra-cpl][MAC - Chrome] 🔘 Step 1: Handling Debt Amount (7,294)
[tra-cpl][MAC - Chrome] 🔘 Attempting to click .next-btn1, .btn-next
[tra-cpl][MAC - Chrome] ✅ Clicked .next-btn1, .btn-next
[tra-cpl][MAC - Chrome] ✅ Reached a recognized terminal step (State or Contact). Stopping dynamic traversal.
[tra-cpl][MAC - Chrome] 🔘 Step: Selecting State
[tra-cpl][MAC - Chrome] ✅ Selected state dynamically: "Illinois"
📝 step3 column set to State: "Illinois"
[tra-cpl][MAC - Chrome] 🔘 Clicking generic NEXT button
[tra-cpl][MAC - Chrome] ✅ Clicked generic NEXT button
[tra-cpl][MAC - Chrome] 🔘 Advancing past post-state step...
[tra-cpl][MAC - Chrome] 🔘 Filling Contact Info (Dynamic Loop)...
[tra-cpl][MAC - Chrome] ✅ Filled First Name: ckmtestpixel
[tra-cpl][MAC - Chrome] ✅ Filled Last Name: ckmtestpixel
[tra-cpl][MAC - Chrome] 🔘 Clicking active contact NEXT/SUBMIT button...
[tra-cpl][MAC - Chrome] ✅ Filled Email: ckmtestpixel@gmail.com
[tra-cpl][MAC - Chrome] 🔘 Clicking active contact NEXT/SUBMIT button...
[tra-cpl][MAC - Chrome] ✅ Filled Phone: 401-247-1064
[tra-cpl][MAC - Chrome] 🔘 Clicking active contact NEXT/SUBMIT button...
[tra-cpl][MAC - Chrome] [STDERR] ❌ Error during form filling: locator.click: Timeout 25000ms exceeded.
Call log:
[2m  - waiting for locator('#primary_phone:visible, #phone:visible, #phone_home:visible, input[name="phone"]:visible, input[name="phone_home"]:visible, input[name="primary_phone"]:visible, input[type="tel"]:visible').first()[22m
[2m    - locator resolved to <input type="tel" tabindex="1" id="primary_phone" placeholder="Phone" name="primary_phone" aria-invalid="false" class="form-control valid" data-gtm-form-interact-field-id="4"/>[22m
[2m  - attempting click action[22m
[2m    2 × waiting for element to be visible, enabled and stable[22m
[2m      - element is visible, enabled and stable[22m
[2m      - scrolling into view if needed[22m
[2m      - done scrolling[22m
[2m      - <div class="loader">Loading…</div> intercepts pointer events[22m
[2m    - retrying click action[22m
[2m    - waiting 20ms[22m
[2m    2 × waiting for element to be visible, enabled and stable[22m
[2m      - element is visible, enabled and stable[22m
[2m      - scrolling into view if needed[22m
[2m      - done scrolling[22m
[2m      - <div class="loader">Loading…</div> intercepts pointer events[22m
[2m    - retrying click action[22m
[2m      - waiting 100ms[22m
[2m    2 × waiting for element to be visible, enabled and stable[22m
[2m      - element is visible, enabled and stable[22m
[2m      - scrolling into view if needed[22m
[2m      - done scrolling[22m
[2m      - <div class="loader">Loading…</div> intercepts pointer events[22m
[2m    - retrying click action[22m
[2m      - waiting 500ms[22m
[2m    - waiting for element to be visible, enabled and stable[22m
[2m    - element is visible, enabled and stable[22m
[2m    - scrolling into view if needed[22m
[2m  - element was detached from the DOM, retrying[22m
[2m    - waiting for" https://tra.com/thank-you?debt=10000&leadid=C59DD343&reqid=26782592&affid=659&oid=133" navigation to finish...[22m
[2m    - navigated to "https://tra.com/thank-you?debt=10000&leadid=C59DD343&reqid=26782592&affid=659&oid=133"[22m

[tra-cpl][MAC - Chrome] [STDERR] ❌ Failed processing TRA-CPL: locator.click: Timeout 25000ms exceeded.
Call log:
[2m  - waiting for locator('#primary_phone:visible, #phone:visible, #phone_home:visible, input[name="phone"]:visible, input[name="phone_home"]:visible, input[name="primary_phone"]:visible, input[type="tel"]:visible').first()[22m
[2m    - locator resolved to <input type="tel" tabindex="1" id="primary_phone" placeholder="Phone" name="primary_phone" aria-invalid="false" class="form-control valid" data-gtm-form-interact-field-id="4"/>[22m
[2m  - attempting click action[22m
[2m    2 × waiting for element to be visible, enabled and stable[22m
[2m      - element is visible, enabled and stable[22m
[2m      - scrolling into view if needed[22m
[2m      - done scrolling[22m
[2m      - <div class="loader">Loading…</div> intercepts pointer events[22m
[2m    - retrying click action[22m
[2m    - waiting 20ms[22m
[2m    2 × waiting for element to be visible, enabled and stable[22m
[2m      - element is visible, enabled and stable[22m
[2m      - scrolling into view if needed[22m
[2m      - done scrolling[22m
[2m      - <div class="loader">Loading…</div> intercepts pointer events[22m
[2m    - retrying click action[22m
[2m      - waiting 100ms[22m
[2m    2 × waiting for element to be visible, enabled and stable[22m
[2m      - element is visible, enabled and stable[22m
[2m      - scrolling into view if needed[22m
[2m      - done scrolling[22m
[2m      - <div class="loader">Loading…</div> intercepts pointer events[22m
[2m    - retrying click action[22m
[2m      - waiting 500ms[22m
[2m    - waiting for element to be visible, enabled and stable[22m
[2m    - element is visible, enabled and stable[22m
[2m    - scrolling into view if needed[22m
[2m  - element was detached from the DOM, retrying[22m
[2m    - waiting for" https://tra.com/thank-you?debt=10000&leadid=C59DD343&reqid=26782592&affid=659&oid=133" navigation to finish...[22m
[2m    - navigated to "https://tra.com/thank-you?debt=10000&leadid=C59DD343&reqid=26782592&affid=659&oid=133"[22m

[tra-cpl][MAC - Chrome] 
✅ Execution successfully processed! {
  success: false,
  error: 'locator.click: Timeout 25000ms exceeded.\n' +
    'Call log:\n' +
    `\x1B[2m  - waiting for locator('#primary_phone:visible, #phone:visible, #phone_home:visible, input[name="phone"]:visible, input[name="phone_home"]:visible, input[name="primary_phone"]:visible, input[type="tel"]:visible').first()\x1B[22m\n` +
    '\x1B[2m    - locator resolved to <input type="tel" tabindex="1" id="primary_phone" placeholder="Phone" name="primary_phone" aria-invalid="false" class="form-control valid" data-gtm-form-interact-field-id="4"/>\x1B[22m\n' +
    '\x1B[2m  - attempting click action\x1B[22m\n' +
    '\x1B[2m    2 × waiting for element to be visible, enabled and stable\x1B[22m\n' +
    '\x1B[2m      - element is visible, enabled and stable\x1B[22m\n' +
    '\x1B[2m      - scrolling into view if needed\x1B[22m\n' +
    '\x1B[2m      - done scrolling\x1B[22m\n' +
    '\x1B[2m      - <div class="loader">Loading…</div> intercepts pointer events\x1B[22m\n' +
    '\x1B[2m    - retrying click action\x1B[22m\n' +
    '\x1B[2m    - waiting 20ms\x1B[22m\n' +
    '\x1B[2m    2 × waiting for element to be visible, enabled and stable\x1B[22m\n' +
    '\x1B[2m      - element is visible, enabled and stable\x1B[22m\n' +
    '\x1B[2m      - scrolling into view if needed\x1B[22m\n' +
    '\x1B[2m      - done scrolling\x1B[22m\n' +
    '\x1B[2m      - <div class="loader">Loading…</div> intercepts pointer events\x1B[22m\n' +
    '\x1B[2m    - retrying click action\x1B[22m\n' +
    '\x1B[2m      - waiting 100ms\x1B[22m\n' +
    '\x1B[2m    2 × waiting for element to be visible, enabled and stable\x1B[22m\n' +
    '\x1B[2m      - element is visible, enabled and stable\x1B[22m\n' +
    '\x1B[2m      - scrolling into view if needed\x1B[22m\n' +
    '\x1B[2m      - done scrolling\x1B[22m\n' +
    '\x1B[2m      - <div class="loader">Loading…</div> intercepts pointer events\x1B[22m\n' +
    '\x1B[2m    - retrying click action\x1B[22m\n' +
    '\x1B[2m      - waiting 500ms\x1B[22m\n' +
    '\x1B[2m    - waiting for element to be visible, enabled and stable\x1B[22m\n' +
    '\x1B[2m    - element is visible, enabled and stable\x1B[22m\n' +
    '\x1B[2m    - scrolling into view if needed\x1B[22m\n' +
    '\x1B[2m  - element was detached from the DOM, retrying\x1B[22m\n' +
    '\x1B[2m    - waiting for" https://tra.com/thank-you?debt=10000&leadid=C59DD343&reqid=26782592&affid=659&oid=133" navigation to finish...\x1B[22m\n' +
    '\x1B[2m    - navigated to "https://tra.com/thank-you?debt=10000&leadid=C59DD343&reqid=26782592&affid=659&oid=133"\x1B[22m\n',
  brand: 'TRA-CPL'
}
[tra-cpl][MAC - Chrome] 📋 Trace report successfully saved: traces/tra-cpl_desktop.zip
✅ [15/5/2026, 9:57:46 am] COMPLETED: tra-cpl [MAC - Chrome][CHROMIUM]

================================================================
⚡ Processing Campaign Matrix: [TRA-D3]
================================================================

================================================================
🚀 [15/5/2026, 9:57:46 am] RUNNING: TRA-D3 [ANDROID - CHROME]
🔗 Target URL: https://flmtra.com/?a=659&oc=792&c=2386&s1=
================================================================
[tra-d3][Android - Chrome] 🔌 [Browser Interceptor] Intercepting and optimizing engine: CHROMIUM
[tra-d3][Android - Chrome] ◇ injected env (0) from .env // tip: ⌘ custom filepath { path: '/custom/path/.env' }
[tra-d3][Android - Chrome] ◇ injected env (0) from .env // tip: ⌘ custom filepath { path: '/custom/path/.env' }
[tra-d3][Android - Chrome] ◇ injected env (0) from .env // tip: ◈ encrypted .env [www.dotenvx.com]
[tra-d3][Android - Chrome] ◇ injected env (0) from .env // tip: ⌘ override existing { override: true }
[tra-d3][Android - Chrome] ◇ injected env (0) from .env // tip: ⌁ auth for agents [www.vestauth.com]
[tra-d3][Android - Chrome] 
🤖 ================================================================
[tra-d3][Android - Chrome] 🤖 MASTER RUNNER: LAUNCHING TRA-D3
🤖 Mode:            MOBILE
🤖 Tracking URL:     https://flmtra.com/?a=659&oc=792&c=2386&s1=
[tra-d3][Android - Chrome] 🤖 Target Sheet:    TRA-DT3
🤖 ================================================================
[tra-d3][Android - Chrome] 🔌 [Browser Interceptor] Intercepting and optimizing engine: CHROMIUM
[tra-d3][Android - Chrome] 📋 Emulated Device Profile: MOBILE (Pixel 7) - [Android - Chrome]
[tra-d3][Android - Chrome] ⏳ Delaying 200ms to allow responsive layouts to mount...
[tra-d3][Android - Chrome] 🔄 Processing lead for brand: TRA-D3 Mobile
[tra-d3][Android - Chrome] 📊 Campaign execution run index: 43
[tra-d3][Android - Chrome] 🎯 Enforcing dynamic credentials & parameters:
   - First Name:   ckmtestpixel
[tra-d3][Android - Chrome]    - Last Name:    ckmtestpixel
   - Email:        ckmtestpixel@gmail.com
   - Phone Number: 401-247-1043
   - Slider Value: 5,335
   - State Value:  Utah
[tra-d3][Android - Chrome] 🔗 [Mobile] Navigating to: https://flmtra.com/?a=659&oc=792&c=2386&s1=
[tra-d3][Android - Chrome] ✅ [Mobile] Page loaded successfully
[tra-d3][Android - Chrome] 📱 [Mobile] Injecting high-fidelity glossy Natural Titanium iPhone 17 Pro mockup frame...
[tra-d3][Android - Chrome] 📱 [Mobile] Injecting high-fidelity glossy Natural Titanium iPhone 17 Pro mockup frame...
[tra-d3][Android - Chrome] 📝 [Mobile] Starting mobile-specific form filling...
[tra-d3][Android - Chrome] 🔘 [Mobile] Step 1: Selecting Debt Amount (5,335)
[tra-d3][Android - Chrome] 🔘 [Mobile] Clicking active visible button: .next-btn1:visible, .btn-next:visible
[tra-d3][Android - Chrome] ✅ [Mobile] Clicked: .next-btn1:visible, .btn-next:visible
[tra-d3][Android - Chrome] 📱 [Mobile] Injecting high-fidelity glossy Natural Titanium iPhone 17 Pro mockup frame...
[tra-d3][Android - Chrome] 🔘 [Mobile] Dynamic Choice found: clicking "Other" (Option 4 of 5)
📝 [Mobile] step1 column set to: "Other"
[tra-d3][Android - Chrome] 📱 [Mobile] Injecting high-fidelity glossy Natural Titanium iPhone 17 Pro mockup frame...
[tra-d3][Android - Chrome] 🔘 [Mobile] Dynamic Choice found: clicking "Close" (Option 4 of 4)
📝 [Mobile] step2 column set to: "Close"
[tra-d3][Android - Chrome] 📱 [Mobile] Injecting high-fidelity glossy Natural Titanium iPhone 17 Pro mockup frame...
[tra-d3][Android - Chrome] ✅ [Mobile] Reached a recognized terminal step (State or Contact). Stopping dynamic traversal.
[tra-d3][Android - Chrome] 🔘 [Mobile] Step 3: Filling Contact Info (Dynamic Loop)...
[tra-d3][Android - Chrome] 📱 [Mobile] Injecting high-fidelity glossy Natural Titanium iPhone 17 Pro mockup frame...
[tra-d3][Android - Chrome] ✅ [Mobile] Filled First Name: ckmtestpixel
[tra-d3][Android - Chrome] ✅ [Mobile] Filled Last Name: ckmtestpixel
[tra-d3][Android - Chrome] ✅ [Mobile] Filled Email: ckmtestpixel@gmail.com
[tra-d3][Android - Chrome] ✅ [Mobile] Filled Phone: 401-247-1043
[tra-d3][Android - Chrome] 🔘 [Mobile] Clicking active contact NEXT/SUBMIT button...
[tra-d3][Android - Chrome] 📱 [Mobile] Injecting high-fidelity glossy Natural Titanium iPhone 17 Pro mockup frame...
[tra-d3][Android - Chrome] ✅ [Mobile] Filled Phone: 401-247-1043
[tra-d3][Android - Chrome] 🔘 [Mobile] Clicking active contact NEXT/SUBMIT button...
[tra-d3][Android - Chrome] 📱 [Mobile] Injecting high-fidelity glossy Natural Titanium iPhone 17 Pro mockup frame...
[tra-d3][Android - Chrome] 🔘 [Mobile] No active contact NEXT/SUBMIT button visible. Exiting loop.
🔘 [Mobile] Scanning for additional dynamic steps...
[tra-d3][Android - Chrome] 🔘 [Mobile] Submitting form
[tra-d3][Android - Chrome] ⏳ [Mobile] Waiting for submission navigation to complete
[tra-d3][Android - Chrome] [STDERR] ⚠️ [Mobile] Standard submit buttons not found, consulting FLM Agent...
[tra-d3][Android - Chrome] 🤖 [FLM Agent] Analyzing Submit button for global...
[tra-d3][Android - Chrome] ⏳ [Mobile] Waiting for final Thank You page redirection...
[tra-d3][Android - Chrome] ✅ [Mobile] Targeted final redirect URL achieved!
[tra-d3][Android - Chrome] ✅ [Mobile] Final Thank You URL: https://tra.com/thank-you?debt=10000&leadid=5BE923A5&reqid=26782597&affid=659&oid=145
[tra-d3][Android - Chrome] ✅ [Mobile] Extracted Lead ID: 5BE923A5
[tra-d3][Android - Chrome] 📱 Device Type detected: Android - Chrome
✅ Lead captured: 5BE923A5
[tra-d3][Android - Chrome] 📡 Fetching First API data for Lead ID: 5BE923A5...
[tra-d3][Android - Chrome] 📡 Raw XML Response: {
  "lead_info_response": {
    "$": {
      "xmlns:xsd": "http://www.w3.org/2001/XMLSchema",
      "xmlns:xsi": "http://www.w3.org/2001/XMLSchema-instance",
      "xmlns": "http://cakemarketing.com/api/1/"
    },
    "success": "true",
    "row_count": "1",
    "lead_id": "5BE923A5",
    "personal_info": {
      "first_name": "CKMTESTPIXEL",
      "last_name": "CKMTESTPIXEL",
      "email_address": "ckmtestpixel@gmail.com",
      "address": {
        "street": "",
        "city": "",
        "state": "CA",
        "zip_code": "91363",
        "country": ""
      },
      "ip_address": "27.54.170.27",
      "phone_work": "",
      "phone_home": "401-247-1043",
      "phone_cell": "",
      "best_call_time": "",
      "opt_in": "false"
    },
    "traffic_info": {
      "lead_date": "2026-05-14T21:28:06.487",
      "payout": {
        "currency_id": "1",
        "amount": "0.0000",
        "formatted_amount": "$0.00"
      },
      "affiliate": {
        "affiliate_id": {
          "_": "659",
          "$": {
            "xmlns": "API:id_name_store"
          }
        },
        "affiliate_name": {
          "_": "QA affiliate",
          "$": {
            "xmlns": "API:id_name_store"
          }
        }
      },
      "campaign": {
        "campaign_id": {
          "_": "4155",
          "$": {
            "xmlns": "API:id_name_store"
          }
        },
        "campaign_name": {
          "_": "TRA.com CPL (X) - Main - CPA - $1.00",
          "$": {
            "xmlns": "API:id_name_store"
          }
        }
      },
      "creative_id": "2386",
      "subid_1": "",
      "subid_2": "",
      "subid_3": "",
      "subid_4": "",
      "subid_5": "",
      "referrer": "",
      "pixel_fired": "true",
      "returned_to_affiliate": "false",
      "test": "true",
      "upsell": "false"
    },
    "all_vertical_data": {
      "data": {
        "$": {
          "xmlns": ""
        },
        "tax_debt": "10000",
        "universal_leadid": "D0479F7E-B15A-0329-7637-FD73D03B3716",
        "affid": "659",
        "TCPA_checkbox": "1",
        "reqid": "26782597",
        "page": "https://tra.com/dt3",
        "neustar": "fail",
        "neustar_disposition": "N,U,I4,L,0",
        "first_name_lower": "ckmtestpixel",
        "last_name_lower": "ckmtestpixel",
        "income": "6500",
        "opt_special_offers": "on",
        "debt_type": "Other",
        "ckm_campaign_id": "4364"
      }
    },
    "dispositions": {
      "disposition": [
        {
          "disposition_type": "Not Paid For",
          "reason": "Unmatched Filter",
          "filter": "Nuestar Fail"
        },
        {
          "disposition_type": "Not Paid For",
          "reason": "Unmatched Filter",
          "filter": "Debt Type Does Not Contain"
        },
        {
          "disposition_type": "Sent to Review Queue",
          "reason": "debt_type: This value is not valid",
          "filter": "Equals Value"
        },
        {
          "disposition_type": "Sent to Review Queue",
          "reason": "neustar: This value is not valid",
          "filter": "Equals Value"
        }
      ]
    },
    "pings": "",
    "posts": "",
    "sales": ""
  }
}
✅ First API Data retrieved on attempt 1
[tra-d3][Android - Chrome] 📡 Fetching Second API data for Lead ID: 5BE923A5...
[tra-d3][Android - Chrome] 📡 Standard Second API Payload: cake_id=5BE923A5, domain_name=https://www.taxreliefadvocates.com
[tra-d3][Android - Chrome] [STDERR] (node:17916) Warning: Setting the NODE_TLS_REJECT_UNAUTHORIZED environment variable to '0' makes TLS connections and HTTPS requests insecure by disabling certificate verification.
(Use `node --trace-warnings ...` to show where the warning was created)
[tra-d3][Android - Chrome] [STDERR] ❌ Second API Attempt 1 failed: Request failed with status code 404
[tra-d3][Android - Chrome] ⏳ Retrying in 1 second to allow database synchronization...
[tra-d3][Android - Chrome] 📡 Standard Second API Payload: cake_id=5BE923A5, domain_name=https://www.taxreliefadvocates.com
[tra-d3][Android - Chrome] [STDERR] ❌ Second API Attempt 2 failed: Request failed with status code 404
[tra-d3][Android - Chrome] ⏳ Retrying in 1 second to allow database synchronization...
[tra-d3][Android - Chrome] 📡 Standard Second API Payload: cake_id=5BE923A5, domain_name=https://www.taxreliefadvocates.com
[tra-d3][Android - Chrome] [STDERR] ❌ Second API Attempt 3 failed: Request failed with status code 404
[tra-d3][Android - Chrome] ⏳ Retrying in 1 second to allow database synchronization...
[tra-d3][Android - Chrome] 📡 Standard Second API Payload: cake_id=5BE923A5, domain_name=https://www.taxreliefadvocates.com
[tra-d3][Android - Chrome] [STDERR] ❌ Second API Attempt 4 failed: Request failed with status code 404
[tra-d3][Android - Chrome] ⏳ Retrying in 1 second to allow database synchronization...
[tra-d3][Android - Chrome] 📡 Standard Second API Payload: cake_id=5BE923A5, domain_name=https://www.taxreliefadvocates.com
[tra-d3][Android - Chrome] [STDERR] ❌ Second API Attempt 5 failed: Request failed with status code 404
[tra-d3][Android - Chrome] 📡 [Rest-Assurance] Verifying Lead ID: 5BE923A5 via Backend...
[tra-d3][Android - Chrome] 🛡️  [Rest-Assurance] VERIFIED (Backend Debt: 10000)
[tra-d3][Android - Chrome] ✅ Row appended successfully to sheet: TRA-DT3
[tra-d3][Android - Chrome] ⚠️  Non-fatal formatting error for TRA-DT3 (Banding might already exist): Invalid requests[2].addBanding: You cannot add alternating background colors to a range that already has alternating background colors.
[tra-d3][Android - Chrome] ✅ Lead processed successfully for TRA-D3 Mobile
[tra-d3][Android - Chrome] 🎥 Video saved successfully: traces/videos/TRA-DT3_TRA-D3_Mobile.webm
[tra-d3][Android - Chrome] 
✅ Execution successfully processed! { success: true, leadId: '5BE923A5', brand: 'TRA-D3 Mobile' }
[tra-d3][Android - Chrome] [STDERR] ❌ Automation Run encountered a fatal exception: tracing.stop: Target page, context or browser has been closed
✅ [15/5/2026, 9:58:44 am] COMPLETED: tra-d3 [Android - Chrome][CHROMIUM]

================================================================
🚀 [15/5/2026, 9:58:44 am] RUNNING: TRA-D3 [ANDROID - FIREFOX]
🔗 Target URL: https://flmtra.com/?a=659&oc=792&c=2386&s1=
================================================================
[tra-d3][Android - Firefox] 🔌 [Browser Interceptor] Intercepting and optimizing engine: FIREFOX
[tra-d3][Android - Firefox] ◇ injected env (0) from .env // tip: ◈ secrets for agents [www.dotenvx.com]
[tra-d3][Android - Firefox] ◇ injected env (0) from .env // tip: ⌘ custom filepath { path: '/custom/path/.env' }
[tra-d3][Android - Firefox] ◇ injected env (0) from .env // tip: ⌘ suppress logs { quiet: true }
[tra-d3][Android - Firefox] ◇ injected env (0) from .env // tip: ⌘ custom filepath { path: '/custom/path/.env' }
[tra-d3][Android - Firefox] ◇ injected env (0) from .env // tip: ⌘ enable debugging { debug: true }
[tra-d3][Android - Firefox] 
🤖 ================================================================
[tra-d3][Android - Firefox] 🤖 MASTER RUNNER: LAUNCHING TRA-D3
🤖 Mode:            MOBILE
[tra-d3][Android - Firefox] 🤖 Tracking URL:     https://flmtra.com/?a=659&oc=792&c=2386&s1=
[tra-d3][Android - Firefox] 🤖 Target Sheet:    TRA-DT3
[tra-d3][Android - Firefox] 🤖 ================================================================
[tra-d3][Android - Firefox] 🔌 [Browser Interceptor] Intercepting and optimizing engine: FIREFOX
[tra-d3][Android - Firefox] 📋 Emulated Device Profile: MOBILE (Pixel 7) - [Android - Firefox]
🔌 [Browser Interceptor] Sanitizing mobile context options for Firefox emulation...
🔌 [Browser Interceptor] Sanitizing mobile context options for Firefox emulation...
[tra-d3][Android - Firefox] ⏳ Delaying 200ms to allow responsive layouts to mount...
[tra-d3][Android - Firefox] 🔄 Processing lead for brand: TRA-D3 Mobile
[tra-d3][Android - Firefox] 📊 Campaign execution run index: 45
[tra-d3][Android - Firefox] 🎯 Enforcing dynamic credentials & parameters:
   - First Name:   ckmtestpixel
[tra-d3][Android - Firefox]    - Last Name:    ckmtestpixel
   - Email:        ckmtestpixel@gmail.com
   - Phone Number: 401-247-1045
   - Slider Value: 17,507
   - State Value:  Virginia
[tra-d3][Android - Firefox] 🔗 [Mobile] Navigating to: https://flmtra.com/?a=659&oc=792&c=2386&s1=
[tra-d3][Android - Firefox] ✅ [Mobile] Page loaded successfully
[tra-d3][Android - Firefox] 📱 [Mobile] Injecting high-fidelity glossy Natural Titanium iPhone 17 Pro mockup frame...
[tra-d3][Android - Firefox] 📱 [Mobile] Injecting high-fidelity glossy Natural Titanium iPhone 17 Pro mockup frame...
[tra-d3][Android - Firefox] 📝 [Mobile] Starting mobile-specific form filling...
[tra-d3][Android - Firefox] 🔘 [Mobile] Step 1: Selecting Debt Amount (17,507)
[tra-d3][Android - Firefox] 🔘 [Mobile] Clicking active visible button: .next-btn1:visible, .btn-next:visible
[tra-d3][Android - Firefox] ✅ [Mobile] Clicked: .next-btn1:visible, .btn-next:visible
[tra-d3][Android - Firefox] 📱 [Mobile] Injecting high-fidelity glossy Natural Titanium iPhone 17 Pro mockup frame...
[tra-d3][Android - Firefox] 🔘 [Mobile] Dynamic Choice found: clicking "Federal Tax Debt" (Option 1 of 5)
📝 [Mobile] step1 column set to: "Federal Tax Debt"
[tra-d3][Android - Firefox] [STDERR] ❌ [Mobile] Error during mobile form filling: locator.tap: The page does not support tap. Use hasTouch context option to enable touch support.
[tra-d3][Android - Firefox] [STDERR] ❌ Failed processing TRA-D3 Mobile: locator.tap: The page does not support tap. Use hasTouch context option to enable touch support.
[tra-d3][Android - Firefox] 
✅ Execution successfully processed! {
  success: false,
  error: 'locator.tap: The page does not support tap. Use hasTouch context option to enable touch support.',
  brand: 'TRA-D3 Mobile'
}
[tra-d3][Android - Firefox] 📋 Trace report successfully saved: traces/tra-d3_mobile.zip
✅ [15/5/2026, 9:59:35 am] COMPLETED: tra-d3 [Android - Firefox][FIREFOX]

================================================================
🚀 [15/5/2026, 9:59:35 am] RUNNING: TRA-D3 [IOS - CHROME]
🔗 Target URL: https://flmtra.com/?a=659&oc=792&c=2386&s1=
================================================================
[tra-d3][iOS - Chrome] 🔌 [Browser Interceptor] Intercepting and optimizing engine: CHROMIUM
[tra-d3][iOS - Chrome] ◇ injected env (0) from .env // tip: ◈ secrets for agents [www.dotenvx.com]
[tra-d3][iOS - Chrome] ◇ injected env (0) from .env // tip: ◈ encrypted .env [www.dotenvx.com]
[tra-d3][iOS - Chrome] ◇ injected env (0) from .env // tip: ⌘ enable debugging { debug: true }
[tra-d3][iOS - Chrome] ◇ injected env (0) from .env // tip: ⌘ enable debugging { debug: true }
[tra-d3][iOS - Chrome] ◇ injected env (0) from .env // tip: ◈ encrypted .env [www.dotenvx.com]
[tra-d3][iOS - Chrome] 
🤖 ================================================================
🤖 MASTER RUNNER: LAUNCHING TRA-D3
[tra-d3][iOS - Chrome] 🤖 Mode:            MOBILE
🤖 Tracking URL:     https://flmtra.com/?a=659&oc=792&c=2386&s1=
🤖 Target Sheet:    TRA-DT3
🤖 ================================================================
[tra-d3][iOS - Chrome] 🔌 [Browser Interceptor] Intercepting and optimizing engine: CHROMIUM
[tra-d3][iOS - Chrome] 📋 Emulated Device Profile: MOBILE (iPhone 17 Pro Mode) - [iOS - Chrome]
[tra-d3][iOS - Chrome] ⏳ Delaying 200ms to allow responsive layouts to mount...
[tra-d3][iOS - Chrome] 🔄 Processing lead for brand: TRA-D3 Mobile
[tra-d3][iOS - Chrome] 📊 Campaign execution run index: 47
[tra-d3][iOS - Chrome] 🎯 Enforcing dynamic credentials & parameters:
   - First Name:   ckmtestpixel
[tra-d3][iOS - Chrome]    - Last Name:    ckmtestpixel
   - Email:        ckmtestpixel@gmail.com
   - Phone Number: 401-247-1047
   - Slider Value: 91,804
   - State Value:  West Virginia
[tra-d3][iOS - Chrome] 🔗 [Mobile] Navigating to: https://flmtra.com/?a=659&oc=792&c=2386&s1=
[tra-d3][iOS - Chrome] ✅ [Mobile] Page loaded successfully
[tra-d3][iOS - Chrome] 📱 [Mobile] Injecting high-fidelity glossy Natural Titanium iPhone 17 Pro mockup frame...
[tra-d3][iOS - Chrome] 📱 [Mobile] Injecting high-fidelity glossy Natural Titanium iPhone 17 Pro mockup frame...
[tra-d3][iOS - Chrome] 📝 [Mobile] Starting mobile-specific form filling...
[tra-d3][iOS - Chrome] 🔘 [Mobile] Step 1: Selecting Debt Amount (91,804)
[tra-d3][iOS - Chrome] 🔘 [Mobile] Clicking active visible button: .next-btn1:visible, .btn-next:visible
[tra-d3][iOS - Chrome] ✅ [Mobile] Clicked: .next-btn1:visible, .btn-next:visible
[tra-d3][iOS - Chrome] 📱 [Mobile] Injecting high-fidelity glossy Natural Titanium iPhone 17 Pro mockup frame...
[tra-d3][iOS - Chrome] 🔘 [Mobile] Dynamic Choice found: clicking "Federal and State Tax Debt" (Option 3 of 5)
📝 [Mobile] step1 column set to: "Federal and State Tax Debt"
[tra-d3][iOS - Chrome] 📱 [Mobile] Injecting high-fidelity glossy Natural Titanium iPhone 17 Pro mockup frame...
[tra-d3][iOS - Chrome] 🔘 [Mobile] Dynamic Choice found: clicking "Close" (Option 4 of 4)
📝 [Mobile] step2 column set to: "Close"
[tra-d3][iOS - Chrome] 📱 [Mobile] Injecting high-fidelity glossy Natural Titanium iPhone 17 Pro mockup frame...
[tra-d3][iOS - Chrome] 🔘 [Mobile] Dynamic Choice found: clicking "More than $6,000" (Option 3 of 3)
📝 [Mobile] step3 column set to: "More than $6,000"
[tra-d3][iOS - Chrome] 📱 [Mobile] Injecting high-fidelity glossy Natural Titanium iPhone 17 Pro mockup frame...
[tra-d3][iOS - Chrome] ✅ [Mobile] Reached a recognized terminal step (State or Contact). Stopping dynamic traversal.
[tra-d3][iOS - Chrome] 🔘 [Mobile] Step 3: Filling Contact Info (Dynamic Loop)...
[tra-d3][iOS - Chrome] 📱 [Mobile] Injecting high-fidelity glossy Natural Titanium iPhone 17 Pro mockup frame...
[tra-d3][iOS - Chrome] ✅ [Mobile] Filled First Name: ckmtestpixel
[tra-d3][iOS - Chrome] ✅ [Mobile] Filled Last Name: ckmtestpixel
[tra-d3][iOS - Chrome] ✅ [Mobile] Filled Email: ckmtestpixel@gmail.com
[tra-d3][iOS - Chrome] ✅ [Mobile] Filled Phone: 401-247-1047
[tra-d3][iOS - Chrome] 🔘 [Mobile] Clicking active contact NEXT/SUBMIT button...
[tra-d3][iOS - Chrome] 📱 [Mobile] Injecting high-fidelity glossy Natural Titanium iPhone 17 Pro mockup frame...
[tra-d3][iOS - Chrome] ✅ [Mobile] Filled Phone: 401-247-1047
[tra-d3][iOS - Chrome] 🔘 [Mobile] Clicking active contact NEXT/SUBMIT button...
[tra-d3][iOS - Chrome] 📱 [Mobile] Injecting high-fidelity glossy Natural Titanium iPhone 17 Pro mockup frame...
[tra-d3][iOS - Chrome] 🔘 [Mobile] No active contact NEXT/SUBMIT button visible. Exiting loop.
🔘 [Mobile] Scanning for additional dynamic steps...
[tra-d3][iOS - Chrome] 🔘 [Mobile] Submitting form
[tra-d3][iOS - Chrome] ⏳ [Mobile] Waiting for submission navigation to complete
[tra-d3][iOS - Chrome] [STDERR] ⚠️ [Mobile] Standard submit buttons not found, consulting FLM Agent...
[tra-d3][iOS - Chrome] 🤖 [FLM Agent] Analyzing Submit button for global...
[tra-d3][iOS - Chrome] ⏳ [Mobile] Waiting for final Thank You page redirection...
[tra-d3][iOS - Chrome] ✅ [Mobile] Targeted final redirect URL achieved!
[tra-d3][iOS - Chrome] ✅ [Mobile] Final Thank You URL: https://tra.com/thank-you?debt=10000&leadid=1413BA08&reqid=26782604&affid=659&oid=145
[tra-d3][iOS - Chrome] ✅ [Mobile] Extracted Lead ID: 1413BA08
[tra-d3][iOS - Chrome] 📱 Device Type detected: iOS - Chrome
✅ Lead captured: 1413BA08
[tra-d3][iOS - Chrome] 📡 Fetching First API data for Lead ID: 1413BA08...
[tra-d3][iOS - Chrome] 📡 Raw XML Response: {
  "lead_info_response": {
    "$": {
      "xmlns:xsd": "http://www.w3.org/2001/XMLSchema",
      "xmlns:xsi": "http://www.w3.org/2001/XMLSchema-instance",
      "xmlns": "http://cakemarketing.com/api/1/"
    },
    "success": "true",
    "row_count": "1",
    "lead_id": "1413BA08",
    "personal_info": {
      "first_name": "CKMTESTPIXEL",
      "last_name": "CKMTESTPIXEL",
      "email_address": "ckmtestpixel@gmail.com",
      "address": {
        "street": "",
        "city": "",
        "state": "CA",
        "zip_code": "92841",
        "country": ""
      },
      "ip_address": "27.54.170.27",
      "phone_work": "",
      "phone_home": "401-247-1047",
      "phone_cell": "",
      "best_call_time": "",
      "opt_in": "false"
    },
    "traffic_info": {
      "lead_date": "2026-05-14T21:29:58.957",
      "payout": {
        "currency_id": "1",
        "amount": "0.0000",
        "formatted_amount": "$0.00"
      },
      "affiliate": {
        "affiliate_id": {
          "_": "659",
          "$": {
            "xmlns": "API:id_name_store"
          }
        },
        "affiliate_name": {
          "_": "QA affiliate",
          "$": {
            "xmlns": "API:id_name_store"
          }
        }
      },
      "campaign": {
        "campaign_id": {
          "_": "4155",
          "$": {
            "xmlns": "API:id_name_store"
          }
        },
        "campaign_name": {
          "_": "TRA.com CPL (X) - Main - CPA - $1.00",
          "$": {
            "xmlns": "API:id_name_store"
          }
        }
      },
      "creative_id": "2386",
      "subid_1": "",
      "subid_2": "",
      "subid_3": "",
      "subid_4": "",
      "subid_5": "",
      "referrer": "",
      "pixel_fired": "true",
      "returned_to_affiliate": "false",
      "test": "true",
      "upsell": "false"
    },
    "all_vertical_data": {
      "data": {
        "$": {
          "xmlns": ""
        },
        "tax_debt": "10000",
        "universal_leadid": "CDEEC581-32CA-1DBE-11DA-0055119F1182",
        "affid": "659",
        "TCPA_checkbox": "1",
        "reqid": "26782604",
        "page": "https://tra.com/dt3",
        "neustar": "fail",
        "neustar_disposition": "N,U,I3,L,0",
        "first_name_lower": "ckmtestpixel",
        "last_name_lower": "ckmtestpixel",
        "income": "6500",
        "opt_special_offers": "on",
        "debt_type": "Federal and State Tax Debt",
        "ckm_campaign_id": "4364"
      }
    },
    "dispositions": {
      "disposition": [
        {
          "disposition_type": "Not Paid For",
          "reason": "Unmatched Filter",
          "filter": "Nuestar Fail"
        },
        {
          "disposition_type": "Sent to Review Queue",
          "reason": "neustar: This value is not valid",
          "filter": "Equals Value"
        }
      ]
    },
    "pings": "",
    "posts": "",
    "sales": ""
  }
}
✅ First API Data retrieved on attempt 1
[tra-d3][iOS - Chrome] 📡 Fetching Second API data for Lead ID: 1413BA08...
[tra-d3][iOS - Chrome] 📡 Standard Second API Payload: cake_id=1413BA08, domain_name=https://www.taxreliefadvocates.com
[tra-d3][iOS - Chrome] [STDERR] (node:21352) Warning: Setting the NODE_TLS_REJECT_UNAUTHORIZED environment variable to '0' makes TLS connections and HTTPS requests insecure by disabling certificate verification.
(Use `node --trace-warnings ...` to show where the warning was created)
[tra-d3][iOS - Chrome] [STDERR] ❌ Second API Attempt 1 failed: Request failed with status code 404
[tra-d3][iOS - Chrome] ⏳ Retrying in 1 second to allow database synchronization...
[tra-d3][iOS - Chrome] 📡 Standard Second API Payload: cake_id=1413BA08, domain_name=https://www.taxreliefadvocates.com
[tra-d3][iOS - Chrome] [STDERR] ❌ Second API Attempt 2 failed: Request failed with status code 404
[tra-d3][iOS - Chrome] ⏳ Retrying in 1 second to allow database synchronization...
[tra-d3][iOS - Chrome] 📡 Standard Second API Payload: cake_id=1413BA08, domain_name=https://www.taxreliefadvocates.com
[tra-d3][iOS - Chrome] [STDERR] ❌ Second API Attempt 3 failed: Request failed with status code 404
[tra-d3][iOS - Chrome] ⏳ Retrying in 1 second to allow database synchronization...
[tra-d3][iOS - Chrome] 📡 Standard Second API Payload: cake_id=1413BA08, domain_name=https://www.taxreliefadvocates.com
[tra-d3][iOS - Chrome] [STDERR] ❌ Second API Attempt 4 failed: Request failed with status code 404
[tra-d3][iOS - Chrome] ⏳ Retrying in 1 second to allow database synchronization...
[tra-d3][iOS - Chrome] 📡 Standard Second API Payload: cake_id=1413BA08, domain_name=https://www.taxreliefadvocates.com
[tra-d3][iOS - Chrome] [STDERR] ❌ Second API Attempt 5 failed: Request failed with status code 404
[tra-d3][iOS - Chrome] 📡 [Rest-Assurance] Verifying Lead ID: 1413BA08 via Backend...
[tra-d3][iOS - Chrome] 🛡️  [Rest-Assurance] VERIFIED (Backend Debt: 10000)
[tra-d3][iOS - Chrome] ✅ Row appended successfully to sheet: TRA-DT3
[tra-d3][iOS - Chrome] ⚠️  Non-fatal formatting error for TRA-DT3 (Banding might already exist): Invalid requests[2].addBanding: You cannot add alternating background colors to a range that already has alternating background colors.
✅ Lead processed successfully for TRA-D3 Mobile
[tra-d3][iOS - Chrome] 🎥 Video saved successfully: traces/videos/TRA-DT3_TRA-D3_Mobile.webm
[tra-d3][iOS - Chrome] 
✅ Execution successfully processed! { success: true, leadId: '1413BA08', brand: 'TRA-D3 Mobile' }
[tra-d3][iOS - Chrome] [STDERR] ❌ Automation Run encountered a fatal exception: tracing.stop: Target page, context or browser has been closed
✅ [15/5/2026, 10:00:37 am] COMPLETED: tra-d3 [iOS - Chrome][CHROMIUM]

================================================================
🚀 [15/5/2026, 10:00:37 am] RUNNING: TRA-D3 [IOS - SAFARI]
🔗 Target URL: https://flmtra.com/?a=659&oc=792&c=2386&s1=
================================================================
[tra-d3][iOS - Safari] 🔌 [Browser Interceptor] Intercepting and optimizing engine: WEBKIT
[tra-d3][iOS - Safari] ◇ injected env (0) from .env // tip: ⌘ override existing { override: true }
[tra-d3][iOS - Safari] ◇ injected env (0) from .env // tip: ⌘ override existing { override: true }
[tra-d3][iOS - Safari] ◇ injected env (0) from .env // tip: ◈ encrypted .env [www.dotenvx.com]
[tra-d3][iOS - Safari] ◇ injected env (0) from .env // tip: ⌘ override existing { override: true }
[tra-d3][iOS - Safari] ◇ injected env (0) from .env // tip: ◈ encrypted .env [www.dotenvx.com]
[tra-d3][iOS - Safari] 
🤖 ================================================================
[tra-d3][iOS - Safari] 🤖 MASTER RUNNER: LAUNCHING TRA-D3
🤖 Mode:            MOBILE
[tra-d3][iOS - Safari] 🤖 Tracking URL:     https://flmtra.com/?a=659&oc=792&c=2386&s1=
[tra-d3][iOS - Safari] 🤖 Target Sheet:    TRA-DT3
[tra-d3][iOS - Safari] 🤖 ================================================================
[tra-d3][iOS - Safari] 🔌 [Browser Interceptor] Intercepting and optimizing engine: WEBKIT
[tra-d3][iOS - Safari] 📋 Emulated Device Profile: MOBILE (iPhone 17 Pro Mode) - [iOS - Safari]
[tra-d3][iOS - Safari] ⏳ Delaying 200ms to allow responsive layouts to mount...
[tra-d3][iOS - Safari] 🔄 Processing lead for brand: TRA-D3 Mobile
[tra-d3][iOS - Safari] 📊 Campaign execution run index: 49
[tra-d3][iOS - Safari] 🎯 Enforcing dynamic credentials & parameters:
   - First Name:   ckmtestpixel
   - Last Name:    ckmtestpixel
[tra-d3][iOS - Safari]    - Email:        ckmtestpixel@gmail.com
   - Phone Number: 401-247-1049
   - Slider Value: 2,314
   - State Value:  Wyoming
[tra-d3][iOS - Safari] 🔗 [Mobile] Navigating to: https://flmtra.com/?a=659&oc=792&c=2386&s1=
[tra-d3][iOS - Safari] ✅ [Mobile] Page loaded successfully
[tra-d3][iOS - Safari] 📱 [Mobile] Injecting high-fidelity glossy Natural Titanium iPhone 17 Pro mockup frame...
[tra-d3][iOS - Safari] 📱 [Mobile] Injecting high-fidelity glossy Natural Titanium iPhone 17 Pro mockup frame...
[tra-d3][iOS - Safari] 📝 [Mobile] Starting mobile-specific form filling...
[tra-d3][iOS - Safari] 🔘 [Mobile] Step 1: Selecting Debt Amount (2,314)
[tra-d3][iOS - Safari] 🔘 [Mobile] Clicking active visible button: .next-btn1:visible, .btn-next:visible
[tra-d3][iOS - Safari] ✅ [Mobile] Clicked: .next-btn1:visible, .btn-next:visible
[tra-d3][iOS - Safari] 📱 [Mobile] Injecting high-fidelity glossy Natural Titanium iPhone 17 Pro mockup frame...
[tra-d3][iOS - Safari] 🔘 [Mobile] Dynamic Choice found: clicking "Close" (Option 5 of 5)
📝 [Mobile] step1 column set to: "Close"
[tra-d3][iOS - Safari] 📱 [Mobile] Injecting high-fidelity glossy Natural Titanium iPhone 17 Pro mockup frame...
[tra-d3][iOS - Safari] 🔘 [Mobile] Dynamic Choice found: clicking "$4,000 - $6,000" (Option 2 of 3)
📝 [Mobile] step2 column set to: "$4,000 - $6,000"
[tra-d3][iOS - Safari] 📱 [Mobile] Injecting high-fidelity glossy Natural Titanium iPhone 17 Pro mockup frame...
[tra-d3][iOS - Safari] ✅ [Mobile] Reached a recognized terminal step (State or Contact). Stopping dynamic traversal.
[tra-d3][iOS - Safari] 🔘 [Mobile] Step 3: Filling Contact Info (Dynamic Loop)...
[tra-d3][iOS - Safari] 📱 [Mobile] Injecting high-fidelity glossy Natural Titanium iPhone 17 Pro mockup frame...
[tra-d3][iOS - Safari] ✅ [Mobile] Filled First Name: ckmtestpixel
[tra-d3][iOS - Safari] ✅ [Mobile] Filled Last Name: ckmtestpixel
[tra-d3][iOS - Safari] ✅ [Mobile] Filled Email: ckmtestpixel@gmail.com
[tra-d3][iOS - Safari] ✅ [Mobile] Filled Phone: 401-247-1049
[tra-d3][iOS - Safari] 🔘 [Mobile] Clicking active contact NEXT/SUBMIT button...
[tra-d3][iOS - Safari] 📱 [Mobile] Injecting high-fidelity glossy Natural Titanium iPhone 17 Pro mockup frame...
[tra-d3][iOS - Safari] ✅ [Mobile] Filled Phone: 401-247-1049
[tra-d3][iOS - Safari] 🔘 [Mobile] Clicking active contact NEXT/SUBMIT button...
[tra-d3][iOS - Safari] 📱 [Mobile] Injecting high-fidelity glossy Natural Titanium iPhone 17 Pro mockup frame...
[tra-d3][iOS - Safari] ✅ [Mobile] Filled Last Name: ckmtestpixel
[tra-d3][iOS - Safari] 🔘 [Mobile] No active contact NEXT/SUBMIT button visible. Exiting loop.
🔘 [Mobile] Scanning for additional dynamic steps...
[tra-d3][iOS - Safari] 🔘 [Mobile] Submitting form
[tra-d3][iOS - Safari] ⏳ [Mobile] Waiting for submission navigation to complete
[tra-d3][iOS - Safari] [STDERR] ⚠️ [Mobile] Standard submit buttons not found, consulting FLM Agent...
[tra-d3][iOS - Safari] 🤖 [FLM Agent] Analyzing Submit button for global...
[tra-d3][iOS - Safari] ⏳ [Mobile] Waiting for final Thank You page redirection...
[tra-d3][iOS - Safari] ✅ [Mobile] Targeted final redirect URL achieved!
[tra-d3][iOS - Safari] ✅ [Mobile] Final Thank You URL: https://tra.com/thank-you?debt=10000&leadid=38C0743E&reqid=26782610&affid=659&oid=145
[tra-d3][iOS - Safari] ✅ [Mobile] Extracted Lead ID: 38C0743E
📱 Device Type detected: iOS - Safari
✅ Lead captured: 38C0743E
[tra-d3][iOS - Safari] 📡 Fetching First API data for Lead ID: 38C0743E...
[tra-d3][iOS - Safari] 📡 Raw XML Response: {
  "lead_info_response": {
    "$": {
      "xmlns:xsd": "http://www.w3.org/2001/XMLSchema",
      "xmlns:xsi": "http://www.w3.org/2001/XMLSchema-instance",
      "xmlns": "http://cakemarketing.com/api/1/"
    },
    "success": "true",
    "row_count": "1",
    "lead_id": "38C0743E",
    "personal_info": {
      "first_name": "CKMTESTPIXEL",
      "last_name": "CKMTESTPIXEL",
      "email_address": "ckmtestpixel@gmail.com",
      "address": {
        "street": "",
        "city": "",
        "state": "CA",
        "zip_code": "90745",
        "country": ""
      },
      "ip_address": "27.54.170.27",
      "phone_work": "",
      "phone_home": "401-247-1049",
      "phone_cell": "",
      "best_call_time": "",
      "opt_in": "false"
    },
    "traffic_info": {
      "lead_date": "2026-05-14T21:31:06.693",
      "payout": {
        "currency_id": "1",
        "amount": "0.0000",
        "formatted_amount": "$0.00"
      },
      "affiliate": {
        "affiliate_id": {
          "_": "659",
          "$": {
            "xmlns": "API:id_name_store"
          }
        },
        "affiliate_name": {
          "_": "QA affiliate",
          "$": {
            "xmlns": "API:id_name_store"
          }
        }
      },
      "campaign": {
        "campaign_id": {
          "_": "4155",
          "$": {
            "xmlns": "API:id_name_store"
          }
        },
        "campaign_name": {
          "_": "TRA.com CPL (X) - Main - CPA - $1.00",
          "$": {
            "xmlns": "API:id_name_store"
          }
        }
      },
      "creative_id": "2386",
      "subid_1": "",
      "subid_2": "",
      "subid_3": "",
      "subid_4": "",
      "subid_5": "",
      "referrer": "",
      "pixel_fired": "true",
      "returned_to_affiliate": "false",
      "test": "true",
      "upsell": "false"
    },
    "all_vertical_data": {
      "data": {
        "$": {
          "xmlns": ""
        },
        "tax_debt": "10000",
        "universal_leadid": "55CCFF10-BCA3-E9C3-3C9F-033878806229",
        "affid": "659",
        "TCPA_checkbox": "1",
        "reqid": "26782610",
        "page": "https://tra.com/dt3",
        "neustar": "fail",
        "neustar_disposition": "N,U,I1,L,0",
        "first_name_lower": "ckmtestpixel",
        "last_name_lower": "ckmtestpixel",
        "income": "4500",
        "opt_special_offers": "on",
        "debt_type": "Other",
        "ckm_campaign_id": "4364"
      }
    },
    "dispositions": {
      "disposition": [
        {
          "disposition_type": "Not Paid For",
          "reason": "Unmatched Filter",
          "filter": "Nuestar Fail"
        },
        {
          "disposition_type": "Not Paid For",
          "reason": "Unmatched Filter",
          "filter": "Debt Type Does Not Contain"
        },
        {
          "disposition_type": "Sent to Review Queue",
          "reason": "debt_type: This value is not valid",
          "filter": "Equals Value"
        },
        {
          "disposition_type": "Sent to Review Queue",
          "reason": "neustar: This value is not valid",
          "filter": "Equals Value"
        }
      ]
    },
    "pings": "",
    "posts": "",
    "sales": ""
  }
}
✅ First API Data retrieved on attempt 1
[tra-d3][iOS - Safari] 📡 Fetching Second API data for Lead ID: 38C0743E...
[tra-d3][iOS - Safari] 📡 Standard Second API Payload: cake_id=38C0743E, domain_name=https://www.taxreliefadvocates.com
[tra-d3][iOS - Safari] [STDERR] (node:22276) Warning: Setting the NODE_TLS_REJECT_UNAUTHORIZED environment variable to '0' makes TLS connections and HTTPS requests insecure by disabling certificate verification.
(Use `node --trace-warnings ...` to show where the warning was created)
[tra-d3][iOS - Safari] [STDERR] ❌ Second API Attempt 1 failed: Request failed with status code 404
[tra-d3][iOS - Safari] ⏳ Retrying in 1 second to allow database synchronization...
[tra-d3][iOS - Safari] 📡 Standard Second API Payload: cake_id=38C0743E, domain_name=https://www.taxreliefadvocates.com
[tra-d3][iOS - Safari] [STDERR] ❌ Second API Attempt 2 failed: Request failed with status code 404
[tra-d3][iOS - Safari] ⏳ Retrying in 1 second to allow database synchronization...
[tra-d3][iOS - Safari] 📡 Standard Second API Payload: cake_id=38C0743E, domain_name=https://www.taxreliefadvocates.com
[tra-d3][iOS - Safari] [STDERR] ❌ Second API Attempt 3 failed: Request failed with status code 404
[tra-d3][iOS - Safari] ⏳ Retrying in 1 second to allow database synchronization...
[tra-d3][iOS - Safari] 📡 Standard Second API Payload: cake_id=38C0743E, domain_name=https://www.taxreliefadvocates.com
[tra-d3][iOS - Safari] [STDERR] ❌ Second API Attempt 4 failed: Request failed with status code 404
[tra-d3][iOS - Safari] ⏳ Retrying in 1 second to allow database synchronization...
[tra-d3][iOS - Safari] 📡 Standard Second API Payload: cake_id=38C0743E, domain_name=https://www.taxreliefadvocates.com
[tra-d3][iOS - Safari] [STDERR] ❌ Second API Attempt 5 failed: Request failed with status code 404
[tra-d3][iOS - Safari] 📡 [Rest-Assurance] Verifying Lead ID: 38C0743E via Backend...
[tra-d3][iOS - Safari] 🛡️  [Rest-Assurance] VERIFIED (Backend Debt: 10000)
[tra-d3][iOS - Safari] ✅ Row appended successfully to sheet: TRA-DT3
[tra-d3][iOS - Safari] ⚠️  Non-fatal formatting error for TRA-DT3 (Banding might already exist): Invalid requests[2].addBanding: You cannot add alternating background colors to a range that already has alternating background colors.
✅ Lead processed successfully for TRA-D3 Mobile
[tra-d3][iOS - Safari] 🎥 Video saved successfully: traces/videos/TRA-DT3_TRA-D3_Mobile.webm
[tra-d3][iOS - Safari] 
✅ Execution successfully processed! { success: true, leadId: '38C0743E', brand: 'TRA-D3 Mobile' }
[tra-d3][iOS - Safari] [STDERR] ❌ Automation Run encountered a fatal exception: tracing.stop: Target page, context or browser has been closed
✅ [15/5/2026, 10:01:42 am] COMPLETED: tra-d3 [iOS - Safari][WEBKIT]

================================================================
🚀 [15/5/2026, 10:01:42 am] RUNNING: TRA-D3 [TABLET - SAFARI]
🔗 Target URL: https://flmtra.com/?a=659&oc=792&c=2386&s1=
================================================================
[tra-d3][Tablet - Safari] 🔌 [Browser Interceptor] Intercepting and optimizing engine: WEBKIT
[tra-d3][Tablet - Safari] ◇ injected env (0) from .env // tip: ⌘ enable debugging { debug: true }
[tra-d3][Tablet - Safari] ◇ injected env (0) from .env // tip: ⌘ suppress logs { quiet: true }
[tra-d3][Tablet - Safari] ◇ injected env (0) from .env // tip: ⌁ auth for agents [www.vestauth.com]
[tra-d3][Tablet - Safari] ◇ injected env (0) from .env // tip: ⌘ override existing { override: true }
[tra-d3][Tablet - Safari] ◇ injected env (0) from .env // tip: ⌘ multiple files { path: ['.env.local', '.env'] }
[tra-d3][Tablet - Safari] 
🤖 ================================================================
[tra-d3][Tablet - Safari] 🤖 MASTER RUNNER: LAUNCHING TRA-D3
🤖 Mode:            TABLET
[tra-d3][Tablet - Safari] 🤖 Tracking URL:     https://flmtra.com/?a=659&oc=792&c=2386&s1=
[tra-d3][Tablet - Safari] 🤖 Target Sheet:    TRA-DT3
🤖 ================================================================
[tra-d3][Tablet - Safari] 🔌 [Browser Interceptor] Intercepting and optimizing engine: WEBKIT
[tra-d3][Tablet - Safari] 📋 Emulated Device Profile: TABLET (iPad Pro 11) - [Tablet - Safari]
[tra-d3][Tablet - Safari] ⏳ Delaying 200ms to allow responsive layouts to mount...
[tra-d3][Tablet - Safari] 🔄 Processing lead for brand: TRA-D3 Tablet
[tra-d3][Tablet - Safari] 📊 Campaign execution run index: 50
[tra-d3][Tablet - Safari] 🎯 Enforcing dynamic credentials & parameters:
   - First Name:   ckmtestpixel
   - Last Name:    ckmtestpixel
   - Email:        ckmtestpixel@gmail.com
   - Phone Number: 401-247-1050
   - Slider Value: 7,104
   - State Value:  Alabama
[tra-d3][Tablet - Safari] 🔗 [Mobile] Navigating to: https://flmtra.com/?a=659&oc=792&c=2386&s1=
[tra-d3][Tablet - Safari] ✅ [Mobile] Page loaded successfully
[tra-d3][Tablet - Safari] 💻 [Tablet] Injecting high-fidelity glossy iPad Pro mockup frame...
[tra-d3][Tablet - Safari] 💻 [Tablet] Injecting high-fidelity glossy iPad Pro mockup frame...
[tra-d3][Tablet - Safari] 📝 [Mobile] Starting mobile-specific form filling...
[tra-d3][Tablet - Safari] 🔘 [Mobile] Step 1: Selecting Debt Amount (7,104)
[tra-d3][Tablet - Safari] 🔘 [Mobile] Clicking active visible button: .next-btn1:visible, .btn-next:visible
[tra-d3][Tablet - Safari] ✅ [Mobile] Clicked: .next-btn1:visible, .btn-next:visible
[tra-d3][Tablet - Safari] 💻 [Tablet] Injecting high-fidelity glossy iPad Pro mockup frame...
[tra-d3][Tablet - Safari] 🔘 [Mobile] Dynamic Choice found: clicking "Federal Tax Debt" (Option 1 of 5)
📝 [Mobile] step1 column set to: "Federal Tax Debt"
[tra-d3][Tablet - Safari] 💻 [Tablet] Injecting high-fidelity glossy iPad Pro mockup frame...
[tra-d3][Tablet - Safari] 🔘 [Mobile] Dynamic Choice found: clicking "More than $6,000" (Option 3 of 4)
[tra-d3][Tablet - Safari] 📝 [Mobile] step2 column set to: "More than $6,000"
[tra-d3][Tablet - Safari] 💻 [Tablet] Injecting high-fidelity glossy iPad Pro mockup frame...
[tra-d3][Tablet - Safari] ✅ [Mobile] Reached a recognized terminal step (State or Contact). Stopping dynamic traversal.
[tra-d3][Tablet - Safari] 🔘 [Mobile] Step 3: Filling Contact Info (Dynamic Loop)...
[tra-d3][Tablet - Safari] 💻 [Tablet] Injecting high-fidelity glossy iPad Pro mockup frame...
[tra-d3][Tablet - Safari] ✅ [Mobile] Filled First Name: ckmtestpixel
[tra-d3][Tablet - Safari] ✅ [Mobile] Filled Last Name: ckmtestpixel
[tra-d3][Tablet - Safari] ✅ [Mobile] Filled Email: ckmtestpixel@gmail.com
[tra-d3][Tablet - Safari] ✅ [Mobile] Filled Phone: 401-247-1050
[tra-d3][Tablet - Safari] 🔘 [Mobile] Clicking active contact NEXT/SUBMIT button...
[tra-d3][Tablet - Safari] 💻 [Tablet] Injecting high-fidelity glossy iPad Pro mockup frame...
[tra-d3][Tablet - Safari] ✅ [Mobile] Filled Phone: 401-247-1050
[tra-d3][Tablet - Safari] 🔘 [Mobile] Clicking active contact NEXT/SUBMIT button...
[tra-d3][Tablet - Safari] 💻 [Tablet] Injecting high-fidelity glossy iPad Pro mockup frame...
[tra-d3][Tablet - Safari] 🔘 [Mobile] No active contact NEXT/SUBMIT button visible. Exiting loop.
🔘 [Mobile] Scanning for additional dynamic steps...
[tra-d3][Tablet - Safari] 🔘 [Mobile] Submitting form
[tra-d3][Tablet - Safari] ⏳ [Mobile] Waiting for submission navigation to complete
[tra-d3][Tablet - Safari] [STDERR] ⚠️ [Mobile] Standard submit buttons not found, consulting FLM Agent...
[tra-d3][Tablet - Safari] 🤖 [FLM Agent] Analyzing Submit button for global...
[tra-d3][Tablet - Safari] ⏳ [Mobile] Waiting for final Thank You page redirection...
[tra-d3][Tablet - Safari] ✅ [Mobile] Targeted final redirect URL achieved!
[tra-d3][Tablet - Safari] ✅ [Mobile] Final Thank You URL: https://tra.com/thank-you?debt=10000&leadid=6640F9FD&reqid=26782611&affid=659&oid=145
[tra-d3][Tablet - Safari] ✅ [Mobile] Extracted Lead ID: 6640F9FD
📱 Device Type detected: Tablet - Safari
✅ Lead captured: 6640F9FD
[tra-d3][Tablet - Safari] 📡 Fetching First API data for Lead ID: 6640F9FD...
[tra-d3][Tablet - Safari] 📡 Raw XML Response: {
  "lead_info_response": {
    "$": {
      "xmlns:xsd": "http://www.w3.org/2001/XMLSchema",
      "xmlns:xsi": "http://www.w3.org/2001/XMLSchema-instance",
      "xmlns": "http://cakemarketing.com/api/1/"
    },
    "success": "true",
    "row_count": "1",
    "lead_id": "6640F9FD",
    "personal_info": {
      "first_name": "CKMTESTPIXEL",
      "last_name": "CKMTESTPIXEL",
      "email_address": "ckmtestpixel@gmail.com",
      "address": {
        "street": "",
        "city": "",
        "state": "CA",
        "zip_code": "96140",
        "country": ""
      },
      "ip_address": "27.54.170.27",
      "phone_work": "",
      "phone_home": "401-247-1050",
      "phone_cell": "",
      "best_call_time": "",
      "opt_in": "false"
    },
    "traffic_info": {
      "lead_date": "2026-05-14T21:32:13.377",
      "payout": {
        "currency_id": "1",
        "amount": "0.0000",
        "formatted_amount": "$0.00"
      },
      "affiliate": {
        "affiliate_id": {
          "_": "659",
          "$": {
            "xmlns": "API:id_name_store"
          }
        },
        "affiliate_name": {
          "_": "QA affiliate",
          "$": {
            "xmlns": "API:id_name_store"
          }
        }
      },
      "campaign": {
        "campaign_id": {
          "_": "4155",
          "$": {
            "xmlns": "API:id_name_store"
          }
        },
        "campaign_name": {
          "_": "TRA.com CPL (X) - Main - CPA - $1.00",
          "$": {
            "xmlns": "API:id_name_store"
          }
        }
      },
      "creative_id": "2386",
      "subid_1": "",
      "subid_2": "",
      "subid_3": "",
      "subid_4": "",
      "subid_5": "",
      "referrer": "",
      "pixel_fired": "true",
      "returned_to_affiliate": "false",
      "test": "true",
      "upsell": "false"
    },
    "all_vertical_data": {
      "data": {
        "$": {
          "xmlns": ""
        },
        "tax_debt": "10000",
        "universal_leadid": "1F7B5E08-EAB1-40FE-A9DF-8A9C8B4653F2",
        "affid": "659",
        "TCPA_checkbox": "1",
        "reqid": "26782611",
        "page": "https://tra.com/dt3",
        "neustar": "pass",
        "neustar_disposition": "N,U,A1,L,0",
        "first_name_lower": "ckmtestpixel",
        "last_name_lower": "ckmtestpixel",
        "income": "6500",
        "opt_special_offers": "on",
        "debt_type": "Federal Tax Debt",
        "ckm_campaign_id": "4364"
      }
    },
    "dispositions": "",
    "pings": "",
    "posts": "",
    "sales": ""
  }
}
✅ First API Data retrieved on attempt 1
[tra-d3][Tablet - Safari] 📡 Fetching Second API data for Lead ID: 6640F9FD...
[tra-d3][Tablet - Safari] 📡 Standard Second API Payload: cake_id=6640F9FD, domain_name=https://www.taxreliefadvocates.com
[tra-d3][Tablet - Safari] [STDERR] (node:10528) Warning: Setting the NODE_TLS_REJECT_UNAUTHORIZED environment variable to '0' makes TLS connections and HTTPS requests insecure by disabling certificate verification.
(Use `node --trace-warnings ...` to show where the warning was created)
[tra-d3][Tablet - Safari] [STDERR] ❌ Second API Attempt 1 failed: Request failed with status code 404
[tra-d3][Tablet - Safari] ⏳ Retrying in 1 second to allow database synchronization...
[tra-d3][Tablet - Safari] 📡 Standard Second API Payload: cake_id=6640F9FD, domain_name=https://www.taxreliefadvocates.com
[tra-d3][Tablet - Safari] [STDERR] ❌ Second API Attempt 2 failed: Request failed with status code 404
[tra-d3][Tablet - Safari] ⏳ Retrying in 1 second to allow database synchronization...
[tra-d3][Tablet - Safari] 📡 Standard Second API Payload: cake_id=6640F9FD, domain_name=https://www.taxreliefadvocates.com
[tra-d3][Tablet - Safari] [STDERR] ❌ Second API Attempt 3 failed: Request failed with status code 404
[tra-d3][Tablet - Safari] ⏳ Retrying in 1 second to allow database synchronization...
[tra-d3][Tablet - Safari] 📡 Standard Second API Payload: cake_id=6640F9FD, domain_name=https://www.taxreliefadvocates.com
[tra-d3][Tablet - Safari] [STDERR] ❌ Second API Attempt 4 failed: Request failed with status code 404
[tra-d3][Tablet - Safari] ⏳ Retrying in 1 second to allow database synchronization...
[tra-d3][Tablet - Safari] 📡 Standard Second API Payload: cake_id=6640F9FD, domain_name=https://www.taxreliefadvocates.com
[tra-d3][Tablet - Safari] [STDERR] ❌ Second API Attempt 5 failed: Request failed with status code 404
[tra-d3][Tablet - Safari] 📡 [Rest-Assurance] Verifying Lead ID: 6640F9FD via Backend...
[tra-d3][Tablet - Safari] 🛡️  [Rest-Assurance] VERIFIED (Backend Debt: 10000)
[tra-d3][Tablet - Safari] ✅ Row appended successfully to sheet: TRA-DT3
[tra-d3][Tablet - Safari] ⚠️  Non-fatal formatting error for TRA-DT3 (Banding might already exist): Invalid requests[2].addBanding: You cannot add alternating background colors to a range that already has alternating background colors.
✅ Lead processed successfully for TRA-D3 Tablet
[tra-d3][Tablet - Safari] 🎥 Video saved successfully: traces/videos/TRA-DT3_TRA-D3_Tablet.webm
[tra-d3][Tablet - Safari] 
✅ Execution successfully processed! { success: true, leadId: '6640F9FD', brand: 'TRA-D3 Tablet' }
[tra-d3][Tablet - Safari] [STDERR] ❌ Automation Run encountered a fatal exception: tracing.stop: Target page, context or browser has been closed
✅ [15/5/2026, 10:03:42 am] COMPLETED: tra-d3 [Tablet - Safari][WEBKIT]

================================================================
🚀 [15/5/2026, 10:03:42 am] RUNNING: TRA-D3 [TABLET - CHROME]
🔗 Target URL: https://flmtra.com/?a=659&oc=792&c=2386&s1=
================================================================
[tra-d3][Tablet - Chrome] 🔌 [Browser Interceptor] Intercepting and optimizing engine: CHROMIUM
[tra-d3][Tablet - Chrome] ◇ injected env (0) from .env // tip: ⌁ auth for agents [www.vestauth.com]
[tra-d3][Tablet - Chrome] ◇ injected env (0) from .env // tip: ◈ encrypted .env [www.dotenvx.com]
[tra-d3][Tablet - Chrome] ◇ injected env (0) from .env // tip: ◈ secrets for agents [www.dotenvx.com]
[tra-d3][Tablet - Chrome] ◇ injected env (0) from .env // tip: ⌘ multiple files { path: ['.env.local', '.env'] }
[tra-d3][Tablet - Chrome] ◇ injected env (0) from .env // tip: ⌘ custom filepath { path: '/custom/path/.env' }
[tra-d3][Tablet - Chrome] 
🤖 ================================================================
[tra-d3][Tablet - Chrome] 🤖 MASTER RUNNER: LAUNCHING TRA-D3
🤖 Mode:            TABLET
🤖 Tracking URL:     https://flmtra.com/?a=659&oc=792&c=2386&s1=
[tra-d3][Tablet - Chrome] 🤖 Target Sheet:    TRA-DT3
🤖 ================================================================
[tra-d3][Tablet - Chrome] 🔌 [Browser Interceptor] Intercepting and optimizing engine: CHROMIUM
[tra-d3][Tablet - Chrome] 📋 Emulated Device Profile: TABLET (iPad Pro 11) - [Tablet - Chrome]
[tra-d3][Tablet - Chrome] ⏳ Delaying 200ms to allow responsive layouts to mount...
[tra-d3][Tablet - Chrome] 🔄 Processing lead for brand: TRA-D3 Tablet
[tra-d3][Tablet - Chrome] 📊 Campaign execution run index: 51
[tra-d3][Tablet - Chrome] 🎯 Enforcing dynamic credentials & parameters:
   - First Name:   ckmtestpixel
   - Last Name:    ckmtestpixel
   - Email:        ckmtestpixel@gmail.com
   - Phone Number: 401-247-1051
   - Slider Value: 8,699
   - State Value:  Alaska
[tra-d3][Tablet - Chrome] 🔗 [Mobile] Navigating to: https://flmtra.com/?a=659&oc=792&c=2386&s1=
[tra-d3][Tablet - Chrome] ✅ [Mobile] Page loaded successfully
[tra-d3][Tablet - Chrome] 💻 [Tablet] Injecting high-fidelity glossy iPad Pro mockup frame...
[tra-d3][Tablet - Chrome] 💻 [Tablet] Injecting high-fidelity glossy iPad Pro mockup frame...
[tra-d3][Tablet - Chrome] 📝 [Mobile] Starting mobile-specific form filling...
[tra-d3][Tablet - Chrome] 🔘 [Mobile] Step 1: Selecting Debt Amount (8,699)
[tra-d3][Tablet - Chrome] 🔘 [Mobile] Clicking active visible button: .next-btn1:visible, .btn-next:visible
[tra-d3][Tablet - Chrome] ✅ [Mobile] Clicked: .next-btn1:visible, .btn-next:visible
[tra-d3][Tablet - Chrome] 💻 [Tablet] Injecting high-fidelity glossy iPad Pro mockup frame...
[tra-d3][Tablet - Chrome] 🔘 [Mobile] Dynamic Choice found: clicking "State Tax Debt" (Option 2 of 5)
📝 [Mobile] step1 column set to: "State Tax Debt"
[tra-d3][Tablet - Chrome] 💻 [Tablet] Injecting high-fidelity glossy iPad Pro mockup frame...
[tra-d3][Tablet - Chrome] 🔘 [Mobile] Dynamic Choice found: clicking "Close" (Option 4 of 4)
📝 [Mobile] step2 column set to: "Close"
[tra-d3][Tablet - Chrome] 💻 [Tablet] Injecting high-fidelity glossy iPad Pro mockup frame...
[tra-d3][Tablet - Chrome] 🔘 [Mobile] Dynamic Choice found: clicking "Federal Tax Debt" (Option 1 of 3)
📝 [Mobile] step3 column set to: "Federal Tax Debt"
[tra-d3][Tablet - Chrome] 💻 [Tablet] Injecting high-fidelity glossy iPad Pro mockup frame...
[tra-d3][Tablet - Chrome] 🔘 [Mobile] Dynamic Choice found: clicking "Less than $4,000" (Option 1 of 3)
[tra-d3][Tablet - Chrome] 💻 [Tablet] Injecting high-fidelity glossy iPad Pro mockup frame...
[tra-d3][Tablet - Chrome] ✅ [Mobile] Reached a recognized terminal step (State or Contact). Stopping dynamic traversal.
[tra-d3][Tablet - Chrome] 🔘 [Mobile] Step 3: Filling Contact Info (Dynamic Loop)...
[tra-d3][Tablet - Chrome] 💻 [Tablet] Injecting high-fidelity glossy iPad Pro mockup frame...
[tra-d3][Tablet - Chrome] ✅ [Mobile] Filled First Name: ckmtestpixel
[tra-d3][Tablet - Chrome] ✅ [Mobile] Filled Last Name: ckmtestpixel
[tra-d3][Tablet - Chrome] ✅ [Mobile] Filled Email: ckmtestpixel@gmail.com
[tra-d3][Tablet - Chrome] ✅ [Mobile] Filled Phone: 401-247-1051
[tra-d3][Tablet - Chrome] 🔘 [Mobile] Clicking active contact NEXT/SUBMIT button...
[tra-d3][Tablet - Chrome] 💻 [Tablet] Injecting high-fidelity glossy iPad Pro mockup frame...
[tra-d3][Tablet - Chrome] ✅ [Mobile] Filled Phone: 401-247-1051
[tra-d3][Tablet - Chrome] 🔘 [Mobile] No active contact NEXT/SUBMIT button visible. Exiting loop.
🔘 [Mobile] Scanning for additional dynamic steps...
[tra-d3][Tablet - Chrome] 🔘 [Mobile] Submitting form
[tra-d3][Tablet - Chrome] ⏳ [Mobile] Waiting for submission navigation to complete
[tra-d3][Tablet - Chrome] [STDERR] ⚠️ [Mobile] Standard submit buttons not found, consulting FLM Agent...
[tra-d3][Tablet - Chrome] 🤖 [FLM Agent] Analyzing Submit button for global...
[tra-d3][Tablet - Chrome] ⏳ [Mobile] Waiting for final Thank You page redirection...
[tra-d3][Tablet - Chrome] ✅ [Mobile] Targeted final redirect URL achieved!
[tra-d3][Tablet - Chrome] ✅ [Mobile] Final Thank You URL: https://tra.com/thank-you?debt=10000&leadid=644086D7&reqid=26782614&affid=659&oid=145
[tra-d3][Tablet - Chrome] ✅ [Mobile] Extracted Lead ID: 644086D7
📱 Device Type detected: Tablet - Chrome
[tra-d3][Tablet - Chrome] ✅ Lead captured: 644086D7
[tra-d3][Tablet - Chrome] 📡 Fetching First API data for Lead ID: 644086D7...
[tra-d3][Tablet - Chrome] 📡 Raw XML Response: {
  "lead_info_response": {
    "$": {
      "xmlns:xsd": "http://www.w3.org/2001/XMLSchema",
      "xmlns:xsi": "http://www.w3.org/2001/XMLSchema-instance",
      "xmlns": "http://cakemarketing.com/api/1/"
    },
    "success": "true",
    "row_count": "1",
    "lead_id": "644086D7",
    "personal_info": {
      "first_name": "CKMTESTPIXEL",
      "last_name": "CKMTESTPIXEL",
      "email_address": "ckmtestpixel@gmail.com",
      "address": {
        "street": "",
        "city": "",
        "state": "CA",
        "zip_code": "90294",
        "country": ""
      },
      "ip_address": "27.54.170.27",
      "phone_work": "",
      "phone_home": "401-247-1051",
      "phone_cell": "",
      "best_call_time": "",
      "opt_in": "false"
    },
    "traffic_info": {
      "lead_date": "2026-05-14T21:34:09.287",
      "payout": {
        "currency_id": "1",
        "amount": "0.0000",
        "formatted_amount": "$0.00"
      },
      "affiliate": {
        "affiliate_id": {
          "_": "659",
          "$": {
            "xmlns": "API:id_name_store"
          }
        },
        "affiliate_name": {
          "_": "QA affiliate",
          "$": {
            "xmlns": "API:id_name_store"
          }
        }
      },
      "campaign": {
        "campaign_id": {
          "_": "4155",
          "$": {
            "xmlns": "API:id_name_store"
          }
        },
        "campaign_name": {
          "_": "TRA.com CPL (X) - Main - CPA - $1.00",
          "$": {
            "xmlns": "API:id_name_store"
          }
        }
      },
      "creative_id": "2386",
      "subid_1": "",
      "subid_2": "",
      "subid_3": "",
      "subid_4": "",
      "subid_5": "",
      "referrer": "",
      "pixel_fired": "true",
      "returned_to_affiliate": "false",
      "test": "true",
      "upsell": "false"
    },
    "all_vertical_data": {
      "data": {
        "$": {
          "xmlns": ""
        },
        "tax_debt": "10000",
        "universal_leadid": "E227276B-AD55-4B93-A59E-88786C3721C8",
        "affid": "659",
        "TCPA_checkbox": "1",
        "reqid": "26782614",
        "page": "https://tra.com/dt3",
        "neustar": "fail",
        "neustar_disposition": "N,U,I1,L,0",
        "first_name_lower": "ckmtestpixel",
        "last_name_lower": "ckmtestpixel",
        "income": "3500",
        "opt_special_offers": "on",
        "debt_type": "Federal Tax Debt",
        "ckm_campaign_id": "4364"
      }
    },
    "dispositions": {
      "disposition": [
        {
          "disposition_type": "Not Paid For",
          "reason": "Unmatched Filter",
          "filter": "Nuestar Fail"
        },
        {
          "disposition_type": "Not Paid For",
          "reason": "Unmatched Filter",
          "filter": "income"
        },
        {
          "disposition_type": "Sent to Review Queue",
          "reason": "neustar: This value is not valid",
          "filter": "Equals Value"
        },
        {
          "disposition_type": "Sent to Review Queue",
          "reason": "Income: This value is too large",
          "filter": "Less Than Or Equal To Value"
        }
      ]
    },
    "pings": "",
    "posts": "",
    "sales": ""
  }
}
✅ First API Data retrieved on attempt 1
[tra-d3][Tablet - Chrome] 📡 Fetching Second API data for Lead ID: 644086D7...
[tra-d3][Tablet - Chrome] 📡 Standard Second API Payload: cake_id=644086D7, domain_name=https://www.taxreliefadvocates.com
[tra-d3][Tablet - Chrome] [STDERR] (node:7128) Warning: Setting the NODE_TLS_REJECT_UNAUTHORIZED environment variable to '0' makes TLS connections and HTTPS requests insecure by disabling certificate verification.
(Use `node --trace-warnings ...` to show where the warning was created)
[tra-d3][Tablet - Chrome] [STDERR] ❌ Second API Attempt 1 failed: Request failed with status code 404
[tra-d3][Tablet - Chrome] ⏳ Retrying in 1 second to allow database synchronization...
[tra-d3][Tablet - Chrome] 📡 Standard Second API Payload: cake_id=644086D7, domain_name=https://www.taxreliefadvocates.com
[tra-d3][Tablet - Chrome] [STDERR] ❌ Second API Attempt 2 failed: Request failed with status code 404
[tra-d3][Tablet - Chrome] ⏳ Retrying in 1 second to allow database synchronization...
[tra-d3][Tablet - Chrome] 📡 Standard Second API Payload: cake_id=644086D7, domain_name=https://www.taxreliefadvocates.com
[tra-d3][Tablet - Chrome] [STDERR] ❌ Second API Attempt 3 failed: Request failed with status code 404
[tra-d3][Tablet - Chrome] ⏳ Retrying in 1 second to allow database synchronization...
[tra-d3][Tablet - Chrome] 📡 Standard Second API Payload: cake_id=644086D7, domain_name=https://www.taxreliefadvocates.com
[tra-d3][Tablet - Chrome] [STDERR] ❌ Second API Attempt 4 failed: Request failed with status code 404
[tra-d3][Tablet - Chrome] ⏳ Retrying in 1 second to allow database synchronization...
[tra-d3][Tablet - Chrome] 📡 Standard Second API Payload: cake_id=644086D7, domain_name=https://www.taxreliefadvocates.com
[tra-d3][Tablet - Chrome] [STDERR] ❌ Second API Attempt 5 failed: Request failed with status code 404
[tra-d3][Tablet - Chrome] 📡 [Rest-Assurance] Verifying Lead ID: 644086D7 via Backend...
[tra-d3][Tablet - Chrome] 🛡️  [Rest-Assurance] VERIFIED (Backend Debt: 10000)
[tra-d3][Tablet - Chrome] ✅ Row appended successfully to sheet: TRA-DT3
[tra-d3][Tablet - Chrome] ⚠️  Non-fatal formatting error for TRA-DT3 (Banding might already exist): Invalid requests[2].addBanding: You cannot add alternating background colors to a range that already has alternating background colors.
✅ Lead processed successfully for TRA-D3 Tablet
[tra-d3][Tablet - Chrome] 🎥 Video saved successfully: traces/videos/TRA-DT3_TRA-D3_Tablet.webm
[tra-d3][Tablet - Chrome] 
✅ Execution successfully processed! { success: true, leadId: '644086D7', brand: 'TRA-D3 Tablet' }
[tra-d3][Tablet - Chrome] [STDERR] ❌ Automation Run encountered a fatal exception: tracing.stop: Target page, context or browser has been closed
✅ [15/5/2026, 10:04:44 am] COMPLETED: tra-d3 [Tablet - Chrome][CHROMIUM]

================================================================
🚀 [15/5/2026, 10:04:44 am] RUNNING: TRA-D3 [WINDOWS - CHROME]
🔗 Target URL: https://flmtra.com/?a=659&oc=792&c=2386&s1=
================================================================
[tra-d3][Windows - Chrome] 🔌 [Browser Interceptor] Intercepting and optimizing engine: CHROMIUM
[tra-d3][Windows - Chrome] ◇ injected env (0) from .env // tip: ◈ secrets for agents [www.dotenvx.com]
[tra-d3][Windows - Chrome] ◇ injected env (0) from .env // tip: ⌁ auth for agents [www.vestauth.com]
[tra-d3][Windows - Chrome] ◇ injected env (0) from .env // tip: ⌘ custom filepath { path: '/custom/path/.env' }
[tra-d3][Windows - Chrome] ◇ injected env (0) from .env // tip: ⌘ multiple files { path: ['.env.local', '.env'] }
[tra-d3][Windows - Chrome] ◇ injected env (0) from .env // tip: ⌁ auth for agents [www.vestauth.com]
[tra-d3][Windows - Chrome] 
🤖 ================================================================
[tra-d3][Windows - Chrome] 🤖 MASTER RUNNER: LAUNCHING TRA-D3
🤖 Mode:            DESKTOP
🤖 Tracking URL:     https://flmtra.com/?a=659&oc=792&c=2386&s1=
[tra-d3][Windows - Chrome] 🤖 Target Sheet:    TRA-DT3
🤖 ================================================================
[tra-d3][Windows - Chrome] 🔌 [Browser Interceptor] Intercepting and optimizing engine: CHROMIUM
[tra-d3][Windows - Chrome] 💻 Emulated Device Profile: DESKTOP - [Windows - Chrome]
[tra-d3][Windows - Chrome] 🔄 Processing lead for brand: TRA-D3
[tra-d3][Windows - Chrome] 📊 Campaign execution run index: 52
[tra-d3][Windows - Chrome] 🎯 Enforcing dynamic credentials & parameters:
   - First Name:   ckmtestpixel
[tra-d3][Windows - Chrome]    - Last Name:    ckmtestpixel
   - Email:        ckmtestpixel@gmail.com
   - Phone Number: 401-247-1052
   - Slider Value: 10,082
   - State Value:  Arizona
[tra-d3][Windows - Chrome] 🔗 Navigating to: https://flmtra.com/?a=659&oc=792&c=2386&s1=
[tra-d3][Windows - Chrome] ✅ Page loaded successfully
[tra-d3][Windows - Chrome] 📝 Starting multi-step form filling process...
[tra-d3][Windows - Chrome] 🔘 Step 1: Handling Debt Amount (10,082)
[tra-d3][Windows - Chrome] ✅ Selected debt amount via selector: span:has-text("$10,000")
[tra-d3][Windows - Chrome] 🔘 Attempting to click .next-btn1, .btn-next
[tra-d3][Windows - Chrome] ✅ Clicked .next-btn1, .btn-next
[tra-d3][Windows - Chrome] 🔘 Dynamic Choice found: clicking "Federal and State Tax Debt" (Option 3 of 5)
📝 step1 column set to: "Federal and State Tax Debt"
[tra-d3][Windows - Chrome] 🔘 Dynamic Choice found: clicking "Less than $4,000" (Option 1 of 4)
📝 step2 column set to: "Less than $4,000"
[tra-d3][Windows - Chrome] ✅ Reached a recognized terminal step (State or Contact). Stopping dynamic traversal.
[tra-d3][Windows - Chrome] 🔘 Filling Contact Info (Dynamic Loop)...
[tra-d3][Windows - Chrome] ✅ Filled First Name: ckmtestpixel
[tra-d3][Windows - Chrome] ✅ Filled Last Name: ckmtestpixel
[tra-d3][Windows - Chrome] ✅ Filled Email: ckmtestpixel@gmail.com
[tra-d3][Windows - Chrome] ✅ Filled Phone: 401-247-1052
[tra-d3][Windows - Chrome] 🔘 Clicking active contact NEXT/SUBMIT button...
[tra-d3][Windows - Chrome] [STDERR] ❌ Error during form filling: locator.click: Timeout 25000ms exceeded.
Call log:
[2m  - waiting for locator('#primary_phone:visible, #phone:visible, #phone_home:visible, input[name="phone"]:visible, input[name="phone_home"]:visible, input[name="primary_phone"]:visible, input[type="tel"]:visible').first()[22m
[2m    - locator resolved to <input type="tel" tabindex="0" id="primary_phone" placeholder="Phone" name="primary_phone" aria-invalid="false" class="form-control valid" data-gtm-form-interact-field-id="3"/>[22m
[2m  - attempting click action[22m
[2m    2 × waiting for element to be visible, enabled and stable[22m
[2m      - element is visible, enabled and stable[22m
[2m      - scrolling into view if needed[22m
[2m      - done scrolling[22m
[2m      - <div class="loader">Loading…</div> intercepts pointer events[22m
[2m    - retrying click action[22m
[2m    - waiting 20ms[22m
[2m    2 × waiting for element to be visible, enabled and stable[22m
[2m      - element is visible, enabled and stable[22m
[2m      - scrolling into view if needed[22m
[2m      - done scrolling[22m
[2m      - <div class="loader">Loading…</div> intercepts pointer events[22m
[2m    - retrying click action[22m
[2m      - waiting 100ms[22m
[2m    15 × waiting for element to be visible, enabled and stable[22m
[2m       - element is visible, enabled and stable[22m
[2m       - scrolling into view if needed[22m
[2m       - done scrolling[22m
[2m       - <div class="loader">Loading…</div> intercepts pointer events[22m
[2m     - retrying click action[22m
[2m       - waiting 500ms[22m
[2m    - waiting for" https://tra.com/thank-you?debt=10000&leadid=5E08D35A&reqid=26782616&affid=659&oid=145" navigation to finish...[22m
[2m    - navigated to "https://tra.com/thank-you?debt=10000&leadid=5E08D35A&reqid=26782616&affid=659&oid=145"[22m
[2m    - waiting for element to be visible, enabled and stable[22m
[2m  - element was detached from the DOM, retrying[22m

[tra-d3][Windows - Chrome] [STDERR] ❌ Failed processing TRA-D3: locator.click: Timeout 25000ms exceeded.
Call log:
[2m  - waiting for locator('#primary_phone:visible, #phone:visible, #phone_home:visible, input[name="phone"]:visible, input[name="phone_home"]:visible, input[name="primary_phone"]:visible, input[type="tel"]:visible').first()[22m
[2m    - locator resolved to <input type="tel" tabindex="0" id="primary_phone" placeholder="Phone" name="primary_phone" aria-invalid="false" class="form-control valid" data-gtm-form-interact-field-id="3"/>[22m
[2m  - attempting click action[22m
[2m    2 × waiting for element to be visible, enabled and stable[22m
[2m      - element is visible, enabled and stable[22m
[2m      - scrolling into view if needed[22m
[2m      - done scrolling[22m
[2m      - <div class="loader">Loading…</div> intercepts pointer events[22m
[2m    - retrying click action[22m
[2m    - waiting 20ms[22m
[2m    2 × waiting for element to be visible, enabled and stable[22m
[2m      - element is visible, enabled and stable[22m
[2m      - scrolling into view if needed[22m
[2m      - done scrolling[22m
[2m      - <div class="loader">Loading…</div> intercepts pointer events[22m
[2m    - retrying click action[22m
[2m      - waiting 100ms[22m
[2m    15 × waiting for element to be visible, enabled and stable[22m
[2m       - element is visible, enabled and stable[22m
[2m       - scrolling into view if needed[22m
[2m       - done scrolling[22m
[2m       - <div class="loader">Loading…</div> intercepts pointer events[22m
[2m     - retrying click action[22m
[2m       - waiting 500ms[22m
[2m    - waiting for" https://tra.com/thank-you?debt=10000&leadid=5E08D35A&reqid=26782616&affid=659&oid=145" navigation to finish...[22m
[2m    - navigated to "https://tra.com/thank-you?debt=10000&leadid=5E08D35A&reqid=26782616&affid=659&oid=145"[22m
[2m    - waiting for element to be visible, enabled and stable[22m
[2m  - element was detached from the DOM, retrying[22m

[tra-d3][Windows - Chrome] 
✅ Execution successfully processed! {
  success: false,
  error: 'locator.click: Timeout 25000ms exceeded.\n' +
    'Call log:\n' +
    `\x1B[2m  - waiting for locator('#primary_phone:visible, #phone:visible, #phone_home:visible, input[name="phone"]:visible, input[name="phone_home"]:visible, input[name="primary_phone"]:visible, input[type="tel"]:visible').first()\x1B[22m\n` +
    '\x1B[2m    - locator resolved to <input type="tel" tabindex="0" id="primary_phone" placeholder="Phone" name="primary_phone" aria-invalid="false" class="form-control valid" data-gtm-form-interact-field-id="3"/>\x1B[22m\n' +
    '\x1B[2m  - attempting click action\x1B[22m\n' +
    '\x1B[2m    2 × waiting for element to be visible, enabled and stable\x1B[22m\n' +
    '\x1B[2m      - element is visible, enabled and stable\x1B[22m\n' +
    '\x1B[2m      - scrolling into view if needed\x1B[22m\n' +
    '\x1B[2m      - done scrolling\x1B[22m\n' +
    '\x1B[2m      - <div class="loader">Loading…</div> intercepts pointer events\x1B[22m\n' +
    '\x1B[2m    - retrying click action\x1B[22m\n' +
    '\x1B[2m    - waiting 20ms\x1B[22m\n' +
    '\x1B[2m    2 × waiting for element to be visible, enabled and stable\x1B[22m\n' +
    '\x1B[2m      - element is visible, enabled and stable\x1B[22m\n' +
    '\x1B[2m      - scrolling into view if needed\x1B[22m\n' +
    '\x1B[2m      - done scrolling\x1B[22m\n' +
    '\x1B[2m      - <div class="loader">Loading…</div> intercepts pointer events\x1B[22m\n' +
    '\x1B[2m    - retrying click action\x1B[22m\n' +
    '\x1B[2m      - waiting 100ms\x1B[22m\n' +
    '\x1B[2m    15 × waiting for element to be visible, enabled and stable\x1B[22m\n' +
    '\x1B[2m       - element is visible, enabled and stable\x1B[22m\n' +
    '\x1B[2m       - scrolling into view if needed\x1B[22m\n' +
    '\x1B[2m       - done scrolling\x1B[22m\n' +
    '\x1B[2m       - <div class="loader">Loading…</div> intercepts pointer events\x1B[22m\n' +
    '\x1B[2m     - retrying click action\x1B[22m\n' +
    '\x1B[2m       - waiting 500ms\x1B[22m\n' +
    '\x1B[2m    - waiting for" https://tra.com/thank-you?debt=10000&leadid=5E08D35A&reqid=26782616&affid=659&oid=145" navigation to finish...\x1B[22m\n' +
    '\x1B[2m    - navigated to "https://tra.com/thank-you?debt=10000&leadid=5E08D35A&reqid=26782616&affid=659&oid=145"\x1B[22m\n' +
    '\x1B[2m    - waiting for element to be visible, enabled and stable\x1B[22m\n' +
    '\x1B[2m  - element was detached from the DOM, retrying\x1B[22m\n',
  brand: 'TRA-D3'
}
[tra-d3][Windows - Chrome] 📋 Trace report successfully saved: traces/tra-d3_desktop.zip
✅ [15/5/2026, 10:05:37 am] COMPLETED: tra-d3 [Windows - Chrome][CHROMIUM]

================================================================
🚀 [15/5/2026, 10:05:37 am] RUNNING: TRA-D3 [WINDOWS - FIREFOX]
🔗 Target URL: https://flmtra.com/?a=659&oc=792&c=2386&s1=
================================================================
[tra-d3][Windows - Firefox] 🔌 [Browser Interceptor] Intercepting and optimizing engine: FIREFOX
[tra-d3][Windows - Firefox] ◇ injected env (0) from .env // tip: ⌘ enable debugging { debug: true }
[tra-d3][Windows - Firefox] ◇ injected env (0) from .env // tip: ⌘ custom filepath { path: '/custom/path/.env' }
[tra-d3][Windows - Firefox] ◇ injected env (0) from .env // tip: ⌁ auth for agents [www.vestauth.com]
[tra-d3][Windows - Firefox] ◇ injected env (0) from .env // tip: ◈ secrets for agents [www.dotenvx.com]
[tra-d3][Windows - Firefox] ◇ injected env (0) from .env // tip: ⌘ suppress logs { quiet: true }
[tra-d3][Windows - Firefox] 
🤖 ================================================================
🤖 MASTER RUNNER: LAUNCHING TRA-D3
🤖 Mode:            DESKTOP
[tra-d3][Windows - Firefox] 🤖 Tracking URL:     https://flmtra.com/?a=659&oc=792&c=2386&s1=
[tra-d3][Windows - Firefox] 🤖 Target Sheet:    TRA-DT3
🤖 ================================================================
[tra-d3][Windows - Firefox] 🔌 [Browser Interceptor] Intercepting and optimizing engine: FIREFOX
[tra-d3][Windows - Firefox] 💻 Emulated Device Profile: DESKTOP - [Windows - Firefox]
[tra-d3][Windows - Firefox] 🔌 [Browser Interceptor] Sanitizing mobile context options for Firefox emulation...
[tra-d3][Windows - Firefox] 🔌 [Browser Interceptor] Sanitizing mobile context options for Firefox emulation...
[tra-d3][Windows - Firefox] 🔄 Processing lead for brand: TRA-D3
[tra-d3][Windows - Firefox] 📊 Campaign execution run index: 53
[tra-d3][Windows - Firefox] 🎯 Enforcing dynamic credentials & parameters:
[tra-d3][Windows - Firefox]    - First Name:   ckmtestpixel
   - Last Name:    ckmtestpixel
   - Email:        ckmtestpixel@gmail.com
   - Phone Number: 401-247-1053
   - Slider Value: 31,825
   - State Value:  Arkansas
🔗 Navigating to: https://flmtra.com/?a=659&oc=792&c=2386&s1=
[tra-d3][Windows - Firefox] ✅ Page loaded successfully
[tra-d3][Windows - Firefox] 📝 Starting multi-step form filling process...
[tra-d3][Windows - Firefox] 🔘 Step 1: Handling Debt Amount (31,825)
[tra-d3][Windows - Firefox] 🔘 Attempting to click .next-btn1, .btn-next
[tra-d3][Windows - Firefox] ✅ Clicked .next-btn1, .btn-next
[tra-d3][Windows - Firefox] 🔘 Dynamic Choice found: clicking "Other" (Option 4 of 5)
📝 step1 column set to: "Other"
[tra-d3][Windows - Firefox] 🔘 Dynamic Choice found: clicking "$4,000 - $6,000" (Option 2 of 4)
📝 step2 column set to: "$4,000 - $6,000"
[tra-d3][Windows - Firefox] ✅ Reached a recognized terminal step (State or Contact). Stopping dynamic traversal.
[tra-d3][Windows - Firefox] 🔘 Filling Contact Info (Dynamic Loop)...
[tra-d3][Windows - Firefox] ✅ Filled First Name: ckmtestpixel
[tra-d3][Windows - Firefox] ✅ Filled Last Name: ckmtestpixel
[tra-d3][Windows - Firefox] ✅ Filled Email: ckmtestpixel@gmail.com
[tra-d3][Windows - Firefox] ✅ Filled Phone: 401-247-1053
[tra-d3][Windows - Firefox] 🔘 Clicking active contact NEXT/SUBMIT button...
[tra-d3][Windows - Firefox] [STDERR] ❌ Error during form filling: locator.click: Timeout 25000ms exceeded.
Call log:
[2m  - waiting for locator('#primary_phone:visible, #phone:visible, #phone_home:visible, input[name="phone"]:visible, input[name="phone_home"]:visible, input[name="primary_phone"]:visible, input[type="tel"]:visible').first()[22m
[2m    - locator resolved to <input type="tel" tabindex="0" id="primary_phone" placeholder="Phone" name="primary_phone" aria-invalid="false" class="form-control valid" data-gtm-form-interact-field-id="3"/>[22m
[2m  - attempting click action[22m
[2m    2 × waiting for element to be visible, enabled and stable[22m
[2m      - element is visible, enabled and stable[22m
[2m      - scrolling into view if needed[22m
[2m      - done scrolling[22m
[2m      - <div class="loader">Loading…</div> intercepts pointer events[22m
[2m    - retrying click action[22m
[2m    - waiting 20ms[22m
[2m    2 × waiting for element to be visible, enabled and stable[22m
[2m      - element is visible, enabled and stable[22m
[2m      - scrolling into view if needed[22m
[2m      - done scrolling[22m
[2m      - <div class="loader">Loading…</div> intercepts pointer events[22m
[2m    - retrying click action[22m
[2m      - waiting 100ms[22m
[2m    3 × waiting for element to be visible, enabled and stable[22m
[2m      - element is visible, enabled and stable[22m
[2m      - scrolling into view if needed[22m
[2m      - done scrolling[22m
[2m      - <div class="loader">Loading…</div> intercepts pointer events[22m
[2m    - retrying click action[22m
[2m      - waiting 500ms[22m
[2m    - waiting for" https://tra.com/thank-you?debt=10000&leadid=E4161E85&reqid=26782617&affid=659&oid=145" navigation to finish...[22m
[2m    - navigated to "https://tra.com/thank-you?debt=10000&leadid=E4161E85&reqid=26782617&affid=659&oid=145"[22m
[2m    - waiting for element to be visible, enabled and stable[22m
[2m  - element was detached from the DOM, retrying[22m

[tra-d3][Windows - Firefox] [STDERR] ❌ Failed processing TRA-D3: locator.click: Timeout 25000ms exceeded.
Call log:
[2m  - waiting for locator('#primary_phone:visible, #phone:visible, #phone_home:visible, input[name="phone"]:visible, input[name="phone_home"]:visible, input[name="primary_phone"]:visible, input[type="tel"]:visible').first()[22m
[2m    - locator resolved to <input type="tel" tabindex="0" id="primary_phone" placeholder="Phone" name="primary_phone" aria-invalid="false" class="form-control valid" data-gtm-form-interact-field-id="3"/>[22m
[2m  - attempting click action[22m
[2m    2 × waiting for element to be visible, enabled and stable[22m
[2m      - element is visible, enabled and stable[22m
[2m      - scrolling into view if needed[22m
[2m      - done scrolling[22m
[2m      - <div class="loader">Loading…</div> intercepts pointer events[22m
[2m    - retrying click action[22m
[2m    - waiting 20ms[22m
[2m    2 × waiting for element to be visible, enabled and stable[22m
[2m      - element is visible, enabled and stable[22m
[2m      - scrolling into view if needed[22m
[2m      - done scrolling[22m
[2m      - <div class="loader">Loading…</div> intercepts pointer events[22m
[2m    - retrying click action[22m
[2m      - waiting 100ms[22m
[2m    3 × waiting for element to be visible, enabled and stable[22m
[2m      - element is visible, enabled and stable[22m
[2m      - scrolling into view if needed[22m
[2m      - done scrolling[22m
[2m      - <div class="loader">Loading…</div> intercepts pointer events[22m
[2m    - retrying click action[22m
[2m      - waiting 500ms[22m
[2m    - waiting for" https://tra.com/thank-you?debt=10000&leadid=E4161E85&reqid=26782617&affid=659&oid=145" navigation to finish...[22m
[2m    - navigated to "https://tra.com/thank-you?debt=10000&leadid=E4161E85&reqid=26782617&affid=659&oid=145"[22m
[2m    - waiting for element to be visible, enabled and stable[22m
[2m  - element was detached from the DOM, retrying[22m

[tra-d3][Windows - Firefox] 
✅ Execution successfully processed! {
  success: false,
  error: 'locator.click: Timeout 25000ms exceeded.\n' +
    'Call log:\n' +
    `\x1B[2m  - waiting for locator('#primary_phone:visible, #phone:visible, #phone_home:visible, input[name="phone"]:visible, input[name="phone_home"]:visible, input[name="primary_phone"]:visible, input[type="tel"]:visible').first()\x1B[22m\n` +
    '\x1B[2m    - locator resolved to <input type="tel" tabindex="0" id="primary_phone" placeholder="Phone" name="primary_phone" aria-invalid="false" class="form-control valid" data-gtm-form-interact-field-id="3"/>\x1B[22m\n' +
    '\x1B[2m  - attempting click action\x1B[22m\n' +
    '\x1B[2m    2 × waiting for element to be visible, enabled and stable\x1B[22m\n' +
    '\x1B[2m      - element is visible, enabled and stable\x1B[22m\n' +
    '\x1B[2m      - scrolling into view if needed\x1B[22m\n' +
    '\x1B[2m      - done scrolling\x1B[22m\n' +
    '\x1B[2m      - <div class="loader">Loading…</div> intercepts pointer events\x1B[22m\n' +
    '\x1B[2m    - retrying click action\x1B[22m\n' +
    '\x1B[2m    - waiting 20ms\x1B[22m\n' +
    '\x1B[2m    2 × waiting for element to be visible, enabled and stable\x1B[22m\n' +
    '\x1B[2m      - element is visible, enabled and stable\x1B[22m\n' +
    '\x1B[2m      - scrolling into view if needed\x1B[22m\n' +
    '\x1B[2m      - done scrolling\x1B[22m\n' +
    '\x1B[2m      - <div class="loader">Loading…</div> intercepts pointer events\x1B[22m\n' +
    '\x1B[2m    - retrying click action\x1B[22m\n' +
    '\x1B[2m      - waiting 100ms\x1B[22m\n' +
    '\x1B[2m    3 × waiting for element to be visible, enabled and stable\x1B[22m\n' +
    '\x1B[2m      - element is visible, enabled and stable\x1B[22m\n' +
    '\x1B[2m      - scrolling into view if needed\x1B[22m\n' +
    '\x1B[2m      - done scrolling\x1B[22m\n' +
    '\x1B[2m      - <div class="loader">Loading…</div> intercepts pointer events\x1B[22m\n' +
    '\x1B[2m    - retrying click action\x1B[22m\n' +
    '\x1B[2m      - waiting 500ms\x1B[22m\n' +
    '\x1B[2m    - waiting for" https://tra.com/thank-you?debt=10000&leadid=E4161E85&reqid=26782617&affid=659&oid=145" navigation to finish...\x1B[22m\n' +
    '\x1B[2m    - navigated to "https://tra.com/thank-you?debt=10000&leadid=E4161E85&reqid=26782617&affid=659&oid=145"\x1B[22m\n' +
    '\x1B[2m    - waiting for element to be visible, enabled and stable\x1B[22m\n' +
    '\x1B[2m  - element was detached from the DOM, retrying\x1B[22m\n',
  brand: 'TRA-D3'
}
[tra-d3][Windows - Firefox] 📋 Trace report successfully saved: traces/tra-d3_desktop.zip
✅ [15/5/2026, 10:06:28 am] COMPLETED: tra-d3 [Windows - Firefox][FIREFOX]

================================================================
🚀 [15/5/2026, 10:06:28 am] RUNNING: TRA-D3 [MAC - SAFARI]
🔗 Target URL: https://flmtra.com/?a=659&oc=792&c=2386&s1=
================================================================
[tra-d3][MAC - Safari] 🔌 [Browser Interceptor] Intercepting and optimizing engine: WEBKIT
[tra-d3][MAC - Safari] ◇ injected env (0) from .env // tip: ⌘ override existing { override: true }
[tra-d3][MAC - Safari] ◇ injected env (0) from .env // tip: ⌘ multiple files { path: ['.env.local', '.env'] }
[tra-d3][MAC - Safari] ◇ injected env (0) from .env // tip: ⌘ multiple files { path: ['.env.local', '.env'] }
[tra-d3][MAC - Safari] ◇ injected env (0) from .env // tip: ◈ encrypted .env [www.dotenvx.com]
[tra-d3][MAC - Safari] ◇ injected env (0) from .env // tip: ⌘ custom filepath { path: '/custom/path/.env' }
[tra-d3][MAC - Safari] 
🤖 ================================================================
[tra-d3][MAC - Safari] 🤖 MASTER RUNNER: LAUNCHING TRA-D3
🤖 Mode:            DESKTOP
🤖 Tracking URL:     https://flmtra.com/?a=659&oc=792&c=2386&s1=
[tra-d3][MAC - Safari] 🤖 Target Sheet:    TRA-DT3
[tra-d3][MAC - Safari] 🤖 ================================================================
[tra-d3][MAC - Safari] 🔌 [Browser Interceptor] Intercepting and optimizing engine: WEBKIT
[tra-d3][MAC - Safari] 💻 Emulated Device Profile: DESKTOP - [MAC - Safari]
[tra-d3][MAC - Safari] 🔄 Processing lead for brand: TRA-D3
[tra-d3][MAC - Safari] 📊 Campaign execution run index: 55
[tra-d3][MAC - Safari] 🎯 Enforcing dynamic credentials & parameters:
   - First Name:   ckmtestpixel
   - Last Name:    ckmtestpixel
   - Email:        ckmtestpixel@gmail.com
   - Phone Number: 401-247-1055
   - Slider Value: 1,12,580
   - State Value:  Colorado
[tra-d3][MAC - Safari] 🔗 Navigating to: https://flmtra.com/?a=659&oc=792&c=2386&s1=
[tra-d3][MAC - Safari] ✅ Page loaded successfully
[tra-d3][MAC - Safari] 📝 Starting multi-step form filling process...
[tra-d3][MAC - Safari] 🔘 Step 1: Handling Debt Amount (1,12,580)
[tra-d3][MAC - Safari] 🔘 Attempting to click .next-btn1, .btn-next
[tra-d3][MAC - Safari] ✅ Clicked .next-btn1, .btn-next
[tra-d3][MAC - Safari] 🔘 Dynamic Choice found: clicking "Federal Tax Debt" (Option 1 of 5)
📝 step1 column set to: "Federal Tax Debt"
[tra-d3][MAC - Safari] 🔘 Dynamic Choice found: clicking "Close" (Option 4 of 4)
📝 step2 column set to: "Close"
[tra-d3][MAC - Safari] ✅ Reached a recognized terminal step (State or Contact). Stopping dynamic traversal.
[tra-d3][MAC - Safari] 🔘 Filling Contact Info (Dynamic Loop)...
[tra-d3][MAC - Safari] ✅ Filled First Name: ckmtestpixel
[tra-d3][MAC - Safari] ✅ Filled Last Name: ckmtestpixel
[tra-d3][MAC - Safari] ✅ Filled Email: ckmtestpixel@gmail.com
[tra-d3][MAC - Safari] ✅ Filled Phone: 401-247-1055
[tra-d3][MAC - Safari] 🔘 Clicking active contact NEXT/SUBMIT button...
[tra-d3][MAC - Safari] [STDERR] ❌ Error during form filling: locator.click: Timeout 25000ms exceeded.
Call log:
[2m  - waiting for locator('#primary_phone:visible, #phone:visible, #phone_home:visible, input[name="phone"]:visible, input[name="phone_home"]:visible, input[name="primary_phone"]:visible, input[type="tel"]:visible').first()[22m
[2m    - locator resolved to <input type="tel" tabindex="0" id="primary_phone" placeholder="Phone" name="primary_phone" aria-invalid="false" class="form-control valid"/>[22m
[2m  - attempting click action[22m
[2m    2 × waiting for element to be visible, enabled and stable[22m
[2m      - element is visible, enabled and stable[22m
[2m      - scrolling into view if needed[22m
[2m      - done scrolling[22m
[2m      - <div class="loader">Loading…</div> intercepts pointer events[22m
[2m    - retrying click action[22m
[2m    - waiting 20ms[22m
[2m    - waiting for element to be visible, enabled and stable[22m
[2m    - element is visible, enabled and stable[22m
[2m    - scrolling into view if needed[22m
[2m    - done scrolling[22m
[2m    - <div class="loader">Loading…</div> intercepts pointer events[22m
[2m  - retrying click action[22m
[2m    - waiting 100ms[22m
[2m    - waiting for element to be visible, enabled and stable[22m
[2m  - element was detached from the DOM, retrying[22m

[tra-d3][MAC - Safari] [STDERR] ❌ Failed processing TRA-D3: locator.click: Timeout 25000ms exceeded.
Call log:
[2m  - waiting for locator('#primary_phone:visible, #phone:visible, #phone_home:visible, input[name="phone"]:visible, input[name="phone_home"]:visible, input[name="primary_phone"]:visible, input[type="tel"]:visible').first()[22m
[2m    - locator resolved to <input type="tel" tabindex="0" id="primary_phone" placeholder="Phone" name="primary_phone" aria-invalid="false" class="form-control valid"/>[22m
[2m  - attempting click action[22m
[2m    2 × waiting for element to be visible, enabled and stable[22m
[2m      - element is visible, enabled and stable[22m
[2m      - scrolling into view if needed[22m
[2m      - done scrolling[22m
[2m      - <div class="loader">Loading…</div> intercepts pointer events[22m
[2m    - retrying click action[22m
[2m    - waiting 20ms[22m
[2m    - waiting for element to be visible, enabled and stable[22m
[2m    - element is visible, enabled and stable[22m
[2m    - scrolling into view if needed[22m
[2m    - done scrolling[22m
[2m    - <div class="loader">Loading…</div> intercepts pointer events[22m
[2m  - retrying click action[22m
[2m    - waiting 100ms[22m
[2m    - waiting for element to be visible, enabled and stable[22m
[2m  - element was detached from the DOM, retrying[22m

[tra-d3][MAC - Safari] 
✅ Execution successfully processed! {
  success: false,
  error: 'locator.click: Timeout 25000ms exceeded.\n' +
    'Call log:\n' +
    `\x1B[2m  - waiting for locator('#primary_phone:visible, #phone:visible, #phone_home:visible, input[name="phone"]:visible, input[name="phone_home"]:visible, input[name="primary_phone"]:visible, input[type="tel"]:visible').first()\x1B[22m\n` +
    '\x1B[2m    - locator resolved to <input type="tel" tabindex="0" id="primary_phone" placeholder="Phone" name="primary_phone" aria-invalid="false" class="form-control valid"/>\x1B[22m\n' +
    '\x1B[2m  - attempting click action\x1B[22m\n' +
    '\x1B[2m    2 × waiting for element to be visible, enabled and stable\x1B[22m\n' +
    '\x1B[2m      - element is visible, enabled and stable\x1B[22m\n' +
    '\x1B[2m      - scrolling into view if needed\x1B[22m\n' +
    '\x1B[2m      - done scrolling\x1B[22m\n' +
    '\x1B[2m      - <div class="loader">Loading…</div> intercepts pointer events\x1B[22m\n' +
    '\x1B[2m    - retrying click action\x1B[22m\n' +
    '\x1B[2m    - waiting 20ms\x1B[22m\n' +
    '\x1B[2m    - waiting for element to be visible, enabled and stable\x1B[22m\n' +
    '\x1B[2m    - element is visible, enabled and stable\x1B[22m\n' +
    '\x1B[2m    - scrolling into view if needed\x1B[22m\n' +
    '\x1B[2m    - done scrolling\x1B[22m\n' +
    '\x1B[2m    - <div class="loader">Loading…</div> intercepts pointer events\x1B[22m\n' +
    '\x1B[2m  - retrying click action\x1B[22m\n' +
    '\x1B[2m    - waiting 100ms\x1B[22m\n' +
    '\x1B[2m    - waiting for element to be visible, enabled and stable\x1B[22m\n' +
    '\x1B[2m  - element was detached from the DOM, retrying\x1B[22m\n',
  brand: 'TRA-D3'
}
[tra-d3][MAC - Safari] 📋 Trace report successfully saved: traces/tra-d3_desktop.zip
✅ [15/5/2026, 10:07:21 am] COMPLETED: tra-d3 [MAC - Safari][WEBKIT]

================================================================
🚀 [15/5/2026, 10:07:21 am] RUNNING: TRA-D3 [MAC - CHROME]
🔗 Target URL: https://flmtra.com/?a=659&oc=792&c=2386&s1=
================================================================
[tra-d3][MAC - Chrome] 🔌 [Browser Interceptor] Intercepting and optimizing engine: CHROMIUM
[tra-d3][MAC - Chrome] ◇ injected env (0) from .env // tip: ⌁ auth for agents [www.vestauth.com]
[tra-d3][MAC - Chrome] ◇ injected env (0) from .env // tip: ◈ encrypted .env [www.dotenvx.com]
[tra-d3][MAC - Chrome] ◇ injected env (0) from .env // tip: ⌘ custom filepath { path: '/custom/path/.env' }
[tra-d3][MAC - Chrome] ◇ injected env (0) from .env // tip: ◈ encrypted .env [www.dotenvx.com]
[tra-d3][MAC - Chrome] ◇ injected env (0) from .env // tip: ◈ encrypted .env [www.dotenvx.com]
[tra-d3][MAC - Chrome] 
🤖 ================================================================
🤖 MASTER RUNNER: LAUNCHING TRA-D3
[tra-d3][MAC - Chrome] 🤖 Mode:            DESKTOP
🤖 Tracking URL:     https://flmtra.com/?a=659&oc=792&c=2386&s1=
[tra-d3][MAC - Chrome] 🤖 Target Sheet:    TRA-DT3
[tra-d3][MAC - Chrome] 🤖 ================================================================
[tra-d3][MAC - Chrome] 🔌 [Browser Interceptor] Intercepting and optimizing engine: CHROMIUM
[tra-d3][MAC - Chrome] 💻 Emulated Device Profile: DESKTOP - [MAC - Chrome]
[tra-d3][MAC - Chrome] 🔄 Processing lead for brand: TRA-D3
[tra-d3][MAC - Chrome] 📊 Campaign execution run index: 57
[tra-d3][MAC - Chrome] 🎯 Enforcing dynamic credentials & parameters:
   - First Name:   ckmtestpixel
   - Last Name:    ckmtestpixel
   - Email:        ckmtestpixel@gmail.com
   - Phone Number: 401-247-1057
   - Slider Value: 5,349
   - State Value:  Delaware
[tra-d3][MAC - Chrome] 🔗 Navigating to: https://flmtra.com/?a=659&oc=792&c=2386&s1=
[tra-d3][MAC - Chrome] ✅ Page loaded successfully
[tra-d3][MAC - Chrome] 📝 Starting multi-step form filling process...
[tra-d3][MAC - Chrome] 🔘 Step 1: Handling Debt Amount (5,349)
[tra-d3][MAC - Chrome] 🔘 Attempting to click .next-btn1, .btn-next
[tra-d3][MAC - Chrome] ✅ Clicked .next-btn1, .btn-next
[tra-d3][MAC - Chrome] 🔘 Dynamic Choice found: clicking "Federal and State Tax Debt" (Option 3 of 5)
📝 step1 column set to: "Federal and State Tax Debt"
[tra-d3][MAC - Chrome] 🔘 Dynamic Choice found: clicking "$4,000 - $6,000" (Option 2 of 4)
📝 step2 column set to: "$4,000 - $6,000"
[tra-d3][MAC - Chrome] ✅ Reached a recognized terminal step (State or Contact). Stopping dynamic traversal.
[tra-d3][MAC - Chrome] 🔘 Filling Contact Info (Dynamic Loop)...
[tra-d3][MAC - Chrome] ✅ Filled First Name: ckmtestpixel
[tra-d3][MAC - Chrome] ✅ Filled Last Name: ckmtestpixel
[tra-d3][MAC - Chrome] ✅ Filled Email: ckmtestpixel@gmail.com
[tra-d3][MAC - Chrome] ✅ Filled Phone: 401-247-1057
[tra-d3][MAC - Chrome] 🔘 Clicking active contact NEXT/SUBMIT button...
[tra-d3][MAC - Chrome] [STDERR] ❌ Error during form filling: locator.click: Timeout 25000ms exceeded.
Call log:
[2m  - waiting for locator('#primary_phone:visible, #phone:visible, #phone_home:visible, input[name="phone"]:visible, input[name="phone_home"]:visible, input[name="primary_phone"]:visible, input[type="tel"]:visible').first()[22m
[2m    - locator resolved to <input type="tel" tabindex="0" id="primary_phone" placeholder="Phone" name="primary_phone" aria-invalid="false" class="form-control valid" data-gtm-form-interact-field-id="3"/>[22m
[2m  - attempting click action[22m
[2m    2 × waiting for element to be visible, enabled and stable[22m
[2m      - element is visible, enabled and stable[22m
[2m      - scrolling into view if needed[22m
[2m      - done scrolling[22m
[2m      - <div class="loader">Loading…</div> intercepts pointer events[22m
[2m    - retrying click action[22m
[2m    - waiting 20ms[22m
[2m    2 × waiting for element to be visible, enabled and stable[22m
[2m      - element is visible, enabled and stable[22m
[2m      - scrolling into view if needed[22m
[2m      - done scrolling[22m
[2m      - <div class="loader">Loading…</div> intercepts pointer events[22m
[2m    - retrying click action[22m
[2m      - waiting 100ms[22m
[2m    4 × waiting for element to be visible, enabled and stable[22m
[2m      - element is visible, enabled and stable[22m
[2m      - scrolling into view if needed[22m
[2m      - done scrolling[22m
[2m      - <div class="loader">Loading…</div> intercepts pointer events[22m
[2m    - retrying click action[22m
[2m      - waiting 500ms[22m
[2m    - waiting for" https://tra.com/thank-you?debt=10000&leadid=1B04AA0D&reqid=26782622&affid=659&oid=145" navigation to finish...[22m
[2m    - navigated to "https://tra.com/thank-you?debt=10000&leadid=1B04AA0D&reqid=26782622&affid=659&oid=145"[22m
[2m    - waiting for element to be visible, enabled and stable[22m
[2m  - element was detached from the DOM, retrying[22m

[tra-d3][MAC - Chrome] [STDERR] ❌ Failed processing TRA-D3: locator.click: Timeout 25000ms exceeded.
Call log:
[2m  - waiting for locator('#primary_phone:visible, #phone:visible, #phone_home:visible, input[name="phone"]:visible, input[name="phone_home"]:visible, input[name="primary_phone"]:visible, input[type="tel"]:visible').first()[22m
[2m    - locator resolved to <input type="tel" tabindex="0" id="primary_phone" placeholder="Phone" name="primary_phone" aria-invalid="false" class="form-control valid" data-gtm-form-interact-field-id="3"/>[22m
[2m  - attempting click action[22m
[2m    2 × waiting for element to be visible, enabled and stable[22m
[2m      - element is visible, enabled and stable[22m
[2m      - scrolling into view if needed[22m
[2m      - done scrolling[22m
[2m      - <div class="loader">Loading…</div> intercepts pointer events[22m
[2m    - retrying click action[22m
[2m    - waiting 20ms[22m
[2m    2 × waiting for element to be visible, enabled and stable[22m
[2m      - element is visible, enabled and stable[22m
[2m      - scrolling into view if needed[22m
[2m      - done scrolling[22m
[2m      - <div class="loader">Loading…</div> intercepts pointer events[22m
[2m    - retrying click action[22m
[2m      - waiting 100ms[22m
[2m    4 × waiting for element to be visible, enabled and stable[22m
[2m      - element is visible, enabled and stable[22m
[2m      - scrolling into view if needed[22m
[2m      - done scrolling[22m
[2m      - <div class="loader">Loading…</div> intercepts pointer events[22m
[2m    - retrying click action[22m
[2m      - waiting 500ms[22m
[2m    - waiting for" https://tra.com/thank-you?debt=10000&leadid=1B04AA0D&reqid=26782622&affid=659&oid=145" navigation to finish...[22m
[2m    - navigated to "https://tra.com/thank-you?debt=10000&leadid=1B04AA0D&reqid=26782622&affid=659&oid=145"[22m
[2m    - waiting for element to be visible, enabled and stable[22m
[2m  - element was detached from the DOM, retrying[22m

[tra-d3][MAC - Chrome] 
✅ Execution successfully processed! {
  success: false,
  error: 'locator.click: Timeout 25000ms exceeded.\n' +
    'Call log:\n' +
    `\x1B[2m  - waiting for locator('#primary_phone:visible, #phone:visible, #phone_home:visible, input[name="phone"]:visible, input[name="phone_home"]:visible, input[name="primary_phone"]:visible, input[type="tel"]:visible').first()\x1B[22m\n` +
    '\x1B[2m    - locator resolved to <input type="tel" tabindex="0" id="primary_phone" placeholder="Phone" name="primary_phone" aria-invalid="false" class="form-control valid" data-gtm-form-interact-field-id="3"/>\x1B[22m\n' +
    '\x1B[2m  - attempting click action\x1B[22m\n' +
    '\x1B[2m    2 × waiting for element to be visible, enabled and stable\x1B[22m\n' +
    '\x1B[2m      - element is visible, enabled and stable\x1B[22m\n' +
    '\x1B[2m      - scrolling into view if needed\x1B[22m\n' +
    '\x1B[2m      - done scrolling\x1B[22m\n' +
    '\x1B[2m      - <div class="loader">Loading…</div> intercepts pointer events\x1B[22m\n' +
    '\x1B[2m    - retrying click action\x1B[22m\n' +
    '\x1B[2m    - waiting 20ms\x1B[22m\n' +
    '\x1B[2m    2 × waiting for element to be visible, enabled and stable\x1B[22m\n' +
    '\x1B[2m      - element is visible, enabled and stable\x1B[22m\n' +
    '\x1B[2m      - scrolling into view if needed\x1B[22m\n' +
    '\x1B[2m      - done scrolling\x1B[22m\n' +
    '\x1B[2m      - <div class="loader">Loading…</div> intercepts pointer events\x1B[22m\n' +
    '\x1B[2m    - retrying click action\x1B[22m\n' +
    '\x1B[2m      - waiting 100ms\x1B[22m\n' +
    '\x1B[2m    4 × waiting for element to be visible, enabled and stable\x1B[22m\n' +
    '\x1B[2m      - element is visible, enabled and stable\x1B[22m\n' +
    '\x1B[2m      - scrolling into view if needed\x1B[22m\n' +
    '\x1B[2m      - done scrolling\x1B[22m\n' +
    '\x1B[2m      - <div class="loader">Loading…</div> intercepts pointer events\x1B[22m\n' +
    '\x1B[2m    - retrying click action\x1B[22m\n' +
    '\x1B[2m      - waiting 500ms\x1B[22m\n' +
    '\x1B[2m    - waiting for" https://tra.com/thank-you?debt=10000&leadid=1B04AA0D&reqid=26782622&affid=659&oid=145" navigation to finish...\x1B[22m\n' +
    '\x1B[2m    - navigated to "https://tra.com/thank-you?debt=10000&leadid=1B04AA0D&reqid=26782622&affid=659&oid=145"\x1B[22m\n' +
    '\x1B[2m    - waiting for element to be visible, enabled and stable\x1B[22m\n' +
    '\x1B[2m  - element was detached from the DOM, retrying\x1B[22m\n',
  brand: 'TRA-D3'
}
[tra-d3][MAC - Chrome] 📋 Trace report successfully saved: traces/tra-d3_desktop.zip
✅ [15/5/2026, 10:08:12 am] COMPLETED: tra-d3 [MAC - Chrome][CHROMIUM]

================================================================
⚡ Processing Campaign Matrix: [PPC-ST]
================================================================

================================================================
🚀 [15/5/2026, 10:08:12 am] RUNNING: PPC-ST [ANDROID - CHROME]
🔗 Target URL: https://flmtra.com/?a=659&oc=837&c=2210&s1=
================================================================
[ppc-st][Android - Chrome] 🔌 [Browser Interceptor] Intercepting and optimizing engine: CHROMIUM
[ppc-st][Android - Chrome] ◇ injected env (0) from .env // tip: ⌘ enable debugging { debug: true }
[ppc-st][Android - Chrome] ◇ injected env (0) from .env // tip: ⌘ enable debugging { debug: true }
[ppc-st][Android - Chrome] ◇ injected env (0) from .env // tip: ◈ encrypted .env [www.dotenvx.com]
[ppc-st][Android - Chrome] ◇ injected env (0) from .env // tip: ⌘ custom filepath { path: '/custom/path/.env' }
[ppc-st][Android - Chrome] ◇ injected env (0) from .env // tip: ⌁ auth for agents [www.vestauth.com]
[ppc-st][Android - Chrome] 
🤖 ================================================================
[ppc-st][Android - Chrome] 🤖 MASTER RUNNER: LAUNCHING PPC-ST
🤖 Mode:            MOBILE
[ppc-st][Android - Chrome] 🤖 Tracking URL:     https://flmtra.com/?a=659&oc=837&c=2210&s1=
🤖 Target Sheet:    PPC-ST
🤖 ================================================================
[ppc-st][Android - Chrome] 🔌 [Browser Interceptor] Intercepting and optimizing engine: CHROMIUM
[ppc-st][Android - Chrome] 📋 Emulated Device Profile: MOBILE (Pixel 7) - [Android - Chrome]
[ppc-st][Android - Chrome] ⏳ Delaying 200ms to allow responsive layouts to mount...
[ppc-st][Android - Chrome] 🔄 Processing lead for brand: PPC-ST Mobile
[ppc-st][Android - Chrome] 📊 Campaign execution run index: 36
[ppc-st][Android - Chrome] 🎯 Enforcing dynamic credentials & parameters:
   - First Name:   ckmtestpixel
   - Last Name:    ckmtestpixel
[ppc-st][Android - Chrome]    - Email:        ckmtestpixel@gmail.com
   - Phone Number: 401-247-1036
   - Slider Value: 5,486
   - State Value:  Oregon
[ppc-st][Android - Chrome] 🔗 [Mobile] Navigating to: https://flmtra.com/?a=659&oc=837&c=2210&s1=
[ppc-st][Android - Chrome] ✅ [Mobile] Page loaded successfully
[ppc-st][Android - Chrome] 📱 [Mobile] Injecting high-fidelity glossy Natural Titanium iPhone 17 Pro mockup frame...
[ppc-st][Android - Chrome] 📱 [Mobile] Injecting high-fidelity glossy Natural Titanium iPhone 17 Pro mockup frame...
[ppc-st][Android - Chrome] 📝 [Mobile] Starting mobile-specific form filling...
[ppc-st][Android - Chrome] 🔘 [Mobile] Step 1: Selecting Debt Amount (5,486)
[ppc-st][Android - Chrome] ✅ [Mobile] Selected debt amount: div:has-text("$5,000")
[ppc-st][Android - Chrome] 🔘 [Mobile] Clicking fallback button: button:has-text("NEXT"):visible
[ppc-st][Android - Chrome] ✅ [Mobile] Clicked fallback: button:has-text("NEXT"):visible
[ppc-st][Android - Chrome] 📱 [Mobile] Injecting high-fidelity glossy Natural Titanium iPhone 17 Pro mockup frame...
[ppc-st][Android - Chrome] ✅ [Mobile] Reached a recognized terminal step (State or Contact). Stopping dynamic traversal.
[ppc-st][Android - Chrome] 🔘 [Mobile] Step 2: Selecting State
[ppc-st][Android - Chrome] ✅ [Mobile] Selected state dynamically: "Oklahoma"
📝 [Mobile] step3 column set to State: "Oklahoma"
[ppc-st][Android - Chrome] 🔘 [Mobile] Clicking active visible button: .next-btn:visible, .next-btn2:visible, .btn-next:visible
[ppc-st][Android - Chrome] ✅ [Mobile] Clicked: .next-btn:visible, .next-btn2:visible, .btn-next:visible
[ppc-st][Android - Chrome] 📱 [Mobile] Injecting high-fidelity glossy Natural Titanium iPhone 17 Pro mockup frame...
[ppc-st][Android - Chrome] 🔘 [Mobile] Step 3: Filling Contact Info (Dynamic Loop)...
[ppc-st][Android - Chrome] 📱 [Mobile] Injecting high-fidelity glossy Natural Titanium iPhone 17 Pro mockup frame...
[ppc-st][Android - Chrome] ✅ [Mobile] Filled First Name: ckmtestpixel
[ppc-st][Android - Chrome] ✅ [Mobile] Filled Last Name: ckmtestpixel
[ppc-st][Android - Chrome] ✅ [Mobile] Filled Email: ckmtestpixel@gmail.com
[ppc-st][Android - Chrome] ✅ [Mobile] Filled Phone: 401-247-1036
[ppc-st][Android - Chrome] 🔘 [Mobile] Clicking active contact NEXT/SUBMIT button...
[ppc-st][Android - Chrome] 📱 [Mobile] Injecting high-fidelity glossy Natural Titanium iPhone 17 Pro mockup frame...
[ppc-st][Android - Chrome] ✅ [Mobile] Filled Phone: 401-247-1036
[ppc-st][Android - Chrome] 🔘 [Mobile] Clicking active contact NEXT/SUBMIT button...
[ppc-st][Android - Chrome] 📱 [Mobile] Injecting high-fidelity glossy Natural Titanium iPhone 17 Pro mockup frame...
[ppc-st][Android - Chrome] 🔘 [Mobile] No active contact NEXT/SUBMIT button visible. Exiting loop.
🔘 [Mobile] Scanning for additional dynamic steps...
[ppc-st][Android - Chrome] 🔘 [Mobile] Submitting form
[ppc-st][Android - Chrome] ⏳ [Mobile] Waiting for submission navigation to complete
[ppc-st][Android - Chrome] [STDERR] ⚠️ [Mobile] Standard submit buttons not found, consulting FLM Agent...
[ppc-st][Android - Chrome] 🤖 [FLM Agent] Analyzing Submit button for global...
[ppc-st][Android - Chrome] ⏳ [Mobile] Waiting for final Thank You page redirection...
[ppc-st][Android - Chrome] ✅ [Mobile] Targeted final redirect URL achieved!
[ppc-st][Android - Chrome] ✅ [Mobile] Final Thank You URL: https://tra.com/thank-you/nn?debt=10000&leadid=B7F94BCA&reqid=26782625&affid=659&oid=133
[ppc-st][Android - Chrome] ✅ [Mobile] Extracted Lead ID: B7F94BCA
[ppc-st][Android - Chrome] 📱 Device Type detected: Android - Chrome
✅ Lead captured: B7F94BCA
[ppc-st][Android - Chrome] 📡 Fetching First API data for Lead ID: B7F94BCA...
[ppc-st][Android - Chrome] 📡 Raw XML Response: {
  "lead_info_response": {
    "$": {
      "xmlns:xsd": "http://www.w3.org/2001/XMLSchema",
      "xmlns:xsi": "http://www.w3.org/2001/XMLSchema-instance",
      "xmlns": "http://cakemarketing.com/api/1/"
    },
    "success": "true",
    "row_count": "1",
    "lead_id": "B7F94BCA",
    "personal_info": {
      "first_name": "CKMTESTPIXEL",
      "last_name": "CKMTESTPIXEL",
      "email_address": "ckmtestpixel@gmail.com",
      "address": {
        "street": "",
        "city": "",
        "state": "OK",
        "zip_code": "74039",
        "country": ""
      },
      "ip_address": "27.54.170.27",
      "phone_work": "",
      "phone_home": "401-247-1036",
      "phone_cell": "",
      "best_call_time": "",
      "opt_in": "false"
    },
    "traffic_info": {
      "lead_date": "2026-05-14T21:38:32.567",
      "payout": {
        "currency_id": "1",
        "amount": "0.0000",
        "formatted_amount": "$0.00"
      },
      "affiliate": {
        "affiliate_id": {
          "_": "659",
          "$": {
            "xmlns": "API:id_name_store"
          }
        },
        "affiliate_name": {
          "_": "QA affiliate",
          "$": {
            "xmlns": "API:id_name_store"
          }
        }
      },
      "campaign": {
        "campaign_id": {
          "_": "4444",
          "$": {
            "xmlns": "API:id_name_store"
          }
        },
        "campaign_name": {
          "_": "TRA.com CPL - PPC ST - CPA - $1.00",
          "$": {
            "xmlns": "API:id_name_store"
          }
        }
      },
      "creative_id": "2210",
      "subid_1": "",
      "subid_2": "",
      "subid_3": "",
      "subid_4": "",
      "subid_5": "",
      "referrer": "",
      "pixel_fired": "true",
      "returned_to_affiliate": "false",
      "test": "true",
      "upsell": "false"
    },
    "all_vertical_data": {
      "data": {
        "$": {
          "xmlns": ""
        },
        "tax_debt": "10000",
        "universal_leadid": "A9C4743A-76D9-ED83-E312-AA714ADD81D3",
        "affid": "659",
        "TCPA_checkbox": "1",
        "reqid": "26782625",
        "page": "https://tra.com/ppc/st",
        "neustar": "fail",
        "neustar_disposition": "N,U,I3,L,0",
        "first_name_lower": "ckmtestpixel",
        "last_name_lower": "ckmtestpixel",
        "opt_special_offers": "on",
        "ckm_campaign_id": "4444"
      }
    },
    "dispositions": {
      "disposition": {
        "disposition_type": "Sent to Review Queue",
        "reason": "neustar: This value is not valid",
        "filter": "Equals Value"
      }
    },
    "pings": "",
    "posts": "",
    "sales": ""
  }
}
✅ First API Data retrieved on attempt 1
[ppc-st][Android - Chrome] 📡 Fetching Second API data for Lead ID: B7F94BCA...
[ppc-st][Android - Chrome] 📡 Standard Second API Payload: cake_id=B7F94BCA, domain_name=https://www.taxreliefadvocates.com
[ppc-st][Android - Chrome] [STDERR] (node:9780) Warning: Setting the NODE_TLS_REJECT_UNAUTHORIZED environment variable to '0' makes TLS connections and HTTPS requests insecure by disabling certificate verification.
(Use `node --trace-warnings ...` to show where the warning was created)
[ppc-st][Android - Chrome] [STDERR] ❌ Second API Attempt 1 failed: Request failed with status code 404
[ppc-st][Android - Chrome] ⏳ Retrying in 1 second to allow database synchronization...
[ppc-st][Android - Chrome] 📡 Standard Second API Payload: cake_id=B7F94BCA, domain_name=https://www.taxreliefadvocates.com
[ppc-st][Android - Chrome] [STDERR] ❌ Second API Attempt 2 failed: Request failed with status code 404
[ppc-st][Android - Chrome] ⏳ Retrying in 1 second to allow database synchronization...
[ppc-st][Android - Chrome] 📡 Standard Second API Payload: cake_id=B7F94BCA, domain_name=https://www.taxreliefadvocates.com
[ppc-st][Android - Chrome] [STDERR] ❌ Second API Attempt 3 failed: Request failed with status code 404
[ppc-st][Android - Chrome] ⏳ Retrying in 1 second to allow database synchronization...
[ppc-st][Android - Chrome] 📡 Standard Second API Payload: cake_id=B7F94BCA, domain_name=https://www.taxreliefadvocates.com
[ppc-st][Android - Chrome] [STDERR] ❌ Second API Attempt 4 failed: Request failed with status code 404
[ppc-st][Android - Chrome] ⏳ Retrying in 1 second to allow database synchronization...
[ppc-st][Android - Chrome] 📡 Standard Second API Payload: cake_id=B7F94BCA, domain_name=https://www.taxreliefadvocates.com
[ppc-st][Android - Chrome] [STDERR] ❌ Second API Attempt 5 failed: Request failed with status code 404
[ppc-st][Android - Chrome] 📡 [Rest-Assurance] Verifying Lead ID: B7F94BCA via Backend...
[ppc-st][Android - Chrome] 🛡️  [Rest-Assurance] VERIFIED (Backend Debt: 10000)
[ppc-st][Android - Chrome] ✅ Row appended successfully to sheet: PPC-ST
[ppc-st][Android - Chrome] ⚠️  Non-fatal formatting error for PPC-ST (Banding might already exist): Invalid requests[2].addBanding: You cannot add alternating background colors to a range that already has alternating background colors.
✅ Lead processed successfully for PPC-ST Mobile
[ppc-st][Android - Chrome] 🎥 Video saved successfully: traces/videos/PPC-ST_PPC-ST_Mobile.webm
[ppc-st][Android - Chrome] 
✅ Execution successfully processed! { success: true, leadId: 'B7F94BCA', brand: 'PPC-ST Mobile' }
[ppc-st][Android - Chrome] [STDERR] ❌ Automation Run encountered a fatal exception: tracing.stop: Target page, context or browser has been closed
✅ [15/5/2026, 10:09:07 am] COMPLETED: ppc-st [Android - Chrome][CHROMIUM]

================================================================
🚀 [15/5/2026, 10:09:07 am] RUNNING: PPC-ST [ANDROID - FIREFOX]
🔗 Target URL: https://flmtra.com/?a=659&oc=837&c=2210&s1=
================================================================
[ppc-st][Android - Firefox] 🔌 [Browser Interceptor] Intercepting and optimizing engine: FIREFOX
[ppc-st][Android - Firefox] ◇ injected env (0) from .env // tip: ⌘ override existing { override: true }
[ppc-st][Android - Firefox] ◇ injected env (0) from .env // tip: ⌘ enable debugging { debug: true }
[ppc-st][Android - Firefox] ◇ injected env (0) from .env // tip: ⌘ custom filepath { path: '/custom/path/.env' }
[ppc-st][Android - Firefox] ◇ injected env (0) from .env // tip: ◈ secrets for agents [www.dotenvx.com]
[ppc-st][Android - Firefox] ◇ injected env (0) from .env // tip: ⌁ auth for agents [www.vestauth.com]
[ppc-st][Android - Firefox] 
🤖 ================================================================
🤖 MASTER RUNNER: LAUNCHING PPC-ST
🤖 Mode:            MOBILE
[ppc-st][Android - Firefox] 🤖 Tracking URL:     https://flmtra.com/?a=659&oc=837&c=2210&s1=
🤖 Target Sheet:    PPC-ST
🤖 ================================================================
[ppc-st][Android - Firefox] 🔌 [Browser Interceptor] Intercepting and optimizing engine: FIREFOX
[ppc-st][Android - Firefox] 📋 Emulated Device Profile: MOBILE (Pixel 7) - [Android - Firefox]
[ppc-st][Android - Firefox] 🔌 [Browser Interceptor] Sanitizing mobile context options for Firefox emulation...
🔌 [Browser Interceptor] Sanitizing mobile context options for Firefox emulation...
[ppc-st][Android - Firefox] ⏳ Delaying 200ms to allow responsive layouts to mount...
[ppc-st][Android - Firefox] 🔄 Processing lead for brand: PPC-ST Mobile
[ppc-st][Android - Firefox] 📊 Campaign execution run index: 38
[ppc-st][Android - Firefox] 🎯 Enforcing dynamic credentials & parameters:
[ppc-st][Android - Firefox]    - First Name:   ckmtestpixel
   - Last Name:    ckmtestpixel
   - Email:        ckmtestpixel@gmail.com
   - Phone Number: 401-247-1038
   - Slider Value: 16,945
   - State Value:  Rhode Island
[ppc-st][Android - Firefox] 🔗 [Mobile] Navigating to: https://flmtra.com/?a=659&oc=837&c=2210&s1=
[ppc-st][Android - Firefox] ✅ [Mobile] Page loaded successfully
[ppc-st][Android - Firefox] 📱 [Mobile] Injecting high-fidelity glossy Natural Titanium iPhone 17 Pro mockup frame...
[ppc-st][Android - Firefox] 📱 [Mobile] Injecting high-fidelity glossy Natural Titanium iPhone 17 Pro mockup frame...
[ppc-st][Android - Firefox] 📝 [Mobile] Starting mobile-specific form filling...
[ppc-st][Android - Firefox] 🔘 [Mobile] Step 1: Selecting Debt Amount (16,945)
[ppc-st][Android - Firefox] 🔘 [Mobile] Clicking active visible button: .next-btn1:visible, .btn-next:visible
[ppc-st][Android - Firefox] ✅ [Mobile] Clicked: .next-btn1:visible, .btn-next:visible
[ppc-st][Android - Firefox] 📱 [Mobile] Injecting high-fidelity glossy Natural Titanium iPhone 17 Pro mockup frame...
[ppc-st][Android - Firefox] ✅ [Mobile] Reached a recognized terminal step (State or Contact). Stopping dynamic traversal.
[ppc-st][Android - Firefox] 🔘 [Mobile] Step 2: Selecting State
[ppc-st][Android - Firefox] ✅ [Mobile] Selected state dynamically: "Pennsylvania"
📝 [Mobile] step3 column set to State: "Pennsylvania"
[ppc-st][Android - Firefox] 🔘 [Mobile] Clicking active visible button: .next-btn:visible, .next-btn2:visible, .btn-next:visible
[ppc-st][Android - Firefox] ✅ [Mobile] Clicked: .next-btn:visible, .next-btn2:visible, .btn-next:visible
[ppc-st][Android - Firefox] 📱 [Mobile] Injecting high-fidelity glossy Natural Titanium iPhone 17 Pro mockup frame...
[ppc-st][Android - Firefox] 🔘 [Mobile] Step 3: Filling Contact Info (Dynamic Loop)...
[ppc-st][Android - Firefox] 📱 [Mobile] Injecting high-fidelity glossy Natural Titanium iPhone 17 Pro mockup frame...
[ppc-st][Android - Firefox] ✅ [Mobile] Filled First Name: ckmtestpixel
[ppc-st][Android - Firefox] ✅ [Mobile] Filled Last Name: ckmtestpixel
[ppc-st][Android - Firefox] ✅ [Mobile] Filled Email: ckmtestpixel@gmail.com
[ppc-st][Android - Firefox] ✅ [Mobile] Filled Phone: 401-247-1038
[ppc-st][Android - Firefox] 🔘 [Mobile] Clicking active contact NEXT/SUBMIT button...
[ppc-st][Android - Firefox] 📱 [Mobile] Injecting high-fidelity glossy Natural Titanium iPhone 17 Pro mockup frame...
[ppc-st][Android - Firefox] ✅ [Mobile] Filled Phone: 401-247-1038
[ppc-st][Android - Firefox] 🔘 [Mobile] Clicking active contact NEXT/SUBMIT button...
[ppc-st][Android - Firefox] 📱 [Mobile] Injecting high-fidelity glossy Natural Titanium iPhone 17 Pro mockup frame...
[ppc-st][Android - Firefox] 🔘 [Mobile] No active contact NEXT/SUBMIT button visible. Exiting loop.
🔘 [Mobile] Scanning for additional dynamic steps...
[ppc-st][Android - Firefox] 🔘 [Mobile] Submitting form
[ppc-st][Android - Firefox] ⏳ [Mobile] Waiting for submission navigation to complete
[ppc-st][Android - Firefox] [STDERR] ⚠️ [Mobile] Standard submit buttons not found, consulting FLM Agent...
[ppc-st][Android - Firefox] 🤖 [FLM Agent] Analyzing Submit button for global...
[ppc-st][Android - Firefox] ⏳ [Mobile] Waiting for final Thank You page redirection...
[ppc-st][Android - Firefox] ✅ [Mobile] Targeted final redirect URL achieved!
[ppc-st][Android - Firefox] ✅ [Mobile] Final Thank You URL: https://tra.com/thank-you/nn?debt=10000&leadid=21074DEC&reqid=26782628&affid=659&oid=133
[ppc-st][Android - Firefox] ✅ [Mobile] Extracted Lead ID: 21074DEC
[ppc-st][Android - Firefox] 📱 Device Type detected: Android - Firefox
✅ Lead captured: 21074DEC
[ppc-st][Android - Firefox] 📡 Fetching First API data for Lead ID: 21074DEC...
[ppc-st][Android - Firefox] 📡 Raw XML Response: {
  "lead_info_response": {
    "$": {
      "xmlns:xsd": "http://www.w3.org/2001/XMLSchema",
      "xmlns:xsi": "http://www.w3.org/2001/XMLSchema-instance",
      "xmlns": "http://cakemarketing.com/api/1/"
    },
    "success": "true",
    "row_count": "1",
    "lead_id": "21074DEC",
    "personal_info": {
      "first_name": "CKMTESTPIXEL",
      "last_name": "CKMTESTPIXEL",
      "email_address": "ckmtestpixel@gmail.com",
      "address": {
        "street": "",
        "city": "",
        "state": "PA",
        "zip_code": "19366",
        "country": ""
      },
      "ip_address": "27.54.170.27",
      "phone_work": "",
      "phone_home": "401-247-1038",
      "phone_cell": "",
      "best_call_time": "",
      "opt_in": "false"
    },
    "traffic_info": {
      "lead_date": "2026-05-14T21:39:27.99",
      "payout": {
        "currency_id": "1",
        "amount": "0.0000",
        "formatted_amount": "$0.00"
      },
      "affiliate": {
        "affiliate_id": {
          "_": "659",
          "$": {
            "xmlns": "API:id_name_store"
          }
        },
        "affiliate_name": {
          "_": "QA affiliate",
          "$": {
            "xmlns": "API:id_name_store"
          }
        }
      },
      "campaign": {
        "campaign_id": {
          "_": "4444",
          "$": {
            "xmlns": "API:id_name_store"
          }
        },
        "campaign_name": {
          "_": "TRA.com CPL - PPC ST - CPA - $1.00",
          "$": {
            "xmlns": "API:id_name_store"
          }
        }
      },
      "creative_id": "2210",
      "subid_1": "",
      "subid_2": "",
      "subid_3": "",
      "subid_4": "",
      "subid_5": "",
      "referrer": "",
      "pixel_fired": "true",
      "returned_to_affiliate": "false",
      "test": "true",
      "upsell": "false"
    },
    "all_vertical_data": {
      "data": {
        "$": {
          "xmlns": ""
        },
        "tax_debt": "10000",
        "universal_leadid": "7C45F170-BB6E-1FEB-823F-E98528BBBFBE",
        "affid": "659",
        "TCPA_checkbox": "1",
        "reqid": "26782628",
        "page": "https://tra.com/ppc/st",
        "neustar": "fail",
        "neustar_disposition": "N,U,I1,L,0",
        "first_name_lower": "ckmtestpixel",
        "last_name_lower": "ckmtestpixel",
        "opt_special_offers": "on",
        "ckm_campaign_id": "4444"
      }
    },
    "dispositions": {
      "disposition": {
        "disposition_type": "Sent to Review Queue",
        "reason": "neustar: This value is not valid",
        "filter": "Equals Value"
      }
    },
    "pings": "",
    "posts": "",
    "sales": ""
  }
}
✅ First API Data retrieved on attempt 1
[ppc-st][Android - Firefox] 📡 Fetching Second API data for Lead ID: 21074DEC...
[ppc-st][Android - Firefox] 📡 Standard Second API Payload: cake_id=21074DEC, domain_name=https://www.taxreliefadvocates.com
[ppc-st][Android - Firefox] [STDERR] (node:21012) Warning: Setting the NODE_TLS_REJECT_UNAUTHORIZED environment variable to '0' makes TLS connections and HTTPS requests insecure by disabling certificate verification.
(Use `node --trace-warnings ...` to show where the warning was created)
[ppc-st][Android - Firefox] [STDERR] ❌ Second API Attempt 1 failed: Request failed with status code 404
[ppc-st][Android - Firefox] ⏳ Retrying in 1 second to allow database synchronization...
[ppc-st][Android - Firefox] 📡 Standard Second API Payload: cake_id=21074DEC, domain_name=https://www.taxreliefadvocates.com
[ppc-st][Android - Firefox] [STDERR] ❌ Second API Attempt 2 failed: Request failed with status code 404
[ppc-st][Android - Firefox] ⏳ Retrying in 1 second to allow database synchronization...
[ppc-st][Android - Firefox] 📡 Standard Second API Payload: cake_id=21074DEC, domain_name=https://www.taxreliefadvocates.com
[ppc-st][Android - Firefox] [STDERR] ❌ Second API Attempt 3 failed: Request failed with status code 404
[ppc-st][Android - Firefox] ⏳ Retrying in 1 second to allow database synchronization...
[ppc-st][Android - Firefox] 📡 Standard Second API Payload: cake_id=21074DEC, domain_name=https://www.taxreliefadvocates.com
[ppc-st][Android - Firefox] [STDERR] ❌ Second API Attempt 4 failed: Request failed with status code 404
[ppc-st][Android - Firefox] ⏳ Retrying in 1 second to allow database synchronization...
[ppc-st][Android - Firefox] 📡 Standard Second API Payload: cake_id=21074DEC, domain_name=https://www.taxreliefadvocates.com
[ppc-st][Android - Firefox] [STDERR] ❌ Second API Attempt 5 failed: Request failed with status code 404
[ppc-st][Android - Firefox] 📡 [Rest-Assurance] Verifying Lead ID: 21074DEC via Backend...
[ppc-st][Android - Firefox] 🛡️  [Rest-Assurance] VERIFIED (Backend Debt: 10000)
[ppc-st][Android - Firefox] ✅ Row appended successfully to sheet: PPC-ST
[ppc-st][Android - Firefox] ⚠️  Non-fatal formatting error for PPC-ST (Banding might already exist): Invalid requests[2].addBanding: You cannot add alternating background colors to a range that already has alternating background colors.
[ppc-st][Android - Firefox] ✅ Lead processed successfully for PPC-ST Mobile
[ppc-st][Android - Firefox] 🎥 Video saved successfully: traces/videos/PPC-ST_PPC-ST_Mobile.webm
[ppc-st][Android - Firefox] 
✅ Execution successfully processed! { success: true, leadId: '21074DEC', brand: 'PPC-ST Mobile' }
[ppc-st][Android - Firefox] [STDERR] ❌ Automation Run encountered a fatal exception: tracing.stop: Target page, context or browser has been closed
✅ [15/5/2026, 10:10:28 am] COMPLETED: ppc-st [Android - Firefox][FIREFOX]

================================================================
🚀 [15/5/2026, 10:10:28 am] RUNNING: PPC-ST [IOS - CHROME]
🔗 Target URL: https://flmtra.com/?a=659&oc=837&c=2210&s1=
================================================================
[ppc-st][iOS - Chrome] 🔌 [Browser Interceptor] Intercepting and optimizing engine: CHROMIUM
[ppc-st][iOS - Chrome] ◇ injected env (0) from .env // tip: ⌘ custom filepath { path: '/custom/path/.env' }
[ppc-st][iOS - Chrome] ◇ injected env (0) from .env // tip: ◈ encrypted .env [www.dotenvx.com]
[ppc-st][iOS - Chrome] ◇ injected env (0) from .env // tip: ⌘ enable debugging { debug: true }
[ppc-st][iOS - Chrome] ◇ injected env (0) from .env // tip: ⌘ multiple files { path: ['.env.local', '.env'] }
[ppc-st][iOS - Chrome] ◇ injected env (0) from .env // tip: ◈ secrets for agents [www.dotenvx.com]
[ppc-st][iOS - Chrome] 
🤖 ================================================================
[ppc-st][iOS - Chrome] 🤖 MASTER RUNNER: LAUNCHING PPC-ST
🤖 Mode:            MOBILE
[ppc-st][iOS - Chrome] 🤖 Tracking URL:     https://flmtra.com/?a=659&oc=837&c=2210&s1=
[ppc-st][iOS - Chrome] 🤖 Target Sheet:    PPC-ST
[ppc-st][iOS - Chrome] 🤖 ================================================================
[ppc-st][iOS - Chrome] 🔌 [Browser Interceptor] Intercepting and optimizing engine: CHROMIUM
[ppc-st][iOS - Chrome] 📋 Emulated Device Profile: MOBILE (iPhone 17 Pro Mode) - [iOS - Chrome]
[ppc-st][iOS - Chrome] ⏳ Delaying 200ms to allow responsive layouts to mount...
[ppc-st][iOS - Chrome] 🔄 Processing lead for brand: PPC-ST Mobile
[ppc-st][iOS - Chrome] 📊 Campaign execution run index: 40
[ppc-st][iOS - Chrome] 🎯 Enforcing dynamic credentials & parameters:
   - First Name:   ckmtestpixel
   - Last Name:    ckmtestpixel
   - Email:        ckmtestpixel@gmail.com
   - Phone Number: 401-247-1040
[ppc-st][iOS - Chrome]    - Slider Value: 91,619
   - State Value:  South Dakota
[ppc-st][iOS - Chrome] 🔗 [Mobile] Navigating to: https://flmtra.com/?a=659&oc=837&c=2210&s1=
[ppc-st][iOS - Chrome] ✅ [Mobile] Page loaded successfully
[ppc-st][iOS - Chrome] 📱 [Mobile] Injecting high-fidelity glossy Natural Titanium iPhone 17 Pro mockup frame...
[ppc-st][iOS - Chrome] 📱 [Mobile] Injecting high-fidelity glossy Natural Titanium iPhone 17 Pro mockup frame...
[ppc-st][iOS - Chrome] 📝 [Mobile] Starting mobile-specific form filling...
[ppc-st][iOS - Chrome] 🔘 [Mobile] Step 1: Selecting Debt Amount (91,619)
[ppc-st][iOS - Chrome] 🔘 [Mobile] Clicking active visible button: .next-btn1:visible, .btn-next:visible
[ppc-st][iOS - Chrome] ✅ [Mobile] Clicked: .next-btn1:visible, .btn-next:visible
[ppc-st][iOS - Chrome] 📱 [Mobile] Injecting high-fidelity glossy Natural Titanium iPhone 17 Pro mockup frame...
[ppc-st][iOS - Chrome] ✅ [Mobile] Reached a recognized terminal step (State or Contact). Stopping dynamic traversal.
[ppc-st][iOS - Chrome] 🔘 [Mobile] Step 2: Selecting State
[ppc-st][iOS - Chrome] ✅ [Mobile] Selected state dynamically: "South Carolina"
📝 [Mobile] step3 column set to State: "South Carolina"
[ppc-st][iOS - Chrome] 🔘 [Mobile] Clicking active visible button: .next-btn:visible, .next-btn2:visible, .btn-next:visible
[ppc-st][iOS - Chrome] ✅ [Mobile] Clicked: .next-btn:visible, .next-btn2:visible, .btn-next:visible
[ppc-st][iOS - Chrome] 📱 [Mobile] Injecting high-fidelity glossy Natural Titanium iPhone 17 Pro mockup frame...
[ppc-st][iOS - Chrome] 🔘 [Mobile] Step 3: Filling Contact Info (Dynamic Loop)...
[ppc-st][iOS - Chrome] 📱 [Mobile] Injecting high-fidelity glossy Natural Titanium iPhone 17 Pro mockup frame...
[ppc-st][iOS - Chrome] ✅ [Mobile] Filled First Name: ckmtestpixel
[ppc-st][iOS - Chrome] ✅ [Mobile] Filled Last Name: ckmtestpixel
[ppc-st][iOS - Chrome] ✅ [Mobile] Filled Email: ckmtestpixel@gmail.com
[ppc-st][iOS - Chrome] ✅ [Mobile] Filled Phone: 401-247-1040
[ppc-st][iOS - Chrome] 🔘 [Mobile] Clicking active contact NEXT/SUBMIT button...
[ppc-st][iOS - Chrome] 📱 [Mobile] Injecting high-fidelity glossy Natural Titanium iPhone 17 Pro mockup frame...
[ppc-st][iOS - Chrome] ✅ [Mobile] Filled Phone: 401-247-1040
[ppc-st][iOS - Chrome] 🔘 [Mobile] Clicking active contact NEXT/SUBMIT button...
[ppc-st][iOS - Chrome] 📱 [Mobile] Injecting high-fidelity glossy Natural Titanium iPhone 17 Pro mockup frame...
[ppc-st][iOS - Chrome] 🔘 [Mobile] No active contact NEXT/SUBMIT button visible. Exiting loop.
🔘 [Mobile] Scanning for additional dynamic steps...
[ppc-st][iOS - Chrome] 🔘 [Mobile] Submitting form
[ppc-st][iOS - Chrome] ⏳ [Mobile] Waiting for submission navigation to complete
[ppc-st][iOS - Chrome] [STDERR] ⚠️ [Mobile] Standard submit buttons not found, consulting FLM Agent...
[ppc-st][iOS - Chrome] 🤖 [FLM Agent] Analyzing Submit button for global...
[ppc-st][iOS - Chrome] ⏳ [Mobile] Waiting for final Thank You page redirection...
[ppc-st][iOS - Chrome] ✅ [Mobile] Targeted final redirect URL achieved!
[ppc-st][iOS - Chrome] ✅ [Mobile] Final Thank You URL: https://tra.com/thank-you/nn?debt=10000&leadid=A82CD8F5&reqid=26782632&affid=659&oid=133
[ppc-st][iOS - Chrome] ✅ [Mobile] Extracted Lead ID: A82CD8F5
[ppc-st][iOS - Chrome] 📱 Device Type detected: iOS - Chrome
✅ Lead captured: A82CD8F5
[ppc-st][iOS - Chrome] 📡 Fetching First API data for Lead ID: A82CD8F5...
[ppc-st][iOS - Chrome] 📡 Raw XML Response: {
  "lead_info_response": {
    "$": {
      "xmlns:xsd": "http://www.w3.org/2001/XMLSchema",
      "xmlns:xsi": "http://www.w3.org/2001/XMLSchema-instance",
      "xmlns": "http://cakemarketing.com/api/1/"
    },
    "success": "true",
    "row_count": "1",
    "lead_id": "A82CD8F5",
    "personal_info": {
      "first_name": "CKMTESTPIXEL",
      "last_name": "CKMTESTPIXEL",
      "email_address": "ckmtestpixel@gmail.com",
      "address": {
        "street": "",
        "city": "",
        "state": "SC",
        "zip_code": "29695",
        "country": ""
      },
      "ip_address": "27.54.170.27",
      "phone_work": "",
      "phone_home": "401-247-1040",
      "phone_cell": "",
      "best_call_time": "",
      "opt_in": "false"
    },
    "traffic_info": {
      "lead_date": "2026-05-14T21:40:49.207",
      "payout": {
        "currency_id": "1",
        "amount": "0.0000",
        "formatted_amount": "$0.00"
      },
      "affiliate": {
        "affiliate_id": {
          "_": "659",
          "$": {
            "xmlns": "API:id_name_store"
          }
        },
        "affiliate_name": {
          "_": "QA affiliate",
          "$": {
            "xmlns": "API:id_name_store"
          }
        }
      },
      "campaign": {
        "campaign_id": {
          "_": "4444",
          "$": {
            "xmlns": "API:id_name_store"
          }
        },
        "campaign_name": {
          "_": "TRA.com CPL - PPC ST - CPA - $1.00",
          "$": {
            "xmlns": "API:id_name_store"
          }
        }
      },
      "creative_id": "2210",
      "subid_1": "",
      "subid_2": "",
      "subid_3": "",
      "subid_4": "",
      "subid_5": "",
      "referrer": "",
      "pixel_fired": "true",
      "returned_to_affiliate": "false",
      "test": "true",
      "upsell": "false"
    },
    "all_vertical_data": {
      "data": {
        "$": {
          "xmlns": ""
        },
        "tax_debt": "10000",
        "universal_leadid": "5795121B-DD79-3AE1-9131-C4EFADCE5D36",
        "affid": "659",
        "TCPA_checkbox": "1",
        "reqid": "26782632",
        "page": "https://tra.com/ppc/st",
        "neustar": "fail",
        "neustar_disposition": "N,B,A7,L,0",
        "first_name_lower": "ckmtestpixel",
        "last_name_lower": "ckmtestpixel",
        "opt_special_offers": "on",
        "ckm_campaign_id": "4444"
      }
    },
    "dispositions": {
      "disposition": {
        "disposition_type": "Sent to Review Queue",
        "reason": "neustar: This value is not valid",
        "filter": "Equals Value"
      }
    },
    "pings": "",
    "posts": "",
    "sales": ""
  }
}
✅ First API Data retrieved on attempt 1
📡 Fetching Second API data for Lead ID: A82CD8F5...
[ppc-st][iOS - Chrome] 📡 Standard Second API Payload: cake_id=A82CD8F5, domain_name=https://www.taxreliefadvocates.com
[ppc-st][iOS - Chrome] [STDERR] (node:16080) Warning: Setting the NODE_TLS_REJECT_UNAUTHORIZED environment variable to '0' makes TLS connections and HTTPS requests insecure by disabling certificate verification.
(Use `node --trace-warnings ...` to show where the warning was created)
[ppc-st][iOS - Chrome] [STDERR] ❌ Second API Attempt 1 failed: Request failed with status code 404
[ppc-st][iOS - Chrome] ⏳ Retrying in 1 second to allow database synchronization...
[ppc-st][iOS - Chrome] 📡 Standard Second API Payload: cake_id=A82CD8F5, domain_name=https://www.taxreliefadvocates.com
[ppc-st][iOS - Chrome] [STDERR] ❌ Second API Attempt 2 failed: Request failed with status code 404
[ppc-st][iOS - Chrome] ⏳ Retrying in 1 second to allow database synchronization...
[ppc-st][iOS - Chrome] 📡 Standard Second API Payload: cake_id=A82CD8F5, domain_name=https://www.taxreliefadvocates.com
[ppc-st][iOS - Chrome] [STDERR] ❌ Second API Attempt 3 failed: Request failed with status code 404
[ppc-st][iOS - Chrome] ⏳ Retrying in 1 second to allow database synchronization...
[ppc-st][iOS - Chrome] 📡 Standard Second API Payload: cake_id=A82CD8F5, domain_name=https://www.taxreliefadvocates.com
[ppc-st][iOS - Chrome] [STDERR] ❌ Second API Attempt 4 failed: Request failed with status code 404
[ppc-st][iOS - Chrome] ⏳ Retrying in 1 second to allow database synchronization...
[ppc-st][iOS - Chrome] 📡 Standard Second API Payload: cake_id=A82CD8F5, domain_name=https://www.taxreliefadvocates.com
[ppc-st][iOS - Chrome] [STDERR] ❌ Second API Attempt 5 failed: Request failed with status code 404
[ppc-st][iOS - Chrome] 📡 [Rest-Assurance] Verifying Lead ID: A82CD8F5 via Backend...
[ppc-st][iOS - Chrome] 🛡️  [Rest-Assurance] VERIFIED (Backend Debt: 10000)
[ppc-st][iOS - Chrome] ✅ Row appended successfully to sheet: PPC-ST
[ppc-st][iOS - Chrome] ⚠️  Non-fatal formatting error for PPC-ST (Banding might already exist): Invalid requests[2].addBanding: You cannot add alternating background colors to a range that already has alternating background colors.
[ppc-st][iOS - Chrome] ✅ Lead processed successfully for PPC-ST Mobile
[ppc-st][iOS - Chrome] 🎥 Video saved successfully: traces/videos/PPC-ST_PPC-ST_Mobile.webm
[ppc-st][iOS - Chrome] 
✅ Execution successfully processed! { success: true, leadId: 'A82CD8F5', brand: 'PPC-ST Mobile' }
[ppc-st][iOS - Chrome] [STDERR] ❌ Automation Run encountered a fatal exception: tracing.stop: Target page, context or browser has been closed
✅ [15/5/2026, 10:11:25 am] COMPLETED: ppc-st [iOS - Chrome][CHROMIUM]

================================================================
🚀 [15/5/2026, 10:11:25 am] RUNNING: PPC-ST [IOS - SAFARI]
🔗 Target URL: https://flmtra.com/?a=659&oc=837&c=2210&s1=
================================================================
[ppc-st][iOS - Safari] 🔌 [Browser Interceptor] Intercepting and optimizing engine: WEBKIT
[ppc-st][iOS - Safari] ◇ injected env (0) from .env // tip: ◈ secrets for agents [www.dotenvx.com]
[ppc-st][iOS - Safari] ◇ injected env (0) from .env // tip: ⌘ custom filepath { path: '/custom/path/.env' }
[ppc-st][iOS - Safari] ◇ injected env (0) from .env // tip: ⌁ auth for agents [www.vestauth.com]
[ppc-st][iOS - Safari] ◇ injected env (0) from .env // tip: ⌁ auth for agents [www.vestauth.com]
[ppc-st][iOS - Safari] ◇ injected env (0) from .env // tip: ⌘ override existing { override: true }
[ppc-st][iOS - Safari] 
🤖 ================================================================
[ppc-st][iOS - Safari] 🤖 MASTER RUNNER: LAUNCHING PPC-ST
[ppc-st][iOS - Safari] 🤖 Mode:            MOBILE
[ppc-st][iOS - Safari] 🤖 Tracking URL:     https://flmtra.com/?a=659&oc=837&c=2210&s1=
[ppc-st][iOS - Safari] 🤖 Target Sheet:    PPC-ST
[ppc-st][iOS - Safari] 🤖 ================================================================
[ppc-st][iOS - Safari] 🔌 [Browser Interceptor] Intercepting and optimizing engine: WEBKIT
[ppc-st][iOS - Safari] 📋 Emulated Device Profile: MOBILE (iPhone 17 Pro Mode) - [iOS - Safari]
[ppc-st][iOS - Safari] ⏳ Delaying 200ms to allow responsive layouts to mount...
[ppc-st][iOS - Safari] 🔄 Processing lead for brand: PPC-ST Mobile
[ppc-st][iOS - Safari] 📊 Campaign execution run index: 42
[ppc-st][iOS - Safari] 🎯 Enforcing dynamic credentials & parameters:
   - First Name:   ckmtestpixel
   - Last Name:    ckmtestpixel
   - Email:        ckmtestpixel@gmail.com
[ppc-st][iOS - Safari]    - Phone Number: 401-247-1042
   - Slider Value: 1,500
   - State Value:  Texas
[ppc-st][iOS - Safari] 🔗 [Mobile] Navigating to: https://flmtra.com/?a=659&oc=837&c=2210&s1=
[ppc-st][iOS - Safari] ✅ [Mobile] Page loaded successfully
[ppc-st][iOS - Safari] 📱 [Mobile] Injecting high-fidelity glossy Natural Titanium iPhone 17 Pro mockup frame...
[ppc-st][iOS - Safari] 📱 [Mobile] Injecting high-fidelity glossy Natural Titanium iPhone 17 Pro mockup frame...
[ppc-st][iOS - Safari] 📝 [Mobile] Starting mobile-specific form filling...
[ppc-st][iOS - Safari] 🔘 [Mobile] Step 1: Selecting Debt Amount (1,500)
[ppc-st][iOS - Safari] ✅ [Mobile] Selected debt amount via regex fallback
[ppc-st][iOS - Safari] 🔘 [Mobile] Clicking fallback button: button:has-text("NEXT"):visible
[ppc-st][iOS - Safari] ✅ [Mobile] Clicked fallback: button:has-text("NEXT"):visible
[ppc-st][iOS - Safari] 📱 [Mobile] Injecting high-fidelity glossy Natural Titanium iPhone 17 Pro mockup frame...
[ppc-st][iOS - Safari] ✅ [Mobile] Reached a recognized terminal step (State or Contact). Stopping dynamic traversal.
[ppc-st][iOS - Safari] 🔘 [Mobile] Step 2: Selecting State
[ppc-st][iOS - Safari] ✅ [Mobile] Selected state dynamically: "Tennessee"
[ppc-st][iOS - Safari] 📝 [Mobile] step3 column set to State: "Tennessee"
[ppc-st][iOS - Safari] 🔘 [Mobile] Clicking active visible button: .next-btn:visible, .next-btn2:visible, .btn-next:visible
[ppc-st][iOS - Safari] ✅ [Mobile] Clicked: .next-btn:visible, .next-btn2:visible, .btn-next:visible
[ppc-st][iOS - Safari] 📱 [Mobile] Injecting high-fidelity glossy Natural Titanium iPhone 17 Pro mockup frame...
[ppc-st][iOS - Safari] 🔘 [Mobile] Step 3: Filling Contact Info (Dynamic Loop)...
[ppc-st][iOS - Safari] 📱 [Mobile] Injecting high-fidelity glossy Natural Titanium iPhone 17 Pro mockup frame...
[ppc-st][iOS - Safari] ✅ [Mobile] Filled First Name: ckmtestpixel
[ppc-st][iOS - Safari] ✅ [Mobile] Filled Last Name: ckmtestpixel
[ppc-st][iOS - Safari] ✅ [Mobile] Filled Email: ckmtestpixel@gmail.com
[ppc-st][iOS - Safari] ✅ [Mobile] Filled Phone: 401-247-1042
[ppc-st][iOS - Safari] 🔘 [Mobile] Clicking active contact NEXT/SUBMIT button...
[ppc-st][iOS - Safari] 📱 [Mobile] Injecting high-fidelity glossy Natural Titanium iPhone 17 Pro mockup frame...
[ppc-st][iOS - Safari] ✅ [Mobile] Filled Phone: 401-247-1042
[ppc-st][iOS - Safari] 🔘 [Mobile] Clicking active contact NEXT/SUBMIT button...
[ppc-st][iOS - Safari] 📱 [Mobile] Injecting high-fidelity glossy Natural Titanium iPhone 17 Pro mockup frame...
[ppc-st][iOS - Safari] 🔘 [Mobile] No active contact NEXT/SUBMIT button visible. Exiting loop.
🔘 [Mobile] Scanning for additional dynamic steps...
[ppc-st][iOS - Safari] 🔘 [Mobile] Submitting form
[ppc-st][iOS - Safari] ⏳ [Mobile] Waiting for submission navigation to complete
[ppc-st][iOS - Safari] [STDERR] ⚠️ [Mobile] Standard submit buttons not found, consulting FLM Agent...
[ppc-st][iOS - Safari] 🤖 [FLM Agent] Analyzing Submit button for global...
[ppc-st][iOS - Safari] ⏳ [Mobile] Waiting for final Thank You page redirection...
[ppc-st][iOS - Safari] ✅ [Mobile] Targeted final redirect URL achieved!
[ppc-st][iOS - Safari] ✅ [Mobile] Final Thank You URL: https://tra.com/thank-you/nn?debt=10000&leadid=632D5925&reqid=26782636&affid=659&oid=133
[ppc-st][iOS - Safari] ✅ [Mobile] Extracted Lead ID: 632D5925
📱 Device Type detected: iOS - Safari
[ppc-st][iOS - Safari] ✅ Lead captured: 632D5925
[ppc-st][iOS - Safari] 📡 Fetching First API data for Lead ID: 632D5925...
[ppc-st][iOS - Safari] 📡 Raw XML Response: {
  "lead_info_response": {
    "$": {
      "xmlns:xsd": "http://www.w3.org/2001/XMLSchema",
      "xmlns:xsi": "http://www.w3.org/2001/XMLSchema-instance",
      "xmlns": "http://cakemarketing.com/api/1/"
    },
    "success": "true",
    "row_count": "1",
    "lead_id": "632D5925",
    "personal_info": {
      "first_name": "CKMTESTPIXEL",
      "last_name": "CKMTESTPIXEL",
      "email_address": "ckmtestpixel@gmail.com",
      "address": {
        "street": "",
        "city": "",
        "state": "TN",
        "zip_code": "37705",
        "country": ""
      },
      "ip_address": "27.54.170.27",
      "phone_work": "",
      "phone_home": "401-247-1042",
      "phone_cell": "",
      "best_call_time": "",
      "opt_in": "false"
    },
    "traffic_info": {
      "lead_date": "2026-05-14T21:41:46.493",
      "payout": {
        "currency_id": "1",
        "amount": "0.0000",
        "formatted_amount": "$0.00"
      },
      "affiliate": {
        "affiliate_id": {
          "_": "659",
          "$": {
            "xmlns": "API:id_name_store"
          }
        },
        "affiliate_name": {
          "_": "QA affiliate",
          "$": {
            "xmlns": "API:id_name_store"
          }
        }
      },
      "campaign": {
        "campaign_id": {
          "_": "4444",
          "$": {
            "xmlns": "API:id_name_store"
          }
        },
        "campaign_name": {
          "_": "TRA.com CPL - PPC ST - CPA - $1.00",
          "$": {
            "xmlns": "API:id_name_store"
          }
        }
      },
      "creative_id": "2210",
      "subid_1": "",
      "subid_2": "",
      "subid_3": "",
      "subid_4": "",
      "subid_5": "",
      "referrer": "",
      "pixel_fired": "true",
      "returned_to_affiliate": "false",
      "test": "true",
      "upsell": "false"
    },
    "all_vertical_data": {
      "data": {
        "$": {
          "xmlns": ""
        },
        "tax_debt": "10000",
        "universal_leadid": "588C0BB4-0B6D-64A4-36E8-794E406A3C24",
        "affid": "659",
        "TCPA_checkbox": "1",
        "reqid": "26782636",
        "page": "https://tra.com/ppc/st",
        "neustar": "pass",
        "neustar_disposition": "N,U,A4,L,0",
        "first_name_lower": "ckmtestpixel",
        "last_name_lower": "ckmtestpixel",
        "opt_special_offers": "on",
        "ckm_campaign_id": "4444"
      }
    },
    "dispositions": "",
    "pings": "",
    "posts": "",
    "sales": ""
  }
}
[ppc-st][iOS - Safari] ✅ First API Data retrieved on attempt 1
[ppc-st][iOS - Safari] 📡 Fetching Second API data for Lead ID: 632D5925...
[ppc-st][iOS - Safari] 📡 Standard Second API Payload: cake_id=632D5925, domain_name=https://www.taxreliefadvocates.com
[ppc-st][iOS - Safari] [STDERR] (node:6728) Warning: Setting the NODE_TLS_REJECT_UNAUTHORIZED environment variable to '0' makes TLS connections and HTTPS requests insecure by disabling certificate verification.
(Use `node --trace-warnings ...` to show where the warning was created)
[ppc-st][iOS - Safari] [STDERR] ❌ Second API Attempt 1 failed: Request failed with status code 404
[ppc-st][iOS - Safari] ⏳ Retrying in 1 second to allow database synchronization...
[ppc-st][iOS - Safari] 📡 Standard Second API Payload: cake_id=632D5925, domain_name=https://www.taxreliefadvocates.com
[ppc-st][iOS - Safari] [STDERR] ❌ Second API Attempt 2 failed: Request failed with status code 404
[ppc-st][iOS - Safari] ⏳ Retrying in 1 second to allow database synchronization...
[ppc-st][iOS - Safari] 📡 Standard Second API Payload: cake_id=632D5925, domain_name=https://www.taxreliefadvocates.com
[ppc-st][iOS - Safari] [STDERR] ❌ Second API Attempt 3 failed: Request failed with status code 404
[ppc-st][iOS - Safari] ⏳ Retrying in 1 second to allow database synchronization...
[ppc-st][iOS - Safari] 📡 Standard Second API Payload: cake_id=632D5925, domain_name=https://www.taxreliefadvocates.com
[ppc-st][iOS - Safari] [STDERR] ❌ Second API Attempt 4 failed: Request failed with status code 404
[ppc-st][iOS - Safari] ⏳ Retrying in 1 second to allow database synchronization...
[ppc-st][iOS - Safari] 📡 Standard Second API Payload: cake_id=632D5925, domain_name=https://www.taxreliefadvocates.com
[ppc-st][iOS - Safari] [STDERR] ❌ Second API Attempt 5 failed: Request failed with status code 404
[ppc-st][iOS - Safari] 📡 [Rest-Assurance] Verifying Lead ID: 632D5925 via Backend...
[ppc-st][iOS - Safari] 🛡️  [Rest-Assurance] VERIFIED (Backend Debt: 10000)
[ppc-st][iOS - Safari] ✅ Row appended successfully to sheet: PPC-ST
[ppc-st][iOS - Safari] ⚠️  Non-fatal formatting error for PPC-ST (Banding might already exist): Invalid requests[2].addBanding: You cannot add alternating background colors to a range that already has alternating background colors.
[ppc-st][iOS - Safari] ✅ Lead processed successfully for PPC-ST Mobile
[ppc-st][iOS - Safari] 🎥 Video saved successfully: traces/videos/PPC-ST_PPC-ST_Mobile.webm
[ppc-st][iOS - Safari] 
✅ Execution successfully processed! { success: true, leadId: '632D5925', brand: 'PPC-ST Mobile' }
[ppc-st][iOS - Safari] [STDERR] ❌ Automation Run encountered a fatal exception: tracing.stop: Target page, context or browser has been closed
✅ [15/5/2026, 10:13:12 am] COMPLETED: ppc-st [iOS - Safari][WEBKIT]

================================================================
🚀 [15/5/2026, 10:13:12 am] RUNNING: PPC-ST [TABLET - SAFARI]
🔗 Target URL: https://flmtra.com/?a=659&oc=837&c=2210&s1=
================================================================
[ppc-st][Tablet - Safari] 🔌 [Browser Interceptor] Intercepting and optimizing engine: WEBKIT
[ppc-st][Tablet - Safari] ◇ injected env (0) from .env // tip: ⌘ override existing { override: true }
[ppc-st][Tablet - Safari] ◇ injected env (0) from .env // tip: ⌘ enable debugging { debug: true }
[ppc-st][Tablet - Safari] ◇ injected env (0) from .env // tip: ⌘ multiple files { path: ['.env.local', '.env'] }
[ppc-st][Tablet - Safari] ◇ injected env (0) from .env // tip: ⌘ multiple files { path: ['.env.local', '.env'] }
[ppc-st][Tablet - Safari] ◇ injected env (0) from .env // tip: ◈ secrets for agents [www.dotenvx.com]
[ppc-st][Tablet - Safari] 
🤖 ================================================================
🤖 MASTER RUNNER: LAUNCHING PPC-ST
[ppc-st][Tablet - Safari] 🤖 Mode:            TABLET
[ppc-st][Tablet - Safari] 🤖 Tracking URL:     https://flmtra.com/?a=659&oc=837&c=2210&s1=
[ppc-st][Tablet - Safari] 🤖 Target Sheet:    PPC-ST
🤖 ================================================================
[ppc-st][Tablet - Safari] 🔌 [Browser Interceptor] Intercepting and optimizing engine: WEBKIT
[ppc-st][Tablet - Safari] 📋 Emulated Device Profile: TABLET (iPad Pro 11) - [Tablet - Safari]
[ppc-st][Tablet - Safari] ⏳ Delaying 200ms to allow responsive layouts to mount...
[ppc-st][Tablet - Safari] 🔄 Processing lead for brand: PPC-ST Tablet
[ppc-st][Tablet - Safari] 📊 Campaign execution run index: 45
[ppc-st][Tablet - Safari] 🎯 Enforcing dynamic credentials & parameters:
   - First Name:   ckmtestpixel
[ppc-st][Tablet - Safari]    - Last Name:    ckmtestpixel
   - Email:        ckmtestpixel@gmail.com
   - Phone Number: 401-247-1045
   - Slider Value: 13,681
   - State Value:  Virginia
[ppc-st][Tablet - Safari] 🔗 [Mobile] Navigating to: https://flmtra.com/?a=659&oc=837&c=2210&s1=
[ppc-st][Tablet - Safari] ✅ [Mobile] Page loaded successfully
[ppc-st][Tablet - Safari] 💻 [Tablet] Injecting high-fidelity glossy iPad Pro mockup frame...
[ppc-st][Tablet - Safari] 💻 [Tablet] Injecting high-fidelity glossy iPad Pro mockup frame...
[ppc-st][Tablet - Safari] 📝 [Mobile] Starting mobile-specific form filling...
[ppc-st][Tablet - Safari] 🔘 [Mobile] Step 1: Selecting Debt Amount (13,681)
[ppc-st][Tablet - Safari] 🔘 [Mobile] Clicking active visible button: .next-btn1:visible, .btn-next:visible
[ppc-st][Tablet - Safari] ✅ [Mobile] Clicked: .next-btn1:visible, .btn-next:visible
[ppc-st][Tablet - Safari] 💻 [Tablet] Injecting high-fidelity glossy iPad Pro mockup frame...
[ppc-st][Tablet - Safari] ✅ [Mobile] Reached a recognized terminal step (State or Contact). Stopping dynamic traversal.
[ppc-st][Tablet - Safari] 🔘 [Mobile] Step 2: Selecting State
[ppc-st][Tablet - Safari] ✅ [Mobile] Selected state dynamically: "Vermont"
📝 [Mobile] step3 column set to State: "Vermont"
[ppc-st][Tablet - Safari] 🔘 [Mobile] Clicking active visible button: .next-btn:visible, .next-btn2:visible, .btn-next:visible
[ppc-st][Tablet - Safari] ✅ [Mobile] Clicked: .next-btn:visible, .next-btn2:visible, .btn-next:visible
[ppc-st][Tablet - Safari] 💻 [Tablet] Injecting high-fidelity glossy iPad Pro mockup frame...
[ppc-st][Tablet - Safari] 🔘 [Mobile] Step 3: Filling Contact Info (Dynamic Loop)...
[ppc-st][Tablet - Safari] 💻 [Tablet] Injecting high-fidelity glossy iPad Pro mockup frame...
[ppc-st][Tablet - Safari] ✅ [Mobile] Filled First Name: ckmtestpixel
[ppc-st][Tablet - Safari] ✅ [Mobile] Filled Last Name: ckmtestpixel
[ppc-st][Tablet - Safari] ✅ [Mobile] Filled Email: ckmtestpixel@gmail.com
[ppc-st][Tablet - Safari] ✅ [Mobile] Filled Phone: 401-247-1045
[ppc-st][Tablet - Safari] 🔘 [Mobile] Clicking active contact NEXT/SUBMIT button...
[ppc-st][Tablet - Safari] 💻 [Tablet] Injecting high-fidelity glossy iPad Pro mockup frame...
[ppc-st][Tablet - Safari] ✅ [Mobile] Filled Phone: 401-247-1045
[ppc-st][Tablet - Safari] 🔘 [Mobile] No active contact NEXT/SUBMIT button visible. Exiting loop.
🔘 [Mobile] Scanning for additional dynamic steps...
[ppc-st][Tablet - Safari] 🔘 [Mobile] Submitting form
[ppc-st][Tablet - Safari] ⏳ [Mobile] Waiting for submission navigation to complete
[ppc-st][Tablet - Safari] [STDERR] ⚠️ [Mobile] Standard submit buttons not found, consulting FLM Agent...
[ppc-st][Tablet - Safari] 🤖 [FLM Agent] Analyzing Submit button for global...
[ppc-st][Tablet - Safari] ⏳ [Mobile] Waiting for final Thank You page redirection...
[ppc-st][Tablet - Safari] ✅ [Mobile] Targeted final redirect URL achieved!
[ppc-st][Tablet - Safari] ✅ [Mobile] Final Thank You URL: https://tra.com/thank-you/nn?debt=10000&leadid=5BBF2754&reqid=26782641&affid=659&oid=133
[ppc-st][Tablet - Safari] ✅ [Mobile] Extracted Lead ID: 5BBF2754
[ppc-st][Tablet - Safari] 📱 Device Type detected: Tablet - Safari
✅ Lead captured: 5BBF2754
[ppc-st][Tablet - Safari] 📡 Fetching First API data for Lead ID: 5BBF2754...
[ppc-st][Tablet - Safari] 📡 Raw XML Response: {
  "lead_info_response": {
    "$": {
      "xmlns:xsd": "http://www.w3.org/2001/XMLSchema",
      "xmlns:xsi": "http://www.w3.org/2001/XMLSchema-instance",
      "xmlns": "http://cakemarketing.com/api/1/"
    },
    "success": "true",
    "row_count": "1",
    "lead_id": "5BBF2754",
    "personal_info": {
      "first_name": "CKMTESTPIXEL",
      "last_name": "CKMTESTPIXEL",
      "email_address": "ckmtestpixel@gmail.com",
      "address": {
        "street": "",
        "city": "",
        "state": "VT",
        "zip_code": "05363",
        "country": ""
      },
      "ip_address": "27.54.170.27",
      "phone_work": "",
      "phone_home": "401-247-1045",
      "phone_cell": "",
      "best_call_time": "",
      "opt_in": "false"
    },
    "traffic_info": {
      "lead_date": "2026-05-14T21:43:35.387",
      "payout": {
        "currency_id": "1",
        "amount": "0.0000",
        "formatted_amount": "$0.00"
      },
      "affiliate": {
        "affiliate_id": {
          "_": "659",
          "$": {
            "xmlns": "API:id_name_store"
          }
        },
        "affiliate_name": {
          "_": "QA affiliate",
          "$": {
            "xmlns": "API:id_name_store"
          }
        }
      },
      "campaign": {
        "campaign_id": {
          "_": "4444",
          "$": {
            "xmlns": "API:id_name_store"
          }
        },
        "campaign_name": {
          "_": "TRA.com CPL - PPC ST - CPA - $1.00",
          "$": {
            "xmlns": "API:id_name_store"
          }
        }
      },
      "creative_id": "2210",
      "subid_1": "",
      "subid_2": "",
      "subid_3": "",
      "subid_4": "",
      "subid_5": "",
      "referrer": "",
      "pixel_fired": "true",
      "returned_to_affiliate": "false",
      "test": "true",
      "upsell": "false"
    },
    "all_vertical_data": {
      "data": {
        "$": {
          "xmlns": ""
        },
        "tax_debt": "10000",
        "universal_leadid": "64F77EFB-CE3C-8D91-89DC-05D4E2586ED5",
        "affid": "659",
        "TCPA_checkbox": "1",
        "reqid": "26782641",
        "page": "https://tra.com/ppc/st",
        "neustar": "fail",
        "neustar_disposition": "N,U,I1,L,0",
        "first_name_lower": "ckmtestpixel",
        "last_name_lower": "ckmtestpixel",
        "opt_special_offers": "on",
        "ckm_campaign_id": "4444"
      }
    },
    "dispositions": {
      "disposition": {
        "disposition_type": "Sent to Review Queue",
        "reason": "neustar: This value is not valid",
        "filter": "Equals Value"
      }
    },
    "pings": "",
    "posts": "",
    "sales": ""
  }
}
[ppc-st][Tablet - Safari] ✅ First API Data retrieved on attempt 1
[ppc-st][Tablet - Safari] 📡 Fetching Second API data for Lead ID: 5BBF2754...
[ppc-st][Tablet - Safari] 📡 Standard Second API Payload: cake_id=5BBF2754, domain_name=https://www.taxreliefadvocates.com
[ppc-st][Tablet - Safari] [STDERR] (node:8660) Warning: Setting the NODE_TLS_REJECT_UNAUTHORIZED environment variable to '0' makes TLS connections and HTTPS requests insecure by disabling certificate verification.
(Use `node --trace-warnings ...` to show where the warning was created)
[ppc-st][Tablet - Safari] [STDERR] ❌ Second API Attempt 1 failed: Request failed with status code 404
[ppc-st][Tablet - Safari] ⏳ Retrying in 1 second to allow database synchronization...
[ppc-st][Tablet - Safari] 📡 Standard Second API Payload: cake_id=5BBF2754, domain_name=https://www.taxreliefadvocates.com
[ppc-st][Tablet - Safari] [STDERR] ❌ Second API Attempt 2 failed: Request failed with status code 404
[ppc-st][Tablet - Safari] ⏳ Retrying in 1 second to allow database synchronization...
[ppc-st][Tablet - Safari] 📡 Standard Second API Payload: cake_id=5BBF2754, domain_name=https://www.taxreliefadvocates.com
[ppc-st][Tablet - Safari] [STDERR] ❌ Second API Attempt 3 failed: Request failed with status code 404
[ppc-st][Tablet - Safari] ⏳ Retrying in 1 second to allow database synchronization...
[ppc-st][Tablet - Safari] 📡 Standard Second API Payload: cake_id=5BBF2754, domain_name=https://www.taxreliefadvocates.com
[ppc-st][Tablet - Safari] [STDERR] ❌ Second API Attempt 4 failed: Request failed with status code 404
[ppc-st][Tablet - Safari] ⏳ Retrying in 1 second to allow database synchronization...
[ppc-st][Tablet - Safari] 📡 Standard Second API Payload: cake_id=5BBF2754, domain_name=https://www.taxreliefadvocates.com
[ppc-st][Tablet - Safari] [STDERR] ❌ Second API Attempt 5 failed: Request failed with status code 404
[ppc-st][Tablet - Safari] 📡 [Rest-Assurance] Verifying Lead ID: 5BBF2754 via Backend...
[ppc-st][Tablet - Safari] 🛡️  [Rest-Assurance] VERIFIED (Backend Debt: 10000)
[ppc-st][Tablet - Safari] ✅ Row appended successfully to sheet: PPC-ST
[ppc-st][Tablet - Safari] ⚠️  Non-fatal formatting error for PPC-ST (Banding might already exist): Invalid requests[2].addBanding: You cannot add alternating background colors to a range that already has alternating background colors.
✅ Lead processed successfully for PPC-ST Tablet
[ppc-st][Tablet - Safari] 🎥 Video saved successfully: traces/videos/PPC-ST_PPC-ST_Tablet.webm
[ppc-st][Tablet - Safari] 
✅ Execution successfully processed! { success: true, leadId: '5BBF2754', brand: 'PPC-ST Tablet' }
[ppc-st][Tablet - Safari] [STDERR] ❌ Automation Run encountered a fatal exception: tracing.stop: Target page, context or browser has been closed
✅ [15/5/2026, 10:14:11 am] COMPLETED: ppc-st [Tablet - Safari][WEBKIT]

================================================================
🚀 [15/5/2026, 10:14:11 am] RUNNING: PPC-ST [TABLET - CHROME]
🔗 Target URL: https://flmtra.com/?a=659&oc=837&c=2210&s1=
================================================================
[ppc-st][Tablet - Chrome] 🔌 [Browser Interceptor] Intercepting and optimizing engine: CHROMIUM
[ppc-st][Tablet - Chrome] ◇ injected env (0) from .env // tip: ◈ encrypted .env [www.dotenvx.com]
[ppc-st][Tablet - Chrome] ◇ injected env (0) from .env // tip: ⌘ suppress logs { quiet: true }
[ppc-st][Tablet - Chrome] ◇ injected env (0) from .env // tip: ⌘ custom filepath { path: '/custom/path/.env' }
[ppc-st][Tablet - Chrome] ◇ injected env (0) from .env // tip: ⌁ auth for agents [www.vestauth.com]
[ppc-st][Tablet - Chrome] ◇ injected env (0) from .env // tip: ⌘ custom filepath { path: '/custom/path/.env' }
[ppc-st][Tablet - Chrome] 
🤖 ================================================================
🤖 MASTER RUNNER: LAUNCHING PPC-ST
[ppc-st][Tablet - Chrome] 🤖 Mode:            TABLET
🤖 Tracking URL:     https://flmtra.com/?a=659&oc=837&c=2210&s1=
[ppc-st][Tablet - Chrome] 🤖 Target Sheet:    PPC-ST
🤖 ================================================================
[ppc-st][Tablet - Chrome] 🔌 [Browser Interceptor] Intercepting and optimizing engine: CHROMIUM
[ppc-st][Tablet - Chrome] 📋 Emulated Device Profile: TABLET (iPad Pro 11) - [Tablet - Chrome]
[ppc-st][Tablet - Chrome] ⏳ Delaying 200ms to allow responsive layouts to mount...
[ppc-st][Tablet - Chrome] 🔄 Processing lead for brand: PPC-ST Tablet
[ppc-st][Tablet - Chrome] 📊 Campaign execution run index: 47
[ppc-st][Tablet - Chrome] 🎯 Enforcing dynamic credentials & parameters:
   - First Name:   ckmtestpixel
[ppc-st][Tablet - Chrome]    - Last Name:    ckmtestpixel
   - Email:        ckmtestpixel@gmail.com
   - Phone Number: 401-247-1047
   - Slider Value: 99,124
   - State Value:  West Virginia
[ppc-st][Tablet - Chrome] 🔗 [Mobile] Navigating to: https://flmtra.com/?a=659&oc=837&c=2210&s1=
[ppc-st][Tablet - Chrome] ✅ [Mobile] Page loaded successfully
[ppc-st][Tablet - Chrome] 💻 [Tablet] Injecting high-fidelity glossy iPad Pro mockup frame...
[ppc-st][Tablet - Chrome] 💻 [Tablet] Injecting high-fidelity glossy iPad Pro mockup frame...
[ppc-st][Tablet - Chrome] 📝 [Mobile] Starting mobile-specific form filling...
[ppc-st][Tablet - Chrome] 🔘 [Mobile] Step 1: Selecting Debt Amount (99,124)
[ppc-st][Tablet - Chrome] 🔘 [Mobile] Clicking active visible button: .next-btn1:visible, .btn-next:visible
[ppc-st][Tablet - Chrome] ✅ [Mobile] Clicked: .next-btn1:visible, .btn-next:visible
[ppc-st][Tablet - Chrome] 💻 [Tablet] Injecting high-fidelity glossy iPad Pro mockup frame...
[ppc-st][Tablet - Chrome] ✅ [Mobile] Reached a recognized terminal step (State or Contact). Stopping dynamic traversal.
[ppc-st][Tablet - Chrome] 🔘 [Mobile] Step 2: Selecting State
[ppc-st][Tablet - Chrome] ✅ [Mobile] Selected state dynamically: "Washington"
📝 [Mobile] step3 column set to State: "Washington"
[ppc-st][Tablet - Chrome] 🔘 [Mobile] Clicking active visible button: .next-btn:visible, .next-btn2:visible, .btn-next:visible
[ppc-st][Tablet - Chrome] ✅ [Mobile] Clicked: .next-btn:visible, .next-btn2:visible, .btn-next:visible
[ppc-st][Tablet - Chrome] 💻 [Tablet] Injecting high-fidelity glossy iPad Pro mockup frame...
[ppc-st][Tablet - Chrome] 🔘 [Mobile] Step 3: Filling Contact Info (Dynamic Loop)...
[ppc-st][Tablet - Chrome] 💻 [Tablet] Injecting high-fidelity glossy iPad Pro mockup frame...
[ppc-st][Tablet - Chrome] ✅ [Mobile] Filled First Name: ckmtestpixel
[ppc-st][Tablet - Chrome] ✅ [Mobile] Filled Last Name: ckmtestpixel
[ppc-st][Tablet - Chrome] ✅ [Mobile] Filled Email: ckmtestpixel@gmail.com
[ppc-st][Tablet - Chrome] ✅ [Mobile] Filled Phone: 401-247-1047
[ppc-st][Tablet - Chrome] 🔘 [Mobile] Clicking active contact NEXT/SUBMIT button...
[ppc-st][Tablet - Chrome] 💻 [Tablet] Injecting high-fidelity glossy iPad Pro mockup frame...
[ppc-st][Tablet - Chrome] ✅ [Mobile] Filled Phone: 401-247-1047
[ppc-st][Tablet - Chrome] 🔘 [Mobile] No active contact NEXT/SUBMIT button visible. Exiting loop.
🔘 [Mobile] Scanning for additional dynamic steps...
[ppc-st][Tablet - Chrome] 🔘 [Mobile] Submitting form
[ppc-st][Tablet - Chrome] ⏳ [Mobile] Waiting for submission navigation to complete
[ppc-st][Tablet - Chrome] [STDERR] ⚠️ [Mobile] Standard submit buttons not found, consulting FLM Agent...
[ppc-st][Tablet - Chrome] 🤖 [FLM Agent] Analyzing Submit button for global...
[ppc-st][Tablet - Chrome] ⏳ [Mobile] Waiting for final Thank You page redirection...
[ppc-st][Tablet - Chrome] ✅ [Mobile] Targeted final redirect URL achieved!
[ppc-st][Tablet - Chrome] ✅ [Mobile] Final Thank You URL: https://tra.com/thank-you/nn?debt=10000&leadid=C8223ECF&reqid=26782643&affid=659&oid=133
[ppc-st][Tablet - Chrome] ✅ [Mobile] Extracted Lead ID: C8223ECF
[ppc-st][Tablet - Chrome] 📱 Device Type detected: Tablet - Chrome
✅ Lead captured: C8223ECF
[ppc-st][Tablet - Chrome] 📡 Fetching First API data for Lead ID: C8223ECF...
[ppc-st][Tablet - Chrome] 📡 Raw XML Response: {
  "lead_info_response": {
    "$": {
      "xmlns:xsd": "http://www.w3.org/2001/XMLSchema",
      "xmlns:xsi": "http://www.w3.org/2001/XMLSchema-instance",
      "xmlns": "http://cakemarketing.com/api/1/"
    },
    "success": "true",
    "row_count": "1",
    "lead_id": "C8223ECF",
    "personal_info": {
      "first_name": "CKMTESTPIXEL",
      "last_name": "CKMTESTPIXEL",
      "email_address": "ckmtestpixel@gmail.com",
      "address": {
        "street": "",
        "city": "",
        "state": "WA",
        "zip_code": "98639",
        "country": ""
      },
      "ip_address": "27.54.170.27",
      "phone_work": "",
      "phone_home": "401-247-1047",
      "phone_cell": "",
      "best_call_time": "",
      "opt_in": "false"
    },
    "traffic_info": {
      "lead_date": "2026-05-14T21:44:32.447",
      "payout": {
        "currency_id": "1",
        "amount": "0.0000",
        "formatted_amount": "$0.00"
      },
      "affiliate": {
        "affiliate_id": {
          "_": "659",
          "$": {
            "xmlns": "API:id_name_store"
          }
        },
        "affiliate_name": {
          "_": "QA affiliate",
          "$": {
            "xmlns": "API:id_name_store"
          }
        }
      },
      "campaign": {
        "campaign_id": {
          "_": "4444",
          "$": {
            "xmlns": "API:id_name_store"
          }
        },
        "campaign_name": {
          "_": "TRA.com CPL - PPC ST - CPA - $1.00",
          "$": {
            "xmlns": "API:id_name_store"
          }
        }
      },
      "creative_id": "2210",
      "subid_1": "",
      "subid_2": "",
      "subid_3": "",
      "subid_4": "",
      "subid_5": "",
      "referrer": "",
      "pixel_fired": "true",
      "returned_to_affiliate": "false",
      "test": "true",
      "upsell": "false"
    },
    "all_vertical_data": {
      "data": {
        "$": {
          "xmlns": ""
        },
        "tax_debt": "10000",
        "universal_leadid": "580A5D41-D96A-59D1-E9A2-04BC4B2DA008",
        "affid": "659",
        "TCPA_checkbox": "1",
        "reqid": "26782643",
        "page": "https://tra.com/ppc/st",
        "neustar": "fail",
        "neustar_disposition": "N,U,I3,L,0",
        "first_name_lower": "ckmtestpixel",
        "last_name_lower": "ckmtestpixel",
        "opt_special_offers": "on",
        "ckm_campaign_id": "4444"
      }
    },
    "dispositions": {
      "disposition": {
        "disposition_type": "Sent to Review Queue",
        "reason": "neustar: This value is not valid",
        "filter": "Equals Value"
      }
    },
    "pings": "",
    "posts": "",
    "sales": ""
  }
}
✅ First API Data retrieved on attempt 1
[ppc-st][Tablet - Chrome] 📡 Fetching Second API data for Lead ID: C8223ECF...
[ppc-st][Tablet - Chrome] 📡 Standard Second API Payload: cake_id=C8223ECF, domain_name=https://www.taxreliefadvocates.com
[ppc-st][Tablet - Chrome] [STDERR] (node:11244) Warning: Setting the NODE_TLS_REJECT_UNAUTHORIZED environment variable to '0' makes TLS connections and HTTPS requests insecure by disabling certificate verification.
(Use `node --trace-warnings ...` to show where the warning was created)
[ppc-st][Tablet - Chrome] [STDERR] ❌ Second API Attempt 1 failed: Request failed with status code 404
[ppc-st][Tablet - Chrome] ⏳ Retrying in 1 second to allow database synchronization...
[ppc-st][Tablet - Chrome] 📡 Standard Second API Payload: cake_id=C8223ECF, domain_name=https://www.taxreliefadvocates.com
[ppc-st][Tablet - Chrome] [STDERR] ❌ Second API Attempt 2 failed: Request failed with status code 404
[ppc-st][Tablet - Chrome] ⏳ Retrying in 1 second to allow database synchronization...
[ppc-st][Tablet - Chrome] 📡 Standard Second API Payload: cake_id=C8223ECF, domain_name=https://www.taxreliefadvocates.com
[ppc-st][Tablet - Chrome] [STDERR] ❌ Second API Attempt 3 failed: Request failed with status code 404
[ppc-st][Tablet - Chrome] ⏳ Retrying in 1 second to allow database synchronization...
[ppc-st][Tablet - Chrome] 📡 Standard Second API Payload: cake_id=C8223ECF, domain_name=https://www.taxreliefadvocates.com
[ppc-st][Tablet - Chrome] [STDERR] ❌ Second API Attempt 4 failed: Request failed with status code 404
[ppc-st][Tablet - Chrome] ⏳ Retrying in 1 second to allow database synchronization...
[ppc-st][Tablet - Chrome] 📡 Standard Second API Payload: cake_id=C8223ECF, domain_name=https://www.taxreliefadvocates.com
[ppc-st][Tablet - Chrome] [STDERR] ❌ Second API Attempt 5 failed: Request failed with status code 404
[ppc-st][Tablet - Chrome] 📡 [Rest-Assurance] Verifying Lead ID: C8223ECF via Backend...
[ppc-st][Tablet - Chrome] 🛡️  [Rest-Assurance] VERIFIED (Backend Debt: 10000)
[ppc-st][Tablet - Chrome] ✅ Row appended successfully to sheet: PPC-ST
[ppc-st][Tablet - Chrome] ⚠️  Non-fatal formatting error for PPC-ST (Banding might already exist): Invalid requests[2].addBanding: You cannot add alternating background colors to a range that already has alternating background colors.
✅ Lead processed successfully for PPC-ST Tablet
[ppc-st][Tablet - Chrome] 🎥 Video saved successfully: traces/videos/PPC-ST_PPC-ST_Tablet.webm
[ppc-st][Tablet - Chrome] 
✅ Execution successfully processed! { success: true, leadId: 'C8223ECF', brand: 'PPC-ST Tablet' }
[ppc-st][Tablet - Chrome] [STDERR] ❌ Automation Run encountered a fatal exception: tracing.stop: Target page, context or browser has been closed
✅ [15/5/2026, 10:15:09 am] COMPLETED: ppc-st [Tablet - Chrome][CHROMIUM]

================================================================
🚀 [15/5/2026, 10:15:09 am] RUNNING: PPC-ST [WINDOWS - CHROME]
🔗 Target URL: https://flmtra.com/?a=659&oc=837&c=2210&s1=
================================================================
[ppc-st][Windows - Chrome] 🔌 [Browser Interceptor] Intercepting and optimizing engine: CHROMIUM
[ppc-st][Windows - Chrome] ◇ injected env (0) from .env // tip: ⌁ auth for agents [www.vestauth.com]
[ppc-st][Windows - Chrome] ◇ injected env (0) from .env // tip: ⌘ multiple files { path: ['.env.local', '.env'] }
[ppc-st][Windows - Chrome] ◇ injected env (0) from .env // tip: ⌘ multiple files { path: ['.env.local', '.env'] }
[ppc-st][Windows - Chrome] ◇ injected env (0) from .env // tip: ⌘ enable debugging { debug: true }
[ppc-st][Windows - Chrome] ◇ injected env (0) from .env // tip: ⌘ override existing { override: true }
[ppc-st][Windows - Chrome] 
🤖 ================================================================
[ppc-st][Windows - Chrome] 🤖 MASTER RUNNER: LAUNCHING PPC-ST
[ppc-st][Windows - Chrome] 🤖 Mode:            DESKTOP
[ppc-st][Windows - Chrome] 🤖 Tracking URL:     https://flmtra.com/?a=659&oc=837&c=2210&s1=
[ppc-st][Windows - Chrome] 🤖 Target Sheet:    PPC-ST
[ppc-st][Windows - Chrome] 🤖 ================================================================
[ppc-st][Windows - Chrome] 🔌 [Browser Interceptor] Intercepting and optimizing engine: CHROMIUM
[ppc-st][Windows - Chrome] 💻 Emulated Device Profile: DESKTOP - [Windows - Chrome]
[ppc-st][Windows - Chrome] 🔄 Processing lead for brand: PPC-ST
[ppc-st][Windows - Chrome] 📊 Campaign execution run index: 49
[ppc-st][Windows - Chrome] 🎯 Enforcing dynamic credentials & parameters:
   - First Name:   ckmtestpixel
[ppc-st][Windows - Chrome]    - Last Name:    ckmtestpixel
   - Email:        ckmtestpixel@gmail.com
   - Phone Number: 401-247-1049
   - Slider Value: 1,649
   - State Value:  Wyoming
[ppc-st][Windows - Chrome] 🔗 Navigating to: https://flmtra.com/?a=659&oc=837&c=2210&s1=
[ppc-st][Windows - Chrome] ✅ Page loaded successfully
[ppc-st][Windows - Chrome] 📝 Starting multi-step form filling process...
[ppc-st][Windows - Chrome] 🔘 Step 1: Handling Debt Amount (1,649)
[ppc-st][Windows - Chrome] ✅ Selected debt amount via regex fallback
[ppc-st][Windows - Chrome] 🔘 Attempting to click .next-btn1, .btn-next
[ppc-st][Windows - Chrome] ✅ Clicked .next-btn1, .btn-next
[ppc-st][Windows - Chrome] ✅ Reached a recognized terminal step (State or Contact). Stopping dynamic traversal.
[ppc-st][Windows - Chrome] 🔘 Step: Selecting State
[ppc-st][Windows - Chrome] ✅ Selected state dynamically: "Wisconsin"
📝 step3 column set to State: "Wisconsin"
[ppc-st][Windows - Chrome] 🔘 Clicking generic NEXT button
[ppc-st][Windows - Chrome] ✅ Clicked generic NEXT button
[ppc-st][Windows - Chrome] 🔘 Filling Contact Info (Dynamic Loop)...
[ppc-st][Windows - Chrome] ✅ Filled First Name: ckmtestpixel
[ppc-st][Windows - Chrome] ✅ Filled Last Name: ckmtestpixel
[ppc-st][Windows - Chrome] ✅ Filled Email: ckmtestpixel@gmail.com
[ppc-st][Windows - Chrome] ✅ Filled Phone: 401-247-1049
[ppc-st][Windows - Chrome] 🔘 Clicking active contact NEXT/SUBMIT button...
[ppc-st][Windows - Chrome] [STDERR] ❌ Error during form filling: locator.click: Timeout 25000ms exceeded.
Call log:
[2m  - waiting for locator('#primary_phone:visible, #phone:visible, #phone_home:visible, input[name="phone"]:visible, input[name="phone_home"]:visible, input[name="primary_phone"]:visible, input[type="tel"]:visible').first()[22m
[2m    - locator resolved to <input type="tel" tabindex="0" id="primary_phone" placeholder="Phone" name="primary_phone" aria-invalid="false" class="form-control valid" data-gtm-form-interact-field-id="4"/>[22m
[2m  - attempting click action[22m
[2m    2 × waiting for element to be visible, enabled and stable[22m
[2m      - element is visible, enabled and stable[22m
[2m      - scrolling into view if needed[22m
[2m      - done scrolling[22m
[2m      - <div class="loader">Loading…</div> intercepts pointer events[22m
[2m    - retrying click action[22m
[2m    - waiting 20ms[22m
[2m    2 × waiting for element to be visible, enabled and stable[22m
[2m      - element is visible, enabled and stable[22m
[2m      - scrolling into view if needed[22m
[2m      - done scrolling[22m
[2m      - <div class="loader">Loading…</div> intercepts pointer events[22m
[2m    - retrying click action[22m
[2m      - waiting 100ms[22m
[2m    3 × waiting for element to be visible, enabled and stable[22m
[2m      - element is visible, enabled and stable[22m
[2m      - scrolling into view if needed[22m
[2m      - done scrolling[22m
[2m      - <div class="loader">Loading…</div> intercepts pointer events[22m
[2m    - retrying click action[22m
[2m      - waiting 500ms[22m
[2m    - waiting for" https://tra.com/thank-you/nn?debt=10000&leadid=D530BE3F&reqid=26782645&affid=659&oid=133" navigation to finish...[22m
[2m    - navigated to "https://tra.com/thank-you/nn?debt=10000&leadid=D530BE3F&reqid=26782645&affid=659&oid=133"[22m
[2m    - waiting for element to be visible, enabled and stable[22m
[2m  - element was detached from the DOM, retrying[22m

[ppc-st][Windows - Chrome] [STDERR] ❌ Failed processing PPC-ST: locator.click: Timeout 25000ms exceeded.
Call log:
[2m  - waiting for locator('#primary_phone:visible, #phone:visible, #phone_home:visible, input[name="phone"]:visible, input[name="phone_home"]:visible, input[name="primary_phone"]:visible, input[type="tel"]:visible').first()[22m
[2m    - locator resolved to <input type="tel" tabindex="0" id="primary_phone" placeholder="Phone" name="primary_phone" aria-invalid="false" class="form-control valid" data-gtm-form-interact-field-id="4"/>[22m
[2m  - attempting click action[22m
[2m    2 × waiting for element to be visible, enabled and stable[22m
[2m      - element is visible, enabled and stable[22m
[2m      - scrolling into view if needed[22m
[2m      - done scrolling[22m
[2m      - <div class="loader">Loading…</div> intercepts pointer events[22m
[2m    - retrying click action[22m
[2m    - waiting 20ms[22m
[2m    2 × waiting for element to be visible, enabled and stable[22m
[2m      - element is visible, enabled and stable[22m
[2m      - scrolling into view if needed[22m
[2m      - done scrolling[22m
[2m      - <div class="loader">Loading…</div> intercepts pointer events[22m
[2m    - retrying click action[22m
[2m      - waiting 100ms[22m
[2m    3 × waiting for element to be visible, enabled and stable[22m
[2m      - element is visible, enabled and stable[22m
[2m      - scrolling into view if needed[22m
[2m      - done scrolling[22m
[2m      - <div class="loader">Loading…</div> intercepts pointer events[22m
[2m    - retrying click action[22m
[2m      - waiting 500ms[22m
[2m    - waiting for" https://tra.com/thank-you/nn?debt=10000&leadid=D530BE3F&reqid=26782645&affid=659&oid=133" navigation to finish...[22m
[2m    - navigated to "https://tra.com/thank-you/nn?debt=10000&leadid=D530BE3F&reqid=26782645&affid=659&oid=133"[22m
[2m    - waiting for element to be visible, enabled and stable[22m
[2m  - element was detached from the DOM, retrying[22m

[ppc-st][Windows - Chrome] 
✅ Execution successfully processed! {
  success: false,
  error: 'locator.click: Timeout 25000ms exceeded.\n' +
    'Call log:\n' +
    `\x1B[2m  - waiting for locator('#primary_phone:visible, #phone:visible, #phone_home:visible, input[name="phone"]:visible, input[name="phone_home"]:visible, input[name="primary_phone"]:visible, input[type="tel"]:visible').first()\x1B[22m\n` +
    '\x1B[2m    - locator resolved to <input type="tel" tabindex="0" id="primary_phone" placeholder="Phone" name="primary_phone" aria-invalid="false" class="form-control valid" data-gtm-form-interact-field-id="4"/>\x1B[22m\n' +
    '\x1B[2m  - attempting click action\x1B[22m\n' +
    '\x1B[2m    2 × waiting for element to be visible, enabled and stable\x1B[22m\n' +
    '\x1B[2m      - element is visible, enabled and stable\x1B[22m\n' +
    '\x1B[2m      - scrolling into view if needed\x1B[22m\n' +
    '\x1B[2m      - done scrolling\x1B[22m\n' +
    '\x1B[2m      - <div class="loader">Loading…</div> intercepts pointer events\x1B[22m\n' +
    '\x1B[2m    - retrying click action\x1B[22m\n' +
    '\x1B[2m    - waiting 20ms\x1B[22m\n' +
    '\x1B[2m    2 × waiting for element to be visible, enabled and stable\x1B[22m\n' +
    '\x1B[2m      - element is visible, enabled and stable\x1B[22m\n' +
    '\x1B[2m      - scrolling into view if needed\x1B[22m\n' +
    '\x1B[2m      - done scrolling\x1B[22m\n' +
    '\x1B[2m      - <div class="loader">Loading…</div> intercepts pointer events\x1B[22m\n' +
    '\x1B[2m    - retrying click action\x1B[22m\n' +
    '\x1B[2m      - waiting 100ms\x1B[22m\n' +
    '\x1B[2m    3 × waiting for element to be visible, enabled and stable\x1B[22m\n' +
    '\x1B[2m      - element is visible, enabled and stable\x1B[22m\n' +
    '\x1B[2m      - scrolling into view if needed\x1B[22m\n' +
    '\x1B[2m      - done scrolling\x1B[22m\n' +
    '\x1B[2m      - <div class="loader">Loading…</div> intercepts pointer events\x1B[22m\n' +
    '\x1B[2m    - retrying click action\x1B[22m\n' +
    '\x1B[2m      - waiting 500ms\x1B[22m\n' +
    '\x1B[2m    - waiting for" https://tra.com/thank-you/nn?debt=10000&leadid=D530BE3F&reqid=26782645&affid=659&oid=133" navigation to finish...\x1B[22m\n' +
    '\x1B[2m    - navigated to "https://tra.com/thank-you/nn?debt=10000&leadid=D530BE3F&reqid=26782645&affid=659&oid=133"\x1B[22m\n' +
    '\x1B[2m    - waiting for element to be visible, enabled and stable\x1B[22m\n' +
    '\x1B[2m  - element was detached from the DOM, retrying\x1B[22m\n',
  brand: 'PPC-ST'
}
[ppc-st][Windows - Chrome] 📋 Trace report successfully saved: traces/ppc-st_desktop.zip
✅ [15/5/2026, 10:16:05 am] COMPLETED: ppc-st [Windows - Chrome][CHROMIUM]

================================================================
🚀 [15/5/2026, 10:16:05 am] RUNNING: PPC-ST [WINDOWS - FIREFOX]
🔗 Target URL: https://flmtra.com/?a=659&oc=837&c=2210&s1=
================================================================
[ppc-st][Windows - Firefox] 🔌 [Browser Interceptor] Intercepting and optimizing engine: FIREFOX
[ppc-st][Windows - Firefox] ◇ injected env (0) from .env // tip: ◈ secrets for agents [www.dotenvx.com]
[ppc-st][Windows - Firefox] ◇ injected env (0) from .env // tip: ⌘ suppress logs { quiet: true }
[ppc-st][Windows - Firefox] ◇ injected env (0) from .env // tip: ⌘ custom filepath { path: '/custom/path/.env' }
[ppc-st][Windows - Firefox] ◇ injected env (0) from .env // tip: ⌘ override existing { override: true }
[ppc-st][Windows - Firefox] ◇ injected env (0) from .env // tip: ⌘ enable debugging { debug: true }
[ppc-st][Windows - Firefox] 
🤖 ================================================================
[ppc-st][Windows - Firefox] 🤖 MASTER RUNNER: LAUNCHING PPC-ST
🤖 Mode:            DESKTOP
🤖 Tracking URL:     https://flmtra.com/?a=659&oc=837&c=2210&s1=
[ppc-st][Windows - Firefox] 🤖 Target Sheet:    PPC-ST
[ppc-st][Windows - Firefox] 🤖 ================================================================
[ppc-st][Windows - Firefox] 🔌 [Browser Interceptor] Intercepting and optimizing engine: FIREFOX
[ppc-st][Windows - Firefox] 💻 Emulated Device Profile: DESKTOP - [Windows - Firefox]
🔌 [Browser Interceptor] Sanitizing mobile context options for Firefox emulation...
🔌 [Browser Interceptor] Sanitizing mobile context options for Firefox emulation...
[ppc-st][Windows - Firefox] 🔄 Processing lead for brand: PPC-ST
[ppc-st][Windows - Firefox] 📊 Campaign execution run index: 51
[ppc-st][Windows - Firefox] 🎯 Enforcing dynamic credentials & parameters:
   - First Name:   ckmtestpixel
[ppc-st][Windows - Firefox]    - Last Name:    ckmtestpixel
   - Email:        ckmtestpixel@gmail.com
   - Phone Number: 401-247-1051
   - Slider Value: 8,739
   - State Value:  Alaska
[ppc-st][Windows - Firefox] 🔗 Navigating to: https://flmtra.com/?a=659&oc=837&c=2210&s1=
[ppc-st][Windows - Firefox] ✅ Page loaded successfully
[ppc-st][Windows - Firefox] 📝 Starting multi-step form filling process...
[ppc-st][Windows - Firefox] 🔘 Step 1: Handling Debt Amount (8,739)
[ppc-st][Windows - Firefox] 🔘 Attempting to click .next-btn1, .btn-next
[ppc-st][Windows - Firefox] ✅ Clicked .next-btn1, .btn-next
[ppc-st][Windows - Firefox] ✅ Reached a recognized terminal step (State or Contact). Stopping dynamic traversal.
[ppc-st][Windows - Firefox] 🔘 Step: Selecting State
[ppc-st][Windows - Firefox] ✅ Selected state dynamically: "Alabama"
📝 step3 column set to State: "Alabama"
[ppc-st][Windows - Firefox] 🔘 Clicking generic NEXT button
[ppc-st][Windows - Firefox] ✅ Clicked generic NEXT button
[ppc-st][Windows - Firefox] 🔘 Filling Contact Info (Dynamic Loop)...
[ppc-st][Windows - Firefox] ✅ Filled First Name: ckmtestpixel
[ppc-st][Windows - Firefox] ✅ Filled Last Name: ckmtestpixel
[ppc-st][Windows - Firefox] ✅ Filled Email: ckmtestpixel@gmail.com
[ppc-st][Windows - Firefox] ✅ Filled Phone: 401-247-1051
[ppc-st][Windows - Firefox] 🔘 Clicking active contact NEXT/SUBMIT button...
[ppc-st][Windows - Firefox] [STDERR] ❌ Error during form filling: locator.click: Timeout 25000ms exceeded.
Call log:
[2m  - waiting for locator('#primary_phone:visible, #phone:visible, #phone_home:visible, input[name="phone"]:visible, input[name="phone_home"]:visible, input[name="primary_phone"]:visible, input[type="tel"]:visible').first()[22m
[2m    - locator resolved to <input type="tel" tabindex="0" id="primary_phone" placeholder="Phone" name="primary_phone" aria-invalid="false" class="form-control valid" data-gtm-form-interact-field-id="4"/>[22m
[2m  - attempting click action[22m
[2m    2 × waiting for element to be visible, enabled and stable[22m
[2m      - element is visible, enabled and stable[22m
[2m      - scrolling into view if needed[22m
[2m      - done scrolling[22m
[2m      - <div class="loader">Loading…</div> intercepts pointer events[22m
[2m    - retrying click action[22m
[2m    - waiting 20ms[22m
[2m    2 × waiting for element to be visible, enabled and stable[22m
[2m      - element is visible, enabled and stable[22m
[2m      - scrolling into view if needed[22m
[2m      - done scrolling[22m
[2m      - <div class="loader">Loading…</div> intercepts pointer events[22m
[2m    - retrying click action[22m
[2m      - waiting 100ms[22m
[2m    2 × waiting for element to be visible, enabled and stable[22m
[2m      - element is visible, enabled and stable[22m
[2m      - scrolling into view if needed[22m
[2m      - done scrolling[22m
[2m      - <div class="loader">Loading…</div> intercepts pointer events[22m
[2m    - retrying click action[22m
[2m      - waiting 500ms[22m
[2m    - waiting for" https://tra.com/thank-you/nn?debt=10000&leadid=D6A438A7&reqid=26782648&affid=659&oid=133" navigation to finish...[22m
[2m    - navigated to "https://tra.com/thank-you/nn?debt=10000&leadid=D6A438A7&reqid=26782648&affid=659&oid=133"[22m
[2m    - waiting for element to be visible, enabled and stable[22m
[2m  - element was detached from the DOM, retrying[22m

[ppc-st][Windows - Firefox] [STDERR] ❌ Failed processing PPC-ST: locator.click: Timeout 25000ms exceeded.
Call log:
[2m  - waiting for locator('#primary_phone:visible, #phone:visible, #phone_home:visible, input[name="phone"]:visible, input[name="phone_home"]:visible, input[name="primary_phone"]:visible, input[type="tel"]:visible').first()[22m
[2m    - locator resolved to <input type="tel" tabindex="0" id="primary_phone" placeholder="Phone" name="primary_phone" aria-invalid="false" class="form-control valid" data-gtm-form-interact-field-id="4"/>[22m
[2m  - attempting click action[22m
[2m    2 × waiting for element to be visible, enabled and stable[22m
[2m      - element is visible, enabled and stable[22m
[2m      - scrolling into view if needed[22m
[2m      - done scrolling[22m
[2m      - <div class="loader">Loading…</div> intercepts pointer events[22m
[2m    - retrying click action[22m
[2m    - waiting 20ms[22m
[2m    2 × waiting for element to be visible, enabled and stable[22m
[2m      - element is visible, enabled and stable[22m
[2m      - scrolling into view if needed[22m
[2m      - done scrolling[22m
[2m      - <div class="loader">Loading…</div> intercepts pointer events[22m
[2m    - retrying click action[22m
[2m      - waiting 100ms[22m
[2m    2 × waiting for element to be visible, enabled and stable[22m
[2m      - element is visible, enabled and stable[22m
[2m      - scrolling into view if needed[22m
[2m      - done scrolling[22m
[2m      - <div class="loader">Loading…</div> intercepts pointer events[22m
[2m    - retrying click action[22m
[2m      - waiting 500ms[22m
[2m    - waiting for" https://tra.com/thank-you/nn?debt=10000&leadid=D6A438A7&reqid=26782648&affid=659&oid=133" navigation to finish...[22m
[2m    - navigated to "https://tra.com/thank-you/nn?debt=10000&leadid=D6A438A7&reqid=26782648&affid=659&oid=133"[22m
[2m    - waiting for element to be visible, enabled and stable[22m
[2m  - element was detached from the DOM, retrying[22m

[ppc-st][Windows - Firefox] 
✅ Execution successfully processed! {
  success: false,
  error: 'locator.click: Timeout 25000ms exceeded.\n' +
    'Call log:\n' +
    `\x1B[2m  - waiting for locator('#primary_phone:visible, #phone:visible, #phone_home:visible, input[name="phone"]:visible, input[name="phone_home"]:visible, input[name="primary_phone"]:visible, input[type="tel"]:visible').first()\x1B[22m\n` +
    '\x1B[2m    - locator resolved to <input type="tel" tabindex="0" id="primary_phone" placeholder="Phone" name="primary_phone" aria-invalid="false" class="form-control valid" data-gtm-form-interact-field-id="4"/>\x1B[22m\n' +
    '\x1B[2m  - attempting click action\x1B[22m\n' +
    '\x1B[2m    2 × waiting for element to be visible, enabled and stable\x1B[22m\n' +
    '\x1B[2m      - element is visible, enabled and stable\x1B[22m\n' +
    '\x1B[2m      - scrolling into view if needed\x1B[22m\n' +
    '\x1B[2m      - done scrolling\x1B[22m\n' +
    '\x1B[2m      - <div class="loader">Loading…</div> intercepts pointer events\x1B[22m\n' +
    '\x1B[2m    - retrying click action\x1B[22m\n' +
    '\x1B[2m    - waiting 20ms\x1B[22m\n' +
    '\x1B[2m    2 × waiting for element to be visible, enabled and stable\x1B[22m\n' +
    '\x1B[2m      - element is visible, enabled and stable\x1B[22m\n' +
    '\x1B[2m      - scrolling into view if needed\x1B[22m\n' +
    '\x1B[2m      - done scrolling\x1B[22m\n' +
    '\x1B[2m      - <div class="loader">Loading…</div> intercepts pointer events\x1B[22m\n' +
    '\x1B[2m    - retrying click action\x1B[22m\n' +
    '\x1B[2m      - waiting 100ms\x1B[22m\n' +
    '\x1B[2m    2 × waiting for element to be visible, enabled and stable\x1B[22m\n' +
    '\x1B[2m      - element is visible, enabled and stable\x1B[22m\n' +
    '\x1B[2m      - scrolling into view if needed\x1B[22m\n' +
    '\x1B[2m      - done scrolling\x1B[22m\n' +
    '\x1B[2m      - <div class="loader">Loading…</div> intercepts pointer events\x1B[22m\n' +
    '\x1B[2m    - retrying click action\x1B[22m\n' +
    '\x1B[2m      - waiting 500ms\x1B[22m\n' +
    '\x1B[2m    - waiting for" https://tra.com/thank-you/nn?debt=10000&leadid=D6A438A7&reqid=26782648&affid=659&oid=133" navigation to finish...\x1B[22m\n' +
    '\x1B[2m    - navigated to "https://tra.com/thank-you/nn?debt=10000&leadid=D6A438A7&reqid=26782648&affid=659&oid=133"\x1B[22m\n' +
    '\x1B[2m    - waiting for element to be visible, enabled and stable\x1B[22m\n' +
    '\x1B[2m  - element was detached from the DOM, retrying\x1B[22m\n',
  brand: 'PPC-ST'
}
[ppc-st][Windows - Firefox] 📋 Trace report successfully saved: traces/ppc-st_desktop.zip
✅ [15/5/2026, 10:16:56 am] COMPLETED: ppc-st [Windows - Firefox][FIREFOX]

================================================================
🚀 [15/5/2026, 10:16:56 am] RUNNING: PPC-ST [MAC - SAFARI]
🔗 Target URL: https://flmtra.com/?a=659&oc=837&c=2210&s1=
================================================================
[ppc-st][MAC - Safari] 🔌 [Browser Interceptor] Intercepting and optimizing engine: WEBKIT
[ppc-st][MAC - Safari] ◇ injected env (0) from .env // tip: ⌘ enable debugging { debug: true }
[ppc-st][MAC - Safari] ◇ injected env (0) from .env // tip: ⌁ auth for agents [www.vestauth.com]
[ppc-st][MAC - Safari] ◇ injected env (0) from .env // tip: ◈ encrypted .env [www.dotenvx.com]
[ppc-st][MAC - Safari] ◇ injected env (0) from .env // tip: ⌘ enable debugging { debug: true }
[ppc-st][MAC - Safari] ◇ injected env (0) from .env // tip: ⌘ custom filepath { path: '/custom/path/.env' }
[ppc-st][MAC - Safari] 
🤖 ================================================================
[ppc-st][MAC - Safari] 🤖 MASTER RUNNER: LAUNCHING PPC-ST
🤖 Mode:            DESKTOP
🤖 Tracking URL:     https://flmtra.com/?a=659&oc=837&c=2210&s1=
[ppc-st][MAC - Safari] 🤖 Target Sheet:    PPC-ST
🤖 ================================================================
[ppc-st][MAC - Safari] 🔌 [Browser Interceptor] Intercepting and optimizing engine: WEBKIT
[ppc-st][MAC - Safari] 💻 Emulated Device Profile: DESKTOP - [MAC - Safari]
[ppc-st][MAC - Safari] 🔄 Processing lead for brand: PPC-ST
[ppc-st][MAC - Safari] 📊 Campaign execution run index: 53
[ppc-st][MAC - Safari] 🎯 Enforcing dynamic credentials & parameters:
[ppc-st][MAC - Safari]    - First Name:   ckmtestpixel
   - Last Name:    ckmtestpixel
   - Email:        ckmtestpixel@gmail.com
   - Phone Number: 401-247-1053
   - Slider Value: 31,690
   - State Value:  Arkansas
[ppc-st][MAC - Safari] 🔗 Navigating to: https://flmtra.com/?a=659&oc=837&c=2210&s1=
[ppc-st][MAC - Safari] ✅ Page loaded successfully
[ppc-st][MAC - Safari] 📝 Starting multi-step form filling process...
[ppc-st][MAC - Safari] 🔘 Step 1: Handling Debt Amount (31,690)
[ppc-st][MAC - Safari] 🔘 Attempting to click .next-btn1, .btn-next
[ppc-st][MAC - Safari] ✅ Clicked .next-btn1, .btn-next
[ppc-st][MAC - Safari] ✅ Reached a recognized terminal step (State or Contact). Stopping dynamic traversal.
[ppc-st][MAC - Safari] 🔘 Step: Selecting State
[ppc-st][MAC - Safari] ✅ Selected state dynamically: "Arizona"
📝 step3 column set to State: "Arizona"
[ppc-st][MAC - Safari] 🔘 Clicking generic NEXT button
[ppc-st][MAC - Safari] ✅ Clicked generic NEXT button
[ppc-st][MAC - Safari] 🔘 Filling Contact Info (Dynamic Loop)...
[ppc-st][MAC - Safari] ✅ Filled First Name: ckmtestpixel
[ppc-st][MAC - Safari] ✅ Filled Last Name: ckmtestpixel
[ppc-st][MAC - Safari] ✅ Filled Email: ckmtestpixel@gmail.com
[ppc-st][MAC - Safari] ✅ Filled Phone: 401-247-1053
[ppc-st][MAC - Safari] 🔘 Clicking active contact NEXT/SUBMIT button...
[ppc-st][MAC - Safari] [STDERR] ❌ Error during form filling: locator.click: Timeout 25000ms exceeded.
Call log:
[2m  - waiting for locator('#primary_phone:visible, #phone:visible, #phone_home:visible, input[name="phone"]:visible, input[name="phone_home"]:visible, input[name="primary_phone"]:visible, input[type="tel"]:visible').first()[22m
[2m    - locator resolved to <input type="tel" tabindex="0" id="primary_phone" placeholder="Phone" name="primary_phone" aria-invalid="false" class="form-control valid"/>[22m
[2m  - attempting click action[22m
[2m    2 × waiting for element to be visible, enabled and stable[22m
[2m      - element is visible, enabled and stable[22m
[2m      - scrolling into view if needed[22m
[2m      - done scrolling[22m
[2m      - <div class="loader">Loading…</div> intercepts pointer events[22m
[2m    - retrying click action[22m
[2m    - waiting 20ms[22m
[2m    - waiting for element to be visible, enabled and stable[22m
[2m    - element is visible, enabled and stable[22m
[2m    - scrolling into view if needed[22m
[2m    - done scrolling[22m
[2m    - <div class="loader">Loading…</div> intercepts pointer events[22m
[2m  - retrying click action[22m
[2m    - waiting 100ms[22m
[2m    - waiting for element to be visible, enabled and stable[22m
[2m  - element was detached from the DOM, retrying[22m

[ppc-st][MAC - Safari] [STDERR] ❌ Failed processing PPC-ST: locator.click: Timeout 25000ms exceeded.
Call log:
[2m  - waiting for locator('#primary_phone:visible, #phone:visible, #phone_home:visible, input[name="phone"]:visible, input[name="phone_home"]:visible, input[name="primary_phone"]:visible, input[type="tel"]:visible').first()[22m
[2m    - locator resolved to <input type="tel" tabindex="0" id="primary_phone" placeholder="Phone" name="primary_phone" aria-invalid="false" class="form-control valid"/>[22m
[2m  - attempting click action[22m
[2m    2 × waiting for element to be visible, enabled and stable[22m
[2m      - element is visible, enabled and stable[22m
[2m      - scrolling into view if needed[22m
[2m      - done scrolling[22m
[2m      - <div class="loader">Loading…</div> intercepts pointer events[22m
[2m    - retrying click action[22m
[2m    - waiting 20ms[22m
[2m    - waiting for element to be visible, enabled and stable[22m
[2m    - element is visible, enabled and stable[22m
[2m    - scrolling into view if needed[22m
[2m    - done scrolling[22m
[2m    - <div class="loader">Loading…</div> intercepts pointer events[22m
[2m  - retrying click action[22m
[2m    - waiting 100ms[22m
[2m    - waiting for element to be visible, enabled and stable[22m
[2m  - element was detached from the DOM, retrying[22m

[ppc-st][MAC - Safari] 
✅ Execution successfully processed! {
  success: false,
  error: 'locator.click: Timeout 25000ms exceeded.\n' +
    'Call log:\n' +
    `\x1B[2m  - waiting for locator('#primary_phone:visible, #phone:visible, #phone_home:visible, input[name="phone"]:visible, input[name="phone_home"]:visible, input[name="primary_phone"]:visible, input[type="tel"]:visible').first()\x1B[22m\n` +
    '\x1B[2m    - locator resolved to <input type="tel" tabindex="0" id="primary_phone" placeholder="Phone" name="primary_phone" aria-invalid="false" class="form-control valid"/>\x1B[22m\n' +
    '\x1B[2m  - attempting click action\x1B[22m\n' +
    '\x1B[2m    2 × waiting for element to be visible, enabled and stable\x1B[22m\n' +
    '\x1B[2m      - element is visible, enabled and stable\x1B[22m\n' +
    '\x1B[2m      - scrolling into view if needed\x1B[22m\n' +
    '\x1B[2m      - done scrolling\x1B[22m\n' +
    '\x1B[2m      - <div class="loader">Loading…</div> intercepts pointer events\x1B[22m\n' +
    '\x1B[2m    - retrying click action\x1B[22m\n' +
    '\x1B[2m    - waiting 20ms\x1B[22m\n' +
    '\x1B[2m    - waiting for element to be visible, enabled and stable\x1B[22m\n' +
    '\x1B[2m    - element is visible, enabled and stable\x1B[22m\n' +
    '\x1B[2m    - scrolling into view if needed\x1B[22m\n' +
    '\x1B[2m    - done scrolling\x1B[22m\n' +
    '\x1B[2m    - <div class="loader">Loading…</div> intercepts pointer events\x1B[22m\n' +
    '\x1B[2m  - retrying click action\x1B[22m\n' +
    '\x1B[2m    - waiting 100ms\x1B[22m\n' +
    '\x1B[2m    - waiting for element to be visible, enabled and stable\x1B[22m\n' +
    '\x1B[2m  - element was detached from the DOM, retrying\x1B[22m\n',
  brand: 'PPC-ST'
}
[ppc-st][MAC - Safari] 📋 Trace report successfully saved: traces/ppc-st_desktop.zip
✅ [15/5/2026, 10:17:51 am] COMPLETED: ppc-st [MAC - Safari][WEBKIT]

================================================================
🚀 [15/5/2026, 10:17:51 am] RUNNING: PPC-ST [MAC - CHROME]
🔗 Target URL: https://flmtra.com/?a=659&oc=837&c=2210&s1=
================================================================
[ppc-st][MAC - Chrome] 🔌 [Browser Interceptor] Intercepting and optimizing engine: CHROMIUM
[ppc-st][MAC - Chrome] ◇ injected env (0) from .env // tip: ◈ secrets for agents [www.dotenvx.com]
[ppc-st][MAC - Chrome] ◇ injected env (0) from .env // tip: ⌁ auth for agents [www.vestauth.com]
[ppc-st][MAC - Chrome] ◇ injected env (0) from .env // tip: ⌘ multiple files { path: ['.env.local', '.env'] }
[ppc-st][MAC - Chrome] ◇ injected env (0) from .env // tip: ◈ secrets for agents [www.dotenvx.com]
[ppc-st][MAC - Chrome] ◇ injected env (0) from .env // tip: ⌘ override existing { override: true }
[ppc-st][MAC - Chrome] 
🤖 ================================================================
[ppc-st][MAC - Chrome] 🤖 MASTER RUNNER: LAUNCHING PPC-ST
🤖 Mode:            DESKTOP
🤖 Tracking URL:     https://flmtra.com/?a=659&oc=837&c=2210&s1=
🤖 Target Sheet:    PPC-ST
[ppc-st][MAC - Chrome] 🤖 ================================================================
[ppc-st][MAC - Chrome] 🔌 [Browser Interceptor] Intercepting and optimizing engine: CHROMIUM
[ppc-st][MAC - Chrome] 💻 Emulated Device Profile: DESKTOP - [MAC - Chrome]
[ppc-st][MAC - Chrome] 🔄 Processing lead for brand: PPC-ST
[ppc-st][MAC - Chrome] 📊 Campaign execution run index: 54
[ppc-st][MAC - Chrome] 🎯 Enforcing dynamic credentials & parameters:
   - First Name:   ckmtestpixel
[ppc-st][MAC - Chrome]    - Last Name:    ckmtestpixel
   - Email:        ckmtestpixel@gmail.com
   - Phone Number: 401-247-1054
   - Slider Value: 63,075
   - State Value:  California
[ppc-st][MAC - Chrome] 🔗 Navigating to: https://flmtra.com/?a=659&oc=837&c=2210&s1=
[ppc-st][MAC - Chrome] ✅ Page loaded successfully
[ppc-st][MAC - Chrome] 📝 Starting multi-step form filling process...
[ppc-st][MAC - Chrome] 🔘 Step 1: Handling Debt Amount (63,075)
[ppc-st][MAC - Chrome] 🔘 Attempting to click .next-btn1, .btn-next
[ppc-st][MAC - Chrome] ✅ Clicked .next-btn1, .btn-next
[ppc-st][MAC - Chrome] ✅ Reached a recognized terminal step (State or Contact). Stopping dynamic traversal.
[ppc-st][MAC - Chrome] 🔘 Step: Selecting State
[ppc-st][MAC - Chrome] ✅ Selected state dynamically: "Arkansas"
📝 step3 column set to State: "Arkansas"
[ppc-st][MAC - Chrome] 🔘 Clicking generic NEXT button
[ppc-st][MAC - Chrome] ✅ Clicked generic NEXT button
[ppc-st][MAC - Chrome] 🔘 Filling Contact Info (Dynamic Loop)...
[ppc-st][MAC - Chrome] ✅ Filled First Name: ckmtestpixel
[ppc-st][MAC - Chrome] ✅ Filled Last Name: ckmtestpixel
[ppc-st][MAC - Chrome] ✅ Filled Email: ckmtestpixel@gmail.com
[ppc-st][MAC - Chrome] ✅ Filled Phone: 401-247-1054
[ppc-st][MAC - Chrome] 🔘 Clicking active contact NEXT/SUBMIT button...
[ppc-st][MAC - Chrome] [STDERR] ❌ Error during form filling: locator.click: Timeout 25000ms exceeded.
Call log:
[2m  - waiting for locator('#primary_phone:visible, #phone:visible, #phone_home:visible, input[name="phone"]:visible, input[name="phone_home"]:visible, input[name="primary_phone"]:visible, input[type="tel"]:visible').first()[22m
[2m    - locator resolved to <input type="tel" tabindex="0" id="primary_phone" placeholder="Phone" name="primary_phone" aria-invalid="false" class="form-control valid" data-gtm-form-interact-field-id="4"/>[22m
[2m  - attempting click action[22m
[2m    2 × waiting for element to be visible, enabled and stable[22m
[2m      - element is visible, enabled and stable[22m
[2m      - scrolling into view if needed[22m
[2m      - done scrolling[22m
[2m      - <div class="loader">Loading…</div> intercepts pointer events[22m
[2m    - retrying click action[22m
[2m    - waiting 20ms[22m
[2m    2 × waiting for element to be visible, enabled and stable[22m
[2m      - element is visible, enabled and stable[22m
[2m      - scrolling into view if needed[22m
[2m      - done scrolling[22m
[2m      - <div class="loader">Loading…</div> intercepts pointer events[22m
[2m    - retrying click action[22m
[2m      - waiting 100ms[22m
[2m    2 × waiting for element to be visible, enabled and stable[22m
[2m      - element is visible, enabled and stable[22m
[2m      - scrolling into view if needed[22m
[2m      - done scrolling[22m
[2m      - <div class="loader">Loading…</div> intercepts pointer events[22m
[2m    - retrying click action[22m
[2m      - waiting 500ms[22m
[2m    - waiting for element to be visible, enabled and stable[22m
[2m    - element is visible, enabled and stable[22m
[2m    - scrolling into view if needed[22m
[2m    - done scrolling[22m
[2m  - element was detached from the DOM, retrying[22m
[2m    - waiting for" https://tra.com/thank-you/nn?debt=10000&leadid=D9DF3968&reqid=26782654&affid=659&oid=133" navigation to finish...[22m
[2m    - navigated to "https://tra.com/thank-you/nn?debt=10000&leadid=D9DF3968&reqid=26782654&affid=659&oid=133"[22m

[ppc-st][MAC - Chrome] [STDERR] ❌ Failed processing PPC-ST: locator.click: Timeout 25000ms exceeded.
Call log:
[2m  - waiting for locator('#primary_phone:visible, #phone:visible, #phone_home:visible, input[name="phone"]:visible, input[name="phone_home"]:visible, input[name="primary_phone"]:visible, input[type="tel"]:visible').first()[22m
[2m    - locator resolved to <input type="tel" tabindex="0" id="primary_phone" placeholder="Phone" name="primary_phone" aria-invalid="false" class="form-control valid" data-gtm-form-interact-field-id="4"/>[22m
[2m  - attempting click action[22m
[2m    2 × waiting for element to be visible, enabled and stable[22m
[2m      - element is visible, enabled and stable[22m
[2m      - scrolling into view if needed[22m
[2m      - done scrolling[22m
[2m      - <div class="loader">Loading…</div> intercepts pointer events[22m
[2m    - retrying click action[22m
[2m    - waiting 20ms[22m
[2m    2 × waiting for element to be visible, enabled and stable[22m
[2m      - element is visible, enabled and stable[22m
[2m      - scrolling into view if needed[22m
[2m      - done scrolling[22m
[2m      - <div class="loader">Loading…</div> intercepts pointer events[22m
[2m    - retrying click action[22m
[2m      - waiting 100ms[22m
[2m    2 × waiting for element to be visible, enabled and stable[22m
[2m      - element is visible, enabled and stable[22m
[2m      - scrolling into view if needed[22m
[2m      - done scrolling[22m
[2m      - <div class="loader">Loading…</div> intercepts pointer events[22m
[2m    - retrying click action[22m
[2m      - waiting 500ms[22m
[2m    - waiting for element to be visible, enabled and stable[22m
[2m    - element is visible, enabled and stable[22m
[2m    - scrolling into view if needed[22m
[2m    - done scrolling[22m
[2m  - element was detached from the DOM, retrying[22m
[2m    - waiting for" https://tra.com/thank-you/nn?debt=10000&leadid=D9DF3968&reqid=26782654&affid=659&oid=133" navigation to finish...[22m
[2m    - navigated to "https://tra.com/thank-you/nn?debt=10000&leadid=D9DF3968&reqid=26782654&affid=659&oid=133"[22m

[ppc-st][MAC - Chrome] 
✅ Execution successfully processed! {
  success: false,
  error: 'locator.click: Timeout 25000ms exceeded.\n' +
    'Call log:\n' +
    `\x1B[2m  - waiting for locator('#primary_phone:visible, #phone:visible, #phone_home:visible, input[name="phone"]:visible, input[name="phone_home"]:visible, input[name="primary_phone"]:visible, input[type="tel"]:visible').first()\x1B[22m\n` +
    '\x1B[2m    - locator resolved to <input type="tel" tabindex="0" id="primary_phone" placeholder="Phone" name="primary_phone" aria-invalid="false" class="form-control valid" data-gtm-form-interact-field-id="4"/>\x1B[22m\n' +
    '\x1B[2m  - attempting click action\x1B[22m\n' +
    '\x1B[2m    2 × waiting for element to be visible, enabled and stable\x1B[22m\n' +
    '\x1B[2m      - element is visible, enabled and stable\x1B[22m\n' +
    '\x1B[2m      - scrolling into view if needed\x1B[22m\n' +
    '\x1B[2m      - done scrolling\x1B[22m\n' +
    '\x1B[2m      - <div class="loader">Loading…</div> intercepts pointer events\x1B[22m\n' +
    '\x1B[2m    - retrying click action\x1B[22m\n' +
    '\x1B[2m    - waiting 20ms\x1B[22m\n' +
    '\x1B[2m    2 × waiting for element to be visible, enabled and stable\x1B[22m\n' +
    '\x1B[2m      - element is visible, enabled and stable\x1B[22m\n' +
    '\x1B[2m      - scrolling into view if needed\x1B[22m\n' +
    '\x1B[2m      - done scrolling\x1B[22m\n' +
    '\x1B[2m      - <div class="loader">Loading…</div> intercepts pointer events\x1B[22m\n' +
    '\x1B[2m    - retrying click action\x1B[22m\n' +
    '\x1B[2m      - waiting 100ms\x1B[22m\n' +
    '\x1B[2m    2 × waiting for element to be visible, enabled and stable\x1B[22m\n' +
    '\x1B[2m      - element is visible, enabled and stable\x1B[22m\n' +
    '\x1B[2m      - scrolling into view if needed\x1B[22m\n' +
    '\x1B[2m      - done scrolling\x1B[22m\n' +
    '\x1B[2m      - <div class="loader">Loading…</div> intercepts pointer events\x1B[22m\n' +
    '\x1B[2m    - retrying click action\x1B[22m\n' +
    '\x1B[2m      - waiting 500ms\x1B[22m\n' +
    '\x1B[2m    - waiting for element to be visible, enabled and stable\x1B[22m\n' +
    '\x1B[2m    - element is visible, enabled and stable\x1B[22m\n' +
    '\x1B[2m    - scrolling into view if needed\x1B[22m\n' +
    '\x1B[2m    - done scrolling\x1B[22m\n' +
    '\x1B[2m  - element was detached from the DOM, retrying\x1B[22m\n' +
    '\x1B[2m    - waiting for" https://tra.com/thank-you/nn?debt=10000&leadid=D9DF3968&reqid=26782654&affid=659&oid=133" navigation to finish...\x1B[22m\n' +
    '\x1B[2m    - navigated to "https://tra.com/thank-you/nn?debt=10000&leadid=D9DF3968&reqid=26782654&affid=659&oid=133"\x1B[22m\n',
  brand: 'PPC-ST'
}
[ppc-st][MAC - Chrome] 📋 Trace report successfully saved: traces/ppc-st_desktop.zip
✅ [15/5/2026, 10:18:45 am] COMPLETED: ppc-st [MAC - Chrome][CHROMIUM]

================================================================
⚡ Processing Campaign Matrix: [PPC-ST2]
================================================================

================================================================
🚀 [15/5/2026, 10:18:46 am] RUNNING: PPC-ST2 [ANDROID - CHROME]
🔗 Target URL: https://flmtra.com/?a=659&oc=858&c=2210&s1=
================================================================
[ppc-st2][Android - Chrome] 🔌 [Browser Interceptor] Intercepting and optimizing engine: CHROMIUM
[ppc-st2][Android - Chrome] ◇ injected env (0) from .env // tip: ⌁ auth for agents [www.vestauth.com]
[ppc-st2][Android - Chrome] ◇ injected env (0) from .env // tip: ⌘ suppress logs { quiet: true }
[ppc-st2][Android - Chrome] ◇ injected env (0) from .env // tip: ⌘ suppress logs { quiet: true }
[ppc-st2][Android - Chrome] ◇ injected env (0) from .env // tip: ⌘ override existing { override: true }
[ppc-st2][Android - Chrome] ◇ injected env (0) from .env // tip: ⌘ enable debugging { debug: true }
[ppc-st2][Android - Chrome] 
🤖 ================================================================
[ppc-st2][Android - Chrome] 🤖 MASTER RUNNER: LAUNCHING PPC-ST2
[ppc-st2][Android - Chrome] 🤖 Mode:            MOBILE
[ppc-st2][Android - Chrome] 🤖 Tracking URL:     https://flmtra.com/?a=659&oc=858&c=2210&s1=
[ppc-st2][Android - Chrome] 🤖 Target Sheet:    PPC-ST2
🤖 ================================================================
[ppc-st2][Android - Chrome] 🔌 [Browser Interceptor] Intercepting and optimizing engine: CHROMIUM
[ppc-st2][Android - Chrome] 📋 Emulated Device Profile: MOBILE (Pixel 7) - [Android - Chrome]
[ppc-st2][Android - Chrome] ⏳ Delaying 200ms to allow responsive layouts to mount...
[ppc-st2][Android - Chrome] 🔄 Processing lead for brand: PPC-ST2 Mobile
[ppc-st2][Android - Chrome] 📊 Campaign execution run index: 37
[ppc-st2][Android - Chrome] 🎯 Enforcing dynamic credentials & parameters:
   - First Name:   ckmtestpixel
[ppc-st2][Android - Chrome]    - Last Name:    ckmtestpixel
   - Email:        ckmtestpixel@gmail.com
   - Phone Number: 401-247-1037
   - Slider Value: 7,651
   - State Value:  Pennsylvania
[ppc-st2][Android - Chrome] 🔗 [Mobile] Navigating to: https://flmtra.com/?a=659&oc=858&c=2210&s1=
[ppc-st2][Android - Chrome] ✅ [Mobile] Page loaded successfully
[ppc-st2][Android - Chrome] 📱 [Mobile] Injecting high-fidelity glossy Natural Titanium iPhone 17 Pro mockup frame...
[ppc-st2][Android - Chrome] 📱 [Mobile] Injecting high-fidelity glossy Natural Titanium iPhone 17 Pro mockup frame...
[ppc-st2][Android - Chrome] 📝 [Mobile] Starting mobile-specific form filling...
[ppc-st2][Android - Chrome] 🔘 [Mobile] Step 1: Selecting Debt Amount (7,651)
[ppc-st2][Android - Chrome] 🔘 [Mobile] Clicking active visible button: .next-btn1:visible, .btn-next:visible
[ppc-st2][Android - Chrome] ✅ [Mobile] Clicked: .next-btn1:visible, .btn-next:visible
[ppc-st2][Android - Chrome] 📱 [Mobile] Injecting high-fidelity glossy Natural Titanium iPhone 17 Pro mockup frame...
[ppc-st2][Android - Chrome] ✅ [Mobile] Reached a recognized terminal step (State or Contact). Stopping dynamic traversal.
[ppc-st2][Android - Chrome] 🔘 [Mobile] Step 2: Selecting State
[ppc-st2][Android - Chrome] ✅ [Mobile] Selected state dynamically: "Oregon"
[ppc-st2][Android - Chrome] 📝 [Mobile] step3 column set to State: "Oregon"
[ppc-st2][Android - Chrome] 🔘 [Mobile] Clicking active visible button: .next-btn:visible, .next-btn2:visible, .btn-next:visible
[ppc-st2][Android - Chrome] ✅ [Mobile] Clicked: .next-btn:visible, .next-btn2:visible, .btn-next:visible
[ppc-st2][Android - Chrome] 📱 [Mobile] Injecting high-fidelity glossy Natural Titanium iPhone 17 Pro mockup frame...
[ppc-st2][Android - Chrome] 🔘 [Mobile] Step 3: Filling Contact Info (Dynamic Loop)...
[ppc-st2][Android - Chrome] 📱 [Mobile] Injecting high-fidelity glossy Natural Titanium iPhone 17 Pro mockup frame...
[ppc-st2][Android - Chrome] ✅ [Mobile] Filled First Name: ckmtestpixel
[ppc-st2][Android - Chrome] ✅ [Mobile] Filled Last Name: ckmtestpixel
[ppc-st2][Android - Chrome] ✅ [Mobile] Filled Email: ckmtestpixel@gmail.com
[ppc-st2][Android - Chrome] ✅ [Mobile] Filled Phone: 401-247-1037
[ppc-st2][Android - Chrome] 🔘 [Mobile] Clicking active contact NEXT/SUBMIT button...
[ppc-st2][Android - Chrome] 📱 [Mobile] Injecting high-fidelity glossy Natural Titanium iPhone 17 Pro mockup frame...
[ppc-st2][Android - Chrome] ✅ [Mobile] Filled Phone: 401-247-1037
[ppc-st2][Android - Chrome] 🔘 [Mobile] Clicking active contact NEXT/SUBMIT button...
[ppc-st2][Android - Chrome] 📱 [Mobile] Injecting high-fidelity glossy Natural Titanium iPhone 17 Pro mockup frame...
[ppc-st2][Android - Chrome] 🔘 [Mobile] No active contact NEXT/SUBMIT button visible. Exiting loop.
🔘 [Mobile] Scanning for additional dynamic steps...
[ppc-st2][Android - Chrome] 🔘 [Mobile] Submitting form
[ppc-st2][Android - Chrome] ⏳ [Mobile] Waiting for submission navigation to complete
[ppc-st2][Android - Chrome] [STDERR] ⚠️ [Mobile] Standard submit buttons not found, consulting FLM Agent...
[ppc-st2][Android - Chrome] 🤖 [FLM Agent] Analyzing Submit button for global...
[ppc-st2][Android - Chrome] ⏳ [Mobile] Waiting for final Thank You page redirection...
[ppc-st2][Android - Chrome] ✅ [Mobile] Targeted final redirect URL achieved!
[ppc-st2][Android - Chrome] ✅ [Mobile] Final Thank You URL: https://tra.com/thank-you/nn?debt=10000&leadid=6EC98876&reqid=26782656&affid=659&oid=133
[ppc-st2][Android - Chrome] ✅ [Mobile] Extracted Lead ID: 6EC98876
📱 Device Type detected: Android - Chrome
✅ Lead captured: 6EC98876
[ppc-st2][Android - Chrome] 📡 Fetching First API data for Lead ID: 6EC98876...
[ppc-st2][Android - Chrome] 📡 Raw XML Response: {
  "lead_info_response": {
    "$": {
      "xmlns:xsd": "http://www.w3.org/2001/XMLSchema",
      "xmlns:xsi": "http://www.w3.org/2001/XMLSchema-instance",
      "xmlns": "http://cakemarketing.com/api/1/"
    },
    "success": "true",
    "row_count": "1",
    "lead_id": "6EC98876",
    "personal_info": {
      "first_name": "CKMTESTPIXEL",
      "last_name": "CKMTESTPIXEL",
      "email_address": "ckmtestpixel@gmail.com",
      "address": {
        "street": "",
        "city": "",
        "state": "OR",
        "zip_code": "97040",
        "country": ""
      },
      "ip_address": "27.54.170.27",
      "phone_work": "",
      "phone_home": "401-247-1037",
      "phone_cell": "",
      "best_call_time": "",
      "opt_in": "false"
    },
    "traffic_info": {
      "lead_date": "2026-05-14T21:49:07.073",
      "payout": {
        "currency_id": "1",
        "amount": "0.0000",
        "formatted_amount": "$0.00"
      },
      "affiliate": {
        "affiliate_id": {
          "_": "659",
          "$": {
            "xmlns": "API:id_name_store"
          }
        },
        "affiliate_name": {
          "_": "QA affiliate",
          "$": {
            "xmlns": "API:id_name_store"
          }
        }
      },
      "campaign": {
        "campaign_id": {
          "_": "4587",
          "$": {
            "xmlns": "API:id_name_store"
          }
        },
        "campaign_name": {
          "_": "TRA.com CPL - PPC ST 2 - CPA - $1.00",
          "$": {
            "xmlns": "API:id_name_store"
          }
        }
      },
      "creative_id": "2210",
      "subid_1": "",
      "subid_2": "",
      "subid_3": "",
      "subid_4": "",
      "subid_5": "",
      "referrer": "",
      "pixel_fired": "true",
      "returned_to_affiliate": "false",
      "test": "true",
      "upsell": "false"
    },
    "all_vertical_data": {
      "data": {
        "$": {
          "xmlns": ""
        },
        "tax_debt": "10000",
        "universal_leadid": "0CA8ECA2-7A6E-4E55-BAE9-E0E57152F605",
        "affid": "659",
        "TCPA_checkbox": "1",
        "reqid": "26782656",
        "page": "https://tra.com/ppc/st2",
        "neustar": "fail",
        "neustar_disposition": "N,U,I4,L,0",
        "first_name_lower": "ckmtestpixel",
        "last_name_lower": "ckmtestpixel",
        "opt_special_offers": "on",
        "ckm_campaign_id": "4587"
      }
    },
    "dispositions": {
      "disposition": {
        "disposition_type": "Sent to Review Queue",
        "reason": "neustar: This value is not valid",
        "filter": "Equals Value"
      }
    },
    "pings": "",
    "posts": "",
    "sales": ""
  }
}
✅ First API Data retrieved on attempt 1
[ppc-st2][Android - Chrome] 📡 Fetching Second API data for Lead ID: 6EC98876...
[ppc-st2][Android - Chrome] 📡 Standard Second API Payload: cake_id=6EC98876, domain_name=https://www.taxreliefadvocates.com
[ppc-st2][Android - Chrome] [STDERR] (node:10996) Warning: Setting the NODE_TLS_REJECT_UNAUTHORIZED environment variable to '0' makes TLS connections and HTTPS requests insecure by disabling certificate verification.
(Use `node --trace-warnings ...` to show where the warning was created)
[ppc-st2][Android - Chrome] [STDERR] ❌ Second API Attempt 1 failed: Request failed with status code 404
[ppc-st2][Android - Chrome] ⏳ Retrying in 1 second to allow database synchronization...
[ppc-st2][Android - Chrome] 📡 Standard Second API Payload: cake_id=6EC98876, domain_name=https://www.taxreliefadvocates.com
[ppc-st2][Android - Chrome] [STDERR] ❌ Second API Attempt 2 failed: Request failed with status code 404
[ppc-st2][Android - Chrome] ⏳ Retrying in 1 second to allow database synchronization...
[ppc-st2][Android - Chrome] 📡 Standard Second API Payload: cake_id=6EC98876, domain_name=https://www.taxreliefadvocates.com
[ppc-st2][Android - Chrome] [STDERR] ❌ Second API Attempt 3 failed: Request failed with status code 404
[ppc-st2][Android - Chrome] ⏳ Retrying in 1 second to allow database synchronization...
[ppc-st2][Android - Chrome] 📡 Standard Second API Payload: cake_id=6EC98876, domain_name=https://www.taxreliefadvocates.com
[ppc-st2][Android - Chrome] [STDERR] ❌ Second API Attempt 4 failed: Request failed with status code 404
[ppc-st2][Android - Chrome] ⏳ Retrying in 1 second to allow database synchronization...
[ppc-st2][Android - Chrome] 📡 Standard Second API Payload: cake_id=6EC98876, domain_name=https://www.taxreliefadvocates.com
[ppc-st2][Android - Chrome] [STDERR] ❌ Second API Attempt 5 failed: Request failed with status code 404
[ppc-st2][Android - Chrome] 📡 [Rest-Assurance] Verifying Lead ID: 6EC98876 via Backend...
[ppc-st2][Android - Chrome] 🛡️  [Rest-Assurance] VERIFIED (Backend Debt: 10000)
[ppc-st2][Android - Chrome] ✅ Row appended successfully to sheet: PPC-ST2
[ppc-st2][Android - Chrome] ⚠️  Non-fatal formatting error for PPC-ST2 (Banding might already exist): Invalid requests[2].addBanding: You cannot add alternating background colors to a range that already has alternating background colors.
[ppc-st2][Android - Chrome] ✅ Lead processed successfully for PPC-ST2 Mobile
[ppc-st2][Android - Chrome] 🎥 Video saved successfully: traces/videos/PPC-ST2_PPC-ST2_Mobile.webm
[ppc-st2][Android - Chrome] 
✅ Execution successfully processed! { success: true, leadId: '6EC98876', brand: 'PPC-ST2 Mobile' }
[ppc-st2][Android - Chrome] [STDERR] ❌ Automation Run encountered a fatal exception: tracing.stop: Target page, context or browser has been closed
✅ [15/5/2026, 10:19:41 am] COMPLETED: ppc-st2 [Android - Chrome][CHROMIUM]

================================================================
🚀 [15/5/2026, 10:19:41 am] RUNNING: PPC-ST2 [ANDROID - FIREFOX]
🔗 Target URL: https://flmtra.com/?a=659&oc=858&c=2210&s1=
================================================================
[ppc-st2][Android - Firefox] 🔌 [Browser Interceptor] Intercepting and optimizing engine: FIREFOX
[ppc-st2][Android - Firefox] ◇ injected env (0) from .env // tip: ⌁ auth for agents [www.vestauth.com]
[ppc-st2][Android - Firefox] ◇ injected env (0) from .env // tip: ⌘ custom filepath { path: '/custom/path/.env' }
[ppc-st2][Android - Firefox] ◇ injected env (0) from .env // tip: ⌘ suppress logs { quiet: true }
[ppc-st2][Android - Firefox] ◇ injected env (0) from .env // tip: ⌘ custom filepath { path: '/custom/path/.env' }
[ppc-st2][Android - Firefox] ◇ injected env (0) from .env // tip: ⌁ auth for agents [www.vestauth.com]
[ppc-st2][Android - Firefox] 
🤖 ================================================================
🤖 MASTER RUNNER: LAUNCHING PPC-ST2
🤖 Mode:            MOBILE
[ppc-st2][Android - Firefox] 🤖 Tracking URL:     https://flmtra.com/?a=659&oc=858&c=2210&s1=
[ppc-st2][Android - Firefox] 🤖 Target Sheet:    PPC-ST2
[ppc-st2][Android - Firefox] 🤖 ================================================================
[ppc-st2][Android - Firefox] 🔌 [Browser Interceptor] Intercepting and optimizing engine: FIREFOX
[ppc-st2][Android - Firefox] 📋 Emulated Device Profile: MOBILE (Pixel 7) - [Android - Firefox]
🔌 [Browser Interceptor] Sanitizing mobile context options for Firefox emulation...
🔌 [Browser Interceptor] Sanitizing mobile context options for Firefox emulation...
[ppc-st2][Android - Firefox] ⏳ Delaying 200ms to allow responsive layouts to mount...
[ppc-st2][Android - Firefox] 🔄 Processing lead for brand: PPC-ST2 Mobile
[ppc-st2][Android - Firefox] 📊 Campaign execution run index: 38
[ppc-st2][Android - Firefox] 🎯 Enforcing dynamic credentials & parameters:
   - First Name:   ckmtestpixel
   - Last Name:    ckmtestpixel
[ppc-st2][Android - Firefox]    - Email:        ckmtestpixel@gmail.com
   - Phone Number: 401-247-1038
   - Slider Value: 15,710
   - State Value:  Rhode Island
[ppc-st2][Android - Firefox] 🔗 [Mobile] Navigating to: https://flmtra.com/?a=659&oc=858&c=2210&s1=
[ppc-st2][Android - Firefox] ✅ [Mobile] Page loaded successfully
[ppc-st2][Android - Firefox] 📱 [Mobile] Injecting high-fidelity glossy Natural Titanium iPhone 17 Pro mockup frame...
[ppc-st2][Android - Firefox] 📱 [Mobile] Injecting high-fidelity glossy Natural Titanium iPhone 17 Pro mockup frame...
[ppc-st2][Android - Firefox] 📝 [Mobile] Starting mobile-specific form filling...
[ppc-st2][Android - Firefox] 🔘 [Mobile] Step 1: Selecting Debt Amount (15,710)
[ppc-st2][Android - Firefox] 🔘 [Mobile] Clicking active visible button: .next-btn1:visible, .btn-next:visible
[ppc-st2][Android - Firefox] ✅ [Mobile] Clicked: .next-btn1:visible, .btn-next:visible
[ppc-st2][Android - Firefox] 📱 [Mobile] Injecting high-fidelity glossy Natural Titanium iPhone 17 Pro mockup frame...
[ppc-st2][Android - Firefox] ✅ [Mobile] Reached a recognized terminal step (State or Contact). Stopping dynamic traversal.
[ppc-st2][Android - Firefox] 🔘 [Mobile] Step 2: Selecting State
[ppc-st2][Android - Firefox] ✅ [Mobile] Selected state dynamically: "Pennsylvania"
[ppc-st2][Android - Firefox] 📝 [Mobile] step3 column set to State: "Pennsylvania"
[ppc-st2][Android - Firefox] 🔘 [Mobile] Clicking active visible button: .next-btn:visible, .next-btn2:visible, .btn-next:visible
[ppc-st2][Android - Firefox] ✅ [Mobile] Clicked: .next-btn:visible, .next-btn2:visible, .btn-next:visible
[ppc-st2][Android - Firefox] 📱 [Mobile] Injecting high-fidelity glossy Natural Titanium iPhone 17 Pro mockup frame...
[ppc-st2][Android - Firefox] 🔘 [Mobile] Step 3: Filling Contact Info (Dynamic Loop)...
[ppc-st2][Android - Firefox] 📱 [Mobile] Injecting high-fidelity glossy Natural Titanium iPhone 17 Pro mockup frame...
[ppc-st2][Android - Firefox] ✅ [Mobile] Filled First Name: ckmtestpixel
[ppc-st2][Android - Firefox] ✅ [Mobile] Filled Last Name: ckmtestpixel
[ppc-st2][Android - Firefox] ✅ [Mobile] Filled Email: ckmtestpixel@gmail.com
[ppc-st2][Android - Firefox] ✅ [Mobile] Filled Phone: 401-247-1038
[ppc-st2][Android - Firefox] 🔘 [Mobile] Clicking active contact NEXT/SUBMIT button...
[ppc-st2][Android - Firefox] 📱 [Mobile] Injecting high-fidelity glossy Natural Titanium iPhone 17 Pro mockup frame...
[ppc-st2][Android - Firefox] ✅ [Mobile] Filled Phone: 401-247-1038
[ppc-st2][Android - Firefox] 🔘 [Mobile] Clicking active contact NEXT/SUBMIT button...
[ppc-st2][Android - Firefox] 📱 [Mobile] Injecting high-fidelity glossy Natural Titanium iPhone 17 Pro mockup frame...
[ppc-st2][Android - Firefox] ✅ [Mobile] Filled Phone: 401-247-1038
[ppc-st2][Android - Firefox] 🔘 [Mobile] Clicking active contact NEXT/SUBMIT button...
[ppc-st2][Android - Firefox] 📱 [Mobile] Injecting high-fidelity glossy Natural Titanium iPhone 17 Pro mockup frame...
[ppc-st2][Android - Firefox] ✅ [Mobile] Filled Phone: 401-247-1038
[ppc-st2][Android - Firefox] 🔘 [Mobile] Clicking active contact NEXT/SUBMIT button...
[ppc-st2][Android - Firefox] 📱 [Mobile] Injecting high-fidelity glossy Natural Titanium iPhone 17 Pro mockup frame...
[ppc-st2][Android - Firefox] 🔘 [Mobile] No active contact NEXT/SUBMIT button visible. Exiting loop.
🔘 [Mobile] Scanning for additional dynamic steps...
[ppc-st2][Android - Firefox] 🔘 [Mobile] Submitting form
[ppc-st2][Android - Firefox] ⏳ [Mobile] Waiting for submission navigation to complete
[ppc-st2][Android - Firefox] [STDERR] ⚠️ [Mobile] Standard submit buttons not found, consulting FLM Agent...
[ppc-st2][Android - Firefox] 🤖 [FLM Agent] Analyzing Submit button for global...
[ppc-st2][Android - Firefox] ⏳ [Mobile] Waiting for final Thank You page redirection...
[ppc-st2][Android - Firefox] ✅ [Mobile] Targeted final redirect URL achieved!
[ppc-st2][Android - Firefox] ✅ [Mobile] Final Thank You URL: https://tra.com/thank-you/nn?debt=10000&leadid=5D1D9347&reqid=26782658&affid=659&oid=133
[ppc-st2][Android - Firefox] ✅ [Mobile] Extracted Lead ID: 5D1D9347
📱 Device Type detected: Android - Firefox
✅ Lead captured: 5D1D9347
[ppc-st2][Android - Firefox] 📡 Fetching First API data for Lead ID: 5D1D9347...
[ppc-st2][Android - Firefox] 📡 Raw XML Response: {
  "lead_info_response": {
    "$": {
      "xmlns:xsd": "http://www.w3.org/2001/XMLSchema",
      "xmlns:xsi": "http://www.w3.org/2001/XMLSchema-instance",
      "xmlns": "http://cakemarketing.com/api/1/"
    },
    "success": "true",
    "row_count": "1",
    "lead_id": "5D1D9347",
    "personal_info": {
      "first_name": "CKMTESTPIXEL",
      "last_name": "CKMTESTPIXEL",
      "email_address": "ckmtestpixel@gmail.com",
      "address": {
        "street": "",
        "city": "",
        "state": "PA",
        "zip_code": "16617",
        "country": ""
      },
      "ip_address": "27.54.170.27",
      "phone_work": "",
      "phone_home": "401-247-1038",
      "phone_cell": "",
      "best_call_time": "",
      "opt_in": "false"
    },
    "traffic_info": {
      "lead_date": "2026-05-14T21:50:12.943",
      "payout": {
        "currency_id": "1",
        "amount": "0.0000",
        "formatted_amount": "$0.00"
      },
      "affiliate": {
        "affiliate_id": {
          "_": "659",
          "$": {
            "xmlns": "API:id_name_store"
          }
        },
        "affiliate_name": {
          "_": "QA affiliate",
          "$": {
            "xmlns": "API:id_name_store"
          }
        }
      },
      "campaign": {
        "campaign_id": {
          "_": "4587",
          "$": {
            "xmlns": "API:id_name_store"
          }
        },
        "campaign_name": {
          "_": "TRA.com CPL - PPC ST 2 - CPA - $1.00",
          "$": {
            "xmlns": "API:id_name_store"
          }
        }
      },
      "creative_id": "2210",
      "subid_1": "",
      "subid_2": "",
      "subid_3": "",
      "subid_4": "",
      "subid_5": "",
      "referrer": "",
      "pixel_fired": "true",
      "returned_to_affiliate": "false",
      "test": "true",
      "upsell": "false"
    },
    "all_vertical_data": {
      "data": {
        "$": {
          "xmlns": ""
        },
        "tax_debt": "10000",
        "universal_leadid": "3291DEEF-F491-BBF1-23D5-34667A1A6223",
        "affid": "659",
        "TCPA_checkbox": "1",
        "reqid": "26782658",
        "page": "https://tra.com/ppc/st2",
        "neustar": "fail",
        "neustar_disposition": "N,U,I1,L,0",
        "first_name_lower": "ckmtestpixel",
        "last_name_lower": "ckmtestpixel",
        "opt_special_offers": "on",
        "ckm_campaign_id": "4587"
      }
    },
    "dispositions": {
      "disposition": {
        "disposition_type": "Sent to Review Queue",
        "reason": "neustar: This value is not valid",
        "filter": "Equals Value"
      }
    },
    "pings": "",
    "posts": "",
    "sales": ""
  }
}
✅ First API Data retrieved on attempt 1
[ppc-st2][Android - Firefox] 📡 Fetching Second API data for Lead ID: 5D1D9347...
[ppc-st2][Android - Firefox] 📡 Standard Second API Payload: cake_id=5D1D9347, domain_name=https://www.taxreliefadvocates.com
[ppc-st2][Android - Firefox] [STDERR] (node:12516) Warning: Setting the NODE_TLS_REJECT_UNAUTHORIZED environment variable to '0' makes TLS connections and HTTPS requests insecure by disabling certificate verification.
(Use `node --trace-warnings ...` to show where the warning was created)
[ppc-st2][Android - Firefox] [STDERR] ❌ Second API Attempt 1 failed: Request failed with status code 404
[ppc-st2][Android - Firefox] ⏳ Retrying in 1 second to allow database synchronization...
[ppc-st2][Android - Firefox] 📡 Standard Second API Payload: cake_id=5D1D9347, domain_name=https://www.taxreliefadvocates.com
[ppc-st2][Android - Firefox] [STDERR] ❌ Second API Attempt 2 failed: Request failed with status code 404
[ppc-st2][Android - Firefox] ⏳ Retrying in 1 second to allow database synchronization...
[ppc-st2][Android - Firefox] 📡 Standard Second API Payload: cake_id=5D1D9347, domain_name=https://www.taxreliefadvocates.com
[ppc-st2][Android - Firefox] [STDERR] ❌ Second API Attempt 3 failed: Request failed with status code 404
[ppc-st2][Android - Firefox] ⏳ Retrying in 1 second to allow database synchronization...
[ppc-st2][Android - Firefox] 📡 Standard Second API Payload: cake_id=5D1D9347, domain_name=https://www.taxreliefadvocates.com
[ppc-st2][Android - Firefox] [STDERR] ❌ Second API Attempt 4 failed: Request failed with status code 404
[ppc-st2][Android - Firefox] ⏳ Retrying in 1 second to allow database synchronization...
[ppc-st2][Android - Firefox] 📡 Standard Second API Payload: cake_id=5D1D9347, domain_name=https://www.taxreliefadvocates.com
[ppc-st2][Android - Firefox] [STDERR] ❌ Second API Attempt 5 failed: Request failed with status code 404
[ppc-st2][Android - Firefox] 📡 [Rest-Assurance] Verifying Lead ID: 5D1D9347 via Backend...
[ppc-st2][Android - Firefox] 🛡️  [Rest-Assurance] VERIFIED (Backend Debt: 10000)
[ppc-st2][Android - Firefox] ✅ Row appended successfully to sheet: PPC-ST2
[ppc-st2][Android - Firefox] ⚠️  Non-fatal formatting error for PPC-ST2 (Banding might already exist): Invalid requests[2].addBanding: You cannot add alternating background colors to a range that already has alternating background colors.
✅ Lead processed successfully for PPC-ST2 Mobile
[ppc-st2][Android - Firefox] 🎥 Video saved successfully: traces/videos/PPC-ST2_PPC-ST2_Mobile.webm
[ppc-st2][Android - Firefox] 
✅ Execution successfully processed! { success: true, leadId: '5D1D9347', brand: 'PPC-ST2 Mobile' }
[ppc-st2][Android - Firefox] [STDERR] ❌ Automation Run encountered a fatal exception: tracing.stop: Target page, context or browser has been closed
✅ [15/5/2026, 10:20:47 am] COMPLETED: ppc-st2 [Android - Firefox][FIREFOX]

================================================================
🚀 [15/5/2026, 10:20:47 am] RUNNING: PPC-ST2 [IOS - CHROME]
🔗 Target URL: https://flmtra.com/?a=659&oc=858&c=2210&s1=
================================================================
[ppc-st2][iOS - Chrome] 🔌 [Browser Interceptor] Intercepting and optimizing engine: CHROMIUM
[ppc-st2][iOS - Chrome] ◇ injected env (0) from .env // tip: ⌘ custom filepath { path: '/custom/path/.env' }
[ppc-st2][iOS - Chrome] ◇ injected env (0) from .env // tip: ⌘ override existing { override: true }
[ppc-st2][iOS - Chrome] ◇ injected env (0) from .env // tip: ⌘ suppress logs { quiet: true }
[ppc-st2][iOS - Chrome] ◇ injected env (0) from .env // tip: ⌘ custom filepath { path: '/custom/path/.env' }
[ppc-st2][iOS - Chrome] ◇ injected env (0) from .env // tip: ⌘ override existing { override: true }
[ppc-st2][iOS - Chrome] 
🤖 ================================================================
[ppc-st2][iOS - Chrome] 🤖 MASTER RUNNER: LAUNCHING PPC-ST2
🤖 Mode:            MOBILE
[ppc-st2][iOS - Chrome] 🤖 Tracking URL:     https://flmtra.com/?a=659&oc=858&c=2210&s1=
[ppc-st2][iOS - Chrome] 🤖 Target Sheet:    PPC-ST2
[ppc-st2][iOS - Chrome] 🤖 ================================================================
[ppc-st2][iOS - Chrome] 🔌 [Browser Interceptor] Intercepting and optimizing engine: CHROMIUM
[ppc-st2][iOS - Chrome] 📋 Emulated Device Profile: MOBILE (iPhone 17 Pro Mode) - [iOS - Chrome]
[ppc-st2][iOS - Chrome] ⏳ Delaying 200ms to allow responsive layouts to mount...
[ppc-st2][iOS - Chrome] 🔄 Processing lead for brand: PPC-ST2 Mobile
[ppc-st2][iOS - Chrome] 📊 Campaign execution run index: 41
[ppc-st2][iOS - Chrome] 🎯 Enforcing dynamic credentials & parameters:
   - First Name:   ckmtestpixel
   - Last Name:    ckmtestpixel
[ppc-st2][iOS - Chrome]    - Email:        ckmtestpixel@gmail.com
   - Phone Number: 401-247-1041
   - Slider Value: 1,01,148
   - State Value:  Tennessee
[ppc-st2][iOS - Chrome] 🔗 [Mobile] Navigating to: https://flmtra.com/?a=659&oc=858&c=2210&s1=
[ppc-st2][iOS - Chrome] ✅ [Mobile] Page loaded successfully
[ppc-st2][iOS - Chrome] 📱 [Mobile] Injecting high-fidelity glossy Natural Titanium iPhone 17 Pro mockup frame...
[ppc-st2][iOS - Chrome] 📱 [Mobile] Injecting high-fidelity glossy Natural Titanium iPhone 17 Pro mockup frame...
[ppc-st2][iOS - Chrome] 📝 [Mobile] Starting mobile-specific form filling...
[ppc-st2][iOS - Chrome] 🔘 [Mobile] Step 1: Selecting Debt Amount (1,01,148)
[ppc-st2][iOS - Chrome] 🔘 [Mobile] Clicking active visible button: .next-btn1:visible, .btn-next:visible
[ppc-st2][iOS - Chrome] ✅ [Mobile] Clicked: .next-btn1:visible, .btn-next:visible
[ppc-st2][iOS - Chrome] 📱 [Mobile] Injecting high-fidelity glossy Natural Titanium iPhone 17 Pro mockup frame...
[ppc-st2][iOS - Chrome] ✅ [Mobile] Reached a recognized terminal step (State or Contact). Stopping dynamic traversal.
[ppc-st2][iOS - Chrome] 🔘 [Mobile] Step 2: Selecting State
[ppc-st2][iOS - Chrome] ✅ [Mobile] Selected state dynamically: "South Dakota"
📝 [Mobile] step3 column set to State: "South Dakota"
[ppc-st2][iOS - Chrome] 🔘 [Mobile] Clicking active visible button: .next-btn:visible, .next-btn2:visible, .btn-next:visible
[ppc-st2][iOS - Chrome] ✅ [Mobile] Clicked: .next-btn:visible, .next-btn2:visible, .btn-next:visible
[ppc-st2][iOS - Chrome] 📱 [Mobile] Injecting high-fidelity glossy Natural Titanium iPhone 17 Pro mockup frame...
[ppc-st2][iOS - Chrome] 🔘 [Mobile] Step 3: Filling Contact Info (Dynamic Loop)...
[ppc-st2][iOS - Chrome] 📱 [Mobile] Injecting high-fidelity glossy Natural Titanium iPhone 17 Pro mockup frame...
[ppc-st2][iOS - Chrome] ✅ [Mobile] Filled First Name: ckmtestpixel
[ppc-st2][iOS - Chrome] ✅ [Mobile] Filled Last Name: ckmtestpixel
[ppc-st2][iOS - Chrome] ✅ [Mobile] Filled Email: ckmtestpixel@gmail.com
[ppc-st2][iOS - Chrome] ✅ [Mobile] Filled Phone: 401-247-1041
[ppc-st2][iOS - Chrome] 🔘 [Mobile] Clicking active contact NEXT/SUBMIT button...
[ppc-st2][iOS - Chrome] 📱 [Mobile] Injecting high-fidelity glossy Natural Titanium iPhone 17 Pro mockup frame...
[ppc-st2][iOS - Chrome] ✅ [Mobile] Filled Phone: 401-247-1041
[ppc-st2][iOS - Chrome] 🔘 [Mobile] Clicking active contact NEXT/SUBMIT button...
[ppc-st2][iOS - Chrome] 📱 [Mobile] Injecting high-fidelity glossy Natural Titanium iPhone 17 Pro mockup frame...
[ppc-st2][iOS - Chrome] 🔘 [Mobile] No active contact NEXT/SUBMIT button visible. Exiting loop.
🔘 [Mobile] Scanning for additional dynamic steps...
[ppc-st2][iOS - Chrome] 🔘 [Mobile] Submitting form
[ppc-st2][iOS - Chrome] ⏳ [Mobile] Waiting for submission navigation to complete
[ppc-st2][iOS - Chrome] [STDERR] ⚠️ [Mobile] Standard submit buttons not found, consulting FLM Agent...
[ppc-st2][iOS - Chrome] 🤖 [FLM Agent] Analyzing Submit button for global...
[ppc-st2][iOS - Chrome] ⏳ [Mobile] Waiting for final Thank You page redirection...
[ppc-st2][iOS - Chrome] ✅ [Mobile] Targeted final redirect URL achieved!
[ppc-st2][iOS - Chrome] ✅ [Mobile] Final Thank You URL: https://tra.com/thank-you/nn?debt=10000&leadid=3CD2B62C&reqid=26782662&affid=659&oid=133
[ppc-st2][iOS - Chrome] ✅ [Mobile] Extracted Lead ID: 3CD2B62C
[ppc-st2][iOS - Chrome] 📱 Device Type detected: iOS - Chrome
✅ Lead captured: 3CD2B62C
[ppc-st2][iOS - Chrome] 📡 Fetching First API data for Lead ID: 3CD2B62C...
[ppc-st2][iOS - Chrome] 📡 Raw XML Response: {
  "lead_info_response": {
    "$": {
      "xmlns:xsd": "http://www.w3.org/2001/XMLSchema",
      "xmlns:xsi": "http://www.w3.org/2001/XMLSchema-instance",
      "xmlns": "http://cakemarketing.com/api/1/"
    },
    "success": "true",
    "row_count": "1",
    "lead_id": "3CD2B62C",
    "personal_info": {
      "first_name": "CKMTESTPIXEL",
      "last_name": "CKMTESTPIXEL",
      "email_address": "ckmtestpixel@gmail.com",
      "address": {
        "street": "",
        "city": "",
        "state": "SD",
        "zip_code": "57794",
        "country": ""
      },
      "ip_address": "27.54.170.27",
      "phone_work": "",
      "phone_home": "401-247-1041",
      "phone_cell": "",
      "best_call_time": "",
      "opt_in": "false"
    },
    "traffic_info": {
      "lead_date": "2026-05-14T21:51:26.963",
      "payout": {
        "currency_id": "1",
        "amount": "0.0000",
        "formatted_amount": "$0.00"
      },
      "affiliate": {
        "affiliate_id": {
          "_": "659",
          "$": {
            "xmlns": "API:id_name_store"
          }
        },
        "affiliate_name": {
          "_": "QA affiliate",
          "$": {
            "xmlns": "API:id_name_store"
          }
        }
      },
      "campaign": {
        "campaign_id": {
          "_": "4587",
          "$": {
            "xmlns": "API:id_name_store"
          }
        },
        "campaign_name": {
          "_": "TRA.com CPL - PPC ST 2 - CPA - $1.00",
          "$": {
            "xmlns": "API:id_name_store"
          }
        }
      },
      "creative_id": "2210",
      "subid_1": "",
      "subid_2": "",
      "subid_3": "",
      "subid_4": "",
      "subid_5": "",
      "referrer": "",
      "pixel_fired": "true",
      "returned_to_affiliate": "false",
      "test": "true",
      "upsell": "false"
    },
    "all_vertical_data": {
      "data": {
        "$": {
          "xmlns": ""
        },
        "tax_debt": "10000",
        "universal_leadid": "53361768-1850-D985-7BDD-4BC98AAEC071",
        "affid": "659",
        "TCPA_checkbox": "1",
        "reqid": "26782662",
        "page": "https://tra.com/ppc/st2",
        "neustar": "fail",
        "neustar_disposition": "N,U,I3,L,0",
        "first_name_lower": "ckmtestpixel",
        "last_name_lower": "ckmtestpixel",
        "opt_special_offers": "on",
        "ckm_campaign_id": "4587"
      }
    },
    "dispositions": {
      "disposition": {
        "disposition_type": "Sent to Review Queue",
        "reason": "neustar: This value is not valid",
        "filter": "Equals Value"
      }
    },
    "pings": "",
    "posts": "",
    "sales": ""
  }
}
[ppc-st2][iOS - Chrome] ✅ First API Data retrieved on attempt 1
[ppc-st2][iOS - Chrome] 📡 Fetching Second API data for Lead ID: 3CD2B62C...
[ppc-st2][iOS - Chrome] 📡 Standard Second API Payload: cake_id=3CD2B62C, domain_name=https://www.taxreliefadvocates.com
[ppc-st2][iOS - Chrome] [STDERR] (node:15112) Warning: Setting the NODE_TLS_REJECT_UNAUTHORIZED environment variable to '0' makes TLS connections and HTTPS requests insecure by disabling certificate verification.
(Use `node --trace-warnings ...` to show where the warning was created)
[ppc-st2][iOS - Chrome] [STDERR] ❌ Second API Attempt 1 failed: Request failed with status code 404
[ppc-st2][iOS - Chrome] ⏳ Retrying in 1 second to allow database synchronization...
[ppc-st2][iOS - Chrome] 📡 Standard Second API Payload: cake_id=3CD2B62C, domain_name=https://www.taxreliefadvocates.com
[ppc-st2][iOS - Chrome] [STDERR] ❌ Second API Attempt 2 failed: Request failed with status code 404
[ppc-st2][iOS - Chrome] ⏳ Retrying in 1 second to allow database synchronization...
[ppc-st2][iOS - Chrome] 📡 Standard Second API Payload: cake_id=3CD2B62C, domain_name=https://www.taxreliefadvocates.com
[ppc-st2][iOS - Chrome] [STDERR] ❌ Second API Attempt 3 failed: Request failed with status code 404
[ppc-st2][iOS - Chrome] ⏳ Retrying in 1 second to allow database synchronization...
[ppc-st2][iOS - Chrome] 📡 Standard Second API Payload: cake_id=3CD2B62C, domain_name=https://www.taxreliefadvocates.com
[ppc-st2][iOS - Chrome] [STDERR] ❌ Second API Attempt 4 failed: Request failed with status code 404
[ppc-st2][iOS - Chrome] ⏳ Retrying in 1 second to allow database synchronization...
[ppc-st2][iOS - Chrome] 📡 Standard Second API Payload: cake_id=3CD2B62C, domain_name=https://www.taxreliefadvocates.com
[ppc-st2][iOS - Chrome] [STDERR] ❌ Second API Attempt 5 failed: Request failed with status code 404
[ppc-st2][iOS - Chrome] 📡 [Rest-Assurance] Verifying Lead ID: 3CD2B62C via Backend...
[ppc-st2][iOS - Chrome] 🛡️  [Rest-Assurance] VERIFIED (Backend Debt: 10000)
[ppc-st2][iOS - Chrome] ✅ Row appended successfully to sheet: PPC-ST2
[ppc-st2][iOS - Chrome] ⚠️  Non-fatal formatting error for PPC-ST2 (Banding might already exist): Invalid requests[2].addBanding: You cannot add alternating background colors to a range that already has alternating background colors.
[ppc-st2][iOS - Chrome] ✅ Lead processed successfully for PPC-ST2 Mobile
[ppc-st2][iOS - Chrome] 🎥 Video saved successfully: traces/videos/PPC-ST2_PPC-ST2_Mobile.webm
[ppc-st2][iOS - Chrome] 
✅ Execution successfully processed! { success: true, leadId: '3CD2B62C', brand: 'PPC-ST2 Mobile' }
[ppc-st2][iOS - Chrome] [STDERR] ❌ Automation Run encountered a fatal exception: tracing.stop: Target page, context or browser has been closed
✅ [15/5/2026, 10:22:04 am] COMPLETED: ppc-st2 [iOS - Chrome][CHROMIUM]

================================================================
🚀 [15/5/2026, 10:22:04 am] RUNNING: PPC-ST2 [IOS - SAFARI]
🔗 Target URL: https://flmtra.com/?a=659&oc=858&c=2210&s1=
================================================================
[ppc-st2][iOS - Safari] 🔌 [Browser Interceptor] Intercepting and optimizing engine: WEBKIT
[ppc-st2][iOS - Safari] ◇ injected env (0) from .env // tip: ⌘ override existing { override: true }
[ppc-st2][iOS - Safari] ◇ injected env (0) from .env // tip: ◈ secrets for agents [www.dotenvx.com]
[ppc-st2][iOS - Safari] ◇ injected env (0) from .env // tip: ⌁ auth for agents [www.vestauth.com]
[ppc-st2][iOS - Safari] ◇ injected env (0) from .env // tip: ⌁ auth for agents [www.vestauth.com]
[ppc-st2][iOS - Safari] ◇ injected env (0) from .env // tip: ⌁ auth for agents [www.vestauth.com]
[ppc-st2][iOS - Safari] 
🤖 ================================================================
[ppc-st2][iOS - Safari] 🤖 MASTER RUNNER: LAUNCHING PPC-ST2
🤖 Mode:            MOBILE
[ppc-st2][iOS - Safari] 🤖 Tracking URL:     https://flmtra.com/?a=659&oc=858&c=2210&s1=
[ppc-st2][iOS - Safari] 🤖 Target Sheet:    PPC-ST2
🤖 ================================================================
[ppc-st2][iOS - Safari] 🔌 [Browser Interceptor] Intercepting and optimizing engine: WEBKIT
[ppc-st2][iOS - Safari] 📋 Emulated Device Profile: MOBILE (iPhone 17 Pro Mode) - [iOS - Safari]
[ppc-st2][iOS - Safari] ⏳ Delaying 200ms to allow responsive layouts to mount...
[ppc-st2][iOS - Safari] 🔄 Processing lead for brand: PPC-ST2 Mobile
[ppc-st2][iOS - Safari] 📊 Campaign execution run index: 43
[ppc-st2][iOS - Safari] 🎯 Enforcing dynamic credentials & parameters:
   - First Name:   ckmtestpixel
   - Last Name:    ckmtestpixel
[ppc-st2][iOS - Safari]    - Email:        ckmtestpixel@gmail.com
   - Phone Number: 401-247-1043
   - Slider Value: 5,888
   - State Value:  Utah
[ppc-st2][iOS - Safari] 🔗 [Mobile] Navigating to: https://flmtra.com/?a=659&oc=858&c=2210&s1=
[ppc-st2][iOS - Safari] ✅ [Mobile] Page loaded successfully
[ppc-st2][iOS - Safari] 📱 [Mobile] Injecting high-fidelity glossy Natural Titanium iPhone 17 Pro mockup frame...
[ppc-st2][iOS - Safari] 📱 [Mobile] Injecting high-fidelity glossy Natural Titanium iPhone 17 Pro mockup frame...
[ppc-st2][iOS - Safari] 📝 [Mobile] Starting mobile-specific form filling...
[ppc-st2][iOS - Safari] 🔘 [Mobile] Step 1: Selecting Debt Amount (5,888)
[ppc-st2][iOS - Safari] 🔘 [Mobile] Clicking active visible button: .next-btn1:visible, .btn-next:visible
[ppc-st2][iOS - Safari] ✅ [Mobile] Clicked: .next-btn1:visible, .btn-next:visible
[ppc-st2][iOS - Safari] 📱 [Mobile] Injecting high-fidelity glossy Natural Titanium iPhone 17 Pro mockup frame...
[ppc-st2][iOS - Safari] ✅ [Mobile] Reached a recognized terminal step (State or Contact). Stopping dynamic traversal.
[ppc-st2][iOS - Safari] 🔘 [Mobile] Step 2: Selecting State
[ppc-st2][iOS - Safari] ✅ [Mobile] Selected state dynamically: "Texas"
📝 [Mobile] step3 column set to State: "Texas"
[ppc-st2][iOS - Safari] 🔘 [Mobile] Clicking active visible button: .next-btn:visible, .next-btn2:visible, .btn-next:visible
[ppc-st2][iOS - Safari] ✅ [Mobile] Clicked: .next-btn:visible, .next-btn2:visible, .btn-next:visible
[ppc-st2][iOS - Safari] 📱 [Mobile] Injecting high-fidelity glossy Natural Titanium iPhone 17 Pro mockup frame...
[ppc-st2][iOS - Safari] 🔘 [Mobile] Step 3: Filling Contact Info (Dynamic Loop)...
[ppc-st2][iOS - Safari] 📱 [Mobile] Injecting high-fidelity glossy Natural Titanium iPhone 17 Pro mockup frame...
[ppc-st2][iOS - Safari] ✅ [Mobile] Filled First Name: ckmtestpixel
[ppc-st2][iOS - Safari] ✅ [Mobile] Filled Last Name: ckmtestpixel
[ppc-st2][iOS - Safari] ✅ [Mobile] Filled Email: ckmtestpixel@gmail.com
[ppc-st2][iOS - Safari] ✅ [Mobile] Filled Phone: 401-247-1043
[ppc-st2][iOS - Safari] 🔘 [Mobile] Clicking active contact NEXT/SUBMIT button...
[ppc-st2][iOS - Safari] 📱 [Mobile] Injecting high-fidelity glossy Natural Titanium iPhone 17 Pro mockup frame...
[ppc-st2][iOS - Safari] ✅ [Mobile] Filled Phone: 401-247-1043
[ppc-st2][iOS - Safari] 🔘 [Mobile] Clicking active contact NEXT/SUBMIT button...
[ppc-st2][iOS - Safari] 📱 [Mobile] Injecting high-fidelity glossy Natural Titanium iPhone 17 Pro mockup frame...
[ppc-st2][iOS - Safari] 🔘 [Mobile] No active contact NEXT/SUBMIT button visible. Exiting loop.
🔘 [Mobile] Scanning for additional dynamic steps...
[ppc-st2][iOS - Safari] 🔘 [Mobile] Submitting form
[ppc-st2][iOS - Safari] ⏳ [Mobile] Waiting for submission navigation to complete
[ppc-st2][iOS - Safari] [STDERR] ⚠️ [Mobile] Standard submit buttons not found, consulting FLM Agent...
[ppc-st2][iOS - Safari] 🤖 [FLM Agent] Analyzing Submit button for global...
[ppc-st2][iOS - Safari] ⏳ [Mobile] Waiting for final Thank You page redirection...
[ppc-st2][iOS - Safari] ✅ [Mobile] Targeted final redirect URL achieved!
[ppc-st2][iOS - Safari] ✅ [Mobile] Final Thank You URL: https://tra.com/thank-you/nn?debt=10000&leadid=3317689E&reqid=26782666&affid=659&oid=133
[ppc-st2][iOS - Safari] ✅ [Mobile] Extracted Lead ID: 3317689E
[ppc-st2][iOS - Safari] 📱 Device Type detected: iOS - Safari
✅ Lead captured: 3317689E
[ppc-st2][iOS - Safari] 📡 Fetching First API data for Lead ID: 3317689E...
[ppc-st2][iOS - Safari] 📡 Raw XML Response: {
  "lead_info_response": {
    "$": {
      "xmlns:xsd": "http://www.w3.org/2001/XMLSchema",
      "xmlns:xsi": "http://www.w3.org/2001/XMLSchema-instance",
      "xmlns": "http://cakemarketing.com/api/1/"
    },
    "success": "true",
    "row_count": "1",
    "lead_id": "3317689E",
    "personal_info": {
      "first_name": "CKMTESTPIXEL",
      "last_name": "CKMTESTPIXEL",
      "email_address": "ckmtestpixel@gmail.com",
      "address": {
        "street": "",
        "city": "",
        "state": "TX",
        "zip_code": "77038",
        "country": ""
      },
      "ip_address": "27.54.170.27",
      "phone_work": "",
      "phone_home": "401-247-1043",
      "phone_cell": "",
      "best_call_time": "",
      "opt_in": "false"
    },
    "traffic_info": {
      "lead_date": "2026-05-14T21:52:26.847",
      "payout": {
        "currency_id": "1",
        "amount": "0.0000",
        "formatted_amount": "$0.00"
      },
      "affiliate": {
        "affiliate_id": {
          "_": "659",
          "$": {
            "xmlns": "API:id_name_store"
          }
        },
        "affiliate_name": {
          "_": "QA affiliate",
          "$": {
            "xmlns": "API:id_name_store"
          }
        }
      },
      "campaign": {
        "campaign_id": {
          "_": "4587",
          "$": {
            "xmlns": "API:id_name_store"
          }
        },
        "campaign_name": {
          "_": "TRA.com CPL - PPC ST 2 - CPA - $1.00",
          "$": {
            "xmlns": "API:id_name_store"
          }
        }
      },
      "creative_id": "2210",
      "subid_1": "",
      "subid_2": "",
      "subid_3": "",
      "subid_4": "",
      "subid_5": "",
      "referrer": "",
      "pixel_fired": "true",
      "returned_to_affiliate": "false",
      "test": "true",
      "upsell": "false"
    },
    "all_vertical_data": {
      "data": {
        "$": {
          "xmlns": ""
        },
        "tax_debt": "10000",
        "universal_leadid": "1F98DF5C-F127-64CF-5956-BE5F9B87A2EC",
        "affid": "659",
        "TCPA_checkbox": "1",
        "reqid": "26782666",
        "page": "https://tra.com/ppc/st2",
        "neustar": "fail",
        "neustar_disposition": "N,U,I4,L,0",
        "first_name_lower": "ckmtestpixel",
        "last_name_lower": "ckmtestpixel",
        "opt_special_offers": "on",
        "ckm_campaign_id": "4587"
      }
    },
    "dispositions": {
      "disposition": {
        "disposition_type": "Sent to Review Queue",
        "reason": "neustar: This value is not valid",
        "filter": "Equals Value"
      }
    },
    "pings": "",
    "posts": "",
    "sales": ""
  }
}
✅ First API Data retrieved on attempt 1
[ppc-st2][iOS - Safari] 📡 Fetching Second API data for Lead ID: 3317689E...
[ppc-st2][iOS - Safari] 📡 Standard Second API Payload: cake_id=3317689E, domain_name=https://www.taxreliefadvocates.com
[ppc-st2][iOS - Safari] [STDERR] (node:20200) Warning: Setting the NODE_TLS_REJECT_UNAUTHORIZED environment variable to '0' makes TLS connections and HTTPS requests insecure by disabling certificate verification.
(Use `node --trace-warnings ...` to show where the warning was created)
[ppc-st2][iOS - Safari] [STDERR] ❌ Second API Attempt 1 failed: Request failed with status code 404
[ppc-st2][iOS - Safari] ⏳ Retrying in 1 second to allow database synchronization...
[ppc-st2][iOS - Safari] 📡 Standard Second API Payload: cake_id=3317689E, domain_name=https://www.taxreliefadvocates.com
[ppc-st2][iOS - Safari] [STDERR] ❌ Second API Attempt 2 failed: Request failed with status code 404
[ppc-st2][iOS - Safari] ⏳ Retrying in 1 second to allow database synchronization...
[ppc-st2][iOS - Safari] 📡 Standard Second API Payload: cake_id=3317689E, domain_name=https://www.taxreliefadvocates.com
[ppc-st2][iOS - Safari] [STDERR] ❌ Second API Attempt 3 failed: Request failed with status code 404
[ppc-st2][iOS - Safari] ⏳ Retrying in 1 second to allow database synchronization...
[ppc-st2][iOS - Safari] 📡 Standard Second API Payload: cake_id=3317689E, domain_name=https://www.taxreliefadvocates.com
[ppc-st2][iOS - Safari] [STDERR] ❌ Second API Attempt 4 failed: Request failed with status code 404
[ppc-st2][iOS - Safari] ⏳ Retrying in 1 second to allow database synchronization...
[ppc-st2][iOS - Safari] 📡 Standard Second API Payload: cake_id=3317689E, domain_name=https://www.taxreliefadvocates.com
[ppc-st2][iOS - Safari] [STDERR] ❌ Second API Attempt 5 failed: Request failed with status code 404
[ppc-st2][iOS - Safari] 📡 [Rest-Assurance] Verifying Lead ID: 3317689E via Backend...
[ppc-st2][iOS - Safari] 🛡️  [Rest-Assurance] VERIFIED (Backend Debt: 10000)
[ppc-st2][iOS - Safari] ✅ Row appended successfully to sheet: PPC-ST2
[ppc-st2][iOS - Safari] ⚠️  Non-fatal formatting error for PPC-ST2 (Banding might already exist): Invalid requests[2].addBanding: You cannot add alternating background colors to a range that already has alternating background colors.
✅ Lead processed successfully for PPC-ST2 Mobile
[ppc-st2][iOS - Safari] 🎥 Video saved successfully: traces/videos/PPC-ST2_PPC-ST2_Mobile.webm
[ppc-st2][iOS - Safari] 
✅ Execution successfully processed! { success: true, leadId: '3317689E', brand: 'PPC-ST2 Mobile' }
[ppc-st2][iOS - Safari] [STDERR] ❌ Automation Run encountered a fatal exception: tracing.stop: Target page, context or browser has been closed
✅ [15/5/2026, 10:23:53 am] COMPLETED: ppc-st2 [iOS - Safari][WEBKIT]

================================================================
🚀 [15/5/2026, 10:23:53 am] RUNNING: PPC-ST2 [TABLET - SAFARI]
🔗 Target URL: https://flmtra.com/?a=659&oc=858&c=2210&s1=
================================================================
[ppc-st2][Tablet - Safari] 🔌 [Browser Interceptor] Intercepting and optimizing engine: WEBKIT
[ppc-st2][Tablet - Safari] ◇ injected env (0) from .env // tip: ⌘ custom filepath { path: '/custom/path/.env' }
[ppc-st2][Tablet - Safari] ◇ injected env (0) from .env // tip: ⌘ override existing { override: true }
[ppc-st2][Tablet - Safari] ◇ injected env (0) from .env // tip: ⌘ multiple files { path: ['.env.local', '.env'] }
[ppc-st2][Tablet - Safari] ◇ injected env (0) from .env // tip: ⌁ auth for agents [www.vestauth.com]
[ppc-st2][Tablet - Safari] ◇ injected env (0) from .env // tip: ⌘ multiple files { path: ['.env.local', '.env'] }
[ppc-st2][Tablet - Safari] 
🤖 ================================================================
[ppc-st2][Tablet - Safari] 🤖 MASTER RUNNER: LAUNCHING PPC-ST2
🤖 Mode:            TABLET
[ppc-st2][Tablet - Safari] 🤖 Tracking URL:     https://flmtra.com/?a=659&oc=858&c=2210&s1=
[ppc-st2][Tablet - Safari] 🤖 Target Sheet:    PPC-ST2
[ppc-st2][Tablet - Safari] 🤖 ================================================================
[ppc-st2][Tablet - Safari] 🔌 [Browser Interceptor] Intercepting and optimizing engine: WEBKIT
[ppc-st2][Tablet - Safari] 📋 Emulated Device Profile: TABLET (iPad Pro 11) - [Tablet - Safari]
[ppc-st2][Tablet - Safari] ⏳ Delaying 200ms to allow responsive layouts to mount...
[ppc-st2][Tablet - Safari] 🔄 Processing lead for brand: PPC-ST2 Tablet
[ppc-st2][Tablet - Safari] 📊 Campaign execution run index: 45
[ppc-st2][Tablet - Safari] 🎯 Enforcing dynamic credentials & parameters:
   - First Name:   ckmtestpixel
   - Last Name:    ckmtestpixel
   - Email:        ckmtestpixel@gmail.com
   - Phone Number: 401-247-1045
   - Slider Value: 18,215
   - State Value:  Virginia
🔗 [Mobile] Navigating to: https://flmtra.com/?a=659&oc=858&c=2210&s1=
[ppc-st2][Tablet - Safari] ✅ [Mobile] Page loaded successfully
[ppc-st2][Tablet - Safari] 💻 [Tablet] Injecting high-fidelity glossy iPad Pro mockup frame...
[ppc-st2][Tablet - Safari] 💻 [Tablet] Injecting high-fidelity glossy iPad Pro mockup frame...
[ppc-st2][Tablet - Safari] 📝 [Mobile] Starting mobile-specific form filling...
[ppc-st2][Tablet - Safari] 🔘 [Mobile] Step 1: Selecting Debt Amount (18,215)
[ppc-st2][Tablet - Safari] 🔘 [Mobile] Clicking active visible button: .next-btn1:visible, .btn-next:visible
[ppc-st2][Tablet - Safari] ✅ [Mobile] Clicked: .next-btn1:visible, .btn-next:visible
[ppc-st2][Tablet - Safari] 💻 [Tablet] Injecting high-fidelity glossy iPad Pro mockup frame...
[ppc-st2][Tablet - Safari] ✅ [Mobile] Reached a recognized terminal step (State or Contact). Stopping dynamic traversal.
[ppc-st2][Tablet - Safari] 🔘 [Mobile] Step 2: Selecting State
[ppc-st2][Tablet - Safari] ✅ [Mobile] Selected state dynamically: "Vermont"
📝 [Mobile] step3 column set to State: "Vermont"
[ppc-st2][Tablet - Safari] 🔘 [Mobile] Clicking active visible button: .next-btn:visible, .next-btn2:visible, .btn-next:visible
[ppc-st2][Tablet - Safari] ✅ [Mobile] Clicked: .next-btn:visible, .next-btn2:visible, .btn-next:visible
[ppc-st2][Tablet - Safari] 💻 [Tablet] Injecting high-fidelity glossy iPad Pro mockup frame...
[ppc-st2][Tablet - Safari] 🔘 [Mobile] Step 3: Filling Contact Info (Dynamic Loop)...
[ppc-st2][Tablet - Safari] 💻 [Tablet] Injecting high-fidelity glossy iPad Pro mockup frame...
[ppc-st2][Tablet - Safari] ✅ [Mobile] Filled First Name: ckmtestpixel
[ppc-st2][Tablet - Safari] ✅ [Mobile] Filled Last Name: ckmtestpixel
[ppc-st2][Tablet - Safari] ✅ [Mobile] Filled Email: ckmtestpixel@gmail.com
[ppc-st2][Tablet - Safari] ✅ [Mobile] Filled Phone: 401-247-1045
[ppc-st2][Tablet - Safari] 🔘 [Mobile] Clicking active contact NEXT/SUBMIT button...
[ppc-st2][Tablet - Safari] 💻 [Tablet] Injecting high-fidelity glossy iPad Pro mockup frame...
[ppc-st2][Tablet - Safari] ✅ [Mobile] Filled Phone: 401-247-1045
[ppc-st2][Tablet - Safari] 🔘 [Mobile] Clicking active contact NEXT/SUBMIT button...
[ppc-st2][Tablet - Safari] 💻 [Tablet] Injecting high-fidelity glossy iPad Pro mockup frame...
[ppc-st2][Tablet - Safari] 🔘 [Mobile] No active contact NEXT/SUBMIT button visible. Exiting loop.
🔘 [Mobile] Scanning for additional dynamic steps...
[ppc-st2][Tablet - Safari] 🔘 [Mobile] Submitting form
[ppc-st2][Tablet - Safari] ⏳ [Mobile] Waiting for submission navigation to complete
[ppc-st2][Tablet - Safari] [STDERR] ⚠️ [Mobile] Standard submit buttons not found, consulting FLM Agent...
[ppc-st2][Tablet - Safari] 🤖 [FLM Agent] Analyzing Submit button for global...
[ppc-st2][Tablet - Safari] ⏳ [Mobile] Waiting for final Thank You page redirection...
[ppc-st2][Tablet - Safari] ✅ [Mobile] Targeted final redirect URL achieved!
[ppc-st2][Tablet - Safari] ✅ [Mobile] Final Thank You URL: https://tra.com/thank-you/nn?debt=10000&leadid=EAFB2062&reqid=26782669&affid=659&oid=133
[ppc-st2][Tablet - Safari] ✅ [Mobile] Extracted Lead ID: EAFB2062
[ppc-st2][Tablet - Safari] 📱 Device Type detected: Tablet - Safari
✅ Lead captured: EAFB2062
[ppc-st2][Tablet - Safari] 📡 Fetching First API data for Lead ID: EAFB2062...
[ppc-st2][Tablet - Safari] 📡 Raw XML Response: {
  "lead_info_response": {
    "$": {
      "xmlns:xsd": "http://www.w3.org/2001/XMLSchema",
      "xmlns:xsi": "http://www.w3.org/2001/XMLSchema-instance",
      "xmlns": "http://cakemarketing.com/api/1/"
    },
    "success": "true",
    "row_count": "1",
    "lead_id": "EAFB2062",
    "personal_info": {
      "first_name": "CKMTESTPIXEL",
      "last_name": "CKMTESTPIXEL",
      "email_address": "ckmtestpixel@gmail.com",
      "address": {
        "street": "",
        "city": "",
        "state": "VT",
        "zip_code": "05657",
        "country": ""
      },
      "ip_address": "27.54.170.27",
      "phone_work": "",
      "phone_home": "401-247-1045",
      "phone_cell": "",
      "best_call_time": "",
      "opt_in": "false"
    },
    "traffic_info": {
      "lead_date": "2026-05-14T21:54:17.893",
      "payout": {
        "currency_id": "1",
        "amount": "0.0000",
        "formatted_amount": "$0.00"
      },
      "affiliate": {
        "affiliate_id": {
          "_": "659",
          "$": {
            "xmlns": "API:id_name_store"
          }
        },
        "affiliate_name": {
          "_": "QA affiliate",
          "$": {
            "xmlns": "API:id_name_store"
          }
        }
      },
      "campaign": {
        "campaign_id": {
          "_": "4587",
          "$": {
            "xmlns": "API:id_name_store"
          }
        },
        "campaign_name": {
          "_": "TRA.com CPL - PPC ST 2 - CPA - $1.00",
          "$": {
            "xmlns": "API:id_name_store"
          }
        }
      },
      "creative_id": "2210",
      "subid_1": "",
      "subid_2": "",
      "subid_3": "",
      "subid_4": "",
      "subid_5": "",
      "referrer": "",
      "pixel_fired": "true",
      "returned_to_affiliate": "false",
      "test": "true",
      "upsell": "false"
    },
    "all_vertical_data": {
      "data": {
        "$": {
          "xmlns": ""
        },
        "tax_debt": "10000",
        "universal_leadid": "894BD262-9C00-C56E-B4A1-56D826DB8082",
        "affid": "659",
        "TCPA_checkbox": "1",
        "reqid": "26782669",
        "page": "https://tra.com/ppc/st2",
        "neustar": "fail",
        "neustar_disposition": "N,U,I1,L,0",
        "first_name_lower": "ckmtestpixel",
        "last_name_lower": "ckmtestpixel",
        "opt_special_offers": "on",
        "ckm_campaign_id": "4587"
      }
    },
    "dispositions": {
      "disposition": {
        "disposition_type": "Sent to Review Queue",
        "reason": "neustar: This value is not valid",
        "filter": "Equals Value"
      }
    },
    "pings": "",
    "posts": "",
    "sales": ""
  }
}
✅ First API Data retrieved on attempt 1
[ppc-st2][Tablet - Safari] 📡 Fetching Second API data for Lead ID: EAFB2062...
[ppc-st2][Tablet - Safari] 📡 Standard Second API Payload: cake_id=EAFB2062, domain_name=https://www.taxreliefadvocates.com
[ppc-st2][Tablet - Safari] [STDERR] (node:16244) Warning: Setting the NODE_TLS_REJECT_UNAUTHORIZED environment variable to '0' makes TLS connections and HTTPS requests insecure by disabling certificate verification.
(Use `node --trace-warnings ...` to show where the warning was created)
[ppc-st2][Tablet - Safari] [STDERR] ❌ Second API Attempt 1 failed: Request failed with status code 404
[ppc-st2][Tablet - Safari] ⏳ Retrying in 1 second to allow database synchronization...
[ppc-st2][Tablet - Safari] 📡 Standard Second API Payload: cake_id=EAFB2062, domain_name=https://www.taxreliefadvocates.com
[ppc-st2][Tablet - Safari] [STDERR] ❌ Second API Attempt 2 failed: Request failed with status code 404
[ppc-st2][Tablet - Safari] ⏳ Retrying in 1 second to allow database synchronization...
[ppc-st2][Tablet - Safari] 📡 Standard Second API Payload: cake_id=EAFB2062, domain_name=https://www.taxreliefadvocates.com
[ppc-st2][Tablet - Safari] [STDERR] ❌ Second API Attempt 3 failed: Request failed with status code 404
[ppc-st2][Tablet - Safari] ⏳ Retrying in 1 second to allow database synchronization...
[ppc-st2][Tablet - Safari] 📡 Standard Second API Payload: cake_id=EAFB2062, domain_name=https://www.taxreliefadvocates.com
[ppc-st2][Tablet - Safari] [STDERR] ❌ Second API Attempt 4 failed: Request failed with status code 404
[ppc-st2][Tablet - Safari] ⏳ Retrying in 1 second to allow database synchronization...
[ppc-st2][Tablet - Safari] 📡 Standard Second API Payload: cake_id=EAFB2062, domain_name=https://www.taxreliefadvocates.com
[ppc-st2][Tablet - Safari] [STDERR] ❌ Second API Attempt 5 failed: Request failed with status code 404
[ppc-st2][Tablet - Safari] 📡 [Rest-Assurance] Verifying Lead ID: EAFB2062 via Backend...
[ppc-st2][Tablet - Safari] 🛡️  [Rest-Assurance] VERIFIED (Backend Debt: 10000)
[ppc-st2][Tablet - Safari] ✅ Row appended successfully to sheet: PPC-ST2
[ppc-st2][Tablet - Safari] ⚠️  Non-fatal formatting error for PPC-ST2 (Banding might already exist): Invalid requests[2].addBanding: You cannot add alternating background colors to a range that already has alternating background colors.
✅ Lead processed successfully for PPC-ST2 Tablet
[ppc-st2][Tablet - Safari] 🎥 Video saved successfully: traces/videos/PPC-ST2_PPC-ST2_Tablet.webm
[ppc-st2][Tablet - Safari] 
✅ Execution successfully processed! { success: true, leadId: 'EAFB2062', brand: 'PPC-ST2 Tablet' }
[ppc-st2][Tablet - Safari] [STDERR] ❌ Automation Run encountered a fatal exception: tracing.stop: Target page, context or browser has been closed
✅ [15/5/2026, 10:25:44 am] COMPLETED: ppc-st2 [Tablet - Safari][WEBKIT]

================================================================
🚀 [15/5/2026, 10:25:44 am] RUNNING: PPC-ST2 [TABLET - CHROME]
🔗 Target URL: https://flmtra.com/?a=659&oc=858&c=2210&s1=
================================================================
[ppc-st2][Tablet - Chrome] 🔌 [Browser Interceptor] Intercepting and optimizing engine: CHROMIUM
[ppc-st2][Tablet - Chrome] ◇ injected env (0) from .env // tip: ⌘ custom filepath { path: '/custom/path/.env' }
[ppc-st2][Tablet - Chrome] ◇ injected env (0) from .env // tip: ⌁ auth for agents [www.vestauth.com]
[ppc-st2][Tablet - Chrome] ◇ injected env (0) from .env // tip: ⌘ enable debugging { debug: true }
[ppc-st2][Tablet - Chrome] ◇ injected env (0) from .env // tip: ⌘ custom filepath { path: '/custom/path/.env' }
[ppc-st2][Tablet - Chrome] ◇ injected env (0) from .env // tip: ◈ secrets for agents [www.dotenvx.com]
[ppc-st2][Tablet - Chrome] 
🤖 ================================================================
🤖 MASTER RUNNER: LAUNCHING PPC-ST2
[ppc-st2][Tablet - Chrome] 🤖 Mode:            TABLET
🤖 Tracking URL:     https://flmtra.com/?a=659&oc=858&c=2210&s1=
[ppc-st2][Tablet - Chrome] 🤖 Target Sheet:    PPC-ST2
[ppc-st2][Tablet - Chrome] 🤖 ================================================================
[ppc-st2][Tablet - Chrome] 🔌 [Browser Interceptor] Intercepting and optimizing engine: CHROMIUM
[ppc-st2][Tablet - Chrome] 📋 Emulated Device Profile: TABLET (iPad Pro 11) - [Tablet - Chrome]
[ppc-st2][Tablet - Chrome] ⏳ Delaying 200ms to allow responsive layouts to mount...
[ppc-st2][Tablet - Chrome] 🔄 Processing lead for brand: PPC-ST2 Tablet
[ppc-st2][Tablet - Chrome] 📊 Campaign execution run index: 46
[ppc-st2][Tablet - Chrome] 🎯 Enforcing dynamic credentials & parameters:
   - First Name:   ckmtestpixel
   - Last Name:    ckmtestpixel
   - Email:        ckmtestpixel@gmail.com
   - Phone Number: 401-247-1046
   - Slider Value: 42,663
   - State Value:  Washington
[ppc-st2][Tablet - Chrome] 🔗 [Mobile] Navigating to: https://flmtra.com/?a=659&oc=858&c=2210&s1=
[ppc-st2][Tablet - Chrome] ✅ [Mobile] Page loaded successfully
[ppc-st2][Tablet - Chrome] 💻 [Tablet] Injecting high-fidelity glossy iPad Pro mockup frame...
[ppc-st2][Tablet - Chrome] 💻 [Tablet] Injecting high-fidelity glossy iPad Pro mockup frame...
[ppc-st2][Tablet - Chrome] 📝 [Mobile] Starting mobile-specific form filling...
[ppc-st2][Tablet - Chrome] 🔘 [Mobile] Step 1: Selecting Debt Amount (42,663)
[ppc-st2][Tablet - Chrome] 🔘 [Mobile] Clicking active visible button: .next-btn1:visible, .btn-next:visible
[ppc-st2][Tablet - Chrome] ✅ [Mobile] Clicked: .next-btn1:visible, .btn-next:visible
[ppc-st2][Tablet - Chrome] 💻 [Tablet] Injecting high-fidelity glossy iPad Pro mockup frame...
[ppc-st2][Tablet - Chrome] ✅ [Mobile] Reached a recognized terminal step (State or Contact). Stopping dynamic traversal.
[ppc-st2][Tablet - Chrome] 🔘 [Mobile] Step 2: Selecting State
[ppc-st2][Tablet - Chrome] ✅ [Mobile] Selected state dynamically: "Virginia"
[ppc-st2][Tablet - Chrome] 📝 [Mobile] step3 column set to State: "Virginia"
[ppc-st2][Tablet - Chrome] 🔘 [Mobile] Clicking active visible button: .next-btn:visible, .next-btn2:visible, .btn-next:visible
[ppc-st2][Tablet - Chrome] ✅ [Mobile] Clicked: .next-btn:visible, .next-btn2:visible, .btn-next:visible
[ppc-st2][Tablet - Chrome] 💻 [Tablet] Injecting high-fidelity glossy iPad Pro mockup frame...
[ppc-st2][Tablet - Chrome] 🔘 [Mobile] Step 3: Filling Contact Info (Dynamic Loop)...
[ppc-st2][Tablet - Chrome] 💻 [Tablet] Injecting high-fidelity glossy iPad Pro mockup frame...
[ppc-st2][Tablet - Chrome] ✅ [Mobile] Filled First Name: ckmtestpixel
[ppc-st2][Tablet - Chrome] ✅ [Mobile] Filled Last Name: ckmtestpixel
[ppc-st2][Tablet - Chrome] ✅ [Mobile] Filled Email: ckmtestpixel@gmail.com
[ppc-st2][Tablet - Chrome] ✅ [Mobile] Filled Phone: 401-247-1046
[ppc-st2][Tablet - Chrome] 🔘 [Mobile] Clicking active contact NEXT/SUBMIT button...
[ppc-st2][Tablet - Chrome] 💻 [Tablet] Injecting high-fidelity glossy iPad Pro mockup frame...
[ppc-st2][Tablet - Chrome] ✅ [Mobile] Filled Phone: 401-247-1046
[ppc-st2][Tablet - Chrome] 🔘 [Mobile] Clicking active contact NEXT/SUBMIT button...
[ppc-st2][Tablet - Chrome] 💻 [Tablet] Injecting high-fidelity glossy iPad Pro mockup frame...
[ppc-st2][Tablet - Chrome] 🔘 [Mobile] No active contact NEXT/SUBMIT button visible. Exiting loop.
🔘 [Mobile] Scanning for additional dynamic steps...
[ppc-st2][Tablet - Chrome] 🔘 [Mobile] Submitting form
[ppc-st2][Tablet - Chrome] ⏳ [Mobile] Waiting for submission navigation to complete
[ppc-st2][Tablet - Chrome] [STDERR] ⚠️ [Mobile] Standard submit buttons not found, consulting FLM Agent...
[ppc-st2][Tablet - Chrome] 🤖 [FLM Agent] Analyzing Submit button for global...
[ppc-st2][Tablet - Chrome] ⏳ [Mobile] Waiting for final Thank You page redirection...
[ppc-st2][Tablet - Chrome] ✅ [Mobile] Targeted final redirect URL achieved!
[ppc-st2][Tablet - Chrome] ✅ [Mobile] Final Thank You URL: https://tra.com/thank-you/nn?debt=10000&leadid=97613D9A&reqid=26782674&affid=659&oid=133
[ppc-st2][Tablet - Chrome] ✅ [Mobile] Extracted Lead ID: 97613D9A
📱 Device Type detected: Tablet - Chrome
✅ Lead captured: 97613D9A
📡 Fetching First API data for Lead ID: 97613D9A...
[ppc-st2][Tablet - Chrome] 📡 Raw XML Response: {
  "lead_info_response": {
    "$": {
      "xmlns:xsd": "http://www.w3.org/2001/XMLSchema",
      "xmlns:xsi": "http://www.w3.org/2001/XMLSchema-instance",
      "xmlns": "http://cakemarketing.com/api/1/"
    },
    "success": "true",
    "row_count": "1",
    "lead_id": "97613D9A",
    "personal_info": {
      "first_name": "CKMTESTPIXEL",
      "last_name": "CKMTESTPIXEL",
      "email_address": "ckmtestpixel@gmail.com",
      "address": {
        "street": "",
        "city": "",
        "state": "VA",
        "zip_code": "22748",
        "country": ""
      },
      "ip_address": "27.54.170.27",
      "phone_work": "",
      "phone_home": "401-247-1046",
      "phone_cell": "",
      "best_call_time": "",
      "opt_in": "false"
    },
    "traffic_info": {
      "lead_date": "2026-05-14T21:56:15.37",
      "payout": {
        "currency_id": "1",
        "amount": "0.0000",
        "formatted_amount": "$0.00"
      },
      "affiliate": {
        "affiliate_id": {
          "_": "659",
          "$": {
            "xmlns": "API:id_name_store"
          }
        },
        "affiliate_name": {
          "_": "QA affiliate",
          "$": {
            "xmlns": "API:id_name_store"
          }
        }
      },
      "campaign": {
        "campaign_id": {
          "_": "4587",
          "$": {
            "xmlns": "API:id_name_store"
          }
        },
        "campaign_name": {
          "_": "TRA.com CPL - PPC ST 2 - CPA - $1.00",
          "$": {
            "xmlns": "API:id_name_store"
          }
        }
      },
      "creative_id": "2210",
      "subid_1": "",
      "subid_2": "",
      "subid_3": "",
      "subid_4": "",
      "subid_5": "",
      "referrer": "",
      "pixel_fired": "true",
      "returned_to_affiliate": "false",
      "test": "true",
      "upsell": "false"
    },
    "all_vertical_data": {
      "data": {
        "$": {
          "xmlns": ""
        },
        "tax_debt": "10000",
        "universal_leadid": "68938ECC-6FA6-AC47-DAEA-350436BAF7C9",
        "affid": "659",
        "TCPA_checkbox": "1",
        "reqid": "26782674",
        "page": "https://tra.com/ppc/st2",
        "neustar": "fail",
        "neustar_disposition": "N,U,I2,L,0",
        "first_name_lower": "ckmtestpixel",
        "last_name_lower": "ckmtestpixel",
        "opt_special_offers": "on",
        "ckm_campaign_id": "4587"
      }
    },
    "dispositions": {
      "disposition": {
        "disposition_type": "Sent to Review Queue",
        "reason": "neustar: This value is not valid",
        "filter": "Equals Value"
      }
    },
    "pings": "",
    "posts": "",
    "sales": ""
  }
}
✅ First API Data retrieved on attempt 1
[ppc-st2][Tablet - Chrome] 📡 Fetching Second API data for Lead ID: 97613D9A...
[ppc-st2][Tablet - Chrome] 📡 Standard Second API Payload: cake_id=97613D9A, domain_name=https://www.taxreliefadvocates.com
[ppc-st2][Tablet - Chrome] [STDERR] (node:6688) Warning: Setting the NODE_TLS_REJECT_UNAUTHORIZED environment variable to '0' makes TLS connections and HTTPS requests insecure by disabling certificate verification.
(Use `node --trace-warnings ...` to show where the warning was created)
[ppc-st2][Tablet - Chrome] [STDERR] ❌ Second API Attempt 1 failed: Request failed with status code 404
[ppc-st2][Tablet - Chrome] ⏳ Retrying in 1 second to allow database synchronization...
[ppc-st2][Tablet - Chrome] 📡 Standard Second API Payload: cake_id=97613D9A, domain_name=https://www.taxreliefadvocates.com
[ppc-st2][Tablet - Chrome] [STDERR] ❌ Second API Attempt 2 failed: Request failed with status code 404
[ppc-st2][Tablet - Chrome] ⏳ Retrying in 1 second to allow database synchronization...
[ppc-st2][Tablet - Chrome] 📡 Standard Second API Payload: cake_id=97613D9A, domain_name=https://www.taxreliefadvocates.com
[ppc-st2][Tablet - Chrome] [STDERR] ❌ Second API Attempt 3 failed: Request failed with status code 404
[ppc-st2][Tablet - Chrome] ⏳ Retrying in 1 second to allow database synchronization...
[ppc-st2][Tablet - Chrome] 📡 Standard Second API Payload: cake_id=97613D9A, domain_name=https://www.taxreliefadvocates.com
[ppc-st2][Tablet - Chrome] [STDERR] ❌ Second API Attempt 4 failed: Request failed with status code 404
[ppc-st2][Tablet - Chrome] ⏳ Retrying in 1 second to allow database synchronization...
[ppc-st2][Tablet - Chrome] 📡 Standard Second API Payload: cake_id=97613D9A, domain_name=https://www.taxreliefadvocates.com
[ppc-st2][Tablet - Chrome] [STDERR] ❌ Second API Attempt 5 failed: Request failed with status code 404
[ppc-st2][Tablet - Chrome] 📡 [Rest-Assurance] Verifying Lead ID: 97613D9A via Backend...
[ppc-st2][Tablet - Chrome] 🛡️  [Rest-Assurance] VERIFIED (Backend Debt: 10000)
[ppc-st2][Tablet - Chrome] ✅ Row appended successfully to sheet: PPC-ST2
[ppc-st2][Tablet - Chrome] ⚠️  Non-fatal formatting error for PPC-ST2 (Banding might already exist): Invalid requests[2].addBanding: You cannot add alternating background colors to a range that already has alternating background colors.
[ppc-st2][Tablet - Chrome] ✅ Lead processed successfully for PPC-ST2 Tablet
[ppc-st2][Tablet - Chrome] 🎥 Video saved successfully: traces/videos/PPC-ST2_PPC-ST2_Tablet.webm
[ppc-st2][Tablet - Chrome] 
✅ Execution successfully processed! { success: true, leadId: '97613D9A', brand: 'PPC-ST2 Tablet' }
[ppc-st2][Tablet - Chrome] [STDERR] ❌ Automation Run encountered a fatal exception: tracing.stop: Target page, context or browser has been closed
✅ [15/5/2026, 10:26:50 am] COMPLETED: ppc-st2 [Tablet - Chrome][CHROMIUM]

================================================================
🚀 [15/5/2026, 10:26:50 am] RUNNING: PPC-ST2 [WINDOWS - CHROME]
🔗 Target URL: https://flmtra.com/?a=659&oc=858&c=2210&s1=
================================================================
[ppc-st2][Windows - Chrome] 🔌 [Browser Interceptor] Intercepting and optimizing engine: CHROMIUM
[ppc-st2][Windows - Chrome] ◇ injected env (0) from .env // tip: ⌘ enable debugging { debug: true }
[ppc-st2][Windows - Chrome] ◇ injected env (0) from .env // tip: ◈ secrets for agents [www.dotenvx.com]
[ppc-st2][Windows - Chrome] ◇ injected env (0) from .env // tip: ⌘ custom filepath { path: '/custom/path/.env' }
[ppc-st2][Windows - Chrome] ◇ injected env (0) from .env // tip: ◈ encrypted .env [www.dotenvx.com]
[ppc-st2][Windows - Chrome] ◇ injected env (0) from .env // tip: ⌘ enable debugging { debug: true }
[ppc-st2][Windows - Chrome] 
🤖 ================================================================
🤖 MASTER RUNNER: LAUNCHING PPC-ST2
[ppc-st2][Windows - Chrome] 🤖 Mode:            DESKTOP
🤖 Tracking URL:     https://flmtra.com/?a=659&oc=858&c=2210&s1=
🤖 Target Sheet:    PPC-ST2
🤖 ================================================================
[ppc-st2][Windows - Chrome] 🔌 [Browser Interceptor] Intercepting and optimizing engine: CHROMIUM
[ppc-st2][Windows - Chrome] 💻 Emulated Device Profile: DESKTOP - [Windows - Chrome]
[ppc-st2][Windows - Chrome] 🔄 Processing lead for brand: PPC-ST2
[ppc-st2][Windows - Chrome] 📊 Campaign execution run index: 49
[ppc-st2][Windows - Chrome] 🎯 Enforcing dynamic credentials & parameters:
   - First Name:   ckmtestpixel
   - Last Name:    ckmtestpixel
   - Email:        ckmtestpixel@gmail.com
   - Phone Number: 401-247-1049
   - Slider Value: 1,797
   - State Value:  Wyoming
[ppc-st2][Windows - Chrome] 🔗 Navigating to: https://flmtra.com/?a=659&oc=858&c=2210&s1=
[ppc-st2][Windows - Chrome] ✅ Page loaded successfully
[ppc-st2][Windows - Chrome] 📝 Starting multi-step form filling process...
[ppc-st2][Windows - Chrome] 🔘 Step 1: Handling Debt Amount (1,797)
[ppc-st2][Windows - Chrome] 🔘 Attempting to click .next-btn1, .btn-next
[ppc-st2][Windows - Chrome] ✅ Clicked .next-btn1, .btn-next
[ppc-st2][Windows - Chrome] ✅ Reached a recognized terminal step (State or Contact). Stopping dynamic traversal.
[ppc-st2][Windows - Chrome] 🔘 Step: Selecting State
[ppc-st2][Windows - Chrome] ✅ Selected state dynamically: "Wisconsin"
📝 step3 column set to State: "Wisconsin"
[ppc-st2][Windows - Chrome] 🔘 Clicking generic NEXT button
[ppc-st2][Windows - Chrome] ✅ Clicked generic NEXT button
[ppc-st2][Windows - Chrome] 🔘 Filling Contact Info (Dynamic Loop)...
[ppc-st2][Windows - Chrome] ✅ Filled First Name: ckmtestpixel
[ppc-st2][Windows - Chrome] ✅ Filled Last Name: ckmtestpixel
[ppc-st2][Windows - Chrome] ✅ Filled Email: ckmtestpixel@gmail.com
[ppc-st2][Windows - Chrome] ✅ Filled Phone: 401-247-1049
[ppc-st2][Windows - Chrome] 🔘 Clicking active contact NEXT/SUBMIT button...
[ppc-st2][Windows - Chrome] [STDERR] ❌ Error during form filling: locator.click: Timeout 25000ms exceeded.
Call log:
[2m  - waiting for locator('#primary_phone:visible, #phone:visible, #phone_home:visible, input[name="phone"]:visible, input[name="phone_home"]:visible, input[name="primary_phone"]:visible, input[type="tel"]:visible').first()[22m
[2m    - locator resolved to <input type="tel" id="primary_phone" placeholder="Phone" name="primary_phone" aria-invalid="false" class="form-control valid" data-gtm-form-interact-field-id="4"/>[22m
[2m  - attempting click action[22m
[2m    2 × waiting for element to be visible, enabled and stable[22m
[2m      - element is visible, enabled and stable[22m
[2m      - scrolling into view if needed[22m
[2m      - done scrolling[22m
[2m      - <div class="loader">Loading…</div> intercepts pointer events[22m
[2m    - retrying click action[22m
[2m    - waiting 20ms[22m
[2m    2 × waiting for element to be visible, enabled and stable[22m
[2m      - element is visible, enabled and stable[22m
[2m      - scrolling into view if needed[22m
[2m      - done scrolling[22m
[2m      - <div class="loader">Loading…</div> intercepts pointer events[22m
[2m    - retrying click action[22m
[2m      - waiting 100ms[22m
[2m    3 × waiting for element to be visible, enabled and stable[22m
[2m      - element is visible, enabled and stable[22m
[2m      - scrolling into view if needed[22m
[2m      - done scrolling[22m
[2m      - <div class="loader">Loading…</div> intercepts pointer events[22m
[2m    - retrying click action[22m
[2m      - waiting 500ms[22m
[2m    - waiting for" https://tra.com/thank-you/nn?debt=10000&leadid=C17BE5A6&reqid=26782680&affid=659&oid=133" navigation to finish...[22m
[2m    - navigated to "https://tra.com/thank-you/nn?debt=10000&leadid=C17BE5A6&reqid=26782680&affid=659&oid=133"[22m
[2m    - waiting for element to be visible, enabled and stable[22m
[2m  - element was detached from the DOM, retrying[22m

[ppc-st2][Windows - Chrome] [STDERR] ❌ Failed processing PPC-ST2: locator.click: Timeout 25000ms exceeded.
Call log:
[2m  - waiting for locator('#primary_phone:visible, #phone:visible, #phone_home:visible, input[name="phone"]:visible, input[name="phone_home"]:visible, input[name="primary_phone"]:visible, input[type="tel"]:visible').first()[22m
[2m    - locator resolved to <input type="tel" id="primary_phone" placeholder="Phone" name="primary_phone" aria-invalid="false" class="form-control valid" data-gtm-form-interact-field-id="4"/>[22m
[2m  - attempting click action[22m
[2m    2 × waiting for element to be visible, enabled and stable[22m
[2m      - element is visible, enabled and stable[22m
[2m      - scrolling into view if needed[22m
[2m      - done scrolling[22m
[2m      - <div class="loader">Loading…</div> intercepts pointer events[22m
[2m    - retrying click action[22m
[2m    - waiting 20ms[22m
[2m    2 × waiting for element to be visible, enabled and stable[22m
[2m      - element is visible, enabled and stable[22m
[2m      - scrolling into view if needed[22m
[2m      - done scrolling[22m
[2m      - <div class="loader">Loading…</div> intercepts pointer events[22m
[2m    - retrying click action[22m
[2m      - waiting 100ms[22m
[2m    3 × waiting for element to be visible, enabled and stable[22m
[2m      - element is visible, enabled and stable[22m
[2m      - scrolling into view if needed[22m
[2m      - done scrolling[22m
[2m      - <div class="loader">Loading…</div> intercepts pointer events[22m
[2m    - retrying click action[22m
[2m      - waiting 500ms[22m
[2m    - waiting for" https://tra.com/thank-you/nn?debt=10000&leadid=C17BE5A6&reqid=26782680&affid=659&oid=133" navigation to finish...[22m
[2m    - navigated to "https://tra.com/thank-you/nn?debt=10000&leadid=C17BE5A6&reqid=26782680&affid=659&oid=133"[22m
[2m    - waiting for element to be visible, enabled and stable[22m
[2m  - element was detached from the DOM, retrying[22m

[ppc-st2][Windows - Chrome] 
✅ Execution successfully processed! {
  success: false,
  error: 'locator.click: Timeout 25000ms exceeded.\n' +
    'Call log:\n' +
    `\x1B[2m  - waiting for locator('#primary_phone:visible, #phone:visible, #phone_home:visible, input[name="phone"]:visible, input[name="phone_home"]:visible, input[name="primary_phone"]:visible, input[type="tel"]:visible').first()\x1B[22m\n` +
    '\x1B[2m    - locator resolved to <input type="tel" id="primary_phone" placeholder="Phone" name="primary_phone" aria-invalid="false" class="form-control valid" data-gtm-form-interact-field-id="4"/>\x1B[22m\n' +
    '\x1B[2m  - attempting click action\x1B[22m\n' +
    '\x1B[2m    2 × waiting for element to be visible, enabled and stable\x1B[22m\n' +
    '\x1B[2m      - element is visible, enabled and stable\x1B[22m\n' +
    '\x1B[2m      - scrolling into view if needed\x1B[22m\n' +
    '\x1B[2m      - done scrolling\x1B[22m\n' +
    '\x1B[2m      - <div class="loader">Loading…</div> intercepts pointer events\x1B[22m\n' +
    '\x1B[2m    - retrying click action\x1B[22m\n' +
    '\x1B[2m    - waiting 20ms\x1B[22m\n' +
    '\x1B[2m    2 × waiting for element to be visible, enabled and stable\x1B[22m\n' +
    '\x1B[2m      - element is visible, enabled and stable\x1B[22m\n' +
    '\x1B[2m      - scrolling into view if needed\x1B[22m\n' +
    '\x1B[2m      - done scrolling\x1B[22m\n' +
    '\x1B[2m      - <div class="loader">Loading…</div> intercepts pointer events\x1B[22m\n' +
    '\x1B[2m    - retrying click action\x1B[22m\n' +
    '\x1B[2m      - waiting 100ms\x1B[22m\n' +
    '\x1B[2m    3 × waiting for element to be visible, enabled and stable\x1B[22m\n' +
    '\x1B[2m      - element is visible, enabled and stable\x1B[22m\n' +
    '\x1B[2m      - scrolling into view if needed\x1B[22m\n' +
    '\x1B[2m      - done scrolling\x1B[22m\n' +
    '\x1B[2m      - <div class="loader">Loading…</div> intercepts pointer events\x1B[22m\n' +
    '\x1B[2m    - retrying click action\x1B[22m\n' +
    '\x1B[2m      - waiting 500ms\x1B[22m\n' +
    '\x1B[2m    - waiting for" https://tra.com/thank-you/nn?debt=10000&leadid=C17BE5A6&reqid=26782680&affid=659&oid=133" navigation to finish...\x1B[22m\n' +
    '\x1B[2m    - navigated to "https://tra.com/thank-you/nn?debt=10000&leadid=C17BE5A6&reqid=26782680&affid=659&oid=133"\x1B[22m\n' +
    '\x1B[2m    - waiting for element to be visible, enabled and stable\x1B[22m\n' +
    '\x1B[2m  - element was detached from the DOM, retrying\x1B[22m\n',
  brand: 'PPC-ST2'
}
[ppc-st2][Windows - Chrome] 📋 Trace report successfully saved: traces/ppc-st2_desktop.zip
✅ [15/5/2026, 10:27:47 am] COMPLETED: ppc-st2 [Windows - Chrome][CHROMIUM]

================================================================
🚀 [15/5/2026, 10:27:47 am] RUNNING: PPC-ST2 [WINDOWS - FIREFOX]
🔗 Target URL: https://flmtra.com/?a=659&oc=858&c=2210&s1=
================================================================
[ppc-st2][Windows - Firefox] 🔌 [Browser Interceptor] Intercepting and optimizing engine: FIREFOX
[ppc-st2][Windows - Firefox] ◇ injected env (0) from .env // tip: ◈ encrypted .env [www.dotenvx.com]
[ppc-st2][Windows - Firefox] ◇ injected env (0) from .env // tip: ⌘ suppress logs { quiet: true }
[ppc-st2][Windows - Firefox] ◇ injected env (0) from .env // tip: ◈ secrets for agents [www.dotenvx.com]
[ppc-st2][Windows - Firefox] ◇ injected env (0) from .env // tip: ◈ secrets for agents [www.dotenvx.com]
[ppc-st2][Windows - Firefox] ◇ injected env (0) from .env // tip: ⌘ override existing { override: true }
[ppc-st2][Windows - Firefox] 
🤖 ================================================================
🤖 MASTER RUNNER: LAUNCHING PPC-ST2
🤖 Mode:            DESKTOP
🤖 Tracking URL:     https://flmtra.com/?a=659&oc=858&c=2210&s1=
🤖 Target Sheet:    PPC-ST2
🤖 ================================================================
🔌 [Browser Interceptor] Intercepting and optimizing engine: FIREFOX
[ppc-st2][Windows - Firefox] 💻 Emulated Device Profile: DESKTOP - [Windows - Firefox]
[ppc-st2][Windows - Firefox] 🔌 [Browser Interceptor] Sanitizing mobile context options for Firefox emulation...
[ppc-st2][Windows - Firefox] 🔌 [Browser Interceptor] Sanitizing mobile context options for Firefox emulation...
[ppc-st2][Windows - Firefox] 🔄 Processing lead for brand: PPC-ST2
[ppc-st2][Windows - Firefox] 📊 Campaign execution run index: 51
[ppc-st2][Windows - Firefox] 🎯 Enforcing dynamic credentials & parameters:
[ppc-st2][Windows - Firefox]    - First Name:   ckmtestpixel
   - Last Name:    ckmtestpixel
   - Email:        ckmtestpixel@gmail.com
   - Phone Number: 401-247-1051
   - Slider Value: 7,949
[ppc-st2][Windows - Firefox]    - State Value:  Alaska
[ppc-st2][Windows - Firefox] 🔗 Navigating to: https://flmtra.com/?a=659&oc=858&c=2210&s1=
[ppc-st2][Windows - Firefox] ✅ Page loaded successfully
[ppc-st2][Windows - Firefox] 📝 Starting multi-step form filling process...
[ppc-st2][Windows - Firefox] 🔘 Step 1: Handling Debt Amount (7,949)
[ppc-st2][Windows - Firefox] 🔘 Attempting to click .next-btn1, .btn-next
[ppc-st2][Windows - Firefox] ✅ Clicked .next-btn1, .btn-next
[ppc-st2][Windows - Firefox] ✅ Reached a recognized terminal step (State or Contact). Stopping dynamic traversal.
[ppc-st2][Windows - Firefox] 🔘 Step: Selecting State
[ppc-st2][Windows - Firefox] ✅ Selected state dynamically: "Alabama"
📝 step3 column set to State: "Alabama"
[ppc-st2][Windows - Firefox] 🔘 Clicking generic NEXT button
[ppc-st2][Windows - Firefox] ✅ Clicked generic NEXT button
[ppc-st2][Windows - Firefox] 🔘 Filling Contact Info (Dynamic Loop)...
[ppc-st2][Windows - Firefox] ✅ Filled First Name: ckmtestpixel
[ppc-st2][Windows - Firefox] ✅ Filled Last Name: ckmtestpixel
[ppc-st2][Windows - Firefox] ✅ Filled Email: ckmtestpixel@gmail.com
[ppc-st2][Windows - Firefox] ✅ Filled Phone: 401-247-1051
[ppc-st2][Windows - Firefox] 🔘 Clicking active contact NEXT/SUBMIT button...
[ppc-st2][Windows - Firefox] [STDERR] ❌ Error during form filling: locator.click: Timeout 25000ms exceeded.
Call log:
[2m  - waiting for locator('#primary_phone:visible, #phone:visible, #phone_home:visible, input[name="phone"]:visible, input[name="phone_home"]:visible, input[name="primary_phone"]:visible, input[type="tel"]:visible').first()[22m
[2m    - locator resolved to <input type="tel" id="primary_phone" placeholder="Phone" name="primary_phone" aria-invalid="false" class="form-control valid" data-gtm-form-interact-field-id="4"/>[22m
[2m  - attempting click action[22m
[2m    2 × waiting for element to be visible, enabled and stable[22m
[2m      - element is visible, enabled and stable[22m
[2m      - scrolling into view if needed[22m
[2m      - done scrolling[22m
[2m      - <div class="loader">Loading…</div> intercepts pointer events[22m
[2m    - retrying click action[22m
[2m    - waiting 20ms[22m
[2m    2 × waiting for element to be visible, enabled and stable[22m
[2m      - element is visible, enabled and stable[22m
[2m      - scrolling into view if needed[22m
[2m      - done scrolling[22m
[2m      - <div class="loader">Loading…</div> intercepts pointer events[22m
[2m    - retrying click action[22m
[2m      - waiting 100ms[22m
[2m    3 × waiting for element to be visible, enabled and stable[22m
[2m      - element is visible, enabled and stable[22m
[2m      - scrolling into view if needed[22m
[2m      - done scrolling[22m
[2m      - <div class="loader">Loading…</div> intercepts pointer events[22m
[2m    - retrying click action[22m
[2m      - waiting 500ms[22m
[2m    - waiting for" https://tra.com/thank-you/nn?debt=10000&leadid=723F4936&reqid=26782683&affid=659&oid=133" navigation to finish...[22m
[2m    - navigated to "https://tra.com/thank-you/nn?debt=10000&leadid=723F4936&reqid=26782683&affid=659&oid=133"[22m
[2m    - waiting for element to be visible, enabled and stable[22m
[2m  - element was detached from the DOM, retrying[22m

❌ Failed processing PPC-ST2: locator.click: Timeout 25000ms exceeded.
Call log:
[2m  - waiting for locator('#primary_phone:visible, #phone:visible, #phone_home:visible, input[name="phone"]:visible, input[name="phone_home"]:visible, input[name="primary_phone"]:visible, input[type="tel"]:visible').first()[22m
[2m    - locator resolved to <input type="tel" id="primary_phone" placeholder="Phone" name="primary_phone" aria-invalid="false" class="form-control valid" data-gtm-form-interact-field-id="4"/>[22m
[2m  - attempting click action[22m
[2m    2 × waiting for element to be visible, enabled and stable[22m
[2m      - element is visible, enabled and stable[22m
[2m      - scrolling into view if needed[22m
[2m      - done scrolling[22m
[2m      - <div class="loader">Loading…</div> intercepts pointer events[22m
[2m    - retrying click action[22m
[2m    - waiting 20ms[22m
[2m    2 × waiting for element to be visible, enabled and stable[22m
[2m      - element is visible, enabled and stable[22m
[2m      - scrolling into view if needed[22m
[2m      - done scrolling[22m
[2m      - <div class="loader">Loading…</div> intercepts pointer events[22m
[2m    - retrying click action[22m
[2m      - waiting 100ms[22m
[2m    3 × waiting for element to be visible, enabled and stable[22m
[2m      - element is visible, enabled and stable[22m
[2m      - scrolling into view if needed[22m
[2m      - done scrolling[22m
[2m      - <div class="loader">Loading…</div> intercepts pointer events[22m
[2m    - retrying click action[22m
[2m      - waiting 500ms[22m
[2m    - waiting for" https://tra.com/thank-you/nn?debt=10000&leadid=723F4936&reqid=26782683&affid=659&oid=133" navigation to finish...[22m
[2m    - navigated to "https://tra.com/thank-you/nn?debt=10000&leadid=723F4936&reqid=26782683&affid=659&oid=133"[22m
[2m    - waiting for element to be visible, enabled and stable[22m
[2m  - element was detached from the DOM, retrying[22m

[ppc-st2][Windows - Firefox] 
✅ Execution successfully processed! {
  success: false,
  error: 'locator.click: Timeout 25000ms exceeded.\n' +
    'Call log:\n' +
    `\x1B[2m  - waiting for locator('#primary_phone:visible, #phone:visible, #phone_home:visible, input[name="phone"]:visible, input[name="phone_home"]:visible, input[name="primary_phone"]:visible, input[type="tel"]:visible').first()\x1B[22m\n` +
    '\x1B[2m    - locator resolved to <input type="tel" id="primary_phone" placeholder="Phone" name="primary_phone" aria-invalid="false" class="form-control valid" data-gtm-form-interact-field-id="4"/>\x1B[22m\n' +
    '\x1B[2m  - attempting click action\x1B[22m\n' +
    '\x1B[2m    2 × waiting for element to be visible, enabled and stable\x1B[22m\n' +
    '\x1B[2m      - element is visible, enabled and stable\x1B[22m\n' +
    '\x1B[2m      - scrolling into view if needed\x1B[22m\n' +
    '\x1B[2m      - done scrolling\x1B[22m\n' +
    '\x1B[2m      - <div class="loader">Loading…</div> intercepts pointer events\x1B[22m\n' +
    '\x1B[2m    - retrying click action\x1B[22m\n' +
    '\x1B[2m    - waiting 20ms\x1B[22m\n' +
    '\x1B[2m    2 × waiting for element to be visible, enabled and stable\x1B[22m\n' +
    '\x1B[2m      - element is visible, enabled and stable\x1B[22m\n' +
    '\x1B[2m      - scrolling into view if needed\x1B[22m\n' +
    '\x1B[2m      - done scrolling\x1B[22m\n' +
    '\x1B[2m      - <div class="loader">Loading…</div> intercepts pointer events\x1B[22m\n' +
    '\x1B[2m    - retrying click action\x1B[22m\n' +
    '\x1B[2m      - waiting 100ms\x1B[22m\n' +
    '\x1B[2m    3 × waiting for element to be visible, enabled and stable\x1B[22m\n' +
    '\x1B[2m      - element is visible, enabled and stable\x1B[22m\n' +
    '\x1B[2m      - scrolling into view if needed\x1B[22m\n' +
    '\x1B[2m      - done scrolling\x1B[22m\n' +
    '\x1B[2m      - <div class="loader">Loading…</div> intercepts pointer events\x1B[22m\n' +
    '\x1B[2m    - retrying click action\x1B[22m\n' +
    '\x1B[2m      - waiting 500ms\x1B[22m\n' +
    '\x1B[2m    - waiting for" https://tra.com/thank-you/nn?debt=10000&leadid=723F4936&reqid=26782683&affid=659&oid=133" navigation to finish...\x1B[22m\n' +
    '\x1B[2m    - navigated to "https://tra.com/thank-you/nn?debt=10000&leadid=723F4936&reqid=26782683&affid=659&oid=133"\x1B[22m\n' +
    '\x1B[2m    - waiting for element to be visible, enabled and stable\x1B[22m\n' +
    '\x1B[2m  - element was detached from the DOM, retrying\x1B[22m\n',
  brand: 'PPC-ST2'
}
[ppc-st2][Windows - Firefox] 📋 Trace report successfully saved: traces/ppc-st2_desktop.zip
✅ [15/5/2026, 10:28:43 am] COMPLETED: ppc-st2 [Windows - Firefox][FIREFOX]

================================================================
🚀 [15/5/2026, 10:28:43 am] RUNNING: PPC-ST2 [MAC - SAFARI]
🔗 Target URL: https://flmtra.com/?a=659&oc=858&c=2210&s1=
================================================================
[ppc-st2][MAC - Safari] 🔌 [Browser Interceptor] Intercepting and optimizing engine: WEBKIT
[ppc-st2][MAC - Safari] ◇ injected env (0) from .env // tip: ⌁ auth for agents [www.vestauth.com]
[ppc-st2][MAC - Safari] ◇ injected env (0) from .env // tip: ◈ secrets for agents [www.dotenvx.com]
[ppc-st2][MAC - Safari] ◇ injected env (0) from .env // tip: ◈ encrypted .env [www.dotenvx.com]
[ppc-st2][MAC - Safari] ◇ injected env (0) from .env // tip: ⌘ enable debugging { debug: true }
[ppc-st2][MAC - Safari] ◇ injected env (0) from .env // tip: ⌘ override existing { override: true }
[ppc-st2][MAC - Safari] 
🤖 ================================================================
🤖 MASTER RUNNER: LAUNCHING PPC-ST2
[ppc-st2][MAC - Safari] 🤖 Mode:            DESKTOP
🤖 Tracking URL:     https://flmtra.com/?a=659&oc=858&c=2210&s1=
[ppc-st2][MAC - Safari] 🤖 Target Sheet:    PPC-ST2
[ppc-st2][MAC - Safari] 🤖 ================================================================
[ppc-st2][MAC - Safari] 🔌 [Browser Interceptor] Intercepting and optimizing engine: WEBKIT
[ppc-st2][MAC - Safari] 💻 Emulated Device Profile: DESKTOP - [MAC - Safari]
[ppc-st2][MAC - Safari] 🔄 Processing lead for brand: PPC-ST2
[ppc-st2][MAC - Safari] 📊 Campaign execution run index: 53
[ppc-st2][MAC - Safari] 🎯 Enforcing dynamic credentials & parameters:
   - First Name:   ckmtestpixel
[ppc-st2][MAC - Safari]    - Last Name:    ckmtestpixel
   - Email:        ckmtestpixel@gmail.com
   - Phone Number: 401-247-1053
   - Slider Value: 20,139
   - State Value:  Arkansas
[ppc-st2][MAC - Safari] 🔗 Navigating to: https://flmtra.com/?a=659&oc=858&c=2210&s1=
[ppc-st2][MAC - Safari] ✅ Page loaded successfully
[ppc-st2][MAC - Safari] 📝 Starting multi-step form filling process...
[ppc-st2][MAC - Safari] 🔘 Step 1: Handling Debt Amount (20,139)
[ppc-st2][MAC - Safari] 🔘 Attempting to click .next-btn1, .btn-next
[ppc-st2][MAC - Safari] ✅ Clicked .next-btn1, .btn-next
[ppc-st2][MAC - Safari] ✅ Reached a recognized terminal step (State or Contact). Stopping dynamic traversal.
[ppc-st2][MAC - Safari] 🔘 Step: Selecting State
[ppc-st2][MAC - Safari] ✅ Selected state dynamically: "Arizona"
📝 step3 column set to State: "Arizona"
[ppc-st2][MAC - Safari] 🔘 Clicking generic NEXT button
[ppc-st2][MAC - Safari] ✅ Clicked generic NEXT button
[ppc-st2][MAC - Safari] 🔘 Filling Contact Info (Dynamic Loop)...
[ppc-st2][MAC - Safari] ✅ Filled First Name: ckmtestpixel
[ppc-st2][MAC - Safari] ✅ Filled Last Name: ckmtestpixel
[ppc-st2][MAC - Safari] ✅ Filled Email: ckmtestpixel@gmail.com
[ppc-st2][MAC - Safari] ✅ Filled Phone: 401-247-1053
[ppc-st2][MAC - Safari] 🔘 Clicking active contact NEXT/SUBMIT button...
[ppc-st2][MAC - Safari] [STDERR] ❌ Error during form filling: locator.click: Timeout 25000ms exceeded.
Call log:
[2m  - waiting for locator('#primary_phone:visible, #phone:visible, #phone_home:visible, input[name="phone"]:visible, input[name="phone_home"]:visible, input[name="primary_phone"]:visible, input[type="tel"]:visible').first()[22m
[2m    - locator resolved to <input type="tel" id="primary_phone" placeholder="Phone" name="primary_phone" aria-invalid="false" class="form-control valid"/>[22m
[2m  - attempting click action[22m
[2m    - waiting for element to be visible, enabled and stable[22m
[2m    - element is visible, enabled and stable[22m
[2m    - scrolling into view if needed[22m
[2m    - done scrolling[22m
[2m    - <div class="loader">Loading…</div> intercepts pointer events[22m
[2m  - retrying click action[22m
[2m    - waiting for element to be visible, enabled and stable[22m
[2m  - element was detached from the DOM, retrying[22m

[ppc-st2][MAC - Safari] [STDERR] ❌ Failed processing PPC-ST2: locator.click: Timeout 25000ms exceeded.
Call log:
[2m  - waiting for locator('#primary_phone:visible, #phone:visible, #phone_home:visible, input[name="phone"]:visible, input[name="phone_home"]:visible, input[name="primary_phone"]:visible, input[type="tel"]:visible').first()[22m
[2m    - locator resolved to <input type="tel" id="primary_phone" placeholder="Phone" name="primary_phone" aria-invalid="false" class="form-control valid"/>[22m
[2m  - attempting click action[22m
[2m    - waiting for element to be visible, enabled and stable[22m
[2m    - element is visible, enabled and stable[22m
[2m    - scrolling into view if needed[22m
[2m    - done scrolling[22m
[2m    - <div class="loader">Loading…</div> intercepts pointer events[22m
[2m  - retrying click action[22m
[2m    - waiting for element to be visible, enabled and stable[22m
[2m  - element was detached from the DOM, retrying[22m

[ppc-st2][MAC - Safari] 
✅ Execution successfully processed! {
  success: false,
  error: 'locator.click: Timeout 25000ms exceeded.\n' +
    'Call log:\n' +
    `\x1B[2m  - waiting for locator('#primary_phone:visible, #phone:visible, #phone_home:visible, input[name="phone"]:visible, input[name="phone_home"]:visible, input[name="primary_phone"]:visible, input[type="tel"]:visible').first()\x1B[22m\n` +
    '\x1B[2m    - locator resolved to <input type="tel" id="primary_phone" placeholder="Phone" name="primary_phone" aria-invalid="false" class="form-control valid"/>\x1B[22m\n' +
    '\x1B[2m  - attempting click action\x1B[22m\n' +
    '\x1B[2m    - waiting for element to be visible, enabled and stable\x1B[22m\n' +
    '\x1B[2m    - element is visible, enabled and stable\x1B[22m\n' +
    '\x1B[2m    - scrolling into view if needed\x1B[22m\n' +
    '\x1B[2m    - done scrolling\x1B[22m\n' +
    '\x1B[2m    - <div class="loader">Loading…</div> intercepts pointer events\x1B[22m\n' +
    '\x1B[2m  - retrying click action\x1B[22m\n' +
    '\x1B[2m    - waiting for element to be visible, enabled and stable\x1B[22m\n' +
    '\x1B[2m  - element was detached from the DOM, retrying\x1B[22m\n',
  brand: 'PPC-ST2'
}
[ppc-st2][MAC - Safari] 📋 Trace report successfully saved: traces/ppc-st2_desktop.zip
✅ [15/5/2026, 10:29:44 am] COMPLETED: ppc-st2 [MAC - Safari][WEBKIT]

================================================================
🚀 [15/5/2026, 10:29:45 am] RUNNING: PPC-ST2 [MAC - CHROME]
🔗 Target URL: https://flmtra.com/?a=659&oc=858&c=2210&s1=
================================================================
[ppc-st2][MAC - Chrome] 🔌 [Browser Interceptor] Intercepting and optimizing engine: CHROMIUM
[ppc-st2][MAC - Chrome] ◇ injected env (0) from .env // tip: ⌘ override existing { override: true }
[ppc-st2][MAC - Chrome] ◇ injected env (0) from .env // tip: ⌘ override existing { override: true }
[ppc-st2][MAC - Chrome] ◇ injected env (0) from .env // tip: ⌘ custom filepath { path: '/custom/path/.env' }
[ppc-st2][MAC - Chrome] ◇ injected env (0) from .env // tip: ⌘ custom filepath { path: '/custom/path/.env' }
[ppc-st2][MAC - Chrome] ◇ injected env (0) from .env // tip: ⌁ auth for agents [www.vestauth.com]
[ppc-st2][MAC - Chrome] 
🤖 ================================================================
[ppc-st2][MAC - Chrome] 🤖 MASTER RUNNER: LAUNCHING PPC-ST2
🤖 Mode:            DESKTOP
[ppc-st2][MAC - Chrome] 🤖 Tracking URL:     https://flmtra.com/?a=659&oc=858&c=2210&s1=
[ppc-st2][MAC - Chrome] 🤖 Target Sheet:    PPC-ST2
🤖 ================================================================
[ppc-st2][MAC - Chrome] 🔌 [Browser Interceptor] Intercepting and optimizing engine: CHROMIUM
[ppc-st2][MAC - Chrome] 💻 Emulated Device Profile: DESKTOP - [MAC - Chrome]
[ppc-st2][MAC - Chrome] 🔄 Processing lead for brand: PPC-ST2
[ppc-st2][MAC - Chrome] 📊 Campaign execution run index: 54
[ppc-st2][MAC - Chrome] 🎯 Enforcing dynamic credentials & parameters:
   - First Name:   ckmtestpixel
   - Last Name:    ckmtestpixel
   - Email:        ckmtestpixel@gmail.com
   - Phone Number: 401-247-1054
[ppc-st2][MAC - Chrome]    - Slider Value: 99,967
   - State Value:  California
[ppc-st2][MAC - Chrome] 🔗 Navigating to: https://flmtra.com/?a=659&oc=858&c=2210&s1=
[ppc-st2][MAC - Chrome] ✅ Page loaded successfully
[ppc-st2][MAC - Chrome] 📝 Starting multi-step form filling process...
[ppc-st2][MAC - Chrome] 🔘 Step 1: Handling Debt Amount (99,967)
[ppc-st2][MAC - Chrome] 🔘 Attempting to click .next-btn1, .btn-next
[ppc-st2][MAC - Chrome] ✅ Clicked .next-btn1, .btn-next
[ppc-st2][MAC - Chrome] ✅ Reached a recognized terminal step (State or Contact). Stopping dynamic traversal.
[ppc-st2][MAC - Chrome] 🔘 Step: Selecting State
[ppc-st2][MAC - Chrome] ✅ Selected state dynamically: "Arkansas"
📝 step3 column set to State: "Arkansas"
[ppc-st2][MAC - Chrome] 🔘 Clicking generic NEXT button
[ppc-st2][MAC - Chrome] ✅ Clicked generic NEXT button
[ppc-st2][MAC - Chrome] 🔘 Filling Contact Info (Dynamic Loop)...
[ppc-st2][MAC - Chrome] ✅ Filled First Name: ckmtestpixel
[ppc-st2][MAC - Chrome] ✅ Filled Last Name: ckmtestpixel
[ppc-st2][MAC - Chrome] ✅ Filled Email: ckmtestpixel@gmail.com
[ppc-st2][MAC - Chrome] ✅ Filled Phone: 401-247-1054
[ppc-st2][MAC - Chrome] 🔘 Clicking active contact NEXT/SUBMIT button...
[ppc-st2][MAC - Chrome] [STDERR] ❌ Error during form filling: locator.click: Timeout 25000ms exceeded.
Call log:
[2m  - waiting for locator('#primary_phone:visible, #phone:visible, #phone_home:visible, input[name="phone"]:visible, input[name="phone_home"]:visible, input[name="primary_phone"]:visible, input[type="tel"]:visible').first()[22m
[2m    - locator resolved to <input type="tel" id="primary_phone" placeholder="Phone" name="primary_phone" aria-invalid="false" class="form-control valid" data-gtm-form-interact-field-id="4"/>[22m
[2m  - attempting click action[22m
[2m    2 × waiting for element to be visible, enabled and stable[22m
[2m      - element is visible, enabled and stable[22m
[2m      - scrolling into view if needed[22m
[2m      - done scrolling[22m
[2m      - <div class="loader">Loading…</div> intercepts pointer events[22m
[2m    - retrying click action[22m
[2m    - waiting 20ms[22m
[2m    2 × waiting for element to be visible, enabled and stable[22m
[2m      - element is visible, enabled and stable[22m
[2m      - scrolling into view if needed[22m
[2m      - done scrolling[22m
[2m      - <div class="loader">Loading…</div> intercepts pointer events[22m
[2m    - retrying click action[22m
[2m      - waiting 100ms[22m
[2m    40 × waiting for element to be visible, enabled and stable[22m
[2m       - element is visible, enabled and stable[22m
[2m       - scrolling into view if needed[22m
[2m       - done scrolling[22m
[2m       - <div class="loader">Loading…</div> intercepts pointer events[22m
[2m     - retrying click action[22m
[2m       - waiting 500ms[22m
[2m    - waiting for element to be visible, enabled and stable[22m

[ppc-st2][MAC - Chrome] [STDERR] ❌ Failed processing PPC-ST2: locator.click: Timeout 25000ms exceeded.
Call log:
[2m  - waiting for locator('#primary_phone:visible, #phone:visible, #phone_home:visible, input[name="phone"]:visible, input[name="phone_home"]:visible, input[name="primary_phone"]:visible, input[type="tel"]:visible').first()[22m
[2m    - locator resolved to <input type="tel" id="primary_phone" placeholder="Phone" name="primary_phone" aria-invalid="false" class="form-control valid" data-gtm-form-interact-field-id="4"/>[22m
[2m  - attempting click action[22m
[2m    2 × waiting for element to be visible, enabled and stable[22m
[2m      - element is visible, enabled and stable[22m
[2m      - scrolling into view if needed[22m
[2m      - done scrolling[22m
[2m      - <div class="loader">Loading…</div> intercepts pointer events[22m
[2m    - retrying click action[22m
[2m    - waiting 20ms[22m
[2m    2 × waiting for element to be visible, enabled and stable[22m
[2m      - element is visible, enabled and stable[22m
[2m      - scrolling into view if needed[22m
[2m      - done scrolling[22m
[2m      - <div class="loader">Loading…</div> intercepts pointer events[22m
[2m    - retrying click action[22m
[2m      - waiting 100ms[22m
[2m    40 × waiting for element to be visible, enabled and stable[22m
[2m       - element is visible, enabled and stable[22m
[2m       - scrolling into view if needed[22m
[2m       - done scrolling[22m
[2m       - <div class="loader">Loading…</div> intercepts pointer events[22m
[2m     - retrying click action[22m
[2m       - waiting 500ms[22m
[2m    - waiting for element to be visible, enabled and stable[22m

[ppc-st2][MAC - Chrome] 
✅ Execution successfully processed! {
  success: false,
  error: 'locator.click: Timeout 25000ms exceeded.\n' +
    'Call log:\n' +
    `\x1B[2m  - waiting for locator('#primary_phone:visible, #phone:visible, #phone_home:visible, input[name="phone"]:visible, input[name="phone_home"]:visible, input[name="primary_phone"]:visible, input[type="tel"]:visible').first()\x1B[22m\n` +
    '\x1B[2m    - locator resolved to <input type="tel" id="primary_phone" placeholder="Phone" name="primary_phone" aria-invalid="false" class="form-control valid" data-gtm-form-interact-field-id="4"/>\x1B[22m\n' +
    '\x1B[2m  - attempting click action\x1B[22m\n' +
    '\x1B[2m    2 × waiting for element to be visible, enabled and stable\x1B[22m\n' +
    '\x1B[2m      - element is visible, enabled and stable\x1B[22m\n' +
    '\x1B[2m      - scrolling into view if needed\x1B[22m\n' +
    '\x1B[2m      - done scrolling\x1B[22m\n' +
    '\x1B[2m      - <div class="loader">Loading…</div> intercepts pointer events\x1B[22m\n' +
    '\x1B[2m    - retrying click action\x1B[22m\n' +
    '\x1B[2m    - waiting 20ms\x1B[22m\n' +
    '\x1B[2m    2 × waiting for element to be visible, enabled and stable\x1B[22m\n' +
    '\x1B[2m      - element is visible, enabled and stable\x1B[22m\n' +
    '\x1B[2m      - scrolling into view if needed\x1B[22m\n' +
    '\x1B[2m      - done scrolling\x1B[22m\n' +
    '\x1B[2m      - <div class="loader">Loading…</div> intercepts pointer events\x1B[22m\n' +
    '\x1B[2m    - retrying click action\x1B[22m\n' +
    '\x1B[2m      - waiting 100ms\x1B[22m\n' +
    '\x1B[2m    40 × waiting for element to be visible, enabled and stable\x1B[22m\n' +
    '\x1B[2m       - element is visible, enabled and stable\x1B[22m\n' +
    '\x1B[2m       - scrolling into view if needed\x1B[22m\n' +
    '\x1B[2m       - done scrolling\x1B[22m\n' +
    '\x1B[2m       - <div class="loader">Loading…</div> intercepts pointer events\x1B[22m\n' +
    '\x1B[2m     - retrying click action\x1B[22m\n' +
    '\x1B[2m       - waiting 500ms\x1B[22m\n' +
    '\x1B[2m    - waiting for element to be visible, enabled and stable\x1B[22m\n',
  brand: 'PPC-ST2'
}
[ppc-st2][MAC - Chrome] 📋 Trace report successfully saved: traces/ppc-st2_desktop.zip
✅ [15/5/2026, 10:30:43 am] COMPLETED: ppc-st2 [MAC - Chrome][CHROMIUM]

================================================================
🚀 [15/5/2026, 10:30:43 am] RUNNING: PPC-ST2 [DIRECT API]
🔗 Target URL: https://flmtra.com/?a=659&oc=858&c=2210&s1=
================================================================
[ppc-st2][Direct API] 🔌 [Browser Interceptor] Intercepting and optimizing engine: CHROMIUM
[ppc-st2][Direct API] ◇ injected env (0) from .env // tip: ⌘ override existing { override: true }
[ppc-st2][Direct API] ◇ injected env (0) from .env // tip: ◈ secrets for agents [www.dotenvx.com]
[ppc-st2][Direct API] ◇ injected env (0) from .env // tip: ◈ encrypted .env [www.dotenvx.com]
[ppc-st2][Direct API] ◇ injected env (0) from .env // tip: ⌘ override existing { override: true }
[ppc-st2][Direct API] ◇ injected env (0) from .env // tip: ◈ encrypted .env [www.dotenvx.com]
[ppc-st2][Direct API] 
🤖 ================================================================
🤖 MASTER RUNNER: LAUNCHING PPC-ST2
🤖 Mode:            API
[ppc-st2][Direct API] 🤖 Tracking URL:     https://flmtra.com/?a=659&oc=858&c=2210&s1=
🤖 Target Sheet:    PPC-ST2
🤖 ================================================================
[ppc-st2][Direct API] 🔌 [Browser Interceptor] Intercepting and optimizing engine: CHROMIUM
[ppc-st2][Direct API] 📡 Initializing direct HTTP automation context (NO BROWSER)...
[ppc-st2][Direct API] 📡 Dispatching direct API POST request payload...
[ppc-st2][Direct API] 📡 [API Mode] Executing direct headless form processor for PPC-ST2...
[ppc-st2][Direct API] 🔌 [Browser Interceptor] Intercepting and optimizing engine: CHROMIUM
[ppc-st2][Direct API] 🔄 Processing lead for brand: PPC-ST2
[ppc-st2][Direct API] 📊 Campaign execution run index: 10
[ppc-st2][Direct API] 🎯 Enforcing dynamic credentials & parameters:
   - First Name:   ckmtestpixel
   - Last Name:    ckmtestpixel
   - Email:        ckmtestpixel@gmail.com
   - Phone Number: 401-247-1010
   - Slider Value: 16,769
[ppc-st2][Direct API]    - State Value:  Hawaii
[ppc-st2][Direct API] 🔗 Navigating to: https://flmtra.com/?a=659&oc=858&c=2210&s1=
[ppc-st2][Direct API] ✅ Page loaded successfully
[ppc-st2][Direct API] 📝 Starting multi-step form filling process...
[ppc-st2][Direct API] 🔘 Step 1: Handling Debt Amount (16,769)
[ppc-st2][Direct API] 🔘 Attempting to click .next-btn1, .btn-next
[ppc-st2][Direct API] ✅ Clicked .next-btn1, .btn-next
[ppc-st2][Direct API] ✅ Reached a recognized terminal step (State or Contact). Stopping dynamic traversal.
[ppc-st2][Direct API] 🔘 Step: Selecting State
[ppc-st2][Direct API] ✅ Selected state dynamically: "Georgia"
📝 step3 column set to State: "Georgia"
[ppc-st2][Direct API] 🔘 Clicking generic NEXT button
[ppc-st2][Direct API] ✅ Clicked generic NEXT button
[ppc-st2][Direct API] 🔘 Filling Contact Info (Dynamic Loop)...
[ppc-st2][Direct API] ✅ Filled First Name: ckmtestpixel
[ppc-st2][Direct API] ✅ Filled Last Name: ckmtestpixel
[ppc-st2][Direct API] ✅ Filled Email: ckmtestpixel@gmail.com
[ppc-st2][Direct API] ✅ Filled Phone: 401-247-1010
[ppc-st2][Direct API] 🔘 Clicking active contact NEXT/SUBMIT button...
[ppc-st2][Direct API] [STDERR] ❌ Error during form filling: locator.click: Timeout 30000ms exceeded.
Call log:
[2m  - waiting for locator('#primary_phone:visible, #phone:visible, #phone_home:visible, input[name="phone"]:visible, input[name="phone_home"]:visible, input[name="primary_phone"]:visible, input[type="tel"]:visible').first()[22m
[2m    - locator resolved to <input type="tel" id="primary_phone" placeholder="Phone" name="primary_phone" aria-invalid="false" class="form-control valid" data-gtm-form-interact-field-id="4"/>[22m
[2m  - attempting click action[22m
[2m    2 × waiting for element to be visible, enabled and stable[22m
[2m      - element is visible, enabled and stable[22m
[2m      - scrolling into view if needed[22m
[2m      - done scrolling[22m
[2m      - <div class="loader">Loading…</div> intercepts pointer events[22m
[2m    - retrying click action[22m
[2m    - waiting 20ms[22m
[2m    2 × waiting for element to be visible, enabled and stable[22m
[2m      - element is visible, enabled and stable[22m
[2m      - scrolling into view if needed[22m
[2m      - done scrolling[22m
[2m      - <div class="loader">Loading…</div> intercepts pointer events[22m
[2m    - retrying click action[22m
[2m      - waiting 100ms[22m
[2m    10 × waiting for element to be visible, enabled and stable[22m
[2m       - element is visible, enabled and stable[22m
[2m       - scrolling into view if needed[22m
[2m       - done scrolling[22m
[2m       - <div class="loader">Loading…</div> intercepts pointer events[22m
[2m     - retrying click action[22m
[2m       - waiting 500ms[22m
[2m    - waiting for" https://tra.com/thank-you/nn?debt=10000&leadid=0760DD93&reqid=26782693&affid=659&oid=133" navigation to finish...[22m
[2m    - navigated to "https://tra.com/thank-you/nn?debt=10000&leadid=0760DD93&reqid=26782693&affid=659&oid=133"[22m
[2m    - waiting for element to be visible, enabled and stable[22m
[2m  - element was detached from the DOM, retrying[22m

[ppc-st2][Direct API] [STDERR] ❌ Failed processing PPC-ST2: locator.click: Timeout 30000ms exceeded.
Call log:
[2m  - waiting for locator('#primary_phone:visible, #phone:visible, #phone_home:visible, input[name="phone"]:visible, input[name="phone_home"]:visible, input[name="primary_phone"]:visible, input[type="tel"]:visible').first()[22m
[2m    - locator resolved to <input type="tel" id="primary_phone" placeholder="Phone" name="primary_phone" aria-invalid="false" class="form-control valid" data-gtm-form-interact-field-id="4"/>[22m
[2m  - attempting click action[22m
[2m    2 × waiting for element to be visible, enabled and stable[22m
[2m      - element is visible, enabled and stable[22m
[2m      - scrolling into view if needed[22m
[2m      - done scrolling[22m
[2m      - <div class="loader">Loading…</div> intercepts pointer events[22m
[2m    - retrying click action[22m
[2m    - waiting 20ms[22m
[2m    2 × waiting for element to be visible, enabled and stable[22m
[2m      - element is visible, enabled and stable[22m
[2m      - scrolling into view if needed[22m
[2m      - done scrolling[22m
[2m      - <div class="loader">Loading…</div> intercepts pointer events[22m
[2m    - retrying click action[22m
[2m      - waiting 100ms[22m
[2m    10 × waiting for element to be visible, enabled and stable[22m
[2m       - element is visible, enabled and stable[22m
[2m       - scrolling into view if needed[22m
[2m       - done scrolling[22m
[2m       - <div class="loader">Loading…</div> intercepts pointer events[22m
[2m     - retrying click action[22m
[2m       - waiting 500ms[22m
[2m    - waiting for" https://tra.com/thank-you/nn?debt=10000&leadid=0760DD93&reqid=26782693&affid=659&oid=133" navigation to finish...[22m
[2m    - navigated to "https://tra.com/thank-you/nn?debt=10000&leadid=0760DD93&reqid=26782693&affid=659&oid=133"[22m
[2m    - waiting for element to be visible, enabled and stable[22m
[2m  - element was detached from the DOM, retrying[22m

[ppc-st2][Direct API] 
✅ Direct API Automation Completed Successfully!
[ppc-st2][Direct API] 📋 Response Object: {
  "success": false,
  "error": "locator.click: Timeout 30000ms exceeded.\nCall log:\n\u001b[2m  - waiting for locator('#primary_phone:visible, #phone:visible, #phone_home:visible, input[name=\"phone\"]:visible, input[name=\"phone_home\"]:visible, input[name=\"primary_phone\"]:visible, input[type=\"tel\"]:visible').first()\u001b[22m\n\u001b[2m    - locator resolved to <input type=\"tel\" id=\"primary_phone\" placeholder=\"Phone\" name=\"primary_phone\" aria-invalid=\"false\" class=\"form-control valid\" data-gtm-form-interact-field-id=\"4\"/>\u001b[22m\n\u001b[2m  - attempting click action\u001b[22m\n\u001b[2m    2 × waiting for element to be visible, enabled and stable\u001b[22m\n\u001b[2m      - element is visible, enabled and stable\u001b[22m\n\u001b[2m      - scrolling into view if needed\u001b[22m\n\u001b[2m      - done scrolling\u001b[22m\n\u001b[2m      - <div class=\"loader\">Loading…</div> intercepts pointer events\u001b[22m\n\u001b[2m    - retrying click action\u001b[22m\n\u001b[2m    - waiting 20ms\u001b[22m\n\u001b[2m    2 × waiting for element to be visible, enabled and stable\u001b[22m\n\u001b[2m      - element is visible, enabled and stable\u001b[22m\n\u001b[2m      - scrolling into view if needed\u001b[22m\n\u001b[2m      - done scrolling\u001b[22m\n\u001b[2m      - <div class=\"loader\">Loading…</div> intercepts pointer events\u001b[22m\n\u001b[2m    - retrying click action\u001b[22m\n\u001b[2m      - waiting 100ms\u001b[22m\n\u001b[2m    10 × waiting for element to be visible, enabled and stable\u001b[22m\n\u001b[2m       - element is visible, enabled and stable\u001b[22m\n\u001b[2m       - scrolling into view if needed\u001b[22m\n\u001b[2m       - done scrolling\u001b[22m\n\u001b[2m       - <div class=\"loader\">Loading…</div> intercepts pointer events\u001b[22m\n\u001b[2m     - retrying click action\u001b[22m\n\u001b[2m       - waiting 500ms\u001b[22m\n\u001b[2m    - waiting for\" https://tra.com/thank-you/nn?debt=10000&leadid=0760DD93&reqid=26782693&affid=659&oid=133\" navigation to finish...\u001b[22m\n\u001b[2m    - navigated to \"https://tra.com/thank-you/nn?debt=10000&leadid=0760DD93&reqid=26782693&affid=659&oid=133\"\u001b[22m\n\u001b[2m    - waiting for element to be visible, enabled and stable\u001b[22m\n\u001b[2m  - element was detached from the DOM, retrying\u001b[22m\n",
  "brand": "PPC-ST2"
}
✅ [15/5/2026, 10:31:36 am] COMPLETED: ppc-st2 [Direct API][CHROMIUM]

================================================================
⚡ Processing Campaign Matrix: [PPC-M-CA]
================================================================

================================================================
🚀 [15/5/2026, 10:31:36 am] RUNNING: PPC-M-CA [ANDROID - CHROME]
🔗 Target URL: https://flmtra.com/?a=659&oc=822&c=2210&s1=
================================================================
[ppc-m-ca][Android - Chrome] 🔌 [Browser Interceptor] Intercepting and optimizing engine: CHROMIUM
[ppc-m-ca][Android - Chrome] ◇ injected env (0) from .env // tip: ⌘ multiple files { path: ['.env.local', '.env'] }
[ppc-m-ca][Android - Chrome] ◇ injected env (0) from .env // tip: ◈ encrypted .env [www.dotenvx.com]
[ppc-m-ca][Android - Chrome] ◇ injected env (0) from .env // tip: ◈ encrypted .env [www.dotenvx.com]
[ppc-m-ca][Android - Chrome] ◇ injected env (0) from .env // tip: ⌘ override existing { override: true }
[ppc-m-ca][Android - Chrome] ◇ injected env (0) from .env // tip: ⌘ custom filepath { path: '/custom/path/.env' }
[ppc-m-ca][Android - Chrome] 
🤖 ================================================================
🤖 MASTER RUNNER: LAUNCHING PPC-M-CA
🤖 Mode:            MOBILE
[ppc-m-ca][Android - Chrome] 🤖 Tracking URL:     https://flmtra.com/?a=659&oc=822&c=2210&s1=
🤖 Target Sheet:    PPC-M/CA
🤖 ================================================================
🔌 [Browser Interceptor] Intercepting and optimizing engine: CHROMIUM
[ppc-m-ca][Android - Chrome] 📋 Emulated Device Profile: MOBILE (Pixel 7) - [Android - Chrome]
[ppc-m-ca][Android - Chrome] ⏳ Delaying 200ms to allow responsive layouts to mount...
[ppc-m-ca][Android - Chrome] 🔄 Processing lead for brand: PPC-M-CA Mobile
[ppc-m-ca][Android - Chrome] 📊 Campaign execution run index: 31
[ppc-m-ca][Android - Chrome] 🎯 Enforcing dynamic credentials & parameters:
   - First Name:   ckmtestpixel
   - Last Name:    ckmtestpixel
   - Email:        ckmtestpixel@gmail.com
   - Phone Number: 401-247-1031
   - Slider Value: 10,489
   - State Value:  New York
[ppc-m-ca][Android - Chrome] 🔗 [Mobile] Navigating to: https://flmtra.com/?a=659&oc=822&c=2210&s1=
[ppc-m-ca][Android - Chrome] ✅ [Mobile] Page loaded successfully
[ppc-m-ca][Android - Chrome] 📱 [Mobile] Injecting high-fidelity glossy Natural Titanium iPhone 17 Pro mockup frame...
[ppc-m-ca][Android - Chrome] 📱 [Mobile] Injecting high-fidelity glossy Natural Titanium iPhone 17 Pro mockup frame...
[ppc-m-ca][Android - Chrome] 📝 [Mobile] Starting mobile-specific form filling...
[ppc-m-ca][Android - Chrome] 🔘 [Mobile] Step 1: Selecting Debt Amount (10,489)
[ppc-m-ca][Android - Chrome] ✅ [Mobile] Selected debt amount: span:has-text("$10,000")
[ppc-m-ca][Android - Chrome] 🔘 [Mobile] Clicking active visible button: .next-btn1:visible, .btn-next:visible
[ppc-m-ca][Android - Chrome] ✅ [Mobile] Clicked: .next-btn1:visible, .btn-next:visible
[ppc-m-ca][Android - Chrome] 📱 [Mobile] Injecting high-fidelity glossy Natural Titanium iPhone 17 Pro mockup frame...
[ppc-m-ca][Android - Chrome] ✅ [Mobile] Reached a recognized terminal step (State or Contact). Stopping dynamic traversal.
[ppc-m-ca][Android - Chrome] 🔘 [Mobile] Step 2: Selecting State
[ppc-m-ca][Android - Chrome] ✅ [Mobile] Selected state dynamically: "New Mexico"
📝 [Mobile] step3 column set to State: "New Mexico"
[ppc-m-ca][Android - Chrome] 🔘 [Mobile] Clicking active visible button: .next-btn:visible, .next-btn2:visible, .btn-next:visible
[ppc-m-ca][Android - Chrome] ✅ [Mobile] Clicked: .next-btn:visible, .next-btn2:visible, .btn-next:visible
[ppc-m-ca][Android - Chrome] 📱 [Mobile] Injecting high-fidelity glossy Natural Titanium iPhone 17 Pro mockup frame...
[ppc-m-ca][Android - Chrome] 🔘 [Mobile] Step 3: Filling Contact Info (Dynamic Loop)...
[ppc-m-ca][Android - Chrome] 📱 [Mobile] Injecting high-fidelity glossy Natural Titanium iPhone 17 Pro mockup frame...
[ppc-m-ca][Android - Chrome] ✅ [Mobile] Filled First Name: ckmtestpixel
[ppc-m-ca][Android - Chrome] ✅ [Mobile] Filled Last Name: ckmtestpixel
[ppc-m-ca][Android - Chrome] ✅ [Mobile] Filled Email: ckmtestpixel@gmail.com
[ppc-m-ca][Android - Chrome] ✅ [Mobile] Filled Phone: 401-247-1031
[ppc-m-ca][Android - Chrome] 🔘 [Mobile] Clicking active contact NEXT/SUBMIT button...
[ppc-m-ca][Android - Chrome] 📱 [Mobile] Injecting high-fidelity glossy Natural Titanium iPhone 17 Pro mockup frame...
[ppc-m-ca][Android - Chrome] ✅ [Mobile] Filled Phone: 401-247-1031
[ppc-m-ca][Android - Chrome] 🔘 [Mobile] Clicking active contact NEXT/SUBMIT button...
[ppc-m-ca][Android - Chrome] 📱 [Mobile] Injecting high-fidelity glossy Natural Titanium iPhone 17 Pro mockup frame...
[ppc-m-ca][Android - Chrome] ✅ [Mobile] Filled First Name: ckmtestpixel
[ppc-m-ca][Android - Chrome] 🔘 [Mobile] No active contact NEXT/SUBMIT button visible. Exiting loop.
🔘 [Mobile] Scanning for additional dynamic steps...
[ppc-m-ca][Android - Chrome] 🔘 [Mobile] Submitting form
[ppc-m-ca][Android - Chrome] ⏳ [Mobile] Waiting for submission navigation to complete
[ppc-m-ca][Android - Chrome] [STDERR] ⚠️ [Mobile] Standard submit buttons not found, consulting FLM Agent...
[ppc-m-ca][Android - Chrome] 🤖 [FLM Agent] Analyzing Submit button for global...
[ppc-m-ca][Android - Chrome] ⏳ [Mobile] Waiting for final Thank You page redirection...
[ppc-m-ca][Android - Chrome] ✅ [Mobile] Targeted final redirect URL achieved!
[ppc-m-ca][Android - Chrome] ✅ [Mobile] Final Thank You URL: https://tra.com/thank-you?debt=#tax_debt#&leadid=#leadid#&reqid=#reqid#&affid=#affid#&oid=133&page=tra_ppcm_ca
[ppc-m-ca][Android - Chrome] [STDERR] ⚠️ [Mobile] No Lead ID found in URL
[ppc-m-ca][Android - Chrome] 📱 Device Type detected: Android - Chrome
[ppc-m-ca][Android - Chrome] [STDERR] ⚠️ No Lead ID found. This is likely a duplicate lead submission redirected to a static thank you page. Using DUPLICATE fallback.
[ppc-m-ca][Android - Chrome] ✅ Lead captured: DUPLICATE
[ppc-m-ca][Android - Chrome] [STDERR] (node:8008) Warning: Setting the NODE_TLS_REJECT_UNAUTHORIZED environment variable to '0' makes TLS connections and HTTPS requests insecure by disabling certificate verification.
(Use `node --trace-warnings ...` to show where the warning was created)
[ppc-m-ca][Android - Chrome] ✅ Row appended successfully to sheet: PPC-M/CA
[ppc-m-ca][Android - Chrome] ⚠️  Non-fatal formatting error for PPC-M/CA (Banding might already exist): Invalid requests[2].addBanding: You cannot add alternating background colors to a range that already has alternating background colors.
✅ Lead processed successfully for PPC-M-CA Mobile
[ppc-m-ca][Android - Chrome] 🎥 Video saved successfully: traces/videos/PPC-M/CA_PPC-M-CA_Mobile.webm
[ppc-m-ca][Android - Chrome] 
✅ Execution successfully processed! { success: true, leadId: null, brand: 'PPC-M-CA Mobile' }
[ppc-m-ca][Android - Chrome] [STDERR] ❌ Automation Run encountered a fatal exception: tracing.stop: Target page, context or browser has been closed
✅ [15/5/2026, 10:32:31 am] COMPLETED: ppc-m-ca [Android - Chrome][CHROMIUM]

================================================================
🚀 [15/5/2026, 10:32:31 am] RUNNING: PPC-M-CA [ANDROID - FIREFOX]
🔗 Target URL: https://flmtra.com/?a=659&oc=822&c=2210&s1=
================================================================
[ppc-m-ca][Android - Firefox] 🔌 [Browser Interceptor] Intercepting and optimizing engine: FIREFOX
[ppc-m-ca][Android - Firefox] ◇ injected env (0) from .env // tip: ⌘ suppress logs { quiet: true }
[ppc-m-ca][Android - Firefox] ◇ injected env (0) from .env // tip: ⌘ override existing { override: true }
[ppc-m-ca][Android - Firefox] ◇ injected env (0) from .env // tip: ⌘ override existing { override: true }
[ppc-m-ca][Android - Firefox] ◇ injected env (0) from .env // tip: ⌁ auth for agents [www.vestauth.com]
[ppc-m-ca][Android - Firefox] ◇ injected env (0) from .env // tip: ⌘ suppress logs { quiet: true }
[ppc-m-ca][Android - Firefox] 
🤖 ================================================================
🤖 MASTER RUNNER: LAUNCHING PPC-M-CA
🤖 Mode:            MOBILE
[ppc-m-ca][Android - Firefox] 🤖 Tracking URL:     https://flmtra.com/?a=659&oc=822&c=2210&s1=
🤖 Target Sheet:    PPC-M/CA
🤖 ================================================================
[ppc-m-ca][Android - Firefox] 🔌 [Browser Interceptor] Intercepting and optimizing engine: FIREFOX
[ppc-m-ca][Android - Firefox] 📋 Emulated Device Profile: MOBILE (Pixel 7) - [Android - Firefox]
[ppc-m-ca][Android - Firefox] 🔌 [Browser Interceptor] Sanitizing mobile context options for Firefox emulation...
🔌 [Browser Interceptor] Sanitizing mobile context options for Firefox emulation...
[ppc-m-ca][Android - Firefox] ⏳ Delaying 200ms to allow responsive layouts to mount...
[ppc-m-ca][Android - Firefox] 🔄 Processing lead for brand: PPC-M-CA Mobile
[ppc-m-ca][Android - Firefox] 📊 Campaign execution run index: 33
[ppc-m-ca][Android - Firefox] 🎯 Enforcing dynamic credentials & parameters:
   - First Name:   ckmtestpixel
   - Last Name:    ckmtestpixel
[ppc-m-ca][Android - Firefox]    - Email:        ckmtestpixel@gmail.com
   - Phone Number: 401-247-1033
   - Slider Value: 76,962
   - State Value:  North Dakota
[ppc-m-ca][Android - Firefox] 🔗 [Mobile] Navigating to: https://flmtra.com/?a=659&oc=822&c=2210&s1=
[ppc-m-ca][Android - Firefox] ✅ [Mobile] Page loaded successfully
[ppc-m-ca][Android - Firefox] 📱 [Mobile] Injecting high-fidelity glossy Natural Titanium iPhone 17 Pro mockup frame...
[ppc-m-ca][Android - Firefox] 📱 [Mobile] Injecting high-fidelity glossy Natural Titanium iPhone 17 Pro mockup frame...
[ppc-m-ca][Android - Firefox] 📝 [Mobile] Starting mobile-specific form filling...
[ppc-m-ca][Android - Firefox] 🔘 [Mobile] Step 1: Selecting Debt Amount (76,962)
[ppc-m-ca][Android - Firefox] 🔘 [Mobile] Clicking active visible button: .next-btn1:visible, .btn-next:visible
[ppc-m-ca][Android - Firefox] ✅ [Mobile] Clicked: .next-btn1:visible, .btn-next:visible
[ppc-m-ca][Android - Firefox] 📱 [Mobile] Injecting high-fidelity glossy Natural Titanium iPhone 17 Pro mockup frame...
[ppc-m-ca][Android - Firefox] ✅ [Mobile] Reached a recognized terminal step (State or Contact). Stopping dynamic traversal.
[ppc-m-ca][Android - Firefox] 🔘 [Mobile] Step 2: Selecting State
[ppc-m-ca][Android - Firefox] ✅ [Mobile] Selected state dynamically: "North Carolina"
📝 [Mobile] step3 column set to State: "North Carolina"
[ppc-m-ca][Android - Firefox] 🔘 [Mobile] Clicking active visible button: .next-btn:visible, .next-btn2:visible, .btn-next:visible
[ppc-m-ca][Android - Firefox] ✅ [Mobile] Clicked: .next-btn:visible, .next-btn2:visible, .btn-next:visible
[ppc-m-ca][Android - Firefox] 📱 [Mobile] Injecting high-fidelity glossy Natural Titanium iPhone 17 Pro mockup frame...
[ppc-m-ca][Android - Firefox] 🔘 [Mobile] Step 3: Filling Contact Info (Dynamic Loop)...
[ppc-m-ca][Android - Firefox] 📱 [Mobile] Injecting high-fidelity glossy Natural Titanium iPhone 17 Pro mockup frame...
[ppc-m-ca][Android - Firefox] ✅ [Mobile] Filled First Name: ckmtestpixel
[ppc-m-ca][Android - Firefox] ✅ [Mobile] Filled Last Name: ckmtestpixel
[ppc-m-ca][Android - Firefox] ✅ [Mobile] Filled Email: ckmtestpixel@gmail.com
[ppc-m-ca][Android - Firefox] ✅ [Mobile] Filled Phone: 401-247-1033
[ppc-m-ca][Android - Firefox] 🔘 [Mobile] Clicking active contact NEXT/SUBMIT button...
[ppc-m-ca][Android - Firefox] 📱 [Mobile] Injecting high-fidelity glossy Natural Titanium iPhone 17 Pro mockup frame...
[ppc-m-ca][Android - Firefox] ✅ [Mobile] Filled Phone: 401-247-1033
[ppc-m-ca][Android - Firefox] 🔘 [Mobile] Clicking active contact NEXT/SUBMIT button...
[ppc-m-ca][Android - Firefox] 📱 [Mobile] Injecting high-fidelity glossy Natural Titanium iPhone 17 Pro mockup frame...
[ppc-m-ca][Android - Firefox] 🔘 [Mobile] No active contact NEXT/SUBMIT button visible. Exiting loop.
🔘 [Mobile] Scanning for additional dynamic steps...
[ppc-m-ca][Android - Firefox] 🔘 [Mobile] Submitting form
[ppc-m-ca][Android - Firefox] ⏳ [Mobile] Waiting for submission navigation to complete
[ppc-m-ca][Android - Firefox] [STDERR] ⚠️ [Mobile] Standard submit buttons not found, consulting FLM Agent...
[ppc-m-ca][Android - Firefox] 🤖 [FLM Agent] Analyzing Submit button for global...
[ppc-m-ca][Android - Firefox] ⏳ [Mobile] Waiting for final Thank You page redirection...
[ppc-m-ca][Android - Firefox] ✅ [Mobile] Targeted final redirect URL achieved!
[ppc-m-ca][Android - Firefox] ✅ [Mobile] Final Thank You URL: https://tra.com/thank-you?debt=10000&leadid=CDC5346A&reqid=26782700&affid=659&oid=133&page=tra_ppcm_ca
[ppc-m-ca][Android - Firefox] ✅ [Mobile] Extracted Lead ID: CDC5346A
[ppc-m-ca][Android - Firefox] 📱 Device Type detected: Android - Firefox
✅ Lead captured: CDC5346A
[ppc-m-ca][Android - Firefox] 📡 Fetching First API data for Lead ID: CDC5346A...
[ppc-m-ca][Android - Firefox] 📡 Raw XML Response: {
  "lead_info_response": {
    "$": {
      "xmlns:xsd": "http://www.w3.org/2001/XMLSchema",
      "xmlns:xsi": "http://www.w3.org/2001/XMLSchema-instance",
      "xmlns": "http://cakemarketing.com/api/1/"
    },
    "success": "true",
    "row_count": "1",
    "lead_id": "CDC5346A",
    "personal_info": {
      "first_name": "CKMTESTPIXEL",
      "last_name": "CKMTESTPIXEL",
      "email_address": "ckmtestpixel@gmail.com",
      "address": {
        "street": "",
        "city": "",
        "state": "NC",
        "zip_code": "28334",
        "country": ""
      },
      "ip_address": "27.54.170.27",
      "phone_work": "",
      "phone_home": "401-247-1033",
      "phone_cell": "",
      "best_call_time": "",
      "opt_in": "false"
    },
    "traffic_info": {
      "lead_date": "2026-05-14T22:02:52.863",
      "payout": {
        "currency_id": "1",
        "amount": "0.0000",
        "formatted_amount": "$0.00"
      },
      "affiliate": {
        "affiliate_id": {
          "_": "659",
          "$": {
            "xmlns": "API:id_name_store"
          }
        },
        "affiliate_name": {
          "_": "QA affiliate",
          "$": {
            "xmlns": "API:id_name_store"
          }
        }
      },
      "campaign": {
        "campaign_id": {
          "_": "4362",
          "$": {
            "xmlns": "API:id_name_store"
          }
        },
        "campaign_name": {
          "_": "TRA.com CPL - PPC M/CA - CPA - $1.00",
          "$": {
            "xmlns": "API:id_name_store"
          }
        }
      },
      "creative_id": "2210",
      "subid_1": "",
      "subid_2": "",
      "subid_3": "",
      "subid_4": "",
      "subid_5": "",
      "referrer": "",
      "pixel_fired": "true",
      "returned_to_affiliate": "false",
      "test": "true",
      "upsell": "false"
    },
    "all_vertical_data": {
      "data": {
        "$": {
          "xmlns": ""
        },
        "tax_debt": "10000",
        "universal_leadid": "3672C10D-36B4-6E7C-ACD4-96D7BB633597",
        "affid": "659",
        "TCPA_checkbox": "1",
        "reqid": "26782700",
        "page": "https://tra.com/ppcm/ca",
        "neustar": "fail",
        "neustar_disposition": "N,U,I4,L,0",
        "first_name_lower": "ckmtestpixel",
        "last_name_lower": "ckmtestpixel",
        "opt_special_offers": "on",
        "ckm_campaign_id": "4362"
      }
    },
    "dispositions": {
      "disposition": [
        {
          "disposition_type": "Not Paid For",
          "reason": "Unmatched Filter",
          "filter": "Nuestar Fail"
        },
        {
          "disposition_type": "Sent to Review Queue",
          "reason": "neustar: This value is not valid",
          "filter": "Equals Value"
        }
      ]
    },
    "pings": "",
    "posts": "",
    "sales": ""
  }
}
[ppc-m-ca][Android - Firefox] ✅ First API Data retrieved on attempt 1
[ppc-m-ca][Android - Firefox] 📡 Fetching Second API data for Lead ID: CDC5346A...
[ppc-m-ca][Android - Firefox] 📡 Standard Second API Payload: cake_id=CDC5346A, domain_name=https://www.taxreliefadvocates.com
[ppc-m-ca][Android - Firefox] [STDERR] (node:7680) Warning: Setting the NODE_TLS_REJECT_UNAUTHORIZED environment variable to '0' makes TLS connections and HTTPS requests insecure by disabling certificate verification.
(Use `node --trace-warnings ...` to show where the warning was created)
[ppc-m-ca][Android - Firefox] [STDERR] ❌ Second API Attempt 1 failed: Request failed with status code 404
[ppc-m-ca][Android - Firefox] ⏳ Retrying in 1 second to allow database synchronization...
[ppc-m-ca][Android - Firefox] 📡 Standard Second API Payload: cake_id=CDC5346A, domain_name=https://www.taxreliefadvocates.com
[ppc-m-ca][Android - Firefox] [STDERR] ❌ Second API Attempt 2 failed: Request failed with status code 404
[ppc-m-ca][Android - Firefox] ⏳ Retrying in 1 second to allow database synchronization...
[ppc-m-ca][Android - Firefox] 📡 Standard Second API Payload: cake_id=CDC5346A, domain_name=https://www.taxreliefadvocates.com
[ppc-m-ca][Android - Firefox] [STDERR] ❌ Second API Attempt 3 failed: Request failed with status code 404
[ppc-m-ca][Android - Firefox] ⏳ Retrying in 1 second to allow database synchronization...
[ppc-m-ca][Android - Firefox] 📡 Standard Second API Payload: cake_id=CDC5346A, domain_name=https://www.taxreliefadvocates.com
[ppc-m-ca][Android - Firefox] [STDERR] ❌ Second API Attempt 4 failed: Request failed with status code 404
[ppc-m-ca][Android - Firefox] ⏳ Retrying in 1 second to allow database synchronization...
[ppc-m-ca][Android - Firefox] 📡 Standard Second API Payload: cake_id=CDC5346A, domain_name=https://www.taxreliefadvocates.com
[ppc-m-ca][Android - Firefox] [STDERR] ❌ Second API Attempt 5 failed: Request failed with status code 404
[ppc-m-ca][Android - Firefox] 📡 [Rest-Assurance] Verifying Lead ID: CDC5346A via Backend...
[ppc-m-ca][Android - Firefox] 🛡️  [Rest-Assurance] VERIFIED (Backend Debt: 10000)
[ppc-m-ca][Android - Firefox] ✅ Row appended successfully to sheet: PPC-M/CA
[ppc-m-ca][Android - Firefox] ⚠️  Non-fatal formatting error for PPC-M/CA (Banding might already exist): Invalid requests[2].addBanding: You cannot add alternating background colors to a range that already has alternating background colors.
✅ Lead processed successfully for PPC-M-CA Mobile
[ppc-m-ca][Android - Firefox] 🎥 Video saved successfully: traces/videos/PPC-M/CA_PPC-M-CA_Mobile.webm
[ppc-m-ca][Android - Firefox] 
✅ Execution successfully processed! { success: true, leadId: 'CDC5346A', brand: 'PPC-M-CA Mobile' }
[ppc-m-ca][Android - Firefox] [STDERR] ❌ Automation Run encountered a fatal exception: tracing.stop: Target page, context or browser has been closed
✅ [15/5/2026, 10:33:26 am] COMPLETED: ppc-m-ca [Android - Firefox][FIREFOX]

================================================================
🚀 [15/5/2026, 10:33:26 am] RUNNING: PPC-M-CA [IOS - CHROME]
🔗 Target URL: https://flmtra.com/?a=659&oc=822&c=2210&s1=
================================================================
[ppc-m-ca][iOS - Chrome] 🔌 [Browser Interceptor] Intercepting and optimizing engine: CHROMIUM
[ppc-m-ca][iOS - Chrome] ◇ injected env (0) from .env // tip: ⌘ suppress logs { quiet: true }
[ppc-m-ca][iOS - Chrome] ◇ injected env (0) from .env // tip: ⌘ override existing { override: true }
[ppc-m-ca][iOS - Chrome] ◇ injected env (0) from .env // tip: ◈ encrypted .env [www.dotenvx.com]
[ppc-m-ca][iOS - Chrome] ◇ injected env (0) from .env // tip: ⌘ custom filepath { path: '/custom/path/.env' }
[ppc-m-ca][iOS - Chrome] ◇ injected env (0) from .env // tip: ⌘ suppress logs { quiet: true }
[ppc-m-ca][iOS - Chrome] 
🤖 ================================================================
🤖 MASTER RUNNER: LAUNCHING PPC-M-CA
[ppc-m-ca][iOS - Chrome] 🤖 Mode:            MOBILE
🤖 Tracking URL:     https://flmtra.com/?a=659&oc=822&c=2210&s1=
[ppc-m-ca][iOS - Chrome] 🤖 Target Sheet:    PPC-M/CA
🤖 ================================================================
[ppc-m-ca][iOS - Chrome] 🔌 [Browser Interceptor] Intercepting and optimizing engine: CHROMIUM
[ppc-m-ca][iOS - Chrome] 📋 Emulated Device Profile: MOBILE (iPhone 17 Pro Mode) - [iOS - Chrome]
[ppc-m-ca][iOS - Chrome] ⏳ Delaying 200ms to allow responsive layouts to mount...
[ppc-m-ca][iOS - Chrome] 🔄 Processing lead for brand: PPC-M-CA Mobile
[ppc-m-ca][iOS - Chrome] 📊 Campaign execution run index: 35
[ppc-m-ca][iOS - Chrome] 🎯 Enforcing dynamic credentials & parameters:
   - First Name:   ckmtestpixel
   - Last Name:    ckmtestpixel
   - Email:        ckmtestpixel@gmail.com
[ppc-m-ca][iOS - Chrome]    - Phone Number: 401-247-1035
   - Slider Value: 2,991
   - State Value:  Oklahoma
[ppc-m-ca][iOS - Chrome] 🔗 [Mobile] Navigating to: https://flmtra.com/?a=659&oc=822&c=2210&s1=
[ppc-m-ca][iOS - Chrome] ✅ [Mobile] Page loaded successfully
[ppc-m-ca][iOS - Chrome] 📱 [Mobile] Injecting high-fidelity glossy Natural Titanium iPhone 17 Pro mockup frame...
[ppc-m-ca][iOS - Chrome] 📱 [Mobile] Injecting high-fidelity glossy Natural Titanium iPhone 17 Pro mockup frame...
[ppc-m-ca][iOS - Chrome] 📝 [Mobile] Starting mobile-specific form filling...
[ppc-m-ca][iOS - Chrome] 🔘 [Mobile] Step 1: Selecting Debt Amount (2,991)
[ppc-m-ca][iOS - Chrome] 🔘 [Mobile] Clicking active visible button: .next-btn1:visible, .btn-next:visible
[ppc-m-ca][iOS - Chrome] ✅ [Mobile] Clicked: .next-btn1:visible, .btn-next:visible
[ppc-m-ca][iOS - Chrome] 📱 [Mobile] Injecting high-fidelity glossy Natural Titanium iPhone 17 Pro mockup frame...
[ppc-m-ca][iOS - Chrome] ✅ [Mobile] Reached a recognized terminal step (State or Contact). Stopping dynamic traversal.
[ppc-m-ca][iOS - Chrome] 🔘 [Mobile] Step 2: Selecting State
[ppc-m-ca][iOS - Chrome] ✅ [Mobile] Selected state dynamically: "Ohio"
📝 [Mobile] step3 column set to State: "Ohio"
[ppc-m-ca][iOS - Chrome] 🔘 [Mobile] Clicking active visible button: .next-btn:visible, .next-btn2:visible, .btn-next:visible
[ppc-m-ca][iOS - Chrome] ✅ [Mobile] Clicked: .next-btn:visible, .next-btn2:visible, .btn-next:visible
[ppc-m-ca][iOS - Chrome] 📱 [Mobile] Injecting high-fidelity glossy Natural Titanium iPhone 17 Pro mockup frame...
[ppc-m-ca][iOS - Chrome] 🔘 [Mobile] Step 3: Filling Contact Info (Dynamic Loop)...
[ppc-m-ca][iOS - Chrome] 📱 [Mobile] Injecting high-fidelity glossy Natural Titanium iPhone 17 Pro mockup frame...
[ppc-m-ca][iOS - Chrome] ✅ [Mobile] Filled First Name: ckmtestpixel
[ppc-m-ca][iOS - Chrome] ✅ [Mobile] Filled Last Name: ckmtestpixel
[ppc-m-ca][iOS - Chrome] ✅ [Mobile] Filled Email: ckmtestpixel@gmail.com
[ppc-m-ca][iOS - Chrome] ✅ [Mobile] Filled Phone: 401-247-1035
[ppc-m-ca][iOS - Chrome] 🔘 [Mobile] Clicking active contact NEXT/SUBMIT button...
[ppc-m-ca][iOS - Chrome] 📱 [Mobile] Injecting high-fidelity glossy Natural Titanium iPhone 17 Pro mockup frame...
[ppc-m-ca][iOS - Chrome] ✅ [Mobile] Filled Phone: 401-247-1035
[ppc-m-ca][iOS - Chrome] 🔘 [Mobile] Clicking active contact NEXT/SUBMIT button...
[ppc-m-ca][iOS - Chrome] 📱 [Mobile] Injecting high-fidelity glossy Natural Titanium iPhone 17 Pro mockup frame...
[ppc-m-ca][iOS - Chrome] 🔘 [Mobile] No active contact NEXT/SUBMIT button visible. Exiting loop.
[ppc-m-ca][iOS - Chrome] 🔘 [Mobile] Scanning for additional dynamic steps...
[ppc-m-ca][iOS - Chrome] 🔘 [Mobile] Submitting form
[ppc-m-ca][iOS - Chrome] ⏳ [Mobile] Waiting for submission navigation to complete
[ppc-m-ca][iOS - Chrome] [STDERR] ⚠️ [Mobile] Standard submit buttons not found, consulting FLM Agent...
[ppc-m-ca][iOS - Chrome] 🤖 [FLM Agent] Analyzing Submit button for global...
[ppc-m-ca][iOS - Chrome] ⏳ [Mobile] Waiting for final Thank You page redirection...
[ppc-m-ca][iOS - Chrome] ✅ [Mobile] Targeted final redirect URL achieved!
[ppc-m-ca][iOS - Chrome] ✅ [Mobile] Final Thank You URL: https://tra.com/thank-you?debt=10000&leadid=95D2A9CE&reqid=26782706&affid=659&oid=133&page=tra_ppcm_ca
[ppc-m-ca][iOS - Chrome] ✅ [Mobile] Extracted Lead ID: 95D2A9CE
[ppc-m-ca][iOS - Chrome] 📱 Device Type detected: iOS - Chrome
✅ Lead captured: 95D2A9CE
[ppc-m-ca][iOS - Chrome] 📡 Fetching First API data for Lead ID: 95D2A9CE...
[ppc-m-ca][iOS - Chrome] 📡 Raw XML Response: {
  "lead_info_response": {
    "$": {
      "xmlns:xsd": "http://www.w3.org/2001/XMLSchema",
      "xmlns:xsi": "http://www.w3.org/2001/XMLSchema-instance",
      "xmlns": "http://cakemarketing.com/api/1/"
    },
    "success": "true",
    "row_count": "1",
    "lead_id": "95D2A9CE",
    "personal_info": {
      "first_name": "CKMTESTPIXEL",
      "last_name": "CKMTESTPIXEL",
      "email_address": "ckmtestpixel@gmail.com",
      "address": {
        "street": "",
        "city": "",
        "state": "OH",
        "zip_code": "43902",
        "country": ""
      },
      "ip_address": "27.54.170.27",
      "phone_work": "",
      "phone_home": "401-247-1035",
      "phone_cell": "",
      "best_call_time": "",
      "opt_in": "false"
    },
    "traffic_info": {
      "lead_date": "2026-05-14T22:03:48.63",
      "payout": {
        "currency_id": "1",
        "amount": "0.0000",
        "formatted_amount": "$0.00"
      },
      "affiliate": {
        "affiliate_id": {
          "_": "659",
          "$": {
            "xmlns": "API:id_name_store"
          }
        },
        "affiliate_name": {
          "_": "QA affiliate",
          "$": {
            "xmlns": "API:id_name_store"
          }
        }
      },
      "campaign": {
        "campaign_id": {
          "_": "4362",
          "$": {
            "xmlns": "API:id_name_store"
          }
        },
        "campaign_name": {
          "_": "TRA.com CPL - PPC M/CA - CPA - $1.00",
          "$": {
            "xmlns": "API:id_name_store"
          }
        }
      },
      "creative_id": "2210",
      "subid_1": "",
      "subid_2": "",
      "subid_3": "",
      "subid_4": "",
      "subid_5": "",
      "referrer": "",
      "pixel_fired": "true",
      "returned_to_affiliate": "false",
      "test": "true",
      "upsell": "false"
    },
    "all_vertical_data": {
      "data": {
        "$": {
          "xmlns": ""
        },
        "tax_debt": "10000",
        "universal_leadid": "F1300048-A057-30FC-71F0-A9F91F14EC68",
        "affid": "659",
        "TCPA_checkbox": "1",
        "reqid": "26782706",
        "page": "https://tra.com/ppcm/ca",
        "neustar": "fail",
        "neustar_disposition": "N,U,I2,L,0",
        "first_name_lower": "ckmtestpixel",
        "last_name_lower": "ckmtestpixel",
        "opt_special_offers": "on",
        "ckm_campaign_id": "4362"
      }
    },
    "dispositions": {
      "disposition": [
        {
          "disposition_type": "Not Paid For",
          "reason": "Unmatched Filter",
          "filter": "Nuestar Fail"
        },
        {
          "disposition_type": "Sent to Review Queue",
          "reason": "neustar: This value is not valid",
          "filter": "Equals Value"
        }
      ]
    },
    "pings": "",
    "posts": "",
    "sales": ""
  }
}
✅ First API Data retrieved on attempt 1
[ppc-m-ca][iOS - Chrome] 📡 Fetching Second API data for Lead ID: 95D2A9CE...
[ppc-m-ca][iOS - Chrome] 📡 Standard Second API Payload: cake_id=95D2A9CE, domain_name=https://www.taxreliefadvocates.com
[ppc-m-ca][iOS - Chrome] [STDERR] (node:9696) Warning: Setting the NODE_TLS_REJECT_UNAUTHORIZED environment variable to '0' makes TLS connections and HTTPS requests insecure by disabling certificate verification.
(Use `node --trace-warnings ...` to show where the warning was created)
[ppc-m-ca][iOS - Chrome] [STDERR] ❌ Second API Attempt 1 failed: Request failed with status code 404
[ppc-m-ca][iOS - Chrome] ⏳ Retrying in 1 second to allow database synchronization...
[ppc-m-ca][iOS - Chrome] 📡 Standard Second API Payload: cake_id=95D2A9CE, domain_name=https://www.taxreliefadvocates.com
[ppc-m-ca][iOS - Chrome] [STDERR] ❌ Second API Attempt 2 failed: Request failed with status code 404
[ppc-m-ca][iOS - Chrome] ⏳ Retrying in 1 second to allow database synchronization...
[ppc-m-ca][iOS - Chrome] 📡 Standard Second API Payload: cake_id=95D2A9CE, domain_name=https://www.taxreliefadvocates.com
[ppc-m-ca][iOS - Chrome] [STDERR] ❌ Second API Attempt 3 failed: Request failed with status code 404
[ppc-m-ca][iOS - Chrome] ⏳ Retrying in 1 second to allow database synchronization...
[ppc-m-ca][iOS - Chrome] 📡 Standard Second API Payload: cake_id=95D2A9CE, domain_name=https://www.taxreliefadvocates.com
[ppc-m-ca][iOS - Chrome] [STDERR] ❌ Second API Attempt 4 failed: Request failed with status code 404
[ppc-m-ca][iOS - Chrome] ⏳ Retrying in 1 second to allow database synchronization...
[ppc-m-ca][iOS - Chrome] 📡 Standard Second API Payload: cake_id=95D2A9CE, domain_name=https://www.taxreliefadvocates.com
[ppc-m-ca][iOS - Chrome] [STDERR] ❌ Second API Attempt 5 failed: Request failed with status code 404
[ppc-m-ca][iOS - Chrome] 📡 [Rest-Assurance] Verifying Lead ID: 95D2A9CE via Backend...
[ppc-m-ca][iOS - Chrome] 🛡️  [Rest-Assurance] VERIFIED (Backend Debt: 10000)
[ppc-m-ca][iOS - Chrome] ✅ Row appended successfully to sheet: PPC-M/CA
[ppc-m-ca][iOS - Chrome] ⚠️  Non-fatal formatting error for PPC-M/CA (Banding might already exist): Invalid requests[2].addBanding: You cannot add alternating background colors to a range that already has alternating background colors.
[ppc-m-ca][iOS - Chrome] ✅ Lead processed successfully for PPC-M-CA Mobile
[ppc-m-ca][iOS - Chrome] 🎥 Video saved successfully: traces/videos/PPC-M/CA_PPC-M-CA_Mobile.webm
[ppc-m-ca][iOS - Chrome] 
✅ Execution successfully processed! { success: true, leadId: '95D2A9CE', brand: 'PPC-M-CA Mobile' }
[ppc-m-ca][iOS - Chrome] [STDERR] ❌ Automation Run encountered a fatal exception: tracing.stop: Target page, context or browser has been closed
✅ [15/5/2026, 10:34:24 am] COMPLETED: ppc-m-ca [iOS - Chrome][CHROMIUM]

================================================================
🚀 [15/5/2026, 10:34:24 am] RUNNING: PPC-M-CA [IOS - SAFARI]
🔗 Target URL: https://flmtra.com/?a=659&oc=822&c=2210&s1=
================================================================
[ppc-m-ca][iOS - Safari] 🔌 [Browser Interceptor] Intercepting and optimizing engine: WEBKIT
[ppc-m-ca][iOS - Safari] ◇ injected env (0) from .env // tip: ◈ secrets for agents [www.dotenvx.com]
[ppc-m-ca][iOS - Safari] ◇ injected env (0) from .env // tip: ⌘ suppress logs { quiet: true }
[ppc-m-ca][iOS - Safari] ◇ injected env (0) from .env // tip: ⌘ multiple files { path: ['.env.local', '.env'] }
[ppc-m-ca][iOS - Safari] ◇ injected env (0) from .env // tip: ⌘ custom filepath { path: '/custom/path/.env' }
[ppc-m-ca][iOS - Safari] ◇ injected env (0) from .env // tip: ◈ encrypted .env [www.dotenvx.com]
[ppc-m-ca][iOS - Safari] 
🤖 ================================================================
[ppc-m-ca][iOS - Safari] 🤖 MASTER RUNNER: LAUNCHING PPC-M-CA
🤖 Mode:            MOBILE
[ppc-m-ca][iOS - Safari] 🤖 Tracking URL:     https://flmtra.com/?a=659&oc=822&c=2210&s1=
[ppc-m-ca][iOS - Safari] 🤖 Target Sheet:    PPC-M/CA
🤖 ================================================================
[ppc-m-ca][iOS - Safari] 🔌 [Browser Interceptor] Intercepting and optimizing engine: WEBKIT
[ppc-m-ca][iOS - Safari] 📋 Emulated Device Profile: MOBILE (iPhone 17 Pro Mode) - [iOS - Safari]
[ppc-m-ca][iOS - Safari] ⏳ Delaying 200ms to allow responsive layouts to mount...
[ppc-m-ca][iOS - Safari] 🔄 Processing lead for brand: PPC-M-CA Mobile
[ppc-m-ca][iOS - Safari] 📊 Campaign execution run index: 37
[ppc-m-ca][iOS - Safari] 🎯 Enforcing dynamic credentials & parameters:
   - First Name:   ckmtestpixel
   - Last Name:    ckmtestpixel
   - Email:        ckmtestpixel@gmail.com
   - Phone Number: 401-247-1037
[ppc-m-ca][iOS - Safari]    - Slider Value: 8,284
   - State Value:  Pennsylvania
[ppc-m-ca][iOS - Safari] 🔗 [Mobile] Navigating to: https://flmtra.com/?a=659&oc=822&c=2210&s1=
[ppc-m-ca][iOS - Safari] ✅ [Mobile] Page loaded successfully
[ppc-m-ca][iOS - Safari] 📱 [Mobile] Injecting high-fidelity glossy Natural Titanium iPhone 17 Pro mockup frame...
[ppc-m-ca][iOS - Safari] 📱 [Mobile] Injecting high-fidelity glossy Natural Titanium iPhone 17 Pro mockup frame...
[ppc-m-ca][iOS - Safari] 📝 [Mobile] Starting mobile-specific form filling...
[ppc-m-ca][iOS - Safari] 🔘 [Mobile] Step 1: Selecting Debt Amount (8,284)
[ppc-m-ca][iOS - Safari] 🔘 [Mobile] Clicking active visible button: .next-btn1:visible, .btn-next:visible
[ppc-m-ca][iOS - Safari] ✅ [Mobile] Clicked: .next-btn1:visible, .btn-next:visible
[ppc-m-ca][iOS - Safari] 📱 [Mobile] Injecting high-fidelity glossy Natural Titanium iPhone 17 Pro mockup frame...
[ppc-m-ca][iOS - Safari] ✅ [Mobile] Reached a recognized terminal step (State or Contact). Stopping dynamic traversal.
[ppc-m-ca][iOS - Safari] 🔘 [Mobile] Step 2: Selecting State
[ppc-m-ca][iOS - Safari] ✅ [Mobile] Selected state dynamically: "Oregon"
[ppc-m-ca][iOS - Safari] 📝 [Mobile] step3 column set to State: "Oregon"
[ppc-m-ca][iOS - Safari] 🔘 [Mobile] Clicking active visible button: .next-btn:visible, .next-btn2:visible, .btn-next:visible
[ppc-m-ca][iOS - Safari] ✅ [Mobile] Clicked: .next-btn:visible, .next-btn2:visible, .btn-next:visible
[ppc-m-ca][iOS - Safari] 📱 [Mobile] Injecting high-fidelity glossy Natural Titanium iPhone 17 Pro mockup frame...
[ppc-m-ca][iOS - Safari] 🔘 [Mobile] Step 3: Filling Contact Info (Dynamic Loop)...
[ppc-m-ca][iOS - Safari] 📱 [Mobile] Injecting high-fidelity glossy Natural Titanium iPhone 17 Pro mockup frame...
[ppc-m-ca][iOS - Safari] ✅ [Mobile] Filled First Name: ckmtestpixel
[ppc-m-ca][iOS - Safari] ✅ [Mobile] Filled Last Name: ckmtestpixel
[ppc-m-ca][iOS - Safari] ✅ [Mobile] Filled Email: ckmtestpixel@gmail.com
[ppc-m-ca][iOS - Safari] ✅ [Mobile] Filled Phone: 401-247-1037
[ppc-m-ca][iOS - Safari] 🔘 [Mobile] Clicking active contact NEXT/SUBMIT button...
[ppc-m-ca][iOS - Safari] 📱 [Mobile] Injecting high-fidelity glossy Natural Titanium iPhone 17 Pro mockup frame...
[ppc-m-ca][iOS - Safari] ✅ [Mobile] Filled Phone: 401-247-1037
[ppc-m-ca][iOS - Safari] 🔘 [Mobile] Clicking active contact NEXT/SUBMIT button...
[ppc-m-ca][iOS - Safari] 📱 [Mobile] Injecting high-fidelity glossy Natural Titanium iPhone 17 Pro mockup frame...
[ppc-m-ca][iOS - Safari] 🔘 [Mobile] No active contact NEXT/SUBMIT button visible. Exiting loop.
🔘 [Mobile] Scanning for additional dynamic steps...
[ppc-m-ca][iOS - Safari] 🔘 [Mobile] Submitting form
[ppc-m-ca][iOS - Safari] ⏳ [Mobile] Waiting for submission navigation to complete
[ppc-m-ca][iOS - Safari] [STDERR] ⚠️ [Mobile] Standard submit buttons not found, consulting FLM Agent...
[ppc-m-ca][iOS - Safari] 🤖 [FLM Agent] Analyzing Submit button for global...
[ppc-m-ca][iOS - Safari] ⏳ [Mobile] Waiting for final Thank You page redirection...
[ppc-m-ca][iOS - Safari] ✅ [Mobile] Targeted final redirect URL achieved!
[ppc-m-ca][iOS - Safari] ✅ [Mobile] Final Thank You URL: https://tra.com/thank-you?debt=10000&leadid=AAD6E52B&reqid=26782708&affid=659&oid=133&page=tra_ppcm_ca
[ppc-m-ca][iOS - Safari] ✅ [Mobile] Extracted Lead ID: AAD6E52B
[ppc-m-ca][iOS - Safari] 📱 Device Type detected: iOS - Safari
✅ Lead captured: AAD6E52B
[ppc-m-ca][iOS - Safari] 📡 Fetching First API data for Lead ID: AAD6E52B...
[ppc-m-ca][iOS - Safari] 📡 Raw XML Response: {
  "lead_info_response": {
    "$": {
      "xmlns:xsd": "http://www.w3.org/2001/XMLSchema",
      "xmlns:xsi": "http://www.w3.org/2001/XMLSchema-instance",
      "xmlns": "http://cakemarketing.com/api/1/"
    },
    "success": "true",
    "row_count": "1",
    "lead_id": "AAD6E52B",
    "personal_info": {
      "first_name": "CKMTESTPIXEL",
      "last_name": "CKMTESTPIXEL",
      "email_address": "ckmtestpixel@gmail.com",
      "address": {
        "street": "",
        "city": "",
        "state": "OR",
        "zip_code": "97844",
        "country": ""
      },
      "ip_address": "27.54.170.27",
      "phone_work": "",
      "phone_home": "401-247-1037",
      "phone_cell": "",
      "best_call_time": "",
      "opt_in": "false"
    },
    "traffic_info": {
      "lead_date": "2026-05-14T22:04:49.393",
      "payout": {
        "currency_id": "1",
        "amount": "0.0000",
        "formatted_amount": "$0.00"
      },
      "affiliate": {
        "affiliate_id": {
          "_": "659",
          "$": {
            "xmlns": "API:id_name_store"
          }
        },
        "affiliate_name": {
          "_": "QA affiliate",
          "$": {
            "xmlns": "API:id_name_store"
          }
        }
      },
      "campaign": {
        "campaign_id": {
          "_": "4362",
          "$": {
            "xmlns": "API:id_name_store"
          }
        },
        "campaign_name": {
          "_": "TRA.com CPL - PPC M/CA - CPA - $1.00",
          "$": {
            "xmlns": "API:id_name_store"
          }
        }
      },
      "creative_id": "2210",
      "subid_1": "",
      "subid_2": "",
      "subid_3": "",
      "subid_4": "",
      "subid_5": "",
      "referrer": "",
      "pixel_fired": "true",
      "returned_to_affiliate": "false",
      "test": "true",
      "upsell": "false"
    },
    "all_vertical_data": {
      "data": {
        "$": {
          "xmlns": ""
        },
        "tax_debt": "10000",
        "universal_leadid": "3C9E3A9A-2A63-EF44-D6A3-B97C80BC53AE",
        "affid": "659",
        "TCPA_checkbox": "1",
        "reqid": "26782708",
        "page": "https://tra.com/ppcm/ca",
        "neustar": "fail",
        "neustar_disposition": "N,U,I4,L,0",
        "first_name_lower": "ckmtestpixel",
        "last_name_lower": "ckmtestpixel",
        "opt_special_offers": "on",
        "ckm_campaign_id": "4362"
      }
    },
    "dispositions": {
      "disposition": [
        {
          "disposition_type": "Not Paid For",
          "reason": "Unmatched Filter",
          "filter": "Nuestar Fail"
        },
        {
          "disposition_type": "Sent to Review Queue",
          "reason": "neustar: This value is not valid",
          "filter": "Equals Value"
        }
      ]
    },
    "pings": "",
    "posts": "",
    "sales": ""
  }
}
✅ First API Data retrieved on attempt 1
[ppc-m-ca][iOS - Safari] 📡 Fetching Second API data for Lead ID: AAD6E52B...
[ppc-m-ca][iOS - Safari] 📡 Standard Second API Payload: cake_id=AAD6E52B, domain_name=https://www.taxreliefadvocates.com
[ppc-m-ca][iOS - Safari] [STDERR] (node:13664) Warning: Setting the NODE_TLS_REJECT_UNAUTHORIZED environment variable to '0' makes TLS connections and HTTPS requests insecure by disabling certificate verification.
(Use `node --trace-warnings ...` to show where the warning was created)
[ppc-m-ca][iOS - Safari] [STDERR] ❌ Second API Attempt 1 failed: Request failed with status code 404
[ppc-m-ca][iOS - Safari] ⏳ Retrying in 1 second to allow database synchronization...
[ppc-m-ca][iOS - Safari] 📡 Standard Second API Payload: cake_id=AAD6E52B, domain_name=https://www.taxreliefadvocates.com
[ppc-m-ca][iOS - Safari] [STDERR] ❌ Second API Attempt 2 failed: Request failed with status code 404
[ppc-m-ca][iOS - Safari] ⏳ Retrying in 1 second to allow database synchronization...
[ppc-m-ca][iOS - Safari] 📡 Standard Second API Payload: cake_id=AAD6E52B, domain_name=https://www.taxreliefadvocates.com
[ppc-m-ca][iOS - Safari] [STDERR] ❌ Second API Attempt 3 failed: Request failed with status code 404
[ppc-m-ca][iOS - Safari] ⏳ Retrying in 1 second to allow database synchronization...
[ppc-m-ca][iOS - Safari] 📡 Standard Second API Payload: cake_id=AAD6E52B, domain_name=https://www.taxreliefadvocates.com
[ppc-m-ca][iOS - Safari] [STDERR] ❌ Second API Attempt 4 failed: Request failed with status code 404
[ppc-m-ca][iOS - Safari] ⏳ Retrying in 1 second to allow database synchronization...
[ppc-m-ca][iOS - Safari] 📡 Standard Second API Payload: cake_id=AAD6E52B, domain_name=https://www.taxreliefadvocates.com
[ppc-m-ca][iOS - Safari] [STDERR] ❌ Second API Attempt 5 failed: Request failed with status code 404
[ppc-m-ca][iOS - Safari] 📡 [Rest-Assurance] Verifying Lead ID: AAD6E52B via Backend...
[ppc-m-ca][iOS - Safari] 🛡️  [Rest-Assurance] VERIFIED (Backend Debt: 10000)
[ppc-m-ca][iOS - Safari] ✅ Row appended successfully to sheet: PPC-M/CA
[ppc-m-ca][iOS - Safari] ⚠️  Non-fatal formatting error for PPC-M/CA (Banding might already exist): Invalid requests[2].addBanding: You cannot add alternating background colors to a range that already has alternating background colors.
[ppc-m-ca][iOS - Safari] ✅ Lead processed successfully for PPC-M-CA Mobile
[ppc-m-ca][iOS - Safari] 🎥 Video saved successfully: traces/videos/PPC-M/CA_PPC-M-CA_Mobile.webm
[ppc-m-ca][iOS - Safari] 
✅ Execution successfully processed! { success: true, leadId: 'AAD6E52B', brand: 'PPC-M-CA Mobile' }
[ppc-m-ca][iOS - Safari] [STDERR] ❌ Automation Run encountered a fatal exception: tracing.stop: Target page, context or browser has been closed
✅ [15/5/2026, 10:36:41 am] COMPLETED: ppc-m-ca [iOS - Safari][WEBKIT]

================================================================
🚀 [15/5/2026, 10:36:42 am] RUNNING: PPC-M-CA [TABLET - SAFARI]
🔗 Target URL: https://flmtra.com/?a=659&oc=822&c=2210&s1=
================================================================
[ppc-m-ca][Tablet - Safari] 🔌 [Browser Interceptor] Intercepting and optimizing engine: WEBKIT
[ppc-m-ca][Tablet - Safari] ◇ injected env (0) from .env // tip: ⌘ suppress logs { quiet: true }
[ppc-m-ca][Tablet - Safari] ◇ injected env (0) from .env // tip: ⌘ override existing { override: true }
[ppc-m-ca][Tablet - Safari] ◇ injected env (0) from .env // tip: ⌘ enable debugging { debug: true }
[ppc-m-ca][Tablet - Safari] ◇ injected env (0) from .env // tip: ⌘ suppress logs { quiet: true }
[ppc-m-ca][Tablet - Safari] ◇ injected env (0) from .env // tip: ◈ secrets for agents [www.dotenvx.com]
[ppc-m-ca][Tablet - Safari] 
🤖 ================================================================
[ppc-m-ca][Tablet - Safari] 🤖 MASTER RUNNER: LAUNCHING PPC-M-CA
🤖 Mode:            TABLET
[ppc-m-ca][Tablet - Safari] 🤖 Tracking URL:     https://flmtra.com/?a=659&oc=822&c=2210&s1=
[ppc-m-ca][Tablet - Safari] 🤖 Target Sheet:    PPC-M/CA
🤖 ================================================================
[ppc-m-ca][Tablet - Safari] 🔌 [Browser Interceptor] Intercepting and optimizing engine: WEBKIT
[ppc-m-ca][Tablet - Safari] 📋 Emulated Device Profile: TABLET (iPad Pro 11) - [Tablet - Safari]
[ppc-m-ca][Tablet - Safari] ⏳ Delaying 200ms to allow responsive layouts to mount...
[ppc-m-ca][Tablet - Safari] 🔄 Processing lead for brand: PPC-M-CA Tablet
[ppc-m-ca][Tablet - Safari] 📊 Campaign execution run index: 40
[ppc-m-ca][Tablet - Safari] 🎯 Enforcing dynamic credentials & parameters:
   - First Name:   ckmtestpixel
   - Last Name:    ckmtestpixel
   - Email:        ckmtestpixel@gmail.com
   - Phone Number: 401-247-1040
   - Slider Value: 53,543
[ppc-m-ca][Tablet - Safari]    - State Value:  South Dakota
[ppc-m-ca][Tablet - Safari] 🔗 [Mobile] Navigating to: https://flmtra.com/?a=659&oc=822&c=2210&s1=
[ppc-m-ca][Tablet - Safari] ✅ [Mobile] Page loaded successfully
[ppc-m-ca][Tablet - Safari] 💻 [Tablet] Injecting high-fidelity glossy iPad Pro mockup frame...
[ppc-m-ca][Tablet - Safari] 💻 [Tablet] Injecting high-fidelity glossy iPad Pro mockup frame...
[ppc-m-ca][Tablet - Safari] 📝 [Mobile] Starting mobile-specific form filling...
[ppc-m-ca][Tablet - Safari] 🔘 [Mobile] Step 1: Selecting Debt Amount (53,543)
[ppc-m-ca][Tablet - Safari] 🔘 [Mobile] Clicking active visible button: .next-btn1:visible, .btn-next:visible
[ppc-m-ca][Tablet - Safari] ✅ [Mobile] Clicked: .next-btn1:visible, .btn-next:visible
[ppc-m-ca][Tablet - Safari] 💻 [Tablet] Injecting high-fidelity glossy iPad Pro mockup frame...
[ppc-m-ca][Tablet - Safari] ✅ [Mobile] Reached a recognized terminal step (State or Contact). Stopping dynamic traversal.
[ppc-m-ca][Tablet - Safari] 🔘 [Mobile] Step 2: Selecting State
[ppc-m-ca][Tablet - Safari] ✅ [Mobile] Selected state dynamically: "South Carolina"
[ppc-m-ca][Tablet - Safari] 📝 [Mobile] step3 column set to State: "South Carolina"
[ppc-m-ca][Tablet - Safari] 🔘 [Mobile] Clicking active visible button: .next-btn:visible, .next-btn2:visible, .btn-next:visible
[ppc-m-ca][Tablet - Safari] ✅ [Mobile] Clicked: .next-btn:visible, .next-btn2:visible, .btn-next:visible
[ppc-m-ca][Tablet - Safari] 💻 [Tablet] Injecting high-fidelity glossy iPad Pro mockup frame...
[ppc-m-ca][Tablet - Safari] 🔘 [Mobile] Step 3: Filling Contact Info (Dynamic Loop)...
[ppc-m-ca][Tablet - Safari] 💻 [Tablet] Injecting high-fidelity glossy iPad Pro mockup frame...
[ppc-m-ca][Tablet - Safari] ✅ [Mobile] Filled First Name: ckmtestpixel
[ppc-m-ca][Tablet - Safari] ✅ [Mobile] Filled Last Name: ckmtestpixel
[ppc-m-ca][Tablet - Safari] ✅ [Mobile] Filled Email: ckmtestpixel@gmail.com
[ppc-m-ca][Tablet - Safari] ✅ [Mobile] Filled Phone: 401-247-1040
[ppc-m-ca][Tablet - Safari] 🔘 [Mobile] Clicking active contact NEXT/SUBMIT button...
[ppc-m-ca][Tablet - Safari] 💻 [Tablet] Injecting high-fidelity glossy iPad Pro mockup frame...
[ppc-m-ca][Tablet - Safari] ✅ [Mobile] Filled Phone: 401-247-1040
[ppc-m-ca][Tablet - Safari] 🔘 [Mobile] Clicking active contact NEXT/SUBMIT button...
[ppc-m-ca][Tablet - Safari] 💻 [Tablet] Injecting high-fidelity glossy iPad Pro mockup frame...
[ppc-m-ca][Tablet - Safari] 🔘 [Mobile] No active contact NEXT/SUBMIT button visible. Exiting loop.
🔘 [Mobile] Scanning for additional dynamic steps...
[ppc-m-ca][Tablet - Safari] 🔘 [Mobile] Submitting form
[ppc-m-ca][Tablet - Safari] ⏳ [Mobile] Waiting for submission navigation to complete
[ppc-m-ca][Tablet - Safari] [STDERR] ⚠️ [Mobile] Standard submit buttons not found, consulting FLM Agent...
[ppc-m-ca][Tablet - Safari] 🤖 [FLM Agent] Analyzing Submit button for global...
[ppc-m-ca][Tablet - Safari] ⏳ [Mobile] Waiting for final Thank You page redirection...
[ppc-m-ca][Tablet - Safari] ✅ [Mobile] Targeted final redirect URL achieved!
[ppc-m-ca][Tablet - Safari] ✅ [Mobile] Final Thank You URL: https://tra.com/thank-you?debt=10000&leadid=31729B7C&reqid=26782714&affid=659&oid=133&page=tra_ppcm_ca
[ppc-m-ca][Tablet - Safari] ✅ [Mobile] Extracted Lead ID: 31729B7C
[ppc-m-ca][Tablet - Safari] 📱 Device Type detected: Tablet - Safari
✅ Lead captured: 31729B7C
[ppc-m-ca][Tablet - Safari] 📡 Fetching First API data for Lead ID: 31729B7C...
[ppc-m-ca][Tablet - Safari] 📡 Raw XML Response: {
  "lead_info_response": {
    "$": {
      "xmlns:xsd": "http://www.w3.org/2001/XMLSchema",
      "xmlns:xsi": "http://www.w3.org/2001/XMLSchema-instance",
      "xmlns": "http://cakemarketing.com/api/1/"
    },
    "success": "true",
    "row_count": "1",
    "lead_id": "31729B7C",
    "personal_info": {
      "first_name": "CKMTESTPIXEL",
      "last_name": "CKMTESTPIXEL",
      "email_address": "ckmtestpixel@gmail.com",
      "address": {
        "street": "",
        "city": "",
        "state": "SC",
        "zip_code": "29607",
        "country": ""
      },
      "ip_address": "27.54.170.27",
      "phone_work": "",
      "phone_home": "401-247-1040",
      "phone_cell": "",
      "best_call_time": "",
      "opt_in": "false"
    },
    "traffic_info": {
      "lead_date": "2026-05-14T22:07:06.867",
      "payout": {
        "currency_id": "1",
        "amount": "0.0000",
        "formatted_amount": "$0.00"
      },
      "affiliate": {
        "affiliate_id": {
          "_": "659",
          "$": {
            "xmlns": "API:id_name_store"
          }
        },
        "affiliate_name": {
          "_": "QA affiliate",
          "$": {
            "xmlns": "API:id_name_store"
          }
        }
      },
      "campaign": {
        "campaign_id": {
          "_": "4362",
          "$": {
            "xmlns": "API:id_name_store"
          }
        },
        "campaign_name": {
          "_": "TRA.com CPL - PPC M/CA - CPA - $1.00",
          "$": {
            "xmlns": "API:id_name_store"
          }
        }
      },
      "creative_id": "2210",
      "subid_1": "",
      "subid_2": "",
      "subid_3": "",
      "subid_4": "",
      "subid_5": "",
      "referrer": "",
      "pixel_fired": "true",
      "returned_to_affiliate": "false",
      "test": "true",
      "upsell": "false"
    },
    "all_vertical_data": {
      "data": {
        "$": {
          "xmlns": ""
        },
        "tax_debt": "10000",
        "universal_leadid": "8A93470D-E468-76C0-0BA9-F093C922070F",
        "affid": "659",
        "TCPA_checkbox": "1",
        "reqid": "26782714",
        "page": "https://tra.com/ppcm/ca",
        "neustar": "fail",
        "neustar_disposition": "N,B,A7,L,0",
        "first_name_lower": "ckmtestpixel",
        "last_name_lower": "ckmtestpixel",
        "opt_special_offers": "on",
        "ckm_campaign_id": "4362"
      }
    },
    "dispositions": {
      "disposition": [
        {
          "disposition_type": "Not Paid For",
          "reason": "Unmatched Filter",
          "filter": "Nuestar Fail"
        },
        {
          "disposition_type": "Sent to Review Queue",
          "reason": "neustar: This value is not valid",
          "filter": "Equals Value"
        }
      ]
    },
    "pings": "",
    "posts": "",
    "sales": ""
  }
}
[ppc-m-ca][Tablet - Safari] ✅ First API Data retrieved on attempt 1
[ppc-m-ca][Tablet - Safari] 📡 Fetching Second API data for Lead ID: 31729B7C...
[ppc-m-ca][Tablet - Safari] 📡 Standard Second API Payload: cake_id=31729B7C, domain_name=https://www.taxreliefadvocates.com
[ppc-m-ca][Tablet - Safari] [STDERR] (node:2816) Warning: Setting the NODE_TLS_REJECT_UNAUTHORIZED environment variable to '0' makes TLS connections and HTTPS requests insecure by disabling certificate verification.
(Use `node --trace-warnings ...` to show where the warning was created)
[ppc-m-ca][Tablet - Safari] [STDERR] ❌ Second API Attempt 1 failed: Request failed with status code 404
[ppc-m-ca][Tablet - Safari] ⏳ Retrying in 1 second to allow database synchronization...
[ppc-m-ca][Tablet - Safari] 📡 Standard Second API Payload: cake_id=31729B7C, domain_name=https://www.taxreliefadvocates.com
[ppc-m-ca][Tablet - Safari] [STDERR] ❌ Second API Attempt 2 failed: Request failed with status code 404
[ppc-m-ca][Tablet - Safari] ⏳ Retrying in 1 second to allow database synchronization...
[ppc-m-ca][Tablet - Safari] 📡 Standard Second API Payload: cake_id=31729B7C, domain_name=https://www.taxreliefadvocates.com
[ppc-m-ca][Tablet - Safari] [STDERR] ❌ Second API Attempt 3 failed: Request failed with status code 404
[ppc-m-ca][Tablet - Safari] ⏳ Retrying in 1 second to allow database synchronization...
[ppc-m-ca][Tablet - Safari] 📡 Standard Second API Payload: cake_id=31729B7C, domain_name=https://www.taxreliefadvocates.com
[ppc-m-ca][Tablet - Safari] [STDERR] ❌ Second API Attempt 4 failed: Request failed with status code 404
[ppc-m-ca][Tablet - Safari] ⏳ Retrying in 1 second to allow database synchronization...
[ppc-m-ca][Tablet - Safari] 📡 Standard Second API Payload: cake_id=31729B7C, domain_name=https://www.taxreliefadvocates.com
[ppc-m-ca][Tablet - Safari] [STDERR] ❌ Second API Attempt 5 failed: Request failed with status code 404
[ppc-m-ca][Tablet - Safari] 📡 [Rest-Assurance] Verifying Lead ID: 31729B7C via Backend...
[ppc-m-ca][Tablet - Safari] 🛡️  [Rest-Assurance] VERIFIED (Backend Debt: 10000)
[ppc-m-ca][Tablet - Safari] ✅ Row appended successfully to sheet: PPC-M/CA
[ppc-m-ca][Tablet - Safari] ⚠️  Non-fatal formatting error for PPC-M/CA (Banding might already exist): Invalid requests[2].addBanding: You cannot add alternating background colors to a range that already has alternating background colors.
✅ Lead processed successfully for PPC-M-CA Tablet
[ppc-m-ca][Tablet - Safari] 🎥 Video saved successfully: traces/videos/PPC-M/CA_PPC-M-CA_Tablet.webm
[ppc-m-ca][Tablet - Safari] 
✅ Execution successfully processed! { success: true, leadId: '31729B7C', brand: 'PPC-M-CA Tablet' }
[ppc-m-ca][Tablet - Safari] [STDERR] ❌ Automation Run encountered a fatal exception: tracing.stop: Target page, context or browser has been closed
✅ [15/5/2026, 10:37:58 am] COMPLETED: ppc-m-ca [Tablet - Safari][WEBKIT]

================================================================
🚀 [15/5/2026, 10:37:58 am] RUNNING: PPC-M-CA [TABLET - CHROME]
🔗 Target URL: https://flmtra.com/?a=659&oc=822&c=2210&s1=
================================================================
[ppc-m-ca][Tablet - Chrome] 🔌 [Browser Interceptor] Intercepting and optimizing engine: CHROMIUM
[ppc-m-ca][Tablet - Chrome] ◇ injected env (0) from .env // tip: ◈ encrypted .env [www.dotenvx.com]
[ppc-m-ca][Tablet - Chrome] ◇ injected env (0) from .env // tip: ⌘ suppress logs { quiet: true }
[ppc-m-ca][Tablet - Chrome] ◇ injected env (0) from .env // tip: ◈ secrets for agents [www.dotenvx.com]
[ppc-m-ca][Tablet - Chrome] ◇ injected env (0) from .env // tip: ⌘ enable debugging { debug: true }
[ppc-m-ca][Tablet - Chrome] ◇ injected env (0) from .env // tip: ⌘ suppress logs { quiet: true }
[ppc-m-ca][Tablet - Chrome] 
🤖 ================================================================
🤖 MASTER RUNNER: LAUNCHING PPC-M-CA
[ppc-m-ca][Tablet - Chrome] 🤖 Mode:            TABLET
🤖 Tracking URL:     https://flmtra.com/?a=659&oc=822&c=2210&s1=
[ppc-m-ca][Tablet - Chrome] 🤖 Target Sheet:    PPC-M/CA
🤖 ================================================================
[ppc-m-ca][Tablet - Chrome] 🔌 [Browser Interceptor] Intercepting and optimizing engine: CHROMIUM
[ppc-m-ca][Tablet - Chrome] 📋 Emulated Device Profile: TABLET (iPad Pro 11) - [Tablet - Chrome]
[ppc-m-ca][Tablet - Chrome] ⏳ Delaying 200ms to allow responsive layouts to mount...
[ppc-m-ca][Tablet - Chrome] 🔄 Processing lead for brand: PPC-M-CA Tablet
[ppc-m-ca][Tablet - Chrome] 📊 Campaign execution run index: 42
[ppc-m-ca][Tablet - Chrome] 🎯 Enforcing dynamic credentials & parameters:
   - First Name:   ckmtestpixel
   - Last Name:    ckmtestpixel
   - Email:        ckmtestpixel@gmail.com
   - Phone Number: 401-247-1042
   - Slider Value: 4,563
[ppc-m-ca][Tablet - Chrome]    - State Value:  Texas
[ppc-m-ca][Tablet - Chrome] 🔗 [Mobile] Navigating to: https://flmtra.com/?a=659&oc=822&c=2210&s1=
[ppc-m-ca][Tablet - Chrome] ✅ [Mobile] Page loaded successfully
[ppc-m-ca][Tablet - Chrome] 💻 [Tablet] Injecting high-fidelity glossy iPad Pro mockup frame...
[ppc-m-ca][Tablet - Chrome] 💻 [Tablet] Injecting high-fidelity glossy iPad Pro mockup frame...
[ppc-m-ca][Tablet - Chrome] 📝 [Mobile] Starting mobile-specific form filling...
[ppc-m-ca][Tablet - Chrome] 🔘 [Mobile] Step 1: Selecting Debt Amount (4,563)
[ppc-m-ca][Tablet - Chrome] 🔘 [Mobile] Clicking active visible button: .next-btn1:visible, .btn-next:visible
[ppc-m-ca][Tablet - Chrome] ✅ [Mobile] Clicked: .next-btn1:visible, .btn-next:visible
[ppc-m-ca][Tablet - Chrome] 💻 [Tablet] Injecting high-fidelity glossy iPad Pro mockup frame...
[ppc-m-ca][Tablet - Chrome] ✅ [Mobile] Reached a recognized terminal step (State or Contact). Stopping dynamic traversal.
[ppc-m-ca][Tablet - Chrome] 🔘 [Mobile] Step 2: Selecting State
[ppc-m-ca][Tablet - Chrome] ✅ [Mobile] Selected state dynamically: "Tennessee"
📝 [Mobile] step3 column set to State: "Tennessee"
[ppc-m-ca][Tablet - Chrome] 🔘 [Mobile] Clicking active visible button: .next-btn:visible, .next-btn2:visible, .btn-next:visible
[ppc-m-ca][Tablet - Chrome] ✅ [Mobile] Clicked: .next-btn:visible, .next-btn2:visible, .btn-next:visible
[ppc-m-ca][Tablet - Chrome] 💻 [Tablet] Injecting high-fidelity glossy iPad Pro mockup frame...
[ppc-m-ca][Tablet - Chrome] 🔘 [Mobile] Step 3: Filling Contact Info (Dynamic Loop)...
[ppc-m-ca][Tablet - Chrome] 💻 [Tablet] Injecting high-fidelity glossy iPad Pro mockup frame...
[ppc-m-ca][Tablet - Chrome] ✅ [Mobile] Filled First Name: ckmtestpixel
[ppc-m-ca][Tablet - Chrome] ✅ [Mobile] Filled Last Name: ckmtestpixel
[ppc-m-ca][Tablet - Chrome] ✅ [Mobile] Filled Email: ckmtestpixel@gmail.com
[ppc-m-ca][Tablet - Chrome] ✅ [Mobile] Filled Phone: 401-247-1042
[ppc-m-ca][Tablet - Chrome] 🔘 [Mobile] Clicking active contact NEXT/SUBMIT button...
[ppc-m-ca][Tablet - Chrome] 💻 [Tablet] Injecting high-fidelity glossy iPad Pro mockup frame...
[ppc-m-ca][Tablet - Chrome] ✅ [Mobile] Filled Phone: 401-247-1042
[ppc-m-ca][Tablet - Chrome] 🔘 [Mobile] Clicking active contact NEXT/SUBMIT button...
[ppc-m-ca][Tablet - Chrome] 💻 [Tablet] Injecting high-fidelity glossy iPad Pro mockup frame...
[ppc-m-ca][Tablet - Chrome] 🔘 [Mobile] No active contact NEXT/SUBMIT button visible. Exiting loop.
🔘 [Mobile] Scanning for additional dynamic steps...
[ppc-m-ca][Tablet - Chrome] 🔘 [Mobile] Submitting form
[ppc-m-ca][Tablet - Chrome] ⏳ [Mobile] Waiting for submission navigation to complete
[ppc-m-ca][Tablet - Chrome] [STDERR] ⚠️ [Mobile] Standard submit buttons not found, consulting FLM Agent...
[ppc-m-ca][Tablet - Chrome] 🤖 [FLM Agent] Analyzing Submit button for global...
[ppc-m-ca][Tablet - Chrome] ⏳ [Mobile] Waiting for final Thank You page redirection...
[ppc-m-ca][Tablet - Chrome] ✅ [Mobile] Targeted final redirect URL achieved!
[ppc-m-ca][Tablet - Chrome] ✅ [Mobile] Final Thank You URL: https://tra.com/thank-you?debt=10000&leadid=6CAF08C2&reqid=26782716&affid=659&oid=133&page=tra_ppcm_ca
[ppc-m-ca][Tablet - Chrome] ✅ [Mobile] Extracted Lead ID: 6CAF08C2
[ppc-m-ca][Tablet - Chrome] 📱 Device Type detected: Tablet - Chrome
✅ Lead captured: 6CAF08C2
[ppc-m-ca][Tablet - Chrome] 📡 Fetching First API data for Lead ID: 6CAF08C2...
[ppc-m-ca][Tablet - Chrome] 📡 Raw XML Response: {
  "lead_info_response": {
    "$": {
      "xmlns:xsd": "http://www.w3.org/2001/XMLSchema",
      "xmlns:xsi": "http://www.w3.org/2001/XMLSchema-instance",
      "xmlns": "http://cakemarketing.com/api/1/"
    },
    "success": "true",
    "row_count": "1",
    "lead_id": "6CAF08C2",
    "personal_info": {
      "first_name": "CKMTESTPIXEL",
      "last_name": "CKMTESTPIXEL",
      "email_address": "ckmtestpixel@gmail.com",
      "address": {
        "street": "",
        "city": "",
        "state": "TN",
        "zip_code": "37887",
        "country": ""
      },
      "ip_address": "27.54.170.27",
      "phone_work": "",
      "phone_home": "401-247-1042",
      "phone_cell": "",
      "best_call_time": "",
      "opt_in": "false"
    },
    "traffic_info": {
      "lead_date": "2026-05-14T22:08:37.087",
      "payout": {
        "currency_id": "1",
        "amount": "0.0000",
        "formatted_amount": "$0.00"
      },
      "affiliate": {
        "affiliate_id": {
          "_": "659",
          "$": {
            "xmlns": "API:id_name_store"
          }
        },
        "affiliate_name": {
          "_": "QA affiliate",
          "$": {
            "xmlns": "API:id_name_store"
          }
        }
      },
      "campaign": {
        "campaign_id": {
          "_": "4362",
          "$": {
            "xmlns": "API:id_name_store"
          }
        },
        "campaign_name": {
          "_": "TRA.com CPL - PPC M/CA - CPA - $1.00",
          "$": {
            "xmlns": "API:id_name_store"
          }
        }
      },
      "creative_id": "2210",
      "subid_1": "",
      "subid_2": "",
      "subid_3": "",
      "subid_4": "",
      "subid_5": "",
      "referrer": "",
      "pixel_fired": "true",
      "returned_to_affiliate": "false",
      "test": "true",
      "upsell": "false"
    },
    "all_vertical_data": {
      "data": {
        "$": {
          "xmlns": ""
        },
        "tax_debt": "10000",
        "universal_leadid": "DE636978-72AA-07C9-7583-5B3966111062",
        "affid": "659",
        "TCPA_checkbox": "1",
        "reqid": "26782716",
        "page": "https://tra.com/ppcm/ca",
        "neustar": "pass",
        "neustar_disposition": "N,U,A4,L,0",
        "first_name_lower": "ckmtestpixel",
        "last_name_lower": "ckmtestpixel",
        "opt_special_offers": "on",
        "ckm_campaign_id": "4362"
      }
    },
    "dispositions": "",
    "pings": "",
    "posts": "",
    "sales": ""
  }
}
✅ First API Data retrieved on attempt 1
[ppc-m-ca][Tablet - Chrome] 📡 Fetching Second API data for Lead ID: 6CAF08C2...
[ppc-m-ca][Tablet - Chrome] 📡 Standard Second API Payload: cake_id=6CAF08C2, domain_name=https://www.taxreliefadvocates.com
[ppc-m-ca][Tablet - Chrome] [STDERR] (node:12172) Warning: Setting the NODE_TLS_REJECT_UNAUTHORIZED environment variable to '0' makes TLS connections and HTTPS requests insecure by disabling certificate verification.
(Use `node --trace-warnings ...` to show where the warning was created)
[ppc-m-ca][Tablet - Chrome] [STDERR] ❌ Second API Attempt 1 failed: Request failed with status code 404
[ppc-m-ca][Tablet - Chrome] ⏳ Retrying in 1 second to allow database synchronization...
[ppc-m-ca][Tablet - Chrome] 📡 Standard Second API Payload: cake_id=6CAF08C2, domain_name=https://www.taxreliefadvocates.com
[ppc-m-ca][Tablet - Chrome] [STDERR] ❌ Second API Attempt 2 failed: Request failed with status code 404
[ppc-m-ca][Tablet - Chrome] ⏳ Retrying in 1 second to allow database synchronization...
[ppc-m-ca][Tablet - Chrome] 📡 Standard Second API Payload: cake_id=6CAF08C2, domain_name=https://www.taxreliefadvocates.com
[ppc-m-ca][Tablet - Chrome] [STDERR] ❌ Second API Attempt 3 failed: Request failed with status code 404
[ppc-m-ca][Tablet - Chrome] ⏳ Retrying in 1 second to allow database synchronization...
[ppc-m-ca][Tablet - Chrome] 📡 Standard Second API Payload: cake_id=6CAF08C2, domain_name=https://www.taxreliefadvocates.com
[ppc-m-ca][Tablet - Chrome] [STDERR] ❌ Second API Attempt 4 failed: Request failed with status code 404
[ppc-m-ca][Tablet - Chrome] ⏳ Retrying in 1 second to allow database synchronization...
[ppc-m-ca][Tablet - Chrome] 📡 Standard Second API Payload: cake_id=6CAF08C2, domain_name=https://www.taxreliefadvocates.com
[ppc-m-ca][Tablet - Chrome] [STDERR] ❌ Second API Attempt 5 failed: Request failed with status code 404
[ppc-m-ca][Tablet - Chrome] 📡 [Rest-Assurance] Verifying Lead ID: 6CAF08C2 via Backend...
[ppc-m-ca][Tablet - Chrome] 🛡️  [Rest-Assurance] VERIFIED (Backend Debt: 10000)
[ppc-m-ca][Tablet - Chrome] ✅ Row appended successfully to sheet: PPC-M/CA
[ppc-m-ca][Tablet - Chrome] ⚠️  Non-fatal formatting error for PPC-M/CA (Banding might already exist): Invalid requests[2].addBanding: You cannot add alternating background colors to a range that already has alternating background colors.
✅ Lead processed successfully for PPC-M-CA Tablet
[ppc-m-ca][Tablet - Chrome] 🎥 Video saved successfully: traces/videos/PPC-M/CA_PPC-M-CA_Tablet.webm
[ppc-m-ca][Tablet - Chrome] 
✅ Execution successfully processed! { success: true, leadId: '6CAF08C2', brand: 'PPC-M-CA Tablet' }
[ppc-m-ca][Tablet - Chrome] [STDERR] ❌ Automation Run encountered a fatal exception: tracing.stop: Target page, context or browser has been closed
✅ [15/5/2026, 10:40:04 am] COMPLETED: ppc-m-ca [Tablet - Chrome][CHROMIUM]

================================================================
🚀 [15/5/2026, 10:40:04 am] RUNNING: PPC-M-CA [WINDOWS - CHROME]
🔗 Target URL: https://flmtra.com/?a=659&oc=822&c=2210&s1=
================================================================
[ppc-m-ca][Windows - Chrome] 🔌 [Browser Interceptor] Intercepting and optimizing engine: CHROMIUM
[ppc-m-ca][Windows - Chrome] ◇ injected env (0) from .env // tip: ⌘ multiple files { path: ['.env.local', '.env'] }
[ppc-m-ca][Windows - Chrome] ◇ injected env (0) from .env // tip: ⌘ suppress logs { quiet: true }
[ppc-m-ca][Windows - Chrome] ◇ injected env (0) from .env // tip: ⌘ enable debugging { debug: true }
[ppc-m-ca][Windows - Chrome] ◇ injected env (0) from .env // tip: ⌘ suppress logs { quiet: true }
[ppc-m-ca][Windows - Chrome] ◇ injected env (0) from .env // tip: ⌘ override existing { override: true }
[ppc-m-ca][Windows - Chrome] 
🤖 ================================================================
[ppc-m-ca][Windows - Chrome] 🤖 MASTER RUNNER: LAUNCHING PPC-M-CA
🤖 Mode:            DESKTOP
[ppc-m-ca][Windows - Chrome] 🤖 Tracking URL:     https://flmtra.com/?a=659&oc=822&c=2210&s1=
🤖 Target Sheet:    PPC-M/CA
🤖 ================================================================
[ppc-m-ca][Windows - Chrome] 🔌 [Browser Interceptor] Intercepting and optimizing engine: CHROMIUM
[ppc-m-ca][Windows - Chrome] 💻 Emulated Device Profile: DESKTOP - [Windows - Chrome]
[ppc-m-ca][Windows - Chrome] 🔄 Processing lead for brand: PPC-M-CA
[ppc-m-ca][Windows - Chrome] 📊 Campaign execution run index: 46
[ppc-m-ca][Windows - Chrome] 🎯 Enforcing dynamic credentials & parameters:
[ppc-m-ca][Windows - Chrome]    - First Name:   ckmtestpixel
   - Last Name:    ckmtestpixel
   - Email:        ckmtestpixel@gmail.com
   - Phone Number: 401-247-1046
   - Slider Value: 45,142
   - State Value:  Washington
[ppc-m-ca][Windows - Chrome] 🔗 Navigating to: https://flmtra.com/?a=659&oc=822&c=2210&s1=
[ppc-m-ca][Windows - Chrome] ✅ Page loaded successfully
[ppc-m-ca][Windows - Chrome] 📝 Starting multi-step form filling process...
[ppc-m-ca][Windows - Chrome] 🔘 Step 1: Handling Debt Amount (45,142)
[ppc-m-ca][Windows - Chrome] 🔘 Attempting to click .next-btn1, .btn-next
[ppc-m-ca][Windows - Chrome] ✅ Clicked .next-btn1, .btn-next
[ppc-m-ca][Windows - Chrome] ✅ Reached a recognized terminal step (State or Contact). Stopping dynamic traversal.
[ppc-m-ca][Windows - Chrome] 🔘 Step: Selecting State
[ppc-m-ca][Windows - Chrome] ✅ Selected state dynamically: "Virginia"
📝 step3 column set to State: "Virginia"
[ppc-m-ca][Windows - Chrome] 🔘 Clicking generic NEXT button
[ppc-m-ca][Windows - Chrome] ✅ Clicked generic NEXT button
[ppc-m-ca][Windows - Chrome] 🔘 Filling Contact Info (Dynamic Loop)...
[ppc-m-ca][Windows - Chrome] ✅ Filled First Name: ckmtestpixel
[ppc-m-ca][Windows - Chrome] ✅ Filled Last Name: ckmtestpixel
[ppc-m-ca][Windows - Chrome] ✅ Filled Email: ckmtestpixel@gmail.com
[ppc-m-ca][Windows - Chrome] ✅ Filled Phone: 401-247-1046
[ppc-m-ca][Windows - Chrome] 🔘 Clicking active contact NEXT/SUBMIT button...
[ppc-m-ca][Windows - Chrome] [STDERR] ❌ Error during form filling: locator.click: Timeout 25000ms exceeded.
Call log:
[2m  - waiting for locator('#primary_phone:visible, #phone:visible, #phone_home:visible, input[name="phone"]:visible, input[name="phone_home"]:visible, input[name="primary_phone"]:visible, input[type="tel"]:visible').first()[22m
[2m    - locator resolved to <input type="tel" tabindex="0" id="primary_phone" placeholder="Phone" name="primary_phone" aria-invalid="false" class="form-control valid" data-gtm-form-interact-field-id="4"/>[22m
[2m  - attempting click action[22m
[2m    2 × waiting for element to be visible, enabled and stable[22m
[2m      - element is visible, enabled and stable[22m
[2m      - scrolling into view if needed[22m
[2m      - done scrolling[22m
[2m      - <div class="loader">Loading…</div> intercepts pointer events[22m
[2m    - retrying click action[22m
[2m    - waiting 20ms[22m
[2m    - waiting for element to be visible, enabled and stable[22m
[2m    - element is visible, enabled and stable[22m
[2m    - scrolling into view if needed[22m
[2m    - done scrolling[22m
[2m    - <div class="loader">Loading…</div> intercepts pointer events[22m
[2m  2 × retrying click action[22m
[2m      - waiting 100ms[22m
[2m      - waiting for element to be visible, enabled and stable[22m
[2m      - element is visible, enabled and stable[22m
[2m      - scrolling into view if needed[22m
[2m      - done scrolling[22m
[2m      - <div class="header-wrapper">…</div> from <header class="main-header">…</header> subtree intercepts pointer events[22m
[2m  2 × retrying click action[22m
[2m      - waiting 500ms[22m
[2m      - waiting for element to be visible, enabled and stable[22m
[2m      - element is visible, enabled and stable[22m
[2m      - scrolling into view if needed[22m
[2m      - done scrolling[22m
[2m      - <div class="loader">Loading…</div> intercepts pointer events[22m
[2m  - retrying click action[22m
[2m    - waiting 500ms[22m
[2m    - waiting for" https://tra.com/thank-you?debt=10000&leadid=3F837534&reqid=26782725&affid=659&oid=133&page=tra_ppcm_ca" navigation to finish...[22m
[2m    - navigated to "https://tra.com/thank-you?debt=10000&leadid=3F837534&reqid=26782725&affid=659&oid=133&page=tra_ppcm_ca"[22m
[2m    - waiting for element to be visible, enabled and stable[22m
[2m  - element was detached from the DOM, retrying[22m

[ppc-m-ca][Windows - Chrome] [STDERR] ❌ Failed processing PPC-M-CA: locator.click: Timeout 25000ms exceeded.
Call log:
[2m  - waiting for locator('#primary_phone:visible, #phone:visible, #phone_home:visible, input[name="phone"]:visible, input[name="phone_home"]:visible, input[name="primary_phone"]:visible, input[type="tel"]:visible').first()[22m
[2m    - locator resolved to <input type="tel" tabindex="0" id="primary_phone" placeholder="Phone" name="primary_phone" aria-invalid="false" class="form-control valid" data-gtm-form-interact-field-id="4"/>[22m
[2m  - attempting click action[22m
[2m    2 × waiting for element to be visible, enabled and stable[22m
[2m      - element is visible, enabled and stable[22m
[2m      - scrolling into view if needed[22m
[2m      - done scrolling[22m
[2m      - <div class="loader">Loading…</div> intercepts pointer events[22m
[2m    - retrying click action[22m
[2m    - waiting 20ms[22m
[2m    - waiting for element to be visible, enabled and stable[22m
[2m    - element is visible, enabled and stable[22m
[2m    - scrolling into view if needed[22m
[2m    - done scrolling[22m
[2m    - <div class="loader">Loading…</div> intercepts pointer events[22m
[2m  2 × retrying click action[22m
[2m      - waiting 100ms[22m
[2m      - waiting for element to be visible, enabled and stable[22m
[2m      - element is visible, enabled and stable[22m
[2m      - scrolling into view if needed[22m
[2m      - done scrolling[22m
[2m      - <div class="header-wrapper">…</div> from <header class="main-header">…</header> subtree intercepts pointer events[22m
[2m  2 × retrying click action[22m
[2m      - waiting 500ms[22m
[2m      - waiting for element to be visible, enabled and stable[22m
[2m      - element is visible, enabled and stable[22m
[2m      - scrolling into view if needed[22m
[2m      - done scrolling[22m
[2m      - <div class="loader">Loading…</div> intercepts pointer events[22m
[2m  - retrying click action[22m
[2m    - waiting 500ms[22m
[2m    - waiting for" https://tra.com/thank-you?debt=10000&leadid=3F837534&reqid=26782725&affid=659&oid=133&page=tra_ppcm_ca" navigation to finish...[22m
[2m    - navigated to "https://tra.com/thank-you?debt=10000&leadid=3F837534&reqid=26782725&affid=659&oid=133&page=tra_ppcm_ca"[22m
[2m    - waiting for element to be visible, enabled and stable[22m
[2m  - element was detached from the DOM, retrying[22m

[ppc-m-ca][Windows - Chrome] 
✅ Execution successfully processed! {
  success: false,
  error: 'locator.click: Timeout 25000ms exceeded.\n' +
    'Call log:\n' +
    `\x1B[2m  - waiting for locator('#primary_phone:visible, #phone:visible, #phone_home:visible, input[name="phone"]:visible, input[name="phone_home"]:visible, input[name="primary_phone"]:visible, input[type="tel"]:visible').first()\x1B[22m\n` +
    '\x1B[2m    - locator resolved to <input type="tel" tabindex="0" id="primary_phone" placeholder="Phone" name="primary_phone" aria-invalid="false" class="form-control valid" data-gtm-form-interact-field-id="4"/>\x1B[22m\n' +
    '\x1B[2m  - attempting click action\x1B[22m\n' +
    '\x1B[2m    2 × waiting for element to be visible, enabled and stable\x1B[22m\n' +
    '\x1B[2m      - element is visible, enabled and stable\x1B[22m\n' +
    '\x1B[2m      - scrolling into view if needed\x1B[22m\n' +
    '\x1B[2m      - done scrolling\x1B[22m\n' +
    '\x1B[2m      - <div class="loader">Loading…</div> intercepts pointer events\x1B[22m\n' +
    '\x1B[2m    - retrying click action\x1B[22m\n' +
    '\x1B[2m    - waiting 20ms\x1B[22m\n' +
    '\x1B[2m    - waiting for element to be visible, enabled and stable\x1B[22m\n' +
    '\x1B[2m    - element is visible, enabled and stable\x1B[22m\n' +
    '\x1B[2m    - scrolling into view if needed\x1B[22m\n' +
    '\x1B[2m    - done scrolling\x1B[22m\n' +
    '\x1B[2m    - <div class="loader">Loading…</div> intercepts pointer events\x1B[22m\n' +
    '\x1B[2m  2 × retrying click action\x1B[22m\n' +
    '\x1B[2m      - waiting 100ms\x1B[22m\n' +
    '\x1B[2m      - waiting for element to be visible, enabled and stable\x1B[22m\n' +
    '\x1B[2m      - element is visible, enabled and stable\x1B[22m\n' +
    '\x1B[2m      - scrolling into view if needed\x1B[22m\n' +
    '\x1B[2m      - done scrolling\x1B[22m\n' +
    '\x1B[2m      - <div class="header-wrapper">…</div> from <header class="main-header">…</header> subtree intercepts pointer events\x1B[22m\n' +
    '\x1B[2m  2 × retrying click action\x1B[22m\n' +
    '\x1B[2m      - waiting 500ms\x1B[22m\n' +
    '\x1B[2m      - waiting for element to be visible, enabled and stable\x1B[22m\n' +
    '\x1B[2m      - element is visible, enabled and stable\x1B[22m\n' +
    '\x1B[2m      - scrolling into view if needed\x1B[22m\n' +
    '\x1B[2m      - done scrolling\x1B[22m\n' +
    '\x1B[2m      - <div class="loader">Loading…</div> intercepts pointer events\x1B[22m\n' +
    '\x1B[2m  - retrying click action\x1B[22m\n' +
    '\x1B[2m    - waiting 500ms\x1B[22m\n' +
    '\x1B[2m    - waiting for" https://tra.com/thank-you?debt=10000&leadid=3F837534&reqid=26782725&affid=659&oid=133&page=tra_ppcm_ca" navigation to finish...\x1B[22m\n' +
    '\x1B[2m    - navigated to "https://tra.com/thank-you?debt=10000&leadid=3F837534&reqid=26782725&affid=659&oid=133&page=tra_ppcm_ca"\x1B[22m\n' +
    '\x1B[2m    - waiting for element to be visible, enabled and stable\x1B[22m\n' +
    '\x1B[2m  - element was detached from the DOM, retrying\x1B[22m\n',
  brand: 'PPC-M-CA'
}
[ppc-m-ca][Windows - Chrome] 📋 Trace report successfully saved: traces/ppc-m-ca_desktop.zip
✅ [15/5/2026, 10:40:59 am] COMPLETED: ppc-m-ca [Windows - Chrome][CHROMIUM]

================================================================
🚀 [15/5/2026, 10:40:59 am] RUNNING: PPC-M-CA [WINDOWS - FIREFOX]
🔗 Target URL: https://flmtra.com/?a=659&oc=822&c=2210&s1=
================================================================
[ppc-m-ca][Windows - Firefox] 🔌 [Browser Interceptor] Intercepting and optimizing engine: FIREFOX
[ppc-m-ca][Windows - Firefox] ◇ injected env (0) from .env // tip: ⌘ override existing { override: true }
[ppc-m-ca][Windows - Firefox] ◇ injected env (0) from .env // tip: ⌘ override existing { override: true }
[ppc-m-ca][Windows - Firefox] ◇ injected env (0) from .env // tip: ◈ encrypted .env [www.dotenvx.com]
[ppc-m-ca][Windows - Firefox] ◇ injected env (0) from .env // tip: ◈ encrypted .env [www.dotenvx.com]
[ppc-m-ca][Windows - Firefox] ◇ injected env (0) from .env // tip: ⌘ multiple files { path: ['.env.local', '.env'] }
[ppc-m-ca][Windows - Firefox] 
🤖 ================================================================
[ppc-m-ca][Windows - Firefox] 🤖 MASTER RUNNER: LAUNCHING PPC-M-CA
🤖 Mode:            DESKTOP
🤖 Tracking URL:     https://flmtra.com/?a=659&oc=822&c=2210&s1=
[ppc-m-ca][Windows - Firefox] 🤖 Target Sheet:    PPC-M/CA
🤖 ================================================================
[ppc-m-ca][Windows - Firefox] 🔌 [Browser Interceptor] Intercepting and optimizing engine: FIREFOX
[ppc-m-ca][Windows - Firefox] 💻 Emulated Device Profile: DESKTOP - [Windows - Firefox]
[ppc-m-ca][Windows - Firefox] 🔌 [Browser Interceptor] Sanitizing mobile context options for Firefox emulation...
🔌 [Browser Interceptor] Sanitizing mobile context options for Firefox emulation...
[ppc-m-ca][Windows - Firefox] 🔄 Processing lead for brand: PPC-M-CA
[ppc-m-ca][Windows - Firefox] 📊 Campaign execution run index: 47
[ppc-m-ca][Windows - Firefox] 🎯 Enforcing dynamic credentials & parameters:
   - First Name:   ckmtestpixel
   - Last Name:    ckmtestpixel
   - Email:        ckmtestpixel@gmail.com
   - Phone Number: 401-247-1047
   - Slider Value: 55,356
   - State Value:  West Virginia
🔗 Navigating to: https://flmtra.com/?a=659&oc=822&c=2210&s1=
[ppc-m-ca][Windows - Firefox] ✅ Page loaded successfully
[ppc-m-ca][Windows - Firefox] 📝 Starting multi-step form filling process...
[ppc-m-ca][Windows - Firefox] 🔘 Step 1: Handling Debt Amount (55,356)
[ppc-m-ca][Windows - Firefox] 🔘 Attempting to click .next-btn1, .btn-next
[ppc-m-ca][Windows - Firefox] ✅ Clicked .next-btn1, .btn-next
[ppc-m-ca][Windows - Firefox] ✅ Reached a recognized terminal step (State or Contact). Stopping dynamic traversal.
[ppc-m-ca][Windows - Firefox] 🔘 Step: Selecting State
[ppc-m-ca][Windows - Firefox] ✅ Selected state dynamically: "Washington"
[ppc-m-ca][Windows - Firefox] 📝 step3 column set to State: "Washington"
[ppc-m-ca][Windows - Firefox] 🔘 Clicking generic NEXT button
[ppc-m-ca][Windows - Firefox] ✅ Clicked generic NEXT button
[ppc-m-ca][Windows - Firefox] 🔘 Filling Contact Info (Dynamic Loop)...
[ppc-m-ca][Windows - Firefox] ✅ Filled First Name: ckmtestpixel
[ppc-m-ca][Windows - Firefox] ✅ Filled Last Name: ckmtestpixel
[ppc-m-ca][Windows - Firefox] ✅ Filled Email: ckmtestpixel@gmail.com
[ppc-m-ca][Windows - Firefox] ✅ Filled Phone: 401-247-1047
[ppc-m-ca][Windows - Firefox] 🔘 Clicking active contact NEXT/SUBMIT button...
[ppc-m-ca][Windows - Firefox] [STDERR] ❌ Error during form filling: locator.click: Timeout 25000ms exceeded.
Call log:
[2m  - waiting for locator('#primary_phone:visible, #phone:visible, #phone_home:visible, input[name="phone"]:visible, input[name="phone_home"]:visible, input[name="primary_phone"]:visible, input[type="tel"]:visible').first()[22m
[2m    - locator resolved to <input type="tel" tabindex="0" id="primary_phone" placeholder="Phone" name="primary_phone" aria-invalid="false" class="form-control valid" data-gtm-form-interact-field-id="4"/>[22m
[2m  - attempting click action[22m
[2m    2 × waiting for element to be visible, enabled and stable[22m
[2m      - element is visible, enabled and stable[22m
[2m      - scrolling into view if needed[22m
[2m      - done scrolling[22m
[2m      - <div class="loader">Loading…</div> intercepts pointer events[22m
[2m    - retrying click action[22m
[2m    - waiting 20ms[22m
[2m    - waiting for element to be visible, enabled and stable[22m
[2m    - element is visible, enabled and stable[22m
[2m    - scrolling into view if needed[22m
[2m    - done scrolling[22m
[2m    - <div class="loader">Loading…</div> intercepts pointer events[22m
[2m  2 × retrying click action[22m
[2m      - waiting 100ms[22m
[2m      - waiting for element to be visible, enabled and stable[22m
[2m      - element is visible, enabled and stable[22m
[2m      - scrolling into view if needed[22m
[2m      - done scrolling[22m
[2m      - <div class="header-wrapper">…</div> from <header class="main-header">…</header> subtree intercepts pointer events[22m
[2m  - retrying click action[22m
[2m    - waiting 500ms[22m
[2m    - waiting for element to be visible, enabled and stable[22m
[2m    - element is visible, enabled and stable[22m
[2m    - scrolling into view if needed[22m
[2m    - done scrolling[22m
[2m    - <div class="loader">Loading…</div> intercepts pointer events[22m
[2m  - retrying click action[22m
[2m    - waiting 500ms[22m
[2m    - waiting for" https://tra.com/thank-you?debt=10000&leadid=5C9DAE71&reqid=26782728&affid=659&oid=133&page=tra_ppcm_ca" navigation to finish...[22m
[2m    - navigated to "https://tra.com/thank-you?debt=10000&leadid=5C9DAE71&reqid=26782728&affid=659&oid=133&page=tra_ppcm_ca"[22m
[2m    - waiting for element to be visible, enabled and stable[22m
[2m  - element was detached from the DOM, retrying[22m

[ppc-m-ca][Windows - Firefox] [STDERR] ❌ Failed processing PPC-M-CA: locator.click: Timeout 25000ms exceeded.
Call log:
[2m  - waiting for locator('#primary_phone:visible, #phone:visible, #phone_home:visible, input[name="phone"]:visible, input[name="phone_home"]:visible, input[name="primary_phone"]:visible, input[type="tel"]:visible').first()[22m
[2m    - locator resolved to <input type="tel" tabindex="0" id="primary_phone" placeholder="Phone" name="primary_phone" aria-invalid="false" class="form-control valid" data-gtm-form-interact-field-id="4"/>[22m
[2m  - attempting click action[22m
[2m    2 × waiting for element to be visible, enabled and stable[22m
[2m      - element is visible, enabled and stable[22m
[2m      - scrolling into view if needed[22m
[2m      - done scrolling[22m
[2m      - <div class="loader">Loading…</div> intercepts pointer events[22m
[2m    - retrying click action[22m
[2m    - waiting 20ms[22m
[2m    - waiting for element to be visible, enabled and stable[22m
[2m    - element is visible, enabled and stable[22m
[2m    - scrolling into view if needed[22m
[2m    - done scrolling[22m
[2m    - <div class="loader">Loading…</div> intercepts pointer events[22m
[2m  2 × retrying click action[22m
[2m      - waiting 100ms[22m
[2m      - waiting for element to be visible, enabled and stable[22m
[2m      - element is visible, enabled and stable[22m
[2m      - scrolling into view if needed[22m
[2m      - done scrolling[22m
[2m      - <div class="header-wrapper">…</div> from <header class="main-header">…</header> subtree intercepts pointer events[22m
[2m  - retrying click action[22m
[2m    - waiting 500ms[22m
[2m    - waiting for element to be visible, enabled and stable[22m
[2m    - element is visible, enabled and stable[22m
[2m    - scrolling into view if needed[22m
[2m    - done scrolling[22m
[2m    - <div class="loader">Loading…</div> intercepts pointer events[22m
[2m  - retrying click action[22m
[2m    - waiting 500ms[22m
[2m    - waiting for" https://tra.com/thank-you?debt=10000&leadid=5C9DAE71&reqid=26782728&affid=659&oid=133&page=tra_ppcm_ca" navigation to finish...[22m
[2m    - navigated to "https://tra.com/thank-you?debt=10000&leadid=5C9DAE71&reqid=26782728&affid=659&oid=133&page=tra_ppcm_ca"[22m
[2m    - waiting for element to be visible, enabled and stable[22m
[2m  - element was detached from the DOM, retrying[22m

[ppc-m-ca][Windows - Firefox] 
✅ Execution successfully processed! {
  success: false,
  error: 'locator.click: Timeout 25000ms exceeded.\n' +
    'Call log:\n' +
    `\x1B[2m  - waiting for locator('#primary_phone:visible, #phone:visible, #phone_home:visible, input[name="phone"]:visible, input[name="phone_home"]:visible, input[name="primary_phone"]:visible, input[type="tel"]:visible').first()\x1B[22m\n` +
    '\x1B[2m    - locator resolved to <input type="tel" tabindex="0" id="primary_phone" placeholder="Phone" name="primary_phone" aria-invalid="false" class="form-control valid" data-gtm-form-interact-field-id="4"/>\x1B[22m\n' +
    '\x1B[2m  - attempting click action\x1B[22m\n' +
    '\x1B[2m    2 × waiting for element to be visible, enabled and stable\x1B[22m\n' +
    '\x1B[2m      - element is visible, enabled and stable\x1B[22m\n' +
    '\x1B[2m      - scrolling into view if needed\x1B[22m\n' +
    '\x1B[2m      - done scrolling\x1B[22m\n' +
    '\x1B[2m      - <div class="loader">Loading…</div> intercepts pointer events\x1B[22m\n' +
    '\x1B[2m    - retrying click action\x1B[22m\n' +
    '\x1B[2m    - waiting 20ms\x1B[22m\n' +
    '\x1B[2m    - waiting for element to be visible, enabled and stable\x1B[22m\n' +
    '\x1B[2m    - element is visible, enabled and stable\x1B[22m\n' +
    '\x1B[2m    - scrolling into view if needed\x1B[22m\n' +
    '\x1B[2m    - done scrolling\x1B[22m\n' +
    '\x1B[2m    - <div class="loader">Loading…</div> intercepts pointer events\x1B[22m\n' +
    '\x1B[2m  2 × retrying click action\x1B[22m\n' +
    '\x1B[2m      - waiting 100ms\x1B[22m\n' +
    '\x1B[2m      - waiting for element to be visible, enabled and stable\x1B[22m\n' +
    '\x1B[2m      - element is visible, enabled and stable\x1B[22m\n' +
    '\x1B[2m      - scrolling into view if needed\x1B[22m\n' +
    '\x1B[2m      - done scrolling\x1B[22m\n' +
    '\x1B[2m      - <div class="header-wrapper">…</div> from <header class="main-header">…</header> subtree intercepts pointer events\x1B[22m\n' +
    '\x1B[2m  - retrying click action\x1B[22m\n' +
    '\x1B[2m    - waiting 500ms\x1B[22m\n' +
    '\x1B[2m    - waiting for element to be visible, enabled and stable\x1B[22m\n' +
    '\x1B[2m    - element is visible, enabled and stable\x1B[22m\n' +
    '\x1B[2m    - scrolling into view if needed\x1B[22m\n' +
    '\x1B[2m    - done scrolling\x1B[22m\n' +
    '\x1B[2m    - <div class="loader">Loading…</div> intercepts pointer events\x1B[22m\n' +
    '\x1B[2m  - retrying click action\x1B[22m\n' +
    '\x1B[2m    - waiting 500ms\x1B[22m\n' +
    '\x1B[2m    - waiting for" https://tra.com/thank-you?debt=10000&leadid=5C9DAE71&reqid=26782728&affid=659&oid=133&page=tra_ppcm_ca" navigation to finish...\x1B[22m\n' +
    '\x1B[2m    - navigated to "https://tra.com/thank-you?debt=10000&leadid=5C9DAE71&reqid=26782728&affid=659&oid=133&page=tra_ppcm_ca"\x1B[22m\n' +
    '\x1B[2m    - waiting for element to be visible, enabled and stable\x1B[22m\n' +
    '\x1B[2m  - element was detached from the DOM, retrying\x1B[22m\n',
  brand: 'PPC-M-CA'
}
[ppc-m-ca][Windows - Firefox] 📋 Trace report successfully saved: traces/ppc-m-ca_desktop.zip
✅ [15/5/2026, 10:41:55 am] COMPLETED: ppc-m-ca [Windows - Firefox][FIREFOX]

================================================================
🚀 [15/5/2026, 10:41:55 am] RUNNING: PPC-M-CA [MAC - SAFARI]
🔗 Target URL: https://flmtra.com/?a=659&oc=822&c=2210&s1=
================================================================
[ppc-m-ca][MAC - Safari] 🔌 [Browser Interceptor] Intercepting and optimizing engine: WEBKIT
[ppc-m-ca][MAC - Safari] ◇ injected env (0) from .env // tip: ◈ secrets for agents [www.dotenvx.com]
[ppc-m-ca][MAC - Safari] ◇ injected env (0) from .env // tip: ⌘ multiple files { path: ['.env.local', '.env'] }
[ppc-m-ca][MAC - Safari] ◇ injected env (0) from .env // tip: ⌘ custom filepath { path: '/custom/path/.env' }
[ppc-m-ca][MAC - Safari] ◇ injected env (0) from .env // tip: ⌘ suppress logs { quiet: true }
[ppc-m-ca][MAC - Safari] ◇ injected env (0) from .env // tip: ⌘ override existing { override: true }
[ppc-m-ca][MAC - Safari] 
🤖 ================================================================
[ppc-m-ca][MAC - Safari] 🤖 MASTER RUNNER: LAUNCHING PPC-M-CA
🤖 Mode:            DESKTOP
[ppc-m-ca][MAC - Safari] 🤖 Tracking URL:     https://flmtra.com/?a=659&oc=822&c=2210&s1=
[ppc-m-ca][MAC - Safari] 🤖 Target Sheet:    PPC-M/CA
[ppc-m-ca][MAC - Safari] 🤖 ================================================================
[ppc-m-ca][MAC - Safari] 🔌 [Browser Interceptor] Intercepting and optimizing engine: WEBKIT
[ppc-m-ca][MAC - Safari] 💻 Emulated Device Profile: DESKTOP - [MAC - Safari]
[ppc-m-ca][MAC - Safari] 🔄 Processing lead for brand: PPC-M-CA
[ppc-m-ca][MAC - Safari] 📊 Campaign execution run index: 48
[ppc-m-ca][MAC - Safari] 🎯 Enforcing dynamic credentials & parameters:
   - First Name:   ckmtestpixel
   - Last Name:    ckmtestpixel
[ppc-m-ca][MAC - Safari]    - Email:        ckmtestpixel@gmail.com
   - Phone Number: 401-247-1048
   - Slider Value: 1,33,678
   - State Value:  Wisconsin
[ppc-m-ca][MAC - Safari] 🔗 Navigating to: https://flmtra.com/?a=659&oc=822&c=2210&s1=
[ppc-m-ca][MAC - Safari] ✅ Page loaded successfully
[ppc-m-ca][MAC - Safari] 📝 Starting multi-step form filling process...
[ppc-m-ca][MAC - Safari] 🔘 Step 1: Handling Debt Amount (1,33,678)
[ppc-m-ca][MAC - Safari] 🔘 Attempting to click .next-btn1, .btn-next
[ppc-m-ca][MAC - Safari] ✅ Clicked .next-btn1, .btn-next
[ppc-m-ca][MAC - Safari] ✅ Reached a recognized terminal step (State or Contact). Stopping dynamic traversal.
[ppc-m-ca][MAC - Safari] 🔘 Step: Selecting State
[ppc-m-ca][MAC - Safari] ✅ Selected state dynamically: "West Virginia"
[ppc-m-ca][MAC - Safari] 📝 step3 column set to State: "West Virginia"
[ppc-m-ca][MAC - Safari] 🔘 Clicking generic NEXT button
[ppc-m-ca][MAC - Safari] ✅ Clicked generic NEXT button
[ppc-m-ca][MAC - Safari] 🔘 Filling Contact Info (Dynamic Loop)...
[ppc-m-ca][MAC - Safari] ✅ Filled First Name: ckmtestpixel
[ppc-m-ca][MAC - Safari] ✅ Filled Last Name: ckmtestpixel
[ppc-m-ca][MAC - Safari] ✅ Filled Email: ckmtestpixel@gmail.com
[ppc-m-ca][MAC - Safari] ✅ Filled Phone: 401-247-1048
[ppc-m-ca][MAC - Safari] 🔘 Clicking active contact NEXT/SUBMIT button...
[ppc-m-ca][MAC - Safari] [STDERR] ❌ Error during form filling: locator.click: Timeout 25000ms exceeded.
Call log:
[2m  - waiting for locator('#primary_phone:visible, #phone:visible, #phone_home:visible, input[name="phone"]:visible, input[name="phone_home"]:visible, input[name="primary_phone"]:visible, input[type="tel"]:visible').first()[22m
[2m    - locator resolved to <input type="tel" tabindex="0" id="primary_phone" placeholder="Phone" name="primary_phone" aria-invalid="false" class="form-control valid"/>[22m
[2m  - attempting click action[22m
[2m    2 × waiting for element to be visible, enabled and stable[22m
[2m      - element is visible, enabled and stable[22m
[2m      - scrolling into view if needed[22m
[2m      - done scrolling[22m
[2m      - <div class="loader">Loading…</div> intercepts pointer events[22m
[2m    - retrying click action[22m
[2m    - waiting 20ms[22m
[2m    - waiting for element to be visible, enabled and stable[22m
[2m  - element was detached from the DOM, retrying[22m

[ppc-m-ca][MAC - Safari] [STDERR] ❌ Failed processing PPC-M-CA: locator.click: Timeout 25000ms exceeded.
Call log:
[2m  - waiting for locator('#primary_phone:visible, #phone:visible, #phone_home:visible, input[name="phone"]:visible, input[name="phone_home"]:visible, input[name="primary_phone"]:visible, input[type="tel"]:visible').first()[22m
[2m    - locator resolved to <input type="tel" tabindex="0" id="primary_phone" placeholder="Phone" name="primary_phone" aria-invalid="false" class="form-control valid"/>[22m
[2m  - attempting click action[22m
[2m    2 × waiting for element to be visible, enabled and stable[22m
[2m      - element is visible, enabled and stable[22m
[2m      - scrolling into view if needed[22m
[2m      - done scrolling[22m
[2m      - <div class="loader">Loading…</div> intercepts pointer events[22m
[2m    - retrying click action[22m
[2m    - waiting 20ms[22m
[2m    - waiting for element to be visible, enabled and stable[22m
[2m  - element was detached from the DOM, retrying[22m

[ppc-m-ca][MAC - Safari] 
✅ Execution successfully processed! {
  success: false,
  error: 'locator.click: Timeout 25000ms exceeded.\n' +
    'Call log:\n' +
    `\x1B[2m  - waiting for locator('#primary_phone:visible, #phone:visible, #phone_home:visible, input[name="phone"]:visible, input[name="phone_home"]:visible, input[name="primary_phone"]:visible, input[type="tel"]:visible').first()\x1B[22m\n` +
    '\x1B[2m    - locator resolved to <input type="tel" tabindex="0" id="primary_phone" placeholder="Phone" name="primary_phone" aria-invalid="false" class="form-control valid"/>\x1B[22m\n' +
    '\x1B[2m  - attempting click action\x1B[22m\n' +
    '\x1B[2m    2 × waiting for element to be visible, enabled and stable\x1B[22m\n' +
    '\x1B[2m      - element is visible, enabled and stable\x1B[22m\n' +
    '\x1B[2m      - scrolling into view if needed\x1B[22m\n' +
    '\x1B[2m      - done scrolling\x1B[22m\n' +
    '\x1B[2m      - <div class="loader">Loading…</div> intercepts pointer events\x1B[22m\n' +
    '\x1B[2m    - retrying click action\x1B[22m\n' +
    '\x1B[2m    - waiting 20ms\x1B[22m\n' +
    '\x1B[2m    - waiting for element to be visible, enabled and stable\x1B[22m\n' +
    '\x1B[2m  - element was detached from the DOM, retrying\x1B[22m\n',
  brand: 'PPC-M-CA'
}
[ppc-m-ca][MAC - Safari] 📋 Trace report successfully saved: traces/ppc-m-ca_desktop.zip
✅ [15/5/2026, 10:42:52 am] COMPLETED: ppc-m-ca [MAC - Safari][WEBKIT]

================================================================
🚀 [15/5/2026, 10:42:52 am] RUNNING: PPC-M-CA [MAC - CHROME]
🔗 Target URL: https://flmtra.com/?a=659&oc=822&c=2210&s1=
================================================================
[ppc-m-ca][MAC - Chrome] 🔌 [Browser Interceptor] Intercepting and optimizing engine: CHROMIUM
[ppc-m-ca][MAC - Chrome] ◇ injected env (0) from .env // tip: ⌘ enable debugging { debug: true }
[ppc-m-ca][MAC - Chrome] ◇ injected env (0) from .env // tip: ⌁ auth for agents [www.vestauth.com]
[ppc-m-ca][MAC - Chrome] ◇ injected env (0) from .env // tip: ⌘ enable debugging { debug: true }
[ppc-m-ca][MAC - Chrome] ◇ injected env (0) from .env // tip: ◈ secrets for agents [www.dotenvx.com]
[ppc-m-ca][MAC - Chrome] ◇ injected env (0) from .env // tip: ⌘ multiple files { path: ['.env.local', '.env'] }
[ppc-m-ca][MAC - Chrome] 
🤖 ================================================================
🤖 MASTER RUNNER: LAUNCHING PPC-M-CA
[ppc-m-ca][MAC - Chrome] 🤖 Mode:            DESKTOP
🤖 Tracking URL:     https://flmtra.com/?a=659&oc=822&c=2210&s1=
🤖 Target Sheet:    PPC-M/CA
🤖 ================================================================
[ppc-m-ca][MAC - Chrome] 🔌 [Browser Interceptor] Intercepting and optimizing engine: CHROMIUM
[ppc-m-ca][MAC - Chrome] 💻 Emulated Device Profile: DESKTOP - [MAC - Chrome]
[ppc-m-ca][MAC - Chrome] 🔄 Processing lead for brand: PPC-M-CA
[ppc-m-ca][MAC - Chrome] 📊 Campaign execution run index: 49
[ppc-m-ca][MAC - Chrome] 🎯 Enforcing dynamic credentials & parameters:
   - First Name:   ckmtestpixel
   - Last Name:    ckmtestpixel
   - Email:        ckmtestpixel@gmail.com
   - Phone Number: 401-247-1049
   - Slider Value: 4,380
   - State Value:  Wyoming
[ppc-m-ca][MAC - Chrome] 🔗 Navigating to: https://flmtra.com/?a=659&oc=822&c=2210&s1=
[ppc-m-ca][MAC - Chrome] ✅ Page loaded successfully
[ppc-m-ca][MAC - Chrome] 📝 Starting multi-step form filling process...
[ppc-m-ca][MAC - Chrome] 🔘 Step 1: Handling Debt Amount (4,380)
[ppc-m-ca][MAC - Chrome] 🔘 Attempting to click .next-btn1, .btn-next
[ppc-m-ca][MAC - Chrome] ✅ Clicked .next-btn1, .btn-next
[ppc-m-ca][MAC - Chrome] ✅ Reached a recognized terminal step (State or Contact). Stopping dynamic traversal.
[ppc-m-ca][MAC - Chrome] 🔘 Step: Selecting State
[ppc-m-ca][MAC - Chrome] ✅ Selected state dynamically: "Wisconsin"
[ppc-m-ca][MAC - Chrome] 📝 step3 column set to State: "Wisconsin"
[ppc-m-ca][MAC - Chrome] 🔘 Clicking generic NEXT button
[ppc-m-ca][MAC - Chrome] ✅ Clicked generic NEXT button
[ppc-m-ca][MAC - Chrome] 🔘 Filling Contact Info (Dynamic Loop)...
[ppc-m-ca][MAC - Chrome] ✅ Filled First Name: ckmtestpixel
[ppc-m-ca][MAC - Chrome] ✅ Filled Last Name: ckmtestpixel
[ppc-m-ca][MAC - Chrome] ✅ Filled Email: ckmtestpixel@gmail.com
[ppc-m-ca][MAC - Chrome] ✅ Filled Phone: 401-247-1049
[ppc-m-ca][MAC - Chrome] 🔘 Clicking active contact NEXT/SUBMIT button...
[ppc-m-ca][MAC - Chrome] [STDERR] ❌ Error during form filling: locator.click: Timeout 25000ms exceeded.
Call log:
[2m  - waiting for locator('#primary_phone:visible, #phone:visible, #phone_home:visible, input[name="phone"]:visible, input[name="phone_home"]:visible, input[name="primary_phone"]:visible, input[type="tel"]:visible').first()[22m
[2m    - locator resolved to <input type="tel" tabindex="0" id="primary_phone" placeholder="Phone" name="primary_phone" aria-invalid="false" class="form-control valid" data-gtm-form-interact-field-id="4"/>[22m
[2m  - attempting click action[22m
[2m    2 × waiting for element to be visible, enabled and stable[22m
[2m      - element is visible, enabled and stable[22m
[2m      - scrolling into view if needed[22m
[2m      - done scrolling[22m
[2m      - <div class="loader">Loading…</div> intercepts pointer events[22m
[2m    - retrying click action[22m
[2m    - waiting 20ms[22m
[2m    - waiting for element to be visible, enabled and stable[22m
[2m    - element is visible, enabled and stable[22m
[2m    - scrolling into view if needed[22m
[2m    - done scrolling[22m
[2m    - <div class="loader">Loading…</div> intercepts pointer events[22m
[2m  2 × retrying click action[22m
[2m      - waiting 100ms[22m
[2m      - waiting for element to be visible, enabled and stable[22m
[2m      - element is visible, enabled and stable[22m
[2m      - scrolling into view if needed[22m
[2m      - done scrolling[22m
[2m      - <div class="header-wrapper">…</div> from <header class="main-header">…</header> subtree intercepts pointer events[22m
[2m  - retrying click action[22m
[2m    - waiting 500ms[22m
[2m    - waiting for element to be visible, enabled and stable[22m
[2m    - element is visible, enabled and stable[22m
[2m    - scrolling into view if needed[22m
[2m    - done scrolling[22m
[2m    - <div class="loader">Loading…</div> intercepts pointer events[22m
[2m  - retrying click action[22m
[2m    - waiting 500ms[22m
[2m    - waiting for" https://tra.com/thank-you?debt=10000&leadid=2F71396F&reqid=26782733&affid=659&oid=133&page=tra_ppcm_ca" navigation to finish...[22m
[2m    - navigated to "https://tra.com/thank-you?debt=10000&leadid=2F71396F&reqid=26782733&affid=659&oid=133&page=tra_ppcm_ca"[22m
[2m    - waiting for element to be visible, enabled and stable[22m
[2m  - element was detached from the DOM, retrying[22m

[ppc-m-ca][MAC - Chrome] [STDERR] ❌ Failed processing PPC-M-CA: locator.click: Timeout 25000ms exceeded.
Call log:
[2m  - waiting for locator('#primary_phone:visible, #phone:visible, #phone_home:visible, input[name="phone"]:visible, input[name="phone_home"]:visible, input[name="primary_phone"]:visible, input[type="tel"]:visible').first()[22m
[2m    - locator resolved to <input type="tel" tabindex="0" id="primary_phone" placeholder="Phone" name="primary_phone" aria-invalid="false" class="form-control valid" data-gtm-form-interact-field-id="4"/>[22m
[2m  - attempting click action[22m
[2m    2 × waiting for element to be visible, enabled and stable[22m
[2m      - element is visible, enabled and stable[22m
[2m      - scrolling into view if needed[22m
[2m      - done scrolling[22m
[2m      - <div class="loader">Loading…</div> intercepts pointer events[22m
[2m    - retrying click action[22m
[2m    - waiting 20ms[22m
[2m    - waiting for element to be visible, enabled and stable[22m
[2m    - element is visible, enabled and stable[22m
[2m    - scrolling into view if needed[22m
[2m    - done scrolling[22m
[2m    - <div class="loader">Loading…</div> intercepts pointer events[22m
[2m  2 × retrying click action[22m
[2m      - waiting 100ms[22m
[2m      - waiting for element to be visible, enabled and stable[22m
[2m      - element is visible, enabled and stable[22m
[2m      - scrolling into view if needed[22m
[2m      - done scrolling[22m
[2m      - <div class="header-wrapper">…</div> from <header class="main-header">…</header> subtree intercepts pointer events[22m
[2m  - retrying click action[22m
[2m    - waiting 500ms[22m
[2m    - waiting for element to be visible, enabled and stable[22m
[2m    - element is visible, enabled and stable[22m
[2m    - scrolling into view if needed[22m
[2m    - done scrolling[22m
[2m    - <div class="loader">Loading…</div> intercepts pointer events[22m
[2m  - retrying click action[22m
[2m    - waiting 500ms[22m
[2m    - waiting for" https://tra.com/thank-you?debt=10000&leadid=2F71396F&reqid=26782733&affid=659&oid=133&page=tra_ppcm_ca" navigation to finish...[22m
[2m    - navigated to "https://tra.com/thank-you?debt=10000&leadid=2F71396F&reqid=26782733&affid=659&oid=133&page=tra_ppcm_ca"[22m
[2m    - waiting for element to be visible, enabled and stable[22m
[2m  - element was detached from the DOM, retrying[22m

[ppc-m-ca][MAC - Chrome] 
✅ Execution successfully processed! {
  success: false,
  error: 'locator.click: Timeout 25000ms exceeded.\n' +
    'Call log:\n' +
    `\x1B[2m  - waiting for locator('#primary_phone:visible, #phone:visible, #phone_home:visible, input[name="phone"]:visible, input[name="phone_home"]:visible, input[name="primary_phone"]:visible, input[type="tel"]:visible').first()\x1B[22m\n` +
    '\x1B[2m    - locator resolved to <input type="tel" tabindex="0" id="primary_phone" placeholder="Phone" name="primary_phone" aria-invalid="false" class="form-control valid" data-gtm-form-interact-field-id="4"/>\x1B[22m\n' +
    '\x1B[2m  - attempting click action\x1B[22m\n' +
    '\x1B[2m    2 × waiting for element to be visible, enabled and stable\x1B[22m\n' +
    '\x1B[2m      - element is visible, enabled and stable\x1B[22m\n' +
    '\x1B[2m      - scrolling into view if needed\x1B[22m\n' +
    '\x1B[2m      - done scrolling\x1B[22m\n' +
    '\x1B[2m      - <div class="loader">Loading…</div> intercepts pointer events\x1B[22m\n' +
    '\x1B[2m    - retrying click action\x1B[22m\n' +
    '\x1B[2m    - waiting 20ms\x1B[22m\n' +
    '\x1B[2m    - waiting for element to be visible, enabled and stable\x1B[22m\n' +
    '\x1B[2m    - element is visible, enabled and stable\x1B[22m\n' +
    '\x1B[2m    - scrolling into view if needed\x1B[22m\n' +
    '\x1B[2m    - done scrolling\x1B[22m\n' +
    '\x1B[2m    - <div class="loader">Loading…</div> intercepts pointer events\x1B[22m\n' +
    '\x1B[2m  2 × retrying click action\x1B[22m\n' +
    '\x1B[2m      - waiting 100ms\x1B[22m\n' +
    '\x1B[2m      - waiting for element to be visible, enabled and stable\x1B[22m\n' +
    '\x1B[2m      - element is visible, enabled and stable\x1B[22m\n' +
    '\x1B[2m      - scrolling into view if needed\x1B[22m\n' +
    '\x1B[2m      - done scrolling\x1B[22m\n' +
    '\x1B[2m      - <div class="header-wrapper">…</div> from <header class="main-header">…</header> subtree intercepts pointer events\x1B[22m\n' +
    '\x1B[2m  - retrying click action\x1B[22m\n' +
    '\x1B[2m    - waiting 500ms\x1B[22m\n' +
    '\x1B[2m    - waiting for element to be visible, enabled and stable\x1B[22m\n' +
    '\x1B[2m    - element is visible, enabled and stable\x1B[22m\n' +
    '\x1B[2m    - scrolling into view if needed\x1B[22m\n' +
    '\x1B[2m    - done scrolling\x1B[22m\n' +
    '\x1B[2m    - <div class="loader">Loading…</div> intercepts pointer events\x1B[22m\n' +
    '\x1B[2m  - retrying click action\x1B[22m\n' +
    '\x1B[2m    - waiting 500ms\x1B[22m\n' +
    '\x1B[2m    - waiting for" https://tra.com/thank-you?debt=10000&leadid=2F71396F&reqid=26782733&affid=659&oid=133&page=tra_ppcm_ca" navigation to finish...\x1B[22m\n' +
    '\x1B[2m    - navigated to "https://tra.com/thank-you?debt=10000&leadid=2F71396F&reqid=26782733&affid=659&oid=133&page=tra_ppcm_ca"\x1B[22m\n' +
    '\x1B[2m    - waiting for element to be visible, enabled and stable\x1B[22m\n' +
    '\x1B[2m  - element was detached from the DOM, retrying\x1B[22m\n',
  brand: 'PPC-M-CA'
}
[ppc-m-ca][MAC - Chrome] 📋 Trace report successfully saved: traces/ppc-m-ca_desktop.zip
✅ [15/5/2026, 10:43:46 am] COMPLETED: ppc-m-ca [MAC - Chrome][CHROMIUM]

================================================================
⚡ Processing Campaign Matrix: [PPC-CR]
================================================================

================================================================
🚀 [15/5/2026, 10:43:46 am] RUNNING: PPC CR [ANDROID - CHROME]
🔗 Target URL: https://flmtra.com/?a=659&oc=848&c=2210&s1=
================================================================
[ppc-cr][Android - Chrome] 🔌 [Browser Interceptor] Intercepting and optimizing engine: CHROMIUM
[ppc-cr][Android - Chrome] ◇ injected env (0) from .env // tip: ◈ encrypted .env [www.dotenvx.com]
[ppc-cr][Android - Chrome] ◇ injected env (0) from .env // tip: ⌘ custom filepath { path: '/custom/path/.env' }
[ppc-cr][Android - Chrome] ◇ injected env (0) from .env // tip: ◈ secrets for agents [www.dotenvx.com]
[ppc-cr][Android - Chrome] ◇ injected env (0) from .env // tip: ⌘ custom filepath { path: '/custom/path/.env' }
[ppc-cr][Android - Chrome] ◇ injected env (0) from .env // tip: ⌘ override existing { override: true }
[ppc-cr][Android - Chrome] 
🤖 ================================================================
🤖 MASTER RUNNER: LAUNCHING PPC CR
🤖 Mode:            MOBILE
🤖 Tracking URL:     https://flmtra.com/?a=659&oc=848&c=2210&s1=
🤖 Target Sheet:    PPC-CR
🤖 ================================================================
[ppc-cr][Android - Chrome] 🔌 [Browser Interceptor] Intercepting and optimizing engine: CHROMIUM
[ppc-cr][Android - Chrome] 📋 Emulated Device Profile: MOBILE (Pixel 7) - [Android - Chrome]
[ppc-cr][Android - Chrome] ⏳ Delaying 200ms to allow responsive layouts to mount...
[ppc-cr][Android - Chrome] 🔄 Processing lead for brand: PPC CR Mobile
[ppc-cr][Android - Chrome] 📊 Campaign execution run index: 26
[ppc-cr][Android - Chrome] 🎯 Enforcing dynamic credentials & parameters:
   - First Name:   ckmtestpixel
[ppc-cr][Android - Chrome]    - Last Name:    ckmtestpixel
   - Email:        ckmtestpixel@gmail.com
   - Phone Number: 401-247-1026
   - Slider Value: 93,345
   - State Value:  Nebraska
[ppc-cr][Android - Chrome] 🔗 [Mobile] Navigating to: https://flmtra.com/?a=659&oc=848&c=2210&s1=
[ppc-cr][Android - Chrome] ✅ [Mobile] Page loaded successfully
[ppc-cr][Android - Chrome] 📱 [Mobile] Injecting high-fidelity glossy Natural Titanium iPhone 17 Pro mockup frame...
[ppc-cr][Android - Chrome] 📱 [Mobile] Injecting high-fidelity glossy Natural Titanium iPhone 17 Pro mockup frame...
[ppc-cr][Android - Chrome] 📝 [Mobile] Starting mobile-specific form filling...
[ppc-cr][Android - Chrome] 🔘 [Mobile] Step 1: Selecting Debt Amount (93,345)
[ppc-cr][Android - Chrome] 🔘 [Mobile] Clicking active visible button: .next-btn1:visible, .btn-next:visible
[ppc-cr][Android - Chrome] ✅ [Mobile] Clicked: .next-btn1:visible, .btn-next:visible
[ppc-cr][Android - Chrome] 📱 [Mobile] Injecting high-fidelity glossy Natural Titanium iPhone 17 Pro mockup frame...
[ppc-cr][Android - Chrome] ✅ [Mobile] Reached a recognized terminal step (State or Contact). Stopping dynamic traversal.
[ppc-cr][Android - Chrome] 🔘 [Mobile] Step 2: Selecting State
[ppc-cr][Android - Chrome] ✅ [Mobile] Selected state dynamically: "Montana"
📝 [Mobile] step3 column set to State: "Montana"
[ppc-cr][Android - Chrome] 🔘 [Mobile] Clicking active visible button: .next-btn:visible, .next-btn2:visible, .btn-next:visible
[ppc-cr][Android - Chrome] ✅ [Mobile] Clicked: .next-btn:visible, .next-btn2:visible, .btn-next:visible
[ppc-cr][Android - Chrome] 📱 [Mobile] Injecting high-fidelity glossy Natural Titanium iPhone 17 Pro mockup frame...
[ppc-cr][Android - Chrome] 🔘 [Mobile] Step 3: Filling Contact Info (Dynamic Loop)...
[ppc-cr][Android - Chrome] 📱 [Mobile] Injecting high-fidelity glossy Natural Titanium iPhone 17 Pro mockup frame...
[ppc-cr][Android - Chrome] ✅ [Mobile] Filled First Name: ckmtestpixel
[ppc-cr][Android - Chrome] ✅ [Mobile] Filled Last Name: ckmtestpixel
[ppc-cr][Android - Chrome] ✅ [Mobile] Filled Email: ckmtestpixel@gmail.com
[ppc-cr][Android - Chrome] ✅ [Mobile] Filled Phone: 401-247-1026
[ppc-cr][Android - Chrome] 🔘 [Mobile] Clicking active contact NEXT/SUBMIT button...
[ppc-cr][Android - Chrome] 📱 [Mobile] Injecting high-fidelity glossy Natural Titanium iPhone 17 Pro mockup frame...
[ppc-cr][Android - Chrome] ✅ [Mobile] Filled Phone: 401-247-1026
[ppc-cr][Android - Chrome] 🔘 [Mobile] Clicking active contact NEXT/SUBMIT button...
[ppc-cr][Android - Chrome] 📱 [Mobile] Injecting high-fidelity glossy Natural Titanium iPhone 17 Pro mockup frame...
[ppc-cr][Android - Chrome] 🔘 [Mobile] No active contact NEXT/SUBMIT button visible. Exiting loop.
[ppc-cr][Android - Chrome] 🔘 [Mobile] Scanning for additional dynamic steps...
[ppc-cr][Android - Chrome] 🔘 [Mobile] Submitting form
[ppc-cr][Android - Chrome] ⏳ [Mobile] Waiting for submission navigation to complete
[ppc-cr][Android - Chrome] [STDERR] ⚠️ [Mobile] Standard submit buttons not found, consulting FLM Agent...
[ppc-cr][Android - Chrome] 🤖 [FLM Agent] Analyzing Submit button for global...
[ppc-cr][Android - Chrome] ⏳ [Mobile] Waiting for final Thank You page redirection...
[ppc-cr][Android - Chrome] ✅ [Mobile] Targeted final redirect URL achieved!
[ppc-cr][Android - Chrome] ✅ [Mobile] Final Thank You URL: https://tra.com/thank-you?debt=10000&leadid=0F648AD6&reqid=26782735&affid=659&oid=133
[ppc-cr][Android - Chrome] ✅ [Mobile] Extracted Lead ID: 0F648AD6
[ppc-cr][Android - Chrome] 📱 Device Type detected: Android - Chrome
[ppc-cr][Android - Chrome] ✅ Lead captured: 0F648AD6
[ppc-cr][Android - Chrome] 📡 Fetching First API data for Lead ID: 0F648AD6...
[ppc-cr][Android - Chrome] 📡 Raw XML Response: {
  "lead_info_response": {
    "$": {
      "xmlns:xsd": "http://www.w3.org/2001/XMLSchema",
      "xmlns:xsi": "http://www.w3.org/2001/XMLSchema-instance",
      "xmlns": "http://cakemarketing.com/api/1/"
    },
    "success": "true",
    "row_count": "1",
    "lead_id": "0F648AD6",
    "personal_info": {
      "first_name": "CKMTESTPIXEL",
      "last_name": "CKMTESTPIXEL",
      "email_address": "ckmtestpixel@gmail.com",
      "address": {
        "street": "",
        "city": "",
        "state": "MT",
        "zip_code": "59718",
        "country": ""
      },
      "ip_address": "27.54.170.27",
      "phone_work": "",
      "phone_home": "401-247-1026",
      "phone_cell": "",
      "best_call_time": "",
      "opt_in": "false"
    },
    "traffic_info": {
      "lead_date": "2026-05-14T22:14:07.11",
      "payout": {
        "currency_id": "1",
        "amount": "0.0000",
        "formatted_amount": "$0.00"
      },
      "affiliate": {
        "affiliate_id": {
          "_": "659",
          "$": {
            "xmlns": "API:id_name_store"
          }
        },
        "affiliate_name": {
          "_": "QA affiliate",
          "$": {
            "xmlns": "API:id_name_store"
          }
        }
      },
      "campaign": {
        "campaign_id": {
          "_": "4510",
          "$": {
            "xmlns": "API:id_name_store"
          }
        },
        "campaign_name": {
          "_": "TRA.com CPL - PPC CR - CPA - $1.00",
          "$": {
            "xmlns": "API:id_name_store"
          }
        }
      },
      "creative_id": "2210",
      "subid_1": "",
      "subid_2": "",
      "subid_3": "",
      "subid_4": "",
      "subid_5": "",
      "referrer": "",
      "pixel_fired": "true",
      "returned_to_affiliate": "false",
      "test": "true",
      "upsell": "false"
    },
    "all_vertical_data": {
      "data": {
        "$": {
          "xmlns": ""
        },
        "tax_debt": "10000",
        "universal_leadid": "4F10F651-970A-2EAA-61ED-CD8EC5F3E72E",
        "affid": "659",
        "TCPA_checkbox": "1",
        "reqid": "26782735",
        "page": "https://tra.com/ppc/cr",
        "neustar": "fail",
        "neustar_disposition": "N,U,I3,L,0",
        "first_name_lower": "ckmtestpixel",
        "last_name_lower": "ckmtestpixel",
        "opt_special_offers": "on",
        "ckm_campaign_id": "4510"
      }
    },
    "dispositions": {
      "disposition": [
        {
          "disposition_type": "Not Paid For",
          "reason": "Unmatched Filter",
          "filter": "Nuestar Fail"
        },
        {
          "disposition_type": "Sent to Review Queue",
          "reason": "neustar: This value is not valid",
          "filter": "Equals Value"
        }
      ]
    },
    "pings": "",
    "posts": "",
    "sales": ""
  }
}
✅ First API Data retrieved on attempt 1
[ppc-cr][Android - Chrome] 📡 [Rest-Assurance] Verifying Lead ID: 0F648AD6 via Backend...
[ppc-cr][Android - Chrome] 🛡️  [Rest-Assurance] VERIFIED (Backend Debt: 10000)
[ppc-cr][Android - Chrome] [STDERR] (node:18884) Warning: Setting the NODE_TLS_REJECT_UNAUTHORIZED environment variable to '0' makes TLS connections and HTTPS requests insecure by disabling certificate verification.
(Use `node --trace-warnings ...` to show where the warning was created)
[ppc-cr][Android - Chrome] ✅ Row appended successfully to sheet: PPC-CR
[ppc-cr][Android - Chrome] ⚠️  Non-fatal formatting error for PPC-CR (Banding might already exist): Invalid requests[2].addBanding: You cannot add alternating background colors to a range that already has alternating background colors.
✅ Lead processed successfully for PPC CR Mobile
[ppc-cr][Android - Chrome] 🎥 Video saved successfully: traces/videos/PPC-CR_PPC_CR_Mobile.webm
[ppc-cr][Android - Chrome] 
✅ Execution successfully processed! { success: true, leadId: '0F648AD6', brand: 'PPC CR Mobile' }
[ppc-cr][Android - Chrome] [STDERR] ❌ Automation Run encountered a fatal exception: tracing.stop: Target page, context or browser has been closed
✅ [15/5/2026, 10:44:35 am] COMPLETED: ppc-cr [Android - Chrome][CHROMIUM]

================================================================
🚀 [15/5/2026, 10:44:35 am] RUNNING: PPC CR [ANDROID - FIREFOX]
🔗 Target URL: https://flmtra.com/?a=659&oc=848&c=2210&s1=
================================================================
[ppc-cr][Android - Firefox] 🔌 [Browser Interceptor] Intercepting and optimizing engine: FIREFOX
[ppc-cr][Android - Firefox] ◇ injected env (0) from .env // tip: ⌘ suppress logs { quiet: true }
[ppc-cr][Android - Firefox] ◇ injected env (0) from .env // tip: ⌘ override existing { override: true }
[ppc-cr][Android - Firefox] ◇ injected env (0) from .env // tip: ⌘ override existing { override: true }
[ppc-cr][Android - Firefox] ◇ injected env (0) from .env // tip: ◈ encrypted .env [www.dotenvx.com]
[ppc-cr][Android - Firefox] ◇ injected env (0) from .env // tip: ⌁ auth for agents [www.vestauth.com]

🤖 ================================================================
🤖 MASTER RUNNER: LAUNCHING PPC CR
🤖 Mode:            MOBILE
[ppc-cr][Android - Firefox] 🤖 Tracking URL:     https://flmtra.com/?a=659&oc=848&c=2210&s1=
🤖 Target Sheet:    PPC-CR
[ppc-cr][Android - Firefox] 🤖 ================================================================
[ppc-cr][Android - Firefox] 🔌 [Browser Interceptor] Intercepting and optimizing engine: FIREFOX
[ppc-cr][Android - Firefox] 📋 Emulated Device Profile: MOBILE (Pixel 7) - [Android - Firefox]
[ppc-cr][Android - Firefox] 🔌 [Browser Interceptor] Sanitizing mobile context options for Firefox emulation...
🔌 [Browser Interceptor] Sanitizing mobile context options for Firefox emulation...
[ppc-cr][Android - Firefox] ⏳ Delaying 200ms to allow responsive layouts to mount...
[ppc-cr][Android - Firefox] 🔄 Processing lead for brand: PPC CR Mobile
[ppc-cr][Android - Firefox] 📊 Campaign execution run index: 28
[ppc-cr][Android - Firefox] 🎯 Enforcing dynamic credentials & parameters:
   - First Name:   ckmtestpixel
[ppc-cr][Android - Firefox]    - Last Name:    ckmtestpixel
   - Email:        ckmtestpixel@gmail.com
   - Phone Number: 401-247-1028
   - Slider Value: 2,087
   - State Value:  New Hampshire
[ppc-cr][Android - Firefox] 🔗 [Mobile] Navigating to: https://flmtra.com/?a=659&oc=848&c=2210&s1=
[ppc-cr][Android - Firefox] ✅ [Mobile] Page loaded successfully
[ppc-cr][Android - Firefox] 📱 [Mobile] Injecting high-fidelity glossy Natural Titanium iPhone 17 Pro mockup frame...
[ppc-cr][Android - Firefox] 📱 [Mobile] Injecting high-fidelity glossy Natural Titanium iPhone 17 Pro mockup frame...
[ppc-cr][Android - Firefox] 📝 [Mobile] Starting mobile-specific form filling...
[ppc-cr][Android - Firefox] 🔘 [Mobile] Step 1: Selecting Debt Amount (2,087)
[ppc-cr][Android - Firefox] 🔘 [Mobile] Clicking active visible button: .next-btn1:visible, .btn-next:visible
[ppc-cr][Android - Firefox] ✅ [Mobile] Clicked: .next-btn1:visible, .btn-next:visible
[ppc-cr][Android - Firefox] 📱 [Mobile] Injecting high-fidelity glossy Natural Titanium iPhone 17 Pro mockup frame...
[ppc-cr][Android - Firefox] ✅ [Mobile] Reached a recognized terminal step (State or Contact). Stopping dynamic traversal.
[ppc-cr][Android - Firefox] 🔘 [Mobile] Step 2: Selecting State
[ppc-cr][Android - Firefox] ✅ [Mobile] Selected state dynamically: "Nevada"
[ppc-cr][Android - Firefox] 📝 [Mobile] step3 column set to State: "Nevada"
[ppc-cr][Android - Firefox] 🔘 [Mobile] Clicking active visible button: .next-btn:visible, .next-btn2:visible, .btn-next:visible
[ppc-cr][Android - Firefox] ✅ [Mobile] Clicked: .next-btn:visible, .next-btn2:visible, .btn-next:visible
[ppc-cr][Android - Firefox] 📱 [Mobile] Injecting high-fidelity glossy Natural Titanium iPhone 17 Pro mockup frame...
[ppc-cr][Android - Firefox] 🔘 [Mobile] Step 3: Filling Contact Info (Dynamic Loop)...
[ppc-cr][Android - Firefox] 📱 [Mobile] Injecting high-fidelity glossy Natural Titanium iPhone 17 Pro mockup frame...
[ppc-cr][Android - Firefox] ✅ [Mobile] Filled First Name: ckmtestpixel
[ppc-cr][Android - Firefox] ✅ [Mobile] Filled Last Name: ckmtestpixel
[ppc-cr][Android - Firefox] ✅ [Mobile] Filled Email: ckmtestpixel@gmail.com
[ppc-cr][Android - Firefox] ✅ [Mobile] Filled Phone: 401-247-1028
[ppc-cr][Android - Firefox] 🔘 [Mobile] Clicking active contact NEXT/SUBMIT button...
[ppc-cr][Android - Firefox] 📱 [Mobile] Injecting high-fidelity glossy Natural Titanium iPhone 17 Pro mockup frame...
[ppc-cr][Android - Firefox] ✅ [Mobile] Filled Phone: 401-247-1028
[ppc-cr][Android - Firefox] 🔘 [Mobile] Clicking active contact NEXT/SUBMIT button...
[ppc-cr][Android - Firefox] 📱 [Mobile] Injecting high-fidelity glossy Natural Titanium iPhone 17 Pro mockup frame...
[ppc-cr][Android - Firefox] 🔘 [Mobile] No active contact NEXT/SUBMIT button visible. Exiting loop.
🔘 [Mobile] Scanning for additional dynamic steps...
[ppc-cr][Android - Firefox] 🔘 [Mobile] Submitting form
[ppc-cr][Android - Firefox] ⏳ [Mobile] Waiting for submission navigation to complete
[ppc-cr][Android - Firefox] [STDERR] ⚠️ [Mobile] Standard submit buttons not found, consulting FLM Agent...
[ppc-cr][Android - Firefox] 🤖 [FLM Agent] Analyzing Submit button for global...
[ppc-cr][Android - Firefox] ⏳ [Mobile] Waiting for final Thank You page redirection...
[ppc-cr][Android - Firefox] ✅ [Mobile] Targeted final redirect URL achieved!
[ppc-cr][Android - Firefox] ✅ [Mobile] Final Thank You URL: https://tra.com/thank-you?debt=10000&leadid=E98C5A20&reqid=26782737&affid=659&oid=133
[ppc-cr][Android - Firefox] ✅ [Mobile] Extracted Lead ID: E98C5A20
📱 Device Type detected: Android - Firefox
✅ Lead captured: E98C5A20
[ppc-cr][Android - Firefox] 📡 Fetching First API data for Lead ID: E98C5A20...
[ppc-cr][Android - Firefox] 📡 Raw XML Response: {
  "lead_info_response": {
    "$": {
      "xmlns:xsd": "http://www.w3.org/2001/XMLSchema",
      "xmlns:xsi": "http://www.w3.org/2001/XMLSchema-instance",
      "xmlns": "http://cakemarketing.com/api/1/"
    },
    "success": "true",
    "row_count": "1",
    "lead_id": "E98C5A20",
    "personal_info": {
      "first_name": "CKMTESTPIXEL",
      "last_name": "CKMTESTPIXEL",
      "email_address": "ckmtestpixel@gmail.com",
      "address": {
        "street": "",
        "city": "",
        "state": "NV",
        "zip_code": "89146",
        "country": ""
      },
      "ip_address": "27.54.170.27",
      "phone_work": "",
      "phone_home": "401-247-1028",
      "phone_cell": "",
      "best_call_time": "",
      "opt_in": "false"
    },
    "traffic_info": {
      "lead_date": "2026-05-14T22:14:58.72",
      "payout": {
        "currency_id": "1",
        "amount": "0.0000",
        "formatted_amount": "$0.00"
      },
      "affiliate": {
        "affiliate_id": {
          "_": "659",
          "$": {
            "xmlns": "API:id_name_store"
          }
        },
        "affiliate_name": {
          "_": "QA affiliate",
          "$": {
            "xmlns": "API:id_name_store"
          }
        }
      },
      "campaign": {
        "campaign_id": {
          "_": "4510",
          "$": {
            "xmlns": "API:id_name_store"
          }
        },
        "campaign_name": {
          "_": "TRA.com CPL - PPC CR - CPA - $1.00",
          "$": {
            "xmlns": "API:id_name_store"
          }
        }
      },
      "creative_id": "2210",
      "subid_1": "",
      "subid_2": "",
      "subid_3": "",
      "subid_4": "",
      "subid_5": "",
      "referrer": "",
      "pixel_fired": "true",
      "returned_to_affiliate": "false",
      "test": "true",
      "upsell": "false"
    },
    "all_vertical_data": {
      "data": {
        "$": {
          "xmlns": ""
        },
        "tax_debt": "10000",
        "universal_leadid": "F934F674-9E3B-F75F-B35B-2E62305ABEC4",
        "affid": "659",
        "TCPA_checkbox": "1",
        "reqid": "26782737",
        "page": "https://tra.com/ppc/cr",
        "neustar": "fail",
        "neustar_disposition": "N,U,I1,L,0",
        "first_name_lower": "ckmtestpixel",
        "last_name_lower": "ckmtestpixel",
        "opt_special_offers": "on",
        "ckm_campaign_id": "4510"
      }
    },
    "dispositions": {
      "disposition": [
        {
          "disposition_type": "Not Paid For",
          "reason": "Unmatched Filter",
          "filter": "Nuestar Fail"
        },
        {
          "disposition_type": "Sent to Review Queue",
          "reason": "neustar: This value is not valid",
          "filter": "Equals Value"
        }
      ]
    },
    "pings": "",
    "posts": "",
    "sales": ""
  }
}
[ppc-cr][Android - Firefox] ✅ First API Data retrieved on attempt 1
[ppc-cr][Android - Firefox] 📡 [Rest-Assurance] Verifying Lead ID: E98C5A20 via Backend...
[ppc-cr][Android - Firefox] 🛡️  [Rest-Assurance] VERIFIED (Backend Debt: 10000)
[ppc-cr][Android - Firefox] [STDERR] (node:6812) Warning: Setting the NODE_TLS_REJECT_UNAUTHORIZED environment variable to '0' makes TLS connections and HTTPS requests insecure by disabling certificate verification.
(Use `node --trace-warnings ...` to show where the warning was created)
[ppc-cr][Android - Firefox] ✅ Row appended successfully to sheet: PPC-CR
[ppc-cr][Android - Firefox] ⚠️  Non-fatal formatting error for PPC-CR (Banding might already exist): Invalid requests[2].addBanding: You cannot add alternating background colors to a range that already has alternating background colors.
✅ Lead processed successfully for PPC CR Mobile
[ppc-cr][Android - Firefox] 🎥 Video saved successfully: traces/videos/PPC-CR_PPC_CR_Mobile.webm
[ppc-cr][Android - Firefox] 
✅ Execution successfully processed! { success: true, leadId: 'E98C5A20', brand: 'PPC CR Mobile' }
[ppc-cr][Android - Firefox] [STDERR] ❌ Automation Run encountered a fatal exception: tracing.stop: Target page, context or browser has been closed
✅ [15/5/2026, 10:45:52 am] COMPLETED: ppc-cr [Android - Firefox][FIREFOX]

================================================================
🚀 [15/5/2026, 10:45:52 am] RUNNING: PPC CR [IOS - CHROME]
🔗 Target URL: https://flmtra.com/?a=659&oc=848&c=2210&s1=
================================================================
[ppc-cr][iOS - Chrome] 🔌 [Browser Interceptor] Intercepting and optimizing engine: CHROMIUM
[ppc-cr][iOS - Chrome] ◇ injected env (0) from .env // tip: ⌘ enable debugging { debug: true }
[ppc-cr][iOS - Chrome] ◇ injected env (0) from .env // tip: ⌘ enable debugging { debug: true }
[ppc-cr][iOS - Chrome] ◇ injected env (0) from .env // tip: ⌘ suppress logs { quiet: true }
[ppc-cr][iOS - Chrome] ◇ injected env (0) from .env // tip: ⌘ enable debugging { debug: true }
[ppc-cr][iOS - Chrome] ◇ injected env (0) from .env // tip: ⌘ suppress logs { quiet: true }
[ppc-cr][iOS - Chrome] 
🤖 ================================================================
[ppc-cr][iOS - Chrome] 🤖 MASTER RUNNER: LAUNCHING PPC CR
🤖 Mode:            MOBILE
🤖 Tracking URL:     https://flmtra.com/?a=659&oc=848&c=2210&s1=
[ppc-cr][iOS - Chrome] 🤖 Target Sheet:    PPC-CR
🤖 ================================================================
[ppc-cr][iOS - Chrome] 🔌 [Browser Interceptor] Intercepting and optimizing engine: CHROMIUM
[ppc-cr][iOS - Chrome] 📋 Emulated Device Profile: MOBILE (iPhone 17 Pro Mode) - [iOS - Chrome]
[ppc-cr][iOS - Chrome] ⏳ Delaying 200ms to allow responsive layouts to mount...
[ppc-cr][iOS - Chrome] 🔄 Processing lead for brand: PPC CR Mobile
[ppc-cr][iOS - Chrome] 📊 Campaign execution run index: 30
[ppc-cr][iOS - Chrome] 🎯 Enforcing dynamic credentials & parameters:
   - First Name:   ckmtestpixel
   - Last Name:    ckmtestpixel
[ppc-cr][iOS - Chrome]    - Email:        ckmtestpixel@gmail.com
   - Phone Number: 401-247-1030
   - Slider Value: 8,840
   - State Value:  New Mexico
[ppc-cr][iOS - Chrome] 🔗 [Mobile] Navigating to: https://flmtra.com/?a=659&oc=848&c=2210&s1=
[ppc-cr][iOS - Chrome] ✅ [Mobile] Page loaded successfully
[ppc-cr][iOS - Chrome] 📱 [Mobile] Injecting high-fidelity glossy Natural Titanium iPhone 17 Pro mockup frame...
[ppc-cr][iOS - Chrome] 📱 [Mobile] Injecting high-fidelity glossy Natural Titanium iPhone 17 Pro mockup frame...
[ppc-cr][iOS - Chrome] 📝 [Mobile] Starting mobile-specific form filling...
[ppc-cr][iOS - Chrome] 🔘 [Mobile] Step 1: Selecting Debt Amount (8,840)
[ppc-cr][iOS - Chrome] 🔘 [Mobile] Clicking active visible button: .next-btn1:visible, .btn-next:visible
[ppc-cr][iOS - Chrome] ✅ [Mobile] Clicked: .next-btn1:visible, .btn-next:visible
[ppc-cr][iOS - Chrome] 📱 [Mobile] Injecting high-fidelity glossy Natural Titanium iPhone 17 Pro mockup frame...
[ppc-cr][iOS - Chrome] ✅ [Mobile] Reached a recognized terminal step (State or Contact). Stopping dynamic traversal.
[ppc-cr][iOS - Chrome] 🔘 [Mobile] Step 2: Selecting State
[ppc-cr][iOS - Chrome] ✅ [Mobile] Selected state dynamically: "New Jersey"
📝 [Mobile] step3 column set to State: "New Jersey"
[ppc-cr][iOS - Chrome] 🔘 [Mobile] Clicking active visible button: .next-btn:visible, .next-btn2:visible, .btn-next:visible
[ppc-cr][iOS - Chrome] ✅ [Mobile] Clicked: .next-btn:visible, .next-btn2:visible, .btn-next:visible
[ppc-cr][iOS - Chrome] 📱 [Mobile] Injecting high-fidelity glossy Natural Titanium iPhone 17 Pro mockup frame...
[ppc-cr][iOS - Chrome] 🔘 [Mobile] Step 3: Filling Contact Info (Dynamic Loop)...
[ppc-cr][iOS - Chrome] 📱 [Mobile] Injecting high-fidelity glossy Natural Titanium iPhone 17 Pro mockup frame...
[ppc-cr][iOS - Chrome] ✅ [Mobile] Filled First Name: ckmtestpixel
[ppc-cr][iOS - Chrome] ✅ [Mobile] Filled Last Name: ckmtestpixel
[ppc-cr][iOS - Chrome] ✅ [Mobile] Filled Email: ckmtestpixel@gmail.com
[ppc-cr][iOS - Chrome] ✅ [Mobile] Filled Phone: 401-247-1030
[ppc-cr][iOS - Chrome] 🔘 [Mobile] Clicking active contact NEXT/SUBMIT button...
[ppc-cr][iOS - Chrome] 📱 [Mobile] Injecting high-fidelity glossy Natural Titanium iPhone 17 Pro mockup frame...
[ppc-cr][iOS - Chrome] ✅ [Mobile] Filled Phone: 401-247-1030
[ppc-cr][iOS - Chrome] 🔘 [Mobile] Clicking active contact NEXT/SUBMIT button...
[ppc-cr][iOS - Chrome] 📱 [Mobile] Injecting high-fidelity glossy Natural Titanium iPhone 17 Pro mockup frame...
[ppc-cr][iOS - Chrome] 🔘 [Mobile] No active contact NEXT/SUBMIT button visible. Exiting loop.
🔘 [Mobile] Scanning for additional dynamic steps...
[ppc-cr][iOS - Chrome] 🔘 [Mobile] Submitting form
[ppc-cr][iOS - Chrome] ⏳ [Mobile] Waiting for submission navigation to complete
[ppc-cr][iOS - Chrome] [STDERR] ⚠️ [Mobile] Standard submit buttons not found, consulting FLM Agent...
[ppc-cr][iOS - Chrome] 🤖 [FLM Agent] Analyzing Submit button for global...
[ppc-cr][iOS - Chrome] ⏳ [Mobile] Waiting for final Thank You page redirection...
[ppc-cr][iOS - Chrome] ✅ [Mobile] Targeted final redirect URL achieved!
[ppc-cr][iOS - Chrome] ✅ [Mobile] Final Thank You URL: https://tra.com/thank-you?debt=#tax_debt#&leadid=#leadid#&reqid=#reqid#&affid=#affid#&oid=133
[ppc-cr][iOS - Chrome] [STDERR] ⚠️ [Mobile] No Lead ID found in URL
⚠️ No Lead ID found. This is likely a duplicate lead submission redirected to a static thank you page. Using DUPLICATE fallback.
[ppc-cr][iOS - Chrome] 📱 Device Type detected: iOS - Chrome
✅ Lead captured: DUPLICATE
[ppc-cr][iOS - Chrome] [STDERR] (node:12540) Warning: Setting the NODE_TLS_REJECT_UNAUTHORIZED environment variable to '0' makes TLS connections and HTTPS requests insecure by disabling certificate verification.
(Use `node --trace-warnings ...` to show where the warning was created)
[ppc-cr][iOS - Chrome] ✅ Row appended successfully to sheet: PPC-CR
[ppc-cr][iOS - Chrome] ⚠️  Non-fatal formatting error for PPC-CR (Banding might already exist): Invalid requests[2].addBanding: You cannot add alternating background colors to a range that already has alternating background colors.
✅ Lead processed successfully for PPC CR Mobile
[ppc-cr][iOS - Chrome] 🎥 Video saved successfully: traces/videos/PPC-CR_PPC_CR_Mobile.webm
[ppc-cr][iOS - Chrome] 
✅ Execution successfully processed! { success: true, leadId: null, brand: 'PPC CR Mobile' }
[ppc-cr][iOS - Chrome] [STDERR] ❌ Automation Run encountered a fatal exception: tracing.stop: Target page, context or browser has been closed
✅ [15/5/2026, 10:46:42 am] COMPLETED: ppc-cr [iOS - Chrome][CHROMIUM]

================================================================
🚀 [15/5/2026, 10:46:43 am] RUNNING: PPC CR [IOS - SAFARI]
🔗 Target URL: https://flmtra.com/?a=659&oc=848&c=2210&s1=
================================================================
[ppc-cr][iOS - Safari] 🔌 [Browser Interceptor] Intercepting and optimizing engine: WEBKIT
[ppc-cr][iOS - Safari] ◇ injected env (0) from .env // tip: ◈ encrypted .env [www.dotenvx.com]
[ppc-cr][iOS - Safari] ◇ injected env (0) from .env // tip: ◈ secrets for agents [www.dotenvx.com]
[ppc-cr][iOS - Safari] ◇ injected env (0) from .env // tip: ⌁ auth for agents [www.vestauth.com]
[ppc-cr][iOS - Safari] ◇ injected env (0) from .env // tip: ◈ secrets for agents [www.dotenvx.com]
[ppc-cr][iOS - Safari] ◇ injected env (0) from .env // tip: ⌘ multiple files { path: ['.env.local', '.env'] }
[ppc-cr][iOS - Safari] 
🤖 ================================================================
[ppc-cr][iOS - Safari] 🤖 MASTER RUNNER: LAUNCHING PPC CR
🤖 Mode:            MOBILE
[ppc-cr][iOS - Safari] 🤖 Tracking URL:     https://flmtra.com/?a=659&oc=848&c=2210&s1=
[ppc-cr][iOS - Safari] 🤖 Target Sheet:    PPC-CR
🤖 ================================================================
[ppc-cr][iOS - Safari] 🔌 [Browser Interceptor] Intercepting and optimizing engine: WEBKIT
[ppc-cr][iOS - Safari] 📋 Emulated Device Profile: MOBILE (iPhone 17 Pro Mode) - [iOS - Safari]
[ppc-cr][iOS - Safari] ⏳ Delaying 200ms to allow responsive layouts to mount...
[ppc-cr][iOS - Safari] 🔄 Processing lead for brand: PPC CR Mobile
[ppc-cr][iOS - Safari] 📊 Campaign execution run index: 32
[ppc-cr][iOS - Safari] 🎯 Enforcing dynamic credentials & parameters:
   - First Name:   ckmtestpixel
   - Last Name:    ckmtestpixel
   - Email:        ckmtestpixel@gmail.com
   - Phone Number: 401-247-1032
[ppc-cr][iOS - Safari]    - Slider Value: 24,945
   - State Value:  North Carolina
[ppc-cr][iOS - Safari] 🔗 [Mobile] Navigating to: https://flmtra.com/?a=659&oc=848&c=2210&s1=
[ppc-cr][iOS - Safari] ✅ [Mobile] Page loaded successfully
[ppc-cr][iOS - Safari] 📱 [Mobile] Injecting high-fidelity glossy Natural Titanium iPhone 17 Pro mockup frame...
[ppc-cr][iOS - Safari] 📱 [Mobile] Injecting high-fidelity glossy Natural Titanium iPhone 17 Pro mockup frame...
[ppc-cr][iOS - Safari] 📝 [Mobile] Starting mobile-specific form filling...
[ppc-cr][iOS - Safari] 🔘 [Mobile] Step 1: Selecting Debt Amount (24,945)
[ppc-cr][iOS - Safari] 🔘 [Mobile] Clicking active visible button: .next-btn1:visible, .btn-next:visible
[ppc-cr][iOS - Safari] ✅ [Mobile] Clicked: .next-btn1:visible, .btn-next:visible
[ppc-cr][iOS - Safari] 📱 [Mobile] Injecting high-fidelity glossy Natural Titanium iPhone 17 Pro mockup frame...
[ppc-cr][iOS - Safari] ✅ [Mobile] Reached a recognized terminal step (State or Contact). Stopping dynamic traversal.
[ppc-cr][iOS - Safari] 🔘 [Mobile] Step 2: Selecting State
[ppc-cr][iOS - Safari] ✅ [Mobile] Selected state dynamically: "New York"
📝 [Mobile] step3 column set to State: "New York"
[ppc-cr][iOS - Safari] 🔘 [Mobile] Clicking active visible button: .next-btn:visible, .next-btn2:visible, .btn-next:visible
[ppc-cr][iOS - Safari] ✅ [Mobile] Clicked: .next-btn:visible, .next-btn2:visible, .btn-next:visible
[ppc-cr][iOS - Safari] 📱 [Mobile] Injecting high-fidelity glossy Natural Titanium iPhone 17 Pro mockup frame...
[ppc-cr][iOS - Safari] 🔘 [Mobile] Step 3: Filling Contact Info (Dynamic Loop)...
[ppc-cr][iOS - Safari] 📱 [Mobile] Injecting high-fidelity glossy Natural Titanium iPhone 17 Pro mockup frame...
[ppc-cr][iOS - Safari] ✅ [Mobile] Filled First Name: ckmtestpixel
[ppc-cr][iOS - Safari] ✅ [Mobile] Filled Last Name: ckmtestpixel
[ppc-cr][iOS - Safari] ✅ [Mobile] Filled Email: ckmtestpixel@gmail.com
[ppc-cr][iOS - Safari] ✅ [Mobile] Filled Phone: 401-247-1032
[ppc-cr][iOS - Safari] 🔘 [Mobile] Clicking active contact NEXT/SUBMIT button...
[ppc-cr][iOS - Safari] 📱 [Mobile] Injecting high-fidelity glossy Natural Titanium iPhone 17 Pro mockup frame...
[ppc-cr][iOS - Safari] ✅ [Mobile] Filled Phone: 401-247-1032
[ppc-cr][iOS - Safari] 🔘 [Mobile] Clicking active contact NEXT/SUBMIT button...
[ppc-cr][iOS - Safari] 📱 [Mobile] Injecting high-fidelity glossy Natural Titanium iPhone 17 Pro mockup frame...
[ppc-cr][iOS - Safari] 🔘 [Mobile] No active contact NEXT/SUBMIT button visible. Exiting loop.
🔘 [Mobile] Scanning for additional dynamic steps...
[ppc-cr][iOS - Safari] 🔘 [Mobile] Submitting form
[ppc-cr][iOS - Safari] ⏳ [Mobile] Waiting for submission navigation to complete
[ppc-cr][iOS - Safari] [STDERR] ⚠️ [Mobile] Standard submit buttons not found, consulting FLM Agent...
[ppc-cr][iOS - Safari] 🤖 [FLM Agent] Analyzing Submit button for global...
[ppc-cr][iOS - Safari] ⏳ [Mobile] Waiting for final Thank You page redirection...
[ppc-cr][iOS - Safari] ✅ [Mobile] Targeted final redirect URL achieved!
[ppc-cr][iOS - Safari] ✅ [Mobile] Final Thank You URL: https://tra.com/thank-you?debt=10000&leadid=C9C48F68&reqid=26782745&affid=659&oid=133
[ppc-cr][iOS - Safari] ✅ [Mobile] Extracted Lead ID: C9C48F68
📱 Device Type detected: iOS - Safari
✅ Lead captured: C9C48F68
[ppc-cr][iOS - Safari] 📡 Fetching First API data for Lead ID: C9C48F68...
[ppc-cr][iOS - Safari] 📡 Raw XML Response: {
  "lead_info_response": {
    "$": {
      "xmlns:xsd": "http://www.w3.org/2001/XMLSchema",
      "xmlns:xsi": "http://www.w3.org/2001/XMLSchema-instance",
      "xmlns": "http://cakemarketing.com/api/1/"
    },
    "success": "true",
    "row_count": "1",
    "lead_id": "C9C48F68",
    "personal_info": {
      "first_name": "CKMTESTPIXEL",
      "last_name": "CKMTESTPIXEL",
      "email_address": "ckmtestpixel@gmail.com",
      "address": {
        "street": "",
        "city": "",
        "state": "NY",
        "zip_code": "12590",
        "country": ""
      },
      "ip_address": "27.54.170.27",
      "phone_work": "",
      "phone_home": "401-247-1032",
      "phone_cell": "",
      "best_call_time": "",
      "opt_in": "false"
    },
    "traffic_info": {
      "lead_date": "2026-05-14T22:17:05.62",
      "payout": {
        "currency_id": "1",
        "amount": "0.0000",
        "formatted_amount": "$0.00"
      },
      "affiliate": {
        "affiliate_id": {
          "_": "659",
          "$": {
            "xmlns": "API:id_name_store"
          }
        },
        "affiliate_name": {
          "_": "QA affiliate",
          "$": {
            "xmlns": "API:id_name_store"
          }
        }
      },
      "campaign": {
        "campaign_id": {
          "_": "4510",
          "$": {
            "xmlns": "API:id_name_store"
          }
        },
        "campaign_name": {
          "_": "TRA.com CPL - PPC CR - CPA - $1.00",
          "$": {
            "xmlns": "API:id_name_store"
          }
        }
      },
      "creative_id": "2210",
      "subid_1": "",
      "subid_2": "",
      "subid_3": "",
      "subid_4": "",
      "subid_5": "",
      "referrer": "",
      "pixel_fired": "true",
      "returned_to_affiliate": "false",
      "test": "true",
      "upsell": "false"
    },
    "all_vertical_data": {
      "data": {
        "$": {
          "xmlns": ""
        },
        "tax_debt": "10000",
        "universal_leadid": "72BED6E2-B784-9ABF-B1B6-18150F767535",
        "affid": "659",
        "TCPA_checkbox": "1",
        "reqid": "26782745",
        "page": "https://tra.com/ppc/cr",
        "neustar": "fail",
        "neustar_disposition": "N,U,I2,L,0",
        "first_name_lower": "ckmtestpixel",
        "last_name_lower": "ckmtestpixel",
        "opt_special_offers": "on",
        "ckm_campaign_id": "4510"
      }
    },
    "dispositions": {
      "disposition": [
        {
          "disposition_type": "Not Paid For",
          "reason": "Unmatched Filter",
          "filter": "Nuestar Fail"
        },
        {
          "disposition_type": "Sent to Review Queue",
          "reason": "neustar: This value is not valid",
          "filter": "Equals Value"
        }
      ]
    },
    "pings": "",
    "posts": "",
    "sales": ""
  }
}
[ppc-cr][iOS - Safari] ✅ First API Data retrieved on attempt 1
[ppc-cr][iOS - Safari] 📡 [Rest-Assurance] Verifying Lead ID: C9C48F68 via Backend...
[ppc-cr][iOS - Safari] 🛡️  [Rest-Assurance] VERIFIED (Backend Debt: 10000)
[ppc-cr][iOS - Safari] [STDERR] (node:8008) Warning: Setting the NODE_TLS_REJECT_UNAUTHORIZED environment variable to '0' makes TLS connections and HTTPS requests insecure by disabling certificate verification.
(Use `node --trace-warnings ...` to show where the warning was created)
[ppc-cr][iOS - Safari] ✅ Row appended successfully to sheet: PPC-CR
[ppc-cr][iOS - Safari] ⚠️  Non-fatal formatting error for PPC-CR (Banding might already exist): Invalid requests[2].addBanding: You cannot add alternating background colors to a range that already has alternating background colors.
✅ Lead processed successfully for PPC CR Mobile
[ppc-cr][iOS - Safari] 🎥 Video saved successfully: traces/videos/PPC-CR_PPC_CR_Mobile.webm
[ppc-cr][iOS - Safari] 
✅ Execution successfully processed! { success: true, leadId: 'C9C48F68', brand: 'PPC CR Mobile' }
[ppc-cr][iOS - Safari] [STDERR] ❌ Automation Run encountered a fatal exception: tracing.stop: Target page, context or browser has been closed
✅ [15/5/2026, 10:47:34 am] COMPLETED: ppc-cr [iOS - Safari][WEBKIT]

================================================================
🚀 [15/5/2026, 10:47:34 am] RUNNING: PPC CR [TABLET - SAFARI]
🔗 Target URL: https://flmtra.com/?a=659&oc=848&c=2210&s1=
================================================================
[ppc-cr][Tablet - Safari] 🔌 [Browser Interceptor] Intercepting and optimizing engine: WEBKIT
[ppc-cr][Tablet - Safari] ◇ injected env (0) from .env // tip: ⌁ auth for agents [www.vestauth.com]
[ppc-cr][Tablet - Safari] ◇ injected env (0) from .env // tip: ◈ encrypted .env [www.dotenvx.com]
[ppc-cr][Tablet - Safari] ◇ injected env (0) from .env // tip: ⌁ auth for agents [www.vestauth.com]
[ppc-cr][Tablet - Safari] ◇ injected env (0) from .env // tip: ⌘ enable debugging { debug: true }
[ppc-cr][Tablet - Safari] ◇ injected env (0) from .env // tip: ⌘ multiple files { path: ['.env.local', '.env'] }
[ppc-cr][Tablet - Safari] 
🤖 ================================================================
[ppc-cr][Tablet - Safari] 🤖 MASTER RUNNER: LAUNCHING PPC CR
[ppc-cr][Tablet - Safari] 🤖 Mode:            TABLET
[ppc-cr][Tablet - Safari] 🤖 Tracking URL:     https://flmtra.com/?a=659&oc=848&c=2210&s1=
[ppc-cr][Tablet - Safari] 🤖 Target Sheet:    PPC-CR
[ppc-cr][Tablet - Safari] 🤖 ================================================================
[ppc-cr][Tablet - Safari] 🔌 [Browser Interceptor] Intercepting and optimizing engine: WEBKIT
[ppc-cr][Tablet - Safari] 📋 Emulated Device Profile: TABLET (iPad Pro 11) - [Tablet - Safari]
[ppc-cr][Tablet - Safari] ⏳ Delaying 200ms to allow responsive layouts to mount...
[ppc-cr][Tablet - Safari] 🔄 Processing lead for brand: PPC CR Tablet
[ppc-cr][Tablet - Safari] 📊 Campaign execution run index: 34
[ppc-cr][Tablet - Safari] 🎯 Enforcing dynamic credentials & parameters:
   - First Name:   ckmtestpixel
[ppc-cr][Tablet - Safari]    - Last Name:    ckmtestpixel
   - Email:        ckmtestpixel@gmail.com
   - Phone Number: 401-247-1034
   - Slider Value: 1,22,163
   - State Value:  Ohio
[ppc-cr][Tablet - Safari] 🔗 [Mobile] Navigating to: https://flmtra.com/?a=659&oc=848&c=2210&s1=
[ppc-cr][Tablet - Safari] ✅ [Mobile] Page loaded successfully
[ppc-cr][Tablet - Safari] 💻 [Tablet] Injecting high-fidelity glossy iPad Pro mockup frame...
[ppc-cr][Tablet - Safari] 💻 [Tablet] Injecting high-fidelity glossy iPad Pro mockup frame...
[ppc-cr][Tablet - Safari] 📝 [Mobile] Starting mobile-specific form filling...
[ppc-cr][Tablet - Safari] 🔘 [Mobile] Step 1: Selecting Debt Amount (1,22,163)
[ppc-cr][Tablet - Safari] 🔘 [Mobile] Clicking active visible button: .next-btn1:visible, .btn-next:visible
[ppc-cr][Tablet - Safari] ✅ [Mobile] Clicked: .next-btn1:visible, .btn-next:visible
[ppc-cr][Tablet - Safari] 💻 [Tablet] Injecting high-fidelity glossy iPad Pro mockup frame...
[ppc-cr][Tablet - Safari] ✅ [Mobile] Reached a recognized terminal step (State or Contact). Stopping dynamic traversal.
[ppc-cr][Tablet - Safari] 🔘 [Mobile] Step 2: Selecting State
[ppc-cr][Tablet - Safari] ✅ [Mobile] Selected state dynamically: "North Dakota"
📝 [Mobile] step3 column set to State: "North Dakota"
[ppc-cr][Tablet - Safari] 🔘 [Mobile] Clicking active visible button: .next-btn:visible, .next-btn2:visible, .btn-next:visible
[ppc-cr][Tablet - Safari] ✅ [Mobile] Clicked: .next-btn:visible, .next-btn2:visible, .btn-next:visible
[ppc-cr][Tablet - Safari] 💻 [Tablet] Injecting high-fidelity glossy iPad Pro mockup frame...
[ppc-cr][Tablet - Safari] 🔘 [Mobile] Step 3: Filling Contact Info (Dynamic Loop)...
[ppc-cr][Tablet - Safari] 💻 [Tablet] Injecting high-fidelity glossy iPad Pro mockup frame...
[ppc-cr][Tablet - Safari] ✅ [Mobile] Filled First Name: ckmtestpixel
[ppc-cr][Tablet - Safari] ✅ [Mobile] Filled Last Name: ckmtestpixel
[ppc-cr][Tablet - Safari] ✅ [Mobile] Filled Email: ckmtestpixel@gmail.com
[ppc-cr][Tablet - Safari] ✅ [Mobile] Filled Phone: 401-247-1034
[ppc-cr][Tablet - Safari] 🔘 [Mobile] Clicking active contact NEXT/SUBMIT button...
[ppc-cr][Tablet - Safari] 💻 [Tablet] Injecting high-fidelity glossy iPad Pro mockup frame...
[ppc-cr][Tablet - Safari] ✅ [Mobile] Filled Phone: 401-247-1034
[ppc-cr][Tablet - Safari] 🔘 [Mobile] Clicking active contact NEXT/SUBMIT button...
[ppc-cr][Tablet - Safari] 💻 [Tablet] Injecting high-fidelity glossy iPad Pro mockup frame...
[ppc-cr][Tablet - Safari] 🔘 [Mobile] No active contact NEXT/SUBMIT button visible. Exiting loop.
🔘 [Mobile] Scanning for additional dynamic steps...
[ppc-cr][Tablet - Safari] 🔘 [Mobile] Submitting form
[ppc-cr][Tablet - Safari] ⏳ [Mobile] Waiting for submission navigation to complete
[ppc-cr][Tablet - Safari] [STDERR] ⚠️ [Mobile] Standard submit buttons not found, consulting FLM Agent...
[ppc-cr][Tablet - Safari] 🤖 [FLM Agent] Analyzing Submit button for global...
[ppc-cr][Tablet - Safari] ⏳ [Mobile] Waiting for final Thank You page redirection...
[ppc-cr][Tablet - Safari] ✅ [Mobile] Targeted final redirect URL achieved!
[ppc-cr][Tablet - Safari] ✅ [Mobile] Final Thank You URL: https://tra.com/thank-you?debt=10000&leadid=39890E8B&reqid=26782749&affid=659&oid=133
[ppc-cr][Tablet - Safari] ✅ [Mobile] Extracted Lead ID: 39890E8B
[ppc-cr][Tablet - Safari] 📱 Device Type detected: Tablet - Safari
✅ Lead captured: 39890E8B
[ppc-cr][Tablet - Safari] 📡 Fetching First API data for Lead ID: 39890E8B...
[ppc-cr][Tablet - Safari] 📡 Raw XML Response: {
  "lead_info_response": {
    "$": {
      "xmlns:xsd": "http://www.w3.org/2001/XMLSchema",
      "xmlns:xsi": "http://www.w3.org/2001/XMLSchema-instance",
      "xmlns": "http://cakemarketing.com/api/1/"
    },
    "success": "true",
    "row_count": "1",
    "lead_id": "39890E8B",
    "personal_info": {
      "first_name": "CKMTESTPIXEL",
      "last_name": "CKMTESTPIXEL",
      "email_address": "ckmtestpixel@gmail.com",
      "address": {
        "street": "",
        "city": "",
        "state": "ND",
        "zip_code": "58031",
        "country": ""
      },
      "ip_address": "27.54.170.27",
      "phone_work": "",
      "phone_home": "401-247-1034",
      "phone_cell": "",
      "best_call_time": "",
      "opt_in": "false"
    },
    "traffic_info": {
      "lead_date": "2026-05-14T22:17:59.627",
      "payout": {
        "currency_id": "1",
        "amount": "0.0000",
        "formatted_amount": "$0.00"
      },
      "affiliate": {
        "affiliate_id": {
          "_": "659",
          "$": {
            "xmlns": "API:id_name_store"
          }
        },
        "affiliate_name": {
          "_": "QA affiliate",
          "$": {
            "xmlns": "API:id_name_store"
          }
        }
      },
      "campaign": {
        "campaign_id": {
          "_": "4510",
          "$": {
            "xmlns": "API:id_name_store"
          }
        },
        "campaign_name": {
          "_": "TRA.com CPL - PPC CR - CPA - $1.00",
          "$": {
            "xmlns": "API:id_name_store"
          }
        }
      },
      "creative_id": "2210",
      "subid_1": "",
      "subid_2": "",
      "subid_3": "",
      "subid_4": "",
      "subid_5": "",
      "referrer": "",
      "pixel_fired": "true",
      "returned_to_affiliate": "false",
      "test": "true",
      "upsell": "false"
    },
    "all_vertical_data": {
      "data": {
        "$": {
          "xmlns": ""
        },
        "tax_debt": "10000",
        "universal_leadid": "92575F0C-7872-3126-DE35-F31D6C5036B8",
        "affid": "659",
        "TCPA_checkbox": "1",
        "reqid": "26782749",
        "page": "https://tra.com/ppc/cr",
        "neustar": "pass",
        "neustar_disposition": "N,U,A4,L,0",
        "first_name_lower": "ckmtestpixel",
        "last_name_lower": "ckmtestpixel",
        "opt_special_offers": "on",
        "ckm_campaign_id": "4510"
      }
    },
    "dispositions": "",
    "pings": "",
    "posts": "",
    "sales": ""
  }
}
[ppc-cr][Tablet - Safari] ✅ First API Data retrieved on attempt 1
📡 [Rest-Assurance] Verifying Lead ID: 39890E8B via Backend...
[ppc-cr][Tablet - Safari] 🛡️  [Rest-Assurance] VERIFIED (Backend Debt: 10000)
[ppc-cr][Tablet - Safari] [STDERR] (node:20128) Warning: Setting the NODE_TLS_REJECT_UNAUTHORIZED environment variable to '0' makes TLS connections and HTTPS requests insecure by disabling certificate verification.
(Use `node --trace-warnings ...` to show where the warning was created)
[ppc-cr][Tablet - Safari] ✅ Row appended successfully to sheet: PPC-CR
[ppc-cr][Tablet - Safari] ⚠️  Non-fatal formatting error for PPC-CR (Banding might already exist): Invalid requests[2].addBanding: You cannot add alternating background colors to a range that already has alternating background colors.
✅ Lead processed successfully for PPC CR Tablet
[ppc-cr][Tablet - Safari] 🎥 Video saved successfully: traces/videos/PPC-CR_PPC_CR_Tablet.webm
[ppc-cr][Tablet - Safari] 
✅ Execution successfully processed! { success: true, leadId: '39890E8B', brand: 'PPC CR Tablet' }
[ppc-cr][Tablet - Safari] [STDERR] ❌ Automation Run encountered a fatal exception: tracing.stop: Target page, context or browser has been closed
✅ [15/5/2026, 10:49:21 am] COMPLETED: ppc-cr [Tablet - Safari][WEBKIT]

================================================================
🚀 [15/5/2026, 10:49:21 am] RUNNING: PPC CR [TABLET - CHROME]
🔗 Target URL: https://flmtra.com/?a=659&oc=848&c=2210&s1=
================================================================
[ppc-cr][Tablet - Chrome] 🔌 [Browser Interceptor] Intercepting and optimizing engine: CHROMIUM
[ppc-cr][Tablet - Chrome] ◇ injected env (0) from .env // tip: ⌘ suppress logs { quiet: true }
[ppc-cr][Tablet - Chrome] ◇ injected env (0) from .env // tip: ◈ secrets for agents [www.dotenvx.com]
[ppc-cr][Tablet - Chrome] ◇ injected env (0) from .env // tip: ⌘ override existing { override: true }
[ppc-cr][Tablet - Chrome] ◇ injected env (0) from .env // tip: ⌘ multiple files { path: ['.env.local', '.env'] }
[ppc-cr][Tablet - Chrome] ◇ injected env (0) from .env // tip: ⌘ enable debugging { debug: true }
[ppc-cr][Tablet - Chrome] 
🤖 ================================================================
🤖 MASTER RUNNER: LAUNCHING PPC CR
🤖 Mode:            TABLET
[ppc-cr][Tablet - Chrome] 🤖 Tracking URL:     https://flmtra.com/?a=659&oc=848&c=2210&s1=
🤖 Target Sheet:    PPC-CR
🤖 ================================================================
[ppc-cr][Tablet - Chrome] 🔌 [Browser Interceptor] Intercepting and optimizing engine: CHROMIUM
[ppc-cr][Tablet - Chrome] 📋 Emulated Device Profile: TABLET (iPad Pro 11) - [Tablet - Chrome]
[ppc-cr][Tablet - Chrome] ⏳ Delaying 200ms to allow responsive layouts to mount...
[ppc-cr][Tablet - Chrome] 🔄 Processing lead for brand: PPC CR Tablet
[ppc-cr][Tablet - Chrome] 📊 Campaign execution run index: 36
[ppc-cr][Tablet - Chrome] 🎯 Enforcing dynamic credentials & parameters:
   - First Name:   ckmtestpixel
   - Last Name:    ckmtestpixel
   - Email:        ckmtestpixel@gmail.com
   - Phone Number: 401-247-1036
   - Slider Value: 6,432
   - State Value:  Oregon
[ppc-cr][Tablet - Chrome] 🔗 [Mobile] Navigating to: https://flmtra.com/?a=659&oc=848&c=2210&s1=
[ppc-cr][Tablet - Chrome] ✅ [Mobile] Page loaded successfully
[ppc-cr][Tablet - Chrome] 💻 [Tablet] Injecting high-fidelity glossy iPad Pro mockup frame...
[ppc-cr][Tablet - Chrome] 💻 [Tablet] Injecting high-fidelity glossy iPad Pro mockup frame...
[ppc-cr][Tablet - Chrome] 📝 [Mobile] Starting mobile-specific form filling...
[ppc-cr][Tablet - Chrome] 🔘 [Mobile] Step 1: Selecting Debt Amount (6,432)
[ppc-cr][Tablet - Chrome] 🔘 [Mobile] Clicking active visible button: .next-btn1:visible, .btn-next:visible
[ppc-cr][Tablet - Chrome] ✅ [Mobile] Clicked: .next-btn1:visible, .btn-next:visible
[ppc-cr][Tablet - Chrome] 💻 [Tablet] Injecting high-fidelity glossy iPad Pro mockup frame...
[ppc-cr][Tablet - Chrome] ✅ [Mobile] Reached a recognized terminal step (State or Contact). Stopping dynamic traversal.
[ppc-cr][Tablet - Chrome] 🔘 [Mobile] Step 2: Selecting State
[ppc-cr][Tablet - Chrome] ✅ [Mobile] Selected state dynamically: "Oklahoma"
📝 [Mobile] step3 column set to State: "Oklahoma"
[ppc-cr][Tablet - Chrome] 🔘 [Mobile] Clicking active visible button: .next-btn:visible, .next-btn2:visible, .btn-next:visible
[ppc-cr][Tablet - Chrome] ✅ [Mobile] Clicked: .next-btn:visible, .next-btn2:visible, .btn-next:visible
[ppc-cr][Tablet - Chrome] 💻 [Tablet] Injecting high-fidelity glossy iPad Pro mockup frame...
[ppc-cr][Tablet - Chrome] 🔘 [Mobile] Step 3: Filling Contact Info (Dynamic Loop)...
[ppc-cr][Tablet - Chrome] 💻 [Tablet] Injecting high-fidelity glossy iPad Pro mockup frame...
[ppc-cr][Tablet - Chrome] ✅ [Mobile] Filled First Name: ckmtestpixel
[ppc-cr][Tablet - Chrome] ✅ [Mobile] Filled Last Name: ckmtestpixel
[ppc-cr][Tablet - Chrome] ✅ [Mobile] Filled Email: ckmtestpixel@gmail.com
[ppc-cr][Tablet - Chrome] ✅ [Mobile] Filled Phone: 401-247-1036
[ppc-cr][Tablet - Chrome] 🔘 [Mobile] Clicking active contact NEXT/SUBMIT button...
[ppc-cr][Tablet - Chrome] 💻 [Tablet] Injecting high-fidelity glossy iPad Pro mockup frame...
[ppc-cr][Tablet - Chrome] ✅ [Mobile] Filled Phone: 401-247-1036
[ppc-cr][Tablet - Chrome] 🔘 [Mobile] Clicking active contact NEXT/SUBMIT button...
[ppc-cr][Tablet - Chrome] 💻 [Tablet] Injecting high-fidelity glossy iPad Pro mockup frame...
[ppc-cr][Tablet - Chrome] 🔘 [Mobile] No active contact NEXT/SUBMIT button visible. Exiting loop.
🔘 [Mobile] Scanning for additional dynamic steps...
[ppc-cr][Tablet - Chrome] 🔘 [Mobile] Submitting form
[ppc-cr][Tablet - Chrome] ⏳ [Mobile] Waiting for submission navigation to complete
[ppc-cr][Tablet - Chrome] [STDERR] ⚠️ [Mobile] Standard submit buttons not found, consulting FLM Agent...
[ppc-cr][Tablet - Chrome] 🤖 [FLM Agent] Analyzing Submit button for global...
[ppc-cr][Tablet - Chrome] ⏳ [Mobile] Waiting for final Thank You page redirection...
[ppc-cr][Tablet - Chrome] ✅ [Mobile] Targeted final redirect URL achieved!
[ppc-cr][Tablet - Chrome] ✅ [Mobile] Final Thank You URL: https://tra.com/thank-you?debt=10000&leadid=39136D25&reqid=26782755&affid=659&oid=133
[ppc-cr][Tablet - Chrome] ✅ [Mobile] Extracted Lead ID: 39136D25
[ppc-cr][Tablet - Chrome] 📱 Device Type detected: Tablet - Chrome
✅ Lead captured: 39136D25
[ppc-cr][Tablet - Chrome] 📡 Fetching First API data for Lead ID: 39136D25...
[ppc-cr][Tablet - Chrome] 📡 Raw XML Response: {
  "lead_info_response": {
    "$": {
      "xmlns:xsd": "http://www.w3.org/2001/XMLSchema",
      "xmlns:xsi": "http://www.w3.org/2001/XMLSchema-instance",
      "xmlns": "http://cakemarketing.com/api/1/"
    },
    "success": "true",
    "row_count": "1",
    "lead_id": "39136D25",
    "personal_info": {
      "first_name": "CKMTESTPIXEL",
      "last_name": "CKMTESTPIXEL",
      "email_address": "ckmtestpixel@gmail.com",
      "address": {
        "street": "",
        "city": "",
        "state": "OK",
        "zip_code": "74036",
        "country": ""
      },
      "ip_address": "27.54.170.27",
      "phone_work": "",
      "phone_home": "401-247-1036",
      "phone_cell": "",
      "best_call_time": "",
      "opt_in": "false"
    },
    "traffic_info": {
      "lead_date": "2026-05-14T22:19:43.603",
      "payout": {
        "currency_id": "1",
        "amount": "0.0000",
        "formatted_amount": "$0.00"
      },
      "affiliate": {
        "affiliate_id": {
          "_": "659",
          "$": {
            "xmlns": "API:id_name_store"
          }
        },
        "affiliate_name": {
          "_": "QA affiliate",
          "$": {
            "xmlns": "API:id_name_store"
          }
        }
      },
      "campaign": {
        "campaign_id": {
          "_": "4510",
          "$": {
            "xmlns": "API:id_name_store"
          }
        },
        "campaign_name": {
          "_": "TRA.com CPL - PPC CR - CPA - $1.00",
          "$": {
            "xmlns": "API:id_name_store"
          }
        }
      },
      "creative_id": "2210",
      "subid_1": "",
      "subid_2": "",
      "subid_3": "",
      "subid_4": "",
      "subid_5": "",
      "referrer": "",
      "pixel_fired": "true",
      "returned_to_affiliate": "false",
      "test": "true",
      "upsell": "false"
    },
    "all_vertical_data": {
      "data": {
        "$": {
          "xmlns": ""
        },
        "tax_debt": "10000",
        "universal_leadid": "C630E5E4-E716-800D-FD33-C7C0B05D9C78",
        "affid": "659",
        "TCPA_checkbox": "1",
        "reqid": "26782755",
        "page": "https://tra.com/ppc/cr",
        "neustar": "fail",
        "neustar_disposition": "N,U,I3,L,0",
        "first_name_lower": "ckmtestpixel",
        "last_name_lower": "ckmtestpixel",
        "opt_special_offers": "on",
        "ckm_campaign_id": "4510"
      }
    },
    "dispositions": {
      "disposition": [
        {
          "disposition_type": "Not Paid For",
          "reason": "Unmatched Filter",
          "filter": "Nuestar Fail"
        },
        {
          "disposition_type": "Sent to Review Queue",
          "reason": "neustar: This value is not valid",
          "filter": "Equals Value"
        }
      ]
    },
    "pings": "",
    "posts": "",
    "sales": ""
  }
}
✅ First API Data retrieved on attempt 1
[ppc-cr][Tablet - Chrome] 📡 [Rest-Assurance] Verifying Lead ID: 39136D25 via Backend...
[ppc-cr][Tablet - Chrome] 🛡️  [Rest-Assurance] VERIFIED (Backend Debt: 10000)
[ppc-cr][Tablet - Chrome] [STDERR] (node:5872) Warning: Setting the NODE_TLS_REJECT_UNAUTHORIZED environment variable to '0' makes TLS connections and HTTPS requests insecure by disabling certificate verification.
(Use `node --trace-warnings ...` to show where the warning was created)
[ppc-cr][Tablet - Chrome] ✅ Row appended successfully to sheet: PPC-CR
[ppc-cr][Tablet - Chrome] ⚠️  Non-fatal formatting error for PPC-CR (Banding might already exist): Invalid requests[2].addBanding: You cannot add alternating background colors to a range that already has alternating background colors.
✅ Lead processed successfully for PPC CR Tablet
[ppc-cr][Tablet - Chrome] 🎥 Video saved successfully: traces/videos/PPC-CR_PPC_CR_Tablet.webm
[ppc-cr][Tablet - Chrome] 
✅ Execution successfully processed! { success: true, leadId: '39136D25', brand: 'PPC CR Tablet' }
[ppc-cr][Tablet - Chrome] [STDERR] ❌ Automation Run encountered a fatal exception: tracing.stop: Target page, context or browser has been closed
✅ [15/5/2026, 10:50:13 am] COMPLETED: ppc-cr [Tablet - Chrome][CHROMIUM]

================================================================
🚀 [15/5/2026, 10:50:13 am] RUNNING: PPC CR [WINDOWS - CHROME]
🔗 Target URL: https://flmtra.com/?a=659&oc=848&c=2210&s1=
================================================================
[ppc-cr][Windows - Chrome] 🔌 [Browser Interceptor] Intercepting and optimizing engine: CHROMIUM
[ppc-cr][Windows - Chrome] ◇ injected env (0) from .env // tip: ⌘ custom filepath { path: '/custom/path/.env' }
[ppc-cr][Windows - Chrome] ◇ injected env (0) from .env // tip: ⌘ multiple files { path: ['.env.local', '.env'] }
[ppc-cr][Windows - Chrome] ◇ injected env (0) from .env // tip: ⌘ custom filepath { path: '/custom/path/.env' }
[ppc-cr][Windows - Chrome] ◇ injected env (0) from .env // tip: ⌘ suppress logs { quiet: true }
[ppc-cr][Windows - Chrome] ◇ injected env (0) from .env // tip: ◈ secrets for agents [www.dotenvx.com]
[ppc-cr][Windows - Chrome] 
🤖 ================================================================
[ppc-cr][Windows - Chrome] 🤖 MASTER RUNNER: LAUNCHING PPC CR
🤖 Mode:            DESKTOP
🤖 Tracking URL:     https://flmtra.com/?a=659&oc=848&c=2210&s1=
🤖 Target Sheet:    PPC-CR
🤖 ================================================================
[ppc-cr][Windows - Chrome] 🔌 [Browser Interceptor] Intercepting and optimizing engine: CHROMIUM
[ppc-cr][Windows - Chrome] 💻 Emulated Device Profile: DESKTOP - [Windows - Chrome]
[ppc-cr][Windows - Chrome] 🔄 Processing lead for brand: PPC CR
[ppc-cr][Windows - Chrome] 📊 Campaign execution run index: 38
[ppc-cr][Windows - Chrome] 🎯 Enforcing dynamic credentials & parameters:
   - First Name:   ckmtestpixel
   - Last Name:    ckmtestpixel
   - Email:        ckmtestpixel@gmail.com
   - Phone Number: 401-247-1038
   - Slider Value: 11,857
[ppc-cr][Windows - Chrome]    - State Value:  Rhode Island
[ppc-cr][Windows - Chrome] 🔗 Navigating to: https://flmtra.com/?a=659&oc=848&c=2210&s1=
[ppc-cr][Windows - Chrome] ✅ Page loaded successfully
[ppc-cr][Windows - Chrome] 📝 Starting multi-step form filling process...
[ppc-cr][Windows - Chrome] 🔘 Step 1: Handling Debt Amount (11,857)
[ppc-cr][Windows - Chrome] 🔘 Attempting to click .next-btn1, .btn-next
[ppc-cr][Windows - Chrome] ✅ Clicked .next-btn1, .btn-next
[ppc-cr][Windows - Chrome] ✅ Reached a recognized terminal step (State or Contact). Stopping dynamic traversal.
[ppc-cr][Windows - Chrome] 🔘 Step: Selecting State
[ppc-cr][Windows - Chrome] ✅ Selected state dynamically: "Pennsylvania"
[ppc-cr][Windows - Chrome] 📝 step3 column set to State: "Pennsylvania"
[ppc-cr][Windows - Chrome] 🔘 Clicking generic NEXT button
[ppc-cr][Windows - Chrome] ✅ Clicked generic NEXT button
[ppc-cr][Windows - Chrome] 🔘 Filling Contact Info (Dynamic Loop)...
[ppc-cr][Windows - Chrome] ✅ Filled First Name: ckmtestpixel
[ppc-cr][Windows - Chrome] ✅ Filled Last Name: ckmtestpixel
[ppc-cr][Windows - Chrome] ✅ Filled Email: ckmtestpixel@gmail.com
[ppc-cr][Windows - Chrome] ✅ Filled Phone: 401-247-1038
[ppc-cr][Windows - Chrome] 🔘 Clicking active contact NEXT/SUBMIT button...
[ppc-cr][Windows - Chrome] [STDERR] ❌ Error during form filling: locator.click: Timeout 25000ms exceeded.
Call log:
[2m  - waiting for locator('#primary_phone:visible, #phone:visible, #phone_home:visible, input[name="phone"]:visible, input[name="phone_home"]:visible, input[name="primary_phone"]:visible, input[type="tel"]:visible').first()[22m
[2m    - locator resolved to <input type="tel" id="primary_phone" placeholder="Phone" name="primary_phone" aria-invalid="false" class="form-control valid" data-gtm-form-interact-field-id="4"/>[22m
[2m  - attempting click action[22m
[2m    2 × waiting for element to be visible, enabled and stable[22m
[2m      - element is visible, enabled and stable[22m
[2m      - scrolling into view if needed[22m
[2m      - done scrolling[22m
[2m      - <div class="loader">Loading…</div> intercepts pointer events[22m
[2m    - retrying click action[22m
[2m    - waiting 20ms[22m
[2m    2 × waiting for element to be visible, enabled and stable[22m
[2m      - element is visible, enabled and stable[22m
[2m      - scrolling into view if needed[22m
[2m      - done scrolling[22m
[2m      - <div class="loader">Loading…</div> intercepts pointer events[22m
[2m    - retrying click action[22m
[2m      - waiting 100ms[22m
[2m    4 × waiting for element to be visible, enabled and stable[22m
[2m      - element is visible, enabled and stable[22m
[2m      - scrolling into view if needed[22m
[2m      - done scrolling[22m
[2m      - <div class="loader">Loading…</div> intercepts pointer events[22m
[2m    - retrying click action[22m
[2m      - waiting 500ms[22m
[2m    - waiting for" https://tra.com/thank-you?debt=10000&leadid=3FD1E123&reqid=26782758&affid=659&oid=133" navigation to finish...[22m
[2m    - navigated to "https://tra.com/thank-you?debt=10000&leadid=3FD1E123&reqid=26782758&affid=659&oid=133"[22m
[2m    - waiting for element to be visible, enabled and stable[22m
[2m  - element was detached from the DOM, retrying[22m

[ppc-cr][Windows - Chrome] [STDERR] ❌ Failed processing PPC CR: locator.click: Timeout 25000ms exceeded.
Call log:
[2m  - waiting for locator('#primary_phone:visible, #phone:visible, #phone_home:visible, input[name="phone"]:visible, input[name="phone_home"]:visible, input[name="primary_phone"]:visible, input[type="tel"]:visible').first()[22m
[2m    - locator resolved to <input type="tel" id="primary_phone" placeholder="Phone" name="primary_phone" aria-invalid="false" class="form-control valid" data-gtm-form-interact-field-id="4"/>[22m
[2m  - attempting click action[22m
[2m    2 × waiting for element to be visible, enabled and stable[22m
[2m      - element is visible, enabled and stable[22m
[2m      - scrolling into view if needed[22m
[2m      - done scrolling[22m
[2m      - <div class="loader">Loading…</div> intercepts pointer events[22m
[2m    - retrying click action[22m
[2m    - waiting 20ms[22m
[2m    2 × waiting for element to be visible, enabled and stable[22m
[2m      - element is visible, enabled and stable[22m
[2m      - scrolling into view if needed[22m
[2m      - done scrolling[22m
[2m      - <div class="loader">Loading…</div> intercepts pointer events[22m
[2m    - retrying click action[22m
[2m      - waiting 100ms[22m
[2m    4 × waiting for element to be visible, enabled and stable[22m
[2m      - element is visible, enabled and stable[22m
[2m      - scrolling into view if needed[22m
[2m      - done scrolling[22m
[2m      - <div class="loader">Loading…</div> intercepts pointer events[22m
[2m    - retrying click action[22m
[2m      - waiting 500ms[22m
[2m    - waiting for" https://tra.com/thank-you?debt=10000&leadid=3FD1E123&reqid=26782758&affid=659&oid=133" navigation to finish...[22m
[2m    - navigated to "https://tra.com/thank-you?debt=10000&leadid=3FD1E123&reqid=26782758&affid=659&oid=133"[22m
[2m    - waiting for element to be visible, enabled and stable[22m
[2m  - element was detached from the DOM, retrying[22m

[ppc-cr][Windows - Chrome] 
✅ Execution successfully processed! {
  success: false,
  error: 'locator.click: Timeout 25000ms exceeded.\n' +
    'Call log:\n' +
    `\x1B[2m  - waiting for locator('#primary_phone:visible, #phone:visible, #phone_home:visible, input[name="phone"]:visible, input[name="phone_home"]:visible, input[name="primary_phone"]:visible, input[type="tel"]:visible').first()\x1B[22m\n` +
    '\x1B[2m    - locator resolved to <input type="tel" id="primary_phone" placeholder="Phone" name="primary_phone" aria-invalid="false" class="form-control valid" data-gtm-form-interact-field-id="4"/>\x1B[22m\n' +
    '\x1B[2m  - attempting click action\x1B[22m\n' +
    '\x1B[2m    2 × waiting for element to be visible, enabled and stable\x1B[22m\n' +
    '\x1B[2m      - element is visible, enabled and stable\x1B[22m\n' +
    '\x1B[2m      - scrolling into view if needed\x1B[22m\n' +
    '\x1B[2m      - done scrolling\x1B[22m\n' +
    '\x1B[2m      - <div class="loader">Loading…</div> intercepts pointer events\x1B[22m\n' +
    '\x1B[2m    - retrying click action\x1B[22m\n' +
    '\x1B[2m    - waiting 20ms\x1B[22m\n' +
    '\x1B[2m    2 × waiting for element to be visible, enabled and stable\x1B[22m\n' +
    '\x1B[2m      - element is visible, enabled and stable\x1B[22m\n' +
    '\x1B[2m      - scrolling into view if needed\x1B[22m\n' +
    '\x1B[2m      - done scrolling\x1B[22m\n' +
    '\x1B[2m      - <div class="loader">Loading…</div> intercepts pointer events\x1B[22m\n' +
    '\x1B[2m    - retrying click action\x1B[22m\n' +
    '\x1B[2m      - waiting 100ms\x1B[22m\n' +
    '\x1B[2m    4 × waiting for element to be visible, enabled and stable\x1B[22m\n' +
    '\x1B[2m      - element is visible, enabled and stable\x1B[22m\n' +
    '\x1B[2m      - scrolling into view if needed\x1B[22m\n' +
    '\x1B[2m      - done scrolling\x1B[22m\n' +
    '\x1B[2m      - <div class="loader">Loading…</div> intercepts pointer events\x1B[22m\n' +
    '\x1B[2m    - retrying click action\x1B[22m\n' +
    '\x1B[2m      - waiting 500ms\x1B[22m\n' +
    '\x1B[2m    - waiting for" https://tra.com/thank-you?debt=10000&leadid=3FD1E123&reqid=26782758&affid=659&oid=133" navigation to finish...\x1B[22m\n' +
    '\x1B[2m    - navigated to "https://tra.com/thank-you?debt=10000&leadid=3FD1E123&reqid=26782758&affid=659&oid=133"\x1B[22m\n' +
    '\x1B[2m    - waiting for element to be visible, enabled and stable\x1B[22m\n' +
    '\x1B[2m  - element was detached from the DOM, retrying\x1B[22m\n',
  brand: 'PPC CR'
}
[ppc-cr][Windows - Chrome] 📋 Trace report successfully saved: traces/ppc-cr_desktop.zip
✅ [15/5/2026, 10:51:06 am] COMPLETED: ppc-cr [Windows - Chrome][CHROMIUM]

================================================================
🚀 [15/5/2026, 10:51:06 am] RUNNING: PPC CR [WINDOWS - FIREFOX]
🔗 Target URL: https://flmtra.com/?a=659&oc=848&c=2210&s1=
================================================================
[ppc-cr][Windows - Firefox] 🔌 [Browser Interceptor] Intercepting and optimizing engine: FIREFOX
[ppc-cr][Windows - Firefox] ◇ injected env (0) from .env // tip: ⌁ auth for agents [www.vestauth.com]
[ppc-cr][Windows - Firefox] ◇ injected env (0) from .env // tip: ⌘ override existing { override: true }
[ppc-cr][Windows - Firefox] ◇ injected env (0) from .env // tip: ⌘ override existing { override: true }
[ppc-cr][Windows - Firefox] ◇ injected env (0) from .env // tip: ⌁ auth for agents [www.vestauth.com]
[ppc-cr][Windows - Firefox] ◇ injected env (0) from .env // tip: ◈ secrets for agents [www.dotenvx.com]
[ppc-cr][Windows - Firefox] 
🤖 ================================================================
🤖 MASTER RUNNER: LAUNCHING PPC CR
[ppc-cr][Windows - Firefox] 🤖 Mode:            DESKTOP
[ppc-cr][Windows - Firefox] 🤖 Tracking URL:     https://flmtra.com/?a=659&oc=848&c=2210&s1=
[ppc-cr][Windows - Firefox] 🤖 Target Sheet:    PPC-CR
[ppc-cr][Windows - Firefox] 🤖 ================================================================
[ppc-cr][Windows - Firefox] 🔌 [Browser Interceptor] Intercepting and optimizing engine: FIREFOX
[ppc-cr][Windows - Firefox] 💻 Emulated Device Profile: DESKTOP - [Windows - Firefox]
[ppc-cr][Windows - Firefox] 🔌 [Browser Interceptor] Sanitizing mobile context options for Firefox emulation...
🔌 [Browser Interceptor] Sanitizing mobile context options for Firefox emulation...
[ppc-cr][Windows - Firefox] 🔄 Processing lead for brand: PPC CR
[ppc-cr][Windows - Firefox] 📊 Campaign execution run index: 39
[ppc-cr][Windows - Firefox] 🎯 Enforcing dynamic credentials & parameters:
   - First Name:   ckmtestpixel
   - Last Name:    ckmtestpixel
[ppc-cr][Windows - Firefox]    - Email:        ckmtestpixel@gmail.com
   - Phone Number: 401-247-1039
   - Slider Value: 39,499
   - State Value:  South Carolina
[ppc-cr][Windows - Firefox] 🔗 Navigating to: https://flmtra.com/?a=659&oc=848&c=2210&s1=
[ppc-cr][Windows - Firefox] ✅ Page loaded successfully
[ppc-cr][Windows - Firefox] 📝 Starting multi-step form filling process...
[ppc-cr][Windows - Firefox] 🔘 Step 1: Handling Debt Amount (39,499)
[ppc-cr][Windows - Firefox] 🔘 Attempting to click .next-btn1, .btn-next
[ppc-cr][Windows - Firefox] ✅ Clicked .next-btn1, .btn-next
[ppc-cr][Windows - Firefox] ✅ Reached a recognized terminal step (State or Contact). Stopping dynamic traversal.
[ppc-cr][Windows - Firefox] 🔘 Step: Selecting State
[ppc-cr][Windows - Firefox] ✅ Selected state dynamically: "Rhode Island"
📝 step3 column set to State: "Rhode Island"
[ppc-cr][Windows - Firefox] 🔘 Clicking generic NEXT button
[ppc-cr][Windows - Firefox] ✅ Clicked generic NEXT button
[ppc-cr][Windows - Firefox] 🔘 Filling Contact Info (Dynamic Loop)...
[ppc-cr][Windows - Firefox] ✅ Filled First Name: ckmtestpixel
[ppc-cr][Windows - Firefox] ✅ Filled Last Name: ckmtestpixel
[ppc-cr][Windows - Firefox] ✅ Filled Email: ckmtestpixel@gmail.com
[ppc-cr][Windows - Firefox] ✅ Filled Phone: 401-247-1039
[ppc-cr][Windows - Firefox] 🔘 Clicking active contact NEXT/SUBMIT button...
[ppc-cr][Windows - Firefox] [STDERR] ❌ Error during form filling: locator.click: Timeout 25000ms exceeded.
Call log:
[2m  - waiting for locator('#primary_phone:visible, #phone:visible, #phone_home:visible, input[name="phone"]:visible, input[name="phone_home"]:visible, input[name="primary_phone"]:visible, input[type="tel"]:visible').first()[22m
[2m    - locator resolved to <input type="tel" id="primary_phone" placeholder="Phone" name="primary_phone" aria-invalid="false" class="form-control valid" data-gtm-form-interact-field-id="4"/>[22m
[2m  - attempting click action[22m
[2m    2 × waiting for element to be visible, enabled and stable[22m
[2m      - element is visible, enabled and stable[22m
[2m      - scrolling into view if needed[22m
[2m      - done scrolling[22m
[2m      - <div class="loader">Loading…</div> intercepts pointer events[22m
[2m    - retrying click action[22m
[2m    - waiting 20ms[22m
[2m    2 × waiting for element to be visible, enabled and stable[22m
[2m      - element is visible, enabled and stable[22m
[2m      - scrolling into view if needed[22m
[2m      - done scrolling[22m
[2m      - <div class="loader">Loading…</div> intercepts pointer events[22m
[2m    - retrying click action[22m
[2m      - waiting 100ms[22m
[2m    3 × waiting for element to be visible, enabled and stable[22m
[2m      - element is visible, enabled and stable[22m
[2m      - scrolling into view if needed[22m
[2m      - done scrolling[22m
[2m      - <div class="loader">Loading…</div> intercepts pointer events[22m
[2m    - retrying click action[22m
[2m      - waiting 500ms[22m
[2m    - waiting for" https://tra.com/thank-you?debt=10000&leadid=6879AAE2&reqid=26782760&affid=659&oid=133" navigation to finish...[22m
[2m    - navigated to "https://tra.com/thank-you?debt=10000&leadid=6879AAE2&reqid=26782760&affid=659&oid=133"[22m
[2m    - waiting for element to be visible, enabled and stable[22m
[2m  - element was detached from the DOM, retrying[22m

[ppc-cr][Windows - Firefox] [STDERR] ❌ Failed processing PPC CR: locator.click: Timeout 25000ms exceeded.
Call log:
[2m  - waiting for locator('#primary_phone:visible, #phone:visible, #phone_home:visible, input[name="phone"]:visible, input[name="phone_home"]:visible, input[name="primary_phone"]:visible, input[type="tel"]:visible').first()[22m
[2m    - locator resolved to <input type="tel" id="primary_phone" placeholder="Phone" name="primary_phone" aria-invalid="false" class="form-control valid" data-gtm-form-interact-field-id="4"/>[22m
[2m  - attempting click action[22m
[2m    2 × waiting for element to be visible, enabled and stable[22m
[2m      - element is visible, enabled and stable[22m
[2m      - scrolling into view if needed[22m
[2m      - done scrolling[22m
[2m      - <div class="loader">Loading…</div> intercepts pointer events[22m
[2m    - retrying click action[22m
[2m    - waiting 20ms[22m
[2m    2 × waiting for element to be visible, enabled and stable[22m
[2m      - element is visible, enabled and stable[22m
[2m      - scrolling into view if needed[22m
[2m      - done scrolling[22m
[2m      - <div class="loader">Loading…</div> intercepts pointer events[22m
[2m    - retrying click action[22m
[2m      - waiting 100ms[22m
[2m    3 × waiting for element to be visible, enabled and stable[22m
[2m      - element is visible, enabled and stable[22m
[2m      - scrolling into view if needed[22m
[2m      - done scrolling[22m
[2m      - <div class="loader">Loading…</div> intercepts pointer events[22m
[2m    - retrying click action[22m
[2m      - waiting 500ms[22m
[2m    - waiting for" https://tra.com/thank-you?debt=10000&leadid=6879AAE2&reqid=26782760&affid=659&oid=133" navigation to finish...[22m
[2m    - navigated to "https://tra.com/thank-you?debt=10000&leadid=6879AAE2&reqid=26782760&affid=659&oid=133"[22m
[2m    - waiting for element to be visible, enabled and stable[22m
[2m  - element was detached from the DOM, retrying[22m

[ppc-cr][Windows - Firefox] 
✅ Execution successfully processed! {
  success: false,
  error: 'locator.click: Timeout 25000ms exceeded.\n' +
    'Call log:\n' +
    `\x1B[2m  - waiting for locator('#primary_phone:visible, #phone:visible, #phone_home:visible, input[name="phone"]:visible, input[name="phone_home"]:visible, input[name="primary_phone"]:visible, input[type="tel"]:visible').first()\x1B[22m\n` +
    '\x1B[2m    - locator resolved to <input type="tel" id="primary_phone" placeholder="Phone" name="primary_phone" aria-invalid="false" class="form-control valid" data-gtm-form-interact-field-id="4"/>\x1B[22m\n' +
    '\x1B[2m  - attempting click action\x1B[22m\n' +
    '\x1B[2m    2 × waiting for element to be visible, enabled and stable\x1B[22m\n' +
    '\x1B[2m      - element is visible, enabled and stable\x1B[22m\n' +
    '\x1B[2m      - scrolling into view if needed\x1B[22m\n' +
    '\x1B[2m      - done scrolling\x1B[22m\n' +
    '\x1B[2m      - <div class="loader">Loading…</div> intercepts pointer events\x1B[22m\n' +
    '\x1B[2m    - retrying click action\x1B[22m\n' +
    '\x1B[2m    - waiting 20ms\x1B[22m\n' +
    '\x1B[2m    2 × waiting for element to be visible, enabled and stable\x1B[22m\n' +
    '\x1B[2m      - element is visible, enabled and stable\x1B[22m\n' +
    '\x1B[2m      - scrolling into view if needed\x1B[22m\n' +
    '\x1B[2m      - done scrolling\x1B[22m\n' +
    '\x1B[2m      - <div class="loader">Loading…</div> intercepts pointer events\x1B[22m\n' +
    '\x1B[2m    - retrying click action\x1B[22m\n' +
    '\x1B[2m      - waiting 100ms\x1B[22m\n' +
    '\x1B[2m    3 × waiting for element to be visible, enabled and stable\x1B[22m\n' +
    '\x1B[2m      - element is visible, enabled and stable\x1B[22m\n' +
    '\x1B[2m      - scrolling into view if needed\x1B[22m\n' +
    '\x1B[2m      - done scrolling\x1B[22m\n' +
    '\x1B[2m      - <div class="loader">Loading…</div> intercepts pointer events\x1B[22m\n' +
    '\x1B[2m    - retrying click action\x1B[22m\n' +
    '\x1B[2m      - waiting 500ms\x1B[22m\n' +
    '\x1B[2m    - waiting for" https://tra.com/thank-you?debt=10000&leadid=6879AAE2&reqid=26782760&affid=659&oid=133" navigation to finish...\x1B[22m\n' +
    '\x1B[2m    - navigated to "https://tra.com/thank-you?debt=10000&leadid=6879AAE2&reqid=26782760&affid=659&oid=133"\x1B[22m\n' +
    '\x1B[2m    - waiting for element to be visible, enabled and stable\x1B[22m\n' +
    '\x1B[2m  - element was detached from the DOM, retrying\x1B[22m\n',
  brand: 'PPC CR'
}
[ppc-cr][Windows - Firefox] 📋 Trace report successfully saved: traces/ppc-cr_desktop.zip
✅ [15/5/2026, 10:51:57 am] COMPLETED: ppc-cr [Windows - Firefox][FIREFOX]

================================================================
🚀 [15/5/2026, 10:51:57 am] RUNNING: PPC CR [MAC - SAFARI]
🔗 Target URL: https://flmtra.com/?a=659&oc=848&c=2210&s1=
================================================================
[ppc-cr][MAC - Safari] 🔌 [Browser Interceptor] Intercepting and optimizing engine: WEBKIT
[ppc-cr][MAC - Safari] ◇ injected env (0) from .env // tip: ◈ secrets for agents [www.dotenvx.com]
[ppc-cr][MAC - Safari] ◇ injected env (0) from .env // tip: ⌘ enable debugging { debug: true }
[ppc-cr][MAC - Safari] ◇ injected env (0) from .env // tip: ⌘ custom filepath { path: '/custom/path/.env' }
[ppc-cr][MAC - Safari] ◇ injected env (0) from .env // tip: ⌘ suppress logs { quiet: true }
[ppc-cr][MAC - Safari] ◇ injected env (0) from .env // tip: ⌁ auth for agents [www.vestauth.com]
[ppc-cr][MAC - Safari] 
🤖 ================================================================
🤖 MASTER RUNNER: LAUNCHING PPC CR
[ppc-cr][MAC - Safari] 🤖 Mode:            DESKTOP
🤖 Tracking URL:     https://flmtra.com/?a=659&oc=848&c=2210&s1=
[ppc-cr][MAC - Safari] 🤖 Target Sheet:    PPC-CR
[ppc-cr][MAC - Safari] 🤖 ================================================================
[ppc-cr][MAC - Safari] 🔌 [Browser Interceptor] Intercepting and optimizing engine: WEBKIT
[ppc-cr][MAC - Safari] 💻 Emulated Device Profile: DESKTOP - [MAC - Safari]
[ppc-cr][MAC - Safari] 🔄 Processing lead for brand: PPC CR
[ppc-cr][MAC - Safari] 📊 Campaign execution run index: 40
[ppc-cr][MAC - Safari] 🎯 Enforcing dynamic credentials & parameters:
   - First Name:   ckmtestpixel
   - Last Name:    ckmtestpixel
   - Email:        ckmtestpixel@gmail.com
   - Phone Number: 401-247-1040
   - Slider Value: 98,470
[ppc-cr][MAC - Safari]    - State Value:  South Dakota
[ppc-cr][MAC - Safari] 🔗 Navigating to: https://flmtra.com/?a=659&oc=848&c=2210&s1=
[ppc-cr][MAC - Safari] ✅ Page loaded successfully
[ppc-cr][MAC - Safari] 📝 Starting multi-step form filling process...
[ppc-cr][MAC - Safari] 🔘 Step 1: Handling Debt Amount (98,470)
[ppc-cr][MAC - Safari] 🔘 Attempting to click .next-btn1, .btn-next
[ppc-cr][MAC - Safari] ✅ Clicked .next-btn1, .btn-next
[ppc-cr][MAC - Safari] ✅ Reached a recognized terminal step (State or Contact). Stopping dynamic traversal.
[ppc-cr][MAC - Safari] 🔘 Step: Selecting State
[ppc-cr][MAC - Safari] ✅ Selected state dynamically: "South Carolina"
[ppc-cr][MAC - Safari] 📝 step3 column set to State: "South Carolina"
[ppc-cr][MAC - Safari] 🔘 Clicking generic NEXT button
[ppc-cr][MAC - Safari] ✅ Clicked generic NEXT button
[ppc-cr][MAC - Safari] 🔘 Filling Contact Info (Dynamic Loop)...
[ppc-cr][MAC - Safari] ✅ Filled First Name: ckmtestpixel
[ppc-cr][MAC - Safari] ✅ Filled Last Name: ckmtestpixel
[ppc-cr][MAC - Safari] ✅ Filled Email: ckmtestpixel@gmail.com
[ppc-cr][MAC - Safari] ✅ Filled Phone: 401-247-1040
[ppc-cr][MAC - Safari] 🔘 Clicking active contact NEXT/SUBMIT button...
[ppc-cr][MAC - Safari] [STDERR] ❌ Error during form filling: locator.click: Timeout 25000ms exceeded.
Call log:
[2m  - waiting for locator('#primary_phone:visible, #phone:visible, #phone_home:visible, input[name="phone"]:visible, input[name="phone_home"]:visible, input[name="primary_phone"]:visible, input[type="tel"]:visible').first()[22m
[2m    - locator resolved to <input type="tel" id="primary_phone" placeholder="Phone" name="primary_phone" aria-invalid="false" class="form-control valid"/>[22m
[2m  - attempting click action[22m
[2m    2 × waiting for element to be visible, enabled and stable[22m
[2m      - element is visible, enabled and stable[22m
[2m      - scrolling into view if needed[22m
[2m      - done scrolling[22m
[2m      - <div class="loader">Loading…</div> intercepts pointer events[22m
[2m    - retrying click action[22m
[2m    - waiting 20ms[22m
[2m    - waiting for element to be visible, enabled and stable[22m
[2m    - element is visible, enabled and stable[22m
[2m    - scrolling into view if needed[22m
[2m    - done scrolling[22m
[2m    - <div class="loader">Loading…</div> intercepts pointer events[22m
[2m  - retrying click action[22m
[2m    - waiting 100ms[22m
[2m    - waiting for element to be visible, enabled and stable[22m
[2m  - element was detached from the DOM, retrying[22m

[ppc-cr][MAC - Safari] [STDERR] ❌ Failed processing PPC CR: locator.click: Timeout 25000ms exceeded.
Call log:
[2m  - waiting for locator('#primary_phone:visible, #phone:visible, #phone_home:visible, input[name="phone"]:visible, input[name="phone_home"]:visible, input[name="primary_phone"]:visible, input[type="tel"]:visible').first()[22m
[2m    - locator resolved to <input type="tel" id="primary_phone" placeholder="Phone" name="primary_phone" aria-invalid="false" class="form-control valid"/>[22m
[2m  - attempting click action[22m
[2m    2 × waiting for element to be visible, enabled and stable[22m
[2m      - element is visible, enabled and stable[22m
[2m      - scrolling into view if needed[22m
[2m      - done scrolling[22m
[2m      - <div class="loader">Loading…</div> intercepts pointer events[22m
[2m    - retrying click action[22m
[2m    - waiting 20ms[22m
[2m    - waiting for element to be visible, enabled and stable[22m
[2m    - element is visible, enabled and stable[22m
[2m    - scrolling into view if needed[22m
[2m    - done scrolling[22m
[2m    - <div class="loader">Loading…</div> intercepts pointer events[22m
[2m  - retrying click action[22m
[2m    - waiting 100ms[22m
[2m    - waiting for element to be visible, enabled and stable[22m
[2m  - element was detached from the DOM, retrying[22m

[ppc-cr][MAC - Safari] 
✅ Execution successfully processed! {
  success: false,
  error: 'locator.click: Timeout 25000ms exceeded.\n' +
    'Call log:\n' +
    `\x1B[2m  - waiting for locator('#primary_phone:visible, #phone:visible, #phone_home:visible, input[name="phone"]:visible, input[name="phone_home"]:visible, input[name="primary_phone"]:visible, input[type="tel"]:visible').first()\x1B[22m\n` +
    '\x1B[2m    - locator resolved to <input type="tel" id="primary_phone" placeholder="Phone" name="primary_phone" aria-invalid="false" class="form-control valid"/>\x1B[22m\n' +
    '\x1B[2m  - attempting click action\x1B[22m\n' +
    '\x1B[2m    2 × waiting for element to be visible, enabled and stable\x1B[22m\n' +
    '\x1B[2m      - element is visible, enabled and stable\x1B[22m\n' +
    '\x1B[2m      - scrolling into view if needed\x1B[22m\n' +
    '\x1B[2m      - done scrolling\x1B[22m\n' +
    '\x1B[2m      - <div class="loader">Loading…</div> intercepts pointer events\x1B[22m\n' +
    '\x1B[2m    - retrying click action\x1B[22m\n' +
    '\x1B[2m    - waiting 20ms\x1B[22m\n' +
    '\x1B[2m    - waiting for element to be visible, enabled and stable\x1B[22m\n' +
    '\x1B[2m    - element is visible, enabled and stable\x1B[22m\n' +
    '\x1B[2m    - scrolling into view if needed\x1B[22m\n' +
    '\x1B[2m    - done scrolling\x1B[22m\n' +
    '\x1B[2m    - <div class="loader">Loading…</div> intercepts pointer events\x1B[22m\n' +
    '\x1B[2m  - retrying click action\x1B[22m\n' +
    '\x1B[2m    - waiting 100ms\x1B[22m\n' +
    '\x1B[2m    - waiting for element to be visible, enabled and stable\x1B[22m\n' +
    '\x1B[2m  - element was detached from the DOM, retrying\x1B[22m\n',
  brand: 'PPC CR'
}
[ppc-cr][MAC - Safari] 📋 Trace report successfully saved: traces/ppc-cr_desktop.zip
✅ [15/5/2026, 10:52:48 am] COMPLETED: ppc-cr [MAC - Safari][WEBKIT]

================================================================
🚀 [15/5/2026, 10:52:48 am] RUNNING: PPC CR [MAC - CHROME]
🔗 Target URL: https://flmtra.com/?a=659&oc=848&c=2210&s1=
================================================================
[ppc-cr][MAC - Chrome] 🔌 [Browser Interceptor] Intercepting and optimizing engine: CHROMIUM
[ppc-cr][MAC - Chrome] ◇ injected env (0) from .env // tip: ⌁ auth for agents [www.vestauth.com]
[ppc-cr][MAC - Chrome] ◇ injected env (0) from .env // tip: ⌘ multiple files { path: ['.env.local', '.env'] }
[ppc-cr][MAC - Chrome] ◇ injected env (0) from .env // tip: ⌘ multiple files { path: ['.env.local', '.env'] }
[ppc-cr][MAC - Chrome] ◇ injected env (0) from .env // tip: ⌘ multiple files { path: ['.env.local', '.env'] }
[ppc-cr][MAC - Chrome] ◇ injected env (0) from .env // tip: ◈ encrypted .env [www.dotenvx.com]
[ppc-cr][MAC - Chrome] 
🤖 ================================================================
[ppc-cr][MAC - Chrome] 🤖 MASTER RUNNER: LAUNCHING PPC CR
🤖 Mode:            DESKTOP
[ppc-cr][MAC - Chrome] 🤖 Tracking URL:     https://flmtra.com/?a=659&oc=848&c=2210&s1=
[ppc-cr][MAC - Chrome] 🤖 Target Sheet:    PPC-CR
[ppc-cr][MAC - Chrome] 🤖 ================================================================
[ppc-cr][MAC - Chrome] 🔌 [Browser Interceptor] Intercepting and optimizing engine: CHROMIUM
[ppc-cr][MAC - Chrome] 💻 Emulated Device Profile: DESKTOP - [MAC - Chrome]
[ppc-cr][MAC - Chrome] 🔄 Processing lead for brand: PPC CR
[ppc-cr][MAC - Chrome] 📊 Campaign execution run index: 41
[ppc-cr][MAC - Chrome] 🎯 Enforcing dynamic credentials & parameters:
[ppc-cr][MAC - Chrome]    - First Name:   ckmtestpixel
   - Last Name:    ckmtestpixel
   - Email:        ckmtestpixel@gmail.com
   - Phone Number: 401-247-1041
   - Slider Value: 1,42,020
   - State Value:  Tennessee
[ppc-cr][MAC - Chrome] 🔗 Navigating to: https://flmtra.com/?a=659&oc=848&c=2210&s1=
[ppc-cr][MAC - Chrome] ✅ Page loaded successfully
[ppc-cr][MAC - Chrome] 📝 Starting multi-step form filling process...
[ppc-cr][MAC - Chrome] 🔘 Step 1: Handling Debt Amount (1,42,020)
[ppc-cr][MAC - Chrome] 🔘 Attempting to click .next-btn1, .btn-next
[ppc-cr][MAC - Chrome] ✅ Clicked .next-btn1, .btn-next
[ppc-cr][MAC - Chrome] ✅ Reached a recognized terminal step (State or Contact). Stopping dynamic traversal.
[ppc-cr][MAC - Chrome] 🔘 Step: Selecting State
[ppc-cr][MAC - Chrome] ✅ Selected state dynamically: "South Dakota"
📝 step3 column set to State: "South Dakota"
[ppc-cr][MAC - Chrome] 🔘 Clicking generic NEXT button
[ppc-cr][MAC - Chrome] ✅ Clicked generic NEXT button
[ppc-cr][MAC - Chrome] 🔘 Filling Contact Info (Dynamic Loop)...
[ppc-cr][MAC - Chrome] ✅ Filled First Name: ckmtestpixel
[ppc-cr][MAC - Chrome] ✅ Filled Last Name: ckmtestpixel
[ppc-cr][MAC - Chrome] ✅ Filled Email: ckmtestpixel@gmail.com
[ppc-cr][MAC - Chrome] ✅ Filled Phone: 401-247-1041
[ppc-cr][MAC - Chrome] 🔘 Clicking active contact NEXT/SUBMIT button...
[ppc-cr][MAC - Chrome] [STDERR] ❌ Error during form filling: locator.click: Timeout 25000ms exceeded.
Call log:
[2m  - waiting for locator('#primary_phone:visible, #phone:visible, #phone_home:visible, input[name="phone"]:visible, input[name="phone_home"]:visible, input[name="primary_phone"]:visible, input[type="tel"]:visible').first()[22m
[2m    - locator resolved to <input type="tel" id="primary_phone" placeholder="Phone" name="primary_phone" aria-invalid="false" class="form-control valid" data-gtm-form-interact-field-id="4"/>[22m
[2m  - attempting click action[22m
[2m    2 × waiting for element to be visible, enabled and stable[22m
[2m      - element is visible, enabled and stable[22m
[2m      - scrolling into view if needed[22m
[2m      - done scrolling[22m
[2m      - <div class="loader">Loading…</div> intercepts pointer events[22m
[2m    - retrying click action[22m
[2m    - waiting 20ms[22m
[2m    2 × waiting for element to be visible, enabled and stable[22m
[2m      - element is visible, enabled and stable[22m
[2m      - scrolling into view if needed[22m
[2m      - done scrolling[22m
[2m      - <div class="loader">Loading…</div> intercepts pointer events[22m
[2m    - retrying click action[22m
[2m      - waiting 100ms[22m
[2m    3 × waiting for element to be visible, enabled and stable[22m
[2m      - element is visible, enabled and stable[22m
[2m      - scrolling into view if needed[22m
[2m      - done scrolling[22m
[2m      - <div class="loader">Loading…</div> intercepts pointer events[22m
[2m    - retrying click action[22m
[2m      - waiting 500ms[22m
[2m    - waiting for" https://tra.com/thank-you?debt=10000&leadid=F2855EA1&reqid=26782771&affid=659&oid=133" navigation to finish...[22m
[2m    - navigated to "https://tra.com/thank-you?debt=10000&leadid=F2855EA1&reqid=26782771&affid=659&oid=133"[22m
[2m    - waiting for element to be visible, enabled and stable[22m
[2m  - element was detached from the DOM, retrying[22m

[ppc-cr][MAC - Chrome] [STDERR] ❌ Failed processing PPC CR: locator.click: Timeout 25000ms exceeded.
Call log:
[2m  - waiting for locator('#primary_phone:visible, #phone:visible, #phone_home:visible, input[name="phone"]:visible, input[name="phone_home"]:visible, input[name="primary_phone"]:visible, input[type="tel"]:visible').first()[22m
[2m    - locator resolved to <input type="tel" id="primary_phone" placeholder="Phone" name="primary_phone" aria-invalid="false" class="form-control valid" data-gtm-form-interact-field-id="4"/>[22m
[2m  - attempting click action[22m
[2m    2 × waiting for element to be visible, enabled and stable[22m
[2m      - element is visible, enabled and stable[22m
[2m      - scrolling into view if needed[22m
[2m      - done scrolling[22m
[2m      - <div class="loader">Loading…</div> intercepts pointer events[22m
[2m    - retrying click action[22m
[2m    - waiting 20ms[22m
[2m    2 × waiting for element to be visible, enabled and stable[22m
[2m      - element is visible, enabled and stable[22m
[2m      - scrolling into view if needed[22m
[2m      - done scrolling[22m
[2m      - <div class="loader">Loading…</div> intercepts pointer events[22m
[2m    - retrying click action[22m
[2m      - waiting 100ms[22m
[2m    3 × waiting for element to be visible, enabled and stable[22m
[2m      - element is visible, enabled and stable[22m
[2m      - scrolling into view if needed[22m
[2m      - done scrolling[22m
[2m      - <div class="loader">Loading…</div> intercepts pointer events[22m
[2m    - retrying click action[22m
[2m      - waiting 500ms[22m
[2m    - waiting for" https://tra.com/thank-you?debt=10000&leadid=F2855EA1&reqid=26782771&affid=659&oid=133" navigation to finish...[22m
[2m    - navigated to "https://tra.com/thank-you?debt=10000&leadid=F2855EA1&reqid=26782771&affid=659&oid=133"[22m
[2m    - waiting for element to be visible, enabled and stable[22m
[2m  - element was detached from the DOM, retrying[22m

[ppc-cr][MAC - Chrome] 
✅ Execution successfully processed! {
  success: false,
  error: 'locator.click: Timeout 25000ms exceeded.\n' +
    'Call log:\n' +
    `\x1B[2m  - waiting for locator('#primary_phone:visible, #phone:visible, #phone_home:visible, input[name="phone"]:visible, input[name="phone_home"]:visible, input[name="primary_phone"]:visible, input[type="tel"]:visible').first()\x1B[22m\n` +
    '\x1B[2m    - locator resolved to <input type="tel" id="primary_phone" placeholder="Phone" name="primary_phone" aria-invalid="false" class="form-control valid" data-gtm-form-interact-field-id="4"/>\x1B[22m\n' +
    '\x1B[2m  - attempting click action\x1B[22m\n' +
    '\x1B[2m    2 × waiting for element to be visible, enabled and stable\x1B[22m\n' +
    '\x1B[2m      - element is visible, enabled and stable\x1B[22m\n' +
    '\x1B[2m      - scrolling into view if needed\x1B[22m\n' +
    '\x1B[2m      - done scrolling\x1B[22m\n' +
    '\x1B[2m      - <div class="loader">Loading…</div> intercepts pointer events\x1B[22m\n' +
    '\x1B[2m    - retrying click action\x1B[22m\n' +
    '\x1B[2m    - waiting 20ms\x1B[22m\n' +
    '\x1B[2m    2 × waiting for element to be visible, enabled and stable\x1B[22m\n' +
    '\x1B[2m      - element is visible, enabled and stable\x1B[22m\n' +
    '\x1B[2m      - scrolling into view if needed\x1B[22m\n' +
    '\x1B[2m      - done scrolling\x1B[22m\n' +
    '\x1B[2m      - <div class="loader">Loading…</div> intercepts pointer events\x1B[22m\n' +
    '\x1B[2m    - retrying click action\x1B[22m\n' +
    '\x1B[2m      - waiting 100ms\x1B[22m\n' +
    '\x1B[2m    3 × waiting for element to be visible, enabled and stable\x1B[22m\n' +
    '\x1B[2m      - element is visible, enabled and stable\x1B[22m\n' +
    '\x1B[2m      - scrolling into view if needed\x1B[22m\n' +
    '\x1B[2m      - done scrolling\x1B[22m\n' +
    '\x1B[2m      - <div class="loader">Loading…</div> intercepts pointer events\x1B[22m\n' +
    '\x1B[2m    - retrying click action\x1B[22m\n' +
    '\x1B[2m      - waiting 500ms\x1B[22m\n' +
    '\x1B[2m    - waiting for" https://tra.com/thank-you?debt=10000&leadid=F2855EA1&reqid=26782771&affid=659&oid=133" navigation to finish...\x1B[22m\n' +
    '\x1B[2m    - navigated to "https://tra.com/thank-you?debt=10000&leadid=F2855EA1&reqid=26782771&affid=659&oid=133"\x1B[22m\n' +
    '\x1B[2m    - waiting for element to be visible, enabled and stable\x1B[22m\n' +
    '\x1B[2m  - element was detached from the DOM, retrying\x1B[22m\n',
  brand: 'PPC CR'
}
[ppc-cr][MAC - Chrome] 📋 Trace report successfully saved: traces/ppc-cr_desktop.zip
✅ [15/5/2026, 10:53:41 am] COMPLETED: ppc-cr [MAC - Chrome][CHROMIUM]

================================================================
⚡ Processing Campaign Matrix: [PPC-FS]
================================================================

================================================================
🚀 [15/5/2026, 10:53:41 am] RUNNING: PPC FS [ANDROID - CHROME]
🔗 Target URL: https://flmtra.com/?a=659&oc=841&c=2210&s1=
================================================================
[ppc-fs][Android - Chrome] 🔌 [Browser Interceptor] Intercepting and optimizing engine: CHROMIUM
[ppc-fs][Android - Chrome] ◇ injected env (0) from .env // tip: ⌁ auth for agents [www.vestauth.com]
[ppc-fs][Android - Chrome] ◇ injected env (0) from .env // tip: ◈ encrypted .env [www.dotenvx.com]
[ppc-fs][Android - Chrome] ◇ injected env (0) from .env // tip: ⌘ multiple files { path: ['.env.local', '.env'] }
[ppc-fs][Android - Chrome] ◇ injected env (0) from .env // tip: ◈ encrypted .env [www.dotenvx.com]
[ppc-fs][Android - Chrome] ◇ injected env (0) from .env // tip: ◈ secrets for agents [www.dotenvx.com]
[ppc-fs][Android - Chrome] 
🤖 ================================================================
[ppc-fs][Android - Chrome] 🤖 MASTER RUNNER: LAUNCHING PPC FS
🤖 Mode:            MOBILE
🤖 Tracking URL:     https://flmtra.com/?a=659&oc=841&c=2210&s1=
🤖 Target Sheet:    PPC FS
🤖 ================================================================
[ppc-fs][Android - Chrome] 🔌 [Browser Interceptor] Intercepting and optimizing engine: CHROMIUM
[ppc-fs][Android - Chrome] 📋 Emulated Device Profile: MOBILE (Pixel 7) - [Android - Chrome]
[ppc-fs][Android - Chrome] ⏳ Delaying 200ms to allow responsive layouts to mount...
[ppc-fs][Android - Chrome] 🔄 Processing lead for brand: PPC FS Mobile
[ppc-fs][Android - Chrome] 📊 Campaign execution run index: 22
[ppc-fs][Android - Chrome] 🎯 Enforcing dynamic credentials & parameters:
   - First Name:   ckmtestpixel
[ppc-fs][Android - Chrome]    - Last Name:    ckmtestpixel
   - Email:        ckmtestpixel@gmail.com
   - Phone Number: 401-247-1022
   - Slider Value: 6,491
   - State Value:  Minnesota
[ppc-fs][Android - Chrome] 🔗 [Mobile] Navigating to: https://flmtra.com/?a=659&oc=841&c=2210&s1=
[ppc-fs][Android - Chrome] ✅ [Mobile] Page loaded successfully
[ppc-fs][Android - Chrome] 📱 [Mobile] Injecting high-fidelity glossy Natural Titanium iPhone 17 Pro mockup frame...
[ppc-fs][Android - Chrome] 📱 [Mobile] Injecting high-fidelity glossy Natural Titanium iPhone 17 Pro mockup frame...
[ppc-fs][Android - Chrome] 📝 [Mobile] Starting mobile-specific form filling...
[ppc-fs][Android - Chrome] 🔘 [Mobile] Step 1: Selecting Debt Amount (6,491)
[ppc-fs][Android - Chrome] 🔘 [Mobile] Clicking active visible button: .next-btn1:visible, .btn-next:visible
[ppc-fs][Android - Chrome] ✅ [Mobile] Clicked: .next-btn1:visible, .btn-next:visible
[ppc-fs][Android - Chrome] 📱 [Mobile] Injecting high-fidelity glossy Natural Titanium iPhone 17 Pro mockup frame...
[ppc-fs][Android - Chrome] ✅ [Mobile] Reached a recognized terminal step (State or Contact). Stopping dynamic traversal.
[ppc-fs][Android - Chrome] 🔘 [Mobile] Step 2: Selecting State
[ppc-fs][Android - Chrome] ✅ [Mobile] Selected state dynamically: "Michigan"
📝 [Mobile] step3 column set to State: "Michigan"
[ppc-fs][Android - Chrome] 🔘 [Mobile] Clicking active visible button: .next-btn:visible, .next-btn2:visible, .btn-next:visible
[ppc-fs][Android - Chrome] ✅ [Mobile] Clicked: .next-btn:visible, .next-btn2:visible, .btn-next:visible
[ppc-fs][Android - Chrome] 📱 [Mobile] Injecting high-fidelity glossy Natural Titanium iPhone 17 Pro mockup frame...
[ppc-fs][Android - Chrome] 🔘 [Mobile] Step 3: Filling Contact Info (Dynamic Loop)...
[ppc-fs][Android - Chrome] 📱 [Mobile] Injecting high-fidelity glossy Natural Titanium iPhone 17 Pro mockup frame...
[ppc-fs][Android - Chrome] ✅ [Mobile] Filled First Name: ckmtestpixel
[ppc-fs][Android - Chrome] ✅ [Mobile] Filled Last Name: ckmtestpixel
[ppc-fs][Android - Chrome] ✅ [Mobile] Filled Email: ckmtestpixel@gmail.com
[ppc-fs][Android - Chrome] ✅ [Mobile] Filled Phone: 401-247-1022
[ppc-fs][Android - Chrome] 🔘 [Mobile] Clicking active contact NEXT/SUBMIT button...
[ppc-fs][Android - Chrome] 📱 [Mobile] Injecting high-fidelity glossy Natural Titanium iPhone 17 Pro mockup frame...
[ppc-fs][Android - Chrome] ✅ [Mobile] Filled Phone: 401-247-1022
[ppc-fs][Android - Chrome] 🔘 [Mobile] Clicking active contact NEXT/SUBMIT button...
[ppc-fs][Android - Chrome] 📱 [Mobile] Injecting high-fidelity glossy Natural Titanium iPhone 17 Pro mockup frame...
[ppc-fs][Android - Chrome] ✅ [Mobile] Filled Phone: 401-247-1022
[ppc-fs][Android - Chrome] 🔘 [Mobile] Clicking active contact NEXT/SUBMIT button...
[ppc-fs][Android - Chrome] 📱 [Mobile] Injecting high-fidelity glossy Natural Titanium iPhone 17 Pro mockup frame...
[ppc-fs][Android - Chrome] 🔘 [Mobile] No active contact NEXT/SUBMIT button visible. Exiting loop.
🔘 [Mobile] Scanning for additional dynamic steps...
[ppc-fs][Android - Chrome] 🔘 [Mobile] Submitting form
[ppc-fs][Android - Chrome] ⏳ [Mobile] Waiting for submission navigation to complete
[ppc-fs][Android - Chrome] [STDERR] ⚠️ [Mobile] Standard submit buttons not found, consulting FLM Agent...
[ppc-fs][Android - Chrome] 🤖 [FLM Agent] Analyzing Submit button for global...
[ppc-fs][Android - Chrome] ⏳ [Mobile] Waiting for final Thank You page redirection...
[ppc-fs][Android - Chrome] ✅ [Mobile] Targeted final redirect URL achieved!
[ppc-fs][Android - Chrome] ✅ [Mobile] Final Thank You URL: https://tra.com/thank-you?debt=10000&leadid=5ED44A11&reqid=26782773&affid=659&oid=133
[ppc-fs][Android - Chrome] ✅ [Mobile] Extracted Lead ID: 5ED44A11
[ppc-fs][Android - Chrome] 📱 Device Type detected: Android - Chrome
✅ Lead captured: 5ED44A11
[ppc-fs][Android - Chrome] 📡 Fetching First API data for Lead ID: 5ED44A11...
[ppc-fs][Android - Chrome] 📡 Raw XML Response: {
  "lead_info_response": {
    "$": {
      "xmlns:xsd": "http://www.w3.org/2001/XMLSchema",
      "xmlns:xsi": "http://www.w3.org/2001/XMLSchema-instance",
      "xmlns": "http://cakemarketing.com/api/1/"
    },
    "success": "true",
    "row_count": "1",
    "lead_id": "5ED44A11",
    "personal_info": {
      "first_name": "CKMTESTPIXEL",
      "last_name": "CKMTESTPIXEL",
      "email_address": "ckmtestpixel@gmail.com",
      "address": {
        "street": "",
        "city": "",
        "state": "MI",
        "zip_code": "48051",
        "country": ""
      },
      "ip_address": "27.54.170.27",
      "phone_work": "",
      "phone_home": "401-247-1022",
      "phone_cell": "",
      "best_call_time": "",
      "opt_in": "false"
    },
    "traffic_info": {
      "lead_date": "2026-05-14T22:24:04.62",
      "payout": {
        "currency_id": "1",
        "amount": "0.0000",
        "formatted_amount": "$0.00"
      },
      "affiliate": {
        "affiliate_id": {
          "_": "659",
          "$": {
            "xmlns": "API:id_name_store"
          }
        },
        "affiliate_name": {
          "_": "QA affiliate",
          "$": {
            "xmlns": "API:id_name_store"
          }
        }
      },
      "campaign": {
        "campaign_id": {
          "_": "4473",
          "$": {
            "xmlns": "API:id_name_store"
          }
        },
        "campaign_name": {
          "_": "TRA.com CPL - PPC FS - CPA - $1.00",
          "$": {
            "xmlns": "API:id_name_store"
          }
        }
      },
      "creative_id": "2210",
      "subid_1": "",
      "subid_2": "",
      "subid_3": "",
      "subid_4": "",
      "subid_5": "",
      "referrer": "",
      "pixel_fired": "true",
      "returned_to_affiliate": "false",
      "test": "true",
      "upsell": "false"
    },
    "all_vertical_data": {
      "data": {
        "$": {
          "xmlns": ""
        },
        "tax_debt": "10000",
        "universal_leadid": "23454487-8718-D0DE-5295-D048CCB47E65",
        "affid": "659",
        "TCPA_checkbox": "1",
        "reqid": "26782773",
        "page": "https://tra.com/ppc/fs",
        "neustar": "fail",
        "neustar_disposition": "N,U,U,L,0",
        "first_name_lower": "ckmtestpixel",
        "last_name_lower": "ckmtestpixel",
        "opt_special_offers": "on"
      }
    },
    "dispositions": {
      "disposition": {
        "disposition_type": "Sent to Review Queue",
        "reason": "neustar: This value is not valid",
        "filter": "Equals Value"
      }
    },
    "pings": "",
    "posts": "",
    "sales": ""
  }
}
✅ First API Data retrieved on attempt 1
[ppc-fs][Android - Chrome] 📡 Fetching Second API data for Lead ID: 5ED44A11...
[ppc-fs][Android - Chrome] 📡 Standard Second API Payload: cake_id=5ED44A11, domain_name=https://www.taxreliefadvocates.com
[ppc-fs][Android - Chrome] [STDERR] (node:22076) Warning: Setting the NODE_TLS_REJECT_UNAUTHORIZED environment variable to '0' makes TLS connections and HTTPS requests insecure by disabling certificate verification.
(Use `node --trace-warnings ...` to show where the warning was created)
[ppc-fs][Android - Chrome] [STDERR] ❌ Second API Attempt 1 failed: Request failed with status code 404
[ppc-fs][Android - Chrome] ⏳ Retrying in 1 second to allow database synchronization...
[ppc-fs][Android - Chrome] 📡 Standard Second API Payload: cake_id=5ED44A11, domain_name=https://www.taxreliefadvocates.com
[ppc-fs][Android - Chrome] [STDERR] ❌ Second API Attempt 2 failed: Request failed with status code 404
[ppc-fs][Android - Chrome] ⏳ Retrying in 1 second to allow database synchronization...
[ppc-fs][Android - Chrome] 📡 Standard Second API Payload: cake_id=5ED44A11, domain_name=https://www.taxreliefadvocates.com
[ppc-fs][Android - Chrome] [STDERR] ❌ Second API Attempt 3 failed: Request failed with status code 404
[ppc-fs][Android - Chrome] ⏳ Retrying in 1 second to allow database synchronization...
[ppc-fs][Android - Chrome] 📡 Standard Second API Payload: cake_id=5ED44A11, domain_name=https://www.taxreliefadvocates.com
[ppc-fs][Android - Chrome] [STDERR] ❌ Second API Attempt 4 failed: Request failed with status code 404
[ppc-fs][Android - Chrome] ⏳ Retrying in 1 second to allow database synchronization...
[ppc-fs][Android - Chrome] 📡 Standard Second API Payload: cake_id=5ED44A11, domain_name=https://www.taxreliefadvocates.com
[ppc-fs][Android - Chrome] [STDERR] ❌ Second API Attempt 5 failed: Request failed with status code 404
[ppc-fs][Android - Chrome] 📡 [Rest-Assurance] Verifying Lead ID: 5ED44A11 via Backend...
[ppc-fs][Android - Chrome] 🛡️  [Rest-Assurance] VERIFIED (Backend Debt: 10000)
[ppc-fs][Android - Chrome] ✅ Row appended successfully to sheet: PPC FS
[ppc-fs][Android - Chrome] ⚠️  Non-fatal formatting error for PPC FS (Banding might already exist): Invalid requests[2].addBanding: You cannot add alternating background colors to a range that already has alternating background colors.
[ppc-fs][Android - Chrome] ✅ Lead processed successfully for PPC FS Mobile
[ppc-fs][Android - Chrome] 🎥 Video saved successfully: traces/videos/PPC FS_PPC_FS_Mobile.webm
[ppc-fs][Android - Chrome] 
✅ Execution successfully processed! { success: true, leadId: '5ED44A11', brand: 'PPC FS Mobile' }
[ppc-fs][Android - Chrome] [STDERR] ❌ Automation Run encountered a fatal exception: tracing.stop: Target page, context or browser has been closed
✅ [15/5/2026, 10:54:41 am] COMPLETED: ppc-fs [Android - Chrome][CHROMIUM]

================================================================
🚀 [15/5/2026, 10:54:41 am] RUNNING: PPC FS [ANDROID - FIREFOX]
🔗 Target URL: https://flmtra.com/?a=659&oc=841&c=2210&s1=
================================================================
[ppc-fs][Android - Firefox] 🔌 [Browser Interceptor] Intercepting and optimizing engine: FIREFOX
[ppc-fs][Android - Firefox] ◇ injected env (0) from .env // tip: ⌘ override existing { override: true }
[ppc-fs][Android - Firefox] ◇ injected env (0) from .env // tip: ⌁ auth for agents [www.vestauth.com]
[ppc-fs][Android - Firefox] ◇ injected env (0) from .env // tip: ⌘ suppress logs { quiet: true }
[ppc-fs][Android - Firefox] ◇ injected env (0) from .env // tip: ⌘ suppress logs { quiet: true }
[ppc-fs][Android - Firefox] ◇ injected env (0) from .env // tip: ⌘ multiple files { path: ['.env.local', '.env'] }
[ppc-fs][Android - Firefox] 
🤖 ================================================================
[ppc-fs][Android - Firefox] 🤖 MASTER RUNNER: LAUNCHING PPC FS
🤖 Mode:            MOBILE
[ppc-fs][Android - Firefox] 🤖 Tracking URL:     https://flmtra.com/?a=659&oc=841&c=2210&s1=
[ppc-fs][Android - Firefox] 🤖 Target Sheet:    PPC FS
[ppc-fs][Android - Firefox] 🤖 ================================================================
[ppc-fs][Android - Firefox] 🔌 [Browser Interceptor] Intercepting and optimizing engine: FIREFOX
[ppc-fs][Android - Firefox] 📋 Emulated Device Profile: MOBILE (Pixel 7) - [Android - Firefox]
[ppc-fs][Android - Firefox] 🔌 [Browser Interceptor] Sanitizing mobile context options for Firefox emulation...
🔌 [Browser Interceptor] Sanitizing mobile context options for Firefox emulation...
[ppc-fs][Android - Firefox] ⏳ Delaying 200ms to allow responsive layouts to mount...
[ppc-fs][Android - Firefox] 🔄 Processing lead for brand: PPC FS Mobile
[ppc-fs][Android - Firefox] 📊 Campaign execution run index: 24
[ppc-fs][Android - Firefox] 🎯 Enforcing dynamic credentials & parameters:
   - First Name:   ckmtestpixel
   - Last Name:    ckmtestpixel
   - Email:        ckmtestpixel@gmail.com
   - Phone Number: 401-247-1024
   - Slider Value: 15,303
   - State Value:  Missouri
[ppc-fs][Android - Firefox] 🔗 [Mobile] Navigating to: https://flmtra.com/?a=659&oc=841&c=2210&s1=
[ppc-fs][Android - Firefox] ✅ [Mobile] Page loaded successfully
[ppc-fs][Android - Firefox] 📱 [Mobile] Injecting high-fidelity glossy Natural Titanium iPhone 17 Pro mockup frame...
[ppc-fs][Android - Firefox] 📱 [Mobile] Injecting high-fidelity glossy Natural Titanium iPhone 17 Pro mockup frame...
[ppc-fs][Android - Firefox] 📝 [Mobile] Starting mobile-specific form filling...
[ppc-fs][Android - Firefox] 🔘 [Mobile] Step 1: Selecting Debt Amount (15,303)
[ppc-fs][Android - Firefox] 🔘 [Mobile] Clicking active visible button: .next-btn1:visible, .btn-next:visible
[ppc-fs][Android - Firefox] ✅ [Mobile] Clicked: .next-btn1:visible, .btn-next:visible
[ppc-fs][Android - Firefox] 📱 [Mobile] Injecting high-fidelity glossy Natural Titanium iPhone 17 Pro mockup frame...
[ppc-fs][Android - Firefox] ✅ [Mobile] Reached a recognized terminal step (State or Contact). Stopping dynamic traversal.
[ppc-fs][Android - Firefox] 🔘 [Mobile] Step 2: Selecting State
[ppc-fs][Android - Firefox] ✅ [Mobile] Selected state dynamically: "Mississippi"
[ppc-fs][Android - Firefox] 📝 [Mobile] step3 column set to State: "Mississippi"
[ppc-fs][Android - Firefox] 🔘 [Mobile] Clicking active visible button: .next-btn:visible, .next-btn2:visible, .btn-next:visible
[ppc-fs][Android - Firefox] ✅ [Mobile] Clicked: .next-btn:visible, .next-btn2:visible, .btn-next:visible
[ppc-fs][Android - Firefox] 📱 [Mobile] Injecting high-fidelity glossy Natural Titanium iPhone 17 Pro mockup frame...
[ppc-fs][Android - Firefox] 🔘 [Mobile] Step 3: Filling Contact Info (Dynamic Loop)...
[ppc-fs][Android - Firefox] 📱 [Mobile] Injecting high-fidelity glossy Natural Titanium iPhone 17 Pro mockup frame...
[ppc-fs][Android - Firefox] ✅ [Mobile] Filled First Name: ckmtestpixel
[ppc-fs][Android - Firefox] ✅ [Mobile] Filled Last Name: ckmtestpixel
[ppc-fs][Android - Firefox] ✅ [Mobile] Filled Email: ckmtestpixel@gmail.com
[ppc-fs][Android - Firefox] ✅ [Mobile] Filled Phone: 401-247-1024
[ppc-fs][Android - Firefox] 🔘 [Mobile] Clicking active contact NEXT/SUBMIT button...
[ppc-fs][Android - Firefox] 📱 [Mobile] Injecting high-fidelity glossy Natural Titanium iPhone 17 Pro mockup frame...
[ppc-fs][Android - Firefox] ✅ [Mobile] Filled Phone: 401-247-1024
[ppc-fs][Android - Firefox] 🔘 [Mobile] Clicking active contact NEXT/SUBMIT button...
[ppc-fs][Android - Firefox] 📱 [Mobile] Injecting high-fidelity glossy Natural Titanium iPhone 17 Pro mockup frame...
[ppc-fs][Android - Firefox] ✅ [Mobile] Filled Phone: 401-247-1024
[ppc-fs][Android - Firefox] 🔘 [Mobile] Clicking active contact NEXT/SUBMIT button...
[ppc-fs][Android - Firefox] 📱 [Mobile] Injecting high-fidelity glossy Natural Titanium iPhone 17 Pro mockup frame...
[ppc-fs][Android - Firefox] ✅ [Mobile] Filled Phone: 401-247-1024
[ppc-fs][Android - Firefox] 🔘 [Mobile] Clicking active contact NEXT/SUBMIT button...
[ppc-fs][Android - Firefox] 📱 [Mobile] Injecting high-fidelity glossy Natural Titanium iPhone 17 Pro mockup frame...
[ppc-fs][Android - Firefox] ✅ [Mobile] Filled Phone: 401-247-1024
[ppc-fs][Android - Firefox] 🔘 [Mobile] No active contact NEXT/SUBMIT button visible. Exiting loop.
🔘 [Mobile] Scanning for additional dynamic steps...
[ppc-fs][Android - Firefox] 🔘 [Mobile] Submitting form
[ppc-fs][Android - Firefox] ⏳ [Mobile] Waiting for submission navigation to complete
[ppc-fs][Android - Firefox] [STDERR] ⚠️ [Mobile] Standard submit buttons not found, consulting FLM Agent...
[ppc-fs][Android - Firefox] 🤖 [FLM Agent] Analyzing Submit button for global...
[ppc-fs][Android - Firefox] ⏳ [Mobile] Waiting for final Thank You page redirection...
[ppc-fs][Android - Firefox] ✅ [Mobile] Targeted final redirect URL achieved!
[ppc-fs][Android - Firefox] ✅ [Mobile] Final Thank You URL: https://tra.com/thank-you?debt=10000&leadid=D2F4C17C&reqid=26782775&affid=659&oid=133
[ppc-fs][Android - Firefox] ✅ [Mobile] Extracted Lead ID: D2F4C17C
[ppc-fs][Android - Firefox] 📱 Device Type detected: Android - Firefox
✅ Lead captured: D2F4C17C
[ppc-fs][Android - Firefox] 📡 Fetching First API data for Lead ID: D2F4C17C...
[ppc-fs][Android - Firefox] 📡 Raw XML Response: {
  "lead_info_response": {
    "$": {
      "xmlns:xsd": "http://www.w3.org/2001/XMLSchema",
      "xmlns:xsi": "http://www.w3.org/2001/XMLSchema-instance",
      "xmlns": "http://cakemarketing.com/api/1/"
    },
    "success": "true",
    "row_count": "1",
    "lead_id": "D2F4C17C",
    "personal_info": {
      "first_name": "CKMTESTPIXEL",
      "last_name": "CKMTESTPIXEL",
      "email_address": "ckmtestpixel@gmail.com",
      "address": {
        "street": "",
        "city": "",
        "state": "MS",
        "zip_code": "38638",
        "country": ""
      },
      "ip_address": "27.54.170.27",
      "phone_work": "",
      "phone_home": "401-247-1024",
      "phone_cell": "",
      "best_call_time": "",
      "opt_in": "false"
    },
    "traffic_info": {
      "lead_date": "2026-05-14T22:25:12.807",
      "payout": {
        "currency_id": "1",
        "amount": "0.0000",
        "formatted_amount": "$0.00"
      },
      "affiliate": {
        "affiliate_id": {
          "_": "659",
          "$": {
            "xmlns": "API:id_name_store"
          }
        },
        "affiliate_name": {
          "_": "QA affiliate",
          "$": {
            "xmlns": "API:id_name_store"
          }
        }
      },
      "campaign": {
        "campaign_id": {
          "_": "4473",
          "$": {
            "xmlns": "API:id_name_store"
          }
        },
        "campaign_name": {
          "_": "TRA.com CPL - PPC FS - CPA - $1.00",
          "$": {
            "xmlns": "API:id_name_store"
          }
        }
      },
      "creative_id": "2210",
      "subid_1": "",
      "subid_2": "",
      "subid_3": "",
      "subid_4": "",
      "subid_5": "",
      "referrer": "",
      "pixel_fired": "true",
      "returned_to_affiliate": "false",
      "test": "true",
      "upsell": "false"
    },
    "all_vertical_data": {
      "data": {
        "$": {
          "xmlns": ""
        },
        "tax_debt": "10000",
        "universal_leadid": "C66BBB79-6C6E-4110-04A8-A43EDD62CF32",
        "affid": "659",
        "TCPA_checkbox": "1",
        "reqid": "26782775",
        "page": "https://tra.com/ppc/fs",
        "neustar": "fail",
        "neustar_disposition": "N,U,I2,L,0",
        "first_name_lower": "ckmtestpixel",
        "last_name_lower": "ckmtestpixel",
        "opt_special_offers": "on"
      }
    },
    "dispositions": {
      "disposition": {
        "disposition_type": "Sent to Review Queue",
        "reason": "neustar: This value is not valid",
        "filter": "Equals Value"
      }
    },
    "pings": "",
    "posts": "",
    "sales": ""
  }
}
[ppc-fs][Android - Firefox] ✅ First API Data retrieved on attempt 1
📡 Fetching Second API data for Lead ID: D2F4C17C...
📡 Standard Second API Payload: cake_id=D2F4C17C, domain_name=https://www.taxreliefadvocates.com
[ppc-fs][Android - Firefox] [STDERR] (node:11408) Warning: Setting the NODE_TLS_REJECT_UNAUTHORIZED environment variable to '0' makes TLS connections and HTTPS requests insecure by disabling certificate verification.
(Use `node --trace-warnings ...` to show where the warning was created)
[ppc-fs][Android - Firefox] [STDERR] ❌ Second API Attempt 1 failed: Request failed with status code 404
[ppc-fs][Android - Firefox] ⏳ Retrying in 1 second to allow database synchronization...
[ppc-fs][Android - Firefox] 📡 Standard Second API Payload: cake_id=D2F4C17C, domain_name=https://www.taxreliefadvocates.com
[ppc-fs][Android - Firefox] [STDERR] ❌ Second API Attempt 2 failed: Request failed with status code 404
[ppc-fs][Android - Firefox] ⏳ Retrying in 1 second to allow database synchronization...
[ppc-fs][Android - Firefox] 📡 Standard Second API Payload: cake_id=D2F4C17C, domain_name=https://www.taxreliefadvocates.com
[ppc-fs][Android - Firefox] [STDERR] ❌ Second API Attempt 3 failed: Request failed with status code 404
[ppc-fs][Android - Firefox] ⏳ Retrying in 1 second to allow database synchronization...
[ppc-fs][Android - Firefox] 📡 Standard Second API Payload: cake_id=D2F4C17C, domain_name=https://www.taxreliefadvocates.com
[ppc-fs][Android - Firefox] [STDERR] ❌ Second API Attempt 4 failed: Request failed with status code 404
[ppc-fs][Android - Firefox] ⏳ Retrying in 1 second to allow database synchronization...
[ppc-fs][Android - Firefox] 📡 Standard Second API Payload: cake_id=D2F4C17C, domain_name=https://www.taxreliefadvocates.com
[ppc-fs][Android - Firefox] [STDERR] ❌ Second API Attempt 5 failed: Request failed with status code 404
[ppc-fs][Android - Firefox] 📡 [Rest-Assurance] Verifying Lead ID: D2F4C17C via Backend...
[ppc-fs][Android - Firefox] 🛡️  [Rest-Assurance] VERIFIED (Backend Debt: 10000)
[ppc-fs][Android - Firefox] ✅ Row appended successfully to sheet: PPC FS
[ppc-fs][Android - Firefox] ⚠️  Non-fatal formatting error for PPC FS (Banding might already exist): Invalid requests[2].addBanding: You cannot add alternating background colors to a range that already has alternating background colors.
✅ Lead processed successfully for PPC FS Mobile
[ppc-fs][Android - Firefox] 🎥 Video saved successfully: traces/videos/PPC FS_PPC_FS_Mobile.webm
[ppc-fs][Android - Firefox] 
✅ Execution successfully processed! { success: true, leadId: 'D2F4C17C', brand: 'PPC FS Mobile' }
[ppc-fs][Android - Firefox] [STDERR] ❌ Automation Run encountered a fatal exception: tracing.stop: Target page, context or browser has been closed
✅ [15/5/2026, 10:55:50 am] COMPLETED: ppc-fs [Android - Firefox][FIREFOX]

================================================================
🚀 [15/5/2026, 10:55:50 am] RUNNING: PPC FS [IOS - CHROME]
🔗 Target URL: https://flmtra.com/?a=659&oc=841&c=2210&s1=
================================================================
[ppc-fs][iOS - Chrome] 🔌 [Browser Interceptor] Intercepting and optimizing engine: CHROMIUM
[ppc-fs][iOS - Chrome] ◇ injected env (0) from .env // tip: ◈ encrypted .env [www.dotenvx.com]
[ppc-fs][iOS - Chrome] ◇ injected env (0) from .env // tip: ⌘ custom filepath { path: '/custom/path/.env' }
[ppc-fs][iOS - Chrome] ◇ injected env (0) from .env // tip: ◈ secrets for agents [www.dotenvx.com]
[ppc-fs][iOS - Chrome] ◇ injected env (0) from .env // tip: ⌘ enable debugging { debug: true }
[ppc-fs][iOS - Chrome] ◇ injected env (0) from .env // tip: ⌘ enable debugging { debug: true }
[ppc-fs][iOS - Chrome] 
🤖 ================================================================
[ppc-fs][iOS - Chrome] 🤖 MASTER RUNNER: LAUNCHING PPC FS
[ppc-fs][iOS - Chrome] 🤖 Mode:            MOBILE
[ppc-fs][iOS - Chrome] 🤖 Tracking URL:     https://flmtra.com/?a=659&oc=841&c=2210&s1=
[ppc-fs][iOS - Chrome] 🤖 Target Sheet:    PPC FS
[ppc-fs][iOS - Chrome] 🤖 ================================================================
[ppc-fs][iOS - Chrome] 🔌 [Browser Interceptor] Intercepting and optimizing engine: CHROMIUM
[ppc-fs][iOS - Chrome] 📋 Emulated Device Profile: MOBILE (iPhone 17 Pro Mode) - [iOS - Chrome]
[ppc-fs][iOS - Chrome] ⏳ Delaying 200ms to allow responsive layouts to mount...
[ppc-fs][iOS - Chrome] 🔄 Processing lead for brand: PPC FS Mobile
[ppc-fs][iOS - Chrome] 📊 Campaign execution run index: 26
[ppc-fs][iOS - Chrome] 🎯 Enforcing dynamic credentials & parameters:
[ppc-fs][iOS - Chrome]    - First Name:   ckmtestpixel
   - Last Name:    ckmtestpixel
   - Email:        ckmtestpixel@gmail.com
   - Phone Number: 401-247-1026
   - Slider Value: 92,212
   - State Value:  Nebraska
[ppc-fs][iOS - Chrome] 🔗 [Mobile] Navigating to: https://flmtra.com/?a=659&oc=841&c=2210&s1=
[ppc-fs][iOS - Chrome] ✅ [Mobile] Page loaded successfully
[ppc-fs][iOS - Chrome] 📱 [Mobile] Injecting high-fidelity glossy Natural Titanium iPhone 17 Pro mockup frame...
[ppc-fs][iOS - Chrome] 📱 [Mobile] Injecting high-fidelity glossy Natural Titanium iPhone 17 Pro mockup frame...
[ppc-fs][iOS - Chrome] 📝 [Mobile] Starting mobile-specific form filling...
[ppc-fs][iOS - Chrome] 🔘 [Mobile] Step 1: Selecting Debt Amount (92,212)
[ppc-fs][iOS - Chrome] 🔘 [Mobile] Clicking active visible button: .next-btn1:visible, .btn-next:visible
[ppc-fs][iOS - Chrome] ✅ [Mobile] Clicked: .next-btn1:visible, .btn-next:visible
[ppc-fs][iOS - Chrome] 📱 [Mobile] Injecting high-fidelity glossy Natural Titanium iPhone 17 Pro mockup frame...
[ppc-fs][iOS - Chrome] ✅ [Mobile] Reached a recognized terminal step (State or Contact). Stopping dynamic traversal.
[ppc-fs][iOS - Chrome] 🔘 [Mobile] Step 2: Selecting State
[ppc-fs][iOS - Chrome] ✅ [Mobile] Selected state dynamically: "Montana"
📝 [Mobile] step3 column set to State: "Montana"
[ppc-fs][iOS - Chrome] 🔘 [Mobile] Clicking active visible button: .next-btn:visible, .next-btn2:visible, .btn-next:visible
[ppc-fs][iOS - Chrome] ✅ [Mobile] Clicked: .next-btn:visible, .next-btn2:visible, .btn-next:visible
[ppc-fs][iOS - Chrome] 📱 [Mobile] Injecting high-fidelity glossy Natural Titanium iPhone 17 Pro mockup frame...
[ppc-fs][iOS - Chrome] 🔘 [Mobile] Step 3: Filling Contact Info (Dynamic Loop)...
[ppc-fs][iOS - Chrome] 📱 [Mobile] Injecting high-fidelity glossy Natural Titanium iPhone 17 Pro mockup frame...
[ppc-fs][iOS - Chrome] ✅ [Mobile] Filled First Name: ckmtestpixel
[ppc-fs][iOS - Chrome] ✅ [Mobile] Filled Last Name: ckmtestpixel
[ppc-fs][iOS - Chrome] ✅ [Mobile] Filled Email: ckmtestpixel@gmail.com
[ppc-fs][iOS - Chrome] ✅ [Mobile] Filled Phone: 401-247-1026
[ppc-fs][iOS - Chrome] 🔘 [Mobile] Clicking active contact NEXT/SUBMIT button...
[ppc-fs][iOS - Chrome] 📱 [Mobile] Injecting high-fidelity glossy Natural Titanium iPhone 17 Pro mockup frame...
[ppc-fs][iOS - Chrome] ✅ [Mobile] Filled Phone: 401-247-1026
[ppc-fs][iOS - Chrome] 🔘 [Mobile] Clicking active contact NEXT/SUBMIT button...
[ppc-fs][iOS - Chrome] 📱 [Mobile] Injecting high-fidelity glossy Natural Titanium iPhone 17 Pro mockup frame...
[ppc-fs][iOS - Chrome] 🔘 [Mobile] No active contact NEXT/SUBMIT button visible. Exiting loop.
[ppc-fs][iOS - Chrome] 🔘 [Mobile] Scanning for additional dynamic steps...
[ppc-fs][iOS - Chrome] 🔘 [Mobile] Submitting form
[ppc-fs][iOS - Chrome] ⏳ [Mobile] Waiting for submission navigation to complete
[ppc-fs][iOS - Chrome] [STDERR] ⚠️ [Mobile] Standard submit buttons not found, consulting FLM Agent...
[ppc-fs][iOS - Chrome] 🤖 [FLM Agent] Analyzing Submit button for global...
[ppc-fs][iOS - Chrome] ⏳ [Mobile] Waiting for final Thank You page redirection...
[ppc-fs][iOS - Chrome] ✅ [Mobile] Targeted final redirect URL achieved!
[ppc-fs][iOS - Chrome] ✅ [Mobile] Final Thank You URL: https://tra.com/thank-you?debt=10000&leadid=3001F37C&reqid=26782778&affid=659&oid=133
[ppc-fs][iOS - Chrome] ✅ [Mobile] Extracted Lead ID: 3001F37C
[ppc-fs][iOS - Chrome] 📱 Device Type detected: iOS - Chrome
✅ Lead captured: 3001F37C
[ppc-fs][iOS - Chrome] 📡 Fetching First API data for Lead ID: 3001F37C...
[ppc-fs][iOS - Chrome] 📡 Raw XML Response: {
  "lead_info_response": {
    "$": {
      "xmlns:xsd": "http://www.w3.org/2001/XMLSchema",
      "xmlns:xsi": "http://www.w3.org/2001/XMLSchema-instance",
      "xmlns": "http://cakemarketing.com/api/1/"
    },
    "success": "true",
    "row_count": "1",
    "lead_id": "3001F37C",
    "personal_info": {
      "first_name": "CKMTESTPIXEL",
      "last_name": "CKMTESTPIXEL",
      "email_address": "ckmtestpixel@gmail.com",
      "address": {
        "street": "",
        "city": "",
        "state": "MT",
        "zip_code": "59256",
        "country": ""
      },
      "ip_address": "27.54.170.27",
      "phone_work": "",
      "phone_home": "401-247-1026",
      "phone_cell": "",
      "best_call_time": "",
      "opt_in": "false"
    },
    "traffic_info": {
      "lead_date": "2026-05-14T22:26:11.597",
      "payout": {
        "currency_id": "1",
        "amount": "0.0000",
        "formatted_amount": "$0.00"
      },
      "affiliate": {
        "affiliate_id": {
          "_": "659",
          "$": {
            "xmlns": "API:id_name_store"
          }
        },
        "affiliate_name": {
          "_": "QA affiliate",
          "$": {
            "xmlns": "API:id_name_store"
          }
        }
      },
      "campaign": {
        "campaign_id": {
          "_": "4473",
          "$": {
            "xmlns": "API:id_name_store"
          }
        },
        "campaign_name": {
          "_": "TRA.com CPL - PPC FS - CPA - $1.00",
          "$": {
            "xmlns": "API:id_name_store"
          }
        }
      },
      "creative_id": "2210",
      "subid_1": "",
      "subid_2": "",
      "subid_3": "",
      "subid_4": "",
      "subid_5": "",
      "referrer": "",
      "pixel_fired": "true",
      "returned_to_affiliate": "false",
      "test": "true",
      "upsell": "false"
    },
    "all_vertical_data": {
      "data": {
        "$": {
          "xmlns": ""
        },
        "tax_debt": "10000",
        "universal_leadid": "38CCD5FE-6039-3E8E-D610-A3BD5EBFCB95",
        "affid": "659",
        "TCPA_checkbox": "1",
        "reqid": "26782778",
        "page": "https://tra.com/ppc/fs",
        "neustar": "fail",
        "neustar_disposition": "N,U,I3,L,0",
        "first_name_lower": "ckmtestpixel",
        "last_name_lower": "ckmtestpixel",
        "opt_special_offers": "on"
      }
    },
    "dispositions": {
      "disposition": {
        "disposition_type": "Sent to Review Queue",
        "reason": "neustar: This value is not valid",
        "filter": "Equals Value"
      }
    },
    "pings": "",
    "posts": "",
    "sales": ""
  }
}
[ppc-fs][iOS - Chrome] ✅ First API Data retrieved on attempt 1
[ppc-fs][iOS - Chrome] 📡 Fetching Second API data for Lead ID: 3001F37C...
[ppc-fs][iOS - Chrome] 📡 Standard Second API Payload: cake_id=3001F37C, domain_name=https://www.taxreliefadvocates.com
[ppc-fs][iOS - Chrome] [STDERR] (node:22308) Warning: Setting the NODE_TLS_REJECT_UNAUTHORIZED environment variable to '0' makes TLS connections and HTTPS requests insecure by disabling certificate verification.
(Use `node --trace-warnings ...` to show where the warning was created)
[ppc-fs][iOS - Chrome] [STDERR] ❌ Second API Attempt 1 failed: Request failed with status code 404
[ppc-fs][iOS - Chrome] ⏳ Retrying in 1 second to allow database synchronization...
[ppc-fs][iOS - Chrome] 📡 Standard Second API Payload: cake_id=3001F37C, domain_name=https://www.taxreliefadvocates.com
[ppc-fs][iOS - Chrome] [STDERR] ❌ Second API Attempt 2 failed: Request failed with status code 404
[ppc-fs][iOS - Chrome] ⏳ Retrying in 1 second to allow database synchronization...
[ppc-fs][iOS - Chrome] 📡 Standard Second API Payload: cake_id=3001F37C, domain_name=https://www.taxreliefadvocates.com
[ppc-fs][iOS - Chrome] [STDERR] ❌ Second API Attempt 3 failed: Request failed with status code 404
[ppc-fs][iOS - Chrome] ⏳ Retrying in 1 second to allow database synchronization...
[ppc-fs][iOS - Chrome] 📡 Standard Second API Payload: cake_id=3001F37C, domain_name=https://www.taxreliefadvocates.com
[ppc-fs][iOS - Chrome] [STDERR] ❌ Second API Attempt 4 failed: Request failed with status code 404
[ppc-fs][iOS - Chrome] ⏳ Retrying in 1 second to allow database synchronization...
[ppc-fs][iOS - Chrome] 📡 Standard Second API Payload: cake_id=3001F37C, domain_name=https://www.taxreliefadvocates.com
[ppc-fs][iOS - Chrome] [STDERR] ❌ Second API Attempt 5 failed: Request failed with status code 404
[ppc-fs][iOS - Chrome] 📡 [Rest-Assurance] Verifying Lead ID: 3001F37C via Backend...
[ppc-fs][iOS - Chrome] 🛡️  [Rest-Assurance] VERIFIED (Backend Debt: 10000)
[ppc-fs][iOS - Chrome] ✅ Row appended successfully to sheet: PPC FS
[ppc-fs][iOS - Chrome] ⚠️  Non-fatal formatting error for PPC FS (Banding might already exist): Invalid requests[2].addBanding: You cannot add alternating background colors to a range that already has alternating background colors.
✅ Lead processed successfully for PPC FS Mobile
[ppc-fs][iOS - Chrome] 🎥 Video saved successfully: traces/videos/PPC FS_PPC_FS_Mobile.webm
[ppc-fs][iOS - Chrome] 
✅ Execution successfully processed! { success: true, leadId: '3001F37C', brand: 'PPC FS Mobile' }
[ppc-fs][iOS - Chrome] [STDERR] ❌ Automation Run encountered a fatal exception: tracing.stop: Target page, context or browser has been closed
✅ [15/5/2026, 10:56:47 am] COMPLETED: ppc-fs [iOS - Chrome][CHROMIUM]

================================================================
🚀 [15/5/2026, 10:56:47 am] RUNNING: PPC FS [IOS - SAFARI]
🔗 Target URL: https://flmtra.com/?a=659&oc=841&c=2210&s1=
================================================================
[ppc-fs][iOS - Safari] 🔌 [Browser Interceptor] Intercepting and optimizing engine: WEBKIT
[ppc-fs][iOS - Safari] ◇ injected env (0) from .env // tip: ◈ secrets for agents [www.dotenvx.com]
[ppc-fs][iOS - Safari] ◇ injected env (0) from .env // tip: ⌘ custom filepath { path: '/custom/path/.env' }
[ppc-fs][iOS - Safari] ◇ injected env (0) from .env // tip: ⌘ suppress logs { quiet: true }
[ppc-fs][iOS - Safari] ◇ injected env (0) from .env // tip: ◈ encrypted .env [www.dotenvx.com]
[ppc-fs][iOS - Safari] ◇ injected env (0) from .env // tip: ⌘ custom filepath { path: '/custom/path/.env' }
[ppc-fs][iOS - Safari] 
🤖 ================================================================
[ppc-fs][iOS - Safari] 🤖 MASTER RUNNER: LAUNCHING PPC FS
🤖 Mode:            MOBILE
🤖 Tracking URL:     https://flmtra.com/?a=659&oc=841&c=2210&s1=
🤖 Target Sheet:    PPC FS
[ppc-fs][iOS - Safari] 🤖 ================================================================
[ppc-fs][iOS - Safari] 🔌 [Browser Interceptor] Intercepting and optimizing engine: WEBKIT
[ppc-fs][iOS - Safari] 📋 Emulated Device Profile: MOBILE (iPhone 17 Pro Mode) - [iOS - Safari]
[ppc-fs][iOS - Safari] ⏳ Delaying 200ms to allow responsive layouts to mount...
[ppc-fs][iOS - Safari] 🔄 Processing lead for brand: PPC FS Mobile
[ppc-fs][iOS - Safari] 📊 Campaign execution run index: 28
[ppc-fs][iOS - Safari] 🎯 Enforcing dynamic credentials & parameters:
   - First Name:   ckmtestpixel
   - Last Name:    ckmtestpixel
[ppc-fs][iOS - Safari]    - Email:        ckmtestpixel@gmail.com
   - Phone Number: 401-247-1028
   - Slider Value: 1,595
   - State Value:  New Hampshire
[ppc-fs][iOS - Safari] 🔗 [Mobile] Navigating to: https://flmtra.com/?a=659&oc=841&c=2210&s1=
[ppc-fs][iOS - Safari] ✅ [Mobile] Page loaded successfully
[ppc-fs][iOS - Safari] 📱 [Mobile] Injecting high-fidelity glossy Natural Titanium iPhone 17 Pro mockup frame...
[ppc-fs][iOS - Safari] 📱 [Mobile] Injecting high-fidelity glossy Natural Titanium iPhone 17 Pro mockup frame...
[ppc-fs][iOS - Safari] 📝 [Mobile] Starting mobile-specific form filling...
[ppc-fs][iOS - Safari] 🔘 [Mobile] Step 1: Selecting Debt Amount (1,595)
[ppc-fs][iOS - Safari] 🔘 [Mobile] Clicking active visible button: .next-btn1:visible, .btn-next:visible
[ppc-fs][iOS - Safari] ✅ [Mobile] Clicked: .next-btn1:visible, .btn-next:visible
[ppc-fs][iOS - Safari] 📱 [Mobile] Injecting high-fidelity glossy Natural Titanium iPhone 17 Pro mockup frame...
[ppc-fs][iOS - Safari] ✅ [Mobile] Reached a recognized terminal step (State or Contact). Stopping dynamic traversal.
[ppc-fs][iOS - Safari] 🔘 [Mobile] Step 2: Selecting State
[ppc-fs][iOS - Safari] ✅ [Mobile] Selected state dynamically: "Nevada"
[ppc-fs][iOS - Safari] 📝 [Mobile] step3 column set to State: "Nevada"
[ppc-fs][iOS - Safari] 🔘 [Mobile] Clicking active visible button: .next-btn:visible, .next-btn2:visible, .btn-next:visible
[ppc-fs][iOS - Safari] ✅ [Mobile] Clicked: .next-btn:visible, .next-btn2:visible, .btn-next:visible
[ppc-fs][iOS - Safari] 📱 [Mobile] Injecting high-fidelity glossy Natural Titanium iPhone 17 Pro mockup frame...
[ppc-fs][iOS - Safari] 🔘 [Mobile] Step 3: Filling Contact Info (Dynamic Loop)...
[ppc-fs][iOS - Safari] 📱 [Mobile] Injecting high-fidelity glossy Natural Titanium iPhone 17 Pro mockup frame...
[ppc-fs][iOS - Safari] ✅ [Mobile] Filled First Name: ckmtestpixel
[ppc-fs][iOS - Safari] ✅ [Mobile] Filled Last Name: ckmtestpixel
[ppc-fs][iOS - Safari] ✅ [Mobile] Filled Email: ckmtestpixel@gmail.com
[ppc-fs][iOS - Safari] ✅ [Mobile] Filled Phone: 401-247-1028
[ppc-fs][iOS - Safari] 🔘 [Mobile] Clicking active contact NEXT/SUBMIT button...
[ppc-fs][iOS - Safari] 📱 [Mobile] Injecting high-fidelity glossy Natural Titanium iPhone 17 Pro mockup frame...
[ppc-fs][iOS - Safari] ✅ [Mobile] Filled Phone: 401-247-1028
[ppc-fs][iOS - Safari] 🔘 [Mobile] Clicking active contact NEXT/SUBMIT button...
[ppc-fs][iOS - Safari] 📱 [Mobile] Injecting high-fidelity glossy Natural Titanium iPhone 17 Pro mockup frame...
[ppc-fs][iOS - Safari] 🔘 [Mobile] No active contact NEXT/SUBMIT button visible. Exiting loop.
🔘 [Mobile] Scanning for additional dynamic steps...
[ppc-fs][iOS - Safari] 🔘 [Mobile] Submitting form
[ppc-fs][iOS - Safari] ⏳ [Mobile] Waiting for submission navigation to complete
[ppc-fs][iOS - Safari] [STDERR] ⚠️ [Mobile] Standard submit buttons not found, consulting FLM Agent...
[ppc-fs][iOS - Safari] 🤖 [FLM Agent] Analyzing Submit button for global...
[ppc-fs][iOS - Safari] ⏳ [Mobile] Waiting for final Thank You page redirection...
[ppc-fs][iOS - Safari] ✅ [Mobile] Targeted final redirect URL achieved!
[ppc-fs][iOS - Safari] ✅ [Mobile] Final Thank You URL: https://tra.com/thank-you?debt=10000&leadid=1FC55B68&reqid=26782780&affid=659&oid=133
[ppc-fs][iOS - Safari] ✅ [Mobile] Extracted Lead ID: 1FC55B68
[ppc-fs][iOS - Safari] 📱 Device Type detected: iOS - Safari
✅ Lead captured: 1FC55B68
[ppc-fs][iOS - Safari] 📡 Fetching First API data for Lead ID: 1FC55B68...
[ppc-fs][iOS - Safari] 📡 Raw XML Response: {
  "lead_info_response": {
    "$": {
      "xmlns:xsd": "http://www.w3.org/2001/XMLSchema",
      "xmlns:xsi": "http://www.w3.org/2001/XMLSchema-instance",
      "xmlns": "http://cakemarketing.com/api/1/"
    },
    "success": "true",
    "row_count": "1",
    "lead_id": "1FC55B68",
    "personal_info": {
      "first_name": "CKMTESTPIXEL",
      "last_name": "CKMTESTPIXEL",
      "email_address": "ckmtestpixel@gmail.com",
      "address": {
        "street": "",
        "city": "",
        "state": "NV",
        "zip_code": "89002",
        "country": ""
      },
      "ip_address": "27.54.170.27",
      "phone_work": "",
      "phone_home": "401-247-1028",
      "phone_cell": "",
      "best_call_time": "",
      "opt_in": "false"
    },
    "traffic_info": {
      "lead_date": "2026-05-14T22:27:08.127",
      "payout": {
        "currency_id": "1",
        "amount": "0.0000",
        "formatted_amount": "$0.00"
      },
      "affiliate": {
        "affiliate_id": {
          "_": "659",
          "$": {
            "xmlns": "API:id_name_store"
          }
        },
        "affiliate_name": {
          "_": "QA affiliate",
          "$": {
            "xmlns": "API:id_name_store"
          }
        }
      },
      "campaign": {
        "campaign_id": {
          "_": "4473",
          "$": {
            "xmlns": "API:id_name_store"
          }
        },
        "campaign_name": {
          "_": "TRA.com CPL - PPC FS - CPA - $1.00",
          "$": {
            "xmlns": "API:id_name_store"
          }
        }
      },
      "creative_id": "2210",
      "subid_1": "",
      "subid_2": "",
      "subid_3": "",
      "subid_4": "",
      "subid_5": "",
      "referrer": "",
      "pixel_fired": "true",
      "returned_to_affiliate": "false",
      "test": "true",
      "upsell": "false"
    },
    "all_vertical_data": {
      "data": {
        "$": {
          "xmlns": ""
        },
        "tax_debt": "10000",
        "universal_leadid": "4D6AF257-EA46-44C9-5154-24517338885C",
        "affid": "659",
        "TCPA_checkbox": "1",
        "reqid": "26782780",
        "page": "https://tra.com/ppc/fs",
        "neustar": "fail",
        "neustar_disposition": "N,U,I1,L,0",
        "first_name_lower": "ckmtestpixel",
        "last_name_lower": "ckmtestpixel",
        "opt_special_offers": "on"
      }
    },
    "dispositions": {
      "disposition": {
        "disposition_type": "Sent to Review Queue",
        "reason": "neustar: This value is not valid",
        "filter": "Equals Value"
      }
    },
    "pings": "",
    "posts": "",
    "sales": ""
  }
}
[ppc-fs][iOS - Safari] ✅ First API Data retrieved on attempt 1
[ppc-fs][iOS - Safari] 📡 Fetching Second API data for Lead ID: 1FC55B68...
[ppc-fs][iOS - Safari] 📡 Standard Second API Payload: cake_id=1FC55B68, domain_name=https://www.taxreliefadvocates.com
[ppc-fs][iOS - Safari] [STDERR] (node:11904) Warning: Setting the NODE_TLS_REJECT_UNAUTHORIZED environment variable to '0' makes TLS connections and HTTPS requests insecure by disabling certificate verification.
(Use `node --trace-warnings ...` to show where the warning was created)
[ppc-fs][iOS - Safari] [STDERR] ❌ Second API Attempt 1 failed: Request failed with status code 404
[ppc-fs][iOS - Safari] ⏳ Retrying in 1 second to allow database synchronization...
[ppc-fs][iOS - Safari] 📡 Standard Second API Payload: cake_id=1FC55B68, domain_name=https://www.taxreliefadvocates.com
[ppc-fs][iOS - Safari] [STDERR] ❌ Second API Attempt 2 failed: Request failed with status code 404
[ppc-fs][iOS - Safari] ⏳ Retrying in 1 second to allow database synchronization...
[ppc-fs][iOS - Safari] 📡 Standard Second API Payload: cake_id=1FC55B68, domain_name=https://www.taxreliefadvocates.com
[ppc-fs][iOS - Safari] [STDERR] ❌ Second API Attempt 3 failed: Request failed with status code 404
[ppc-fs][iOS - Safari] ⏳ Retrying in 1 second to allow database synchronization...
[ppc-fs][iOS - Safari] 📡 Standard Second API Payload: cake_id=1FC55B68, domain_name=https://www.taxreliefadvocates.com
[ppc-fs][iOS - Safari] [STDERR] ❌ Second API Attempt 4 failed: Request failed with status code 404
[ppc-fs][iOS - Safari] ⏳ Retrying in 1 second to allow database synchronization...
[ppc-fs][iOS - Safari] 📡 Standard Second API Payload: cake_id=1FC55B68, domain_name=https://www.taxreliefadvocates.com
[ppc-fs][iOS - Safari] [STDERR] ❌ Second API Attempt 5 failed: Request failed with status code 404
[ppc-fs][iOS - Safari] 📡 [Rest-Assurance] Verifying Lead ID: 1FC55B68 via Backend...
[ppc-fs][iOS - Safari] 🛡️  [Rest-Assurance] VERIFIED (Backend Debt: 10000)
[ppc-fs][iOS - Safari] ✅ Row appended successfully to sheet: PPC FS
[ppc-fs][iOS - Safari] ⚠️  Non-fatal formatting error for PPC FS (Banding might already exist): Invalid requests[2].addBanding: You cannot add alternating background colors to a range that already has alternating background colors.
[ppc-fs][iOS - Safari] ✅ Lead processed successfully for PPC FS Mobile
[ppc-fs][iOS - Safari] 🎥 Video saved successfully: traces/videos/PPC FS_PPC_FS_Mobile.webm
[ppc-fs][iOS - Safari] 
✅ Execution successfully processed! { success: true, leadId: '1FC55B68', brand: 'PPC FS Mobile' }
[ppc-fs][iOS - Safari] [STDERR] ❌ Automation Run encountered a fatal exception: tracing.stop: Target page, context or browser has been closed
✅ [15/5/2026, 10:57:47 am] COMPLETED: ppc-fs [iOS - Safari][WEBKIT]

================================================================
🚀 [15/5/2026, 10:57:47 am] RUNNING: PPC FS [TABLET - SAFARI]
🔗 Target URL: https://flmtra.com/?a=659&oc=841&c=2210&s1=
================================================================
[ppc-fs][Tablet - Safari] 🔌 [Browser Interceptor] Intercepting and optimizing engine: WEBKIT
[ppc-fs][Tablet - Safari] ◇ injected env (0) from .env // tip: ◈ secrets for agents [www.dotenvx.com]
[ppc-fs][Tablet - Safari] ◇ injected env (0) from .env // tip: ⌁ auth for agents [www.vestauth.com]
[ppc-fs][Tablet - Safari] ◇ injected env (0) from .env // tip: ◈ secrets for agents [www.dotenvx.com]
[ppc-fs][Tablet - Safari] ◇ injected env (0) from .env // tip: ⌘ enable debugging { debug: true }
[ppc-fs][Tablet - Safari] ◇ injected env (0) from .env // tip: ◈ encrypted .env [www.dotenvx.com]
[ppc-fs][Tablet - Safari] 
🤖 ================================================================
[ppc-fs][Tablet - Safari] 🤖 MASTER RUNNER: LAUNCHING PPC FS
🤖 Mode:            TABLET
[ppc-fs][Tablet - Safari] 🤖 Tracking URL:     https://flmtra.com/?a=659&oc=841&c=2210&s1=
[ppc-fs][Tablet - Safari] 🤖 Target Sheet:    PPC FS
🤖 ================================================================
[ppc-fs][Tablet - Safari] 🔌 [Browser Interceptor] Intercepting and optimizing engine: WEBKIT
[ppc-fs][Tablet - Safari] 📋 Emulated Device Profile: TABLET (iPad Pro 11) - [Tablet - Safari]
[ppc-fs][Tablet - Safari] ⏳ Delaying 200ms to allow responsive layouts to mount...
[ppc-fs][Tablet - Safari] 🔄 Processing lead for brand: PPC FS Tablet
[ppc-fs][Tablet - Safari] 📊 Campaign execution run index: 31
[ppc-fs][Tablet - Safari] 🎯 Enforcing dynamic credentials & parameters:
   - First Name:   ckmtestpixel
   - Last Name:    ckmtestpixel
[ppc-fs][Tablet - Safari]    - Email:        ckmtestpixel@gmail.com
   - Phone Number: 401-247-1031
   - Slider Value: 13,589
   - State Value:  New York
🔗 [Mobile] Navigating to: https://flmtra.com/?a=659&oc=841&c=2210&s1=
[ppc-fs][Tablet - Safari] ✅ [Mobile] Page loaded successfully
[ppc-fs][Tablet - Safari] 💻 [Tablet] Injecting high-fidelity glossy iPad Pro mockup frame...
[ppc-fs][Tablet - Safari] 💻 [Tablet] Injecting high-fidelity glossy iPad Pro mockup frame...
[ppc-fs][Tablet - Safari] 📝 [Mobile] Starting mobile-specific form filling...
[ppc-fs][Tablet - Safari] 🔘 [Mobile] Step 1: Selecting Debt Amount (13,589)
[ppc-fs][Tablet - Safari] 🔘 [Mobile] Clicking active visible button: .next-btn1:visible, .btn-next:visible
[ppc-fs][Tablet - Safari] ✅ [Mobile] Clicked: .next-btn1:visible, .btn-next:visible
[ppc-fs][Tablet - Safari] 💻 [Tablet] Injecting high-fidelity glossy iPad Pro mockup frame...
[ppc-fs][Tablet - Safari] ✅ [Mobile] Reached a recognized terminal step (State or Contact). Stopping dynamic traversal.
[ppc-fs][Tablet - Safari] 🔘 [Mobile] Step 2: Selecting State
[ppc-fs][Tablet - Safari] ✅ [Mobile] Selected state dynamically: "New Mexico"
[ppc-fs][Tablet - Safari] 📝 [Mobile] step3 column set to State: "New Mexico"
[ppc-fs][Tablet - Safari] 🔘 [Mobile] Clicking active visible button: .next-btn:visible, .next-btn2:visible, .btn-next:visible
[ppc-fs][Tablet - Safari] ✅ [Mobile] Clicked: .next-btn:visible, .next-btn2:visible, .btn-next:visible
[ppc-fs][Tablet - Safari] 💻 [Tablet] Injecting high-fidelity glossy iPad Pro mockup frame...
[ppc-fs][Tablet - Safari] 🔘 [Mobile] Step 3: Filling Contact Info (Dynamic Loop)...
[ppc-fs][Tablet - Safari] 💻 [Tablet] Injecting high-fidelity glossy iPad Pro mockup frame...
[ppc-fs][Tablet - Safari] ✅ [Mobile] Filled First Name: ckmtestpixel
[ppc-fs][Tablet - Safari] ✅ [Mobile] Filled Last Name: ckmtestpixel
[ppc-fs][Tablet - Safari] ✅ [Mobile] Filled Email: ckmtestpixel@gmail.com
[ppc-fs][Tablet - Safari] ✅ [Mobile] Filled Phone: 401-247-1031
[ppc-fs][Tablet - Safari] 🔘 [Mobile] Clicking active contact NEXT/SUBMIT button...
[ppc-fs][Tablet - Safari] 💻 [Tablet] Injecting high-fidelity glossy iPad Pro mockup frame...
[ppc-fs][Tablet - Safari] ✅ [Mobile] Filled Phone: 401-247-1031
[ppc-fs][Tablet - Safari] 🔘 [Mobile] No active contact NEXT/SUBMIT button visible. Exiting loop.
🔘 [Mobile] Scanning for additional dynamic steps...
[ppc-fs][Tablet - Safari] 🔘 [Mobile] Submitting form
[ppc-fs][Tablet - Safari] ⏳ [Mobile] Waiting for submission navigation to complete
[ppc-fs][Tablet - Safari] [STDERR] ⚠️ [Mobile] Standard submit buttons not found, consulting FLM Agent...
[ppc-fs][Tablet - Safari] 🤖 [FLM Agent] Analyzing Submit button for global...
[ppc-fs][Tablet - Safari] ⏳ [Mobile] Waiting for final Thank You page redirection...
[ppc-fs][Tablet - Safari] ✅ [Mobile] Targeted final redirect URL achieved!
✅ [Mobile] Final Thank You URL: https://tra.com/thank-you?debt=10000&leadid=0C25947F&reqid=26782800&affid=659&oid=133
✅ [Mobile] Extracted Lead ID: 0C25947F
📱 Device Type detected: Tablet - Safari
✅ Lead captured: 0C25947F
📡 Fetching First API data for Lead ID: 0C25947F...
[ppc-fs][Tablet - Safari] 📡 Raw XML Response: {
  "lead_info_response": {
    "$": {
      "xmlns:xsd": "http://www.w3.org/2001/XMLSchema",
      "xmlns:xsi": "http://www.w3.org/2001/XMLSchema-instance",
      "xmlns": "http://cakemarketing.com/api/1/"
    },
    "success": "true",
    "row_count": "1",
    "lead_id": "0C25947F",
    "personal_info": {
      "first_name": "CKMTESTPIXEL",
      "last_name": "CKMTESTPIXEL",
      "email_address": "ckmtestpixel@gmail.com",
      "address": {
        "street": "",
        "city": "",
        "state": "NM",
        "zip_code": "87828",
        "country": ""
      },
      "ip_address": "27.54.170.27",
      "phone_work": "",
      "phone_home": "401-247-1031",
      "phone_cell": "",
      "best_call_time": "",
      "opt_in": "false"
    },
    "traffic_info": {
      "lead_date": "2026-05-14T22:28:17.943",
      "payout": {
        "currency_id": "1",
        "amount": "0.0000",
        "formatted_amount": "$0.00"
      },
      "affiliate": {
        "affiliate_id": {
          "_": "659",
          "$": {
            "xmlns": "API:id_name_store"
          }
        },
        "affiliate_name": {
          "_": "QA affiliate",
          "$": {
            "xmlns": "API:id_name_store"
          }
        }
      },
      "campaign": {
        "campaign_id": {
          "_": "4473",
          "$": {
            "xmlns": "API:id_name_store"
          }
        },
        "campaign_name": {
          "_": "TRA.com CPL - PPC FS - CPA - $1.00",
          "$": {
            "xmlns": "API:id_name_store"
          }
        }
      },
      "creative_id": "2210",
      "subid_1": "",
      "subid_2": "",
      "subid_3": "",
      "subid_4": "",
      "subid_5": "",
      "referrer": "",
      "pixel_fired": "true",
      "returned_to_affiliate": "false",
      "test": "true",
      "upsell": "false"
    },
    "all_vertical_data": {
      "data": {
        "$": {
          "xmlns": ""
        },
        "tax_debt": "10000",
        "universal_leadid": "91C84CB6-0C3C-4EB1-8BA2-B15756D07B0C",
        "affid": "659",
        "TCPA_checkbox": "1",
        "reqid": "26782800",
        "page": "https://tra.com/ppc/fs",
        "neustar": "fail",
        "neustar_disposition": "N,U,I4,L,0",
        "first_name_lower": "ckmtestpixel",
        "last_name_lower": "ckmtestpixel",
        "opt_special_offers": "on"
      }
    },
    "dispositions": {
      "disposition": {
        "disposition_type": "Sent to Review Queue",
        "reason": "neustar: This value is not valid",
        "filter": "Equals Value"
      }
    },
    "pings": "",
    "posts": "",
    "sales": ""
  }
}
[ppc-fs][Tablet - Safari] ✅ First API Data retrieved on attempt 1
[ppc-fs][Tablet - Safari] 📡 Fetching Second API data for Lead ID: 0C25947F...
[ppc-fs][Tablet - Safari] 📡 Standard Second API Payload: cake_id=0C25947F, domain_name=https://www.taxreliefadvocates.com
[ppc-fs][Tablet - Safari] [STDERR] (node:10080) Warning: Setting the NODE_TLS_REJECT_UNAUTHORIZED environment variable to '0' makes TLS connections and HTTPS requests insecure by disabling certificate verification.
(Use `node --trace-warnings ...` to show where the warning was created)
[ppc-fs][Tablet - Safari] [STDERR] ❌ Second API Attempt 1 failed: Request failed with status code 404
[ppc-fs][Tablet - Safari] ⏳ Retrying in 1 second to allow database synchronization...
[ppc-fs][Tablet - Safari] 📡 Standard Second API Payload: cake_id=0C25947F, domain_name=https://www.taxreliefadvocates.com
[ppc-fs][Tablet - Safari] [STDERR] ❌ Second API Attempt 2 failed: Request failed with status code 404
[ppc-fs][Tablet - Safari] ⏳ Retrying in 1 second to allow database synchronization...
[ppc-fs][Tablet - Safari] 📡 Standard Second API Payload: cake_id=0C25947F, domain_name=https://www.taxreliefadvocates.com
[ppc-fs][Tablet - Safari] [STDERR] ❌ Second API Attempt 3 failed: Request failed with status code 404
[ppc-fs][Tablet - Safari] ⏳ Retrying in 1 second to allow database synchronization...
[ppc-fs][Tablet - Safari] 📡 Standard Second API Payload: cake_id=0C25947F, domain_name=https://www.taxreliefadvocates.com
[ppc-fs][Tablet - Safari] [STDERR] ❌ Second API Attempt 4 failed: Request failed with status code 404
[ppc-fs][Tablet - Safari] ⏳ Retrying in 1 second to allow database synchronization...
[ppc-fs][Tablet - Safari] 📡 Standard Second API Payload: cake_id=0C25947F, domain_name=https://www.taxreliefadvocates.com
[ppc-fs][Tablet - Safari] [STDERR] ❌ Second API Attempt 5 failed: Request failed with status code 404
[ppc-fs][Tablet - Safari] 📡 [Rest-Assurance] Verifying Lead ID: 0C25947F via Backend...
[ppc-fs][Tablet - Safari] 🛡️  [Rest-Assurance] VERIFIED (Backend Debt: 10000)
[ppc-fs][Tablet - Safari] ✅ Row appended successfully to sheet: PPC FS
[ppc-fs][Tablet - Safari] ⚠️  Non-fatal formatting error for PPC FS (Banding might already exist): Invalid requests[2].addBanding: You cannot add alternating background colors to a range that already has alternating background colors.
[ppc-fs][Tablet - Safari] ✅ Lead processed successfully for PPC FS Tablet
[ppc-fs][Tablet - Safari] 🎥 Video saved successfully: traces/videos/PPC FS_PPC_FS_Tablet.webm
[ppc-fs][Tablet - Safari] 
✅ Execution successfully processed! { success: true, leadId: '0C25947F', brand: 'PPC FS Tablet' }
[ppc-fs][Tablet - Safari] [STDERR] ❌ Automation Run encountered a fatal exception: tracing.stop: Target page, context or browser has been closed
✅ [15/5/2026, 10:59:12 am] COMPLETED: ppc-fs [Tablet - Safari][WEBKIT]

================================================================
🚀 [15/5/2026, 10:59:12 am] RUNNING: PPC FS [TABLET - CHROME]
🔗 Target URL: https://flmtra.com/?a=659&oc=841&c=2210&s1=
================================================================
[ppc-fs][Tablet - Chrome] 🔌 [Browser Interceptor] Intercepting and optimizing engine: CHROMIUM
[ppc-fs][Tablet - Chrome] ◇ injected env (0) from .env // tip: ◈ encrypted .env [www.dotenvx.com]
[ppc-fs][Tablet - Chrome] ◇ injected env (0) from .env // tip: ⌘ multiple files { path: ['.env.local', '.env'] }
[ppc-fs][Tablet - Chrome] ◇ injected env (0) from .env // tip: ⌘ suppress logs { quiet: true }
[ppc-fs][Tablet - Chrome] ◇ injected env (0) from .env // tip: ⌘ override existing { override: true }
[ppc-fs][Tablet - Chrome] ◇ injected env (0) from .env // tip: ⌘ override existing { override: true }
[ppc-fs][Tablet - Chrome] 
🤖 ================================================================
[ppc-fs][Tablet - Chrome] 🤖 MASTER RUNNER: LAUNCHING PPC FS
[ppc-fs][Tablet - Chrome] 🤖 Mode:            TABLET
[ppc-fs][Tablet - Chrome] 🤖 Tracking URL:     https://flmtra.com/?a=659&oc=841&c=2210&s1=
🤖 Target Sheet:    PPC FS
[ppc-fs][Tablet - Chrome] 🤖 ================================================================
[ppc-fs][Tablet - Chrome] 🔌 [Browser Interceptor] Intercepting and optimizing engine: CHROMIUM
[ppc-fs][Tablet - Chrome] 📋 Emulated Device Profile: TABLET (iPad Pro 11) - [Tablet - Chrome]
[ppc-fs][Tablet - Chrome] ⏳ Delaying 200ms to allow responsive layouts to mount...
[ppc-fs][Tablet - Chrome] 🔄 Processing lead for brand: PPC FS Tablet
[ppc-fs][Tablet - Chrome] 📊 Campaign execution run index: 34
[ppc-fs][Tablet - Chrome] 🎯 Enforcing dynamic credentials & parameters:
[ppc-fs][Tablet - Chrome]    - First Name:   ckmtestpixel
   - Last Name:    ckmtestpixel
   - Email:        ckmtestpixel@gmail.com
   - Phone Number: 401-247-1034
   - Slider Value: 1,23,594
   - State Value:  Ohio
[ppc-fs][Tablet - Chrome] 🔗 [Mobile] Navigating to: https://flmtra.com/?a=659&oc=841&c=2210&s1=
[ppc-fs][Tablet - Chrome] ✅ [Mobile] Page loaded successfully
[ppc-fs][Tablet - Chrome] 💻 [Tablet] Injecting high-fidelity glossy iPad Pro mockup frame...
[ppc-fs][Tablet - Chrome] 💻 [Tablet] Injecting high-fidelity glossy iPad Pro mockup frame...
[ppc-fs][Tablet - Chrome] 📝 [Mobile] Starting mobile-specific form filling...
[ppc-fs][Tablet - Chrome] 🔘 [Mobile] Step 1: Selecting Debt Amount (1,23,594)
[ppc-fs][Tablet - Chrome] 🔘 [Mobile] Clicking active visible button: .next-btn1:visible, .btn-next:visible
[ppc-fs][Tablet - Chrome] ✅ [Mobile] Clicked: .next-btn1:visible, .btn-next:visible
[ppc-fs][Tablet - Chrome] 💻 [Tablet] Injecting high-fidelity glossy iPad Pro mockup frame...
[ppc-fs][Tablet - Chrome] ✅ [Mobile] Reached a recognized terminal step (State or Contact). Stopping dynamic traversal.
[ppc-fs][Tablet - Chrome] 🔘 [Mobile] Step 2: Selecting State
[ppc-fs][Tablet - Chrome] ✅ [Mobile] Selected state dynamically: "North Dakota"
[ppc-fs][Tablet - Chrome] 📝 [Mobile] step3 column set to State: "North Dakota"
[ppc-fs][Tablet - Chrome] 🔘 [Mobile] Clicking active visible button: .next-btn:visible, .next-btn2:visible, .btn-next:visible
[ppc-fs][Tablet - Chrome] ✅ [Mobile] Clicked: .next-btn:visible, .next-btn2:visible, .btn-next:visible
[ppc-fs][Tablet - Chrome] 💻 [Tablet] Injecting high-fidelity glossy iPad Pro mockup frame...
[ppc-fs][Tablet - Chrome] 🔘 [Mobile] Step 3: Filling Contact Info (Dynamic Loop)...
[ppc-fs][Tablet - Chrome] 💻 [Tablet] Injecting high-fidelity glossy iPad Pro mockup frame...
[ppc-fs][Tablet - Chrome] ✅ [Mobile] Filled First Name: ckmtestpixel
[ppc-fs][Tablet - Chrome] ✅ [Mobile] Filled Last Name: ckmtestpixel
[ppc-fs][Tablet - Chrome] ✅ [Mobile] Filled Email: ckmtestpixel@gmail.com
[ppc-fs][Tablet - Chrome] ✅ [Mobile] Filled Phone: 401-247-1034
[ppc-fs][Tablet - Chrome] 🔘 [Mobile] Clicking active contact NEXT/SUBMIT button...
[ppc-fs][Tablet - Chrome] 💻 [Tablet] Injecting high-fidelity glossy iPad Pro mockup frame...
[ppc-fs][Tablet - Chrome] ✅ [Mobile] Filled Phone: 401-247-1034
[ppc-fs][Tablet - Chrome] 🔘 [Mobile] Clicking active contact NEXT/SUBMIT button...
[ppc-fs][Tablet - Chrome] 💻 [Tablet] Injecting high-fidelity glossy iPad Pro mockup frame...
[ppc-fs][Tablet - Chrome] 🔘 [Mobile] No active contact NEXT/SUBMIT button visible. Exiting loop.
🔘 [Mobile] Scanning for additional dynamic steps...
[ppc-fs][Tablet - Chrome] 🔘 [Mobile] Submitting form
[ppc-fs][Tablet - Chrome] ⏳ [Mobile] Waiting for submission navigation to complete
[ppc-fs][Tablet - Chrome] [STDERR] ⚠️ [Mobile] Standard submit buttons not found, consulting FLM Agent...
[ppc-fs][Tablet - Chrome] 🤖 [FLM Agent] Analyzing Submit button for global...
[ppc-fs][Tablet - Chrome] ⏳ [Mobile] Waiting for final Thank You page redirection...
[ppc-fs][Tablet - Chrome] ✅ [Mobile] Targeted final redirect URL achieved!
[ppc-fs][Tablet - Chrome] ✅ [Mobile] Final Thank You URL: https://tra.com/thank-you?debt=10000&leadid=EDED019E&reqid=26782806&affid=659&oid=133
[ppc-fs][Tablet - Chrome] ✅ [Mobile] Extracted Lead ID: EDED019E
[ppc-fs][Tablet - Chrome] 📱 Device Type detected: Tablet - Chrome
✅ Lead captured: EDED019E
[ppc-fs][Tablet - Chrome] 📡 Fetching First API data for Lead ID: EDED019E...
[ppc-fs][Tablet - Chrome] 📡 Raw XML Response: {
  "lead_info_response": {
    "$": {
      "xmlns:xsd": "http://www.w3.org/2001/XMLSchema",
      "xmlns:xsi": "http://www.w3.org/2001/XMLSchema-instance",
      "xmlns": "http://cakemarketing.com/api/1/"
    },
    "success": "true",
    "row_count": "1",
    "lead_id": "EDED019E",
    "personal_info": {
      "first_name": "CKMTESTPIXEL",
      "last_name": "CKMTESTPIXEL",
      "email_address": "ckmtestpixel@gmail.com",
      "address": {
        "street": "",
        "city": "",
        "state": "ND",
        "zip_code": "58853",
        "country": ""
      },
      "ip_address": "27.54.170.27",
      "phone_work": "",
      "phone_home": "401-247-1034",
      "phone_cell": "",
      "best_call_time": "",
      "opt_in": "false"
    },
    "traffic_info": {
      "lead_date": "2026-05-14T22:30:08.33",
      "payout": {
        "currency_id": "1",
        "amount": "0.0000",
        "formatted_amount": "$0.00"
      },
      "affiliate": {
        "affiliate_id": {
          "_": "659",
          "$": {
            "xmlns": "API:id_name_store"
          }
        },
        "affiliate_name": {
          "_": "QA affiliate",
          "$": {
            "xmlns": "API:id_name_store"
          }
        }
      },
      "campaign": {
        "campaign_id": {
          "_": "4473",
          "$": {
            "xmlns": "API:id_name_store"
          }
        },
        "campaign_name": {
          "_": "TRA.com CPL - PPC FS - CPA - $1.00",
          "$": {
            "xmlns": "API:id_name_store"
          }
        }
      },
      "creative_id": "2210",
      "subid_1": "",
      "subid_2": "",
      "subid_3": "",
      "subid_4": "",
      "subid_5": "",
      "referrer": "",
      "pixel_fired": "true",
      "returned_to_affiliate": "false",
      "test": "true",
      "upsell": "false"
    },
    "all_vertical_data": {
      "data": {
        "$": {
          "xmlns": ""
        },
        "tax_debt": "10000",
        "universal_leadid": "5BB6E435-9B74-3A08-ACBE-2F2C7887B3F8",
        "affid": "659",
        "TCPA_checkbox": "1",
        "reqid": "26782806",
        "page": "https://tra.com/ppc/fs",
        "neustar": "pass",
        "neustar_disposition": "N,U,A4,L,0",
        "first_name_lower": "ckmtestpixel",
        "last_name_lower": "ckmtestpixel",
        "opt_special_offers": "on"
      }
    },
    "dispositions": "",
    "pings": "",
    "posts": "",
    "sales": ""
  }
}
[ppc-fs][Tablet - Chrome] ✅ First API Data retrieved on attempt 1
[ppc-fs][Tablet - Chrome] 📡 Fetching Second API data for Lead ID: EDED019E...
[ppc-fs][Tablet - Chrome] 📡 Standard Second API Payload: cake_id=EDED019E, domain_name=https://www.taxreliefadvocates.com
[ppc-fs][Tablet - Chrome] [STDERR] (node:21936) Warning: Setting the NODE_TLS_REJECT_UNAUTHORIZED environment variable to '0' makes TLS connections and HTTPS requests insecure by disabling certificate verification.
(Use `node --trace-warnings ...` to show where the warning was created)
[ppc-fs][Tablet - Chrome] [STDERR] ❌ Second API Attempt 1 failed: Request failed with status code 404
[ppc-fs][Tablet - Chrome] ⏳ Retrying in 1 second to allow database synchronization...
[ppc-fs][Tablet - Chrome] 📡 Standard Second API Payload: cake_id=EDED019E, domain_name=https://www.taxreliefadvocates.com
[ppc-fs][Tablet - Chrome] [STDERR] ❌ Second API Attempt 2 failed: Request failed with status code 404
[ppc-fs][Tablet - Chrome] ⏳ Retrying in 1 second to allow database synchronization...
[ppc-fs][Tablet - Chrome] 📡 Standard Second API Payload: cake_id=EDED019E, domain_name=https://www.taxreliefadvocates.com
[ppc-fs][Tablet - Chrome] [STDERR] ❌ Second API Attempt 3 failed: Request failed with status code 404
[ppc-fs][Tablet - Chrome] ⏳ Retrying in 1 second to allow database synchronization...
[ppc-fs][Tablet - Chrome] 📡 Standard Second API Payload: cake_id=EDED019E, domain_name=https://www.taxreliefadvocates.com
[ppc-fs][Tablet - Chrome] [STDERR] ❌ Second API Attempt 4 failed: Request failed with status code 404
[ppc-fs][Tablet - Chrome] ⏳ Retrying in 1 second to allow database synchronization...
[ppc-fs][Tablet - Chrome] 📡 Standard Second API Payload: cake_id=EDED019E, domain_name=https://www.taxreliefadvocates.com
[ppc-fs][Tablet - Chrome] [STDERR] ❌ Second API Attempt 5 failed: Request failed with status code 404
[ppc-fs][Tablet - Chrome] 📡 [Rest-Assurance] Verifying Lead ID: EDED019E via Backend...
[ppc-fs][Tablet - Chrome] 🛡️  [Rest-Assurance] VERIFIED (Backend Debt: 10000)
[ppc-fs][Tablet - Chrome] ✅ Row appended successfully to sheet: PPC FS
[ppc-fs][Tablet - Chrome] ⚠️  Non-fatal formatting error for PPC FS (Banding might already exist): Invalid requests[2].addBanding: You cannot add alternating background colors to a range that already has alternating background colors.
✅ Lead processed successfully for PPC FS Tablet
[ppc-fs][Tablet - Chrome] 🎥 Video saved successfully: traces/videos/PPC FS_PPC_FS_Tablet.webm
[ppc-fs][Tablet - Chrome] 
✅ Execution successfully processed! { success: true, leadId: 'EDED019E', brand: 'PPC FS Tablet' }
[ppc-fs][Tablet - Chrome] [STDERR] ❌ Automation Run encountered a fatal exception: tracing.stop: Target page, context or browser has been closed
✅ [15/5/2026, 11:00:59 am] COMPLETED: ppc-fs [Tablet - Chrome][CHROMIUM]

================================================================
🚀 [15/5/2026, 11:00:59 am] RUNNING: PPC FS [WINDOWS - CHROME]
🔗 Target URL: https://flmtra.com/?a=659&oc=841&c=2210&s1=
================================================================
[ppc-fs][Windows - Chrome] 🔌 [Browser Interceptor] Intercepting and optimizing engine: CHROMIUM
[ppc-fs][Windows - Chrome] ◇ injected env (0) from .env // tip: ⌘ multiple files { path: ['.env.local', '.env'] }
[ppc-fs][Windows - Chrome] ◇ injected env (0) from .env // tip: ◈ secrets for agents [www.dotenvx.com]
[ppc-fs][Windows - Chrome] ◇ injected env (0) from .env // tip: ⌘ override existing { override: true }
[ppc-fs][Windows - Chrome] ◇ injected env (0) from .env // tip: ⌘ enable debugging { debug: true }
[ppc-fs][Windows - Chrome] ◇ injected env (0) from .env // tip: ⌘ override existing { override: true }
[ppc-fs][Windows - Chrome] 
🤖 ================================================================
[ppc-fs][Windows - Chrome] 🤖 MASTER RUNNER: LAUNCHING PPC FS
🤖 Mode:            DESKTOP
[ppc-fs][Windows - Chrome] 🤖 Tracking URL:     https://flmtra.com/?a=659&oc=841&c=2210&s1=
[ppc-fs][Windows - Chrome] 🤖 Target Sheet:    PPC FS
🤖 ================================================================
[ppc-fs][Windows - Chrome] 🔌 [Browser Interceptor] Intercepting and optimizing engine: CHROMIUM
[ppc-fs][Windows - Chrome] 💻 Emulated Device Profile: DESKTOP - [Windows - Chrome]
[ppc-fs][Windows - Chrome] 🔄 Processing lead for brand: PPC FS
[ppc-fs][Windows - Chrome] 📊 Campaign execution run index: 37
[ppc-fs][Windows - Chrome] 🎯 Enforcing dynamic credentials & parameters:
   - First Name:   ckmtestpixel
   - Last Name:    ckmtestpixel
   - Email:        ckmtestpixel@gmail.com
   - Phone Number: 401-247-1037
   - Slider Value: 9,286
   - State Value:  Pennsylvania
[ppc-fs][Windows - Chrome] 🔗 Navigating to: https://flmtra.com/?a=659&oc=841&c=2210&s1=
[ppc-fs][Windows - Chrome] ✅ Page loaded successfully
[ppc-fs][Windows - Chrome] 📝 Starting multi-step form filling process...
[ppc-fs][Windows - Chrome] 🔘 Step 1: Handling Debt Amount (9,286)
[ppc-fs][Windows - Chrome] 🔘 Attempting to click .next-btn1, .btn-next
[ppc-fs][Windows - Chrome] ✅ Clicked .next-btn1, .btn-next
[ppc-fs][Windows - Chrome] ✅ Reached a recognized terminal step (State or Contact). Stopping dynamic traversal.
[ppc-fs][Windows - Chrome] 🔘 Step: Selecting State
[ppc-fs][Windows - Chrome] ✅ Selected state dynamically: "Oregon"
📝 step3 column set to State: "Oregon"
[ppc-fs][Windows - Chrome] 🔘 Clicking generic NEXT button
[ppc-fs][Windows - Chrome] ✅ Clicked generic NEXT button
[ppc-fs][Windows - Chrome] 🔘 Filling Contact Info (Dynamic Loop)...
[ppc-fs][Windows - Chrome] ✅ Filled First Name: ckmtestpixel
[ppc-fs][Windows - Chrome] ✅ Filled Last Name: ckmtestpixel
[ppc-fs][Windows - Chrome] ✅ Filled Email: ckmtestpixel@gmail.com
[ppc-fs][Windows - Chrome] ✅ Filled Phone: 401-247-1037
[ppc-fs][Windows - Chrome] 🔘 Clicking active contact NEXT/SUBMIT button...
[ppc-fs][Windows - Chrome] [STDERR] ❌ Error during form filling: locator.click: Timeout 25000ms exceeded.
Call log:
[2m  - waiting for locator('#primary_phone:visible, #phone:visible, #phone_home:visible, input[name="phone"]:visible, input[name="phone_home"]:visible, input[name="primary_phone"]:visible, input[type="tel"]:visible').first()[22m
[2m    - locator resolved to <input type="tel" id="primary_phone" placeholder="Phone" name="primary_phone" aria-invalid="false" class="form-control valid" data-gtm-form-interact-field-id="4"/>[22m
[2m  - attempting click action[22m
[2m    2 × waiting for element to be visible, enabled and stable[22m
[2m      - element is visible, enabled and stable[22m
[2m      - scrolling into view if needed[22m
[2m      - done scrolling[22m
[2m      - <div class="loader">Loading…</div> intercepts pointer events[22m
[2m    - retrying click action[22m
[2m    - waiting 20ms[22m
[2m    2 × waiting for element to be visible, enabled and stable[22m
[2m      - element is visible, enabled and stable[22m
[2m      - scrolling into view if needed[22m
[2m      - done scrolling[22m
[2m      - <div class="loader">Loading…</div> intercepts pointer events[22m
[2m    - retrying click action[22m
[2m      - waiting 100ms[22m
[2m    - waiting for element to be visible, enabled and stable[22m
[2m    - element is visible, enabled and stable[22m
[2m    - scrolling into view if needed[22m
[2m    - done scrolling[22m
[2m    - <div class="loader">Loading…</div> intercepts pointer events[22m
[2m  - retrying click action[22m
[2m    - waiting 500ms[22m
[2m    - waiting for" https://tra.com/thank-you?debt=10000&leadid=F3BFBF25&reqid=26782811&affid=659&oid=133" navigation to finish...[22m
[2m    - navigated to "https://tra.com/thank-you?debt=10000&leadid=F3BFBF25&reqid=26782811&affid=659&oid=133"[22m
[2m    - waiting for element to be visible, enabled and stable[22m
[2m  - element was detached from the DOM, retrying[22m

[ppc-fs][Windows - Chrome] [STDERR] ❌ Failed processing PPC FS: locator.click: Timeout 25000ms exceeded.
Call log:
[2m  - waiting for locator('#primary_phone:visible, #phone:visible, #phone_home:visible, input[name="phone"]:visible, input[name="phone_home"]:visible, input[name="primary_phone"]:visible, input[type="tel"]:visible').first()[22m
[2m    - locator resolved to <input type="tel" id="primary_phone" placeholder="Phone" name="primary_phone" aria-invalid="false" class="form-control valid" data-gtm-form-interact-field-id="4"/>[22m
[2m  - attempting click action[22m
[2m    2 × waiting for element to be visible, enabled and stable[22m
[2m      - element is visible, enabled and stable[22m
[2m      - scrolling into view if needed[22m
[2m      - done scrolling[22m
[2m      - <div class="loader">Loading…</div> intercepts pointer events[22m
[2m    - retrying click action[22m
[2m    - waiting 20ms[22m
[2m    2 × waiting for element to be visible, enabled and stable[22m
[2m      - element is visible, enabled and stable[22m
[2m      - scrolling into view if needed[22m
[2m      - done scrolling[22m
[2m      - <div class="loader">Loading…</div> intercepts pointer events[22m
[2m    - retrying click action[22m
[2m      - waiting 100ms[22m
[2m    - waiting for element to be visible, enabled and stable[22m
[2m    - element is visible, enabled and stable[22m
[2m    - scrolling into view if needed[22m
[2m    - done scrolling[22m
[2m    - <div class="loader">Loading…</div> intercepts pointer events[22m
[2m  - retrying click action[22m
[2m    - waiting 500ms[22m
[2m    - waiting for" https://tra.com/thank-you?debt=10000&leadid=F3BFBF25&reqid=26782811&affid=659&oid=133" navigation to finish...[22m
[2m    - navigated to "https://tra.com/thank-you?debt=10000&leadid=F3BFBF25&reqid=26782811&affid=659&oid=133"[22m
[2m    - waiting for element to be visible, enabled and stable[22m
[2m  - element was detached from the DOM, retrying[22m

[ppc-fs][Windows - Chrome] 
✅ Execution successfully processed! {
  success: false,
  error: 'locator.click: Timeout 25000ms exceeded.\n' +
    'Call log:\n' +
    `\x1B[2m  - waiting for locator('#primary_phone:visible, #phone:visible, #phone_home:visible, input[name="phone"]:visible, input[name="phone_home"]:visible, input[name="primary_phone"]:visible, input[type="tel"]:visible').first()\x1B[22m\n` +
    '\x1B[2m    - locator resolved to <input type="tel" id="primary_phone" placeholder="Phone" name="primary_phone" aria-invalid="false" class="form-control valid" data-gtm-form-interact-field-id="4"/>\x1B[22m\n' +
    '\x1B[2m  - attempting click action\x1B[22m\n' +
    '\x1B[2m    2 × waiting for element to be visible, enabled and stable\x1B[22m\n' +
    '\x1B[2m      - element is visible, enabled and stable\x1B[22m\n' +
    '\x1B[2m      - scrolling into view if needed\x1B[22m\n' +
    '\x1B[2m      - done scrolling\x1B[22m\n' +
    '\x1B[2m      - <div class="loader">Loading…</div> intercepts pointer events\x1B[22m\n' +
    '\x1B[2m    - retrying click action\x1B[22m\n' +
    '\x1B[2m    - waiting 20ms\x1B[22m\n' +
    '\x1B[2m    2 × waiting for element to be visible, enabled and stable\x1B[22m\n' +
    '\x1B[2m      - element is visible, enabled and stable\x1B[22m\n' +
    '\x1B[2m      - scrolling into view if needed\x1B[22m\n' +
    '\x1B[2m      - done scrolling\x1B[22m\n' +
    '\x1B[2m      - <div class="loader">Loading…</div> intercepts pointer events\x1B[22m\n' +
    '\x1B[2m    - retrying click action\x1B[22m\n' +
    '\x1B[2m      - waiting 100ms\x1B[22m\n' +
    '\x1B[2m    - waiting for element to be visible, enabled and stable\x1B[22m\n' +
    '\x1B[2m    - element is visible, enabled and stable\x1B[22m\n' +
    '\x1B[2m    - scrolling into view if needed\x1B[22m\n' +
    '\x1B[2m    - done scrolling\x1B[22m\n' +
    '\x1B[2m    - <div class="loader">Loading…</div> intercepts pointer events\x1B[22m\n' +
    '\x1B[2m  - retrying click action\x1B[22m\n' +
    '\x1B[2m    - waiting 500ms\x1B[22m\n' +
    '\x1B[2m    - waiting for" https://tra.com/thank-you?debt=10000&leadid=F3BFBF25&reqid=26782811&affid=659&oid=133" navigation to finish...\x1B[22m\n' +
    '\x1B[2m    - navigated to "https://tra.com/thank-you?debt=10000&leadid=F3BFBF25&reqid=26782811&affid=659&oid=133"\x1B[22m\n' +
    '\x1B[2m    - waiting for element to be visible, enabled and stable\x1B[22m\n' +
    '\x1B[2m  - element was detached from the DOM, retrying\x1B[22m\n',
  brand: 'PPC FS'
}
[ppc-fs][Windows - Chrome] 📋 Trace report successfully saved: traces/ppc-fs_desktop.zip
✅ [15/5/2026, 11:02:04 am] COMPLETED: ppc-fs [Windows - Chrome][CHROMIUM]

================================================================
🚀 [15/5/2026, 11:02:04 am] RUNNING: PPC FS [WINDOWS - FIREFOX]
🔗 Target URL: https://flmtra.com/?a=659&oc=841&c=2210&s1=
================================================================
[ppc-fs][Windows - Firefox] 🔌 [Browser Interceptor] Intercepting and optimizing engine: FIREFOX
[ppc-fs][Windows - Firefox] ◇ injected env (0) from .env // tip: ⌘ suppress logs { quiet: true }
[ppc-fs][Windows - Firefox] ◇ injected env (0) from .env // tip: ⌁ auth for agents [www.vestauth.com]
[ppc-fs][Windows - Firefox] ◇ injected env (0) from .env // tip: ⌘ custom filepath { path: '/custom/path/.env' }
[ppc-fs][Windows - Firefox] ◇ injected env (0) from .env // tip: ⌘ multiple files { path: ['.env.local', '.env'] }
[ppc-fs][Windows - Firefox] ◇ injected env (0) from .env // tip: ⌘ multiple files { path: ['.env.local', '.env'] }
[ppc-fs][Windows - Firefox] 
🤖 ================================================================
🤖 MASTER RUNNER: LAUNCHING PPC FS
[ppc-fs][Windows - Firefox] 🤖 Mode:            DESKTOP
[ppc-fs][Windows - Firefox] 🤖 Tracking URL:     https://flmtra.com/?a=659&oc=841&c=2210&s1=
[ppc-fs][Windows - Firefox] 🤖 Target Sheet:    PPC FS
[ppc-fs][Windows - Firefox] 🤖 ================================================================
[ppc-fs][Windows - Firefox] 🔌 [Browser Interceptor] Intercepting and optimizing engine: FIREFOX
[ppc-fs][Windows - Firefox] 💻 Emulated Device Profile: DESKTOP - [Windows - Firefox]
[ppc-fs][Windows - Firefox] 🔌 [Browser Interceptor] Sanitizing mobile context options for Firefox emulation...
🔌 [Browser Interceptor] Sanitizing mobile context options for Firefox emulation...
[ppc-fs][Windows - Firefox] 🔄 Processing lead for brand: PPC FS
[ppc-fs][Windows - Firefox] 📊 Campaign execution run index: 39
[ppc-fs][Windows - Firefox] 🎯 Enforcing dynamic credentials & parameters:
   - First Name:   ckmtestpixel
   - Last Name:    ckmtestpixel
   - Email:        ckmtestpixel@gmail.com
[ppc-fs][Windows - Firefox]    - Phone Number: 401-247-1039
   - Slider Value: 30,524
   - State Value:  South Carolina
[ppc-fs][Windows - Firefox] 🔗 Navigating to: https://flmtra.com/?a=659&oc=841&c=2210&s1=
[ppc-fs][Windows - Firefox] ✅ Page loaded successfully
[ppc-fs][Windows - Firefox] 📝 Starting multi-step form filling process...
[ppc-fs][Windows - Firefox] 🔘 Step 1: Handling Debt Amount (30,524)
[ppc-fs][Windows - Firefox] 🔘 Attempting to click .next-btn1, .btn-next
[ppc-fs][Windows - Firefox] ⚠️ Standard click failed, using dispatchEvent...
[ppc-fs][Windows - Firefox] ✅ Clicked .next-btn1, .btn-next
[ppc-fs][Windows - Firefox] ✅ Reached a recognized terminal step (State or Contact). Stopping dynamic traversal.
[ppc-fs][Windows - Firefox] 🔘 Step: Selecting State
[ppc-fs][Windows - Firefox] ✅ Selected state dynamically: "Rhode Island"
📝 step3 column set to State: "Rhode Island"
[ppc-fs][Windows - Firefox] 🔘 Clicking generic NEXT button
[ppc-fs][Windows - Firefox] ✅ Clicked generic NEXT button
[ppc-fs][Windows - Firefox] 🔘 Filling Contact Info (Dynamic Loop)...
[ppc-fs][Windows - Firefox] [STDERR] ❌ Error during form filling: locator.click: Timeout 25000ms exceeded.
Call log:
[2m  - waiting for locator('#first_name:visible, input[name="first_name"]:visible, input[placeholder*="First Name" i]:visible').first()[22m
[2m    - locator resolved to <input type="text" name="first_name" placeholder="First Name" class="form-control error"/>[22m
[2m  - attempting click action[22m
[2m    - waiting for element to be visible, enabled and stable[22m

❌ Failed processing PPC FS: locator.click: Timeout 25000ms exceeded.
Call log:
[2m  - waiting for locator('#first_name:visible, input[name="first_name"]:visible, input[placeholder*="First Name" i]:visible').first()[22m
[2m    - locator resolved to <input type="text" name="first_name" placeholder="First Name" class="form-control error"/>[22m
[2m  - attempting click action[22m
[2m    - waiting for element to be visible, enabled and stable[22m

[ppc-fs][Windows - Firefox] 
✅ Execution successfully processed! {
  success: false,
  error: 'locator.click: Timeout 25000ms exceeded.\n' +
    'Call log:\n' +
    `\x1B[2m  - waiting for locator('#first_name:visible, input[name="first_name"]:visible, input[placeholder*="First Name" i]:visible').first()\x1B[22m\n` +
    '\x1B[2m    - locator resolved to <input type="text" name="first_name" placeholder="First Name" class="form-control error"/>\x1B[22m\n' +
    '\x1B[2m  - attempting click action\x1B[22m\n' +
    '\x1B[2m    - waiting for element to be visible, enabled and stable\x1B[22m\n',
  brand: 'PPC FS'
}
[ppc-fs][Windows - Firefox] 📋 Trace report successfully saved: traces/ppc-fs_desktop.zip
✅ [15/5/2026, 11:03:26 am] COMPLETED: ppc-fs [Windows - Firefox][FIREFOX]

================================================================
🚀 [15/5/2026, 11:03:26 am] RUNNING: PPC FS [MAC - SAFARI]
🔗 Target URL: https://flmtra.com/?a=659&oc=841&c=2210&s1=
================================================================
[ppc-fs][MAC - Safari] 🔌 [Browser Interceptor] Intercepting and optimizing engine: WEBKIT
[ppc-fs][MAC - Safari] ◇ injected env (0) from .env // tip: ⌘ custom filepath { path: '/custom/path/.env' }
[ppc-fs][MAC - Safari] ◇ injected env (0) from .env // tip: ◈ encrypted .env [www.dotenvx.com]
[ppc-fs][MAC - Safari] ◇ injected env (0) from .env // tip: ⌁ auth for agents [www.vestauth.com]
[ppc-fs][MAC - Safari] ◇ injected env (0) from .env // tip: ⌁ auth for agents [www.vestauth.com]
[ppc-fs][MAC - Safari] ◇ injected env (0) from .env // tip: ⌘ custom filepath { path: '/custom/path/.env' }
[ppc-fs][MAC - Safari] 
🤖 ================================================================
[ppc-fs][MAC - Safari] 🤖 MASTER RUNNER: LAUNCHING PPC FS
🤖 Mode:            DESKTOP
[ppc-fs][MAC - Safari] 🤖 Tracking URL:     https://flmtra.com/?a=659&oc=841&c=2210&s1=
[ppc-fs][MAC - Safari] 🤖 Target Sheet:    PPC FS
🤖 ================================================================
[ppc-fs][MAC - Safari] 🔌 [Browser Interceptor] Intercepting and optimizing engine: WEBKIT
[ppc-fs][MAC - Safari] 💻 Emulated Device Profile: DESKTOP - [MAC - Safari]
[ppc-fs][MAC - Safari] 🔄 Processing lead for brand: PPC FS
[ppc-fs][MAC - Safari] 📊 Campaign execution run index: 41
[ppc-fs][MAC - Safari] 🎯 Enforcing dynamic credentials & parameters:
   - First Name:   ckmtestpixel
   - Last Name:    ckmtestpixel
   - Email:        ckmtestpixel@gmail.com
   - Phone Number: 401-247-1041
   - Slider Value: 1,25,077
   - State Value:  Tennessee
[ppc-fs][MAC - Safari] 🔗 Navigating to: https://flmtra.com/?a=659&oc=841&c=2210&s1=
[ppc-fs][MAC - Safari] ✅ Page loaded successfully
[ppc-fs][MAC - Safari] 📝 Starting multi-step form filling process...
[ppc-fs][MAC - Safari] 🔘 Step 1: Handling Debt Amount (1,25,077)
[ppc-fs][MAC - Safari] 🔘 Attempting to click .next-btn1, .btn-next
[ppc-fs][MAC - Safari] ⚠️ Standard click failed, using dispatchEvent...
[ppc-fs][MAC - Safari] ✅ Clicked .next-btn1, .btn-next
[ppc-fs][MAC - Safari] ✅ Reached a recognized terminal step (State or Contact). Stopping dynamic traversal.
[ppc-fs][MAC - Safari] 🔘 Step: Selecting State
[ppc-fs][MAC - Safari] ✅ Selected state dynamically: "South Dakota"
[ppc-fs][MAC - Safari] 📝 step3 column set to State: "South Dakota"
[ppc-fs][MAC - Safari] 🔘 Clicking generic NEXT button
[ppc-fs][MAC - Safari] ✅ Clicked generic NEXT button
[ppc-fs][MAC - Safari] 🔘 Filling Contact Info (Dynamic Loop)...
[ppc-fs][MAC - Safari] [STDERR] ❌ Error during form filling: locator.click: Timeout 25000ms exceeded.
Call log:
[2m  - waiting for locator('#first_name:visible, input[name="first_name"]:visible, input[placeholder*="First Name" i]:visible').first()[22m
[2m    - locator resolved to <input type="text" name="first_name" placeholder="First Name" class="form-control error"/>[22m
[2m  - attempting click action[22m
[2m    2 × waiting for element to be visible, enabled and stable[22m
[2m      - element is visible, enabled and stable[22m
[2m      - scrolling into view if needed[22m
[2m      - done scrolling[22m
[2m      - element is outside of the viewport[22m
[2m    - retrying click action[22m
[2m    - waiting 20ms[22m
[2m    2 × waiting for element to be visible, enabled and stable[22m
[2m      - element is visible, enabled and stable[22m
[2m      - scrolling into view if needed[22m
[2m      - done scrolling[22m
[2m      - element is outside of the viewport[22m
[2m    - retrying click action[22m
[2m      - waiting 100ms[22m
[2m    22 × waiting for element to be visible, enabled and stable[22m
[2m       - element is visible, enabled and stable[22m
[2m       - scrolling into view if needed[22m
[2m       - done scrolling[22m
[2m       - element is outside of the viewport[22m
[2m     - retrying click action[22m
[2m       - waiting 500ms[22m
[2m    - waiting for element to be visible, enabled and stable[22m

[ppc-fs][MAC - Safari] [STDERR] ❌ Failed processing PPC FS: locator.click: Timeout 25000ms exceeded.
Call log:
[2m  - waiting for locator('#first_name:visible, input[name="first_name"]:visible, input[placeholder*="First Name" i]:visible').first()[22m
[2m    - locator resolved to <input type="text" name="first_name" placeholder="First Name" class="form-control error"/>[22m
[2m  - attempting click action[22m
[2m    2 × waiting for element to be visible, enabled and stable[22m
[2m      - element is visible, enabled and stable[22m
[2m      - scrolling into view if needed[22m
[2m      - done scrolling[22m
[2m      - element is outside of the viewport[22m
[2m    - retrying click action[22m
[2m    - waiting 20ms[22m
[2m    2 × waiting for element to be visible, enabled and stable[22m
[2m      - element is visible, enabled and stable[22m
[2m      - scrolling into view if needed[22m
[2m      - done scrolling[22m
[2m      - element is outside of the viewport[22m
[2m    - retrying click action[22m
[2m      - waiting 100ms[22m
[2m    22 × waiting for element to be visible, enabled and stable[22m
[2m       - element is visible, enabled and stable[22m
[2m       - scrolling into view if needed[22m
[2m       - done scrolling[22m
[2m       - element is outside of the viewport[22m
[2m     - retrying click action[22m
[2m       - waiting 500ms[22m
[2m    - waiting for element to be visible, enabled and stable[22m

[ppc-fs][MAC - Safari] 
✅ Execution successfully processed! {
  success: false,
  error: 'locator.click: Timeout 25000ms exceeded.\n' +
    'Call log:\n' +
    `\x1B[2m  - waiting for locator('#first_name:visible, input[name="first_name"]:visible, input[placeholder*="First Name" i]:visible').first()\x1B[22m\n` +
    '\x1B[2m    - locator resolved to <input type="text" name="first_name" placeholder="First Name" class="form-control error"/>\x1B[22m\n' +
    '\x1B[2m  - attempting click action\x1B[22m\n' +
    '\x1B[2m    2 × waiting for element to be visible, enabled and stable\x1B[22m\n' +
    '\x1B[2m      - element is visible, enabled and stable\x1B[22m\n' +
    '\x1B[2m      - scrolling into view if needed\x1B[22m\n' +
    '\x1B[2m      - done scrolling\x1B[22m\n' +
    '\x1B[2m      - element is outside of the viewport\x1B[22m\n' +
    '\x1B[2m    - retrying click action\x1B[22m\n' +
    '\x1B[2m    - waiting 20ms\x1B[22m\n' +
    '\x1B[2m    2 × waiting for element to be visible, enabled and stable\x1B[22m\n' +
    '\x1B[2m      - element is visible, enabled and stable\x1B[22m\n' +
    '\x1B[2m      - scrolling into view if needed\x1B[22m\n' +
    '\x1B[2m      - done scrolling\x1B[22m\n' +
    '\x1B[2m      - element is outside of the viewport\x1B[22m\n' +
    '\x1B[2m    - retrying click action\x1B[22m\n' +
    '\x1B[2m      - waiting 100ms\x1B[22m\n' +
    '\x1B[2m    22 × waiting for element to be visible, enabled and stable\x1B[22m\n' +
    '\x1B[2m       - element is visible, enabled and stable\x1B[22m\n' +
    '\x1B[2m       - scrolling into view if needed\x1B[22m\n' +
    '\x1B[2m       - done scrolling\x1B[22m\n' +
    '\x1B[2m       - element is outside of the viewport\x1B[22m\n' +
    '\x1B[2m     - retrying click action\x1B[22m\n' +
    '\x1B[2m       - waiting 500ms\x1B[22m\n' +
    '\x1B[2m    - waiting for element to be visible, enabled and stable\x1B[22m\n',
  brand: 'PPC FS'
}
[ppc-fs][MAC - Safari] 📋 Trace report successfully saved: traces/ppc-fs_desktop.zip
✅ [15/5/2026, 11:05:10 am] COMPLETED: ppc-fs [MAC - Safari][WEBKIT]

================================================================
🚀 [15/5/2026, 11:05:10 am] RUNNING: PPC FS [MAC - CHROME]
🔗 Target URL: https://flmtra.com/?a=659&oc=841&c=2210&s1=
================================================================
[ppc-fs][MAC - Chrome] 🔌 [Browser Interceptor] Intercepting and optimizing engine: CHROMIUM
[ppc-fs][MAC - Chrome] ◇ injected env (0) from .env // tip: ⌁ auth for agents [www.vestauth.com]
[ppc-fs][MAC - Chrome] ◇ injected env (0) from .env // tip: ⌁ auth for agents [www.vestauth.com]
[ppc-fs][MAC - Chrome] ◇ injected env (0) from .env // tip: ⌘ multiple files { path: ['.env.local', '.env'] }
[ppc-fs][MAC - Chrome] ◇ injected env (0) from .env // tip: ◈ encrypted .env [www.dotenvx.com]
[ppc-fs][MAC - Chrome] ◇ injected env (0) from .env // tip: ◈ secrets for agents [www.dotenvx.com]
[ppc-fs][MAC - Chrome] 
🤖 ================================================================
🤖 MASTER RUNNER: LAUNCHING PPC FS
[ppc-fs][MAC - Chrome] 🤖 Mode:            DESKTOP
🤖 Tracking URL:     https://flmtra.com/?a=659&oc=841&c=2210&s1=
🤖 Target Sheet:    PPC FS
🤖 ================================================================
[ppc-fs][MAC - Chrome] 🔌 [Browser Interceptor] Intercepting and optimizing engine: CHROMIUM
[ppc-fs][MAC - Chrome] 💻 Emulated Device Profile: DESKTOP - [MAC - Chrome]
[ppc-fs][MAC - Chrome] 🔄 Processing lead for brand: PPC FS
[ppc-fs][MAC - Chrome] 📊 Campaign execution run index: 44
[ppc-fs][MAC - Chrome] 🎯 Enforcing dynamic credentials & parameters:
   - First Name:   ckmtestpixel
   - Last Name:    ckmtestpixel
   - Email:        ckmtestpixel@gmail.com
   - Phone Number: 401-247-1044
   - Slider Value: 8,394
   - State Value:  Vermont
🔗 Navigating to: https://flmtra.com/?a=659&oc=841&c=2210&s1=
[ppc-fs][MAC - Chrome] ✅ Page loaded successfully
[ppc-fs][MAC - Chrome] 📝 Starting multi-step form filling process...
[ppc-fs][MAC - Chrome] 🔘 Step 1: Handling Debt Amount (8,394)
[ppc-fs][MAC - Chrome] 🔘 Attempting to click .next-btn1, .btn-next
[ppc-fs][MAC - Chrome] ✅ Clicked .next-btn1, .btn-next
[ppc-fs][MAC - Chrome] ✅ Reached a recognized terminal step (State or Contact). Stopping dynamic traversal.
[ppc-fs][MAC - Chrome] 🔘 Step: Selecting State
[ppc-fs][MAC - Chrome] ✅ Selected state dynamically: "Utah"
[ppc-fs][MAC - Chrome] 📝 step3 column set to State: "Utah"
[ppc-fs][MAC - Chrome] 🔘 Clicking generic NEXT button
[ppc-fs][MAC - Chrome] ✅ Clicked generic NEXT button
[ppc-fs][MAC - Chrome] 🔘 Filling Contact Info (Dynamic Loop)...
[ppc-fs][MAC - Chrome] ✅ Filled First Name: ckmtestpixel
[ppc-fs][MAC - Chrome] ✅ Filled Last Name: ckmtestpixel
[ppc-fs][MAC - Chrome] ✅ Filled Email: ckmtestpixel@gmail.com
[ppc-fs][MAC - Chrome] ✅ Filled Phone: 401-247-1044
[ppc-fs][MAC - Chrome] 🔘 Clicking active contact NEXT/SUBMIT button...
[ppc-fs][MAC - Chrome] [STDERR] ❌ Error during form filling: locator.click: Timeout 25000ms exceeded.
Call log:
[2m  - waiting for locator('#primary_phone:visible, #phone:visible, #phone_home:visible, input[name="phone"]:visible, input[name="phone_home"]:visible, input[name="primary_phone"]:visible, input[type="tel"]:visible').first()[22m
[2m    - locator resolved to <input type="tel" id="primary_phone" placeholder="Phone" name="primary_phone" aria-invalid="false" class="form-control valid" data-gtm-form-interact-field-id="4"/>[22m
[2m  - attempting click action[22m
[2m    2 × waiting for element to be visible, enabled and stable[22m
[2m      - element is visible, enabled and stable[22m
[2m      - scrolling into view if needed[22m
[2m      - done scrolling[22m
[2m      - <div class="loader">Loading…</div> intercepts pointer events[22m
[2m    - retrying click action[22m
[2m    - waiting 20ms[22m
[2m    2 × waiting for element to be visible, enabled and stable[22m
[2m      - element is visible, enabled and stable[22m
[2m      - scrolling into view if needed[22m
[2m      - done scrolling[22m
[2m      - <div class="loader">Loading…</div> intercepts pointer events[22m
[2m    - retrying click action[22m
[2m      - waiting 100ms[22m
[2m    - waiting for element to be visible, enabled and stable[22m
[2m    - element is visible, enabled and stable[22m
[2m    - scrolling into view if needed[22m
[2m    - done scrolling[22m
[2m    - <div class="loader">Loading…</div> intercepts pointer events[22m
[2m  - retrying click action[22m
[2m    - waiting 500ms[22m
[2m    - waiting for" https://tra.com/thank-you?debt=10000&leadid=366BC7D7&reqid=26782825&affid=659&oid=133" navigation to finish...[22m
[2m    - navigated to "https://tra.com/thank-you?debt=10000&leadid=366BC7D7&reqid=26782825&affid=659&oid=133"[22m
[2m    - waiting for element to be visible, enabled and stable[22m
[2m  - element was detached from the DOM, retrying[22m

[ppc-fs][MAC - Chrome] [STDERR] ❌ Failed processing PPC FS: locator.click: Timeout 25000ms exceeded.
Call log:
[2m  - waiting for locator('#primary_phone:visible, #phone:visible, #phone_home:visible, input[name="phone"]:visible, input[name="phone_home"]:visible, input[name="primary_phone"]:visible, input[type="tel"]:visible').first()[22m
[2m    - locator resolved to <input type="tel" id="primary_phone" placeholder="Phone" name="primary_phone" aria-invalid="false" class="form-control valid" data-gtm-form-interact-field-id="4"/>[22m
[2m  - attempting click action[22m
[2m    2 × waiting for element to be visible, enabled and stable[22m
[2m      - element is visible, enabled and stable[22m
[2m      - scrolling into view if needed[22m
[2m      - done scrolling[22m
[2m      - <div class="loader">Loading…</div> intercepts pointer events[22m
[2m    - retrying click action[22m
[2m    - waiting 20ms[22m
[2m    2 × waiting for element to be visible, enabled and stable[22m
[2m      - element is visible, enabled and stable[22m
[2m      - scrolling into view if needed[22m
[2m      - done scrolling[22m
[2m      - <div class="loader">Loading…</div> intercepts pointer events[22m
[2m    - retrying click action[22m
[2m      - waiting 100ms[22m
[2m    - waiting for element to be visible, enabled and stable[22m
[2m    - element is visible, enabled and stable[22m
[2m    - scrolling into view if needed[22m
[2m    - done scrolling[22m
[2m    - <div class="loader">Loading…</div> intercepts pointer events[22m
[2m  - retrying click action[22m
[2m    - waiting 500ms[22m
[2m    - waiting for" https://tra.com/thank-you?debt=10000&leadid=366BC7D7&reqid=26782825&affid=659&oid=133" navigation to finish...[22m
[2m    - navigated to "https://tra.com/thank-you?debt=10000&leadid=366BC7D7&reqid=26782825&affid=659&oid=133"[22m
[2m    - waiting for element to be visible, enabled and stable[22m
[2m  - element was detached from the DOM, retrying[22m

[ppc-fs][MAC - Chrome] 
✅ Execution successfully processed! {
  success: false,
  error: 'locator.click: Timeout 25000ms exceeded.\n' +
    'Call log:\n' +
    `\x1B[2m  - waiting for locator('#primary_phone:visible, #phone:visible, #phone_home:visible, input[name="phone"]:visible, input[name="phone_home"]:visible, input[name="primary_phone"]:visible, input[type="tel"]:visible').first()\x1B[22m\n` +
    '\x1B[2m    - locator resolved to <input type="tel" id="primary_phone" placeholder="Phone" name="primary_phone" aria-invalid="false" class="form-control valid" data-gtm-form-interact-field-id="4"/>\x1B[22m\n' +
    '\x1B[2m  - attempting click action\x1B[22m\n' +
    '\x1B[2m    2 × waiting for element to be visible, enabled and stable\x1B[22m\n' +
    '\x1B[2m      - element is visible, enabled and stable\x1B[22m\n' +
    '\x1B[2m      - scrolling into view if needed\x1B[22m\n' +
    '\x1B[2m      - done scrolling\x1B[22m\n' +
    '\x1B[2m      - <div class="loader">Loading…</div> intercepts pointer events\x1B[22m\n' +
    '\x1B[2m    - retrying click action\x1B[22m\n' +
    '\x1B[2m    - waiting 20ms\x1B[22m\n' +
    '\x1B[2m    2 × waiting for element to be visible, enabled and stable\x1B[22m\n' +
    '\x1B[2m      - element is visible, enabled and stable\x1B[22m\n' +
    '\x1B[2m      - scrolling into view if needed\x1B[22m\n' +
    '\x1B[2m      - done scrolling\x1B[22m\n' +
    '\x1B[2m      - <div class="loader">Loading…</div> intercepts pointer events\x1B[22m\n' +
    '\x1B[2m    - retrying click action\x1B[22m\n' +
    '\x1B[2m      - waiting 100ms\x1B[22m\n' +
    '\x1B[2m    - waiting for element to be visible, enabled and stable\x1B[22m\n' +
    '\x1B[2m    - element is visible, enabled and stable\x1B[22m\n' +
    '\x1B[2m    - scrolling into view if needed\x1B[22m\n' +
    '\x1B[2m    - done scrolling\x1B[22m\n' +
    '\x1B[2m    - <div class="loader">Loading…</div> intercepts pointer events\x1B[22m\n' +
    '\x1B[2m  - retrying click action\x1B[22m\n' +
    '\x1B[2m    - waiting 500ms\x1B[22m\n' +
    '\x1B[2m    - waiting for" https://tra.com/thank-you?debt=10000&leadid=366BC7D7&reqid=26782825&affid=659&oid=133" navigation to finish...\x1B[22m\n' +
    '\x1B[2m    - navigated to "https://tra.com/thank-you?debt=10000&leadid=366BC7D7&reqid=26782825&affid=659&oid=133"\x1B[22m\n' +
    '\x1B[2m    - waiting for element to be visible, enabled and stable\x1B[22m\n' +
    '\x1B[2m  - element was detached from the DOM, retrying\x1B[22m\n',
  brand: 'PPC FS'
}
[ppc-fs][MAC - Chrome] 📋 Trace report successfully saved: traces/ppc-fs_desktop.zip
✅ [15/5/2026, 11:06:16 am] COMPLETED: ppc-fs [MAC - Chrome][CHROMIUM]

================================================================
⚡ Processing Campaign Matrix: [PPC]
================================================================

================================================================
🚀 [15/5/2026, 11:06:16 am] RUNNING: PPC [ANDROID - CHROME]
🔗 Target URL: https://flmtra.com/?a=659&oc=782&c=2210&s1=
================================================================
[ppc][Android - Chrome] 🔌 [Browser Interceptor] Intercepting and optimizing engine: CHROMIUM
[ppc][Android - Chrome] ◇ injected env (0) from .env // tip: ⌘ enable debugging { debug: true }
[ppc][Android - Chrome] ◇ injected env (0) from .env // tip: ◈ secrets for agents [www.dotenvx.com]
[ppc][Android - Chrome] ◇ injected env (0) from .env // tip: ⌘ override existing { override: true }
[ppc][Android - Chrome] ◇ injected env (0) from .env // tip: ⌘ multiple files { path: ['.env.local', '.env'] }
[ppc][Android - Chrome] ◇ injected env (0) from .env // tip: ⌁ auth for agents [www.vestauth.com]
[ppc][Android - Chrome] 
🤖 ================================================================
[ppc][Android - Chrome] 🤖 MASTER RUNNER: LAUNCHING PPC
[ppc][Android - Chrome] 🤖 Mode:            MOBILE
[ppc][Android - Chrome] 🤖 Tracking URL:     https://flmtra.com/?a=659&oc=782&c=2210&s1=
[ppc][Android - Chrome] 🤖 Target Sheet:    PPC
[ppc][Android - Chrome] 🤖 ================================================================
[ppc][Android - Chrome] 🔌 [Browser Interceptor] Intercepting and optimizing engine: CHROMIUM
[ppc][Android - Chrome] 📋 Emulated Device Profile: MOBILE (Pixel 7) - [Android - Chrome]
[ppc][Android - Chrome] ⏳ Delaying 200ms to allow responsive layouts to mount...
[ppc][Android - Chrome] 🔄 Processing lead for brand: PPC Mobile
[ppc][Android - Chrome] 📊 Campaign execution run index: 24
[ppc][Android - Chrome] 🎯 Enforcing dynamic credentials & parameters:
[ppc][Android - Chrome]    - First Name:   ckmtestpixel
   - Last Name:    ckmtestpixel
   - Email:        ckmtestpixel@gmail.com
   - Phone Number: 401-247-1024
   - Slider Value: 19,817
   - State Value:  Missouri
[ppc][Android - Chrome] 🔗 [Mobile] Navigating to: https://flmtra.com/?a=659&oc=782&c=2210&s1=
[ppc][Android - Chrome] ✅ [Mobile] Page loaded successfully
[ppc][Android - Chrome] 📱 [Mobile] Injecting high-fidelity glossy Natural Titanium iPhone 17 Pro mockup frame...
[ppc][Android - Chrome] 📱 [Mobile] Injecting high-fidelity glossy Natural Titanium iPhone 17 Pro mockup frame...
[ppc][Android - Chrome] 📝 [Mobile] Starting mobile-specific form filling...
[ppc][Android - Chrome] 🔘 [Mobile] Step 1: Selecting Debt Amount (19,817)
[ppc][Android - Chrome] 🔘 [Mobile] Clicking active visible button: .next-btn1:visible, .btn-next:visible
[ppc][Android - Chrome] ✅ [Mobile] Clicked: .next-btn1:visible, .btn-next:visible
[ppc][Android - Chrome] 📱 [Mobile] Injecting high-fidelity glossy Natural Titanium iPhone 17 Pro mockup frame...
[ppc][Android - Chrome] ✅ [Mobile] Reached a recognized terminal step (State or Contact). Stopping dynamic traversal.
[ppc][Android - Chrome] 🔘 [Mobile] Step 2: Selecting State
[ppc][Android - Chrome] ✅ [Mobile] Selected state dynamically: "Mississippi"
[ppc][Android - Chrome] 📝 [Mobile] step3 column set to State: "Mississippi"
[ppc][Android - Chrome] 🔘 [Mobile] Clicking active visible button: .next-btn:visible, .next-btn2:visible, .btn-next:visible
[ppc][Android - Chrome] ✅ [Mobile] Clicked: .next-btn:visible, .next-btn2:visible, .btn-next:visible
[ppc][Android - Chrome] 📱 [Mobile] Injecting high-fidelity glossy Natural Titanium iPhone 17 Pro mockup frame...
[ppc][Android - Chrome] 🔘 [Mobile] Step 3: Filling Contact Info (Dynamic Loop)...
[ppc][Android - Chrome] 📱 [Mobile] Injecting high-fidelity glossy Natural Titanium iPhone 17 Pro mockup frame...
[ppc][Android - Chrome] ✅ [Mobile] Filled First Name: ckmtestpixel
[ppc][Android - Chrome] ✅ [Mobile] Filled Last Name: ckmtestpixel
[ppc][Android - Chrome] ✅ [Mobile] Filled Email: ckmtestpixel@gmail.com
[ppc][Android - Chrome] ✅ [Mobile] Filled Phone: 401-247-1024
[ppc][Android - Chrome] 🔘 [Mobile] Clicking active contact NEXT/SUBMIT button...
[ppc][Android - Chrome] 📱 [Mobile] Injecting high-fidelity glossy Natural Titanium iPhone 17 Pro mockup frame...
[ppc][Android - Chrome] ✅ [Mobile] Filled Phone: 401-247-1024
[ppc][Android - Chrome] 🔘 [Mobile] Clicking active contact NEXT/SUBMIT button...
[ppc][Android - Chrome] 📱 [Mobile] Injecting high-fidelity glossy Natural Titanium iPhone 17 Pro mockup frame...
[ppc][Android - Chrome] 🔘 [Mobile] No active contact NEXT/SUBMIT button visible. Exiting loop.
🔘 [Mobile] Scanning for additional dynamic steps...
[ppc][Android - Chrome] 🔘 [Mobile] Submitting form
[ppc][Android - Chrome] ⏳ [Mobile] Waiting for submission navigation to complete
[ppc][Android - Chrome] [STDERR] ⚠️ [Mobile] Standard submit buttons not found, consulting FLM Agent...
[ppc][Android - Chrome] 🤖 [FLM Agent] Analyzing Submit button for global...
[ppc][Android - Chrome] ⏳ [Mobile] Waiting for final Thank You page redirection...
[ppc][Android - Chrome] ✅ [Mobile] Targeted final redirect URL achieved!
[ppc][Android - Chrome] ✅ [Mobile] Final Thank You URL: https://tra.com/thank-you?debt=10000&leadid=E22B47F5&reqid=26782828&affid=659&oid=133
[ppc][Android - Chrome] ✅ [Mobile] Extracted Lead ID: E22B47F5
[ppc][Android - Chrome] 📱 Device Type detected: Android - Chrome
✅ Lead captured: E22B47F5
[ppc][Android - Chrome] 📡 Fetching First API data for Lead ID: E22B47F5...
[ppc][Android - Chrome] 📡 Raw XML Response: {
  "lead_info_response": {
    "$": {
      "xmlns:xsd": "http://www.w3.org/2001/XMLSchema",
      "xmlns:xsi": "http://www.w3.org/2001/XMLSchema-instance",
      "xmlns": "http://cakemarketing.com/api/1/"
    },
    "success": "true",
    "row_count": "1",
    "lead_id": "E22B47F5",
    "personal_info": {
      "first_name": "CKMTESTPIXEL",
      "last_name": "CKMTESTPIXEL",
      "email_address": "ckmtestpixel@gmail.com",
      "address": {
        "street": "",
        "city": "",
        "state": "MS",
        "zip_code": "38638",
        "country": ""
      },
      "ip_address": "27.54.170.27",
      "phone_work": "",
      "phone_home": "401-247-1024",
      "phone_cell": "",
      "best_call_time": "",
      "opt_in": "false"
    },
    "traffic_info": {
      "lead_date": "2026-05-14T22:36:40.807",
      "payout": {
        "currency_id": "1",
        "amount": "0.0000",
        "formatted_amount": "$0.00"
      },
      "affiliate": {
        "affiliate_id": {
          "_": "659",
          "$": {
            "xmlns": "API:id_name_store"
          }
        },
        "affiliate_name": {
          "_": "QA affiliate",
          "$": {
            "xmlns": "API:id_name_store"
          }
        }
      },
      "campaign": {
        "campaign_id": {
          "_": "4125",
          "$": {
            "xmlns": "API:id_name_store"
          }
        },
        "campaign_name": {
          "_": "TRA.com CPL - PPC - CPA - $1.00",
          "$": {
            "xmlns": "API:id_name_store"
          }
        }
      },
      "creative_id": "2210",
      "subid_1": "",
      "subid_2": "",
      "subid_3": "",
      "subid_4": "",
      "subid_5": "",
      "referrer": "",
      "pixel_fired": "true",
      "returned_to_affiliate": "false",
      "test": "true",
      "upsell": "false"
    },
    "all_vertical_data": {
      "data": {
        "$": {
          "xmlns": ""
        },
        "tax_debt": "10000",
        "universal_leadid": "5B864ACC-A6E3-8D5C-2B8E-93E9D7BE5A58",
        "affid": "659",
        "TCPA_checkbox": "1",
        "reqid": "26782828",
        "page": "https://tra.com/ppcv7",
        "neustar": "fail",
        "neustar_disposition": "N,U,I2,L,0",
        "first_name_lower": "ckmtestpixel",
        "last_name_lower": "ckmtestpixel",
        "opt_special_offers": "on",
        "ckm_campaign_id": "4468"
      }
    },
    "dispositions": {
      "disposition": [
        {
          "disposition_type": "Not Paid For",
          "reason": "Unmatched Filter",
          "filter": "Nuestar Fail"
        },
        {
          "disposition_type": "Sent to Review Queue",
          "reason": "neustar: This value is not valid",
          "filter": "Equals Value"
        }
      ]
    },
    "pings": "",
    "posts": "",
    "sales": ""
  }
}
[ppc][Android - Chrome] ✅ First API Data retrieved on attempt 1
[ppc][Android - Chrome] 📡 Fetching Second API data for Lead ID: E22B47F5...
[ppc][Android - Chrome] 📡 Standard Second API Payload: cake_id=E22B47F5, domain_name=https://www.taxreliefadvocates.com
[ppc][Android - Chrome] [STDERR] (node:4164) Warning: Setting the NODE_TLS_REJECT_UNAUTHORIZED environment variable to '0' makes TLS connections and HTTPS requests insecure by disabling certificate verification.
(Use `node --trace-warnings ...` to show where the warning was created)
[ppc][Android - Chrome] [STDERR] ❌ Second API Attempt 1 failed: Request failed with status code 404
[ppc][Android - Chrome] ⏳ Retrying in 1 second to allow database synchronization...
[ppc][Android - Chrome] 📡 Standard Second API Payload: cake_id=E22B47F5, domain_name=https://www.taxreliefadvocates.com
[ppc][Android - Chrome] [STDERR] ❌ Second API Attempt 2 failed: Request failed with status code 404
[ppc][Android - Chrome] ⏳ Retrying in 1 second to allow database synchronization...
[ppc][Android - Chrome] 📡 Standard Second API Payload: cake_id=E22B47F5, domain_name=https://www.taxreliefadvocates.com
[ppc][Android - Chrome] [STDERR] ❌ Second API Attempt 3 failed: Request failed with status code 404
[ppc][Android - Chrome] ⏳ Retrying in 1 second to allow database synchronization...
[ppc][Android - Chrome] 📡 Standard Second API Payload: cake_id=E22B47F5, domain_name=https://www.taxreliefadvocates.com
[ppc][Android - Chrome] [STDERR] ❌ Second API Attempt 4 failed: Request failed with status code 404
[ppc][Android - Chrome] ⏳ Retrying in 1 second to allow database synchronization...
[ppc][Android - Chrome] 📡 Standard Second API Payload: cake_id=E22B47F5, domain_name=https://www.taxreliefadvocates.com
[ppc][Android - Chrome] [STDERR] ❌ Second API Attempt 5 failed: Request failed with status code 404
[ppc][Android - Chrome] 📡 [Rest-Assurance] Verifying Lead ID: E22B47F5 via Backend...
[ppc][Android - Chrome] 🛡️  [Rest-Assurance] VERIFIED (Backend Debt: 10000)
[ppc][Android - Chrome] ✅ Row appended successfully to sheet: PPC
[ppc][Android - Chrome] ⚠️  Non-fatal formatting error for PPC (Banding might already exist): Invalid requests[2].addBanding: You cannot add alternating background colors to a range that already has alternating background colors.
[ppc][Android - Chrome] ✅ Lead processed successfully for PPC Mobile
[ppc][Android - Chrome] 🎥 Video saved successfully: traces/videos/PPC_PPC_Mobile.webm
[ppc][Android - Chrome] 
✅ Execution successfully processed! { success: true, leadId: 'E22B47F5', brand: 'PPC Mobile' }
[ppc][Android - Chrome] [STDERR] ❌ Automation Run encountered a fatal exception: tracing.stop: Target page, context or browser has been closed
✅ [15/5/2026, 11:07:19 am] COMPLETED: ppc [Android - Chrome][CHROMIUM]

================================================================
🚀 [15/5/2026, 11:07:19 am] RUNNING: PPC [ANDROID - FIREFOX]
🔗 Target URL: https://flmtra.com/?a=659&oc=782&c=2210&s1=
================================================================
[ppc][Android - Firefox] 🔌 [Browser Interceptor] Intercepting and optimizing engine: FIREFOX
[ppc][Android - Firefox] ◇ injected env (0) from .env // tip: ⌘ custom filepath { path: '/custom/path/.env' }
[ppc][Android - Firefox] ◇ injected env (0) from .env // tip: ⌘ override existing { override: true }
[ppc][Android - Firefox] ◇ injected env (0) from .env // tip: ⌘ custom filepath { path: '/custom/path/.env' }
[ppc][Android - Firefox] ◇ injected env (0) from .env // tip: ◈ encrypted .env [www.dotenvx.com]
[ppc][Android - Firefox] ◇ injected env (0) from .env // tip: ⌘ override existing { override: true }
[ppc][Android - Firefox] 
🤖 ================================================================
[ppc][Android - Firefox] 🤖 MASTER RUNNER: LAUNCHING PPC
🤖 Mode:            MOBILE
🤖 Tracking URL:     https://flmtra.com/?a=659&oc=782&c=2210&s1=
[ppc][Android - Firefox] 🤖 Target Sheet:    PPC
🤖 ================================================================
[ppc][Android - Firefox] 🔌 [Browser Interceptor] Intercepting and optimizing engine: FIREFOX
[ppc][Android - Firefox] 📋 Emulated Device Profile: MOBILE (Pixel 7) - [Android - Firefox]
[ppc][Android - Firefox] 🔌 [Browser Interceptor] Sanitizing mobile context options for Firefox emulation...
🔌 [Browser Interceptor] Sanitizing mobile context options for Firefox emulation...
[ppc][Android - Firefox] ⏳ Delaying 200ms to allow responsive layouts to mount...
[ppc][Android - Firefox] 🔄 Processing lead for brand: PPC Mobile
[ppc][Android - Firefox] 📊 Campaign execution run index: 27
[ppc][Android - Firefox] 🎯 Enforcing dynamic credentials & parameters:
   - First Name:   ckmtestpixel
   - Last Name:    ckmtestpixel
   - Email:        ckmtestpixel@gmail.com
   - Phone Number: 401-247-1027
   - Slider Value: 1,47,725
   - State Value:  Nevada
[ppc][Android - Firefox] 🔗 [Mobile] Navigating to: https://flmtra.com/?a=659&oc=782&c=2210&s1=
[ppc][Android - Firefox] [STDERR] ❌ Failed processing PPC Mobile: page.goto: Target page, context or browser has been closed
Call log:
[2m  - navigating to "https://flmtra.com/?a=659&oc=782&c=2210&s1=", waiting until "networkidle"[22m

[ppc][Android - Firefox] 
✅ Execution successfully processed! {
  success: false,
  error: 'page.goto: Target page, context or browser has been closed\n' +
    'Call log:\n' +
    '\x1B[2m  - navigating to "https://flmtra.com/?a=659&oc=782&c=2210&s1=", waiting until "networkidle"\x1B[22m\n',
  brand: 'PPC Mobile'
}
[ppc][Android - Firefox] [STDERR] ❌ Automation Run encountered a fatal exception: tracing.stop: ENOENT: no such file or directory, open 'C:\Users\DEEPAL~1\AppData\Local\Temp\playwright-artifacts-H8WgtW\resources\page@2a5db6c37874705d6743612b82e9912d-1778823450703.jpeg'
